0.000000	0.000000	0.000000	0.000000	0.000000	0.000000	0.000000	0.000000	0.000000	0.000000	0.000000	0.000000	0.000000	0.000000	0.000000	0.000000	0.000000	0.000000	0.000000	0.000000	0.000000	0.000000	0.000000	0.000000	0.000000	0.000000	0.000000	0.000000	0.000000	0.000000	0.000000	0.000000	0.000000	0.000000	0.000000	0.000000	0.000000	0.000000	0.000000	0.000000	0.000000	0.000000	0.000000	
90.000000	0.000000	0.000000	0.000000	0.000000	0.000000	0.000000	0.000000	0.000000	0.000000	0.000000	0.000000	0.000000	0.000000	0.000000	0.000000	0.000000	0.000000	0.000000	0.000000	0.000000	0.000000	0.000000	0.000000	0.000000	0.000000	0.000000	0.000000	0.000000	0.000000	0.000000	0.000000	0.000000	0.000000	0.000000	0.000000	0.000000	0.000000	0.000000	0.000000	0.000000	0.000000	0.000000	
68.888799	0.000000	0.000000	0.000000	0.000000	0.000000	0.000000	0.000000	0.000000	0.000000	0.000000	0.000000	0.000000	0.000000	0.000000	0.000000	0.000000	0.000000	0.000000	0.000000	0.000000	0.000000	0.000000	0.000000	0.000000	0.000000	0.000000	0.000000	0.000000	0.000000	0.000000	0.000000	0.000000	0.000000	0.000000	0.000000	0.000000	0.000000	0.000000	0.000000	0.000000	0.000000	0.000000	
60.639142	0.000000	0.000000	0.000000	0.000000	0.000000	0.000000	0.000000	0.000000	0.000000	0.000000	0.000000	0.000000	0.000000	0.000000	0.000000	0.000000	0.000000	0.000000	0.000000	0.000000	0.000000	0.000000	0.000000	0.000000	0.000000	0.000000	0.000000	0.000000	0.000000	0.000000	0.000000	0.000000	0.000000	0.000000	0.000000	0.000000	0.000000	0.000000	0.000000	0.000000	0.000000	0.000000	
56.253887	0.000000	0.000000	0.000000	0.000000	0.000000	0.000000	0.000000	0.000000	0.000000	0.000000	0.000000	0.000000	0.000000	0.000000	0.000000	0.000000	0.000000	0.000000	0.000000	0.000000	0.000000	0.000000	0.000000	0.000000	0.000000	0.000000	0.000000	0.000000	0.000000	0.000000	0.000000	0.000000	0.000000	0.000000	0.000000	0.000000	0.000000	0.000000	0.000000	0.000000	0.000000	0.000000	
48.922921	0.000000	0.000000	0.000000	0.000000	0.000000	0.000000	0.000000	0.000000	0.000000	0.000000	0.000000	0.000000	0.000000	0.000000	0.000000	0.000000	0.000000	0.000000	0.000000	0.000000	0.000000	0.000000	0.000000	0.000000	0.000000	0.000000	0.000000	0.000000	0.000000	0.000000	0.000000	0.000000	0.000000	0.000000	0.000000	0.000000	0.000000	0.000000	0.000000	0.000000	0.000000	0.000000	
49.246460	351.684874	0.000000	0.000000	0.000000	0.000000	0.000000	0.000000	0.000000	0.000000	0.000000	0.000000	0.000000	0.000000	0.000000	0.000000	0.000000	0.000000	0.000000	0.000000	0.000000	0.000000	0.000000	0.000000	0.000000	0.000000	0.000000	0.000000	0.000000	0.000000	0.000000	0.000000	0.000000	0.000000	0.000000	0.000000	0.000000	0.000000	0.000000	0.000000	0.000000	0.000000	0.000000	
49.597914	348.585123	0.000000	0.000000	0.000000	0.000000	0.000000	0.000000	0.000000	0.000000	0.000000	0.000000	0.000000	0.000000	0.000000	0.000000	0.000000	0.000000	0.000000	0.000000	0.000000	0.000000	0.000000	0.000000	0.000000	0.000000	0.000000	0.000000	0.000000	0.000000	0.000000	0.000000	0.000000	0.000000	0.000000	0.000000	0.000000	0.000000	0.000000	0.000000	0.000000	0.000000	0.000000	
49.981342	342.047829	0.000000	0.000000	0.000000	0.000000	0.000000	0.000000	0.000000	0.000000	0.000000	0.000000	0.000000	0.000000	0.000000	0.000000	0.000000	0.000000	0.000000	0.000000	0.000000	0.000000	0.000000	0.000000	0.000000	0.000000	0.000000	0.000000	0.000000	0.000000	0.000000	0.000000	0.000000	0.000000	0.000000	0.000000	0.000000	0.000000	0.000000	0.000000	0.000000	0.000000	0.000000	
50.398601	338.071485	180.000000	0.000000	0.000000	0.000000	0.000000	0.000000	0.000000	0.000000	0.000000	0.000000	0.000000	0.000000	0.000000	0.000000	0.000000	0.000000	0.000000	0.000000	0.000000	0.000000	0.000000	0.000000	0.000000	0.000000	0.000000	0.000000	0.000000	0.000000	0.000000	0.000000	0.000000	0.000000	0.000000	0.000000	0.000000	0.000000	0.000000	0.000000	0.000000	0.000000	0.000000	
50.850178	335.840502	180.000000	0.000000	0.000000	0.000000	0.000000	0.000000	0.000000	0.000000	0.000000	0.000000	0.000000	0.000000	0.000000	0.000000	0.000000	0.000000	0.000000	0.000000	0.000000	0.000000	0.000000	0.000000	0.000000	0.000000	0.000000	0.000000	0.000000	0.000000	0.000000	0.000000	0.000000	0.000000	0.000000	0.000000	0.000000	0.000000	0.000000	0.000000	0.000000	0.000000	0.000000	
51.335723	334.786204	180.000000	0.000000	0.000000	0.000000	0.000000	0.000000	0.000000	0.000000	0.000000	0.000000	0.000000	0.000000	0.000000	0.000000	0.000000	0.000000	0.000000	0.000000	0.000000	0.000000	0.000000	0.000000	0.000000	0.000000	0.000000	0.000000	0.000000	0.000000	0.000000	0.000000	0.000000	0.000000	0.000000	0.000000	0.000000	0.000000	0.000000	0.000000	0.000000	0.000000	0.000000	
51.854398	339.618787	180.000000	0.000000	0.000000	0.000000	0.000000	0.000000	0.000000	0.000000	0.000000	0.000000	0.000000	0.000000	0.000000	0.000000	0.000000	0.000000	0.000000	0.000000	0.000000	0.000000	0.000000	0.000000	0.000000	0.000000	0.000000	0.000000	0.000000	0.000000	0.000000	0.000000	0.000000	0.000000	0.000000	0.000000	0.000000	0.000000	0.000000	0.000000	0.000000	0.000000	0.000000	
52.405090	342.983962	180.000000	180.000000	0.000000	0.000000	0.000000	0.000000	0.000000	0.000000	0.000000	0.000000	0.000000	0.000000	0.000000	0.000000	0.000000	0.000000	0.000000	0.000000	0.000000	0.000000	0.000000	0.000000	0.000000	0.000000	0.000000	0.000000	0.000000	0.000000	0.000000	0.000000	0.000000	0.000000	0.000000	0.000000	0.000000	0.000000	0.000000	0.000000	0.000000	0.000000	0.000000	
52.986552	345.347325	180.000000	180.000000	0.000000	0.000000	0.000000	0.000000	0.000000	0.000000	0.000000	0.000000	0.000000	0.000000	0.000000	0.000000	0.000000	0.000000	0.000000	0.000000	0.000000	0.000000	0.000000	0.000000	0.000000	0.000000	0.000000	0.000000	0.000000	0.000000	0.000000	0.000000	0.000000	0.000000	0.000000	0.000000	0.000000	0.000000	0.000000	0.000000	0.000000	0.000000	0.000000	
58.525124	347.036725	180.000000	180.000000	0.000000	0.000000	0.000000	0.000000	0.000000	0.000000	0.000000	0.000000	0.000000	0.000000	0.000000	0.000000	0.000000	0.000000	0.000000	0.000000	0.000000	0.000000	0.000000	0.000000	0.000000	0.000000	0.000000	0.000000	0.000000	0.000000	0.000000	0.000000	0.000000	0.000000	0.000000	0.000000	0.000000	0.000000	0.000000	0.000000	0.000000	0.000000	0.000000	
57.069994	348.281996	180.000000	180.000000	0.000000	0.000000	0.000000	0.000000	0.000000	0.000000	0.000000	0.000000	0.000000	0.000000	0.000000	0.000000	0.000000	0.000000	0.000000	0.000000	0.000000	0.000000	0.000000	0.000000	0.000000	0.000000	0.000000	0.000000	0.000000	0.000000	0.000000	0.000000	0.000000	0.000000	0.000000	0.000000	0.000000	0.000000	0.000000	0.000000	0.000000	0.000000	0.000000	
61.169531	356.392169	180.000000	180.000000	180.000000	0.000000	0.000000	0.000000	0.000000	0.000000	0.000000	0.000000	0.000000	0.000000	0.000000	0.000000	0.000000	0.000000	0.000000	0.000000	0.000000	0.000000	0.000000	0.000000	0.000000	0.000000	0.000000	0.000000	0.000000	0.000000	0.000000	0.000000	0.000000	0.000000	0.000000	0.000000	0.000000	0.000000	0.000000	0.000000	0.000000	0.000000	0.000000	
59.050598	0.904028	180.000000	180.000000	180.000000	0.000000	0.000000	0.000000	0.000000	0.000000	0.000000	0.000000	0.000000	0.000000	0.000000	0.000000	0.000000	0.000000	0.000000	0.000000	0.000000	0.000000	0.000000	0.000000	0.000000	0.000000	0.000000	0.000000	0.000000	0.000000	0.000000	0.000000	0.000000	0.000000	0.000000	0.000000	0.000000	0.000000	0.000000	0.000000	0.000000	0.000000	0.000000	
57.964537	3.714012	180.000000	180.000000	180.000000	0.000000	0.000000	0.000000	0.000000	0.000000	0.000000	0.000000	0.000000	0.000000	0.000000	0.000000	0.000000	0.000000	0.000000	0.000000	0.000000	0.000000	0.000000	0.000000	0.000000	0.000000	0.000000	0.000000	0.000000	0.000000	0.000000	0.000000	0.000000	0.000000	0.000000	0.000000	0.000000	0.000000	0.000000	0.000000	0.000000	0.000000	0.000000	
57.312802	5.348688	180.000000	180.000000	180.000000	0.000000	0.000000	0.000000	0.000000	0.000000	0.000000	0.000000	0.000000	0.000000	0.000000	0.000000	0.000000	0.000000	0.000000	0.000000	0.000000	0.000000	0.000000	0.000000	0.000000	0.000000	0.000000	0.000000	0.000000	0.000000	0.000000	0.000000	0.000000	0.000000	0.000000	0.000000	0.000000	0.000000	0.000000	0.000000	0.000000	0.000000	0.000000	
56.921525	6.182105	180.000000	180.000000	180.000000	90.000000	0.000000	0.000000	0.000000	0.000000	0.000000	0.000000	0.000000	0.000000	0.000000	0.000000	0.000000	0.000000	0.000000	0.000000	0.000000	0.000000	0.000000	0.000000	0.000000	0.000000	0.000000	0.000000	0.000000	0.000000	0.000000	0.000000	0.000000	0.000000	0.000000	0.000000	0.000000	0.000000	0.000000	0.000000	0.000000	0.000000	0.000000	
56.686504	6.479731	180.000000	180.000000	180.000000	90.000000	0.000000	0.000000	0.000000	0.000000	0.000000	0.000000	0.000000	0.000000	0.000000	0.000000	0.000000	0.000000	0.000000	0.000000	0.000000	0.000000	0.000000	0.000000	0.000000	0.000000	0.000000	0.000000	0.000000	0.000000	0.000000	0.000000	0.000000	0.000000	0.000000	0.000000	0.000000	0.000000	0.000000	0.000000	0.000000	0.000000	0.000000	
56.545266	6.431378	180.000000	180.000000	180.000000	90.000000	0.000000	0.000000	0.000000	0.000000	0.000000	0.000000	0.000000	0.000000	0.000000	0.000000	0.000000	0.000000	0.000000	0.000000	0.000000	0.000000	0.000000	0.000000	0.000000	0.000000	0.000000	0.000000	0.000000	0.000000	0.000000	0.000000	0.000000	0.000000	0.000000	0.000000	0.000000	0.000000	0.000000	0.000000	0.000000	0.000000	0.000000	
56.460345	6.174189	180.000000	180.000000	180.000000	90.000000	0.000000	0.000000	0.000000	0.000000	0.000000	0.000000	0.000000	0.000000	0.000000	0.000000	0.000000	0.000000	0.000000	0.000000	0.000000	0.000000	0.000000	0.000000	0.000000	0.000000	0.000000	0.000000	0.000000	0.000000	0.000000	0.000000	0.000000	0.000000	0.000000	0.000000	0.000000	0.000000	0.000000	0.000000	0.000000	0.000000	0.000000	
56.409256	5.808188	180.000000	180.000000	180.000000	90.000000	90.000000	0.000000	0.000000	0.000000	0.000000	0.000000	0.000000	0.000000	0.000000	0.000000	0.000000	0.000000	0.000000	0.000000	0.000000	0.000000	0.000000	0.000000	0.000000	0.000000	0.000000	0.000000	0.000000	0.000000	0.000000	0.000000	0.000000	0.000000	0.000000	0.000000	0.000000	0.000000	0.000000	0.000000	0.000000	0.000000	0.000000	
56.378503	5.406674	180.000000	180.000000	180.000000	90.000000	90.000000	0.000000	0.000000	0.000000	0.000000	0.000000	0.000000	0.000000	0.000000	0.000000	0.000000	0.000000	0.000000	0.000000	0.000000	0.000000	0.000000	0.000000	0.000000	0.000000	0.000000	0.000000	0.000000	0.000000	0.000000	0.000000	0.000000	0.000000	0.000000	0.000000	0.000000	0.000000	0.000000	0.000000	0.000000	0.000000	0.000000	
56.359981	5.023213	180.000000	180.000000	180.000000	90.000000	90.000000	0.000000	0.000000	0.000000	0.000000	0.000000	0.000000	0.000000	0.000000	0.000000	0.000000	0.000000	0.000000	0.000000	0.000000	0.000000	0.000000	0.000000	0.000000	0.000000	0.000000	0.000000	0.000000	0.000000	0.000000	0.000000	0.000000	0.000000	0.000000	0.000000	0.000000	0.000000	0.000000	0.000000	0.000000	0.000000	0.000000	
56.348819	4.696437	180.000000	180.000000	180.000000	90.000000	90.000000	0.000000	0.000000	0.000000	0.000000	0.000000	0.000000	0.000000	0.000000	0.000000	0.000000	0.000000	0.000000	0.000000	0.000000	0.000000	0.000000	0.000000	0.000000	0.000000	0.000000	0.000000	0.000000	0.000000	0.000000	0.000000	0.000000	0.000000	0.000000	0.000000	0.000000	0.000000	0.000000	0.000000	0.000000	0.000000	0.000000	
56.342088	4.453466	180.000000	180.000000	180.000000	90.000000	90.000000	0.000000	0.000000	0.000000	0.000000	0.000000	0.000000	0.000000	0.000000	0.000000	0.000000	0.000000	0.000000	0.000000	0.000000	0.000000	0.000000	0.000000	0.000000	0.000000	0.000000	0.000000	0.000000	0.000000	0.000000	0.000000	0.000000	0.000000	0.000000	0.000000	0.000000	0.000000	0.000000	0.000000	0.000000	0.000000	0.000000	
56.338026	4.312463	180.000000	180.000000	180.000000	90.000000	90.000000	0.000000	0.000000	0.000000	0.000000	0.000000	0.000000	0.000000	0.000000	0.000000	0.000000	0.000000	0.000000	0.000000	0.000000	0.000000	0.000000	0.000000	0.000000	0.000000	0.000000	0.000000	0.000000	0.000000	0.000000	0.000000	0.000000	0.000000	0.000000	0.000000	0.000000	0.000000	0.000000	0.000000	0.000000	0.000000	0.000000	
56.335573	4.284635	180.000000	180.000000	180.000000	90.000000	90.000000	0.000000	0.000000	0.000000	0.000000	0.000000	0.000000	0.000000	0.000000	0.000000	0.000000	0.000000	0.000000	0.000000	0.000000	0.000000	0.000000	0.000000	0.000000	0.000000	0.000000	0.000000	0.000000	0.000000	0.000000	0.000000	0.000000	0.000000	0.000000	0.000000	0.000000	0.000000	0.000000	0.000000	0.000000	0.000000	0.000000	
56.334091	4.375855	180.000000	180.000000	180.000000	90.000000	90.000000	0.000000	0.000000	0.000000	0.000000	0.000000	0.000000	0.000000	0.000000	0.000000	0.000000	0.000000	0.000000	0.000000	0.000000	0.000000	0.000000	0.000000	0.000000	0.000000	0.000000	0.000000	0.000000	0.000000	0.000000	0.000000	0.000000	0.000000	0.000000	0.000000	0.000000	0.000000	0.000000	0.000000	0.000000	0.000000	0.000000	
56.333195	4.588007	180.000000	180.000000	180.000000	90.000000	90.000000	0.000000	270.000000	0.000000	0.000000	0.000000	0.000000	0.000000	0.000000	0.000000	0.000000	0.000000	0.000000	0.000000	0.000000	0.000000	0.000000	0.000000	0.000000	0.000000	0.000000	0.000000	0.000000	0.000000	0.000000	0.000000	0.000000	0.000000	0.000000	0.000000	0.000000	0.000000	0.000000	0.000000	0.000000	0.000000	0.000000	
56.332652	4.920103	180.000000	180.000000	180.000000	90.000000	90.000000	0.000000	270.000000	0.000000	0.000000	0.000000	0.000000	0.000000	0.000000	0.000000	0.000000	0.000000	0.000000	0.000000	0.000000	0.000000	0.000000	0.000000	0.000000	0.000000	0.000000	0.000000	0.000000	0.000000	0.000000	0.000000	0.000000	0.000000	0.000000	0.000000	0.000000	0.000000	0.000000	0.000000	0.000000	0.000000	0.000000	
56.332324	5.369191	180.000000	180.000000	180.000000	90.000000	90.000000	0.000000	270.000000	0.000000	0.000000	0.000000	0.000000	0.000000	0.000000	0.000000	0.000000	0.000000	0.000000	0.000000	0.000000	0.000000	0.000000	0.000000	0.000000	0.000000	0.000000	0.000000	0.000000	0.000000	0.000000	0.000000	0.000000	0.000000	0.000000	0.000000	0.000000	0.000000	0.000000	0.000000	0.000000	0.000000	0.000000	
56.332125	5.931095	180.000000	180.000000	180.000000	90.000000	90.000000	0.000000	270.000000	0.000000	0.000000	0.000000	0.000000	0.000000	0.000000	0.000000	0.000000	0.000000	0.000000	0.000000	0.000000	0.000000	0.000000	0.000000	0.000000	0.000000	0.000000	0.000000	0.000000	0.000000	0.000000	0.000000	0.000000	0.000000	0.000000	0.000000	0.000000	0.000000	0.000000	0.000000	0.000000	0.000000	0.000000	
56.332004	6.600978	180.000000	180.000000	180.000000	90.000000	90.000000	0.000000	270.000000	0.000000	0.000000	0.000000	0.000000	0.000000	0.000000	0.000000	0.000000	0.000000	0.000000	0.000000	0.000000	0.000000	0.000000	0.000000	0.000000	0.000000	0.000000	0.000000	0.000000	0.000000	0.000000	0.000000	0.000000	0.000000	0.000000	0.000000	0.000000	0.000000	0.000000	0.000000	0.000000	0.000000	0.000000	
56.331930	13.338658	180.000000	180.000000	180.000000	90.000000	90.000000	0.000000	270.000000	0.000000	0.000000	0.000000	0.000000	0.000000	0.000000	0.000000	0.000000	0.000000	0.000000	0.000000	0.000000	0.000000	0.000000	0.000000	0.000000	0.000000	0.000000	0.000000	0.000000	0.000000	0.000000	0.000000	0.000000	0.000000	0.000000	0.000000	0.000000	0.000000	0.000000	0.000000	0.000000	0.000000	0.000000	
56.331886	12.141781	180.000000	180.000000	180.000000	90.000000	90.000000	0.000000	270.000000	0.000000	0.000000	0.000000	0.000000	0.000000	0.000000	0.000000	0.000000	0.000000	0.000000	0.000000	0.000000	0.000000	0.000000	0.000000	0.000000	0.000000	0.000000	0.000000	0.000000	0.000000	0.000000	0.000000	0.000000	0.000000	0.000000	0.000000	0.000000	0.000000	0.000000	0.000000	0.000000	0.000000	0.000000	
56.331859	17.389727	180.000000	180.000000	180.000000	90.000000	90.000000	0.000000	270.000000	0.000000	0.000000	0.000000	0.000000	0.000000	0.000000	0.000000	0.000000	0.000000	0.000000	0.000000	0.000000	0.000000	0.000000	0.000000	0.000000	0.000000	0.000000	0.000000	0.000000	0.000000	0.000000	0.000000	0.000000	0.000000	0.000000	0.000000	0.000000	0.000000	0.000000	0.000000	0.000000	0.000000	0.000000	
56.331842	21.082852	180.000000	180.000000	180.000000	90.000000	90.000000	0.000000	270.000000	0.000000	0.000000	0.000000	0.000000	0.000000	0.000000	0.000000	0.000000	0.000000	0.000000	0.000000	0.000000	0.000000	0.000000	0.000000	0.000000	0.000000	0.000000	0.000000	0.000000	0.000000	0.000000	0.000000	0.000000	0.000000	0.000000	0.000000	0.000000	0.000000	0.000000	0.000000	0.000000	0.000000	0.000000	
56.331832	23.685218	180.000000	180.000000	180.000000	90.000000	90.000000	0.000000	270.000000	0.000000	0.000000	0.000000	0.000000	0.000000	0.000000	0.000000	0.000000	0.000000	0.000000	0.000000	0.000000	0.000000	0.000000	0.000000	0.000000	0.000000	0.000000	0.000000	0.000000	0.000000	0.000000	0.000000	0.000000	0.000000	0.000000	0.000000	0.000000	0.000000	0.000000	0.000000	0.000000	0.000000	0.000000	
56.331826	32.777795	180.000000	188.436973	180.000000	90.000000	90.000000	0.000000	270.000000	0.000000	0.000000	0.000000	0.000000	0.000000	0.000000	0.000000	0.000000	0.000000	0.000000	0.000000	0.000000	0.000000	0.000000	0.000000	0.000000	0.000000	0.000000	0.000000	0.000000	0.000000	0.000000	0.000000	0.000000	0.000000	0.000000	0.000000	0.000000	0.000000	0.000000	0.000000	0.000000	0.000000	0.000000	
56.331822	39.152496	180.000000	193.819518	180.000000	90.000000	90.000000	0.000000	270.000000	0.000000	0.000000	0.000000	0.000000	0.000000	0.000000	0.000000	0.000000	0.000000	0.000000	0.000000	0.000000	0.000000	0.000000	0.000000	0.000000	0.000000	0.000000	0.000000	0.000000	0.000000	0.000000	0.000000	0.000000	0.000000	0.000000	0.000000	0.000000	0.000000	0.000000	0.000000	0.000000	0.000000	0.000000	
56.331820	43.570802	180.000000	197.248444	180.000000	90.000000	90.000000	0.000000	270.000000	0.000000	0.000000	0.000000	0.000000	0.000000	0.000000	0.000000	0.000000	0.000000	0.000000	0.000000	0.000000	0.000000	0.000000	0.000000	0.000000	0.000000	0.000000	0.000000	0.000000	0.000000	0.000000	0.000000	0.000000	0.000000	0.000000	0.000000	0.000000	0.000000	0.000000	0.000000	0.000000	0.000000	0.000000	
56.331818	46.603400	180.000000	199.432505	180.000000	90.000000	90.000000	0.000000	270.000000	0.000000	0.000000	0.000000	0.000000	0.000000	0.000000	0.000000	0.000000	0.000000	0.000000	0.000000	0.000000	0.000000	0.000000	0.000000	0.000000	0.000000	0.000000	0.000000	0.000000	0.000000	0.000000	0.000000	0.000000	0.000000	0.000000	0.000000	0.000000	0.000000	0.000000	0.000000	0.000000	0.000000	0.000000	
56.331818	48.665687	180.000000	200.824185	180.000000	90.000000	90.000000	0.000000	270.000000	0.000000	0.000000	0.000000	0.000000	0.000000	0.000000	0.000000	0.000000	0.000000	0.000000	0.000000	0.000000	0.000000	0.000000	0.000000	0.000000	0.000000	0.000000	0.000000	0.000000	0.000000	0.000000	0.000000	0.000000	0.000000	0.000000	0.000000	0.000000	0.000000	0.000000	0.000000	0.000000	0.000000	0.000000	
54.026543	50.056214	180.000000	201.711509	180.000000	90.000000	90.000000	0.000000	270.000000	0.000000	0.000000	0.000000	0.000000	0.000000	0.000000	0.000000	0.000000	0.000000	0.000000	0.000000	0.000000	0.000000	0.000000	0.000000	0.000000	0.000000	0.000000	0.000000	0.000000	0.000000	0.000000	0.000000	0.000000	0.000000	0.000000	0.000000	0.000000	0.000000	0.000000	0.000000	0.000000	0.000000	0.000000	
52.643636	50.988483	180.000000	202.277674	180.000000	90.000000	90.000000	0.000000	270.000000	0.000000	0.000000	0.000000	0.000000	0.000000	0.000000	0.000000	0.000000	0.000000	0.000000	0.000000	0.000000	0.000000	0.000000	0.000000	0.000000	0.000000	0.000000	0.000000	0.000000	0.000000	0.000000	0.000000	0.000000	0.000000	0.000000	0.000000	0.000000	0.000000	0.000000	0.000000	0.000000	0.000000	0.000000	
51.813751	51.614974	180.000000	202.639211	180.000000	90.000000	90.000000	0.000000	270.000000	0.000000	0.000000	0.000000	352.673593	0.000000	0.000000	0.000000	0.000000	0.000000	0.000000	0.000000	0.000000	0.000000	0.000000	0.000000	0.000000	0.000000	0.000000	0.000000	0.000000	0.000000	0.000000	0.000000	0.000000	0.000000	0.000000	0.000000	0.000000	0.000000	0.000000	0.000000	0.000000	0.000000	0.000000	
51.315518	52.044628	180.000000	202.870274	180.000000	90.000000	90.000000	0.000000	270.000000	0.000000	0.000000	0.000000	350.029005	0.000000	0.000000	0.000000	0.000000	0.000000	0.000000	0.000000	0.000000	0.000000	0.000000	0.000000	0.000000	0.000000	0.000000	0.000000	0.000000	0.000000	0.000000	0.000000	0.000000	0.000000	0.000000	0.000000	0.000000	0.000000	0.000000	0.000000	0.000000	0.000000	0.000000	
51.016254	52.355353	180.000000	203.018083	180.000000	90.000000	90.000000	0.000000	270.000000	0.000000	0.000000	0.000000	345.180372	0.000000	0.000000	0.000000	0.000000	0.000000	0.000000	0.000000	0.000000	0.000000	0.000000	0.000000	0.000000	0.000000	0.000000	0.000000	0.000000	0.000000	0.000000	0.000000	0.000000	0.000000	0.000000	0.000000	0.000000	0.000000	0.000000	0.000000	0.000000	0.000000	0.000000	
50.836410	52.602912	180.000000	203.112724	180.000000	90.000000	90.000000	0.000000	270.000000	0.000000	0.000000	0.000000	342.118810	0.000000	0.000000	0.000000	0.000000	0.000000	0.000000	0.000000	0.000000	0.000000	0.000000	0.000000	0.000000	0.000000	0.000000	0.000000	0.000000	0.000000	0.000000	0.000000	0.000000	0.000000	0.000000	0.000000	0.000000	0.000000	0.000000	0.000000	0.000000	0.000000	0.000000	
50.728275	52.827217	180.000000	203.173382	180.000000	90.000000	90.000000	0.000000	270.000000	0.000000	0.000000	0.000000	340.335363	0.000000	0.000000	0.000000	0.000000	0.000000	0.000000	0.000000	0.000000	0.000000	0.000000	0.000000	0.000000	0.000000	0.000000	0.000000	0.000000	0.000000	0.000000	0.000000	0.000000	0.000000	0.000000	0.000000	0.000000	0.000000	0.000000	0.000000	0.000000	0.000000	0.000000	
50.663222	53.056780	180.000000	203.212300	180.000000	90.000000	90.000000	0.000000	270.000000	0.000000	0.000000	0.000000	339.462608	0.000000	0.000000	0.000000	0.000000	0.000000	0.000000	0.000000	0.000000	0.000000	0.000000	0.000000	0.000000	0.000000	0.000000	0.000000	0.000000	0.000000	0.000000	0.000000	0.000000	0.000000	0.000000	0.000000	0.000000	0.000000	0.000000	0.000000	0.000000	0.000000	0.000000	
50.624064	53.311847	180.000000	203.237297	180.000000	90.000000	90.000000	0.000000	270.000000	0.000000	0.000000	0.000000	343.564407	0.000000	0.000000	0.000000	0.000000	0.000000	0.000000	0.000000	0.000000	0.000000	0.000000	0.000000	0.000000	0.000000	0.000000	0.000000	0.000000	0.000000	0.000000	0.000000	0.000000	0.000000	0.000000	0.000000	0.000000	0.000000	0.000000	0.000000	0.000000	0.000000	0.000000	
50.600480	53.606599	180.000000	203.253372	180.000000	90.000000	90.000000	0.000000	270.000000	0.000000	0.000000	0.000000	346.413799	0.000000	270.000000	0.000000	0.000000	0.000000	0.000000	0.000000	0.000000	0.000000	0.000000	0.000000	0.000000	0.000000	0.000000	0.000000	0.000000	0.000000	0.000000	0.000000	0.000000	0.000000	0.000000	0.000000	0.000000	0.000000	0.000000	0.000000	0.000000	0.000000	0.000000	
50.586267	53.950706	180.000000	203.263721	180.000000	90.000000	90.000000	0.000000	270.000000	0.000000	0.000000	0.000000	348.400362	0.000000	270.000000	0.000000	0.000000	0.000000	0.000000	0.000000	0.000000	0.000000	0.000000	0.000000	0.000000	0.000000	0.000000	0.000000	0.000000	0.000000	0.000000	0.000000	0.000000	0.000000	0.000000	0.000000	0.000000	0.000000	0.000000	0.000000	0.000000	0.000000	0.000000	
50.511425	57.398923	180.000000	203.270393	180.000000	90.000000	90.000000	0.000000	270.000000	0.000000	0.000000	0.000000	349.803359	0.000000	270.000000	0.000000	0.000000	0.000000	0.000000	0.000000	0.000000	0.000000	0.000000	0.000000	0.000000	0.000000	0.000000	0.000000	0.000000	0.000000	0.000000	0.000000	0.000000	0.000000	0.000000	0.000000	0.000000	0.000000	0.000000	0.000000	0.000000	0.000000	0.000000	
49.899947	59.738744	180.000000	203.274700	180.000000	90.000000	90.000000	0.000000	270.000000	0.000000	0.000000	0.000000	357.950128	0.000000	270.000000	0.000000	0.000000	0.000000	0.000000	0.000000	0.000000	0.000000	0.000000	0.000000	0.000000	0.000000	0.000000	0.000000	0.000000	0.000000	0.000000	0.000000	0.000000	0.000000	0.000000	0.000000	0.000000	0.000000	0.000000	0.000000	0.000000	0.000000	0.000000	
48.964254	61.362024	180.000000	203.277485	180.000000	90.000000	90.000000	0.000000	270.000000	0.000000	0.000000	0.000000	3.523090	0.000000	270.000000	180.000000	0.000000	0.000000	0.000000	0.000000	0.000000	0.000000	0.000000	0.000000	0.000000	0.000000	0.000000	0.000000	0.000000	0.000000	0.000000	0.000000	0.000000	0.000000	0.000000	0.000000	0.000000	0.000000	0.000000	0.000000	0.000000	0.000000	0.000000	
47.834882	62.532162	180.000000	203.279287	180.000000	90.000000	90.000000	0.000000	270.000000	0.000000	0.000000	0.000000	7.278587	0.000000	270.000000	180.000000	0.000000	0.000000	0.000000	0.000000	0.000000	0.000000	0.000000	0.000000	0.000000	0.000000	0.000000	0.000000	0.000000	0.000000	0.000000	0.000000	0.000000	0.000000	0.000000	0.000000	0.000000	0.000000	0.000000	0.000000	0.000000	0.000000	0.000000	
46.596201	63.424246	180.000000	203.280457	180.000000	90.000000	90.000000	0.000000	278.436973	0.000000	0.000000	0.000000	9.642835	0.000000	270.000000	180.000000	0.000000	0.000000	0.000000	0.000000	0.000000	0.000000	0.000000	0.000000	0.000000	0.000000	0.000000	0.000000	0.000000	0.000000	0.000000	0.000000	0.000000	0.000000	0.000000	0.000000	0.000000	0.000000	0.000000	0.000000	0.000000	0.000000	0.000000	
46.912231	64.153165	180.000000	203.281216	180.000000	90.000000	90.000000	0.000000	283.819518	0.000000	0.000000	0.000000	10.877792	0.000000	270.000000	180.000000	0.000000	0.000000	0.000000	0.000000	0.000000	0.000000	0.000000	0.000000	0.000000	0.000000	0.000000	0.000000	0.000000	0.000000	0.000000	0.000000	0.000000	0.000000	0.000000	0.000000	0.000000	0.000000	0.000000	0.000000	0.000000	0.000000	0.000000	
46.871624	59.859302	180.000000	203.281711	180.000000	90.000000	90.000000	0.000000	287.248444	0.000000	0.000000	0.000000	11.360525	0.000000	270.000000	180.000000	90.000000	0.000000	0.000000	0.000000	0.000000	0.000000	0.000000	0.000000	0.000000	0.000000	0.000000	0.000000	0.000000	0.000000	0.000000	0.000000	0.000000	0.000000	0.000000	0.000000	0.000000	0.000000	0.000000	0.000000	0.000000	0.000000	0.000000	
46.611664	57.177168	180.000000	207.405322	180.000000	90.000000	90.000000	0.000000	289.432505	0.000000	0.000000	0.000000	11.351141	0.000000	270.000000	180.000000	90.000000	0.000000	0.000000	0.000000	0.000000	0.000000	0.000000	0.000000	0.000000	0.000000	0.000000	0.000000	0.000000	0.000000	0.000000	0.000000	0.000000	0.000000	0.000000	0.000000	0.000000	0.000000	0.000000	0.000000	0.000000	0.000000	0.000000	
46.218244	55.621049	180.000000	210.024816	180.000000	90.000000	90.000000	0.000000	290.824185	0.000000	0.000000	0.000000	11.032283	0.000000	270.000000	180.000000	90.000000	0.000000	0.000000	0.000000	0.000000	0.000000	0.000000	0.000000	0.000000	0.000000	0.000000	0.000000	0.000000	0.000000	0.000000	0.000000	0.000000	0.000000	0.000000	0.000000	0.000000	0.000000	0.000000	0.000000	0.000000	0.000000	0.000000	
45.746259	54.846222	180.000000	211.688999	180.000000	90.000000	90.000000	0.000000	291.711509	0.000000	0.000000	0.000000	10.534921	0.000000	270.000000	180.000000	90.000000	0.000000	0.000000	0.000000	0.000000	0.000000	0.000000	0.000000	0.000000	0.000000	0.000000	0.000000	0.000000	0.000000	0.000000	0.000000	0.000000	0.000000	0.000000	0.000000	0.000000	0.000000	0.000000	0.000000	0.000000	0.000000	0.000000	
45.231782	54.612556	180.000000	212.746715	180.000000	90.000000	90.000000	0.000000	292.277674	0.000000	0.000000	0.000000	9.954790	0.000000	270.000000	180.000000	90.000000	180.000000	0.000000	0.000000	0.000000	0.000000	0.000000	0.000000	0.000000	0.000000	0.000000	0.000000	0.000000	0.000000	0.000000	0.000000	0.000000	0.000000	0.000000	0.000000	0.000000	0.000000	0.000000	0.000000	0.000000	0.000000	0.000000	
44.699364	54.755450	180.000000	213.419358	180.000000	90.000000	90.000000	0.000000	292.639211	0.000000	0.000000	0.000000	9.362770	0.000000	270.000000	180.000000	90.000000	180.000000	0.000000	0.000000	0.000000	0.000000	0.000000	0.000000	0.000000	0.000000	0.000000	0.000000	0.000000	0.000000	0.000000	0.000000	0.000000	0.000000	0.000000	0.000000	0.000000	0.000000	0.000000	0.000000	0.000000	0.000000	0.000000	
41.007350	55.163653	180.000000	213.847393	180.000000	90.000000	90.000000	0.000000	292.870274	0.000000	0.000000	0.000000	8.811466	0.000000	270.000000	180.000000	90.000000	180.000000	0.000000	0.000000	0.000000	0.000000	0.000000	0.000000	0.000000	0.000000	0.000000	0.000000	0.000000	0.000000	0.000000	0.000000	0.000000	0.000000	0.000000	0.000000	0.000000	0.000000	0.000000	0.000000	0.000000	0.000000	0.000000	
38.347851	55.762913	180.000000	214.119960	180.000000	90.000000	90.000000	0.000000	293.018083	0.000000	0.000000	0.000000	8.339484	0.000000	270.000000	180.000000	90.000000	180.000000	0.000000	0.000000	0.000000	0.000000	0.000000	0.000000	0.000000	0.000000	0.000000	0.000000	0.000000	0.000000	0.000000	0.000000	0.000000	0.000000	0.000000	0.000000	0.000000	0.000000	0.000000	0.000000	0.000000	0.000000	0.000000	
39.849000	56.504257	180.000000	214.293655	180.000000	90.000000	90.000000	0.000000	293.112724	0.000000	0.000000	0.000000	7.974367	0.000000	270.000000	180.000000	90.000000	180.000000	270.000000	0.000000	0.000000	0.000000	0.000000	0.000000	0.000000	0.000000	0.000000	0.000000	0.000000	0.000000	0.000000	0.000000	0.000000	0.000000	0.000000	0.000000	0.000000	0.000000	0.000000	0.000000	0.000000	0.000000	0.000000	
40.710366	57.355779	180.000000	214.404426	180.000000	90.000000	90.000000	0.000000	293.173382	0.000000	0.000000	0.000000	7.734780	0.000000	270.000000	180.000000	90.000000	180.000000	270.000000	0.000000	0.000000	0.000000	0.000000	0.000000	0.000000	0.000000	0.000000	0.000000	0.000000	0.000000	0.000000	0.000000	0.000000	0.000000	0.000000	0.000000	0.000000	0.000000	0.000000	0.000000	0.000000	0.000000	0.000000	
41.164750	58.296984	180.000000	214.475127	180.000000	90.000000	90.000000	0.000000	293.212300	0.000000	0.000000	0.000000	7.632269	0.000000	270.000000	180.000000	90.000000	180.000000	270.000000	0.000000	0.000000	0.000000	0.000000	0.000000	0.000000	0.000000	0.000000	0.000000	0.000000	0.000000	0.000000	0.000000	0.000000	0.000000	0.000000	0.000000	0.000000	0.000000	0.000000	0.000000	0.000000	0.000000	0.000000	
41.367100	63.535273	180.000000	214.520289	180.000000	90.000000	90.000000	0.000000	293.237297	0.000000	0.000000	0.000000	7.672775	0.000000	270.000000	180.000000	90.000000	180.000000	270.000000	0.000000	0.000000	0.000000	0.000000	0.000000	0.000000	0.000000	0.000000	0.000000	0.000000	0.000000	0.000000	0.000000	0.000000	0.000000	0.000000	0.000000	0.000000	0.000000	0.000000	0.000000	0.000000	0.000000	0.000000	
41.421238	67.235704	180.000000	214.549163	180.000000	90.000000	90.000000	0.000000	293.253372	0.000000	0.000000	0.000000	7.857962	0.000000	270.000000	180.000000	90.000000	180.000000	270.000000	180.000000	0.000000	0.000000	0.000000	0.000000	0.000000	0.000000	0.000000	0.000000	0.000000	0.000000	0.000000	0.000000	0.000000	0.000000	0.000000	0.000000	0.000000	0.000000	0.000000	0.000000	0.000000	0.000000	0.000000	
47.719250	69.891573	180.000000	214.567641	180.000000	90.000000	90.000000	0.000000	293.263721	0.000000	0.000000	0.000000	8.186380	0.000000	270.000000	180.000000	90.000000	180.000000	270.000000	180.000000	0.000000	0.000000	0.000000	0.000000	0.000000	0.000000	0.000000	0.000000	0.000000	0.000000	0.000000	0.000000	0.000000	0.000000	0.000000	0.000000	0.000000	0.000000	0.000000	0.000000	0.000000	0.000000	0.000000	
51.778100	71.626639	180.000000	214.579477	180.000000	90.000000	90.000000	0.000000	293.270393	0.000000	0.000000	0.000000	8.654463	0.000000	270.000000	180.000000	90.000000	180.000000	270.000000	180.000000	0.000000	0.000000	0.000000	0.000000	0.000000	0.000000	0.000000	0.000000	0.000000	0.000000	0.000000	0.000000	0.000000	0.000000	0.000000	0.000000	0.000000	0.000000	0.000000	0.000000	0.000000	0.000000	0.000000	
54.347422	72.857820	180.000000	214.587066	180.000000	90.000000	90.000000	0.000000	293.274700	0.000000	0.000000	0.000000	9.257355	0.000000	270.000000	180.000000	90.000000	180.000000	270.000000	180.000000	0.000000	0.000000	0.000000	0.000000	0.000000	0.000000	0.000000	0.000000	0.000000	0.000000	0.000000	0.000000	0.000000	0.000000	0.000000	0.000000	0.000000	0.000000	0.000000	0.000000	0.000000	0.000000	0.000000	
55.934214	73.768865	180.000000	214.591938	180.000000	90.000000	90.000000	0.000000	293.277485	0.000000	0.000000	0.000000	14.691206	0.000000	270.000000	180.000000	90.000000	180.000000	270.000000	180.000000	90.000000	0.000000	0.000000	0.000000	0.000000	0.000000	0.000000	0.000000	0.000000	0.000000	0.000000	0.000000	0.000000	0.000000	0.000000	0.000000	0.000000	0.000000	0.000000	0.000000	0.000000	0.000000	0.000000	
56.878493	74.484251	180.000000	214.595068	180.000000	90.000000	90.000000	0.000000	293.279287	0.000000	0.000000	0.000000	13.939668	0.000000	270.000000	180.000000	90.000000	180.000000	270.000000	180.000000	95.133304	0.000000	0.000000	0.000000	0.000000	0.000000	0.000000	0.000000	0.000000	0.000000	0.000000	0.000000	0.000000	0.000000	0.000000	0.000000	0.000000	0.000000	0.000000	0.000000	0.000000	0.000000	0.000000	
57.407896	75.087644	180.000000	214.597082	180.000000	90.000000	90.000000	0.000000	293.280457	0.000000	0.000000	0.000000	18.153433	0.000000	270.000000	180.000000	90.000000	180.000000	270.000000	180.000000	97.600571	0.000000	0.000000	0.000000	0.000000	0.000000	0.000000	0.000000	0.000000	0.000000	0.000000	0.000000	0.000000	0.000000	0.000000	0.000000	0.000000	0.000000	0.000000	0.000000	0.000000	0.000000	0.000000	
57.675056	72.844738	180.000000	214.598380	180.000000	90.000000	90.000000	0.000000	293.281216	0.000000	0.000000	0.000000	28.577564	0.000000	270.000000	180.000000	90.000000	180.000000	270.000000	180.000000	99.323362	0.000000	0.000000	0.000000	0.000000	0.000000	0.000000	0.000000	0.000000	0.000000	0.000000	0.000000	0.000000	0.000000	0.000000	0.000000	0.000000	0.000000	0.000000	0.000000	0.000000	0.000000	0.000000	
57.782640	71.331998	179.833507	214.599216	180.000000	90.000000	90.000000	0.000000	293.281711	0.000000	0.000000	0.000000	31.400105	0.000000	270.000000	180.000000	90.000000	180.000000	270.000000	180.000000	100.535682	270.000000	0.000000	0.000000	0.000000	0.000000	0.000000	0.000000	0.000000	0.000000	0.000000	0.000000	0.000000	0.000000	0.000000	0.000000	0.000000	0.000000	0.000000	0.000000	0.000000	0.000000	0.000000	
57.799987	70.373798	179.388377	214.599757	180.000000	90.000000	90.000000	0.000000	297.405322	0.000000	0.000000	0.000000	38.036200	0.000000	270.000000	180.000000	90.000000	180.000000	270.000000	180.000000	101.390103	270.000000	0.000000	0.000000	0.000000	0.000000	0.000000	0.000000	0.000000	0.000000	0.000000	0.000000	0.000000	0.000000	0.000000	0.000000	0.000000	0.000000	0.000000	0.000000	0.000000	0.000000	0.000000	
57.774143	69.841659	178.760291	214.600107	180.000000	90.000000	90.000000	0.000000	300.024816	0.000000	0.000000	0.000000	42.688935	0.000000	270.000000	180.000000	90.000000	180.000000	270.000000	180.000000	101.986481	270.000000	0.000000	0.000000	0.000000	0.000000	0.000000	0.000000	0.000000	0.000000	0.000000	0.000000	0.000000	0.000000	0.000000	0.000000	0.000000	0.000000	0.000000	0.000000	0.000000	0.000000	0.000000	
57.737168	69.641138	178.013876	214.600333	180.000000	90.000000	90.000000	0.000000	301.688999	0.000000	0.000000	0.000000	45.920788	0.000000	270.000000	180.000000	90.000000	180.000000	270.000000	180.000000	102.390391	270.000000	0.000000	0.000000	0.000000	0.000000	0.000000	0.000000	0.000000	0.000000	0.000000	0.000000	0.000000	0.000000	0.000000	0.000000	0.000000	0.000000	0.000000	0.000000	0.000000	0.000000	0.000000	
57.711003	69.702565	177.194599	214.600480	180.000000	90.000000	90.000000	0.000000	302.746715	0.000000	0.000000	0.000000	48.147602	0.000000	270.000000	180.000000	90.000000	180.000000	270.000000	180.000000	102.645043	270.000000	0.000000	0.000000	0.000000	0.000000	0.000000	0.000000	0.000000	0.000000	0.000000	0.000000	0.000000	0.000000	0.000000	0.000000	0.000000	0.000000	0.000000	0.000000	0.000000	0.000000	0.000000	
57.710697	69.974412	176.336043	214.600576	180.000000	90.000000	90.000000	0.000000	303.419358	0.000000	0.000000	0.000000	49.672648	0.000000	270.000000	180.000000	90.000000	180.000000	270.000000	180.000000	102.779040	270.000000	0.000000	0.000000	0.000000	0.000000	0.000000	0.000000	0.000000	0.000000	0.000000	0.000000	0.000000	0.000000	0.000000	0.000000	0.000000	0.000000	0.000000	0.000000	0.000000	0.000000	0.000000	
57.746577	76.157738	175.464358	216.555156	180.000000	90.000000	90.000000	0.000000	303.847393	0.000000	0.000000	0.000000	50.716000	0.000000	270.000000	180.000000	90.000000	180.000000	270.000000	180.000000	102.811447	270.000000	0.000000	0.000000	0.000000	0.000000	0.000000	0.000000	0.000000	0.000000	0.000000	0.000000	0.000000	0.000000	0.000000	0.000000	0.000000	0.000000	0.000000	0.000000	0.000000	0.000000	0.000000	
57.825684	74.594824	174.600944	217.795062	180.000000	90.000000	90.000000	0.000000	304.119960	0.000000	0.000000	0.000000	51.437220	0.000000	270.000000	180.000000	90.000000	180.000000	270.000000	180.000000	102.755102	270.000000	0.000000	0.000000	0.000000	0.000000	0.000000	0.000000	0.000000	0.000000	0.000000	0.000000	0.000000	0.000000	0.000000	0.000000	0.000000	0.000000	0.000000	0.000000	0.000000	0.000000	0.000000	
57.952745	79.348495	173.764056	218.581969	180.000000	90.000000	90.000000	0.000000	304.293655	0.000000	0.000000	0.000000	51.952094	0.000000	270.000000	180.000000	90.000000	180.000000	270.000000	180.000000	102.618794	270.000000	0.000000	0.000000	0.000000	0.000000	0.000000	0.000000	0.000000	0.000000	0.000000	0.000000	0.000000	0.000000	0.000000	0.000000	0.000000	0.000000	0.000000	0.000000	0.000000	0.000000	0.000000	
58.130826	82.537544	172.969705	219.081654	180.000000	90.000000	90.265811	0.000000	304.404426	0.000000	0.000000	0.000000	52.344738	0.000000	270.000000	180.000000	90.000000	180.000000	270.000000	180.000000	112.424613	270.000000	0.000000	0.000000	0.000000	0.000000	0.000000	0.000000	0.000000	0.000000	0.000000	0.000000	0.000000	0.000000	0.000000	0.000000	0.000000	0.000000	0.000000	0.000000	0.000000	0.000000	0.000000	
58.361770	84.660146	172.232132	219.399143	180.000000	90.000000	90.763348	0.000000	304.475127	0.000000	0.000000	0.000000	52.676251	0.000000	270.000000	180.000000	90.000000	180.000000	270.000000	180.000000	119.997937	270.000000	0.000000	0.000000	0.000000	0.000000	0.000000	0.000000	0.000000	0.000000	0.000000	0.000000	0.000000	0.000000	0.000000	0.000000	0.000000	0.000000	0.000000	0.000000	0.000000	0.000000	0.000000	
58.646505	86.066060	171.564020	219.600997	180.000000	90.000000	91.404774	0.000000	304.520289	0.000000	0.000000	0.000000	52.990875	0.000000	270.000000	180.000000	90.000000	180.000000	270.000000	180.000000	122.430798	270.000000	0.000000	0.000000	0.000000	0.000000	0.000000	0.000000	0.000000	0.000000	0.000000	0.000000	0.000000	0.000000	0.000000	0.000000	0.000000	0.000000	0.000000	0.000000	0.000000	0.000000	0.000000	
58.985256	86.999802	170.976548	219.729417	180.000000	90.000000	92.132490	0.000000	304.549163	0.000000	0.000000	0.000000	53.320346	0.000000	270.000000	180.000000	90.000000	180.000000	270.000000	180.000000	125.990179	270.000000	0.000000	0.000000	0.000000	0.000000	0.000000	0.000000	0.000000	0.000000	0.000000	0.000000	0.000000	0.000000	0.000000	0.000000	0.000000	0.000000	0.000000	0.000000	0.000000	0.000000	0.000000	
61.702778	87.632120	170.479379	219.811176	180.000000	90.000000	92.907198	0.000000	304.567641	0.000000	0.000000	0.000000	53.686981	0.000000	270.000000	180.000000	90.000000	180.000000	270.000000	180.000000	127.965094	270.000000	0.000000	0.000000	0.000000	0.000000	0.000000	0.000000	0.000000	0.000000	0.000000	0.000000	0.000000	0.000000	0.000000	0.000000	0.000000	0.000000	0.000000	0.000000	0.000000	0.000000	0.000000	
63.482756	86.212347	170.080619	219.863265	180.000000	90.000000	93.700783	0.000000	304.579477	0.000000	0.000000	0.000000	57.296270	0.000000	270.000000	180.000000	90.000000	180.000000	270.000000	180.000000	122.958742	270.000000	0.000000	0.000000	0.000000	0.000000	0.000000	0.000000	0.000000	0.000000	0.000000	0.000000	0.000000	0.000000	0.000000	0.000000	0.000000	0.000000	0.000000	0.000000	0.000000	0.000000	0.000000	
64.689138	85.260834	169.786804	219.896476	180.000000	90.000000	94.492059	0.000000	304.587066	0.000000	0.000000	0.000000	59.787214	0.000000	270.000000	180.000000	90.000000	180.000000	270.000000	180.000000	125.844536	270.000000	0.000000	0.000000	0.000000	0.000000	0.000000	0.000000	0.000000	0.000000	0.000000	0.000000	0.000000	0.000000	0.000000	0.000000	0.000000	0.000000	0.000000	0.000000	0.000000	0.000000	0.000000	
65.552807	84.063430	169.602910	219.917668	180.000000	90.000000	95.264238	0.000000	304.591938	0.000000	0.000000	0.000000	61.544378	0.000000	270.000000	180.000000	90.000000	180.000000	270.000000	180.000000	121.632277	270.000000	0.000000	0.000000	0.000000	0.000000	0.000000	0.000000	0.000000	0.000000	0.000000	0.000000	0.000000	0.000000	0.000000	0.000000	0.000000	0.000000	0.000000	0.000000	0.000000	0.000000	0.000000	
66.219012	82.978547	169.532421	219.931202	180.000000	90.000000	96.003445	0.000000	304.595068	0.000000	0.000000	0.000000	62.831191	0.000000	270.000000	180.000000	90.000000	180.000000	270.000000	180.000000	119.060686	270.000000	0.000000	0.000000	0.000000	0.000000	0.000000	0.000000	0.000000	0.000000	0.000000	0.000000	0.000000	0.000000	0.000000	0.000000	0.000000	0.000000	0.000000	0.000000	0.000000	0.000000	0.000000	
66.778204	82.023051	168.754489	219.939852	180.000000	90.000000	96.697867	0.000000	304.597082	0.000000	0.000000	0.000000	63.825788	0.000000	270.000000	180.000000	90.000000	180.000000	270.000000	180.000000	117.519078	270.000000	0.000000	0.000000	0.000000	0.000000	0.000000	0.000000	0.000000	0.000000	0.000000	0.000000	0.000000	0.000000	0.000000	0.000000	0.000000	0.000000	0.000000	0.000000	0.000000	0.000000	0.000000	
67.285974	81.209022	168.504713	219.945386	180.000000	90.000000	97.337278	0.000000	304.598380	0.000000	0.000000	0.000000	60.903192	0.000000	270.000000	180.000000	90.000000	180.000000	270.000000	180.000000	116.615426	270.000000	0.000000	0.000000	0.000000	0.000000	0.000000	0.000000	0.000000	0.000000	0.000000	0.000000	0.000000	0.000000	0.000000	0.000000	0.000000	0.000000	0.000000	0.000000	0.000000	0.000000	0.000000	
67.775878	80.544125	168.410894	219.948930	180.000000	90.000000	97.912804	0.000000	304.599216	0.000000	0.000000	0.000000	59.029764	0.000000	270.000000	180.000000	90.000000	180.000000	270.000000	180.000000	116.098842	270.000000	0.000000	0.000000	0.000000	0.000000	0.000000	0.000000	0.000000	0.000000	0.000000	0.000000	0.000000	0.000000	0.000000	0.000000	0.000000	0.000000	0.000000	0.000000	0.000000	0.000000	0.000000	
63.381129	80.032079	168.452898	219.951202	180.000000	90.000000	98.416807	0.000000	304.599757	0.000000	0.000000	0.000000	57.921985	0.000000	261.521999	180.000000	90.000000	180.000000	270.000000	180.000000	115.809067	270.000000	0.000000	0.000000	0.000000	0.000000	0.000000	0.000000	0.000000	0.000000	0.000000	0.000000	0.000000	0.000000	0.000000	0.000000	0.000000	0.000000	0.000000	0.000000	0.000000	0.000000	0.000000	
65.974350	79.673221	166.978433	219.952660	180.000000	90.000000	98.842836	0.000000	304.600107	0.000000	0.000000	0.000000	57.373214	0.000000	256.112295	180.000000	90.000000	180.000000	270.000000	180.000000	115.643951	270.000000	0.000000	0.000000	0.000000	0.000000	0.000000	0.000000	0.000000	0.000000	0.000000	0.000000	0.000000	0.000000	0.000000	0.000000	0.000000	0.000000	0.000000	0.000000	0.000000	0.000000	0.000000	
62.489223	79.465137	165.857351	219.953596	180.000000	90.000000	99.185606	0.000000	304.600333	0.000000	0.000000	0.000000	57.234605	0.000000	252.665483	180.000000	90.000000	180.000000	270.000000	180.000000	115.538620	270.000000	0.000000	0.000000	0.000000	0.000000	0.000000	0.000000	0.000000	0.000000	0.000000	0.000000	0.000000	0.000000	0.000000	0.000000	0.000000	0.000000	0.000000	0.000000	0.000000	0.000000	0.000000	
66.032048	79.403304	165.051279	219.954198	180.000000	90.000000	99.440964	0.000000	304.600480	0.000000	0.000000	0.000000	57.400235	0.000000	250.469658	180.000000	90.000000	180.000000	270.000000	180.000000	115.452135	270.000000	0.000000	0.000000	0.000000	0.000000	0.000000	0.000000	0.000000	0.000000	0.000000	0.000000	0.000000	0.000000	0.000000	0.000000	0.000000	0.000000	0.000000	0.000000	0.000000	0.000000	0.000000	
68.357945	79.481712	164.528048	219.954586	180.000000	90.000000	99.605855	0.000000	304.600576	0.000000	0.000000	0.000000	57.795622	0.000000	249.070242	180.000000	90.004270	180.000000	270.000000	180.000000	115.358947	270.000000	0.000000	0.000000	0.000000	0.000000	0.000000	0.000000	0.000000	0.000000	0.000000	0.000000	0.000000	0.000000	0.000000	0.000000	0.000000	0.000000	0.000000	0.000000	0.000000	0.000000	0.000000	
64.418915	84.897611	164.259612	219.954836	180.000000	90.000000	100.147889	0.000000	306.555156	0.000000	0.000000	0.000000	58.369000	0.000000	248.177824	180.000000	90.318808	180.000000	270.000000	180.000000	115.243410	270.000000	0.000000	0.000000	0.000000	0.000000	0.000000	0.000000	0.000000	0.000000	0.000000	0.000000	0.000000	0.000000	0.000000	0.000000	0.000000	0.000000	0.000000	0.000000	0.000000	0.000000	0.000000	
62.330005	83.307765	164.221007	219.954997	180.000000	90.000000	100.504760	0.000000	307.795062	0.000000	0.000000	0.000000	59.084822	0.000000	247.608303	180.000000	90.829782	180.000000	270.000000	180.000000	115.096249	270.000000	0.000000	0.000000	0.000000	0.000000	0.000000	0.000000	0.000000	0.000000	0.000000	0.000000	0.000000	0.000000	0.000000	0.000000	0.000000	0.000000	0.000000	0.000000	0.000000	0.000000	0.000000	
61.400964	87.396826	164.389879	219.955102	180.000000	90.000000	100.711038	0.000000	308.581969	0.000000	0.000000	0.000000	59.919005	0.000000	247.244552	180.000000	91.463747	180.000000	270.000000	180.000000	114.912288	270.000000	0.000000	0.000000	0.000000	0.000000	0.000000	0.000000	0.000000	0.000000	0.000000	0.000000	0.000000	0.000000	0.000000	0.000000	0.000000	0.000000	0.000000	0.000000	0.000000	0.000000	0.000000	
61.198017	90.065057	169.440518	219.955169	180.000000	90.000000	100.791182	0.000000	309.081654	0.000000	0.000000	0.000000	60.855518	0.000000	247.012027	180.000000	100.935916	180.000000	270.000000	180.000000	114.688979	270.000000	0.000000	0.000000	0.000000	0.000000	0.000000	0.000000	0.000000	0.000000	0.000000	0.000000	0.000000	0.000000	0.000000	0.000000	0.000000	0.000000	0.000000	0.000000	0.000000	0.000000	0.000000	
61.452524	91.774294	172.920936	219.955213	180.000000	90.000000	100.762880	0.000000	309.399143	0.000000	0.000000	0.000000	65.303171	0.000000	246.863251	180.000000	107.476715	180.000000	270.000000	180.000000	114.425447	270.000000	0.000000	0.000000	0.000000	0.000000	0.000000	0.000000	0.000000	0.000000	0.000000	0.000000	0.000000	0.000000	0.000000	0.000000	0.000000	0.000000	0.000000	0.000000	0.000000	0.000000	0.000000	
66.957143	92.845793	175.289681	219.955242	180.000000	90.000000	100.639285	0.000000	309.600997	0.000000	0.000000	0.000000	68.508662	0.000000	246.767969	180.000000	112.050556	180.000000	270.000000	180.000000	114.121876	270.000000	0.000000	0.000000	0.000000	0.000000	0.000000	0.000000	0.000000	0.000000	0.000000	0.000000	0.000000	0.000000	0.000000	0.000000	0.000000	0.000000	0.000000	0.000000	0.000000	0.000000	0.000000	
70.595005	93.502597	176.882958	220.898363	180.000000	90.000000	101.603488	0.000000	309.729417	0.000000	0.000000	0.000000	70.975325	0.000000	246.706886	180.000000	115.285124	180.000000	270.000000	180.000000	113.779103	270.000000	0.000000	0.000000	0.000000	0.000000	0.000000	0.000000	0.000000	0.000000	0.000000	0.000000	0.000000	0.000000	0.000000	0.000000	0.000000	0.000000	0.000000	0.000000	0.000000	0.000000	0.000000	
73.024538	93.899738	177.945772	221.496401	180.000000	90.000000	102.361227	0.000000	309.811176	0.000000	0.000000	0.000000	72.708056	0.000000	246.667685	180.000000	117.593156	180.000000	270.000000	180.000000	110.056429	270.000000	0.000000	0.000000	0.000000	0.000000	0.000000	0.000000	0.000000	0.000000	0.000000	0.000000	0.000000	0.000000	0.000000	0.000000	0.000000	0.000000	0.000000	0.000000	0.000000	0.000000	0.000000	
74.681487	91.556290	178.656478	221.875822	180.000000	90.000000	102.926402	0.000000	309.863265	0.000000	0.000000	0.000000	73.957652	0.000000	246.642500	180.000000	119.248984	180.000000	270.000000	180.000000	117.186249	270.000000	0.000000	0.000000	0.000000	0.000000	0.000000	0.000000	0.000000	0.000000	0.000000	0.000000	0.000000	0.000000	0.000000	0.000000	0.000000	0.000000	0.000000	0.000000	0.000000	0.000000	0.000000	
75.853157	89.964115	177.459790	222.116681	180.000000	90.000000	103.310992	0.000000	309.896476	0.000000	0.000000	0.000000	74.898353	0.000000	246.626300	180.000000	120.436700	180.000000	270.000000	180.000000	118.191277	270.000000	0.000000	0.000000	0.000000	0.000000	0.000000	0.000000	0.000000	0.000000	0.000000	0.000000	0.000000	0.000000	0.000000	0.000000	0.000000	0.000000	0.000000	0.000000	0.000000	0.000000	0.000000	
76.161366	88.556885	176.594369	222.269672	180.000000	90.000000	103.526073	0.000000	309.917668	0.000000	0.000000	0.000000	75.650329	0.000000	246.615867	180.000000	121.280905	180.000000	270.000000	179.969157	118.794947	270.000000	0.000000	0.000000	0.000000	0.000000	0.000000	0.000000	0.000000	0.000000	0.000000	0.000000	0.000000	0.000000	0.000000	0.000000	0.000000	0.000000	0.000000	0.000000	0.000000	0.000000	0.000000	
76.417098	87.299618	175.994772	222.366911	180.000000	90.000000	103.582261	0.000000	309.931202	0.000000	0.000000	0.000000	76.295690	0.000000	246.609139	180.000000	121.866632	180.000000	261.521999	179.642817	119.157719	270.000000	0.000000	0.000000	0.000000	0.000000	0.000000	0.000000	0.000000	0.000000	0.000000	0.000000	0.000000	0.000000	0.000000	0.000000	0.000000	0.000000	0.000000	0.000000	0.000000	0.000000	0.000000	
76.657284	86.197377	175.387278	222.428756	180.000000	90.000000	103.489819	0.000000	309.939852	0.000000	0.000000	0.000000	76.889868	0.000000	246.604794	180.000000	122.252433	180.000000	256.112295	179.128984	119.375838	270.000000	0.000000	0.000000	0.000000	0.000000	0.000000	0.000000	0.000000	0.000000	0.000000	0.000000	0.000000	0.000000	0.000000	0.000000	0.000000	0.000000	0.000000	0.000000	0.000000	0.000000	0.000000	
76.904965	85.254886	174.673742	222.468116	180.000000	90.000000	103.258611	0.000000	309.945386	0.000000	0.000000	0.000000	75.501321	0.000000	246.601984	180.000000	122.479054	180.000000	252.665483	178.497205	119.507054	270.000000	0.000000	0.000000	0.000000	0.000000	0.000000	0.000000	0.000000	0.000000	0.000000	0.000000	0.000000	0.000000	0.000000	0.000000	0.000000	0.000000	0.000000	0.000000	0.000000	0.000000	0.000000	
75.032561	84.475301	173.945001	222.493184	180.000000	90.000000	98.415508	0.000000	309.948930	0.000000	0.000000	0.000000	74.561786	0.000000	246.600164	180.000000	122.575228	180.000000	250.469658	177.793979	119.586035	270.000000	0.000000	0.000000	0.000000	0.000000	0.000000	0.000000	0.000000	0.000000	0.000000	0.000000	0.000000	0.000000	0.000000	0.000000	0.000000	0.000000	0.000000	0.000000	0.000000	0.000000	0.000000	
73.752084	83.859620	173.266566	222.509162	180.000000	90.000000	95.263049	0.000000	309.951202	0.000000	0.000000	0.000000	73.988085	0.000000	246.598984	180.000000	122.561554	180.000000	249.070242	177.035587	119.633603	270.000000	0.000000	0.000000	0.000000	0.000000	0.000000	0.000000	0.000000	0.000000	0.000000	0.000000	0.000000	0.000000	0.000000	0.000000	0.000000	0.000000	0.000000	0.000000	0.000000	0.000000	0.000000	
72.901727	83.406563	172.684817	222.519353	180.000000	90.000000	93.249714	0.000000	309.952660	0.000000	0.000000	0.000000	73.716865	0.000000	246.598216	180.000000	122.453114	180.000000	248.177824	176.253560	119.662269	270.000000	0.000000	0.000000	0.000000	0.000000	0.000000	0.000000	0.000000	0.000000	0.000000	0.000000	0.000000	0.000000	0.000000	0.000000	0.000000	0.000000	0.000000	0.000000	0.000000	0.000000	0.000000	
72.372032	83.112745	172.231342	222.525859	180.000000	90.000000	91.993199	0.000000	309.953596	0.000000	0.000000	0.000000	73.699212	0.000000	242.555849	180.000000	122.261219	180.000000	247.608303	175.463628	119.679556	270.000000	0.000000	0.000000	0.000000	0.000000	0.000000	0.000000	0.000000	0.000000	0.000000	0.000000	0.000000	0.000000	0.000000	0.000000	0.000000	0.000000	0.000000	0.000000	0.000000	0.000000	0.000000	
72.088111	82.973031	171.926208	222.530016	180.000000	90.000000	91.229444	0.000000	309.954198	0.000000	0.000000	0.000000	73.896983	0.000000	239.989182	180.000000	121.994597	180.000000	247.244552	174.678506	119.689986	270.000000	0.000000	0.000000	0.000000	0.000000	0.000000	0.000000	0.000000	0.000000	0.000000	0.000000	0.000000	0.000000	0.000000	0.000000	0.000000	0.000000	0.000000	0.000000	0.000000	0.000000	0.000000	
71.998086	87.950908	171.780578	222.532674	180.000000	90.000000	90.775999	0.000000	309.954586	0.000000	0.000000	0.000000	78.723435	0.000000	238.359333	180.000000	121.660178	180.000000	247.012027	173.909044	119.696285	270.000000	0.000000	0.000000	0.000000	0.000000	0.000000	0.000000	0.000000	0.000000	0.000000	0.000000	0.000000	0.000000	0.000000	0.000000	0.000000	0.000000	0.000000	0.000000	0.000000	0.000000	0.000000	
72.065505	86.264370	171.798887	222.534375	180.000000	90.000000	92.128613	0.000000	309.954836	0.000000	0.000000	0.000000	81.972683	0.000000	237.323941	180.000000	121.263632	180.000000	246.863251	173.164893	119.700091	270.000000	0.000000	0.000000	0.000000	0.000000	0.000000	0.000000	0.000000	0.000000	0.000000	0.000000	0.000000	0.000000	0.000000	0.000000	0.000000	0.000000	0.000000	0.000000	0.000000	0.000000	0.000000	
72.264328	90.024393	176.145420	222.535466	180.000000	90.000000	93.075625	0.000000	309.954997	0.000000	0.000000	0.000000	84.132527	0.000000	236.665825	180.000000	120.809717	180.000000	246.767969	172.454853	119.702392	270.000000	0.000000	0.000000	0.000000	0.000000	0.000000	0.000000	0.000000	0.000000	0.000000	0.000000	0.000000	0.000000	0.000000	0.000000	0.000000	0.000000	0.000000	0.000000	0.000000	0.000000	0.000000	
72.575609	92.441829	179.081782	222.536165	180.000000	90.000000	93.721055	0.000000	309.955102	0.000000	0.000000	0.000000	85.551216	0.000000	236.247253	180.000000	120.302525	180.000000	246.706886	171.787045	119.703785	270.000000	0.000000	0.000000	0.000000	0.000000	0.000000	0.000000	0.000000	0.000000	0.000000	0.000000	0.000000	0.000000	0.000000	0.000000	0.000000	0.000000	0.000000	0.000000	0.000000	0.000000	0.000000	
78.944658	93.957488	181.029091	222.536614	180.000000	90.000000	94.136320	0.000000	309.955169	0.000000	0.000000	0.000000	86.476268	0.000000	235.980855	180.000000	115.800685	180.000000	246.667685	171.168966	119.704628	270.000000	0.000000	0.000000	0.000000	0.000000	0.000000	0.000000	0.000000	0.000000	0.000000	0.000000	0.000000	0.000000	0.000000	0.000000	0.000000	0.000000	0.000000	0.000000	0.000000	0.000000	0.000000	
77.021010	94.876668	182.293407	222.536902	180.000000	90.000000	94.370923	0.000000	309.955213	0.000000	0.000000	0.000000	87.083508	0.000000	235.811189	180.000000	116.730917	180.000000	246.642500	170.607477	119.705139	270.000000	0.000000	0.000000	0.000000	0.000000	0.000000	0.000000	0.000000	0.000000	0.000000	0.000000	0.000000	0.000000	0.000000	0.000000	0.000000	0.000000	0.000000	0.000000	0.000000	0.000000	0.000000	
81.776566	95.410674	183.096514	222.537088	180.000000	90.000000	94.459599	0.000000	309.955242	0.000000	0.000000	0.000000	86.092523	0.000000	235.703049	180.000000	113.342988	180.000000	246.626300	170.108766	119.705450	270.000000	0.000000	0.000000	0.000000	0.000000	0.000000	0.000000	0.000000	0.000000	0.000000	0.000000	0.000000	0.000000	0.000000	0.000000	0.000000	0.000000	0.000000	0.000000	0.000000	0.000000	0.000000	
84.756439	95.706085	181.462242	222.537207	180.000000	90.000000	94.427111	0.000000	310.898363	0.000000	0.000000	0.000000	85.393260	0.000000	235.634072	180.000000	116.335471	180.000000	246.615867	169.678292	119.705638	270.000000	0.000000	0.000000	0.000000	0.000000	0.000000	0.000000	0.000000	0.000000	0.000000	0.000000	0.000000	0.000000	0.000000	0.000000	0.000000	0.000000	0.000000	0.000000	0.000000	0.000000	0.000000	
81.028974	93.092973	180.255325	222.537285	180.000000	90.000000	94.291471	0.000000	311.496401	0.000000	0.000000	0.000000	84.925138	0.000000	235.590038	180.000000	118.236301	180.000000	246.609139	169.320749	119.705752	270.000000	0.000000	0.000000	0.000000	0.000000	0.000000	0.000000	0.000000	0.000000	0.000000	0.000000	0.000000	0.000000	0.000000	0.000000	0.000000	0.000000	0.000000	0.000000	0.000000	0.000000	0.000000	
84.300645	91.309813	179.383638	222.537335	180.000000	90.000000	94.066105	0.000000	311.875822	0.000000	0.000000	0.000000	84.644862	0.000000	235.561905	180.000000	119.444138	180.000000	246.604794	169.040030	119.705822	270.000000	0.000000	0.000000	0.000000	0.000000	0.000000	0.000000	0.000000	0.000000	0.000000	0.000000	0.000000	0.000000	0.000000	0.000000	0.000000	0.000000	0.000000	0.000000	0.000000	0.000000	0.000000	
86.372094	89.870630	178.780670	222.537367	180.000000	90.000000	93.761307	0.000000	312.116681	0.000000	0.000000	0.000000	84.367550	0.000000	235.543914	180.000000	120.212038	180.000000	246.601984	168.839224	119.705865	270.000000	0.000000	0.000000	0.000000	0.000000	0.000000	0.000000	0.000000	0.000000	0.000000	0.000000	0.000000	0.000000	0.000000	0.000000	0.000000	0.000000	0.000000	0.000000	0.000000	0.000000	0.000000	
87.677031	88.577251	178.397704	222.537388	180.000000	90.000000	93.385206	0.000000	312.334236	0.000000	0.000000	0.000000	83.928959	0.000000	235.532398	180.000000	120.700545	180.000000	246.600164	168.707723	119.705890	270.000000	0.000000	0.000000	0.000000	0.000000	0.000000	0.000000	0.000000	0.000000	0.000000	0.000000	0.000000	0.000000	0.000000	0.000000	0.000000	0.000000	0.000000	0.000000	0.000000	0.000000	0.000000	
88.501383	87.435590	178.198492	222.537401	180.000000	90.000000	92.944419	0.000000	312.821928	0.000000	0.000000	0.000000	83.434584	0.000000	235.525020	180.000000	121.011524	180.000000	246.598984	168.677482	119.705906	270.000000	0.000000	0.000000	0.000000	0.000000	0.000000	0.000000	0.000000	0.000000	0.000000	0.000000	0.000000	0.000000	0.000000	0.000000	0.000000	0.000000	0.000000	0.000000	0.000000	0.000000	0.000000	
86.984210	86.451346	178.155579	222.537410	180.000000	90.000000	92.444478	0.000000	313.471143	0.000000	0.000000	0.000000	82.957814	0.000000	235.520288	180.000000	121.209631	180.000000	246.598216	168.730465	119.705916	270.000000	0.000000	0.000000	0.000000	0.000000	0.000000	0.000000	0.000000	0.000000	0.000000	0.000000	0.000000	0.000000	0.000000	0.000000	0.000000	0.000000	0.000000	0.000000	0.000000	0.000000	0.000000	
86.006747	85.628676	178.247768	223.002372	180.000000	90.000000	91.890116	0.000000	314.219601	0.000000	0.000000	0.000000	82.548957	0.000000	235.517250	180.000000	121.335928	180.000000	242.555849	168.867358	119.705922	270.000000	0.000000	0.000000	0.000000	0.000000	0.000000	0.000000	0.000000	0.000000	0.000000	0.000000	0.000000	0.000000	0.000000	0.000000	0.000000	0.000000	0.000000	0.000000	0.000000	0.000000	0.000000	
85.354533	84.969533	178.458359	223.297277	180.000000	90.000000	91.285461	0.000000	315.279657	0.000000	0.000000	0.000000	82.241447	0.000000	235.515297	180.000000	121.416509	180.000000	239.989182	168.211834	119.705925	270.000000	0.000000	0.000000	0.000000	0.000000	0.000000	0.000000	0.000000	0.000000	0.000000	0.000000	0.000000	0.000000	0.000000	0.000000	0.000000	0.000000	0.000000	0.000000	0.000000	0.000000	0.000000	
84.629447	84.473489	178.773924	223.484430	180.000000	90.000000	90.634165	0.000000	316.540203	0.000000	0.000000	0.000000	82.056278	0.000000	235.514040	180.000000	121.467963	180.000000	238.359333	167.848567	119.705928	270.000000	0.000000	0.000000	0.000000	0.000000	0.000000	0.000000	0.000000	0.000000	0.000000	0.000000	0.000000	0.000000	0.000000	0.000000	0.000000	0.000000	0.000000	0.000000	0.000000	0.000000	0.000000	
83.898921	84.137869	179.183453	223.603270	180.000000	90.000000	86.170941	0.000000	317.924907	0.000000	0.000000	0.000000	82.005314	0.000000	235.513231	180.000000	121.500848	180.000000	237.323941	165.577277	122.813897	270.000000	0.000000	0.000000	0.000000	0.000000	0.000000	0.000000	0.000000	0.000000	0.000000	0.000000	0.000000	0.000000	0.000000	0.000000	0.000000	0.000000	0.000000	0.000000	0.000000	0.000000	0.000000	
83.207482	83.958098	179.677760	223.678779	180.000000	90.000000	86.918853	0.000000	319.377227	0.000000	0.000000	0.000000	82.093813	0.000000	235.512708	180.000000	121.521883	180.000000	236.665825	163.916813	124.678734	270.000000	0.000000	0.000000	0.000000	0.000000	0.000000	0.000000	0.000000	0.000000	0.000000	0.000000	0.000000	0.000000	0.000000	0.000000	0.000000	0.000000	0.000000	0.000000	0.000000	0.000000	0.000000	
82.584383	88.807084	180.249063	223.726787	180.000000	90.000000	83.629299	0.000000	320.852050	0.000000	0.000000	0.000000	86.172200	0.000000	235.512370	180.000000	121.535351	180.000000	236.247253	162.735801	125.797977	270.000000	0.000000	0.000000	0.000000	0.000000	0.000000	0.000000	0.000000	0.000000	0.000000	0.000000	0.000000	0.000000	0.000000	0.000000	0.000000	0.000000	0.000000	0.000000	0.000000	0.000000	0.000000	
82.048409	87.119275	180.890686	223.757331	180.000000	90.000000	83.348123	0.000000	322.311194	0.000000	0.000000	351.563027	88.848753	0.000000	235.512152	180.000000	121.543983	180.000000	235.980855	161.938068	126.470003	270.000000	0.000000	0.000000	0.000000	0.000000	0.000000	0.000000	0.000000	0.000000	0.000000	0.000000	0.000000	0.000000	0.000000	0.000000	0.000000	0.000000	0.000000	0.000000	0.000000	0.000000	0.000000	
81.611003	90.781658	185.401912	223.776776	180.000000	90.000000	83.168835	0.000000	323.721212	0.000000	0.000000	346.180482	90.566786	0.000000	235.512010	180.000000	121.549521	180.000000	235.811189	161.451874	126.873696	270.000000	0.000000	0.000000	0.000000	0.000000	0.000000	0.000000	0.000000	0.000000	0.000000	0.000000	0.000000	0.000000	0.000000	0.000000	0.000000	0.000000	0.000000	0.000000	0.000000	0.000000	0.000000	
81.278374	93.128960	184.782149	223.789166	180.000000	90.000000	83.054423	0.000000	325.052523	0.000000	0.000000	342.751556	91.639998	0.000000	235.511918	180.000000	121.553078	180.000000	235.703049	161.222842	127.116322	270.000000	0.000000	0.000000	0.000000	0.000000	0.000000	0.000000	0.000000	0.000000	0.000000	0.000000	0.000000	0.000000	0.000000	0.000000	0.000000	0.000000	0.000000	0.000000	0.000000	0.000000	0.000000	
81.052984	94.594028	188.197054	223.797065	180.000000	90.000000	82.981351	0.000000	326.279273	0.000000	0.000000	340.567495	92.290038	0.000000	235.511859	180.000000	121.555365	180.000000	235.634072	161.209181	127.262219	270.000000	0.000000	0.000000	0.000000	0.000000	0.000000	0.000000	0.000000	0.000000	0.000000	0.000000	0.000000	0.000000	0.000000	0.000000	0.000000	0.000000	0.000000	0.000000	0.000000	0.000000	0.000000	
80.934624	95.476418	188.404895	223.802106	180.000000	90.000000	82.934642	0.000000	327.379528	0.000000	0.000000	339.175815	90.724709	0.000000	233.527585	180.000000	121.556838	180.000000	235.590038	161.378402	127.350000	270.000000	0.000000	0.000000	0.000000	0.000000	0.000000	0.000000	0.000000	0.000000	0.000000	0.000000	0.000000	0.000000	0.000000	0.000000	0.000000	0.000000	0.000000	0.000000	0.000000	0.000000	0.000000	
80.921232	95.983367	188.543726	223.805325	180.000000	90.000000	82.904756	0.000000	324.308472	0.000000	0.000000	338.288491	89.592378	0.000000	232.268667	180.000000	121.557787	180.000000	235.561905	167.735538	127.402843	270.000000	0.000000	0.000000	0.000000	0.000000	0.000000	0.000000	0.000000	0.000000	0.000000	0.000000	0.000000	0.000000	0.000000	0.000000	0.000000	0.000000	0.000000	0.000000	0.000000	0.000000	0.000000	
81.009502	96.258608	188.636550	223.807383	180.000000	90.000000	82.885617	0.000000	322.358765	0.000000	0.000000	337.722326	88.790475	0.000000	231.469581	180.000000	121.558400	180.000000	235.543914	165.970596	127.434674	270.000000	0.000000	0.000000	0.000000	0.000000	0.000000	0.000000	0.000000	0.000000	0.000000	0.000000	0.000000	0.000000	0.000000	0.000000	0.000000	0.000000	0.000000	0.000000	0.000000	0.000000	0.000000	
86.512462	93.553556	188.698677	223.808699	180.000000	90.000000	82.873348	0.000000	325.315004	0.000000	0.000000	337.360789	88.246884	0.000000	230.962089	180.000000	121.558796	180.000000	235.532398	170.845372	127.453859	270.000000	0.000000	0.000000	0.000000	0.000000	0.000000	0.000000	0.000000	0.000000	0.000000	0.000000	0.000000	0.000000	0.000000	0.000000	0.000000	0.000000	0.000000	0.000000	0.000000	0.000000	0.000000	
84.646559	91.709347	188.740302	223.809543	180.000000	90.000000	82.865474	0.000000	323.256895	0.000000	0.000000	337.129726	87.910268	0.000000	230.639590	180.000000	121.559053	180.000000	235.525020	174.085590	127.465430	270.000000	0.000000	0.000000	0.000000	0.000000	0.000000	0.000000	0.000000	0.000000	0.000000	0.000000	0.000000	0.000000	0.000000	0.000000	0.000000	0.000000	0.000000	0.000000	0.000000	0.000000	0.000000	
88.710485	90.211089	188.768223	223.810083	180.000000	90.000000	82.860415	0.000000	321.948536	0.000000	0.000000	336.981917	87.636022	0.000000	230.434519	170.893902	121.559219	180.000000	235.520288	170.553431	127.472413	270.000000	0.000000	0.000000	0.000000	0.000000	0.000000	0.000000	0.000000	0.000000	0.000000	0.000000	0.000000	0.000000	0.000000	0.000000	0.000000	0.000000	0.000000	0.000000	0.000000	0.000000	0.000000	
91.194685	88.879567	188.786974	223.810430	180.000000	90.000000	82.857161	0.000000	321.146980	0.000000	0.000000	336.887276	87.193543	0.000000	230.304031	165.407180	121.559327	180.000000	235.517250	173.931399	127.476630	270.000000	0.000000	0.000000	0.000000	0.000000	0.000000	0.000000	0.000000	0.000000	0.000000	0.000000	0.000000	0.000000	0.000000	0.000000	0.000000	0.000000	0.000000	0.000000	0.000000	0.000000	0.000000	
92.669831	87.714373	188.799582	223.810652	180.000000	90.000000	82.855066	0.000000	320.681201	0.000000	0.000000	336.826618	86.690769	0.000000	230.220942	162.104871	121.559397	180.000000	235.515297	176.203522	127.479179	270.000000	0.000000	0.000000	0.000000	0.000000	0.000000	0.000000	0.000000	0.000000	0.000000	0.000000	0.000000	0.000000	0.000000	0.000000	0.000000	0.000000	0.000000	0.000000	0.000000	0.000000	0.000000	
93.509063	86.716868	188.808072	223.810796	180.000000	90.000000	82.853715	0.000000	320.430073	0.000000	0.000000	336.787700	86.202877	0.000000	230.167996	160.117349	124.111480	180.000000	235.514040	177.729378	127.480721	270.000000	0.000000	0.000000	0.000000	0.000000	0.000000	0.000000	0.000000	0.000000	0.000000	0.000000	0.000000	0.000000	0.000000	0.000000	0.000000	0.000000	0.000000	0.000000	0.000000	0.000000	0.000000	
93.956152	85.888160	188.813796	223.810888	180.000000	90.000000	82.852842	0.000000	320.307150	0.000000	0.000000	336.762703	85.781539	0.000000	230.134232	158.920708	125.731272	180.000000	235.513231	178.761022	127.481654	270.000000	0.000000	0.000000	0.000000	0.000000	0.000000	0.000000	0.000000	0.000000	0.000000	0.000000	0.000000	0.000000	0.000000	0.000000	0.000000	0.000000	0.000000	0.000000	0.000000	0.000000	0.000000	
94.170623	85.228032	188.817662	223.810948	180.000000	90.000000	82.852278	0.000000	314.449093	0.000000	0.000000	336.746628	85.461261	0.000000	230.112683	158.199865	126.759752	180.000000	235.512708	179.474876	127.482219	270.000000	0.000000	0.000000	0.000000	0.000000	0.000000	0.000000	0.000000	0.000000	0.000000	0.000000	0.000000	0.000000	0.000000	0.000000	0.000000	0.000000	0.000000	0.000000	0.000000	0.000000	0.000000	
91.650814	84.734486	188.820276	223.810986	180.000000	90.000000	82.851912	0.000000	310.442335	0.000000	0.000000	336.736279	85.263893	0.000000	230.098918	157.765384	127.413129	180.000000	235.512370	177.424438	127.482561	270.000000	0.000000	0.000000	0.000000	0.000000	0.000000	0.000000	0.000000	0.000000	0.000000	0.000000	0.000000	0.000000	0.000000	0.000000	0.000000	0.000000	0.000000	0.000000	0.000000	0.000000	0.000000	
90.007633	84.403717	188.822048	223.811011	180.000000	90.000000	82.851675	0.000000	307.738369	0.000000	0.000000	336.729607	85.201974	0.000000	230.090119	157.503339	127.828460	180.000000	235.512152	175.694579	127.482769	270.000000	0.000000	0.000000	0.000000	0.000000	0.000000	0.000000	0.000000	0.000000	0.000000	0.000000	0.000000	0.000000	0.000000	0.000000	0.000000	0.000000	0.000000	0.000000	0.000000	0.000000	0.000000	
88.947800	84.230327	188.823250	223.811027	180.000000	90.000000	82.851521	0.000000	305.941769	0.000000	0.000000	336.725300	88.889752	0.000000	230.084488	157.345191	128.092643	180.000000	235.512010	174.235678	127.482896	270.000000	0.000000	0.000000	0.000000	0.000000	0.000000	0.000000	0.000000	0.000000	0.000000	0.000000	0.000000	0.000000	0.000000	0.000000	0.000000	0.000000	0.000000	0.000000	0.000000	0.000000	0.000000	
88.282322	89.043296	188.824068	223.811037	180.000000	90.000000	83.955188	0.000000	304.770373	0.000000	0.000000	336.722515	91.272140	0.000000	230.080881	157.249680	128.260799	180.000000	235.511918	173.016502	127.482972	270.000000	0.000000	0.000000	0.000000	0.000000	0.000000	0.000000	0.000000	0.000000	0.000000	0.000000	0.000000	0.000000	0.000000	0.000000	0.000000	0.000000	0.000000	0.000000	0.000000	0.000000	0.000000	
87.546509	87.378864	188.824625	223.811044	180.000000	90.000000	84.658608	0.000000	304.023445	0.000000	0.000000	336.720713	92.766842	0.000000	230.078569	157.191957	128.367909	180.000000	235.511859	172.016285	127.483019	270.000000	0.000000	0.000000	0.000000	0.000000	0.000000	0.000000	0.000000	0.000000	0.000000	0.000000	0.000000	0.000000	0.000000	0.000000	0.000000	0.000000	0.000000	0.000000	0.000000	0.000000	0.000000	
86.806364	91.013244	187.559729	224.033457	180.000000	90.000000	85.107263	0.000000	303.558102	0.000000	0.000000	336.719543	93.668180	0.000000	230.077084	157.157045	128.436186	180.000000	233.527585	171.219931	127.483048	270.000000	0.000000	0.000000	0.000000	0.000000	0.000000	0.000000	0.000000	0.000000	0.000000	0.000000	0.000000	0.000000	0.000000	0.000000	0.000000	0.000000	0.000000	0.000000	0.000000	0.000000	0.000000	
86.106329	93.344190	186.715167	224.174483	180.000000	90.000000	85.393650	0.000000	303.272426	0.000000	0.000000	336.718784	92.146075	0.000000	230.076131	157.135913	128.479742	180.000000	232.268667	170.615203	127.483065	270.000000	0.000000	0.000000	0.000000	0.000000	0.000000	0.000000	0.000000	0.000000	0.000000	0.000000	0.000000	0.000000	0.000000	0.000000	0.000000	0.000000	0.000000	0.000000	0.000000	0.000000	0.000000	
85.475582	94.800788	186.150763	224.263953	180.000000	90.000000	85.576610	0.000000	303.093524	0.000000	0.000000	336.718289	91.006791	0.000000	230.075517	157.123112	128.507551	180.000000	231.469581	170.191146	127.483076	270.000000	0.000000	0.000000	0.000000	0.000000	0.000000	0.000000	0.000000	0.000000	0.000000	0.000000	0.000000	0.000000	0.000000	0.000000	0.000000	0.000000	0.000000	0.000000	0.000000	0.000000	0.000000	
84.932864	95.680077	185.773218	224.320749	180.000000	90.000000	85.693599	0.000000	302.969146	0.000000	0.000000	332.594678	90.163277	0.000000	230.075122	157.115351	128.525321	180.000000	230.962089	169.937306	127.483082	270.000000	0.000000	0.000000	0.000000	0.000000	0.000000	0.000000	0.000000	0.000000	0.000000	0.000000	0.000000	0.000000	0.000000	0.000000	0.000000	0.000000	0.000000	0.000000	0.000000	0.000000	0.000000	
84.489600	96.187627	185.520408	224.356824	180.000000	90.000000	85.768474	0.000000	302.861796	0.000000	0.000000	329.975184	89.554852	0.000000	230.074867	157.110641	128.536687	180.000000	230.639590	169.843413	127.483086	270.000000	0.000000	0.000000	0.000000	0.000000	0.000000	0.000000	0.000000	0.000000	0.000000	0.000000	0.000000	0.000000	0.000000	0.000000	0.000000	0.000000	0.000000	0.000000	0.000000	0.000000	0.000000	
84.152009	84.514099	185.350938	224.379753	180.000000	90.000000	85.816441	0.000000	302.744588	0.000000	0.000000	328.311001	89.138568	0.000000	230.074702	157.107780	128.543962	180.000000	230.434519	175.391623	127.483088	270.000000	0.000000	0.000000	0.000000	0.000000	0.000000	0.000000	0.000000	0.000000	0.000000	0.000000	0.000000	0.000000	0.000000	0.000000	0.000000	0.000000	0.000000	0.000000	0.000000	0.000000	0.000000	
83.922578	76.983528	185.237203	224.394336	180.000000	90.000000	85.847202	0.000000	302.598326	0.000000	0.000000	327.253285	88.883456	0.000000	230.074596	157.106041	128.548625	180.000000	230.304031	173.571677	127.483090	270.000000	0.000000	0.000000	0.000000	0.000000	0.000000	0.000000	0.000000	0.000000	0.000000	0.000000	0.000000	0.000000	0.000000	0.000000	0.000000	0.000000	0.000000	0.000000	0.000000	0.000000	0.000000	
83.801138	72.258960	185.160779	224.403616	180.000000	90.000000	85.866950	0.000000	302.409434	0.000000	0.000000	326.580642	88.720869	0.000000	230.074527	157.104982	128.551616	180.000000	230.220942	177.789489	129.016909	270.000000	0.000000	0.000000	0.000000	0.000000	0.000000	0.000000	0.000000	0.000000	0.000000	0.000000	0.000000	0.000000	0.000000	0.000000	0.000000	0.000000	0.000000	0.000000	0.000000	0.000000	0.000000	
83.785662	69.274942	185.109360	224.409527	180.000000	90.000000	85.879642	0.000000	302.168482	0.000000	0.000000	326.152607	88.345744	0.000000	230.074482	157.104337	128.553536	180.000000	230.167996	175.317587	129.936951	270.000000	0.000000	0.000000	0.000000	0.000000	0.000000	0.000000	0.000000	0.000000	0.000000	0.000000	0.000000	0.000000	0.000000	0.000000	0.000000	0.000000	0.000000	0.000000	0.000000	0.000000	0.000000	
88.924083	71.810564	185.074717	224.413294	180.000000	90.000000	85.887808	0.000000	301.869129	0.000000	0.000000	325.880040	87.879300	0.000000	230.074453	157.103944	128.554771	180.000000	230.134232	178.910338	130.489056	270.000000	0.000000	0.000000	0.000000	0.000000	0.000000	0.000000	0.000000	0.000000	0.000000	0.000000	0.000000	0.000000	0.000000	0.000000	0.000000	0.000000	0.000000	0.000000	0.000000	0.000000	0.000000	
87.075487	73.247257	185.051343	224.415697	180.000000	90.000000	85.893070	0.000000	301.507358	0.000000	0.000000	325.706345	87.406080	0.000000	229.121624	157.103703	128.555566	180.000000	230.112683	181.267579	130.820518	270.000000	0.000000	0.000000	0.000000	0.000000	0.000000	0.000000	0.000000	0.000000	0.000000	0.000000	0.000000	0.000000	0.000000	0.000000	0.000000	0.000000	0.000000	0.000000	0.000000	0.000000	0.000000	
90.863839	73.975853	185.035547	224.417231	180.000000	90.000000	85.896465	0.000000	301.080910	0.000000	0.000000	325.595574	86.984485	0.000000	228.517351	157.103556	128.556078	180.000000	230.098918	182.791834	131.019612	270.000000	0.000000	0.000000	0.000000	0.000000	0.000000	0.000000	0.000000	0.000000	0.000000	0.000000	0.000000	0.000000	0.000000	0.000000	0.000000	0.000000	0.000000	0.000000	0.000000	0.000000	0.000000	
93.156729	74.257140	185.024855	224.418211	180.000000	90.000000	85.898658	0.000000	298.600222	0.000000	0.000000	325.524873	86.653921	0.000000	228.133921	157.103467	128.556409	180.000000	230.090119	183.763827	131.139258	270.000000	0.000000	0.000000	0.000000	0.000000	0.000000	0.000000	0.000000	0.000000	0.000000	0.000000	0.000000	0.000000	0.000000	0.000000	0.000000	0.000000	0.000000	0.000000	0.000000	0.000000	0.000000	
94.497443	74.265329	185.017605	224.418838	180.000000	90.000000	85.900077	0.000000	296.862619	0.000000	0.000000	325.479711	86.439836	0.000000	227.890483	157.103411	128.556622	180.000000	230.084488	184.379140	131.211199	270.000000	0.000000	0.000000	0.000000	0.000000	0.000000	0.000000	0.000000	0.000000	0.000000	0.000000	0.000000	0.000000	0.000000	0.000000	0.000000	0.000000	0.000000	0.000000	0.000000	0.000000	0.000000	
95.240346	74.117078	185.012679	224.419239	180.000000	90.000000	85.900997	0.000000	295.600122	0.000000	0.000000	325.450837	86.357404	0.000000	227.735830	157.103377	128.556761	180.000000	230.080881	182.013377	131.254478	270.000000	0.000000	0.000000	0.000000	0.000000	0.000000	0.000000	0.000000	0.000000	0.000000	0.000000	0.000000	0.000000	0.000000	0.000000	0.000000	0.000000	0.000000	0.000000	0.000000	0.000000	0.000000	
95.616560	73.890650	185.009326	224.419496	180.000000	90.000000	85.901594	0.000000	294.633307	0.000000	0.000000	325.432359	89.889913	0.000000	227.637520	152.594892	128.556850	180.000000	230.078569	180.222537	131.280529	270.000000	0.000000	0.000000	0.000000	0.000000	0.000000	0.000000	0.000000	0.000000	0.000000	0.000000	0.000000	0.000000	0.000000	0.000000	0.000000	0.000000	0.000000	0.000000	0.000000	0.000000	0.000000	
95.777171	73.638521	185.007038	224.419661	180.000000	90.000000	85.901982	0.000000	293.843257	0.000000	0.000000	325.420523	92.163218	0.000000	227.574984	149.887805	128.556909	180.000000	230.077084	178.659599	131.296220	270.000000	0.000000	0.000000	0.000000	0.000000	0.000000	0.000000	0.000000	0.000000	0.000000	0.000000	0.000000	0.000000	0.000000	0.000000	0.000000	0.000000	0.000000	0.000000	0.000000	0.000000	0.000000	
92.994686	73.395703	184.280157	224.419767	180.000000	90.000000	86.539600	0.000000	293.152133	0.000000	0.000000	325.412934	93.581727	0.000000	227.535177	148.262224	128.556947	180.000000	230.076131	177.303169	131.305676	270.000000	0.000000	0.000000	0.000000	0.000000	0.000000	0.000000	0.000000	0.000000	0.000000	0.000000	0.000000	0.000000	0.000000	0.000000	0.000000	0.000000	0.000000	0.000000	0.000000	0.000000	0.000000	
91.183406	73.185281	183.794692	224.419835	180.000000	90.000000	86.946056	0.000000	292.509765	0.000000	0.000000	325.408062	94.430233	0.000000	227.509820	147.285736	129.777080	180.000000	230.075517	176.141440	131.311378	270.000000	0.000000	0.000000	0.000000	0.000000	0.000000	0.000000	0.000000	0.000000	0.000000	0.000000	0.000000	0.000000	0.000000	0.000000	0.000000	0.000000	0.000000	0.000000	0.000000	0.000000	0.000000	
90.015956	73.022123	183.470159	224.419879	180.000000	90.000000	87.205354	0.000000	296.982656	0.000000	0.000000	325.404932	92.770607	0.000000	227.493656	146.698890	130.551111	180.000000	230.075122	175.167317	131.314819	270.000000	0.000000	0.000000	0.000000	0.000000	0.000000	0.000000	0.000000	0.000000	0.000000	0.000000	0.000000	0.000000	0.000000	0.000000	0.000000	0.000000	0.000000	0.000000	0.000000	0.000000	0.000000	
89.279104	72.915400	183.252990	224.419907	180.000000	90.000000	87.370907	0.000000	294.334778	0.000000	0.000000	325.402918	91.540315	0.000000	227.483343	146.346030	131.042403	180.000000	230.074867	174.375509	131.316897	270.000000	0.000000	0.000000	0.000000	0.000000	0.000000	0.000000	0.000000	0.000000	0.000000	0.000000	0.000000	0.000000	0.000000	0.000000	0.000000	0.000000	0.000000	0.000000	0.000000	0.000000	0.000000	
88.496432	72.870317	183.107514	224.419925	180.000000	90.000000	87.476697	0.000000	292.430102	0.000000	0.000000	325.401620	90.638127	0.000000	227.476759	146.133748	131.354418	180.000000	230.074702	173.760904	131.318153	270.000000	0.000000	0.000000	0.000000	0.000000	0.000000	0.000000	0.000000	0.000000	0.000000	0.000000	0.000000	0.000000	0.000000	0.000000	0.000000	0.000000	0.000000	0.000000	0.000000	0.000000	0.000000	
87.726348	72.889307	183.009954	224.419937	180.000000	90.000000	87.544359	0.000000	290.981265	0.000000	0.000000	325.400784	89.993469	0.000000	227.472551	146.005966	131.552697	180.000000	230.074596	173.317761	131.318912	270.000000	0.000000	0.000000	0.000000	0.000000	0.000000	0.000000	0.000000	0.000000	0.000000	0.000000	0.000000	0.000000	0.000000	0.000000	0.000000	0.000000	0.000000	0.000000	0.000000	0.000000	0.000000	
87.007530	72.972878	182.944450	224.419945	180.000000	90.000000	87.587675	0.000000	289.806958	0.000000	0.000000	325.400243	89.556453	0.000000	227.469859	145.929003	131.678781	180.000000	230.074527	173.039440	131.319371	270.000000	0.000000	0.000000	0.000000	0.000000	0.000000	0.000000	0.000000	0.000000	0.000000	0.000000	0.000000	0.000000	0.000000	0.000000	0.000000	0.000000	0.000000	0.000000	0.000000	0.000000	0.000000	
86.365416	66.777379	182.900414	224.419949	180.000000	90.000000	87.615432	0.000000	288.793466	0.000000	0.000000	325.399893	89.291226	0.000000	227.468136	145.882620	131.759011	180.000000	230.074482	172.918441	131.319650	270.000000	0.000000	0.000000	0.000000	0.000000	0.000000	0.000000	0.000000	0.000000	0.000000	0.000000	0.000000	0.000000	0.000000	0.000000	0.000000	0.000000	0.000000	0.000000	0.000000	0.000000	0.000000	
85.816296	64.992111	182.870771	224.419953	180.000000	90.000000	87.633238	0.000000	293.625202	0.000000	0.000000	325.399667	89.064020	0.000000	227.467032	145.854650	131.810098	180.000000	230.074453	178.101147	131.319819	270.000000	0.000000	0.000000	0.000000	0.000000	0.000000	0.000000	0.000000	0.000000	0.000000	0.000000	0.000000	0.000000	0.000000	0.000000	0.000000	0.000000	0.000000	0.000000	0.000000	0.000000	0.000000	
85.369981	63.857565	182.850789	224.419955	180.000000	90.000000	87.644672	0.000000	296.300198	0.000000	0.000000	325.399520	88.653223	0.000000	227.466324	145.837771	131.842653	187.845130	229.121624	176.377025	131.319921	270.000000	0.000000	0.000000	0.000000	0.000000	0.000000	0.000000	0.000000	0.000000	0.000000	0.000000	0.000000	0.000000	0.000000	0.000000	0.000000	0.000000	0.000000	0.000000	0.000000	0.000000	0.000000	
85.031613	63.136159	182.837299	224.529438	180.000000	90.000000	87.652023	0.000000	292.611699	0.000000	0.000000	325.399424	88.171405	0.000000	227.465869	145.827579	131.863414	193.091008	228.517351	180.307815	131.319983	270.000000	0.000000	0.000000	0.000000	0.000000	0.000000	0.000000	0.000000	0.000000	0.000000	0.000000	0.000000	0.000000	0.000000	0.000000	0.000000	0.000000	0.000000	0.000000	0.000000	0.000000	0.000000	
84.802965	62.677160	182.828178	224.598877	180.000000	90.000000	87.656755	0.000000	289.993535	0.000000	0.000000	325.399424	87.697022	0.000000	227.465576	145.821420	131.876664	196.593298	228.133921	182.849986	131.320021	270.000000	0.000000	0.000000	0.000000	0.000000	0.000000	0.000000	0.000000	0.000000	0.000000	0.000000	0.000000	0.000000	0.000000	0.000000	0.000000	0.000000	0.000000	0.000000	0.000000	0.000000	0.000000	
84.683389	62.384918	182.822000	224.642943	180.000000	90.000000	87.659805	0.000000	288.098012	0.000000	0.000000	325.399424	87.284106	0.000000	227.465388	145.817695	131.885128	198.931079	227.890483	184.456291	131.320044	270.000000	0.000000	0.000000	0.000000	0.000000	0.000000	0.000000	0.000000	0.000000	0.000000	0.000000	0.000000	0.000000	0.000000	0.000000	0.000000	0.000000	0.000000	0.000000	0.000000	0.000000	0.000000	
84.670544	62.198716	182.817807	224.670924	180.000000	90.000000	87.661774	0.000000	286.681327	0.000000	0.000000	325.399424	86.968885	0.000000	227.465266	145.815441	131.890539	200.492229	227.735830	185.440992	131.320058	270.000000	0.000000	0.000000	0.000000	0.000000	0.000000	0.000000	0.000000	0.000000	0.000000	0.000000	0.000000	0.000000	0.000000	0.000000	0.000000	0.000000	0.000000	0.000000	0.000000	0.000000	0.000000	
89.680537	62.079987	182.814957	224.688702	180.000000	90.000000	87.663046	0.000000	294.492118	0.000000	0.000000	325.399424	86.774482	0.000000	227.465188	145.814076	131.894002	201.535518	227.637520	186.021960	131.320066	270.000000	0.000000	0.000000	0.000000	0.000000	0.000000	0.000000	0.000000	0.000000	0.000000	0.000000	0.000000	0.000000	0.000000	0.000000	0.000000	0.000000	0.000000	0.000000	0.000000	0.000000	0.000000	
87.888077	62.004221	182.813015	224.700005	180.000000	90.000000	87.663869	0.000000	299.291358	0.000000	0.000000	325.399424	86.714373	0.000000	227.465137	145.813248	131.896220	202.233354	227.574984	186.350529	131.320072	270.000000	0.000000	0.000000	0.000000	0.000000	0.000000	0.000000	0.000000	0.000000	0.000000	0.000000	0.000000	0.000000	0.000000	0.000000	0.000000	0.000000	0.000000	0.000000	0.000000	0.000000	0.000000	
91.577089	61.955832	182.811689	224.707196	180.000000	90.000000	87.664403	0.000000	302.114544	0.000000	0.000000	325.399424	90.190103	0.000000	227.465105	145.812746	131.897642	202.700588	227.535177	183.607186	131.320075	270.000000	0.000000	0.000000	0.000000	0.000000	0.000000	0.000000	0.000000	0.000000	0.000000	0.000000	0.000000	0.000000	0.000000	0.000000	0.000000	0.000000	0.000000	0.000000	0.000000	0.000000	0.000000	
93.809586	61.924900	182.399738	224.711774	180.000000	90.000000	87.664750	0.000000	303.654539	0.000000	0.000000	325.399424	92.431398	0.000000	227.465083	145.812441	131.898555	203.013760	227.509820	181.642083	131.320077	270.000000	0.000000	0.000000	0.000000	0.000000	0.000000	0.000000	0.000000	0.000000	0.000000	0.000000	0.000000	0.000000	0.000000	0.000000	0.000000	0.000000	0.000000	0.000000	0.000000	0.000000	0.000000	
95.115176	61.905110	182.124525	224.714691	180.000000	90.000000	87.664976	0.000000	304.365836	0.000000	0.000000	325.399424	93.834784	0.000000	227.465070	145.812256	131.899141	203.223908	227.493656	179.948500	131.320078	270.000000	0.000000	0.000000	0.000000	0.000000	0.000000	0.000000	0.000000	0.000000	0.000000	0.000000	0.000000	0.000000	0.000000	0.000000	0.000000	0.000000	0.000000	0.000000	0.000000	0.000000	0.000000	
95.839394	61.892436	181.940483	224.716551	180.000000	90.000000	88.030507	0.000000	304.542674	0.000000	0.000000	325.399424	94.679767	0.000000	227.465061	145.812143	131.899519	203.365096	227.483343	178.490476	131.320079	270.000000	0.000000	0.000000	0.000000	0.000000	0.000000	0.000000	0.000000	0.000000	0.000000	0.000000	0.000000	0.000000	0.000000	0.000000	0.000000	0.000000	0.000000	0.000000	0.000000	0.000000	0.000000	
96.207698	61.884311	181.817284	224.717738	180.000000	90.000000	88.263562	0.000000	298.667065	0.000000	0.000000	325.399424	92.959627	0.000000	226.997571	145.812074	131.899762	203.460074	227.476759	177.246940	132.068902	270.000000	0.000000	0.000000	0.000000	0.000000	0.000000	0.000000	0.000000	0.000000	0.000000	0.000000	0.000000	0.000000	0.000000	0.000000	0.000000	0.000000	0.000000	0.000000	0.000000	0.000000	0.000000	
93.521939	61.879097	181.734724	224.718495	180.000000	90.000000	88.412269	0.000000	300.583772	0.000000	0.000000	325.399424	91.695252	0.000000	226.701022	145.812032	131.899918	203.524055	227.472551	176.204870	132.517995	270.000000	0.000000	0.000000	0.000000	0.000000	0.000000	0.000000	0.000000	0.000000	0.000000	0.000000	0.000000	0.000000	0.000000	0.000000	0.000000	0.000000	0.000000	0.000000	0.000000	0.000000	0.000000	
91.754704	61.875747	181.679335	224.718980	180.000000	90.000000	88.507234	0.000000	296.001074	0.000000	0.000000	325.399424	90.777365	0.000000	226.512800	145.812007	131.900020	203.567216	227.469859	175.355169	132.787450	270.000000	0.000000	0.000000	0.000000	0.000000	0.000000	0.000000	0.000000	0.000000	0.000000	0.000000	0.000000	0.000000	0.000000	0.000000	0.000000	0.000000	0.000000	0.000000	0.000000	0.000000	0.000000	
90.597685	61.873593	181.642131	224.719290	180.000000	90.000000	88.567932	0.000000	293.066415	0.000000	0.000000	325.399424	90.129659	0.000000	226.393264	145.811991	131.900085	203.596379	227.468136	174.690262	132.949198	270.000000	0.000000	0.000000	0.000000	0.000000	0.000000	0.000000	0.000000	0.000000	0.000000	0.000000	0.000000	0.000000	0.000000	0.000000	0.000000	0.000000	0.000000	0.000000	0.000000	0.000000	0.000000	
89.852662	61.872205	181.617108	224.719488	180.000000	90.000000	88.606762	0.000000	291.186420	0.000000	0.000000	325.399424	89.698147	0.000000	226.317301	145.811982	131.900128	203.616114	227.467032	174.202803	133.046339	270.000000	0.000000	0.000000	0.000000	0.000000	0.000000	0.000000	0.000000	0.000000	0.000000	0.000000	0.000000	0.000000	0.000000	0.000000	0.000000	0.000000	0.000000	0.000000	0.000000	0.000000	0.000000	
89.308356	61.871310	181.600256	224.719615	180.000000	90.000000	88.631627	0.000000	289.981137	0.000000	0.000000	325.399424	89.444049	0.000000	226.268997	145.811976	131.900155	203.629494	227.466324	173.885083	133.104709	270.000000	0.000000	0.000000	0.000000	0.000000	0.000000	0.000000	0.000000	0.000000	0.000000	0.000000	0.000000	0.000000	0.000000	0.000000	0.000000	0.000000	0.000000	0.000000	0.000000	0.000000	0.000000	
88.659925	61.870733	181.588891	224.719697	180.000000	90.000000	88.647564	0.000000	289.207680	0.000000	0.000000	325.399424	89.134435	0.000000	226.238260	145.811972	131.900173	203.638582	227.465869	173.728870	133.139799	270.000000	0.000000	0.000000	0.000000	0.000000	0.000000	0.000000	0.000000	0.000000	0.000000	0.000000	0.000000	0.000000	0.000000	0.000000	0.000000	0.000000	0.000000	0.000000	0.000000	0.000000	0.000000	
87.986513	61.870359	181.581213	224.719749	180.000000	90.000000	88.657791	0.000000	288.710806	0.000000	0.000000	325.399424	88.681587	0.000000	226.218687	143.611863	132.482539	203.644767	227.465576	178.803777	133.160907	270.000000	0.000000	0.000000	0.000000	0.000000	0.000000	0.000000	0.000000	0.000000	0.000000	0.000000	0.000000	0.000000	0.000000	0.000000	0.000000	0.000000	0.000000	0.000000	0.000000	0.000000	0.000000	
87.339968	61.870117	181.576019	224.719783	180.000000	90.000000	88.664360	0.000000	288.391242	0.000000	0.000000	325.399424	88.185976	0.000000	226.206215	142.292069	132.851857	203.648986	227.465388	177.079735	133.173610	270.000000	0.000000	0.000000	0.000000	0.000000	0.000000	0.000000	0.000000	0.000000	0.000000	0.000000	0.000000	0.000000	0.000000	0.000000	0.000000	0.000000	0.000000	0.000000	0.000000	0.000000	0.000000	
86.754114	61.869960	181.572499	224.719805	180.000000	90.000000	88.668585	0.000000	288.185463	0.000000	0.000000	325.399424	87.717476	0.000000	226.198261	141.500067	133.086197	207.384963	227.465266	180.929938	133.181260	270.000000	0.000000	0.000000	0.000000	0.000000	0.000000	0.000000	0.000000	0.000000	0.000000	0.000000	0.000000	0.000000	0.000000	0.000000	0.000000	0.000000	0.000000	0.000000	0.000000	0.000000	0.000000	
86.250590	61.869858	181.570109	224.719819	180.000000	90.000000	88.671305	0.000000	288.052783	0.000000	0.000000	325.399424	87.323919	0.000000	226.193185	141.024581	133.234978	209.869780	227.465188	183.414868	133.185869	270.000000	0.000000	0.000000	0.000000	0.000000	0.000000	0.000000	0.000000	0.000000	0.000000	0.000000	0.000000	0.000000	0.000000	0.000000	0.000000	0.000000	0.000000	0.000000	0.000000	0.000000	0.000000	
85.842621	58.712929	181.568483	224.719828	180.000000	90.000000	88.673059	0.000000	287.967116	0.000000	0.000000	325.399424	87.036995	0.000000	226.189942	140.738981	133.329496	211.522747	227.465137	184.980495	133.188648	270.000000	0.000000	0.000000	0.000000	0.000000	0.000000	0.000000	0.000000	0.000000	0.000000	0.000000	0.000000	0.000000	0.000000	0.000000	0.000000	0.000000	0.000000	0.000000	0.000000	0.000000	0.000000	
85.537537	56.709538	181.567374	224.719834	180.000000	90.000000	88.674191	0.000000	287.911723	0.000000	0.000000	325.399424	86.876491	0.000000	226.187869	140.567350	133.389579	212.622912	227.465105	185.936202	133.190325	270.000000	0.000000	0.000000	0.000000	0.000000	0.000000	0.000000	0.000000	0.000000	0.000000	0.000000	0.000000	0.000000	0.000000	0.000000	0.000000	0.000000	0.000000	0.000000	0.000000	0.000000	0.000000	
85.338516	55.437825	181.341206	224.719838	180.000000	90.000000	88.674923	0.000000	287.875850	0.000000	0.000000	325.399424	90.348060	0.000000	226.186543	140.464155	133.427798	213.355648	227.465083	186.496415	133.191338	270.000000	0.000000	0.000000	0.000000	0.000000	0.000000	0.000000	0.000000	0.000000	0.000000	0.000000	0.000000	0.000000	0.000000	0.000000	0.000000	0.000000	0.000000	0.000000	0.000000	0.000000	0.000000	
85.245820	54.630181	181.190204	224.719840	180.000000	90.000000	88.675398	0.000000	287.852580	0.000000	0.000000	325.399424	92.562991	0.000000	226.185693	140.402073	133.452126	213.844046	227.465070	186.810059	133.191949	270.000000	0.000000	0.000000	0.000000	0.000000	0.000000	0.000000	0.000000	0.000000	0.000000	0.000000	0.000000	0.000000	0.000000	0.000000	0.000000	0.000000	0.000000	0.000000	0.000000	0.000000	0.000000	
90.186126	54.116965	181.089292	224.719842	180.000000	90.000000	88.675705	0.000000	287.837458	0.000000	0.000000	325.399424	93.926480	0.000000	226.185148	140.364704	133.467623	214.169857	227.465061	183.988265	133.192319	270.000000	0.000000	0.000000	0.000000	0.000000	0.000000	0.000000	0.000000	0.000000	0.000000	0.000000	0.000000	0.000000	0.000000	0.000000	0.000000	0.000000	0.000000	0.000000	0.000000	0.000000	0.000000	
88.316630	53.790638	181.021787	224.772221	180.000000	90.000000	88.675905	0.000000	292.902022	0.000000	0.000000	325.399424	94.723140	0.000000	226.184798	140.342198	133.477502	214.387400	226.997571	181.947753	133.192543	270.000000	0.000000	0.000000	0.000000	0.000000	0.000000	0.000000	0.000000	0.000000	0.000000	0.000000	0.000000	0.000000	0.000000	0.000000	0.000000	0.000000	0.000000	0.000000	0.000000	0.000000	0.000000	
91.958111	53.583007	180.976582	224.805433	180.000000	90.000000	88.879936	0.000000	296.120010	0.000000	0.000000	325.399424	93.038537	0.000000	226.184574	140.328634	133.483805	214.532789	226.701022	180.205201	133.192678	270.000000	0.000000	0.000000	0.000000	0.000000	0.000000	0.000000	0.000000	0.000000	0.000000	0.000000	0.000000	0.000000	0.000000	0.000000	0.000000	0.000000	0.000000	0.000000	0.000000	0.000000	0.000000	
89.503931	53.450805	180.946278	224.826504	180.000000	90.000000	89.009948	0.000000	298.164361	0.000000	0.000000	325.399424	91.779991	0.000000	226.184429	140.320455	133.487829	214.630053	226.512800	178.716669	133.192760	270.000000	0.000000	0.000000	0.000000	0.000000	0.000000	0.000000	0.000000	0.000000	0.000000	0.000000	0.000000	0.000000	0.000000	0.000000	0.000000	0.000000	0.000000	0.000000	0.000000	0.000000	0.000000	
92.589804	53.366570	180.925938	224.839879	180.000000	90.000000	89.092856	0.000000	299.463520	0.000000	0.000000	325.399424	90.847188	0.000000	226.184336	140.315519	133.490400	214.695190	226.393264	177.455644	133.192810	270.000000	0.000000	0.000000	0.000000	0.000000	0.000000	0.000000	0.000000	0.000000	0.000000	0.000000	0.000000	0.000000	0.000000	0.000000	0.000000	0.000000	0.000000	0.000000	0.000000	0.000000	0.000000	
94.463051	53.312856	180.912271	224.848374	180.000000	90.000000	89.145768	0.000000	300.289549	0.000000	0.000000	325.399424	90.170434	0.000000	226.184276	140.312539	133.492045	214.738860	226.317301	176.405292	133.192840	270.000000	0.000000	0.000000	0.000000	0.000000	0.000000	0.000000	0.000000	0.000000	0.000000	0.000000	0.000000	0.000000	0.000000	0.000000	0.000000	0.000000	0.000000	0.000000	0.000000	0.000000	0.000000	
95.566892	53.278578	180.903074	224.853773	180.000000	90.000000	89.179566	0.000000	300.815079	0.000000	0.000000	325.399424	89.700620	0.000000	226.184237	140.310738	133.493098	214.768172	226.268997	175.553791	133.192859	270.000000	0.000000	0.000000	0.000000	0.000000	0.000000	0.000000	0.000000	0.000000	0.000000	0.000000	0.000000	0.000000	0.000000	0.000000	0.000000	0.000000	0.000000	0.000000	0.000000	0.000000	0.000000	
96.191311	53.256684	180.896878	224.857207	180.000000	90.000000	89.201173	0.000000	301.149652	0.000000	0.000000	325.399424	89.402539	0.000000	226.184212	140.309649	133.493773	214.787871	226.238260	174.891588	133.192870	270.000000	0.000000	0.000000	0.000000	0.000000	0.000000	0.000000	0.000000	0.000000	0.000000	0.000000	0.000000	0.000000	0.000000	0.000000	0.000000	0.000000	0.000000	0.000000	0.000000	0.000000	0.000000	
93.574239	53.242689	180.892697	224.859393	180.000000	90.000000	89.214999	0.000000	301.362808	0.000000	0.000000	325.399424	89.250427	0.000000	226.184196	140.308990	133.494206	214.801126	226.218687	174.409891	133.192877	270.000000	0.000000	0.000000	0.000000	0.000000	0.000000	0.000000	0.000000	0.000000	0.000000	0.000000	0.000000	0.000000	0.000000	0.000000	0.000000	0.000000	0.000000	0.000000	0.000000	0.000000	0.000000	
91.859677	53.233734	180.889871	224.860784	180.000000	90.000000	89.223854	0.000000	301.498711	0.000000	0.000000	325.399424	88.893534	0.000000	226.184185	140.308591	133.494484	214.810059	226.206215	174.099933	133.192881	270.000000	0.000000	0.000000	0.000000	0.000000	0.000000	0.000000	0.000000	0.000000	0.000000	0.000000	0.000000	0.000000	0.000000	0.000000	0.000000	0.000000	0.000000	0.000000	0.000000	0.000000	0.000000	
90.744873	53.227999	180.887958	224.861671	180.000000	90.000000	89.229532	0.000000	301.585428	0.000000	0.000000	325.399424	88.428611	0.000000	226.184178	140.308349	133.494663	214.816087	226.198261	173.952714	133.192883	270.000000	0.000000	0.000000	0.000000	0.000000	0.000000	0.000000	0.000000	0.000000	0.000000	0.000000	0.000000	0.000000	0.000000	0.000000	0.000000	0.000000	0.000000	0.000000	0.000000	0.000000	0.000000	
90.035073	53.224322	180.886661	224.862237	180.000000	90.000000	89.233176	0.000000	301.640806	0.000000	0.000000	325.399424	87.945383	0.000000	225.961687	140.308202	133.494778	214.820161	226.193185	178.999233	133.192885	270.000000	0.000000	0.000000	0.000000	0.000000	0.000000	0.000000	0.000000	0.000000	0.000000	0.000000	0.000000	0.000000	0.000000	0.000000	0.000000	0.000000	0.000000	0.000000	0.000000	0.000000	0.000000	
89.386754	53.221962	180.885779	224.862598	180.000000	90.000000	89.235517	0.000000	301.676202	0.000000	0.000000	325.399424	87.506009	0.000000	225.820593	140.308113	133.494852	214.822919	226.189942	177.298545	133.192886	270.000000	0.000000	0.000000	0.000000	0.000000	0.000000	0.000000	0.000000	0.000000	0.000000	0.000000	0.000000	0.000000	0.000000	0.000000	0.000000	0.000000	0.000000	0.000000	0.000000	0.000000	0.000000	
88.687425	53.220446	180.885179	224.862829	180.000000	90.000000	89.237024	0.000000	301.698846	0.000000	0.000000	325.399424	87.152666	0.000000	225.731067	140.308059	133.494900	214.824790	226.187869	181.126494	133.192886	270.000000	0.000000	0.000000	0.000000	0.000000	0.000000	0.000000	0.000000	0.000000	0.000000	0.000000	0.000000	0.000000	0.000000	0.000000	0.000000	0.000000	0.000000	0.000000	0.000000	0.000000	0.000000	
87.997860	53.219471	180.765494	224.862977	180.000000	90.000000	89.237994	0.000000	301.713346	0.000000	0.000000	325.399424	86.912861	0.000000	225.674228	140.308026	133.494931	214.826061	226.186543	183.599115	133.192887	270.000000	0.000000	0.000000	0.000000	0.000000	0.000000	0.000000	0.000000	0.000000	0.000000	0.000000	0.000000	0.000000	0.000000	0.000000	0.000000	0.000000	0.000000	0.000000	0.000000	0.000000	0.000000	
87.357932	53.218843	180.221269	224.863071	180.000000	90.000000	89.238619	0.000000	301.722640	0.000000	0.000000	325.399424	86.803293	0.000000	225.638120	140.308005	133.494951	214.826927	226.185693	185.159127	133.559008	270.000000	0.000000	0.000000	0.000000	0.000000	0.000000	0.000000	0.000000	0.000000	0.000000	0.000000	0.000000	0.000000	0.000000	0.000000	0.000000	0.000000	0.000000	0.000000	0.000000	0.000000	0.000000	
86.793508	53.218438	179.523971	224.863132	180.000000	90.000000	89.239024	0.000000	301.728603	0.000000	0.000000	325.399424	90.276359	0.000000	225.615167	140.307993	133.494964	214.827518	226.185148	186.113755	133.778551	270.000000	0.000000	0.000000	0.000000	0.000000	0.000000	0.000000	0.000000	0.000000	0.000000	0.000000	0.000000	0.000000	0.000000	0.000000	0.000000	0.000000	0.000000	0.000000	0.000000	0.000000	0.000000	
86.320845	53.218176	178.728218	224.863170	180.000000	90.000000	89.239285	0.000000	301.732434	0.000000	0.000000	325.399424	92.504140	0.000000	225.600566	140.307986	133.494972	216.617314	226.184798	186.676002	133.910257	270.000000	0.000000	0.000000	0.000000	0.000000	0.000000	0.000000	0.000000	0.000000	0.000000	0.000000	0.000000	0.000000	0.000000	0.000000	0.000000	0.000000	0.000000	0.000000	0.000000	0.000000	0.000000	
85.949477	53.218007	177.872961	224.863195	180.000000	90.000000	89.239454	0.000000	301.734898	0.000000	0.000000	325.399424	93.887389	0.000000	225.591273	140.307981	133.494978	217.806519	226.184574	186.993857	133.989306	270.000000	0.000000	0.000000	0.000000	0.000000	0.000000	0.000000	0.000000	0.000000	0.000000	0.000000	0.000000	0.000000	0.000000	0.000000	0.000000	0.000000	0.000000	0.000000	0.000000	0.000000	0.000000	
85.684178	53.217897	176.987505	224.863211	180.000000	90.000000	89.239564	0.000000	301.736484	0.000000	0.000000	325.399424	94.708111	0.000000	225.585353	140.307978	133.780374	218.597132	226.184429	184.132650	134.036774	270.000000	0.000000	0.000000	0.000000	0.000000	0.000000	0.000000	0.000000	0.000000	0.000000	0.000000	0.000000	0.000000	0.000000	0.000000	0.000000	0.000000	0.000000	0.000000	0.000000	0.000000	0.000000	
85.526357	53.217826	176.095168	224.863222	180.000000	90.000000	89.239636	0.000000	301.737507	0.000000	0.000000	325.399424	93.004380	0.000000	225.581579	140.307977	133.961410	219.123109	226.184336	182.018148	134.065292	270.000000	0.000000	0.000000	0.000000	0.000000	0.000000	0.000000	0.000000	0.000000	0.000000	0.000000	0.000000	0.000000	0.000000	0.000000	0.000000	0.000000	0.000000	0.000000	0.000000	0.000000	0.000000	
85.475063	53.217780	175.215466	224.863228	180.000000	90.000000	89.357421	0.000000	301.738167	0.000000	0.000000	325.399424	91.742053	0.000000	225.579171	140.307976	134.076314	219.473293	226.184276	180.230934	134.082433	270.000000	0.000000	0.000000	0.000000	0.000000	0.000000	0.000000	0.000000	0.000000	0.000000	0.000000	0.000000	0.000000	0.000000	0.000000	0.000000	0.000000	0.000000	0.000000	0.000000	0.000000	0.000000	
90.374713	51.677601	174.365391	224.863233	180.000000	90.000000	89.432490	0.000000	301.738594	0.000000	0.000000	325.399424	90.816208	0.000000	225.577634	139.228313	134.149287	219.706622	226.184237	178.718531	134.092742	270.000000	0.000000	0.000000	0.000000	0.000000	0.000000	0.000000	0.000000	0.000000	0.000000	0.000000	0.000000	0.000000	0.000000	0.000000	0.000000	0.000000	0.000000	0.000000	0.000000	0.000000	0.000000	
88.576169	50.700774	173.560108	224.863235	180.000000	90.000000	89.480370	0.000000	301.738871	0.000000	0.000000	325.399424	90.153752	0.000000	225.576652	138.580791	134.195659	219.862222	226.184212	177.448435	134.098946	270.000000	0.000000	0.000000	0.000000	0.000000	0.000000	0.000000	0.000000	0.000000	0.000000	0.000000	0.000000	0.000000	0.000000	0.000000	0.000000	0.000000	0.000000	0.000000	0.000000	0.000000	0.000000	
92.182889	50.080933	172.813287	224.863237	180.000000	90.000000	89.510935	0.000000	301.739050	0.000000	0.000000	325.399424	89.703066	0.000000	225.576023	138.192274	134.225147	219.966077	226.184196	176.399498	134.102681	270.000000	0.000000	0.000000	0.000000	0.000000	0.000000	0.000000	0.000000	0.000000	0.000000	0.000000	0.000000	0.000000	0.000000	0.000000	0.000000	0.000000	0.000000	0.000000	0.000000	0.000000	0.000000	
94.356707	49.687396	172.137225	224.863238	180.000000	90.000000	89.530461	0.000000	301.739167	0.000000	0.000000	325.399424	89.427103	0.000000	225.575621	137.959055	134.243910	220.035461	226.184185	175.556719	134.104931	270.000000	0.000000	0.000000	0.000000	0.000000	0.000000	0.000000	0.000000	0.000000	0.000000	0.000000	0.000000	0.000000	0.000000	0.000000	0.000000	0.000000	0.000000	0.000000	0.000000	0.000000	0.000000	
95.619669	49.437390	171.542841	224.863239	180.000000	90.000000	89.542947	0.000000	304.216042	0.000000	0.000000	325.399424	89.205133	0.000000	225.575363	137.818990	134.255858	220.081859	226.184178	174.908177	134.106288	270.000000	0.000000	0.000000	0.000000	0.000000	0.000000	0.000000	0.000000	0.000000	0.000000	0.000000	0.000000	0.000000	0.000000	0.000000	0.000000	0.000000	0.000000	0.000000	0.000000	0.000000	0.000000	
96.312065	49.278465	171.039621	224.863239	180.000000	90.000000	89.550939	0.000000	305.787281	0.000000	0.000000	325.399424	88.795578	0.000000	225.575198	137.734828	134.263472	220.112919	225.961687	174.443309	134.107106	270.000000	0.000000	0.000000	0.000000	0.000000	0.000000	0.000000	0.000000	0.000000	0.000000	0.000000	0.000000	0.000000	0.000000	0.000000	0.000000	0.000000	0.000000	0.000000	0.000000	0.000000	0.000000	
96.655778	49.177373	170.635553	224.889038	180.000000	90.000000	89.556059	0.000000	306.784403	0.000000	0.000000	325.399424	88.312240	0.000000	225.575092	137.684231	134.268327	220.133733	225.820593	174.152035	134.107600	270.000000	0.000000	0.000000	0.000000	0.000000	0.000000	0.000000	0.000000	0.000000	0.000000	0.000000	0.000000	0.000000	0.000000	0.000000	0.000000	0.000000	0.000000	0.000000	0.000000	0.000000	0.000000	
93.900860	49.113024	170.337087	224.905399	180.000000	90.000000	89.559343	0.000000	307.417512	0.000000	0.000000	325.399424	87.834453	0.000000	225.575023	137.653796	134.271426	220.147698	225.731067	174.024396	134.107898	270.000000	0.000000	0.000000	0.000000	0.000000	0.000000	0.000000	0.000000	0.000000	0.000000	0.000000	0.000000	0.000000	0.000000	0.000000	0.000000	0.000000	0.000000	0.000000	0.000000	0.000000	0.000000	
92.087608	49.072034	170.149143	224.915783	180.000000	90.000000	89.561451	0.000000	307.819731	0.000000	0.000000	325.399424	87.416894	0.000000	225.574979	137.635479	134.273405	220.157078	225.674228	179.062793	134.108078	270.000000	0.000000	0.000000	0.000000	0.000000	0.000000	0.000000	0.000000	0.000000	0.000000	0.000000	0.000000	0.000000	0.000000	0.000000	0.000000	0.000000	0.000000	0.000000	0.000000	0.000000	0.000000	
90.899363	49.045904	170.075166	224.922376	180.000000	90.000000	89.562805	0.000000	308.075423	0.000000	0.000000	325.399424	87.096273	0.000000	225.574951	137.624449	134.274671	220.163387	225.638120	177.391053	134.108187	270.000000	0.000000	0.000000	0.000000	0.000000	0.000000	0.000000	0.000000	0.000000	0.000000	0.000000	0.000000	0.000000	0.000000	0.000000	0.000000	0.000000	0.000000	0.000000	0.000000	0.000000	0.000000	
90.132621	49.029233	169.228637	224.926564	180.000000	90.000000	89.563677	0.000000	308.238075	0.000000	0.000000	325.399424	86.896069	0.000000	225.574933	137.617802	134.275480	220.167636	225.615167	181.211831	134.108253	270.000000	0.000000	0.000000	0.000000	0.000000	0.000000	0.000000	0.000000	0.000000	0.000000	0.000000	0.000000	0.000000	0.000000	0.000000	0.000000	0.000000	0.000000	0.000000	0.000000	0.000000	0.000000	
89.596675	49.018589	168.928456	224.929228	180.000000	90.000000	89.564239	0.000000	308.341612	0.000000	0.000000	325.399424	86.830024	0.000000	225.574921	137.613795	134.275999	220.170501	225.600566	183.683773	134.108293	270.000000	0.000000	0.000000	0.000000	0.000000	0.000000	0.000000	0.000000	0.000000	0.000000	0.000000	0.000000	0.000000	0.000000	0.000000	0.000000	0.000000	0.000000	0.000000	0.000000	0.000000	0.000000	
88.950548	49.011788	168.800630	224.930922	180.000000	90.000000	89.564602	0.000000	308.407568	0.000000	0.000000	325.399424	90.289903	0.000000	225.574913	137.611377	134.276332	220.172437	225.591273	185.247265	134.108318	270.000000	0.000000	0.000000	0.000000	0.000000	0.000000	0.000000	0.000000	0.000000	0.000000	0.000000	0.000000	0.000000	0.000000	0.000000	0.000000	0.000000	0.000000	0.000000	0.000000	0.000000	0.000000	
88.275513	49.007437	168.820189	224.932000	180.000000	90.000000	89.564836	0.000000	308.449614	0.000000	0.000000	325.399424	92.519425	0.000000	225.574908	137.609917	134.276545	220.173746	225.585353	186.208077	134.108332	270.000000	0.000000	0.000000	0.000000	0.000000	0.000000	0.000000	0.000000	0.000000	0.000000	0.000000	0.000000	0.000000	0.000000	0.000000	0.000000	0.000000	0.000000	0.000000	0.000000	0.000000	0.000000	
87.624800	49.004652	167.332686	224.932688	180.000000	90.000000	89.564987	0.000000	308.476439	0.000000	0.000000	325.399424	93.914000	0.000000	225.574905	137.609035	134.276682	220.174634	225.581579	186.778308	134.108341	270.000000	0.000000	0.000000	0.000000	0.000000	0.000000	0.000000	0.000000	0.000000	0.000000	0.000000	0.000000	0.000000	0.000000	0.000000	0.000000	0.000000	0.000000	0.000000	0.000000	0.000000	0.000000	
87.033161	49.002867	166.204222	224.933126	180.000000	90.000000	89.565085	0.000000	308.493568	0.000000	0.000000	325.399424	94.752309	0.000000	225.574903	137.608502	134.276770	220.175237	225.579171	187.105385	134.108347	270.000000	0.000000	0.000000	0.000000	0.000000	0.000000	0.000000	0.000000	0.000000	0.000000	0.000000	0.000000	0.000000	0.000000	0.000000	0.000000	0.000000	0.000000	0.000000	0.000000	0.000000	0.000000	
86.522872	49.001722	165.394875	224.933405	180.000000	90.000000	89.565149	0.000000	308.504514	0.000000	0.000000	325.399424	93.019875	0.000000	225.465910	137.608179	134.276827	220.175647	225.577634	184.214950	134.108350	270.000000	0.000000	0.000000	0.000000	0.000000	0.000000	0.000000	0.000000	0.000000	0.000000	0.000000	0.000000	0.000000	0.000000	0.000000	0.000000	0.000000	0.000000	0.000000	0.000000	0.000000	0.000000	
86.107608	49.000986	164.871314	224.933584	180.000000	90.000000	89.565191	0.000000	308.511516	0.000000	0.000000	325.399424	91.746885	0.000000	225.396773	137.607984	134.276864	220.175926	225.576652	182.253244	134.108352	270.000000	0.000000	0.000000	0.000000	0.000000	0.000000	0.000000	0.000000	0.000000	0.000000	0.000000	0.000000	0.000000	0.000000	0.000000	0.000000	0.000000	0.000000	0.000000	0.000000	0.000000	0.000000	
85.795014	49.000514	164.604630	224.933698	180.000000	90.000000	89.632911	0.000000	308.515998	0.000000	0.000000	325.399424	90.822940	0.000000	225.352892	137.607866	134.276888	221.018029	225.576023	180.948060	134.108353	270.000000	0.000000	0.000000	0.000000	0.000000	0.000000	0.000000	0.000000	0.000000	0.000000	0.000000	0.000000	0.000000	0.000000	0.000000	0.000000	0.000000	0.000000	0.000000	0.000000	0.000000	0.000000	
85.588491	49.000209	164.569226	224.933771	180.000000	90.000000	89.676079	0.000000	308.518871	0.000000	0.000000	325.399424	90.170959	0.000000	225.325025	137.607794	134.276903	221.577254	225.575621	180.112486	134.108354	270.000000	0.000000	0.000000	0.000000	0.000000	0.000000	0.000000	0.000000	0.000000	0.000000	0.000000	0.000000	0.000000	0.000000	0.000000	0.000000	0.000000	0.000000	0.000000	0.000000	0.000000	0.000000	
85.488462	49.000013	164.742295	224.933818	180.000000	90.000000	89.703619	0.000000	308.520714	0.000000	0.000000	325.399424	89.736418	0.000000	225.307316	137.607750	134.276913	221.948872	225.575363	179.617792	134.108355	270.000000	0.000000	0.000000	0.000000	0.000000	0.000000	0.000000	0.000000	0.000000	0.000000	0.000000	0.000000	0.000000	0.000000	0.000000	0.000000	0.000000	0.000000	0.000000	0.000000	0.000000	0.000000	
85.493294	48.999886	169.760536	224.933848	180.000000	90.000000	89.721202	0.000000	308.521898	0.000000	0.000000	325.399424	89.480161	0.000000	225.296056	137.607724	134.276919	222.195997	225.575198	179.375039	134.108355	270.000000	0.000000	0.000000	0.000000	0.000000	0.000000	0.000000	0.000000	0.000000	0.000000	0.000000	0.000000	0.000000	0.000000	0.000000	0.000000	0.000000	0.000000	0.000000	0.000000	0.000000	0.000000	
90.381446	48.999804	173.219217	224.933867	180.000000	90.000000	89.732438	0.000000	308.522659	0.000000	0.000000	325.399424	89.169120	0.000000	225.288890	137.607708	134.276923	222.360456	225.575092	179.322543	134.108355	270.000000	0.000000	0.000000	0.000000	0.000000	0.000000	0.000000	0.000000	0.000000	0.000000	0.000000	0.000000	0.000000	0.000000	0.000000	0.000000	0.000000	0.000000	0.000000	0.000000	0.000000	0.000000	
88.659155	48.999752	175.574000	224.933879	180.000000	90.000000	89.739624	0.000000	308.523149	0.000000	0.000000	325.399424	88.715208	0.000000	225.284328	137.607698	134.412748	222.469989	225.575023	179.417297	134.108355	270.000000	0.000000	0.000000	0.000000	0.000000	0.000000	0.000000	0.000000	0.000000	0.000000	0.000000	0.000000	0.000000	0.000000	0.000000	0.000000	0.000000	0.000000	0.000000	0.000000	0.000000	0.000000	
92.252164	48.999717	177.158950	224.933887	180.000000	90.000000	89.744225	0.000000	308.523465	0.000000	0.000000	325.399424	88.218794	0.000000	225.281420	137.607692	134.498881	222.542999	225.574979	179.629096	134.291064	270.000000	0.000000	0.000000	0.000000	0.000000	0.000000	0.000000	0.000000	0.000000	0.000000	0.000000	0.000000	0.000000	0.000000	0.000000	0.000000	0.000000	0.000000	0.000000	0.000000	0.000000	0.000000	
94.428618	48.999695	178.217533	224.933892	180.000000	90.000000	89.747173	0.000000	308.523669	0.000000	0.000000	325.399424	87.749683	0.000000	225.279566	137.607688	134.553533	222.636142	225.574951	179.936517	134.400659	270.000000	0.000000	0.000000	0.000000	0.000000	0.000000	0.000000	0.000000	0.000000	0.000000	0.000000	0.000000	0.000000	0.000000	0.000000	0.000000	0.000000	0.000000	0.000000	0.000000	0.000000	0.000000	
95.703911	48.999680	178.927004	224.933896	180.000000	90.000000	89.749064	0.000000	308.523801	0.000000	0.000000	325.399424	87.355660	0.000000	225.278383	137.607686	134.588230	223.047821	225.574933	180.324160	134.466427	270.000000	0.000000	0.000000	0.000000	0.000000	0.000000	0.000000	0.000000	0.000000	0.000000	0.000000	0.000000	0.000000	0.000000	0.000000	0.000000	0.000000	0.000000	0.000000	0.000000	0.000000	0.000000	
96.414493	48.241338	177.688446	224.933898	180.000000	90.000000	89.750279	0.000000	308.523886	0.000000	0.000000	325.399424	87.068382	0.000000	225.277627	137.607685	134.610272	223.770166	225.574921	180.780776	134.505914	270.000000	0.000000	0.000000	0.000000	0.000000	0.000000	0.000000	0.000000	0.000000	0.000000	0.000000	0.000000	0.000000	0.000000	0.000000	0.000000	0.000000	0.000000	0.000000	0.000000	0.000000	0.000000	
96.780043	47.760278	176.796185	224.933899	180.000000	90.000000	89.751060	0.000000	308.523941	0.000000	0.000000	325.399424	86.907613	0.000000	225.277144	137.607684	134.624284	224.857913	225.574913	181.297985	134.529633	270.000000	0.000000	0.000000	0.000000	0.000000	0.000000	0.000000	0.000000	0.000000	0.000000	0.000000	0.000000	0.000000	0.000000	0.000000	0.000000	0.000000	0.000000	0.000000	0.000000	0.000000	0.000000	
83.947258	47.454944	176.180407	224.933900	180.000000	90.000000	89.751562	0.000000	308.523977	0.000000	0.000000	325.399424	90.374620	0.000000	225.276835	137.607683	134.633197	226.181783	225.574908	181.869401	134.543888	270.000000	0.000000	0.000000	0.000000	0.000000	0.000000	0.000000	0.000000	0.000000	0.000000	0.000000	0.000000	0.000000	0.000000	0.000000	0.000000	0.000000	0.000000	0.000000	0.000000	0.000000	0.000000	
76.139589	47.261029	175.530745	224.933901	180.000000	90.000000	89.751886	0.000000	308.524001	0.000000	0.000000	325.399424	92.586514	0.000000	225.276637	137.079291	134.638870	227.647250	225.574905	187.296437	134.552460	270.000000	0.000000	0.000000	0.000000	0.000000	0.000000	0.000000	0.000000	0.000000	0.000000	0.000000	0.000000	0.000000	0.000000	0.000000	0.000000	0.000000	0.000000	0.000000	0.000000	0.000000	0.000000	
71.513639	47.137799	174.792535	224.933901	180.000000	90.000000	89.752095	0.000000	309.752854	0.000000	0.000000	325.399424	93.948031	0.000000	225.276510	136.762439	134.642484	229.180262	225.574903	186.088196	134.557617	270.000000	0.000000	0.000000	0.000000	0.000000	0.000000	0.000000	0.000000	0.000000	0.000000	0.000000	0.000000	0.000000	0.000000	0.000000	0.000000	0.000000	0.000000	0.000000	0.000000	0.000000	0.000000	
68.881358	47.059438	174.051826	224.933901	180.000000	90.000000	89.752230	0.000000	310.532466	0.000000	0.000000	325.399424	94.743466	0.000000	225.276428	136.572354	134.644787	230.719399	225.465910	190.190087	134.560722	270.000000	0.000000	0.000000	0.000000	0.000000	0.000000	0.000000	0.000000	0.000000	0.000000	0.000000	0.000000	0.000000	0.000000	0.000000	0.000000	0.000000	0.000000	0.000000	0.000000	0.000000	0.000000	
67.491569	47.009575	173.370630	224.933901	180.000000	90.000000	89.752318	0.000000	311.027333	0.000000	0.000000	325.399424	93.054823	0.000000	225.276376	136.458265	134.646257	232.211920	225.396773	188.312006	134.562592	270.000000	0.000000	0.000000	0.000000	0.000000	0.000000	0.000000	0.000000	0.000000	0.000000	0.000000	0.000000	0.000000	0.000000	0.000000	0.000000	0.000000	0.000000	0.000000	0.000000	0.000000	0.000000	
71.298371	46.977823	172.792706	224.933901	180.000000	90.000000	89.752375	0.000000	311.341638	0.000000	0.000000	325.399424	91.793725	0.000000	225.276342	136.389756	134.647195	233.612129	225.352892	189.110349	134.563719	270.000000	0.000000	0.000000	0.000000	0.000000	0.000000	0.000000	0.000000	0.000000	0.000000	0.000000	0.000000	0.000000	0.000000	0.000000	0.000000	0.000000	0.000000	0.000000	0.000000	0.000000	0.000000	
73.600767	46.957590	172.347653	224.933901	180.000000	90.000000	89.752411	0.000000	311.541388	0.000000	0.000000	325.399424	90.859405	0.000000	225.276321	136.348597	134.647795	234.880998	225.325025	189.619391	134.564398	270.000000	0.000000	0.000000	0.000000	0.000000	0.000000	0.000000	0.000000	0.000000	0.000000	0.000000	0.000000	0.000000	0.000000	0.000000	0.000000	0.000000	0.000000	0.000000	0.000000	0.000000	0.000000	
74.993983	46.944687	172.054020	224.933901	180.000000	90.000000	89.752435	0.000000	311.668415	0.000000	0.000000	325.399424	90.181854	0.000000	225.276307	136.323856	134.648178	233.040138	225.307316	189.944218	134.564809	270.000000	0.000000	0.000000	0.000000	0.000000	0.000000	0.000000	0.000000	0.000000	0.000000	0.000000	0.000000	0.000000	0.000000	0.000000	0.000000	0.000000	0.000000	0.000000	0.000000	0.000000	0.000000	
75.837631	46.936451	171.921822	224.933901	180.000000	90.000000	89.791202	0.000000	311.749252	0.000000	0.000000	325.399424	89.711734	0.000000	225.276298	136.308977	134.648424	231.890789	225.296056	190.151665	134.565056	270.000000	0.000000	0.000000	0.000000	0.000000	0.000000	0.000000	0.000000	0.000000	0.000000	0.000000	0.000000	0.000000	0.000000	0.000000	0.000000	0.000000	0.000000	0.000000	0.000000	0.000000	0.000000	
76.348902	46.931191	176.246765	224.933901	180.000000	90.000000	89.815919	0.000000	311.800730	0.000000	0.000000	325.399424	89.413682	0.000000	225.276292	136.300023	134.648581	231.218654	225.288890	190.284263	134.565206	270.000000	0.000000	0.000000	0.000000	0.000000	0.000000	0.000000	0.000000	0.000000	0.000000	0.000000	0.000000	0.000000	0.000000	0.000000	0.000000	0.000000	0.000000	0.000000	0.000000	0.000000	0.000000	
76.659009	46.927828	174.955597	224.933901	180.000000	90.000000	89.831691	0.000000	311.833536	0.000000	0.000000	325.399424	89.261821	0.000000	225.276288	136.294632	134.648682	230.868733	225.284328	190.369096	134.565297	270.000000	0.000000	0.000000	0.000000	0.000000	0.000000	0.000000	0.000000	0.000000	0.000000	0.000000	0.000000	0.000000	0.000000	0.000000	0.000000	0.000000	0.000000	0.000000	0.000000	0.000000	0.000000	
76.847271	46.925675	178.244601	224.933901	180.000000	90.000000	89.841762	0.000000	311.854459	0.000000	0.000000	325.399424	88.902114	0.000000	225.276286	136.291384	134.648747	230.727661	225.281420	190.423421	134.565351	270.000000	0.000000	0.000000	0.000000	0.000000	0.000000	0.000000	0.000000	0.000000	0.000000	0.000000	0.000000	0.000000	0.000000	0.000000	0.000000	0.000000	0.000000	0.000000	0.000000	0.000000	0.000000	
76.961672	46.924297	180.454614	224.933901	180.000000	90.000000	89.848200	0.000000	311.867814	0.000000	0.000000	325.399424	88.435736	0.000000	225.276284	136.289426	134.648789	230.711428	225.279566	190.458244	134.565385	270.000000	0.000000	0.000000	0.000000	0.000000	0.000000	0.000000	0.000000	0.000000	0.000000	0.000000	0.000000	0.000000	0.000000	0.000000	0.000000	0.000000	0.000000	0.000000	0.000000	0.000000	0.000000	
77.031260	46.923413	181.915244	224.933901	180.000000	90.000000	89.852318	0.000000	311.876346	0.000000	0.000000	325.399424	87.952006	0.000000	225.224402	136.288245	134.648815	225.061321	225.278383	190.480590	134.565405	270.000000	0.000000	0.000000	0.000000	0.000000	0.000000	0.000000	0.000000	0.000000	0.000000	0.000000	0.000000	0.000000	0.000000	0.000000	0.000000	0.000000	0.000000	0.000000	0.000000	0.000000	0.000000	
77.073632	46.922846	182.865916	224.933901	180.000000	90.000000	89.854955	0.000000	311.881801	0.000000	0.000000	325.399424	87.512793	0.000000	225.191501	136.287533	134.648833	221.087836	225.277627	190.494945	134.565417	270.000000	0.000000	0.000000	0.000000	0.000000	0.000000	0.000000	0.000000	0.000000	0.000000	0.000000	0.000000	0.000000	0.000000	0.000000	0.000000	0.000000	0.000000	0.000000	0.000000	0.000000	0.000000	
77.099462	46.922481	181.315630	224.933901	180.000000	90.000000	89.856645	0.000000	311.885292	0.000000	0.000000	325.399424	87.160065	0.000000	225.170626	136.287102	134.648844	218.329677	225.277144	190.504178	134.565424	270.000000	0.000000	0.000000	0.000000	0.000000	0.000000	0.000000	0.000000	0.000000	0.000000	0.000000	0.000000	0.000000	0.000000	0.000000	0.000000	0.000000	0.000000	0.000000	0.000000	0.000000	0.000000	
77.115225	46.922246	180.172441	224.933901	180.000000	90.000000	89.857730	0.000000	311.887528	0.000000	0.000000	325.399424	86.921178	0.000000	225.157373	136.286842	134.648851	216.442785	225.276835	190.510123	134.565429	270.000000	0.000000	0.000000	0.000000	0.000000	0.000000	0.000000	0.000000	0.000000	0.000000	0.000000	0.000000	0.000000	0.000000	0.000000	0.000000	0.000000	0.000000	0.000000	0.000000	0.000000	0.000000	
77.124857	46.922095	179.349967	224.933901	180.000000	90.000000	89.858427	0.000000	311.888962	0.000000	0.000000	325.399424	86.812716	0.000000	225.148953	136.286684	134.648856	215.173070	225.276637	190.513957	134.565432	270.000000	0.000000	0.000000	0.000000	0.000000	0.000000	0.000000	0.000000	0.000000	0.000000	0.000000	0.000000	0.000000	0.000000	0.000000	0.000000	0.000000	0.000000	0.000000	0.000000	0.000000	0.000000	
77.130750	46.921998	178.785711	224.933901	180.000000	90.000000	89.858875	0.000000	311.889883	0.000000	0.000000	325.399424	90.284084	0.000000	225.143602	136.286589	134.648859	214.333258	225.276510	190.516432	134.565433	270.000000	0.000000	0.000000	0.000000	0.000000	0.000000	0.000000	0.000000	0.000000	0.000000	0.000000	0.000000	0.000000	0.000000	0.000000	0.000000	0.000000	0.000000	0.000000	0.000000	0.000000	0.000000	
77.134361	46.921935	178.433785	224.933901	180.000000	90.000000	89.859163	0.000000	311.890474	0.000000	0.000000	325.399424	92.511043	9.945641	225.140197	136.286531	134.648861	213.785032	225.276428	190.518033	134.565434	270.000000	0.000000	0.000000	0.000000	0.000000	0.000000	0.000000	0.000000	0.000000	0.000000	0.000000	0.000000	0.000000	0.000000	0.000000	0.000000	0.000000	0.000000	0.000000	0.000000	0.000000	0.000000	
77.136576	46.921894	178.259940	224.933901	180.000000	90.000000	89.859349	0.000000	311.890855	0.000000	0.000000	325.399424	93.894060	15.527666	225.138031	136.286496	134.648862	213.425848	225.276376	190.519069	134.565435	270.000000	0.000000	0.000000	0.000000	0.000000	0.000000	0.000000	0.000000	0.000000	0.000000	0.000000	0.000000	0.000000	0.000000	0.000000	0.000000	0.000000	0.000000	0.000000	0.000000	0.000000	0.000000	
70.647398	46.921868	178.238144	224.933901	180.000000	90.000000	89.859469	0.000000	311.891100	0.000000	0.000000	325.399424	94.714948	18.659283	225.136650	136.286475	134.715414	213.179372	225.276342	190.519741	134.565435	270.000000	0.000000	0.000000	0.000000	0.000000	0.000000	0.000000	0.000000	0.000000	0.000000	0.000000	0.000000	0.000000	0.000000	0.000000	0.000000	0.000000	0.000000	0.000000	0.000000	0.000000	0.000000	
66.747122	46.921851	178.348219	224.933901	180.000000	90.000000	89.859547	0.000000	311.891258	0.000000	0.000000	325.399424	93.009247	20.416484	225.135770	136.286462	134.757630	212.988623	225.276321	190.520178	134.565436	270.000000	0.000000	0.000000	0.000000	0.000000	0.000000	0.000000	0.000000	0.000000	0.000000	0.000000	0.000000	0.000000	0.000000	0.000000	0.000000	0.000000	0.000000	0.000000	0.000000	0.000000	0.000000	
64.403675	46.921840	178.574198	224.933901	180.000000	90.000000	89.859597	0.000000	311.891361	0.000000	0.000000	325.399424	91.745898	21.402834	225.135209	136.286454	134.784423	212.811046	225.276307	188.899116	134.565436	270.000000	0.000000	0.000000	0.000000	0.000000	0.000000	0.000000	0.000000	0.000000	0.000000	0.000000	0.000000	0.000000	0.000000	0.000000	0.000000	0.000000	0.000000	0.000000	0.000000	0.000000	0.000000	
62.995338	46.560702	178.903187	224.933901	180.000000	90.000000	89.859630	0.000000	311.891427	0.000000	0.000000	325.399424	90.819690	21.956729	225.134851	136.286449	134.801439	212.614979	225.276298	187.865841	134.565436	270.000000	0.000000	0.000000	0.000000	0.000000	0.000000	0.000000	0.000000	0.000000	0.000000	0.000000	0.000000	0.000000	0.000000	0.000000	0.000000	0.000000	0.000000	0.000000	0.000000	0.000000	0.000000	
62.148620	46.331681	179.324568	224.933901	180.000000	90.000000	89.859651	0.000000	311.891470	0.000000	0.000000	325.399424	90.157324	22.267918	225.134622	136.286446	134.812252	212.377098	225.276292	187.206766	134.654048	270.000000	0.000000	0.000000	0.000000	0.000000	0.000000	0.000000	0.000000	0.000000	0.000000	0.000000	0.000000	0.000000	0.000000	0.000000	0.000000	0.000000	0.000000	0.000000	0.000000	0.000000	0.000000	
61.639302	46.186364	179.829447	224.933901	180.000000	90.000000	89.881280	0.000000	311.891497	0.000000	0.000000	325.399424	89.707034	22.442835	225.134475	136.286445	134.819128	212.080553	225.276288	186.786047	134.707193	270.000000	0.000000	0.000000	0.000000	0.000000	0.000000	0.000000	0.000000	0.000000	0.000000	0.000000	0.000000	0.000000	0.000000	0.000000	0.000000	0.000000	0.000000	0.000000	0.000000	0.000000	0.000000	
61.332770	46.094103	180.410261	224.933901	180.000000	90.000000	89.895062	0.000000	311.891516	0.000000	0.000000	325.399424	89.431665	22.541203	225.134382	136.286444	134.823502	211.713579	225.276286	186.517259	134.739081	270.000000	0.000000	0.000000	0.000000	0.000000	0.000000	0.000000	0.000000	0.000000	0.000000	0.000000	0.000000	0.000000	0.000000	0.000000	0.000000	0.000000	0.000000	0.000000	0.000000	0.000000	0.000000	
61.148178	46.035491	181.060507	224.933901	180.000000	90.000000	89.903851	0.000000	312.476689	0.000000	0.000000	325.399424	89.206203	22.596551	225.134321	136.286443	134.826288	209.171744	225.276284	186.345385	134.758224	270.000000	90.000000	0.000000	0.000000	0.000000	0.000000	0.000000	0.000000	0.000000	0.000000	0.000000	0.000000	0.000000	0.000000	0.000000	0.000000	0.000000	0.000000	0.000000	0.000000	0.000000	0.000000	
61.036951	45.998233	185.551503	224.933901	180.000000	90.000000	89.909460	0.000000	312.847810	0.000000	0.000000	325.399424	88.794883	22.627710	225.134283	136.286442	134.828063	207.329280	225.224402	186.235380	134.769721	270.000000	90.000000	0.000000	0.000000	0.000000	0.000000	0.000000	0.000000	0.000000	0.000000	0.000000	0.000000	0.000000	0.000000	0.000000	0.000000	0.000000	0.000000	0.000000	0.000000	0.000000	0.000000	
60.969888	45.974533	188.612746	224.933901	180.000000	90.000000	89.913043	0.000000	313.083309	0.000000	0.000000	325.399424	88.310986	22.645261	225.134258	136.286442	134.829195	205.951130	225.191501	186.164905	134.776629	270.000000	90.000000	0.000000	0.000000	0.000000	0.000000	0.000000	0.000000	0.000000	0.000000	0.000000	0.000000	0.000000	0.000000	0.000000	0.000000	0.000000	0.000000	0.000000	0.000000	0.000000	0.000000	
60.929428	45.959447	187.149277	224.933901	180.000000	90.000000	89.915333	0.000000	313.232836	0.000000	0.000000	325.399424	87.833480	22.655153	225.134242	136.286442	134.829918	204.871843	225.170626	186.119708	134.780783	270.000000	90.000000	0.000000	0.000000	0.000000	0.000000	0.000000	0.000000	0.000000	0.000000	0.000000	0.000000	0.000000	0.000000	0.000000	0.000000	0.000000	0.000000	0.000000	0.000000	0.000000	0.000000	
60.905000	45.949837	187.715321	224.933901	180.000000	90.000000	89.916799	0.000000	313.327834	0.000000	0.000000	325.399424	87.416779	22.660731	225.134232	136.022760	134.830379	203.976410	225.157373	186.090692	134.783281	270.000000	90.000000	90.000000	0.000000	0.000000	0.000000	0.000000	0.000000	0.000000	0.000000	0.000000	0.000000	0.000000	0.000000	0.000000	0.000000	0.000000	0.000000	0.000000	0.000000	0.000000	0.000000	
60.890242	45.943711	188.093485	224.933901	180.000000	90.000000	89.917738	0.000000	313.388227	0.000000	0.000000	325.399424	87.097396	22.663879	225.134225	135.864593	134.830674	203.186093	225.148953	186.072043	134.784785	270.000000	90.000000	90.000000	0.000000	0.000000	0.000000	0.000000	0.000000	0.000000	0.000000	0.000000	0.000000	0.000000	0.000000	0.000000	0.000000	0.000000	0.000000	0.000000	0.000000	0.000000	0.000000	
60.881320	45.939803	188.346372	224.933901	180.000000	90.000000	89.918340	0.000000	313.426646	0.000000	0.000000	325.399424	86.898669	22.665656	225.134221	135.769676	134.830863	206.337739	225.143602	186.060042	134.785691	270.000000	90.000000	90.000000	0.000000	0.000000	0.000000	0.000000	0.000000	0.000000	0.000000	0.000000	0.000000	0.000000	0.000000	0.000000	0.000000	0.000000	0.000000	0.000000	0.000000	0.000000	0.000000	
60.875921	45.937307	188.515658	224.933901	180.000000	90.000000	89.918726	0.000000	313.451103	0.000000	0.000000	325.399424	86.834238	22.666661	225.134218	135.712687	134.830984	208.352705	225.140197	186.052310	134.786236	270.000000	90.000000	90.000000	0.000000	0.000000	0.000000	0.000000	0.000000	0.000000	0.000000	0.000000	0.000000	0.000000	0.000000	0.000000	0.000000	0.000000	0.000000	0.000000	0.000000	0.000000	0.000000	
60.872652	45.935713	188.629101	224.933901	180.000000	90.000000	89.918974	0.000000	313.466683	0.000000	0.000000	325.399424	90.293163	22.667228	225.134217	135.678455	134.831061	205.145061	225.138031	186.047321	134.786566	270.000000	90.000000	90.000000	180.000000	0.000000	0.000000	0.000000	0.000000	0.000000	0.000000	0.000000	0.000000	0.000000	0.000000	0.000000	0.000000	0.000000	0.000000	0.000000	0.000000	0.000000	0.000000	
60.870671	45.934693	188.705210	224.933901	180.000000	90.000000	89.919134	0.000000	313.476616	0.000000	0.000000	325.399424	92.522437	22.667550	225.134215	135.657881	134.831111	202.775449	225.136650	186.044098	134.786764	270.000000	90.000000	90.000000	180.000000	0.000000	0.000000	0.000000	0.000000	0.000000	0.000000	0.000000	0.000000	0.000000	0.000000	0.000000	0.000000	0.000000	0.000000	0.000000	0.000000	0.000000	0.000000	
60.869469	45.934040	188.756333	224.933901	180.000000	90.000000	89.919237	0.000000	313.482954	0.000000	0.000000	325.399424	93.917229	22.667732	225.134215	135.645509	134.831143	200.944028	225.135770	186.042013	134.786884	270.000000	90.000000	90.000000	180.000000	0.000000	0.000000	0.000000	0.000000	0.000000	0.000000	0.000000	0.000000	0.000000	0.000000	0.000000	0.000000	0.000000	0.000000	0.000000	0.000000	0.000000	0.000000	
60.868739	45.933621	188.790716	224.933901	180.000000	90.000000	89.919303	0.000000	313.487001	0.000000	0.000000	325.399424	94.756063	22.667835	225.134214	135.638066	134.831164	204.087245	225.135209	186.040661	134.786956	270.000000	90.000000	90.000000	180.000000	0.000000	0.000000	0.000000	0.000000	0.000000	0.000000	0.000000	0.000000	0.000000	0.000000	0.000000	0.000000	0.000000	0.000000	0.000000	0.000000	0.000000	0.000000	
60.868296	45.933353	188.813872	224.933901	180.000000	90.000000	89.919346	0.000000	313.489587	0.000000	0.000000	325.399424	93.022147	22.667893	225.108784	135.633585	134.831177	205.849506	225.134851	186.039784	134.787000	270.000000	90.000000	90.000000	180.000000	180.000000	0.000000	0.000000	0.000000	0.000000	0.000000	0.000000	0.000000	0.000000	0.000000	0.000000	0.000000	0.000000	0.000000	0.000000	0.000000	0.000000	0.000000	
60.868026	45.933180	188.829489	224.933901	180.000000	90.000000	89.919373	0.000000	313.491241	0.000000	0.000000	325.399424	91.748498	22.667926	225.092654	135.630886	134.831186	206.637325	225.134622	186.039213	134.787027	270.000000	90.000000	90.000000	180.000000	180.000000	0.000000	0.000000	0.000000	0.000000	0.000000	0.000000	0.000000	0.000000	0.000000	0.000000	0.000000	0.000000	0.000000	0.000000	0.000000	0.000000	0.000000	
60.867862	45.933069	188.840038	224.933901	180.000000	90.000000	89.919391	0.000000	313.492301	0.000000	0.000000	325.399424	90.824465	22.667945	225.082416	135.629260	134.831191	202.619822	225.134475	185.099066	134.787043	270.000000	90.000000	90.000000	180.000000	180.000000	0.000000	0.000000	0.000000	0.000000	0.000000	0.000000	0.000000	0.000000	0.000000	0.000000	0.000000	0.000000	0.000000	0.000000	0.000000	0.000000	0.000000	
60.867762	45.932998	188.847175	224.933901	180.000000	90.000000	89.919403	0.000000	313.492980	0.000000	0.000000	325.399424	90.172787	22.667956	225.075915	135.628279	134.831195	199.676214	225.134382	184.499718	134.787052	270.000000	90.000000	90.000000	180.000000	180.000000	0.000000	0.000000	0.000000	0.000000	0.000000	0.000000	0.000000	0.000000	0.000000	0.000000	0.000000	0.000000	0.000000	0.000000	0.000000	0.000000	0.000000	
60.867701	45.932952	188.852012	224.933901	180.000000	90.000000	89.919411	0.000000	313.493415	0.000000	0.000000	325.399424	89.738808	22.667962	225.071783	135.627686	134.831197	197.486911	225.134321	184.117342	134.787058	270.000000	90.000000	90.000000	180.000000	180.000000	180.000000	0.000000	0.000000	0.000000	0.000000	0.000000	0.000000	0.000000	0.000000	0.000000	0.000000	0.000000	0.000000	0.000000	0.000000	0.000000	0.000000	
60.867663	45.932922	188.855297	224.933901	180.000000	90.000000	89.931895	0.000000	313.493695	0.000000	0.000000	325.399424	89.483276	22.667966	225.069156	135.627329	134.831198	195.817068	225.134283	183.873193	134.787062	270.000000	90.000000	90.000000	180.000000	180.000000	180.000000	0.000000	0.000000	0.000000	0.000000	0.000000	0.000000	0.000000	0.000000	0.000000	0.000000	0.000000	0.000000	0.000000	0.000000	0.000000	0.000000	
60.867640	45.932903	188.857531	224.933901	180.000000	90.000000	89.939852	0.000000	313.493875	0.000000	0.000000	325.399424	89.168653	22.667968	225.067485	135.627113	134.831199	194.907088	225.134258	183.717171	134.787064	270.000000	90.000000	90.000000	180.000000	180.000000	180.000000	0.000000	0.000000	0.000000	0.000000	0.000000	0.000000	0.000000	0.000000	0.000000	0.000000	0.000000	0.000000	0.000000	0.000000	0.000000	0.000000	
60.867626	45.932891	188.859055	224.933901	180.000000	90.000000	89.944926	0.000000	313.493991	0.000000	0.000000	325.399424	88.712949	22.667969	225.066420	135.626982	134.862889	194.203900	225.134242	183.617376	134.787065	270.000000	90.000000	90.000000	180.000000	180.000000	180.000000	0.000000	0.000000	0.000000	0.000000	0.000000	0.000000	0.000000	0.000000	0.000000	0.000000	0.000000	0.000000	0.000000	0.000000	0.000000	0.000000	
60.867618	45.932883	187.584601	224.933901	180.000000	90.000000	89.948166	0.000000	313.494065	0.000000	0.000000	325.399424	88.215996	22.667969	225.065742	135.626903	134.882984	193.621622	225.134232	183.553485	134.787066	270.000000	90.000000	90.000000	180.000000	180.000000	180.000000	90.000000	0.000000	0.000000	0.000000	0.000000	0.000000	0.000000	0.000000	0.000000	0.000000	0.000000	0.000000	0.000000	0.000000	0.000000	0.000000	
57.654525	45.932878	186.733528	224.933901	180.000000	90.000000	89.950236	0.000000	313.494114	0.000000	0.000000	325.399424	87.747219	27.617306	225.065310	135.626855	134.895735	193.100109	225.134225	183.512540	134.787067	270.000000	90.000000	90.000000	180.000000	180.000000	180.000000	76.717474	0.000000	0.000000	0.000000	0.000000	0.000000	0.000000	0.000000	0.000000	0.000000	0.000000	0.000000	0.000000	0.000000	0.000000	0.000000	
55.726724	45.932874	186.164682	224.933901	180.000000	90.000000	89.951559	0.000000	313.494145	0.000000	0.000000	325.399424	87.354126	30.388353	225.065034	135.626826	134.903830	194.385964	225.134221	183.486273	134.787067	270.000000	90.000000	90.000000	180.000000	180.000000	180.000000	71.662520	0.000000	0.000000	0.000000	0.000000	0.000000	0.000000	0.000000	0.000000	0.000000	0.000000	0.000000	0.000000	0.000000	0.000000	0.000000	
54.569778	45.755975	185.784102	224.933901	180.000000	90.000000	89.952406	0.000000	313.494165	0.000000	0.000000	325.399424	87.068170	31.940066	225.064857	135.626808	134.908972	195.349309	225.134218	183.469404	134.787067	270.000000	90.000000	90.000000	180.000000	180.000000	180.000000	68.342014	0.000000	0.000000	0.000000	0.000000	0.000000	0.000000	0.000000	0.000000	0.000000	0.000000	0.000000	0.000000	0.000000	0.000000	0.000000	
53.875170	45.643762	185.529216	224.933901	180.000000	90.000000	89.952949	0.000000	313.494178	0.000000	0.000000	325.399424	86.908967	32.809258	225.064745	135.626798	134.912241	196.021802	225.134217	183.458558	134.787067	270.000000	90.000000	90.000000	180.000000	180.000000	180.000000	66.160237	90.000000	0.000000	0.000000	0.000000	0.000000	0.000000	0.000000	0.000000	0.000000	0.000000	0.000000	0.000000	0.000000	0.000000	0.000000	
53.457948	45.572541	185.358321	224.933901	180.000000	90.000000	89.953297	0.000000	313.494187	0.000000	0.000000	325.399424	90.375357	33.296316	225.064673	135.626791	134.914320	196.430898	225.134215	183.451576	134.787067	270.000000	90.000000	90.000000	180.000000	180.000000	180.000000	64.725530	90.000000	0.000000	0.000000	0.000000	0.000000	0.000000	0.000000	0.000000	0.000000	0.000000	0.000000	0.000000	0.000000	0.000000	0.000000	
53.207215	45.527310	185.243608	224.933901	180.000000	90.000000	89.953520	0.000000	313.494192	0.000000	0.000000	325.399424	92.587261	33.569351	225.064626	135.626787	134.915643	196.601193	225.134215	183.447075	134.787067	270.000000	90.000000	90.000000	180.000000	180.000000	180.000000	63.781084	90.000000	0.000000	0.000000	0.000000	0.000000	0.000000	0.000000	0.000000	0.000000	0.000000	0.000000	0.000000	0.000000	0.000000	0.000000	
53.056455	45.498567	185.166511	224.933901	180.000000	90.000000	89.953664	0.000000	313.494192	0.000000	0.000000	325.399424	93.949189	33.722472	225.064597	135.626785	134.916486	196.555005	225.134214	183.444171	134.830274	270.000000	90.000000	90.000000	180.000000	180.000000	180.000000	63.158614	90.000000	0.000000	0.000000	0.000000	0.000000	0.000000	0.000000	0.000000	0.000000	0.000000	0.000000	0.000000	0.000000	0.000000	0.000000	
52.965758	45.480289	185.114628	224.933901	180.000000	90.000000	89.953756	0.000000	313.494192	0.000000	0.000000	325.399424	94.745296	33.808380	225.064578	135.626783	134.917024	196.312579	225.108784	183.442293	134.856184	270.000000	90.000000	90.000000	180.000000	180.000000	180.000000	62.747810	90.000000	0.000000	0.000000	0.000000	0.000000	0.000000	0.000000	0.000000	0.000000	0.000000	0.000000	0.000000	0.000000	0.000000	0.000000	
52.911164	45.468659	185.079664	224.933901	180.000000	90.000000	89.953816	0.000000	313.494192	0.000000	0.000000	325.399424	93.055467	33.856600	225.064566	135.626783	134.917366	191.190990	225.092654	183.441077	134.871728	270.000000	90.000000	90.000000	180.000000	180.000000	180.000000	62.476309	90.000000	0.000000	0.000000	0.000000	0.000000	0.000000	0.000000	0.000000	0.000000	0.000000	0.000000	0.000000	0.000000	0.000000	0.000000	
52.878283	45.461254	185.056067	224.933901	180.000000	90.000000	89.953854	0.000000	313.494192	0.000000	0.000000	325.399424	91.793916	33.883678	225.064558	135.626782	134.917585	187.650232	225.082416	183.440289	134.881058	270.000000	90.000000	90.000000	180.000000	180.000000	180.000000	62.296602	90.000000	0.000000	0.000000	0.000000	0.000000	0.000000	0.000000	0.000000	0.000000	0.000000	0.000000	0.000000	0.000000	0.000000	0.000000	
52.858467	45.456535	185.040117	224.933901	180.000000	90.000000	89.953879	0.000000	313.494192	0.000000	0.000000	325.399424	90.859656	33.898891	225.064553	135.626782	134.917725	185.230013	225.075915	183.439777	134.886661	270.000000	90.000000	90.000000	180.000000	180.000000	180.000000	62.177460	90.000000	0.000000	0.000000	0.000000	0.000000	0.000000	0.000000	0.000000	0.000000	0.000000	0.000000	0.000000	0.000000	0.000000	0.000000	
52.846517	45.453525	185.029317	224.933901	180.000000	90.000000	89.953895	0.000000	313.494192	0.000000	0.000000	325.399424	90.182517	33.907442	225.064549	135.626781	134.917815	183.592369	225.071783	183.439444	134.890027	270.000000	90.000000	90.000000	180.000000	180.000000	180.000000	62.098334	90.000000	0.000000	0.000000	0.000000	0.000000	0.000000	0.000000	0.000000	0.000000	0.000000	0.000000	0.000000	0.000000	0.000000	0.000000	
52.839305	45.451604	185.021991	224.933901	180.000000	90.000000	89.953906	0.000000	313.494192	0.000000	0.000000	325.399424	89.713045	33.912251	225.064547	135.626781	134.917872	182.490739	225.069156	182.900306	134.892051	270.000000	90.000000	90.000000	180.000000	180.000000	180.000000	62.045687	90.000000	0.000000	351.684874	0.000000	0.000000	0.000000	0.000000	0.000000	0.000000	0.000000	0.000000	0.000000	0.000000	0.000000	0.000000	
52.834951	45.450378	185.017013	224.933901	180.000000	90.000000	89.953912	0.000000	313.494192	0.000000	0.000000	325.399424	89.415791	33.914956	225.064546	135.626781	134.917909	181.745494	225.067485	182.556541	134.893268	270.000000	90.000000	90.000000	180.000000	180.000000	180.000000	62.010587	90.000000	0.000000	348.331745	0.000000	0.000000	0.000000	0.000000	0.000000	0.000000	0.000000	0.000000	0.000000	0.000000	0.000000	0.000000	
52.832320	45.449593	185.013623	224.933901	180.000000	90.000000	89.953917	0.000000	313.494192	0.000000	0.000000	325.399424	89.264815	33.916479	225.064545	135.626781	134.917932	182.886137	225.066420	182.337178	134.894000	270.000000	90.000000	90.000000	180.000000	180.000000	180.000000	58.914429	90.000000	0.000000	341.342631	0.000000	0.000000	0.000000	0.000000	0.000000	0.000000	0.000000	0.000000	0.000000	0.000000	0.000000	0.000000	
52.830729	45.449091	185.011309	224.933901	180.000000	90.000000	89.961094	0.000000	313.494192	0.000000	0.000000	325.399424	88.901647	33.917337	225.064544	135.626781	134.917947	183.707502	225.065742	182.197084	134.894441	270.000000	90.000000	90.000000	180.000000	180.000000	180.000000	56.901198	90.000000	0.000000	337.304731	0.000000	0.000000	0.000000	0.000000	0.000000	0.000000	0.000000	0.000000	0.000000	0.000000	0.000000	0.000000	
52.829766	45.448770	184.175206	224.933901	180.000000	90.000000	89.965669	0.000000	313.494192	0.000000	0.000000	325.399424	88.433565	33.917821	225.064544	135.626781	134.917957	184.271749	225.065310	182.107535	134.894707	270.000000	90.000000	90.000000	180.000000	180.000000	180.000000	55.591709	90.000000	0.000000	335.151748	0.000000	0.000000	0.000000	0.000000	0.000000	0.000000	0.000000	0.000000	0.000000	0.000000	0.000000	0.000000	
52.829182	45.448564	183.271168	224.933901	180.000000	90.000000	89.968588	0.000000	313.494192	0.000000	0.000000	325.399424	87.949363	33.918094	225.052431	135.626781	134.917963	184.902141	225.065034	182.050244	134.894867	270.000000	90.000000	90.000000	180.000000	180.000000	180.000000	54.739508	90.000000	0.000000	334.192132	0.000000	0.000000	0.000000	0.000000	0.000000	0.000000	0.000000	0.000000	0.000000	0.000000	0.000000	0.000000	
52.828829	45.448431	182.323719	224.933901	180.000000	90.000000	89.970452	0.000000	313.494192	0.000000	0.000000	325.399424	87.510531	33.918248	225.044750	135.626781	134.917967	185.623913	225.064857	182.013555	134.894963	278.436973	90.000000	90.000000	180.000000	180.000000	180.000000	54.184549	90.000000	0.000000	339.652628	0.000000	0.000000	0.000000	0.000000	0.000000	0.000000	0.000000	0.000000	0.000000	0.000000	0.000000	0.000000	
52.828614	45.448346	181.352140	224.933901	180.000000	90.000000	89.971643	0.000000	313.494192	0.000000	0.000000	325.399424	87.158766	33.918334	225.039876	135.626781	134.917970	186.350307	225.064745	181.990037	134.895022	283.819518	90.000000	90.000000	180.000000	180.000000	180.000000	53.822903	90.000000	0.000000	343.236147	0.000000	0.000000	0.000000	0.000000	0.000000	0.000000	0.000000	0.000000	0.000000	0.000000	0.000000	0.000000	
52.828484	45.448292	180.372759	224.933901	180.000000	90.000000	89.972404	0.000000	313.494192	0.000000	0.000000	325.399424	86.921221	33.918384	225.036782	135.626781	134.917971	187.018843	225.064673	181.974945	134.895057	287.248444	90.000000	90.000000	180.000000	180.000000	180.000000	53.587053	90.000000	0.000000	345.598445	0.000000	0.000000	0.000000	0.000000	0.000000	0.000000	0.000000	0.000000	0.000000	0.000000	0.000000	0.000000	
52.828405	45.448257	179.400280	224.933901	180.000000	90.000000	89.972892	0.000000	313.494192	0.000000	0.000000	325.399424	86.814334	33.918411	225.034816	135.626781	134.917973	187.585465	225.064626	181.965250	134.895078	289.432505	90.000000	90.000000	180.000000	180.000000	180.000000	53.433121	90.000000	0.000000	347.175849	0.000000	0.000000	0.000000	0.000000	0.000000	0.000000	0.000000	0.000000	0.000000	0.000000	0.000000	0.000000	
52.828357	45.448234	178.448508	224.933901	180.000000	90.000000	89.973204	0.000000	313.494192	0.000000	0.000000	325.399424	90.285025	33.918427	225.033567	135.626781	134.917973	188.020388	225.064597	181.959014	134.895091	290.824185	90.000000	90.000000	180.000000	180.000000	180.000000	53.332571	90.000000	0.000000	348.257474	0.000000	0.000000	0.000000	0.000000	0.000000	0.000000	0.000000	0.000000	0.000000	0.000000	0.000000	0.000000	
52.828327	45.448219	177.530677	224.933901	180.000000	90.000000	89.973405	0.000000	313.494192	0.000000	0.000000	325.399424	92.511955	33.918436	225.032772	135.626781	134.917974	188.304947	225.064578	181.954999	134.895099	291.711509	90.000000	90.000000	180.000000	180.000000	180.000000	53.266833	90.000000	0.000000	349.034425	0.000000	0.000000	0.000000	0.000000	0.000000	0.000000	0.000000	0.000000	0.000000	0.000000	0.000000	0.000000	
52.828309	45.448210	176.659549	224.933901	180.000000	90.000000	89.973533	0.000000	313.494192	0.000000	0.000000	325.399424	93.895359	33.918441	225.032266	135.626781	134.917974	188.429053	225.064566	181.952409	134.895104	292.277674	90.000000	90.000000	180.000000	180.000000	180.000000	53.223816	90.000000	0.000000	348.658920	0.000000	0.000000	0.000000	0.000000	0.000000	0.000000	0.000000	0.000000	0.000000	0.000000	0.000000	0.000000	
52.828298	45.448203	175.847340	224.933901	180.000000	90.000000	89.973616	0.000000	313.494192	0.000000	0.000000	325.399424	94.716909	33.918444	225.031944	135.626781	134.933511	184.061689	225.064558	181.950737	134.895106	292.639211	90.000000	90.000000	180.000000	180.000000	180.000000	53.195639	90.000000	0.000000	348.468656	0.000000	0.000000	0.000000	0.000000	0.000000	0.000000	0.000000	0.000000	0.000000	0.000000	0.000000	0.000000	
52.828292	45.448200	175.105567	224.933901	180.000000	90.000000	89.973670	0.000000	313.494192	0.000000	0.000000	325.399424	93.009995	33.918445	225.031739	135.626781	134.943367	185.358879	225.064553	181.949656	134.895108	292.870274	90.000000	90.000000	180.000000	180.000000	180.000000	53.177164	90.000000	0.000000	348.415076	0.000000	0.000000	0.000000	0.000000	0.000000	0.000000	0.000000	0.000000	0.000000	0.000000	0.000000	0.000000	
52.828288	45.448197	174.444852	224.933901	180.000000	90.000000	89.973704	0.000000	313.494192	0.000000	0.000000	325.399424	91.746180	33.918446	225.031608	135.626781	134.949622	182.036832	225.064549	181.948956	134.895109	293.018083	90.000000	90.000000	180.000000	180.000000	180.000000	53.165038	90.000000	0.000000	346.653147	0.000000	0.000000	0.000000	90.000000	0.000000	0.000000	0.000000	0.000000	0.000000	0.000000	0.000000	0.000000	
52.828285	45.364011	173.874720	224.933901	180.000000	90.000000	89.973726	0.000000	313.494192	0.000000	0.000000	325.399424	90.820026	33.918447	225.031524	135.626781	134.953594	179.803480	225.064547	181.948502	134.895110	293.112724	90.000000	90.000000	180.000000	180.000000	180.000000	53.157070	90.000000	0.000000	345.380763	0.000000	0.000000	0.000000	90.000000	0.000000	0.000000	0.000000	0.000000	0.000000	0.000000	0.000000	0.000000	
52.828284	45.310625	173.403430	224.933901	180.000000	90.000000	89.973740	0.000000	313.494192	0.000000	0.000000	325.399424	90.158070	33.918447	225.031471	135.626781	134.956118	178.326606	225.064546	181.948207	134.895110	293.173382	90.000000	90.000000	180.000000	180.000000	180.000000	53.151828	90.000000	0.000000	344.473797	0.000000	0.000000	0.000000	90.000000	0.000000	0.000000	0.000000	0.000000	0.000000	0.000000	0.000000	0.000000	
51.235440	45.276752	173.037850	224.933901	180.000000	90.000000	89.973750	0.000000	313.494192	0.000000	0.000000	325.399424	89.708427	33.918447	225.031437	135.626781	134.957723	177.364873	225.064545	181.647536	134.895111	293.212300	90.000000	90.000000	180.000000	180.000000	180.000000	53.148376	90.000000	0.000000	343.848231	0.000000	0.000000	0.000000	90.000000	0.000000	0.000000	0.000000	0.000000	0.000000	0.000000	0.000000	0.000000	
50.280057	45.255246	172.783399	224.933901	180.000000	90.000000	89.973756	0.000000	313.494192	0.000000	0.000000	325.399424	89.433854	33.918447	225.031415	135.626781	134.958744	178.875434	225.064544	181.455932	134.895111	293.237297	90.000000	90.000000	180.000000	180.000000	180.000000	53.146098	90.000000	0.000000	343.446190	0.000000	0.000000	0.000000	90.000000	180.000000	0.000000	0.000000	0.000000	0.000000	0.000000	0.000000	0.000000	
49.706787	45.241584	171.795566	224.933901	180.000000	90.000000	89.973760	0.000000	313.494192	0.000000	0.000000	325.399424	89.204752	33.918448	225.031401	135.626781	134.959394	179.992110	225.064544	181.333740	134.895111	293.253372	90.000000	90.000000	180.000000	180.000000	180.000000	53.144594	90.000000	0.000000	343.227013	0.000000	0.000000	0.000000	90.000000	180.000000	0.000000	0.000000	0.000000	0.000000	0.000000	0.000000	0.000000	
49.362645	45.232899	171.048760	224.933901	180.000000	90.000000	89.973762	0.000000	313.494192	0.000000	0.000000	325.399424	88.791615	33.918448	225.031392	135.626781	134.959809	180.797482	225.052431	181.255750	134.895111	293.263721	90.000000	90.000000	180.000000	180.000000	180.000000	53.143599	90.000000	0.000000	343.161493	0.000000	0.000000	0.000000	90.000000	180.000000	0.000000	0.000000	0.000000	0.000000	0.000000	0.000000	0.000000	
49.155952	45.227375	170.645040	224.933901	180.000000	90.000000	89.977871	0.000000	313.494192	0.000000	0.000000	325.399424	88.307179	36.375172	225.031386	135.626781	134.960073	181.351311	225.044750	181.205932	134.895111	293.270393	90.000000	90.000000	180.000000	180.000000	180.000000	53.142940	90.000000	0.000000	343.228126	0.000000	0.000000	0.000000	90.000000	180.000000	0.000000	0.000000	0.000000	0.000000	0.000000	0.000000	0.000000	
49.031749	45.223859	170.438461	224.933901	180.000000	90.000000	89.980490	0.000000	313.494192	0.000000	0.000000	325.399424	87.830021	37.749835	225.031382	135.626781	134.960242	181.973231	225.039876	181.174081	134.895111	293.274700	90.000000	90.000000	180.000000	180.000000	180.000000	53.142502	90.000000	0.000000	343.410670	0.000000	0.000000	0.000000	90.000000	180.000000	180.000000	0.000000	0.000000	0.000000	0.000000	0.000000	0.000000	
48.957075	45.221619	169.235817	224.933901	180.000000	90.000000	89.982162	0.000000	313.494192	0.000000	0.000000	325.399424	87.414274	38.519266	225.031380	135.626781	134.960349	182.687667	225.036782	181.153699	134.895111	293.277485	90.000000	90.000000	180.000000	180.000000	180.000000	53.142212	90.000000	0.000000	343.696534	0.000000	0.000000	0.000000	90.000000	180.000000	180.000000	0.000000	0.000000	0.000000	0.000000	0.000000	0.000000	
48.912156	45.220192	168.236098	224.933901	180.000000	90.000000	89.983229	0.000000	313.494192	0.000000	0.000000	325.399424	87.096247	38.950086	225.031378	135.626781	134.960418	183.407090	225.034816	181.140643	134.916635	293.279287	90.000000	90.000000	180.000000	180.000000	180.000000	53.142018	90.000000	0.000000	350.216984	0.000000	0.000000	0.000000	90.000000	180.000000	180.000000	0.000000	0.000000	0.000000	0.000000	0.000000	0.000000	
48.885120	45.219281	167.444008	224.933901	180.000000	90.000000	89.983912	0.000000	313.494192	0.000000	0.000000	325.399424	86.899126	39.191402	225.031377	135.626781	134.960462	184.068525	225.033567	181.132271	134.929546	293.280457	90.000000	90.000000	180.000000	180.000000	180.000000	51.676967	90.000000	0.000000	348.205243	0.000000	0.000000	0.000000	90.000000	180.000000	180.000000	0.000000	0.000000	0.000000	0.000000	0.000000	0.000000	
48.868837	45.218699	166.860314	224.933901	180.000000	90.000000	89.984348	0.000000	313.494192	0.000000	0.000000	325.399424	90.376730	39.326622	225.031377	135.626781	134.960490	184.627574	225.032772	181.126898	134.937295	293.281216	90.000000	90.000000	180.000000	180.000000	180.000000	50.725245	90.000000	0.000000	353.077113	0.000000	0.000000	0.000000	90.000000	180.000000	180.000000	180.000000	0.000000	0.000000	0.000000	0.000000	0.000000	
48.859026	45.218327	166.482015	224.933901	180.000000	90.000000	89.984628	0.000000	313.494192	0.000000	0.000000	325.399424	89.172476	39.402423	225.031376	135.626781	134.960509	185.054205	225.032266	181.123445	134.941947	293.281711	90.000000	90.000000	180.000000	180.000000	180.000000	50.106650	90.000000	0.000000	350.263642	0.000000	0.000000	0.000000	90.000000	180.000000	180.000000	180.000000	0.000000	0.000000	0.000000	0.000000	0.000000	
48.853110	45.218090	166.302911	224.933901	180.000000	90.000000	89.984807	0.000000	313.494192	0.000000	0.000000	325.399424	91.726638	39.444933	225.031376	135.626781	134.960520	185.329544	225.031944	181.121223	134.944742	297.405322	90.000000	90.000000	180.000000	180.000000	180.000000	49.704332	90.000000	0.000000	354.404635	0.000000	0.000000	0.000000	90.000000	180.000000	180.000000	180.000000	0.000000	0.000000	0.000000	0.000000	0.000000	
48.849540	45.217938	166.314386	224.933901	180.000000	90.000000	89.984922	0.000000	313.494192	0.000000	0.000000	325.399424	93.353864	39.468782	225.031376	135.626781	134.960528	185.443316	225.031739	181.119792	134.946421	300.024816	90.000000	90.000000	180.000000	180.000000	180.000000	49.442501	90.000000	0.000000	357.015327	0.000000	0.000000	0.000000	90.000000	180.000000	180.000000	180.000000	0.000000	0.000000	0.000000	0.000000	0.000000	
48.847385	45.217840	166.506239	224.933901	180.000000	90.000000	89.984996	0.000000	313.494192	0.000000	0.000000	325.399424	94.359235	39.482169	225.031376	135.626781	134.960532	181.435866	225.031608	181.118869	134.947431	301.688999	90.000000	90.000000	180.000000	180.000000	180.000000	49.271981	90.000000	0.000000	358.640856	0.000000	0.000000	0.000000	90.000000	180.000000	180.000000	180.000000	90.000000	0.000000	0.000000	0.000000	0.000000	
48.846083	45.217778	171.400609	224.933901	180.000000	90.000000	89.985043	0.000000	313.494192	0.000000	0.000000	325.399424	92.749574	39.489686	225.025434	135.626781	134.960536	178.758621	225.031524	181.118273	134.948039	302.746715	90.000000	90.000000	180.000000	180.000000	180.000000	49.160846	90.000000	0.000000	359.641070	0.000000	0.000000	0.000000	90.000000	180.000000	180.000000	180.000000	90.000000	0.000000	0.000000	0.000000	0.000000	
48.845295	45.217737	174.761030	224.933901	180.000000	90.000000	89.985074	0.000000	313.494192	0.000000	0.000000	325.399424	91.562639	39.493909	225.021666	135.626781	134.960538	177.010032	225.031471	181.117887	134.948405	303.419358	90.000000	90.000000	180.000000	180.000000	180.000000	49.088361	90.000000	0.000000	0.253073	0.000000	0.000000	0.000000	90.000000	180.000000	180.000000	180.000000	90.000000	0.000000	0.000000	0.000000	0.000000	
48.844819	45.217712	177.037639	224.933901	180.000000	90.000000	89.985093	0.000000	313.494192	0.000000	0.000000	325.399424	90.699244	39.496283	225.019274	135.626781	134.960539	175.899395	225.031437	181.117637	134.948625	303.847393	90.000000	90.000000	180.000000	180.000000	180.000000	49.041045	90.000000	0.000000	0.633113	0.000000	0.000000	0.000000	90.000000	180.000000	180.000000	180.000000	90.000000	0.000000	0.000000	0.000000	0.000000	
48.844530	45.217695	178.559849	224.933901	180.000000	90.000000	89.985106	0.000000	313.494192	0.000000	0.000000	325.399424	90.090041	39.497618	225.017755	135.626781	134.960540	175.216551	225.031415	181.117475	134.948758	304.119960	90.000000	90.000000	180.000000	180.000000	180.000000	49.010134	90.000000	0.000000	358.499912	0.000000	0.000000	0.000000	90.000000	180.000000	180.000000	180.000000	90.000000	180.000000	0.000000	0.000000	0.000000	
48.844355	45.217684	179.567431	224.933901	180.000000	90.000000	89.985114	0.000000	313.494192	0.000000	0.000000	325.399424	89.685869	39.498369	225.016790	135.626781	134.960540	177.119988	225.031401	181.117369	134.948838	304.293655	90.000000	90.000000	180.000000	180.000000	180.000000	48.663205	90.000000	0.000000	356.984593	0.000000	0.000000	0.000000	90.000000	180.000000	180.000000	180.000000	90.000000	180.000000	0.000000	0.000000	0.000000	
48.844249	45.217677	180.234814	224.933901	180.000000	90.000000	89.985120	0.000000	313.494192	0.000000	0.000000	325.399424	89.451302	39.498792	225.016177	135.626781	134.960541	178.518860	225.031392	180.943995	134.948887	304.404426	90.000000	90.000000	180.000000	180.000000	180.000000	47.833096	90.000000	0.000000	355.695488	0.000000	0.000000	0.000000	90.000000	180.000000	180.000000	180.000000	90.000000	180.000000	0.000000	0.000000	0.000000	
48.844185	45.217673	178.808215	224.933901	180.000000	90.000000	89.985123	0.000000	313.494192	0.000000	0.000000	325.399424	89.146217	39.499030	225.015786	135.626781	134.960541	179.527356	225.031386	180.833491	134.948916	304.475127	90.000000	90.000000	180.000000	180.000000	180.000000	46.691792	90.000000	0.000000	354.594804	0.000000	0.000000	0.000000	90.000000	180.000000	180.000000	180.000000	90.000000	180.000000	0.000000	0.000000	0.000000	
48.844146	45.217670	177.783388	224.933901	180.000000	90.000000	89.985125	0.000000	313.494192	0.000000	0.000000	325.399424	88.698077	39.499164	225.015537	135.626781	134.967944	180.227676	225.031382	180.763004	134.948934	304.520289	90.000000	90.000000	180.000000	180.000000	180.000000	45.356961	90.000000	0.000000	353.659790	0.000000	0.000000	0.000000	90.000000	180.000000	180.000000	180.000000	90.000000	180.000000	180.000000	0.000000	0.000000	
48.844122	45.217668	177.074690	224.933901	180.000000	90.000000	89.987418	0.000000	313.494192	0.000000	0.000000	325.399424	88.207265	39.499240	225.015379	135.626781	134.972639	180.935490	225.031380	180.718007	134.948944	304.549163	90.000000	90.000000	180.000000	180.000000	180.000000	43.914443	90.000000	0.000000	352.876235	0.000000	0.000000	0.000000	90.000000	180.000000	180.000000	180.000000	90.000000	180.000000	180.000000	0.000000	0.000000	
48.844107	45.217667	176.350677	224.933901	180.000000	90.000000	89.988878	0.000000	313.494192	0.000000	0.000000	325.399424	87.743582	39.499283	225.015278	135.626781	134.975617	181.715576	225.031378	180.689257	134.948951	304.567641	90.000000	90.000000	180.000000	180.000000	180.000000	42.431013	90.000000	0.000000	352.234592	0.000000	0.000000	0.000000	90.000000	180.000000	180.000000	180.000000	90.000000	180.000000	180.000000	0.000000	0.000000	
48.844098	45.217666	175.561221	224.933901	180.000000	99.084153	89.989810	0.000000	313.494192	0.000000	0.000000	325.399424	87.354799	39.499307	225.015214	135.626781	134.977508	182.485753	225.031377	180.670872	134.948955	304.579477	90.000000	90.000000	180.000000	180.000000	180.000000	40.961359	90.000000	0.000000	351.727694	0.000000	0.000000	0.000000	90.000000	180.000000	180.000000	180.000000	90.000000	180.000000	180.000000	0.000000	0.000000	
48.844093	45.176414	174.786161	224.933901	180.000000	104.557220	89.990404	0.000000	313.494192	0.000000	0.000000	325.399424	87.072550	39.499320	225.015172	135.626781	134.978710	183.186792	225.031377	180.659104	134.948957	304.587066	90.000000	90.000000	180.000000	180.000000	180.000000	39.551634	90.000000	0.000000	351.349449	0.000000	0.000000	0.000000	90.000000	180.000000	180.000000	180.000000	90.000000	180.000000	180.000000	180.000000	0.000000	
48.844090	45.150247	174.083041	224.933901	180.000000	107.851064	89.990784	0.000000	313.494192	0.000000	0.000000	325.399424	86.916578	39.499328	225.015146	135.626781	134.979473	183.776950	225.031376	180.651564	134.948958	304.591938	90.000000	90.000000	180.000000	180.000000	180.000000	38.241020	90.000000	0.000000	351.094153	0.000000	0.000000	0.000000	90.000000	180.000000	180.000000	180.000000	90.000000	180.000000	180.000000	180.000000	0.000000	
48.844088	45.133639	173.492350	224.933901	180.000000	109.833342	89.991027	0.000000	313.494192	0.000000	0.000000	325.399424	90.382230	39.499333	225.015129	135.626781	134.979959	184.228098	225.031376	180.646728	134.948959	304.595068	90.000000	90.000000	180.000000	180.000000	180.000000	37.062253	90.000000	0.000000	350.956159	0.000000	0.000000	0.000000	81.563027	180.000000	180.000000	180.000000	90.000000	180.000000	180.000000	180.000000	0.000000	
48.844087	45.123092	173.041262	224.933901	180.000000	111.026734	89.991182	0.000000	313.494192	0.000000	0.000000	325.399424	92.594079	39.499335	225.015118	135.626781	134.980268	184.522746	225.031376	180.643623	134.948960	304.597082	90.000000	90.000000	180.000000	180.000000	180.000000	38.760900	90.000000	0.000000	350.929773	0.000000	0.000000	0.000000	76.180482	180.000000	180.000000	180.000000	90.000000	180.000000	180.000000	180.000000	0.000000	
48.844086	45.116390	172.746518	224.933901	180.000000	111.745563	89.991282	0.000000	313.494192	0.000000	0.000000	325.399424	93.956391	39.499336	225.015111	135.626781	134.980465	184.651640	225.031376	180.641627	134.948960	304.598380	90.000000	90.000000	180.000000	180.000000	180.000000	39.793606	90.000000	0.000000	351.009267	0.000000	0.000000	0.000000	72.751556	180.000000	180.000000	180.000000	90.000000	180.000000	180.000000	180.000000	90.000000	
48.063910	45.112128	172.616783	224.933901	180.000000	112.178795	89.991345	0.000000	313.494192	0.000000	0.000000	325.399424	94.753171	39.499337	225.015107	135.626781	134.980590	180.749861	225.025434	180.640343	134.948960	304.599216	90.000000	90.000000	180.000000	180.000000	180.000000	40.375716	90.000000	0.000000	356.732749	0.000000	0.000000	0.000000	70.567495	180.000000	180.000000	180.000000	90.000000	180.000000	180.000000	180.000000	90.000000	
47.596046	45.109417	176.856394	224.933901	180.000000	112.440063	89.991386	0.000000	313.494192	0.000000	0.000000	325.399424	93.061207	39.499338	225.015104	135.626781	134.980670	178.145641	225.021666	180.639515	134.948960	304.599757	90.000000	90.000000	180.000000	180.000000	180.000000	40.660250	90.000000	0.000000	354.782770	0.000000	0.000000	0.000000	69.175815	180.000000	180.000000	180.000000	90.000000	180.000000	180.000000	180.000000	90.000000	
47.315349	45.107690	175.603083	224.933901	180.000000	112.597729	89.991413	0.000000	313.494192	0.000000	0.000000	325.399424	91.798592	39.499338	225.015102	135.626781	134.980722	176.446459	225.019274	180.638981	134.948961	304.600107	90.000000	90.000000	180.000000	180.000000	180.000000	40.757063	90.000000	0.000000	359.028665	0.000000	0.000000	0.000000	68.288491	180.000000	180.000000	180.000000	90.000000	180.000000	180.000000	180.000000	90.000000	
47.146866	45.106590	178.825521	224.933901	180.000000	112.692940	89.991429	0.000000	313.494192	0.000000	0.000000	325.399424	90.864017	39.499338	225.015101	135.626781	134.980754	175.368171	225.017755	180.638636	134.948961	304.600333	90.000000	90.000000	180.000000	180.000000	180.000000	46.459159	90.000000	0.000000	1.634060	0.000000	0.000000	0.000000	67.722326	180.000000	180.000000	180.000000	90.000000	180.000000	180.000000	180.000000	90.000000	
47.045688	45.105888	180.992525	224.933901	180.000000	112.750476	89.991440	0.000000	313.494192	0.000000	0.000000	325.399424	90.187077	39.499338	225.015100	135.626781	134.980775	174.705303	225.016790	180.638413	134.948961	304.600480	90.000000	90.000000	180.000000	180.000000	180.000000	50.371602	90.000000	0.000000	358.026421	0.000000	0.000000	0.000000	67.360789	180.000000	180.000000	180.000000	90.000000	180.000000	180.000000	180.000000	90.000000	
46.984898	45.105440	182.427089	224.933901	180.000000	112.785272	89.991447	0.000000	313.494192	0.000000	0.000000	325.399424	89.718153	39.499338	225.015100	135.626781	134.980789	185.262576	225.016177	180.638268	134.948961	304.600576	90.000000	90.000000	180.000000	180.000000	180.000000	53.014241	90.000000	0.000000	0.930124	0.000000	0.000000	0.000000	67.129726	180.000000	180.000000	180.000000	90.000000	180.000000	180.000000	180.000000	90.000000	
46.948355	45.105154	183.363919	224.933901	180.000000	112.806331	89.991452	0.000000	313.494192	0.000000	0.000000	325.399424	89.421672	39.499338	225.015100	135.626781	134.980797	192.408568	225.015786	180.638174	134.948961	306.555156	90.000000	90.000000	180.000000	180.000000	180.000000	54.764626	90.000000	0.000000	2.727401	0.000000	0.000000	0.000000	66.981917	180.000000	180.000000	180.000000	90.000000	180.000000	180.000000	180.000000	90.000000	
46.926376	45.104971	181.721888	224.933901	180.000000	112.819086	89.991455	0.000000	313.494192	0.000000	0.000000	325.399424	89.271606	39.499338	225.015099	135.626781	134.980803	197.108184	225.015537	180.638113	134.959383	307.795062	90.000000	90.000000	180.000000	180.000000	180.000000	55.894519	90.000000	0.000000	3.820986	0.000000	0.000000	0.000000	66.887276	180.000000	180.000000	180.000000	90.000000	180.000000	180.000000	180.000000	90.000000	
46.913149	45.104854	180.520530	224.933901	180.000000	112.826819	89.991457	0.000000	313.494192	0.000000	0.000000	325.399424	88.904400	39.499338	225.015099	135.626781	134.980806	200.078580	225.015379	180.538560	134.965634	308.581969	90.000000	90.000000	180.000000	180.000000	180.000000	56.599295	90.000000	0.000000	4.475777	0.000000	0.000000	0.000000	66.826618	180.000000	180.000000	180.000000	90.000000	180.000000	180.000000	180.000000	90.000000	
46.905185	45.104779	179.663757	224.933901	180.000000	112.831511	89.991458	0.000000	313.494192	0.000000	0.000000	325.399424	88.434310	40.718552	225.015099	135.626781	134.980808	201.837975	225.015278	180.475097	134.969384	309.081654	90.000000	90.000000	180.000000	180.000000	180.000000	57.019808	90.000000	0.000000	1.964327	0.000000	0.000000	0.000000	66.787700	180.000000	180.000000	180.000000	90.000000	180.000000	180.000000	180.000000	90.000000	
46.900387	45.104731	179.071047	224.933901	180.000000	112.834361	89.991459	0.000000	313.494192	0.000000	0.000000	325.399424	87.949522	41.400661	225.012267	135.626781	134.980810	199.387651	225.015214	180.434607	134.971636	309.399143	90.000000	90.000000	180.000000	180.000000	180.000000	57.258082	90.000000	0.000000	0.341867	0.000000	0.000000	0.000000	66.762703	180.000000	180.000000	180.000000	90.000000	180.000000	180.000000	180.000000	90.000000	
46.897494	45.104700	178.333946	224.933901	180.000000	112.836093	89.992782	0.000000	313.494192	0.000000	0.000000	325.399424	87.511095	41.782409	225.010471	135.626781	134.980811	197.907575	225.015172	180.408754	134.972989	309.600997	90.000000	90.000000	180.000000	180.000000	180.000000	57.388414	90.000000	0.000000	359.169831	0.000000	0.000000	0.000000	66.746628	180.000000	180.000000	180.000000	90.000000	180.000000	180.000000	180.000000	90.000000	
46.895748	45.104681	177.554375	224.933901	180.000000	112.837147	89.993625	0.000000	313.494192	0.000000	0.000000	325.399424	87.160407	41.996134	225.009332	135.626781	134.980811	197.079555	225.015146	180.392233	134.973801	309.729417	90.000000	90.000000	180.000000	180.000000	180.000000	57.465172	90.000000	0.000000	358.103499	0.000000	0.000000	0.000000	66.736279	180.000000	180.000000	180.000000	90.000000	180.000000	180.000000	180.000000	90.000000	
46.894695	45.104668	176.806185	224.933901	180.000000	112.837790	89.994163	0.000000	313.494192	0.000000	0.000000	325.399424	86.924381	42.115835	225.008609	135.626781	134.980812	196.679550	225.015129	180.381665	134.974290	309.811176	90.000000	90.000000	180.000000	180.000000	180.000000	57.528270	90.000000	0.000000	357.147622	0.000000	0.000000	0.000000	66.729607	180.000000	180.000000	180.000000	90.000000	180.000000	180.000000	180.000000	90.000000	
46.894059	45.104660	176.142295	224.933901	180.000000	112.838181	89.994506	0.000000	313.494192	0.000000	0.000000	325.399424	86.819287	42.182903	225.008149	135.626781	134.980812	196.549801	225.015118	180.374899	134.974584	309.863265	90.000000	90.000000	180.000000	180.000000	180.000000	57.607028	90.000000	0.000000	356.306634	0.000000	0.000000	0.000000	66.725300	180.000000	180.000000	180.000000	90.000000	180.000000	180.000000	180.000000	90.000000	
46.893674	45.104654	175.599540	224.933901	180.000000	112.838420	89.994726	0.000000	313.494192	0.000000	0.000000	325.399424	90.288749	42.220494	225.007857	135.626781	134.980812	196.579170	225.015111	180.370563	134.974761	309.896476	90.000000	90.000000	180.000000	180.000000	180.000000	57.722896	90.000000	0.000000	355.583900	0.000000	0.000000	0.000000	66.722515	180.000000	180.000000	180.000000	90.000000	180.000000	180.000000	180.000000	90.000000	
46.893441	45.104651	175.202199	224.933901	180.000000	112.838567	89.994866	0.000000	313.494192	0.000000	0.000000	325.399424	92.515344	42.241574	225.007671	135.626781	134.980812	196.689443	225.015107	180.367781	134.974867	309.917668	90.000000	90.000000	180.000000	180.000000	180.000000	57.891387	90.000000	0.000000	354.981353	0.000000	0.000000	0.000000	66.720713	180.000000	180.000000	180.000000	90.000000	180.000000	180.000000	180.000000	90.000000	
46.893300	45.104649	174.964753	224.933901	180.000000	112.838656	89.994956	0.000000	313.494192	0.000000	0.000000	325.399424	93.898999	42.253399	225.007553	135.626781	134.980812	196.825838	225.015104	180.365994	134.974932	309.931202	90.000000	90.000000	180.000000	180.000000	180.000000	58.123473	90.000000	0.000000	354.499384	0.000000	0.000000	0.000000	66.719543	180.000000	180.000000	180.000000	90.000000	180.000000	180.000000	180.000000	90.000000	
46.893215	45.104647	178.912063	224.933901	180.000000	112.838711	89.995013	0.000000	313.494192	0.000000	0.000000	325.399424	94.721188	42.260035	225.007478	135.626781	134.984445	196.950389	225.015102	180.364846	134.974970	309.939852	90.000000	90.000000	180.000000	180.000000	180.000000	58.426590	90.000000	0.000000	354.136924	0.000000	0.000000	0.000000	66.718784	180.000000	180.000000	180.000000	90.000000	180.000000	180.000000	180.000000	90.000000	
46.893163	45.104646	177.618693	224.933901	180.000000	112.838745	89.995050	0.000000	313.494192	0.000000	0.000000	325.399424	93.012477	42.263761	225.007430	135.626781	134.986749	197.037289	225.015101	180.364106	134.974994	309.945386	90.000000	90.000000	180.000000	180.000000	180.000000	58.805405	90.000000	0.000000	353.891621	0.000000	0.000000	0.000000	66.718289	180.000000	180.000000	180.000000	90.000000	180.000000	180.000000	180.000000	90.000000	
46.893132	45.104646	180.613024	224.933901	180.000000	117.349277	89.995074	0.000000	313.494192	0.000000	0.000000	325.399424	91.747871	42.265854	225.007399	135.626781	134.988211	197.069567	225.015100	180.363629	134.975008	309.948930	90.000000	90.000000	180.000000	180.000000	180.000000	61.374255	90.000000	0.000000	353.760080	0.000000	0.000000	0.000000	62.594678	180.000000	180.000000	180.000000	90.000000	180.000000	180.000000	180.000000	90.000000	
46.893112	45.085002	182.606081	224.933901	171.603681	120.057439	89.995089	0.000000	313.494192	0.000000	0.000000	325.399424	90.821628	42.267031	225.007380	135.626781	134.989139	197.036697	225.015100	180.363322	134.975016	309.951202	90.000000	90.000000	180.000000	180.000000	180.000000	63.201645	90.000000	0.000000	353.738126	0.000000	0.000000	0.000000	59.975184	180.000000	180.000000	180.000000	90.000000	180.000000	180.000000	180.000000	90.000000	
46.893101	45.072545	183.907120	224.933901	166.248037	121.683569	89.995099	0.000000	313.494192	0.000000	0.000000	325.399424	90.160064	42.267692	225.007367	135.626781	134.989729	202.571887	225.015100	180.363123	134.975021	309.952660	90.000000	90.000000	180.000000	180.000000	180.000000	64.546337	90.000000	0.000000	359.103697	0.000000	0.000000	0.000000	58.311001	180.000000	180.000000	180.000000	90.000000	180.000000	180.000000	180.000000	90.000000	
46.893094	45.064641	184.740431	224.933901	162.836823	122.660327	89.995105	0.000000	313.494192	0.000000	0.000000	325.399424	89.711132	42.268064	225.007359	135.626781	134.990105	204.838363	225.015099	180.362994	134.975025	309.953596	90.000000	90.000000	180.000000	180.000000	180.000000	65.585747	90.000000	0.000000	357.170009	0.000000	0.000000	0.000000	57.253285	180.000000	180.000000	180.000000	90.000000	180.000000	180.000000	180.000000	90.000000	
46.893089	45.059623	182.872187	224.933901	160.664407	123.247298	89.995109	0.000000	313.494192	0.000000	0.000000	325.399424	89.437476	42.268274	225.007354	135.626781	134.990343	206.347371	225.015099	180.362911	134.975026	309.954198	90.000000	90.000000	180.000000	180.000000	180.000000	66.440143	90.000000	0.000000	1.145468	0.000000	0.000000	0.000000	56.580642	180.000000	180.000000	180.000000	90.000000	180.000000	180.000000	180.000000	90.000000	
46.893087	45.056435	181.510173	224.933901	159.280384	123.600210	89.995112	0.000000	313.494192	0.000000	0.000000	325.399424	89.203892	42.268392	225.007351	135.626781	134.990495	207.352663	225.015099	180.362856	134.975028	309.954586	90.000000	90.000000	180.000000	180.000000	180.000000	67.189925	90.000000	0.000000	3.562763	0.000000	0.000000	0.000000	56.152607	180.000000	180.000000	180.000000	90.000000	180.000000	180.000000	180.000000	90.000000	
46.893085	45.054409	180.539587	224.933901	158.398099	123.812509	89.995114	0.000000	313.494192	0.000000	0.000000	325.399424	88.788512	42.268458	225.007349	135.626781	134.990592	208.022881	225.012267	180.362821	134.975028	309.954836	90.000000	90.000000	180.000000	180.000000	180.000000	63.853110	90.000000	0.000000	0.070766	0.000000	0.000000	0.000000	55.880040	180.000000	180.000000	180.000000	90.000000	180.000000	180.000000	180.000000	90.000000	
46.893084	45.053120	179.854246	224.933901	157.835252	123.940292	89.995115	0.000000	313.494192	0.000000	0.000000	325.399424	88.303396	42.268496	225.007347	135.626781	134.990654	208.470080	225.010471	180.305908	134.975029	309.954997	90.000000	90.000000	180.000000	180.000000	180.000000	66.069174	90.000000	0.000000	2.787098	0.000000	0.000000	0.000000	55.706345	180.000000	180.000000	180.000000	90.000000	180.000000	180.000000	180.000000	90.000000	
46.893084	45.052300	179.051988	224.933901	157.475905	124.017249	89.995115	0.000000	313.494192	0.000000	0.000000	325.399424	87.826647	42.268517	225.007346	135.626781	134.990693	208.768738	225.009332	180.269620	134.975029	309.955102	90.000000	90.000000	180.000000	180.000000	180.000000	63.318828	90.000000	0.000000	4.453273	0.000000	0.000000	0.000000	55.595574	180.000000	180.000000	180.000000	90.000000	180.000000	180.000000	180.000000	90.000000	
46.893083	45.051777	178.227246	224.933901	157.246287	124.063625	89.995116	0.000000	313.494192	0.000000	0.000000	325.399424	87.412053	42.268529	225.007346	135.626781	134.990718	208.968384	225.008609	180.246464	134.975029	309.955169	90.000000	90.000000	180.000000	180.000000	180.000000	61.725873	90.000000	0.000000	5.453532	0.000000	0.000000	0.000000	55.524873	180.000000	180.000000	180.000000	90.000000	180.000000	180.000000	180.000000	90.000000	
46.893083	45.051444	177.448569	224.933901	157.099434	124.091590	89.995877	0.000000	313.494192	0.000000	0.000000	325.399424	87.095673	42.268535	225.007345	135.626781	134.990735	209.101977	225.008149	180.231675	134.975029	309.955213	90.000000	90.000000	180.000000	180.000000	180.000000	60.954117	90.000000	0.000000	6.040302	0.000000	0.000000	0.000000	55.479711	180.000000	180.000000	180.000000	90.000000	180.000000	180.000000	180.000000	90.000000	
46.504305	45.051232	176.765051	224.933901	157.005426	124.108463	89.996362	0.000000	313.494192	0.000000	0.000000	325.399424	86.900506	42.268539	225.007345	135.626781	134.990745	209.191465	225.007857	180.222222	134.975029	309.955242	90.000000	90.000000	180.000000	180.000000	180.000000	60.765066	90.000000	0.000000	3.260388	0.000000	0.000000	0.000000	55.450837	180.000000	180.000000	180.000000	90.000000	180.000000	180.000000	180.000000	90.000000	
46.271088	45.051096	176.210719	224.933901	156.945187	124.118651	89.996671	0.000000	313.494192	0.000000	0.000000	325.399424	90.377418	42.268541	225.007345	135.626781	134.990751	209.251476	225.007671	180.216174	134.975029	310.898363	90.000000	90.000000	180.000000	180.000000	180.000000	60.992195	90.000000	0.000000	1.466544	0.000000	0.000000	0.000000	55.432359	180.000000	180.000000	180.000000	90.000000	180.000000	180.000000	180.000000	90.000000	
46.131124	45.051009	175.807765	224.933901	156.906548	124.124807	89.996868	0.000000	313.494192	0.000000	0.000000	325.399424	89.176358	42.268543	225.007345	135.626781	134.990756	209.291768	225.007553	180.212301	134.975029	311.496401	90.000000	90.000000	180.000000	180.000000	180.000000	61.520807	90.000000	0.000000	0.175644	0.000000	0.000000	0.000000	55.420523	180.000000	180.000000	180.000000	90.000000	180.000000	180.000000	180.000000	90.000000	
46.047084	45.050954	175.569108	224.933901	156.881736	124.128530	89.996995	0.000000	313.494192	0.000000	0.000000	325.399424	91.729948	42.268543	225.007345	135.626781	134.990758	209.318853	225.007478	180.209818	134.975029	311.875822	90.000000	90.000000	180.000000	180.000000	180.000000	66.612030	90.000000	0.000000	359.033209	0.000000	0.000000	0.000000	55.412934	180.000000	180.000000	180.000000	90.000000	180.000000	180.000000	180.000000	90.000000	
45.996599	45.050918	179.435274	224.933901	156.865785	124.130782	89.997075	0.000000	313.494192	0.000000	0.000000	325.399424	93.357282	42.268544	225.007345	135.626781	134.990760	209.337085	225.007430	180.208225	134.975029	312.116681	90.000000	90.000000	180.000000	180.000000	180.000000	70.234211	90.000000	0.000000	358.029164	0.000000	0.000000	0.000000	55.408062	180.000000	180.000000	180.000000	90.000000	180.000000	180.000000	180.000000	90.000000	
45.966255	45.050896	181.993759	224.933901	156.855518	124.132146	89.997127	0.000000	313.494192	0.000000	0.000000	325.399424	94.363214	42.268544	225.007345	135.626781	134.990761	209.349374	225.007399	180.207202	134.975029	312.269672	90.000000	90.000000	180.000000	180.000000	180.000000	72.833242	90.000000	0.000000	357.158421	0.000000	0.000000	0.000000	55.404932	180.000000	180.000000	180.000000	90.000000	180.000000	180.000000	180.000000	90.000000	
45.948008	45.050881	183.641933	224.933901	156.848901	124.132973	89.997160	0.000000	313.494192	0.000000	0.000000	325.399424	83.947130	42.268544	225.007345	135.626781	134.990762	209.357671	225.007380	180.206543	134.980103	312.366911	90.000000	90.000000	180.000000	180.000000	180.000000	74.730503	90.000000	0.000000	356.418156	0.000000	0.000000	0.000000	55.402918	180.000000	180.000000	180.000000	90.000000	180.000000	180.000000	180.000000	90.000000	
45.937029	45.050872	184.666525	224.933901	156.844631	124.133475	89.997181	0.000000	313.494192	0.000000	0.000000	325.399424	77.030052	42.268544	225.007345	135.626781	134.990762	209.363280	225.007367	180.206119	134.983146	312.428756	90.000000	90.000000	180.000000	180.000000	180.000000	75.682057	90.000000	0.000000	355.806224	0.000000	0.000000	0.000000	55.401620	180.000000	180.000000	180.000000	90.000000	180.000000	180.000000	180.000000	90.000000	
45.930419	45.050866	185.274303	224.933901	156.841872	124.133780	89.997195	0.000000	313.494192	0.000000	0.000000	325.399424	72.558329	42.268544	225.007345	135.626781	134.990763	209.367080	225.007359	180.205846	134.984972	312.468116	90.000000	90.000000	180.000000	180.000000	180.000000	76.376323	90.000000	0.000000	355.320312	0.000000	0.000000	0.000000	55.400784	180.000000	180.000000	180.000000	90.000000	180.000000	180.000000	180.000000	90.000000	
45.926437	45.050862	183.306193	224.933901	156.840086	124.133965	89.997204	0.000000	313.494192	0.000000	0.000000	325.399424	69.776624	42.268544	225.007345	135.626781	134.990763	209.369658	225.007354	180.205669	134.986067	312.493184	90.000000	90.000000	180.000000	180.000000	180.000000	76.916497	90.000000	0.000000	354.957540	0.000000	0.000000	0.000000	55.400243	180.000000	180.000000	180.000000	90.000000	180.000000	180.000000	180.000000	90.000000	
45.924037	45.050859	181.851321	224.933901	156.838928	124.134077	89.997209	0.000000	313.494192	0.000000	0.000000	325.399424	68.155057	42.268544	225.007345	135.626781	134.990763	209.371410	225.007351	180.205555	134.986725	312.509162	90.000000	90.000000	180.000000	180.000000	180.000000	77.373802	90.000000	0.000000	354.714340	0.000000	0.000000	0.000000	55.399893	180.000000	180.000000	180.000000	90.000000	180.000000	180.000000	180.000000	90.000000	
45.922589	45.050858	180.793074	224.933901	156.838176	124.134146	89.997213	0.000000	313.494192	0.000000	0.000000	325.399424	70.577063	42.268544	225.007345	135.626781	134.990763	209.372604	225.007349	180.205481	134.987121	312.519353	90.000000	90.000000	180.000000	180.000000	180.000000	76.345427	90.000000	0.000000	354.586502	0.000000	0.000000	0.000000	55.399667	180.000000	180.000000	180.000000	90.000000	180.000000	180.000000	180.000000	90.000000	
45.921716	45.050857	180.047751	224.933901	156.837686	124.134188	89.997215	0.000000	313.494192	0.000000	0.000000	325.399424	72.166105	42.268544	225.007345	135.626781	134.990763	209.373419	225.007347	180.205433	134.987359	312.525859	90.000000	90.000000	180.000000	180.000000	180.000000	75.517995	90.000000	0.000000	354.569302	0.000000	0.000000	0.000000	55.399520	180.000000	180.000000	180.000000	90.000000	180.000000	180.000000	180.000000	90.000000	
45.921188	45.050856	179.554482	224.933901	152.709384	124.134213	89.997217	0.000000	313.494192	0.000000	0.000000	325.399424	73.209583	42.871709	225.007345	135.626781	134.992495	212.135013	225.007346	180.205402	134.987501	312.530016	90.000000	90.000000	180.000000	180.000000	180.000000	74.887502	90.000000	0.000000	359.816070	0.000000	0.000000	0.000000	55.399424	180.000000	180.000000	180.000000	90.000000	180.000000	180.000000	180.000000	90.000000	
45.920869	45.050856	179.268367	224.933901	150.087235	124.134229	89.997218	0.000000	313.494192	0.000000	0.000000	325.399424	73.895530	43.209115	225.007345	135.626781	134.993593	213.971072	225.007346	180.173695	134.987587	312.532674	90.000000	90.000000	180.000000	180.000000	180.000000	74.448303	90.000000	0.000000	357.937286	0.000000	0.000000	0.000000	53.444844	180.000000	180.000000	180.000000	90.000000	180.000000	180.000000	180.000000	90.000000	
45.920676	45.050855	179.155768	224.933901	148.421582	124.134239	89.997219	0.000000	313.494192	0.000000	0.000000	325.399424	74.346975	43.397924	225.007345	135.626781	134.994290	215.192310	225.007345	180.153489	134.987639	312.534375	90.000000	90.000000	180.000000	180.000000	180.000000	74.193042	90.000000	0.000000	1.820918	0.000000	0.000000	0.000000	52.204938	180.000000	180.000000	180.000000	90.000000	180.000000	180.000000	180.000000	90.000000	
45.920559	45.050855	179.191052	224.933901	147.363077	124.134244	89.997219	0.000000	313.494192	0.000000	0.000000	325.399424	74.486778	43.503617	225.007345	135.626781	134.994733	216.005113	225.007345	180.140604	134.987671	312.535466	90.000000	90.000000	180.000000	180.000000	180.000000	74.112926	90.000000	0.000000	4.182863	0.000000	0.000000	0.000000	51.418031	180.000000	180.000000	180.000000	90.000000	180.000000	180.000000	180.000000	90.000000	
45.920489	45.041223	179.354321	224.933901	146.690028	124.134248	89.997219	0.000000	313.494192	0.000000	0.000000	325.399424	74.422800	43.562805	225.007345	135.626781	134.995014	216.546476	225.007345	180.132379	134.987689	312.536165	90.000000	90.000000	180.000000	180.000000	180.000000	74.198179	90.000000	0.000000	5.573434	0.000000	0.000000	0.000000	50.918346	180.000000	180.000000	180.000000	90.000000	180.000000	180.000000	180.000000	90.000000	
45.920446	45.035113	179.629837	224.933901	146.261798	126.340885	89.997655	0.000000	313.494192	0.000000	0.000000	325.399424	74.249331	43.595963	225.007345	135.626781	134.995192	216.907335	225.007345	180.127126	134.987701	312.536614	90.000000	90.000000	180.000000	180.000000	180.000000	74.438531	90.000000	0.000000	6.352266	0.000000	0.000000	0.000000	50.600857	180.000000	180.000000	180.000000	90.000000	180.000000	180.000000	180.000000	90.000000	
45.920420	45.031235	180.004908	224.933901	145.989149	127.664524	89.997932	0.000000	313.494192	0.000000	0.000000	325.399424	74.031008	43.614546	225.007345	135.626781	134.995306	217.148080	225.007345	180.123767	134.987708	312.536902	90.000000	90.000000	180.000000	180.000000	180.000000	79.734803	90.000000	0.000000	6.754306	0.000000	0.000000	0.000000	50.399003	180.000000	180.000000	180.000000	90.000000	180.000000	180.000000	180.000000	90.000000	
45.920404	45.028773	180.469119	224.933901	145.815430	128.458789	89.998109	0.000000	313.494192	0.000000	0.000000	325.399424	73.811835	43.624965	225.007345	135.626781	134.995378	217.308837	225.007345	180.121617	134.987712	312.537088	90.000000	90.000000	180.000000	180.000000	180.000000	78.474864	90.000000	0.000000	6.933380	0.000000	0.000000	0.000000	50.270583	180.000000	180.000000	180.000000	90.000000	180.000000	180.000000	180.000000	90.000000	
45.920394	45.027208	181.013776	224.933901	145.704662	128.935607	89.998223	0.000000	313.494192	0.000000	0.000000	325.399424	73.621332	43.630809	225.007345	135.626781	134.995424	217.416284	225.007345	180.120240	134.987714	312.537207	90.000000	90.000000	180.000000	180.000000	180.000000	82.500667	90.000000	0.000000	3.907745	0.000000	0.278594	0.000000	50.188824	180.000000	180.000000	180.000000	90.000000	180.000000	180.000000	180.000000	90.000000	
45.920388	45.026213	181.631524	224.933901	145.633976	129.221989	89.998295	0.000000	313.494192	0.000000	0.000000	325.399424	73.478759	43.634088	225.007345	135.626781	134.995454	217.488170	225.007345	180.119358	134.987716	312.537285	90.000000	90.000000	180.000000	180.000000	180.000000	85.219804	90.000000	0.000000	1.943681	0.000000	0.797520	0.000000	50.136735	180.000000	180.000000	180.000000	90.000000	180.000000	180.000000	180.000000	90.000000	
45.920385	45.025580	186.040069	224.933901	145.588831	129.394080	89.998341	0.000000	313.494192	0.000000	0.000000	325.399424	73.396066	43.635929	225.007345	135.626781	134.995472	217.536316	225.007345	180.118791	134.987717	312.537335	90.000000	90.000000	180.000000	180.000000	180.000000	87.038713	90.000000	0.000000	0.681734	0.000000	1.473828	0.000000	50.103524	180.000000	180.000000	180.000000	90.000000	180.000000	180.000000	180.000000	90.000000	
45.920383	45.025177	185.431707	224.933901	145.559973	129.497545	89.998371	0.000000	313.494192	0.000000	0.000000	325.399424	73.396066	43.636963	225.007345	135.626781	134.995484	217.568598	225.007345	180.118427	134.987717	312.537367	90.000000	90.000000	180.000000	180.000000	180.000000	88.247856	90.000000	0.000000	359.582083	0.000000	2.250752	0.000000	50.082332	180.000000	180.000000	180.000000	90.000000	180.000000	180.000000	180.000000	90.000000	
45.920381	45.024920	188.770635	224.933901	145.541510	129.559785	89.998390	0.000000	313.494192	0.000000	0.000000	325.399424	73.396066	43.637544	225.007345	135.626781	134.995492	217.590268	225.007345	180.118192	134.987718	312.537388	90.000000	90.000000	180.000000	180.000000	180.000000	89.054302	90.000000	0.000000	358.582414	0.000000	3.087708	0.000000	50.068798	180.000000	180.000000	180.000000	90.000000	180.000000	180.000000	180.000000	90.000000	
45.920381	45.024756	188.860648	224.933901	145.529686	129.597246	89.998402	0.000000	313.494192	0.000000	0.000000	325.399424	73.396066	43.637870	225.007345	135.626781	134.995497	217.604833	225.007345	180.118042	134.987718	312.537401	90.000000	90.000000	180.000000	180.000000	180.000000	87.767053	90.000000	0.000000	357.690349	0.000000	3.954164	0.000000	50.060148	180.000000	180.000000	180.000000	90.000000	180.000000	180.000000	180.000000	90.000000	
45.920380	45.024652	188.920779	224.933901	145.522106	129.619807	89.998410	0.000000	313.494192	0.000000	0.000000	325.399424	73.396066	43.638054	225.007345	135.626781	134.995500	217.614635	225.007345	180.117944	134.987718	312.537410	90.000000	90.000000	180.000000	180.000000	180.000000	86.863861	90.000000	0.000000	356.911733	0.000000	4.825911	0.000000	50.054614	180.000000	180.000000	180.000000	90.000000	180.000000	180.000000	180.000000	90.000000	
45.920380	45.024585	188.960987	224.933901	145.517242	129.633402	89.998415	0.000000	313.494192	0.000000	0.000000	325.399424	73.396066	43.638157	225.007345	135.626781	134.995502	217.621241	225.007345	180.117881	134.987718	313.002372	90.000000	90.000000	180.000000	180.000000	171.521999	86.255424	90.000000	0.000000	356.250470	0.000000	5.682816	0.000000	50.051070	180.000000	180.000000	180.000000	90.000000	180.000000	180.000000	180.000000	90.000000	
45.920380	45.024542	188.987901	224.933901	145.514117	129.641600	89.998418	0.000000	313.494192	0.000000	0.000000	325.399424	73.396066	43.638216	225.007345	135.626781	134.995503	217.625699	225.007345	180.117841	134.987718	313.297277	80.871858	90.000000	180.000000	180.000000	166.112295	85.629859	90.000000	0.000000	355.708537	8.436973	6.507504	0.000000	50.048798	180.000000	180.000000	180.000000	90.000000	180.000000	180.000000	180.000000	90.000000	
45.732269	45.024515	189.005935	224.933901	145.512107	129.646546	89.998420	0.000000	313.494192	0.000000	0.000000	325.399424	73.396066	43.638248	225.007345	135.626781	134.995504	217.628713	225.007345	180.117814	134.987718	313.484430	75.371415	90.000000	180.000000	180.000000	162.665483	84.920435	90.000000	0.000000	355.286123	13.819518	7.284629	0.000000	50.047340	180.000000	180.000000	180.000000	90.000000	180.000000	180.000000	180.000000	90.000000	
45.619443	45.024497	189.018034	224.933901	145.510812	129.649533	89.998421	0.000000	313.494192	0.000000	0.000000	325.399424	73.396066	43.638267	225.007345	135.626781	134.995505	217.630754	225.007345	180.117797	134.987718	313.603270	72.060598	90.000000	180.000000	180.000000	160.469658	84.208608	90.000000	0.000000	354.981856	17.248444	8.000511	0.000000	50.046404	180.000000	180.000000	180.000000	90.000000	180.000000	180.000000	180.000000	90.000000	
45.551741	45.024486	189.026160	224.933901	145.509977	129.651337	89.998422	0.000000	313.494192	0.000000	0.000000	325.399424	73.396066	43.638277	225.007345	135.626781	134.995505	217.632138	225.007345	180.117786	134.987718	313.678779	70.067807	90.000000	180.000000	180.000000	159.070242	83.551808	90.000000	0.000000	354.793082	19.432505	8.642988	0.000000	50.045802	180.000000	180.000000	180.000000	90.000000	180.000000	180.000000	180.000000	90.000000	
45.511096	45.024479	189.031625	224.933901	145.509438	129.652428	89.998423	0.000000	313.494192	0.000000	0.000000	325.399424	73.396066	43.638283	225.007345	135.626781	134.995505	217.633079	225.007345	180.099509	134.987718	313.726787	68.867900	90.000000	180.000000	180.000000	158.177824	82.989766	90.000000	0.000000	354.716153	20.824185	9.201396	0.000000	50.045414	180.000000	180.000000	180.000000	90.000000	180.000000	180.000000	180.000000	90.000000	
45.486683	45.024474	189.035305	224.933901	145.509090	129.653088	89.998423	0.000000	313.494192	0.000000	0.000000	325.399424	73.396066	43.638287	225.007345	135.626781	134.995505	217.633720	225.007345	180.087859	134.987718	313.757330	68.145033	90.000000	180.000000	180.000000	157.608303	82.548892	90.000000	0.000000	359.947614	21.711509	9.666599	0.000000	50.045164	180.000000	180.000000	180.000000	90.000000	180.000000	180.000000	180.000000	90.000000	
45.472012	45.024471	189.037786	224.933901	145.508864	129.653488	89.998424	0.000000	313.494192	0.000000	0.000000	325.399424	73.396066	43.638288	225.007345	135.626781	134.995505	217.634157	225.007345	180.080428	134.987718	313.776776	67.709295	90.000000	180.000000	180.000000	157.244552	82.245478	90.000000	0.000000	357.998622	22.277674	10.031019	0.000000	50.045003	180.000000	180.000000	180.000000	90.000000	180.000000	180.000000	180.000000	90.000000	
45.463191	45.024470	189.039462	224.933901	145.508718	129.653731	89.998666	0.000000	313.494192	0.000000	0.000000	325.399424	73.396066	43.638289	225.007345	135.626781	134.995505	218.932567	225.007345	180.075685	134.990202	313.789166	67.446470	90.000000	180.000000	180.000000	157.012027	82.088166	90.000000	0.000000	1.875369	22.639211	10.288651	0.000000	50.044898	180.000000	180.000000	180.000000	90.000000	180.000000	180.000000	180.000000	90.000000	
45.457884	45.024468	189.040596	224.933901	145.508622	129.653878	89.998821	0.000000	313.494192	0.000000	0.000000	325.399424	73.396066	43.638290	225.007345	135.626781	134.995505	219.795186	225.007345	180.072654	134.991691	313.797065	67.287837	90.000000	180.000000	180.000000	156.863251	82.079928	90.000000	0.000000	359.289137	22.870274	10.435030	0.000000	50.044831	180.000000	180.000000	180.000000	90.000000	180.000000	180.000000	180.000000	90.000000	
45.454690	45.024468	189.041365	224.933901	143.541384	129.653967	89.998920	0.000000	313.494192	0.000000	0.000000	325.399424	73.396066	43.638290	225.007345	135.626781	134.995505	220.368648	225.007345	180.070716	134.992584	313.802106	67.192024	90.000000	180.000000	180.000000	156.767969	86.577618	90.000000	0.000000	2.588323	23.018083	10.994968	0.000000	50.044787	180.000000	180.000000	180.000000	90.000000	180.000000	180.000000	180.000000	90.000000	
45.452766	45.024467	189.041887	224.933901	142.293591	129.654021	89.998983	0.000000	313.494192	0.000000	0.000000	325.399424	73.396066	43.638291	225.007345	135.626781	134.995505	220.750152	225.007345	180.069475	134.993120	313.805325	67.134113	90.000000	180.000000	180.000000	156.706886	89.539276	90.000000	0.000000	4.604857	23.112724	11.354474	0.000000	50.044758	180.000000	180.000000	180.000000	90.000000	180.000000	180.000000	180.000000	90.000000	
45.451607	45.024467	189.042241	224.933901	141.501775	129.654054	89.999023	0.000000	313.494192	0.000000	0.000000	325.399424	73.396066	43.638291	225.007345	135.626781	134.996356	221.004145	225.007345	180.068680	134.993442	313.807383	67.099083	90.000000	180.000000	180.000000	156.667685	91.445166	90.000000	0.000000	5.804231	23.173382	11.543989	0.000000	49.101637	180.000000	180.000000	180.000000	90.000000	180.000000	180.000000	180.000000	90.000000	
45.450908	45.024466	189.042483	224.933901	140.999036	129.654074	89.999049	0.000000	313.494192	8.189452	0.000000	325.399424	73.396066	43.638291	225.007345	135.626781	134.996895	221.173381	225.007345	180.068170	134.993635	313.808699	67.077878	90.000000	180.000000	180.000000	156.642500	92.635636	90.000000	0.000000	6.491579	23.212300	11.586658	0.000000	48.503599	180.000000	180.000000	180.000000	90.000000	180.000000	180.000000	180.000000	90.000000	
45.450486	45.024466	195.286250	224.933901	140.679648	129.654087	89.999065	0.000000	313.494192	13.545640	0.000000	325.399424	73.396066	43.638291	225.007345	135.626781	134.997237	221.286238	225.007345	180.067843	134.993752	313.809543	67.065031	90.000000	180.000000	180.000000	156.626300	93.351196	90.000000	0.000000	6.866984	23.237297	12.919865	0.000000	48.124178	180.000000	180.000000	180.000000	90.000000	180.000000	180.000000	180.000000	90.000000	
45.450231	45.019876	199.449908	224.933901	140.476615	129.654094	89.999076	0.000000	313.494192	17.043324	0.000000	325.399424	73.396066	43.638291	225.007345	135.626781	134.997455	221.361565	225.007345	180.067633	134.993821	313.810083	67.057241	90.000000	180.000000	180.000000	156.615867	93.762068	90.000000	0.000000	3.886837	23.253372	13.979115	0.000000	47.883319	180.000000	180.000000	180.000000	90.000000	180.000000	180.000000	180.000000	90.000000	
45.450077	45.016966	202.224369	224.933901	140.347463	129.654099	89.999083	0.000000	313.494192	19.326962	0.000000	325.399424	73.396066	43.638291	225.007345	135.626781	134.997593	221.411889	225.007345	180.067497	134.993863	313.810430	67.052514	90.000000	180.000000	180.000000	156.609139	91.740799	90.000000	0.000000	1.961979	23.263721	14.779959	0.000000	47.730328	180.000000	180.000000	180.000000	90.000000	180.000000	180.000000	180.000000	90.000000	
45.449984	45.015119	204.073387	224.933901	140.265251	129.654101	89.999087	0.000000	313.494192	20.818566	0.000000	325.399424	73.396066	43.638291	225.007345	135.626781	134.997681	221.445542	225.007345	180.067410	134.993889	313.810652	67.049642	90.000000	180.000000	180.000000	156.604794	90.305303	90.000000	0.000000	0.626366	23.270393	15.337131	0.000000	47.633089	180.000000	180.000000	180.000000	90.000000	180.000000	180.000000	180.000000	90.000000	
45.449928	45.013946	205.306318	224.933901	140.212881	129.654103	89.999090	0.000000	313.494192	21.793504	0.000000	325.399424	73.396066	43.638291	225.007345	135.626781	134.997737	221.468070	225.007345	180.067354	134.993904	313.810796	67.047895	90.000000	180.000000	180.000000	156.601984	89.305895	90.000000	0.000000	359.450013	23.274700	15.665485	0.000000	47.571244	180.000000	180.000000	180.000000	90.000000	180.000000	180.000000	180.000000	90.000000	
45.449893	45.013202	206.129050	224.933901	140.179496	129.654104	89.999092	0.000000	313.494192	22.431265	0.000000	325.399424	73.396066	43.638291	225.007345	135.626781	134.997772	221.483166	225.007345	180.067317	134.993913	313.810888	67.046832	90.000000	180.000000	180.000000	156.600164	88.637332	90.000000	0.000000	358.418838	23.277485	15.780176	0.000000	47.531884	180.000000	180.000000	180.000000	90.000000	180.000000	180.000000	180.000000	90.000000	
45.449873	45.012728	206.678528	224.933901	140.158197	130.739372	89.999093	0.000000	313.494192	22.848840	0.000000	325.399424	73.396066	43.638291	225.007345	135.626781	134.997795	221.493295	225.007345	180.067294	134.993919	313.810948	67.046184	90.000000	180.000000	180.000000	156.598984	87.885985	90.000000	0.000000	357.525320	23.279287	15.696452	0.000000	47.506816	180.000000	180.000000	180.000000	90.000000	180.000000	180.000000	180.000000	90.000000	
45.449860	45.012427	207.045851	224.933901	140.144597	131.390222	89.999094	0.000000	313.494192	23.122514	0.000000	325.399424	73.396066	43.941761	225.007345	135.626781	134.997809	221.500098	225.007345	180.067278	134.993922	313.810986	67.045789	90.000000	180.000000	180.000000	156.598216	87.103224	90.000000	0.000000	356.765160	23.280457	15.429284	0.000000	47.490838	180.000000	180.000000	180.000000	90.000000	180.000000	180.000000	180.000000	90.000000	
45.449853	45.012236	207.291649	224.933901	140.135906	131.780713	89.999094	0.000000	313.494192	23.302062	0.000000	325.399424	73.396066	44.111558	225.007345	135.626781	134.997818	221.504673	225.007345	180.067269	134.993924	313.811011	67.045548	90.000000	180.000000	180.000000	152.555849	86.355591	90.000000	0.000000	356.135336	23.281216	10.365420	0.000000	47.480647	180.000000	180.000000	180.000000	90.000000	180.000000	180.000000	180.000000	90.000000	
45.449848	45.012113	207.456301	224.933901	140.130347	132.015105	89.999094	0.000000	313.494192	23.419986	0.000000	325.399424	73.396066	44.206597	225.007345	135.626781	134.997824	221.507755	225.007345	180.067262	134.993925	313.811027	67.045400	90.000000	180.000000	180.000000	149.989182	85.689844	90.000000	0.000000	355.633019	23.281711	6.867533	0.000000	47.474141	180.000000	180.000000	180.000000	90.000000	180.000000	180.000000	180.000000	90.000000	
45.449845	45.012036	207.566718	224.933901	140.126788	132.155866	89.999095	0.000000	313.494192	23.497525	0.000000	325.399424	73.396066	44.259811	225.007345	135.626781	134.997828	221.509833	225.007345	180.056768	134.993926	313.811037	67.045310	90.000000	180.000000	180.000000	148.359333	85.137939	90.000000	0.000000	355.255031	27.405322	4.478925	0.000000	47.469984	180.000000	180.000000	180.000000	90.000000	180.000000	180.000000	180.000000	90.000000	
45.449843	45.011986	207.640854	224.933901	140.124507	132.240440	89.999095	0.000000	313.494192	23.548573	0.000000	325.399424	73.396066	44.289619	225.007345	135.626781	134.997831	221.511237	225.007345	180.050078	134.993927	313.811044	67.045254	90.000000	180.000000	180.000000	147.323941	84.720552	90.000000	0.000000	354.997636	30.024816	2.864464	0.000000	47.467326	180.000000	180.000000	180.000000	90.000000	180.000000	180.000000	180.000000	90.000000	
45.449842	45.011954	207.690691	224.933901	140.123043	132.291282	89.999095	0.000000	313.494192	23.582223	0.000000	325.399424	73.396066	44.306321	225.007345	135.626781	134.997832	221.512187	225.007345	180.045810	134.993927	314.033457	67.045220	90.000000	180.000000	180.000000	146.665825	84.449734	90.000000	0.000000	354.856525	31.688999	1.779726	0.000000	47.465625	180.000000	180.000000	180.000000	90.000000	180.000000	180.000000	180.000000	90.000000	
45.449842	45.011934	207.724238	224.933901	140.122104	132.321862	89.999235	0.000000	313.494192	23.604435	0.000000	325.399424	73.396066	44.315685	225.007345	135.626781	134.997833	221.512831	225.007345	180.043085	134.993927	314.174483	62.538853	90.000000	180.000000	180.000000	146.247253	84.331014	90.000000	0.000000	354.826916	32.746715	1.046661	0.000000	47.464534	180.000000	180.000000	180.000000	90.000000	180.000000	180.000000	180.000000	90.000000	
45.449841	45.011921	207.746852	224.933901	140.121499	132.340265	89.999324	0.000000	313.494192	23.619118	0.000000	325.399424	73.396066	44.320936	225.007345	135.626781	134.997834	221.513268	225.007345	180.041344	134.993927	314.263953	59.832884	90.000000	180.000000	180.000000	145.980855	88.541753	90.000000	0.000000	0.037638	33.419358	2.288844	0.000000	47.463835	180.000000	180.000000	180.000000	90.000000	180.000000	180.000000	180.000000	90.000000	
45.449841	45.011913	207.762118	224.933901	140.121110	132.351347	89.999381	0.000000	313.494192	23.628839	0.000000	325.399424	73.396066	44.323882	225.007345	135.626781	134.997834	221.513565	225.007345	180.040230	134.993927	314.320749	58.207878	90.000000	180.000000	180.000000	145.811189	91.289520	90.000000	0.000000	358.158157	33.847393	3.179225	0.000000	47.463386	180.000000	180.000000	180.000000	90.000000	180.000000	180.000000	180.000000	90.000000	
45.449841	45.011908	207.772440	224.933901	140.120860	132.358024	89.999418	0.000000	313.494192	23.635286	0.000000	325.399424	73.396066	44.325536	225.007345	135.626781	134.997834	221.513768	225.007345	180.039517	134.993927	314.356824	57.231674	90.000000	180.000000	180.000000	145.703049	93.035311	90.000000	0.000000	2.015144	34.119960	3.789331	0.000000	47.463098	180.000000	180.000000	180.000000	90.000000	180.000000	180.000000	180.000000	90.000000	
45.449841	45.011904	207.779432	224.933901	140.120698	132.362049	89.999441	0.000000	313.494192	23.639568	0.000000	325.399424	73.396066	44.326464	225.007345	135.626781	134.997835	222.122310	225.007345	180.039060	134.993927	314.379753	56.644962	90.000000	180.000000	180.000000	145.634072	94.104790	90.000000	0.000000	4.358416	34.293655	4.483247	0.000000	47.462912	180.000000	180.000000	180.000000	90.000000	180.000000	180.000000	180.000000	90.000000	
45.358349	45.011902	207.784176	224.933901	140.120593	132.364478	89.999456	0.000000	313.494192	23.642419	0.000000	325.399424	73.396066	44.326986	225.007345	135.626781	134.997835	222.526416	225.007345	180.038766	134.993927	314.394336	56.292159	90.000000	180.000000	180.000000	145.590038	94.727639	90.000000	0.000000	5.735712	34.404426	5.244635	0.000000	47.462793	180.000000	180.000000	180.000000	90.000000	180.000000	180.000000	180.000000	90.000000	
45.303481	45.011901	207.787401	224.933901	140.120526	132.365944	89.999465	0.000000	313.494192	23.644319	0.000000	325.399424	73.396066	44.327279	225.007345	135.626781	134.997835	222.794948	225.007345	180.038578	134.993927	314.403616	56.079897	90.000000	180.000000	180.000000	145.561905	95.066237	90.000000	0.000000	6.504897	34.475127	5.993235	0.000000	47.462715	180.000000	180.000000	180.000000	90.000000	180.000000	180.000000	180.000000	90.000000	
45.270561	45.011900	207.789598	224.933901	140.120482	132.366830	89.999471	0.000000	313.494192	23.644319	0.000000	325.399424	73.396066	44.327444	225.007345	135.626781	134.997835	222.973516	225.007345	180.038457	134.993927	314.409527	55.952117	90.000000	180.000000	180.000000	145.543914	92.838582	90.000000	0.000000	6.899716	34.520289	6.671309	0.000000	47.462665	180.000000	180.000000	180.000000	90.000000	180.000000	180.000000	180.000000	90.000000	
45.250801	45.011899	207.791098	224.933901	140.120453	132.367365	89.999475	0.000000	313.494192	23.644319	0.000000	325.399424	73.396066	44.327537	225.007345	135.626781	134.997835	223.092349	225.007345	180.038379	134.993927	314.413294	55.875150	90.000000	180.000000	180.000000	145.532398	91.259532	90.000000	0.000000	7.073191	34.549163	7.238326	0.000000	47.462633	180.000000	180.000000	180.000000	90.000000	180.000000	180.000000	180.000000	90.000000	
45.238934	45.011899	210.832850	224.933901	140.120435	132.367689	89.999478	0.000000	313.494192	23.644319	0.000000	325.399424	73.396066	44.327589	225.007345	135.626781	134.997835	223.171492	225.007345	180.038329	134.993927	314.415697	55.828762	90.000000	180.000000	180.000000	145.525020	90.160386	90.000000	0.000000	4.025021	34.567641	7.667163	0.000000	47.462612	180.000000	180.000000	180.000000	90.000000	180.000000	180.000000	180.000000	90.000000	
45.231804	45.011898	212.855543	224.933901	139.149106	132.367885	89.999480	0.000000	313.494192	23.644319	0.000000	325.399424	73.396066	44.327618	225.007345	135.626781	134.997835	223.224245	225.007345	180.038296	134.993927	314.417231	55.800785	90.000000	180.000000	180.000000	145.520288	89.422671	90.000000	0.000000	2.046303	34.579477	7.941170	0.000000	47.462599	180.000000	180.000000	180.000000	90.000000	180.000000	180.000000	180.000000	90.000000	
45.227517	45.011898	214.201085	224.933901	138.532908	132.368004	89.999481	0.000000	313.494192	23.644319	0.000000	325.399424	73.396066	44.327635	225.007345	135.626781	134.998241	223.259438	225.007345	180.038275	134.993927	314.418211	55.783902	90.000000	180.000000	180.000000	145.517250	88.617260	90.000000	0.000000	0.774749	34.587066	8.051771	0.000000	47.462590	180.000000	180.000000	180.000000	90.000000	180.000000	180.000000	180.000000	90.000000	
45.224939	45.011898	215.096709	224.933901	138.141786	132.368076	89.999481	0.000000	313.494192	23.644319	0.000000	325.399424	73.396066	44.327644	225.007345	135.626781	134.998498	223.282937	225.007345	180.038262	134.995169	314.418838	55.773706	90.000000	180.000000	180.000000	145.515297	87.797209	90.000000	0.000000	359.671552	34.591938	3.730122	0.000000	46.997628	180.000000	180.000000	180.000000	90.000000	180.000000	180.000000	180.000000	90.000000	
45.223387	45.011898	215.693287	224.933901	137.893380	132.368120	89.999482	0.000000	313.494192	23.644319	0.000000	325.399424	73.396066	44.327650	225.007345	135.626781	134.998661	223.298643	225.007345	180.038253	134.995914	314.419239	55.767544	90.000000	180.000000	180.000000	145.514040	87.024314	90.000000	0.000000	358.669216	34.595068	4.990355	0.000000	46.702723	180.000000	180.000000	180.000000	90.000000	180.000000	180.000000	180.000000	90.000000	
45.222453	45.011898	216.090988	224.933901	137.735517	132.368146	89.999482	0.000000	313.494192	23.644319	0.000000	325.399424	73.396066	44.327653	225.007345	135.626781	134.998765	223.309151	225.007345	180.038247	134.996361	314.419496	55.763817	90.000000	180.000000	180.000000	145.513231	86.342004	90.000000	0.000000	357.775056	34.597082	1.704153	0.000000	46.515570	180.000000	180.000000	180.000000	90.000000	180.000000	180.000000	180.000000	90.000000	
45.221890	45.009646	216.356337	224.933901	137.635130	132.368163	89.999482	0.000000	313.494192	23.644319	0.000000	325.399424	73.396066	44.327654	225.007345	135.626781	134.998831	223.316188	225.007345	180.038243	134.996629	314.419661	55.761562	90.000000	180.000000	180.000000	145.512708	85.779863	90.000000	0.000000	356.994728	34.598380	359.491471	0.000000	46.396730	180.000000	180.000000	180.000000	90.000000	180.000000	180.000000	180.000000	90.000000	
45.221550	45.008217	216.533539	224.933901	137.571249	132.368172	89.999482	0.000000	313.494192	23.644319	0.000000	325.399424	73.396066	44.327655	225.007345	135.626781	134.998872	223.320907	225.007345	180.032244	134.996790	314.419767	55.760195	90.000000	180.000000	180.000000	145.512370	85.356857	90.000000	0.000000	356.332016	34.599216	358.024497	0.000000	46.321221	180.000000	180.000000	180.000000	90.000000	180.000000	180.000000	180.000000	90.000000	
45.221346	45.007311	216.651989	224.933901	137.530570	132.368178	89.999482	0.000000	313.494192	23.644319	0.000000	325.399424	73.396066	44.327656	225.007345	135.626781	134.998899	223.324074	225.007345	180.028419	134.996887	314.419835	55.759367	90.000000	180.000000	180.000000	145.512152	85.083797	90.000000	0.000000	355.788824	34.599757	357.064978	0.000000	46.273213	180.000000	180.000000	180.000000	90.000000	180.000000	180.000000	180.000000	90.000000	
45.221222	45.006735	216.731245	224.933901	137.504646	132.368182	89.999482	0.000000	313.494192	23.644319	0.000000	325.399424	73.396066	44.327656	225.007345	135.626781	134.998916	223.326203	225.007345	180.025979	134.996945	314.419879	55.758864	90.000000	180.000000	180.000000	145.512010	84.965308	90.000000	0.000000	355.365295	34.600107	358.633090	0.000000	46.242669	180.000000	180.000000	180.000000	90.000000	180.000000	180.000000	180.000000	90.000000	
45.221147	45.006369	216.784334	224.933901	137.488114	132.368184	89.999563	0.000000	313.494192	23.644319	0.000000	325.399424	73.396066	44.327656	225.007345	135.626781	134.998927	223.327635	225.007345	180.024420	134.996980	314.419907	55.758559	90.000000	180.000000	180.000000	145.511918	89.090634	90.000000	0.000000	355.060031	34.600333	359.784649	0.000000	46.223224	180.000000	180.000000	180.000000	90.000000	180.000000	180.000000	180.000000	90.000000	
45.221102	45.006136	216.819933	224.933901	137.477562	132.368186	89.999614	0.000000	313.494192	23.644319	0.000000	325.399424	73.396066	44.327656	225.007345	135.626781	134.998934	223.328601	225.007345	180.023423	134.997001	314.419925	55.758374	90.000000	180.000000	180.000000	145.511859	91.782401	90.000000	0.000000	354.870359	34.600480	0.608808	0.000000	46.210834	180.000000	180.000000	180.000000	90.000000	180.000000	180.000000	180.000000	90.000000	
45.221075	45.005988	216.843833	224.933901	137.470821	132.368186	89.999647	0.000000	313.494192	23.644319	0.000000	325.399424	73.396066	44.327656	225.007345	135.626781	134.998938	223.329252	225.007345	180.022786	134.997014	314.419937	55.758261	90.000000	180.000000	180.000000	143.527585	93.492768	90.000000	0.000000	354.792622	34.600576	1.170115	0.000000	46.202935	180.000000	180.000000	180.000000	90.000000	180.000000	180.000000	180.000000	90.000000	
45.221058	45.005894	216.859899	224.933901	137.466511	132.368187	89.999668	0.000000	313.494192	23.644319	0.000000	325.399424	73.396066	44.327657	225.007345	135.626781	134.998941	223.329693	225.007345	180.022378	134.997022	314.419945	55.758192	90.000000	180.000000	180.000000	142.268667	94.541222	90.000000	0.000000	0.013181	34.600576	1.864207	0.000000	46.197894	180.000000	180.000000	180.000000	90.000000	180.000000	180.000000	180.000000	90.000000	
45.221048	45.005834	216.870712	224.933901	137.463753	132.900449	89.999681	0.000000	313.494192	23.644319	0.000000	325.399424	73.396066	44.327657	225.007345	135.626781	134.998943	223.329991	225.007345	180.022116	134.997026	314.419949	55.758150	90.000000	180.000000	180.000000	141.469581	95.153188	90.000000	0.000000	358.067589	34.600576	2.618575	0.000000	46.194675	180.000000	180.000000	180.000000	90.000000	180.000000	180.000000	180.000000	90.000000	
45.221042	45.005796	216.878001	224.933901	137.461986	133.219604	89.999690	0.000000	313.494192	23.644319	0.000000	325.399424	73.396066	44.327657	225.007345	135.626781	134.998944	223.330193	225.007345	180.021948	134.997029	314.419953	55.758124	90.000000	180.000000	180.000000	140.962089	93.124043	90.000000	0.000000	1.936019	34.600576	3.354527	0.000000	46.192617	180.000000	180.000000	180.000000	90.000000	180.000000	180.000000	180.000000	90.000000	
45.221039	45.005771	216.882921	224.933901	137.460854	133.411061	89.999696	0.000000	313.494192	23.644319	0.000000	325.399424	73.396066	44.327657	225.007345	135.626781	134.998944	223.330331	225.007345	180.021840	134.997031	314.419955	55.758108	90.000000	180.000000	180.000000	140.639590	91.656258	90.000000	0.000000	359.355002	34.600576	4.015584	0.000000	46.191301	180.000000	180.000000	180.000000	90.000000	180.000000	180.000000	180.000000	90.000000	
45.221036	45.005756	216.886247	224.933901	137.460126	133.525967	89.999699	0.000000	313.494192	23.644319	0.000000	325.399424	73.396066	44.327657	225.007345	135.626781	134.998945	223.330424	225.007345	180.021771	134.997032	314.529438	55.758099	90.000000	180.000000	180.000000	140.434519	90.607788	90.000000	0.000000	2.646956	34.600576	4.562243	0.000000	46.190457	180.000000	180.000000	180.000000	90.000000	180.000000	180.000000	180.000000	90.000000	
45.221035	45.005746	216.888500	224.933901	137.459659	133.594962	89.999701	0.000000	313.494192	23.644319	0.000000	325.399424	73.396066	44.327657	225.007345	135.626781	134.998945	223.330488	225.007345	180.021726	134.997033	314.598877	55.758093	90.000000	180.000000	180.000000	140.304031	89.879254	90.000000	0.000000	4.658954	34.600576	4.968198	0.000000	46.189917	180.000000	180.000000	180.000000	90.000000	180.000000	180.000000	180.000000	90.000000	
45.221034	45.005739	216.890029	224.933901	137.459358	133.636411	89.999703	0.000000	313.494192	23.644319	0.000000	325.399424	73.396066	44.327657	225.007345	135.626781	134.998945	223.624660	225.007345	180.021697	134.997033	314.642943	55.758089	90.000000	180.000000	180.000000	140.220942	89.376847	90.000000	0.000000	5.855564	34.600576	5.217424	0.000000	46.189570	180.000000	180.000000	180.000000	90.000000	180.000000	180.000000	180.000000	90.000000	
45.221034	45.005735	216.891068	224.933901	137.459165	133.661324	89.999704	0.000000	313.494192	23.644319	0.000000	325.399424	73.396066	44.476770	225.007345	135.626781	134.998946	223.820060	225.007345	180.021679	134.997033	314.670924	53.564557	90.000000	180.000000	180.000000	140.167996	88.719523	90.000000	0.000000	6.541312	34.600576	1.245368	0.000000	46.189348	180.000000	180.000000	180.000000	90.000000	180.000000	180.000000	180.000000	90.000000	
45.221033	45.005733	216.891775	224.933901	137.459040	133.676306	89.999704	0.000000	313.494192	23.644319	0.000000	325.399424	73.396066	44.560192	225.007345	135.626781	134.998946	223.949944	225.007345	180.021667	134.997033	314.688702	52.248639	90.000000	180.000000	180.000000	140.134232	88.010059	90.000000	0.000000	6.915888	34.600576	2.566622	0.000000	46.189204	180.000000	180.000000	180.000000	90.000000	180.000000	180.000000	180.000000	90.000000	
45.221033	45.005731	216.892259	224.933901	137.458959	133.685321	89.999705	0.000000	313.494192	23.644319	0.000000	325.399424	73.396066	44.606879	225.007345	135.626781	134.998946	224.036342	225.007345	180.021659	134.997033	314.700005	51.458918	90.000000	180.000000	180.000000	140.112683	87.321106	90.000000	0.000000	3.925796	34.600576	359.553325	0.000000	46.189112	180.000000	180.000000	180.000000	90.000000	180.000000	180.000000	180.000000	90.000000	
45.221033	45.005730	218.324445	224.933901	137.458907	133.690749	89.999705	0.000000	313.494192	23.644319	0.000000	325.399424	73.396066	44.633016	225.007345	135.626781	134.998946	224.093857	225.007345	180.021654	134.997033	314.707196	50.984774	90.000000	180.000000	180.000000	140.098918	86.703584	90.000000	0.000000	1.995048	34.600576	357.550929	0.000000	46.189052	180.000000	180.000000	180.000000	90.000000	180.000000	180.000000	180.000000	90.000000	
45.221033	45.005729	219.276043	224.933901	137.458873	133.694018	89.999705	0.000000	313.494192	23.644319	0.000000	325.399424	73.396066	44.647655	225.007345	135.626781	134.998946	224.132176	225.007345	180.021650	134.997033	314.711774	50.699963	90.000000	180.000000	180.000000	140.090119	86.192301	90.000000	0.000000	0.648857	34.600576	356.247300	0.000000	46.189014	180.000000	180.000000	180.000000	90.000000	180.000000	180.000000	180.000000	90.000000	
45.221033	45.005729	219.908721	224.933901	137.458851	133.695989	89.999705	0.000000	313.494192	23.644319	0.000000	325.399424	73.396066	44.655857	225.007345	135.626781	134.998946	224.157727	225.007345	180.018308	134.997033	314.714691	50.528795	90.000000	180.000000	180.000000	140.084488	85.809915	90.000000	0.000000	359.466468	34.600576	355.416175	0.000000	46.188989	180.000000	180.000000	180.000000	90.000000	180.000000	180.000000	180.000000	90.000000	
45.176297	45.005729	220.329659	224.933901	137.458837	133.697178	89.999705	0.000000	313.494192	23.644319	0.000000	325.399424	73.396066	44.660454	225.007345	135.626781	134.998946	224.174779	225.007345	180.016179	134.997033	314.716551	50.425872	90.000000	180.000000	180.000000	140.080881	85.569874	90.000000	0.000000	358.432251	34.600576	357.250318	0.000000	46.188973	180.000000	180.000000	180.000000	90.000000	180.000000	180.000000	180.000000	90.000000	
45.149472	45.005728	220.609934	224.933901	136.996379	133.697895	89.999705	0.000000	313.494192	23.644319	0.000000	325.399424	73.396066	44.663031	225.007345	135.626781	134.998946	224.186170	225.007345	180.014820	134.997033	314.717738	50.322056	90.000000	180.000000	180.000000	140.078569	85.478716	90.000000	0.000000	357.537675	34.600576	358.592699	0.000000	46.188963	180.000000	180.000000	180.000000	90.000000	180.000000	180.000000	180.000000	90.000000	
45.133380	45.005728	220.796701	224.933901	136.703095	133.698329	89.999705	0.000000	313.494192	23.644319	0.000000	325.399424	73.396066	44.664477	225.007345	135.626781	134.998946	224.193786	225.007345	180.013953	134.997033	314.718495	49.933514	90.000000	180.000000	180.000000	140.077084	89.542560	90.000000	0.000000	356.777769	34.600576	359.553918	0.000000	46.188956	180.000000	180.000000	180.000000	90.000000	180.000000	180.000000	180.000000	90.000000	
45.123722	45.005728	220.921262	224.933901	136.516995	133.698591	89.999751	0.000000	313.494192	23.644319	0.000000	325.399424	73.396066	44.665289	225.007345	135.626781	134.999145	224.198884	225.007345	180.013400	134.997033	314.718980	49.231834	90.000000	180.000000	180.000000	140.076131	92.196166	90.000000	0.000000	356.149059	34.600576	0.213774	0.000000	45.966543	180.000000	180.000000	180.000000	90.000000	180.000000	180.000000	180.000000	90.000000	
45.117923	45.005728	221.004409	224.933901	136.398838	133.698749	89.999781	0.000000	313.494192	23.644319	0.000000	325.399424	73.396066	44.665745	225.007345	135.626781	134.999271	224.202300	225.007345	180.013046	134.997033	314.719290	48.242460	90.000000	180.000000	180.000000	140.075517	93.884494	90.000000	0.000000	355.648406	34.600576	0.971902	0.000000	45.825517	180.000000	180.000000	180.000000	90.000000	180.000000	180.000000	180.000000	90.000000	
45.114439	45.005728	221.059964	224.933901	136.323773	133.698845	89.999800	0.000000	313.494192	23.644319	0.000000	325.399424	73.396066	44.666001	225.007345	135.626781	134.999352	224.204592	225.007345	180.012819	134.997033	314.719488	47.077480	90.000000	180.000000	180.000000	140.075122	94.922089	90.000000	0.000000	355.272416	34.600576	1.774015	0.000000	45.736047	180.000000	180.000000	180.000000	90.000000	180.000000	180.000000	180.000000	90.000000	
45.112345	45.004654	221.097120	224.933901	136.276054	133.698903	89.999812	0.000000	313.494192	23.644319	0.000000	325.399424	73.396066	44.666144	225.007345	135.626781	134.999403	224.206131	225.007345	180.012674	134.997033	314.719615	45.809288	90.000000	180.000000	180.000000	140.074867	95.531031	90.000000	0.000000	355.017206	34.600576	2.545686	0.000000	45.679251	180.000000	180.000000	180.000000	90.000000	180.000000	180.000000	180.000000	90.000000	
45.111085	45.003973	221.121996	224.933901	136.245698	133.698938	89.999819	0.000000	313.494192	23.644319	0.000000	325.399424	73.396066	44.666225	225.007345	135.626781	134.999435	224.207166	225.007345	180.012581	134.997637	314.719697	44.488001	90.000000	180.000000	180.000000	140.074702	93.427980	90.000000	0.000000	354.878365	34.600576	3.233459	0.000000	45.643176	180.000000	180.000000	180.000000	90.000000	180.000000	180.000000	180.000000	90.000000	
45.110328	45.003541	221.138668	224.933901	136.226375	133.698960	89.999824	0.000000	313.494192	23.644319	0.000000	325.399424	73.396066	44.666271	225.007345	135.626781	134.999456	224.207862	225.007345	180.012521	134.997999	314.719749	43.151035	90.000000	180.000000	180.000000	140.074596	91.915230	90.000000	0.000000	354.851041	34.600576	3.799998	0.000000	45.620247	180.000000	180.000000	180.000000	90.000000	180.000000	180.000000	180.000000	90.000000	
45.109871	45.003267	221.149855	224.933901	136.214066	133.698973	89.999827	0.000000	313.494192	23.644319	0.000000	325.399424	73.396066	44.666296	225.007345	135.626781	134.999469	224.208332	225.007345	180.012483	134.998216	314.719783	41.828314	90.000000	180.000000	180.000000	140.074527	90.841937	90.000000	0.000000	0.058006	34.600576	4.220573	0.000000	45.605664	180.000000	180.000000	180.000000	90.000000	180.000000	180.000000	180.000000	90.000000	
45.109596	45.003092	221.157370	224.933901	136.206218	133.698981	89.999829	0.000000	313.494192	23.644319	0.000000	325.399424	73.396066	44.666311	225.007345	135.626781	134.999477	224.208650	225.007345	180.012458	134.998347	314.719805	40.544986	90.000000	180.000000	180.000000	140.074482	90.102473	90.000000	0.000000	358.183022	34.600576	4.480321	0.000000	45.596384	180.000000	180.000000	180.000000	90.000000	180.000000	180.000000	180.000000	90.000000	
45.109431	45.002982	221.162426	224.933901	136.201212	133.698985	89.999831	0.000000	313.494192	23.644319	0.000000	325.399424	73.396066	44.666319	225.007345	135.626781	134.999482	224.208864	225.007345	180.012442	134.998425	314.719819	39.322751	90.000000	180.000000	180.000000	140.074453	89.514780	90.000000	0.000000	2.036947	34.600576	0.606486	0.000000	45.590473	180.000000	180.000000	180.000000	90.000000	180.000000	180.000000	180.000000	90.000000	
45.109331	45.002911	221.165831	224.933901	136.198015	133.698988	89.999831	0.000000	313.494192	23.644319	0.000000	325.399424	73.396066	44.666324	225.007345	135.626781	134.999486	224.209010	225.007345	180.012432	134.998472	314.719828	38.180400	90.000000	180.000000	180.000000	139.121624	88.810259	90.000000	0.000000	4.378811	34.600576	1.901052	0.000000	45.586706	180.000000	180.000000	180.000000	90.000000	180.000000	180.000000	180.000000	98.081101	
45.109271	45.002866	221.168128	224.933901	136.195972	133.698990	89.999832	0.000000	313.494192	23.644319	0.000000	325.399424	73.396066	44.666326	225.007345	135.626781	134.999488	224.209109	225.007345	180.012425	134.998500	314.719834	37.133966	90.000000	180.000000	180.000000	138.517351	88.080570	90.000000	0.000000	5.755734	34.600576	358.963002	0.000000	45.584303	180.000000	180.000000	180.000000	90.000000	180.000000	180.000000	180.000000	103.363645	
45.109234	45.002838	221.169680	224.933901	136.194665	133.698991	89.999832	0.000000	313.494192	23.644319	0.000000	325.399424	73.396066	44.666328	225.007345	135.626781	134.999489	224.209176	225.007345	180.012421	134.998517	314.719838	36.196704	90.000000	180.000000	180.000000	138.133921	87.390500	90.000000	0.000000	6.525197	34.600576	357.010977	0.000000	45.582769	180.000000	180.000000	180.000000	90.000000	180.000000	180.000000	180.000000	106.811548	
45.109212	45.002820	221.170731	224.933901	136.193828	133.698992	89.999833	0.000000	313.494192	23.644319	0.000000	325.399424	73.396066	44.666328	225.007345	135.626781	134.999490	224.209222	225.007345	180.012418	134.998528	314.719840	39.108250	90.000000	180.000000	180.000000	137.890483	86.785264	90.000000	0.000000	6.920713	34.600576	355.739763	0.000000	45.581789	180.000000	180.000000	180.000000	90.000000	180.000000	180.000000	180.000000	109.061589	
45.109199	45.002808	221.171442	224.933901	136.193292	133.698992	89.999833	0.000000	313.494192	23.644319	0.000000	325.399424	73.396066	44.666329	225.007345	135.626781	134.999491	224.346935	225.007345	180.012416	134.998534	314.719842	40.857529	90.000000	180.000000	180.000000	137.735830	86.295450	90.000000	0.000000	7.095162	34.600576	354.928053	0.000000	45.581162	180.000000	180.000000	180.000000	90.000000	180.000000	180.000000	180.000000	110.530516	
45.109191	45.002801	221.171926	224.933901	136.192948	133.698993	89.999833	0.000000	313.494192	23.644319	0.000000	325.399424	73.396066	44.666329	225.007345	135.626781	134.999491	224.438374	225.007345	180.012415	134.998537	314.772221	41.853872	90.000000	180.000000	180.000000	137.637520	85.940559	90.000000	0.000000	4.041110	34.600576	356.854602	0.000000	45.580761	180.000000	180.000000	180.000000	90.000000	180.000000	180.000000	188.519408	111.490135	
45.109186	45.002796	221.172255	224.933901	136.192727	133.698993	89.999833	0.000000	313.494192	23.644319	0.000000	325.399424	73.396066	44.666329	225.007345	135.626781	134.999491	224.499130	225.007345	180.010489	134.998540	314.805433	42.366851	90.000000	180.000000	180.000000	137.574984	85.731682	90.000000	0.000000	2.059289	34.600576	358.256453	0.000000	45.580504	180.000000	180.000000	180.000000	90.000000	180.000000	180.000000	193.956532	112.117536	
45.109183	45.002793	221.172480	224.933901	136.192585	133.965146	89.999833	0.000000	313.494192	23.644319	0.000000	325.399424	73.396066	44.666329	225.007345	135.626781	134.999492	224.539527	225.007345	180.009261	134.998541	314.826504	42.574733	90.000000	180.000000	180.000000	137.535177	89.762590	90.000000	0.000000	0.786397	34.600576	359.253706	0.000000	45.580339	180.000000	180.000000	180.000000	90.000000	180.000000	180.000000	197.421407	112.528095	
45.109181	45.002791	221.842273	224.933901	136.192494	134.124786	89.999833	0.000000	313.494192	23.644319	0.000000	325.399424	73.396066	44.666329	225.007345	135.626781	134.999492	224.566408	225.007345	180.008478	134.998542	314.839879	42.596244	90.000000	180.000000	180.000000	137.509820	88.387544	90.000000	0.000000	359.672935	34.600576	359.978255	0.000000	45.580233	180.000000	180.000000	180.000000	90.000000	180.000000	180.000000	199.629115	112.797011	
45.109180	45.002790	222.287094	224.933901	136.192435	134.220583	89.999859	0.000000	313.494192	23.644319	0.000000	325.399424	73.396066	44.666329	225.007345	135.626781	134.999492	224.584308	225.007345	180.007978	134.998542	314.848374	42.511174	90.000000	180.000000	180.000000	137.493656	91.412995	90.000000	0.000000	358.665128	34.600576	0.805323	0.000000	45.580165	180.000000	180.000000	180.000000	90.000000	180.000000	180.000000	201.036351	112.973327	
45.109179	45.002789	222.582707	224.933901	136.192397	134.278096	89.999875	0.000000	313.494192	23.644319	0.000000	325.399424	73.396066	44.666329	225.007345	135.626781	134.999492	224.596239	225.007345	180.007658	134.998543	314.853773	42.373723	90.000000	180.000000	180.000000	137.483343	93.375262	90.000000	0.000000	357.768663	34.600576	1.644409	0.000000	45.580121	180.000000	180.000000	180.000000	90.000000	180.000000	180.000000	201.933917	113.089052	
45.109179	45.002788	222.779303	224.933901	136.192372	134.312641	89.999886	0.000000	313.494192	23.644319	0.000000	325.399424	73.396066	44.666329	225.007345	135.626781	134.999492	224.604197	225.007345	180.007454	134.998543	314.857207	42.221144	90.000000	180.000000	180.000000	137.476759	94.616258	90.000000	0.000000	356.988119	34.600576	2.429792	0.000000	45.580093	180.000000	180.000000	180.000000	90.000000	180.000000	180.000000	202.506832	113.165093	
45.109179	45.002788	222.910146	224.933901	136.192356	134.333402	89.999892	0.000000	313.494192	23.644319	0.000000	325.399424	73.396066	44.666329	225.007345	135.626781	134.999492	224.609510	225.007345	180.007323	134.998543	314.859393	48.143630	90.000000	180.000000	180.000000	137.472551	95.378043	90.000000	0.000000	356.326566	34.600576	3.114466	0.000000	45.580075	180.000000	180.000000	180.000000	90.000000	180.000000	180.000000	202.872822	113.215117	
45.109178	45.002788	222.997296	224.933901	136.192346	134.345885	89.999896	0.000000	313.494192	23.644319	0.000000	325.399424	73.396066	44.666329	225.007345	135.626781	134.999492	224.613060	225.007345	180.007239	134.998543	314.860784	51.987313	90.000000	180.000000	180.000000	137.469859	93.334561	90.000000	0.000000	355.785417	34.600576	3.665976	0.000000	45.580063	180.000000	180.000000	180.000000	90.000000	180.000000	180.000000	203.106827	113.248067	
45.109178	45.002788	223.055392	224.933901	136.192339	134.353395	89.999899	0.000000	313.494192	23.644319	0.000000	325.399424	73.396066	44.666329	225.007345	135.626781	134.999492	224.615436	225.007345	180.007185	134.998543	314.861671	54.440158	90.000000	180.000000	180.000000	137.468136	91.871218	90.000000	0.000000	355.364479	34.600576	4.063328	0.000000	45.580055	180.000000	180.000000	180.000000	90.000000	180.000000	180.000000	203.256582	113.269799	
45.109178	45.002788	223.094154	224.933901	136.192335	134.357915	89.999901	0.000000	313.494192	23.644319	0.000000	325.399424	73.396066	44.666329	225.007345	135.626781	134.999492	224.617026	225.007345	180.007151	134.998543	314.862237	55.970520	90.000000	180.000000	180.000000	137.467032	90.840194	90.000000	0.000000	355.062121	34.600576	4.294512	0.000000	45.580051	180.000000	180.000000	180.000000	90.000000	180.000000	180.000000	203.352513	113.284152	
45.109178	45.002788	223.120039	224.933901	135.966010	134.360638	89.999902	0.000000	313.494192	23.644319	0.000000	325.399424	73.396066	44.666329	225.007345	135.626781	134.999492	224.618092	225.007345	180.007129	134.998543	314.862598	56.894734	90.000000	180.000000	180.000000	137.466324	90.137799	90.000000	0.000000	354.875511	34.600576	0.446992	0.000000	45.580047	180.000000	180.000000	180.000000	90.000000	180.000000	180.000000	203.414027	113.293646	
45.109178	45.002788	223.137342	224.933901	135.822441	134.362279	89.999903	0.000000	313.494192	23.644319	0.000000	325.399424	73.396066	44.739972	225.007345	135.626781	134.999587	224.618808	225.007345	180.007115	134.998543	314.862829	57.426060	90.000000	180.000000	180.000000	137.465869	89.481625	90.000000	0.000000	354.800880	34.600576	357.898937	0.000000	45.580045	180.000000	180.000000	180.000000	90.000000	180.000000	180.000000	203.453514	113.299935	
45.109178	45.002788	223.148920	224.933901	135.731315	134.363269	89.999903	0.000000	313.494192	23.644319	0.000000	325.399424	73.396066	44.781166	225.007345	135.626781	134.999647	224.619289	225.007345	180.007105	134.998543	314.862977	57.708408	90.000000	180.000000	180.000000	137.465576	88.744650	90.000000	0.000000	0.019910	34.600576	356.255510	0.000000	45.470562	180.000000	180.000000	180.000000	90.000000	180.000000	180.000000	203.478890	113.304109	
45.086832	45.002787	223.156675	224.933901	135.673441	134.363866	89.999904	0.000000	313.494192	23.644319	0.000000	325.399424	73.396066	44.804217	225.007345	135.626781	134.999686	224.619612	225.007345	180.007099	134.998543	314.863071	57.839129	90.000000	180.000000	180.000000	137.465388	88.008041	90.000000	0.000000	358.079031	34.600576	355.231699	0.000000	45.401123	180.000000	180.000000	180.000000	90.000000	180.000000	180.000000	203.495217	113.306884	
45.073428	45.002787	223.161875	224.933901	135.636662	134.364226	89.999904	0.000000	313.494192	23.644319	0.000000	325.399424	73.396066	44.817121	225.007345	135.626781	134.999710	224.619830	225.007345	180.007096	134.998543	314.863132	57.884275	90.000000	180.000000	180.000000	137.465266	87.329070	90.000000	0.000000	1.946045	34.600576	354.621894	0.000000	45.357057	180.000000	180.000000	180.000000	90.000000	180.000000	180.000000	203.505735	113.308732	
45.065385	45.002260	223.165367	224.933901	135.613275	134.364444	89.999904	0.000000	313.494192	23.644319	0.000000	325.399424	73.396066	44.824346	225.007345	135.626781	134.999725	224.619977	225.007345	180.007093	134.998543	314.863170	57.888811	90.000000	180.000000	180.000000	137.465188	86.747432	90.000000	0.000000	359.370619	34.600576	356.612358	0.000000	45.329076	180.000000	180.000000	180.000000	90.000000	180.000000	180.000000	203.512520	117.206370	
45.060556	45.001926	223.167713	224.933901	135.598392	134.364576	89.999904	0.000000	313.494192	23.644319	0.000000	325.399424	73.396066	44.828394	225.007345	135.626781	134.999735	224.620077	225.007345	180.007091	134.998543	314.863195	57.883435	90.000000	180.000000	180.000000	137.465137	86.289586	90.000000	0.000000	2.660815	34.600576	358.080099	0.000000	45.311298	180.000000	180.000000	180.000000	90.000000	180.000000	180.000000	203.516903	119.741446	
45.057656	45.001713	223.169293	224.933901	135.588915	134.364656	89.999904	0.000000	313.494192	23.644319	0.000000	325.399424	73.396066	44.830663	225.007345	135.626781	134.999741	224.620144	225.007345	180.007090	134.998543	314.863211	57.889154	90.000000	180.000000	180.000000	137.465105	85.971922	90.000000	0.000000	4.672339	34.600576	359.144457	0.000000	45.299995	180.000000	180.000000	180.000000	90.000000	180.000000	180.000000	203.519738	121.390495	
45.055912	45.001579	223.170358	224.933901	135.582876	134.364704	89.999904	0.000000	313.494192	23.644319	0.000000	325.399424	73.396066	44.831935	225.007345	135.626781	134.999745	224.620190	225.007345	180.007090	134.998543	314.863222	57.920347	90.000000	180.000000	180.000000	137.465083	85.803203	90.000000	0.000000	5.869275	34.600576	359.891137	0.000000	45.292804	180.000000	180.000000	180.000000	90.000000	180.000000	180.000000	203.521575	122.463674	
45.054864	45.001493	223.171076	224.933901	135.579024	134.364733	89.999904	0.000000	313.494192	23.644319	0.000000	325.399424	73.396066	44.832648	225.007345	135.626781	134.999748	224.620221	225.007345	180.005984	134.998838	314.863228	57.986834	90.000000	180.000000	180.000000	137.465070	89.822701	90.000000	0.000000	6.555854	34.600576	0.561056	0.000000	45.288226	180.000000	180.000000	180.000000	90.000000	180.000000	180.000000	203.522768	123.162506	
45.054234	45.001439	223.171562	224.933901	135.576566	134.364751	89.999904	0.000000	313.494192	23.644319	0.000000	325.399424	73.396066	44.833048	225.007345	135.626781	134.999750	224.620242	225.007345	180.005279	134.999015	314.863233	58.095263	90.000000	180.000000	180.000000	137.465061	92.431239	90.000000	0.000000	3.857293	34.600576	1.326853	0.000000	45.285309	180.000000	180.000000	180.000000	90.000000	180.000000	180.000000	203.523543	123.617885	
45.053854	45.001404	223.171891	224.933901	135.574996	134.364762	89.999904	0.000000	313.494192	23.644319	0.000000	325.399424	73.396066	44.833273	225.007345	135.626781	134.999751	224.620256	225.007345	180.004829	134.999121	314.863235	58.250056	90.000000	180.000000	180.000000	137.465061	94.075541	90.000000	0.000000	2.088582	34.600576	2.099811	0.000000	45.283449	180.000000	180.000000	180.000000	90.000000	180.000000	180.000000	207.560428	123.914842	
45.053625	45.001382	223.172115	224.933901	135.573992	134.364768	89.999919	0.000000	313.494192	23.644319	0.000000	325.399424	73.396066	44.833399	225.007345	135.626781	134.999751	224.686981	225.007345	180.004541	134.999185	314.863237	58.454043	90.000000	180.000000	180.000000	137.465061	95.070681	90.000000	0.000000	0.937580	34.600576	2.815844	0.000000	45.282262	180.000000	180.000000	180.000000	90.000000	180.000000	180.000000	210.123924	124.108643	
45.053488	45.001368	223.172266	224.933901	135.573349	134.364772	89.999928	0.000000	313.494192	23.644319	0.000000	325.399424	73.396066	44.833470	225.007345	135.626781	134.999752	224.731297	225.007345	180.004358	134.999223	314.863238	58.708904	90.000000	180.000000	180.000000	137.465061	95.638682	90.000000	0.000000	0.105693	34.600576	3.429494	0.000000	45.281505	180.000000	180.000000	180.000000	90.000000	180.000000	180.000000	211.751967	124.235227	
45.053404	45.001359	223.172370	224.933901	135.572938	134.364775	89.999934	0.000000	313.494192	23.644319	0.000000	325.399424	73.396066	44.833510	225.007345	135.626781	134.999752	224.760751	225.007345	180.004240	134.999246	314.863239	59.015466	90.000000	180.000000	180.000000	137.465061	93.539117	90.000000	0.000000	359.254654	34.600576	3.909743	0.000000	45.281020	180.000000	180.000000	189.150289	90.000000	180.000000	180.000000	212.786349	124.317978	
45.053354	45.001353	223.172440	224.933901	135.572674	134.364776	89.999938	0.000000	313.494192	23.644319	0.000000	325.399424	73.396066	44.833532	225.007345	135.626781	134.999752	224.780342	225.007345	180.004165	134.999260	314.863239	59.373916	90.000000	180.000000	180.000000	137.465061	92.018593	90.000000	0.000000	358.432985	34.600576	4.236860	0.000000	45.280710	180.000000	180.000000	194.664517	90.000000	180.000000	180.000000	213.443914	124.372125	
45.053324	45.001349	223.495307	224.933901	135.572505	134.364777	89.999941	0.000000	313.494192	23.644319	0.000000	325.399424	73.396066	44.833545	225.007345	135.626781	134.999752	224.793383	225.007345	180.004117	134.999268	314.889038	61.887410	90.000000	180.000000	180.000000	137.465061	90.929691	90.000000	0.000000	357.673220	34.600576	4.399871	0.000000	45.280512	180.000000	180.000000	197.983882	90.000000	180.000000	180.000000	213.862197	124.407588	
45.053306	45.001347	223.709788	224.933901	135.572396	134.364778	89.999942	0.000000	313.494192	23.644319	0.000000	325.399424	73.396066	44.833552	225.007345	135.626781	134.999752	224.802069	225.007345	180.004086	134.999273	314.905399	63.547949	90.000000	180.000000	180.000000	137.465061	90.169394	90.000000	0.000000	356.996984	34.600576	0.531058	0.000000	45.280385	180.000000	180.000000	199.981970	90.000000	180.000000	180.000000	214.128451	124.430837	
45.053295	45.001346	223.852367	224.933901	135.572326	134.364778	89.999943	0.000000	313.494192	23.644319	0.000000	325.399424	73.396066	44.833556	225.007345	135.626781	134.999752	224.807861	225.007345	180.004066	134.999276	314.915783	64.685923	90.000000	180.000000	180.000000	137.465061	89.664999	90.000000	0.000000	356.418208	34.600576	357.956537	0.000000	45.280303	180.000000	180.000000	201.185159	90.000000	180.000000	180.000000	214.298052	124.446096	
45.053288	45.001345	223.947219	224.933901	135.572281	134.364778	89.999944	0.000000	313.494192	23.644319	0.000000	325.399424	73.396066	44.833558	225.007345	135.626781	134.999752	224.811726	225.007345	180.004054	134.999278	314.922376	65.511474	90.000000	180.000000	180.000000	137.465061	89.020668	90.000000	0.000000	355.945253	34.600576	356.284039	0.000000	45.280251	180.000000	180.000000	201.910062	90.000000	180.000000	180.000000	214.406168	124.456122	
45.053284	45.001344	224.010368	224.933901	135.572251	134.364779	89.999944	0.000000	313.494192	23.644319	0.000000	325.399424	73.396066	44.833560	225.007345	135.626781	134.999752	224.814307	225.007345	180.004045	134.999279	314.926564	66.157161	90.000000	180.000000	180.000000	137.465061	88.313413	90.000000	0.000000	355.582377	34.600576	355.229894	0.000000	45.280217	180.000000	180.000000	202.347063	90.000000	180.000000	180.000000	214.475142	124.462716	
45.053281	45.001344	224.052445	224.933901	135.572233	134.494099	89.999945	0.000000	313.494192	23.644319	0.000000	325.399424	73.396066	44.833560	225.007345	135.626781	134.999752	224.816033	225.007345	180.004040	134.999280	314.929228	66.705763	90.000000	180.000000	180.000000	137.465061	87.619091	90.000000	0.000000	355.330813	34.600576	354.589141	0.000000	45.280195	180.000000	180.000000	202.610673	90.000000	180.000000	180.000000	214.519182	124.467060	
45.053280	45.001343	224.080505	224.933901	135.572220	134.571656	89.999945	0.000000	313.494192	23.644319	0.000000	325.399424	73.396066	44.833561	225.007345	135.626781	134.999752	224.817188	225.007345	180.004037	134.999280	314.930922	67.208304	90.000000	180.000000	180.000000	137.465061	86.990967	90.000000	0.000000	355.189584	34.600576	356.598964	0.000000	45.280181	180.000000	180.000000	202.769794	90.000000	180.000000	180.000000	214.547324	124.469924	
45.053279	45.001343	224.099234	224.933901	135.572213	134.618189	89.999945	0.000000	313.494192	23.644319	0.000000	325.399424	73.396066	44.833561	225.007345	135.626781	134.999752	224.817962	225.007345	180.004034	134.999280	314.932000	67.695684	90.000000	180.000000	180.000000	137.465061	86.465605	90.000000	0.000000	355.156140	34.600576	358.071580	0.000000	45.280172	180.000000	180.000000	202.865910	90.000000	180.000000	180.000000	214.565324	124.471816	
45.053279	45.001343	224.111746	224.933901	135.572207	134.646122	89.999945	0.000000	313.494192	23.644319	0.000000	325.399424	73.396066	44.833561	225.007345	135.626781	134.999752	224.818481	225.007345	180.004033	134.999280	314.932688	68.186153	90.000000	180.000000	180.000000	137.465061	86.066990	90.000000	0.000000	0.324041	34.600576	359.130528	0.000000	45.280166	180.000000	180.000000	202.924011	90.000000	180.000000	180.000000	214.576848	124.473067	
45.053278	45.001343	224.120113	224.933901	135.572204	134.662897	89.999945	0.000000	313.494192	23.644319	0.000000	325.399424	73.396066	44.833561	225.007345	135.626781	134.999752	224.818829	225.007345	180.004032	134.999281	315.167516	63.154364	90.000000	180.000000	180.000000	137.465061	85.809575	90.000000	0.000000	358.452273	34.600576	359.864700	0.000000	45.280162	180.000000	180.000000	202.959158	90.000000	188.090839	180.000000	214.584233	124.473896	
45.053278	45.001343	224.125715	224.933901	135.464618	134.672977	89.999945	0.000000	313.494192	23.644319	0.000000	325.399424	73.396066	44.833561	225.007345	135.626781	134.999752	224.819064	225.007345	180.004031	134.999281	315.636975	66.050522	90.000000	180.000000	180.000000	137.465061	85.700646	90.000000	0.000000	2.275360	34.600576	0.338839	0.000000	45.280160	180.000000	180.000000	202.980437	90.000000	193.379999	180.000000	214.588971	124.474446	
45.053278	45.001343	224.129468	224.933901	135.396391	134.679037	89.999945	0.000000	313.494192	23.644319	0.000000	325.399424	73.396066	44.833561	225.007345	135.626781	134.999752	224.819221	225.007345	180.004031	134.999281	316.289121	67.994883	90.000000	180.000000	180.000000	137.465061	89.735232	90.000000	0.000000	4.595484	34.600576	0.600716	0.000000	45.280158	180.000000	180.000000	202.993330	90.000000	196.832372	180.000000	214.592013	124.474811	
45.053278	45.001343	224.131987	224.933901	135.353099	134.682682	89.999945	0.000000	313.494192	23.644319	0.000000	325.399424	73.396066	44.833561	225.007345	135.626781	134.999799	224.819328	225.007345	180.003399	134.999281	317.271403	69.384767	90.000000	180.000000	180.000000	137.465061	92.365566	90.000000	0.000000	5.956845	34.600576	0.686067	0.000000	45.227779	180.000000	180.000000	203.001149	90.000000	199.085428	180.000000	214.593969	124.475055	
45.053278	45.001343	224.133678	224.933901	135.325613	134.684876	89.999945	0.000000	313.494192	23.644319	0.000000	325.399424	73.396066	44.833561	225.007345	135.626781	134.999829	224.819399	225.007345	180.002996	134.999281	318.454347	70.456385	90.000000	180.000000	180.000000	137.465061	94.035200	90.000000	0.000000	6.714906	34.600576	0.622045	0.000000	45.194567	180.000000	180.000000	203.005894	90.000000	200.556389	180.000000	214.595228	124.475217	
45.053278	45.001343	224.134816	224.933901	135.308151	134.686197	89.999945	0.000000	313.494192	23.644319	0.000000	325.399424	73.396066	44.833561	225.007345	135.626781	134.999848	224.819448	225.007345	180.002738	134.999281	319.748222	71.349500	90.000000	180.000000	180.000000	137.465061	95.057520	90.000000	0.000000	7.101808	34.600576	0.429621	0.000000	45.173496	180.000000	180.000000	203.008778	90.000000	201.517382	180.000000	214.596040	126.402967	
45.053278	45.001091	224.135582	224.933901	135.297051	134.686993	89.999954	0.000000	313.494192	23.644319	0.000000	325.399424	73.396066	44.833561	225.007345	135.626781	134.999860	224.819481	225.007345	180.002574	134.999281	321.086896	72.146335	90.000000	180.000000	180.000000	137.465061	95.653704	90.000000	0.000000	7.269506	34.600576	0.125274	0.000000	45.160121	180.000000	180.000000	203.010531	90.000000	202.145712	180.000000	214.596564	127.656151	
45.053278	45.000932	224.136099	224.933901	135.289990	134.687473	89.999959	0.000000	313.494192	23.644319	0.000000	325.399424	73.396066	44.833561	225.007345	135.626781	134.999867	224.819503	225.007345	180.002469	134.999281	322.418856	66.656321	90.000000	180.000000	180.000000	137.465061	93.533247	90.000000	0.000000	4.187506	34.600576	359.722187	8.519408	45.151626	180.000000	180.000000	203.011599	90.000000	202.556900	180.000000	214.596903	128.471242	
45.042426	45.000830	224.136448	224.933901	135.285496	134.687763	89.999963	0.000000	313.494192	23.644319	0.000000	325.399424	73.396066	44.833561	225.007345	135.626781	134.999872	224.819518	225.007345	180.002402	134.999281	323.702362	63.752477	90.000000	180.000000	180.000000	137.465061	92.007086	90.000000	0.000000	2.187487	34.600576	359.231085	13.956532	45.146227	180.000000	180.000000	203.012250	90.000000	202.826242	180.000000	214.597122	129.001718	
45.035919	45.000766	224.136684	224.933901	135.282632	134.687937	89.999965	0.000000	313.494192	23.644319	0.000000	325.399424	73.396066	44.833561	225.007345	135.626781	134.999875	224.819529	225.007345	180.002359	134.999281	324.902984	67.796512	90.000000	180.000000	180.000000	137.465061	90.923166	90.000000	0.000000	0.902643	34.600576	358.660834	17.421407	45.142793	180.000000	180.000000	203.012647	90.000000	203.002847	179.730596	214.597264	129.347198	
45.032014	45.000725	224.136844	224.933901	135.280807	134.688043	89.999966	0.000000	313.494192	23.644319	0.000000	325.399424	73.396066	44.833561	225.007345	135.626781	134.999877	224.850868	225.007345	180.002331	134.999281	325.992435	70.507570	90.000000	180.000000	180.000000	137.465061	90.175053	90.000000	0.000000	359.785024	34.600576	358.018869	19.629115	45.140607	180.000000	180.000000	203.012889	90.000000	203.118769	179.222352	214.597356	129.572359	
45.029670	45.000699	224.136953	224.933901	135.279643	134.688107	89.999967	0.000000	313.494192	23.644319	0.000000	325.399424	73.396066	44.833561	225.007345	135.626781	134.999878	224.871674	225.007345	180.002313	134.999281	326.948048	72.360164	90.000000	180.000000	180.000000	137.465061	89.595504	90.000000	0.000000	358.774026	34.600576	353.651610	20.777294	45.139216	180.000000	180.000000	203.013037	90.000000	203.194944	178.556804	214.597416	129.719216	
45.028262	45.000683	224.137027	224.933901	135.278899	134.688146	89.999968	0.000000	313.494192	23.644319	0.000000	325.399424	73.396066	44.870623	225.007345	135.626781	134.999879	224.885497	225.007345	180.002302	134.999281	324.836131	73.668393	90.000000	180.000000	180.000000	137.465061	88.894275	90.000000	0.000000	357.874998	34.600576	350.672719	21.248117	45.138329	180.000000	180.000000	203.013128	90.000000	203.245060	177.789450	216.568963	129.815078	
45.027417	45.000672	224.137078	224.933901	135.278424	134.688169	89.999968	0.000000	313.494192	23.644319	0.000000	325.399424	73.396066	44.891360	225.007345	135.626781	134.999880	224.894687	225.007345	180.002295	134.999281	323.552980	74.639559	90.000000	180.000000	180.000000	137.465061	88.164454	90.000000	0.000000	357.092314	34.600576	350.782018	21.295095	45.137763	180.000000	180.000000	203.013184	90.000000	203.278072	176.959742	217.819953	129.877704	
45.026908	45.000666	224.287749	224.933901	135.278120	134.688183	89.999968	0.000000	313.494192	23.644319	0.000000	325.399424	73.396066	44.902966	225.007345	135.626781	134.999880	224.900802	225.007345	180.002290	134.999281	322.822606	74.871428	90.000000	180.000000	180.000000	137.465061	87.471849	90.000000	0.000000	356.428911	34.600576	350.854994	21.085561	45.137402	180.000000	180.000000	203.013218	90.000000	203.299847	176.097205	218.614104	129.918654	
45.026602	45.000661	224.387800	224.933901	135.277926	134.688192	89.999968	0.000000	313.494192	23.644319	0.000000	325.399424	73.396066	44.909464	225.007345	135.626781	134.999880	224.904874	225.007345	180.002287	134.999428	322.454299	75.096800	90.000000	180.000000	180.000000	137.465061	86.862427	90.000000	0.000000	355.886125	34.600576	350.903765	20.730716	45.137171	180.000000	180.000000	207.517395	90.000000	203.314229	175.225169	219.118527	129.945454	
45.026418	45.000659	224.454284	224.933901	135.277801	134.688197	89.999969	0.000000	313.494192	23.644319	0.000000	325.399424	73.396066	44.913104	225.007345	135.626781	134.999880	224.907587	225.007345	180.002285	134.999516	322.315167	75.334697	90.000000	180.000000	180.000000	137.465061	86.367343	90.000000	0.000000	355.463718	34.600576	350.936391	20.304977	45.137023	180.000000	180.000000	210.222203	90.000000	203.323744	174.363025	219.439117	129.963012	
45.026307	45.000657	224.498494	224.933901	135.277721	134.688200	89.999969	0.000000	313.494192	23.644319	0.000000	325.399424	73.396066	44.915144	225.007345	135.626781	134.999880	224.909396	225.007345	180.002284	134.999569	322.311606	75.596688	90.000000	180.000000	180.000000	137.465061	86.006529	90.000000	0.000000	355.160029	34.600576	350.958239	19.858419	45.136929	180.000000	180.000000	211.846608	90.000000	203.330047	173.527558	219.643004	129.974525	
45.026240	45.000656	224.527915	224.933901	135.277669	134.688202	89.999969	0.000000	313.494192	23.644319	0.000000	325.399424	73.396066	44.916287	225.007345	135.626781	134.999880	224.910604	225.007345	180.002283	134.999601	315.793024	72.823160	90.000000	180.000000	180.000000	137.465061	85.791400	90.000000	0.000000	354.972210	34.600576	350.972886	19.424811	45.136868	180.000000	180.000000	212.822512	90.000000	203.334231	172.733688	219.772757	129.982084	
45.026200	45.000655	224.547509	224.933901	135.277636	134.688203	89.999969	0.000000	313.494192	23.644319	0.000000	325.399424	73.396066	44.916928	225.007345	135.626781	134.999880	224.911412	225.007345	180.002282	134.999620	311.397206	71.016005	90.000000	180.000000	180.000000	137.465061	89.814448	90.000000	0.000000	354.896481	34.600576	350.982718	19.003744	45.136830	180.000000	180.000000	213.409081	90.000000	203.337012	171.994845	219.855391	129.987051	
45.026176	45.000655	224.560569	224.933901	135.277615	134.688204	89.999969	0.000000	313.494192	23.644319	0.000000	325.399424	73.396066	44.917288	225.007345	135.626781	134.999881	224.911951	225.007345	180.002282	134.999632	308.477561	69.888027	90.000000	180.000000	180.000000	137.465061	88.433814	90.000000	0.000000	0.101862	34.600576	350.989324	18.283305	45.136805	180.000000	180.000000	213.761822	90.000000	203.338865	171.323118	219.908055	129.990320	
45.026161	45.000654	224.569282	224.933901	135.277601	134.688204	89.999969	0.000000	313.494192	23.644319	0.000000	325.399424	73.396066	44.917490	225.007345	135.626781	134.999881	224.912313	225.007345	180.001930	134.999639	306.574158	69.243534	90.000000	180.000000	180.000000	137.465061	91.453397	90.000000	0.000000	358.165128	34.600576	350.993770	17.408238	45.136789	180.000000	180.000000	213.974062	90.000000	207.235261	170.729278	219.941645	129.992473	
45.026152	45.000654	224.575100	224.933901	135.277593	134.688205	89.999969	0.000000	313.494192	23.644319	0.000000	325.399424	73.396066	44.917604	225.007345	135.626781	134.999881	224.912555	225.007345	180.001705	134.999643	305.363477	68.948845	90.000000	180.000000	180.000000	137.465061	93.410568	90.000000	0.000000	2.021738	34.600576	350.996765	16.479551	45.136778	180.000000	180.000000	214.101836	90.000000	209.769607	170.222732	219.963086	129.993894	
45.026147	45.000654	224.578988	224.933901	135.277587	134.688205	89.999969	0.000000	313.494192	23.644319	0.000000	325.399424	73.396066	44.917667	225.007345	135.626781	134.999881	224.912718	225.007345	180.001562	134.999645	304.618528	68.912416	90.000000	180.000000	180.000000	137.465061	94.647089	90.000000	0.000000	359.452714	34.600576	350.998787	15.568654	45.136772	180.000000	180.000000	214.178806	90.000000	211.418237	169.811470	219.976784	129.994833	
45.026144	45.000654	224.581589	224.933901	135.277583	134.688205	89.999969	0.000000	313.494192	23.644319	0.000000	325.399424	73.396066	44.917703	225.007345	135.626781	134.999881	224.912827	225.007345	180.001471	134.999647	304.179775	69.071360	90.000000	180.000000	180.000000	137.465061	95.404881	90.000000	0.000000	2.733878	34.600576	351.000153	14.726144	45.136767	180.000000	180.000000	214.225200	90.000000	212.491179	169.502022	219.985543	129.995454	
45.026142	45.000654	224.583331	224.933901	135.277581	134.688205	89.999974	0.000000	313.494192	23.644319	0.000000	325.399424	73.396066	44.917723	225.007345	135.626781	134.999881	224.912900	225.007345	180.001412	134.999648	303.934646	69.382273	90.000000	180.000000	180.000000	137.465061	93.358344	90.000000	0.000000	4.739723	34.600576	351.001078	13.987406	45.136765	180.000000	180.000000	214.253182	90.000000	213.189883	169.299459	219.991149	129.995865	
45.026141	45.000654	224.584500	224.933901	135.277579	134.751372	89.999977	0.000000	313.494192	23.644319	0.000000	325.399424	73.396066	44.917734	225.007345	135.626781	134.999881	224.912950	225.007345	180.001375	134.999648	303.803332	76.413675	90.000000	180.000000	180.000000	137.465061	91.892210	90.000000	0.000000	5.933183	34.600576	351.001705	13.376363	45.136763	180.000000	180.000000	214.270070	90.000000	213.645195	169.207433	219.994741	129.996138	
45.026140	45.000654	224.585284	224.933901	135.277578	134.789250	89.999979	0.000000	313.494192	23.644319	0.000000	325.399424	73.396066	44.917741	225.007345	135.626781	134.999881	224.912983	225.007345	180.001351	134.999649	303.728980	74.288783	90.000000	180.000000	180.000000	137.465061	90.858587	90.000000	0.000000	6.617737	34.600576	351.002131	15.541358	45.136762	180.000000	180.000000	214.280270	98.519408	213.942120	168.268414	219.997044	129.996320	
45.026139	45.000654	224.585811	224.933901	135.277578	134.811973	89.999980	0.000000	313.494192	23.644319	0.000000	325.399424	73.396066	44.917744	225.007345	135.626781	134.999881	224.913006	225.007345	180.001336	134.999649	303.670938	79.605857	90.000000	180.000000	180.000000	137.465061	90.153746	90.000000	0.000000	3.906513	34.600576	351.002421	16.831792	45.136761	180.000000	180.000000	214.286435	103.956532	214.135909	168.040581	219.998523	129.996441	
45.026139	45.000654	224.586165	224.933901	135.277578	134.825611	89.999981	0.000000	313.494192	23.644319	0.000000	325.399424	73.396066	44.917746	225.007345	135.626781	134.999903	224.913021	225.007345	180.001326	134.999649	303.600091	76.615253	90.000000	180.000000	180.000000	137.465061	89.503277	90.000000	0.000000	2.130244	34.600576	351.002619	21.077847	45.136761	180.000000	180.000000	214.290163	107.421407	214.262490	167.953361	219.999473	130.899646	
45.026139	45.000654	224.586404	224.933901	135.277578	134.833800	89.999981	0.000000	313.494192	23.644319	0.000000	325.399424	73.396066	44.917748	225.007345	135.626781	134.999917	224.913032	225.007345	180.001320	134.999649	303.495644	81.167548	90.000000	180.000000	180.000000	137.465061	88.769053	90.000000	0.000000	0.974945	34.600576	352.309316	21.199199	45.110962	180.000000	180.000000	214.292420	109.629115	214.345243	167.991116	220.000085	131.486366	
45.026139	45.000654	224.586566	224.933901	135.277578	134.838720	89.999982	0.000000	313.494192	23.644319	0.000000	325.399424	73.396066	44.917748	225.007345	135.626781	134.999926	224.913039	225.007345	180.001316	134.999649	303.342885	84.074839	90.000000	180.000000	180.000000	137.465061	88.033101	90.000000	0.000000	0.131994	34.600576	353.182226	23.622424	45.094601	180.000000	180.000000	214.293788	111.036351	214.399393	166.363736	220.000479	131.867725	
45.026139	45.000654	224.586675	224.933901	135.277578	134.841678	89.999982	0.000000	313.494192	23.644319	0.000000	325.399424	73.396066	44.917749	225.007345	135.626781	134.999932	224.913043	225.007345	180.001313	134.999649	303.131634	85.916446	90.000000	180.000000	180.000000	137.465061	87.353315	90.000000	0.000000	359.274803	34.600576	353.765882	22.593956	45.084217	180.000000	180.000000	214.294617	111.933917	214.434860	165.126078	220.000733	132.115762	
45.026139	45.000530	224.586748	224.933901	135.277578	134.843456	89.999982	0.000000	313.494192	23.644319	0.000000	325.399424	73.396066	44.917749	225.007345	135.626781	134.999935	224.913047	225.007345	180.001311	134.999649	302.855157	87.076656	90.000000	180.000000	180.000000	137.465061	86.769845	90.000000	0.000000	358.450208	34.600576	354.156520	23.870156	45.077624	180.000000	180.000000	214.295120	112.506832	214.458114	164.230915	220.000897	132.277193	
45.026139	45.000452	224.586799	224.933901	135.277578	134.844527	89.999982	0.000000	313.494192	23.644319	0.000000	325.399424	73.396066	44.917749	225.007345	135.626781	134.999938	224.928281	225.007345	180.001310	134.999649	299.867661	87.809675	90.000000	180.000000	180.000000	137.465061	86.309489	90.000000	0.000000	357.689646	34.600576	354.418248	24.268840	45.073436	180.000000	180.000000	214.295426	112.872822	214.473376	163.639356	220.001003	132.382333	
45.026139	45.000402	224.586833	224.933901	135.277578	134.845171	89.999982	0.000000	313.494192	23.644319	0.000000	325.399424	73.396066	44.917749	225.007345	135.626781	134.999939	224.938398	225.007345	180.001310	134.999649	297.830947	88.283550	90.000000	180.000000	180.000000	137.465061	85.988893	90.000000	0.000000	357.014018	34.600576	354.593805	24.093169	45.070772	180.000000	180.000000	214.295611	113.106827	214.483405	163.318177	220.001072	132.450860	
45.026139	45.000371	224.586856	224.933901	135.277578	134.845559	89.999982	0.000000	313.494192	23.644319	0.000000	325.399424	73.396066	44.917749	225.007345	135.626781	134.999940	224.945121	225.007345	180.001309	134.999649	296.405716	88.497987	90.000000	180.000000	180.000000	137.465061	85.817012	90.000000	0.000000	356.436767	34.600576	354.711701	23.548256	45.069078	180.000000	180.000000	214.295724	113.256582	214.490002	163.238394	220.001117	132.495559	
45.026139	45.000350	224.586872	224.933901	135.277578	134.845793	89.999982	0.000000	313.494192	23.644319	0.000000	325.399424	73.396066	44.917749	225.007345	135.626781	134.999941	224.949592	225.007345	180.001309	134.999649	295.363753	86.072545	90.000000	180.000000	180.000000	137.465061	89.834834	90.000000	0.000000	355.965919	34.600576	354.790974	22.776594	45.068000	180.000000	180.000000	214.295793	113.352513	214.494347	163.374512	220.001146	132.524738	
45.020841	45.000338	224.659654	224.933901	135.277578	134.845934	89.999982	0.000000	313.494192	23.644319	0.000000	325.399424	73.396066	44.917749	225.007345	135.626781	134.999941	224.952568	225.007345	180.001309	134.999649	294.553151	84.201633	90.000000	180.000000	180.000000	137.465061	92.441522	90.000000	0.000000	355.605502	34.600576	354.844349	21.880214	45.067312	180.000000	180.000000	214.295835	113.414027	214.497213	168.698106	220.001146	132.543803	
45.017664	45.000330	224.707999	224.933901	135.277578	134.846020	89.999982	0.000000	313.494192	23.644319	0.000000	325.399424	73.396066	44.917749	225.007345	135.626781	134.999941	224.954551	225.007345	180.001309	134.999649	293.874071	82.735034	90.000000	180.000000	180.000000	137.465061	94.083927	90.000000	0.000000	355.356588	34.600576	354.880338	20.934336	45.066874	180.000000	180.000000	214.295861	113.453514	214.499106	167.464258	220.001146	132.556269	
45.015759	45.000324	224.740133	224.933901	135.277578	134.846071	89.999982	0.000000	313.494192	23.644319	0.000000	325.399424	73.396066	44.917749	225.007345	135.626781	134.999941	224.955872	225.007345	180.001309	134.999649	293.261969	81.576990	90.000000	180.000000	180.000000	137.465061	95.077177	90.000000	0.000000	355.218091	34.600576	354.904640	19.995706	45.066595	180.000000	180.000000	214.295877	113.478890	214.500357	171.593384	220.001146	132.564429	
45.014615	45.000321	224.761508	224.933901	135.277578	134.846102	89.999982	0.000000	313.494192	23.644319	0.000000	325.399424	73.396066	44.917749	225.007345	135.626781	134.999942	224.956754	225.007345	180.001309	134.999649	296.426894	80.665178	90.000000	180.000000	180.000000	137.465061	95.643312	90.000000	0.000000	355.187385	34.600576	354.921077	19.107649	45.066416	180.000000	180.000000	214.295886	113.495217	214.501187	174.460915	220.001146	132.569775	
45.013928	45.000319	224.775738	224.933901	135.277578	134.846121	89.999982	0.000000	313.494192	23.644319	0.000000	325.399424	73.396066	44.917749	225.007345	135.626781	134.999942	224.957343	225.007345	180.001309	134.999649	298.384963	79.957968	90.000000	180.000000	180.000000	137.465061	93.544077	90.000000	0.000000	0.350445	34.600576	354.932214	18.303186	45.066302	180.000000	180.000000	214.295892	113.505735	214.501737	176.439082	220.001146	132.573281	
44.954062	45.000318	224.785218	224.933901	135.277578	134.846132	89.999985	0.000000	313.494192	23.644319	0.000000	325.399424	73.396066	44.917749	225.007345	135.626781	134.999942	224.957736	225.007345	180.001309	134.999649	299.493704	79.426604	90.000000	180.000000	180.000000	137.465061	92.023283	90.000000	0.000000	358.484191	34.600576	354.939773	17.607019	45.066229	180.000000	180.000000	214.295896	113.512520	214.502103	177.800972	220.001146	132.575583	
44.589176	45.000317	224.791539	224.933901	135.277578	134.846139	89.999987	0.000000	313.494192	23.644319	0.000000	325.399424	73.396066	44.917749	225.007345	135.626781	134.999942	224.958000	225.007345	180.001309	134.999649	300.003522	79.050379	90.000000	180.000000	180.000000	137.465061	90.933693	90.000000	0.000000	2.303341	34.600576	354.944914	17.036908	45.066182	180.000000	180.000000	214.295896	113.516903	214.502347	178.746267	220.001146	132.577096	
44.049479	45.000316	224.795758	224.933901	135.277578	134.846143	89.999988	0.000000	313.494192	23.644319	7.788554	325.399424	73.396066	44.917749	225.007345	135.626781	134.999942	224.958176	225.007345	180.001309	134.999721	300.087968	78.813655	90.000000	180.000000	180.000000	137.465061	90.172427	90.000000	0.000000	4.621610	34.600576	354.948418	16.604750	45.066152	189.106098	180.000000	214.295896	113.519738	216.389569	177.554601	220.001146	132.578092	
43.415296	45.000316	224.798576	224.933901	135.277578	134.846146	89.999989	0.000000	313.494192	23.644319	12.995047	325.399424	73.396066	44.917749	225.007345	135.626781	134.999942	224.958294	225.007345	180.001309	134.999764	299.866153	78.704042	90.000000	180.000000	180.000000	137.465061	89.666883	90.000000	0.000000	5.982420	34.600576	355.674037	16.317513	45.066133	194.592820	180.000000	214.295896	113.521575	217.615675	176.706924	220.001146	132.578748	
42.737271	45.000316	224.800460	224.933901	135.277578	134.846147	89.999989	0.000000	313.494192	23.644319	16.470075	325.399424	73.396066	44.935975	225.007345	135.626781	134.999942	224.958374	225.007345	180.001309	134.999789	299.419110	78.711280	90.000000	180.000000	180.000000	137.465061	89.027445	90.000000	0.000000	6.740754	34.600576	356.158450	16.178103	45.066121	197.895129	180.000000	214.295896	113.522768	218.412661	175.901956	220.001146	132.579181	
41.884099	45.000316	224.801721	224.933901	135.277578	134.846148	89.999989	0.000000	313.494192	23.644319	18.789017	325.399424	73.396066	44.946171	225.007345	135.626781	134.999942	224.958427	225.007345	180.001309	134.999805	298.801517	78.826574	90.000000	180.000000	180.000000	137.465061	88.322659	90.000000	0.000000	7.128459	34.600576	356.482135	16.186188	45.066113	199.882651	180.000000	214.295896	113.523543	218.931023	175.026396	220.001146	132.579467	
40.829977	45.000315	224.802566	224.933901	135.277578	134.846149	89.999990	0.000000	313.494192	23.644319	20.337147	325.399424	73.396066	44.951877	225.007345	135.626781	134.999942	224.958463	225.007345	180.001309	134.999814	298.049979	85.036217	90.000000	180.000000	180.000000	137.465061	87.629092	90.000000	0.000000	7.297310	34.600576	356.698632	16.338956	45.066108	201.079292	180.000000	214.295896	117.560428	219.268389	174.160440	220.001146	132.579656	
39.659389	45.000315	224.803133	224.933901	135.277578	134.846149	89.999990	0.000000	313.494192	23.644319	21.371430	325.399424	73.396066	44.955071	225.007345	135.626781	134.999942	224.958487	225.007345	180.001309	134.999820	297.188790	82.953017	90.000000	180.000000	180.000000	137.465061	87.000516	90.000000	0.000000	4.207927	34.600576	356.843587	22.193107	45.066104	201.800135	180.000000	214.295896	120.123924	219.488109	173.362611	220.001146	132.579782	
38.429453	45.000315	224.803514	224.933901	135.277578	134.846150	89.999990	0.000000	313.494192	23.644319	22.063029	325.399424	73.396066	44.956860	225.007345	135.626781	134.999942	224.958504	225.007345	180.001309	134.999823	292.311768	87.585327	90.000000	180.000000	180.000000	137.465061	86.473871	90.000000	0.000000	2.203994	34.600576	356.940746	20.754384	45.066102	202.234616	180.000000	214.295896	121.751967	219.631313	172.674754	220.001146	132.579865	
37.181509	45.000315	224.803770	224.933901	135.277578	134.846150	89.999990	0.000000	313.494192	23.644319	22.525937	325.399424	73.396066	44.957863	225.007345	135.626781	134.999942	224.958515	225.007345	180.001309	134.999825	288.921355	84.719507	90.000000	180.000000	180.000000	137.465061	86.073416	90.000000	0.000000	0.917438	34.600576	357.005944	25.325279	45.066101	202.496661	180.000000	214.295896	122.786349	219.724719	172.125540	220.001146	132.579920	
35.947477	45.000315	224.803942	224.933901	135.277578	134.846150	89.999990	0.000000	313.494192	23.644319	22.836103	325.399424	73.396066	44.958424	225.007345	135.626781	134.999942	224.958522	225.007345	180.001309	134.999826	286.536443	88.666971	90.000000	180.000000	180.000000	137.465061	85.813814	90.000000	0.000000	359.787211	34.600576	357.049748	23.216744	45.066100	202.654809	180.000000	214.295896	123.443914	219.785693	171.733137	220.001146	132.579957	
34.753283	45.000315	224.804059	224.933901	135.277578	134.846150	89.999990	0.000000	313.494192	23.644319	23.044160	325.399424	73.396066	44.958739	225.007345	135.626781	134.999942	224.958527	225.007345	180.001309	134.999827	293.593122	91.126914	90.000000	180.000000	180.000000	137.465061	85.702502	90.000000	0.000000	358.769487	34.600576	357.079216	27.148900	45.066099	202.750320	180.000000	214.295896	123.862197	219.825529	171.507425	220.001146	133.017593	
33.620609	45.000315	224.804137	224.933901	135.277578	134.846150	89.999990	0.000000	313.494192	23.644319	23.183889	325.399424	73.396066	44.958916	225.007345	135.626781	134.999942	224.958531	225.007345	180.001309	134.999827	297.961942	92.630777	90.000000	180.000000	180.000000	137.465061	89.737038	90.000000	0.000000	357.867618	34.600576	357.099068	29.902558	45.066099	202.808043	180.000000	214.295896	124.128451	219.851578	171.451902	220.001146	133.301879	
32.567733	45.000315	224.804190	224.933901	135.277578	134.846150	89.999990	0.000000	313.494192	23.644319	23.277848	325.399424	73.396066	44.959015	225.007345	135.626781	134.999953	224.958533	225.007345	180.001309	134.999828	300.552469	93.528693	90.000000	180.000000	180.000000	137.465061	92.366774	90.000000	0.000000	357.084660	34.600576	357.112460	31.837832	45.053748	202.842955	180.000000	214.295896	124.298052	219.868627	176.022259	220.001146	133.486665	
31.609882	45.000315	224.804226	224.933901	135.277578	134.877670	89.999990	0.000000	313.494192	23.644319	23.341115	325.399424	73.396066	44.959071	225.007345	135.626781	134.999960	224.958535	225.007345	180.001309	134.999828	301.975516	94.051077	90.000000	180.000000	180.000000	137.465061	94.035480	90.000000	0.000000	356.422668	34.600576	357.121509	39.474704	45.045917	202.864087	180.000000	214.295896	124.406168	219.879797	179.110809	220.001146	133.606853	
30.759374	45.000315	224.804251	224.933901	135.277578	134.896577	89.999990	0.000000	313.494192	23.644319	23.383776	325.399424	73.396066	44.959102	225.007345	135.626781	134.999964	224.965865	225.007345	180.001309	134.999828	302.634726	94.349701	90.000000	180.000000	180.000000	137.465061	95.056672	90.000000	0.000000	355.882379	34.600576	357.127633	44.784664	45.040949	202.876888	180.000000	214.295896	124.475142	219.887122	181.157480	220.001146	133.685079	
34.187511	45.000256	224.804267	224.933901	135.277578	134.907923	89.999990	0.000000	313.494192	23.644319	23.412586	325.399424	73.396066	44.959120	225.007345	135.626781	134.999967	224.970734	225.007345	180.001309	134.999828	302.793916	91.594553	90.000000	180.000000	180.000000	137.465061	95.651600	90.000000	0.000000	355.463141	34.600576	357.131785	48.435587	45.037796	202.884649	180.000000	214.295896	124.519182	219.891931	182.482150	220.001146	133.736029	
32.058529	45.000219	224.804279	224.933901	135.277578	134.914736	89.999990	0.000000	313.494192	23.644319	23.432073	325.399424	73.396066	44.959130	225.007345	135.626781	134.999969	224.973971	225.007345	180.001309	134.999828	302.624196	89.587722	90.000000	180.000000	180.000000	137.465061	93.532483	90.000000	0.000000	355.163010	34.600576	357.134605	50.919298	45.035793	202.889359	180.000000	214.295896	124.547324	219.895092	183.316525	220.001146	133.769238	
34.794532	45.000195	224.838355	224.933901	135.277578	134.918827	89.999990	0.000000	313.494192	23.644319	23.445277	325.399424	73.396066	44.959135	225.007345	135.626781	134.999970	224.976125	225.007345	180.001309	134.999828	297.817856	87.971307	90.000000	180.000000	180.000000	137.465061	92.006794	90.000000	0.000000	354.978937	34.600576	357.136525	52.590897	45.034520	202.892220	180.000000	214.295896	124.565324	219.897172	183.828631	220.001146	133.790901	
36.444136	45.000180	224.860980	224.933901	135.277578	134.921287	89.999991	0.000000	313.494192	23.644319	23.454240	325.399424	73.396066	44.959138	225.007345	135.626781	134.999971	224.977559	225.007345	180.001309	134.999828	294.741866	86.650246	90.000000	180.000000	180.000000	137.465061	90.922743	90.000000	0.000000	354.907011	34.600576	357.137834	53.704661	45.033710	202.893959	180.000000	214.295896	124.576848	219.898542	181.858919	220.001146	133.805042	
37.390603	45.000170	224.876013	224.933901	135.277578	134.922765	89.999992	0.000000	313.494192	23.644319	23.460337	325.399424	73.396066	44.959140	225.007345	135.626781	134.999971	224.978514	225.007345	180.001309	134.999828	292.772728	85.565193	90.000000	180.000000	180.000000	137.465061	90.174090	90.000000	0.000000	0.110447	34.600576	357.552435	54.442167	45.033195	202.895018	180.000000	214.295896	124.584233	219.899446	180.433122	220.001146	133.814283	
37.887127	45.000164	224.886009	224.933901	135.277578	134.923655	89.999993	0.000000	313.494192	23.644319	23.464492	325.399424	73.396066	44.959141	225.007345	135.626781	134.999971	224.979151	225.007345	180.001309	134.999828	291.511270	84.678249	90.000000	180.000000	180.000000	137.465061	89.599507	90.000000	0.000000	358.179513	34.600576	357.829298	54.933053	45.032867	202.895663	180.000000	214.295896	124.588971	219.900044	179.425218	220.001146	133.820325	
38.101698	45.000160	224.892660	224.933901	135.277578	134.924191	89.999993	0.000000	313.494192	23.644319	27.208492	325.399424	73.396066	44.959142	225.007345	135.626781	134.999972	224.979576	225.007345	180.001309	134.999828	290.702430	83.964368	90.000000	180.000000	180.000000	137.465061	88.900878	90.000000	0.000000	2.034336	34.600576	358.014358	55.269945	45.032658	202.896056	180.000000	214.295896	124.592013	219.900439	178.436087	220.001146	133.824281	
38.146530	45.000158	224.899813	224.933901	135.277578	134.924513	89.999994	0.000000	313.494192	23.644319	29.698158	325.399424	73.396066	44.959142	225.007345	135.626781	134.999972	224.979861	225.007345	180.001309	134.999828	290.183277	83.406159	90.000000	180.000000	180.000000	137.465061	88.171982	90.000000	0.000000	359.472198	34.600576	358.138179	55.519068	45.032524	202.896297	180.000000	214.295896	124.593969	219.900701	177.441364	220.001146	133.826872	
38.097225	45.000156	225.263642	224.933901	135.277578	134.924708	89.999994	0.000000	313.494192	23.644319	31.354007	325.399424	73.396066	44.959142	225.007345	135.626781	134.999972	224.980051	225.007345	180.001309	134.999828	289.849692	82.990746	90.000000	180.000000	180.000000	137.465061	87.479118	90.000000	0.000000	2.751163	34.600576	358.221113	55.727771	45.032439	202.896444	180.000000	214.295896	124.595228	219.900875	176.504077	220.001146	133.828572	
38.005212	45.000155	225.850362	224.933901	135.277578	134.924825	89.999994	0.000000	313.494192	23.644319	32.455850	325.399424	73.396066	44.959142	225.007345	135.626781	134.999972	224.980178	225.007345	180.001309	134.999828	289.635093	82.707899	90.000000	180.000000	180.000000	137.465061	86.868612	90.000000	0.000000	4.756400	34.600576	358.276723	55.929838	45.032385	202.896533	180.000000	214.295896	124.596040	219.900990	175.670241	220.001146	133.829688	
44.767035	45.000155	226.567811	224.933901	135.277578	134.924896	89.999994	0.000000	313.494192	23.644319	33.189536	325.399424	73.396066	44.959142	225.007345	135.626781	134.999972	224.980263	225.007345	180.001309	134.999828	289.496868	82.548944	90.000000	180.000000	180.000000	137.465061	86.371884	90.000000	0.000000	5.950245	34.600576	358.314055	56.149265	45.032350	202.896589	180.000000	214.295896	124.596564	219.901068	174.972385	220.001146	133.830421	
49.166055	45.000154	227.350900	224.933901	135.277578	134.924938	89.999994	0.000000	313.494192	23.644319	33.678449	325.399424	73.396066	44.959142	225.007345	135.626781	134.999972	224.980320	225.007345	180.001309	134.999828	289.407718	82.506157	90.000000	180.000000	180.000000	137.465061	86.009067	90.000000	0.000000	6.635810	34.600576	358.339149	56.402934	45.032328	202.896622	180.000000	214.295896	124.596903	220.822440	174.432122	220.001146	133.830904	
51.984365	45.000154	228.152497	224.933901	135.277578	134.924964	89.999994	0.000000	313.494192	23.644319	34.004522	325.399424	73.396066	44.959142	225.007345	135.626781	134.999972	224.980359	225.007345	180.001309	134.999828	289.350140	88.252781	90.000000	180.000000	180.000000	137.465061	85.791723	90.000000	0.000000	3.918342	34.600576	358.356037	56.702518	45.032313	207.405108	180.000000	214.295896	124.597122	221.420983	174.062251	220.001146	133.831222	
53.754903	45.000154	228.937720	224.933901	135.277578	134.924980	89.999994	0.000000	313.494192	23.644319	34.222182	325.399424	73.396066	44.959142	225.007345	135.626781	134.999972	224.980384	225.007345	180.001309	134.999828	289.312897	86.159741	90.000000	180.000000	180.000000	137.465061	89.814857	90.000000	0.000000	2.138938	34.600576	358.367420	57.055845	45.032304	210.112195	180.000000	214.295896	124.597264	221.810041	173.868580	220.001146	133.831432	
54.837061	45.000154	229.680350	224.933901	135.277578	134.924989	89.999994	0.000000	313.494192	23.644319	34.367610	325.399424	73.396066	44.959142	225.007345	135.626781	134.999972	224.980402	225.007345	180.001309	134.999828	289.288770	90.442793	90.000000	180.000000	180.000000	137.465061	88.431076	90.000000	0.000000	0.982483	34.600576	358.375103	57.467886	45.032298	211.737776	180.000000	214.295896	124.597356	222.063095	178.134405	220.001146	133.831571	
55.472460	45.000154	230.360565	224.933901	135.277578	134.924995	89.999994	0.000000	313.494192	23.644319	34.464871	325.399424	73.396066	44.959142	225.007345	135.626781	134.999972	224.980414	225.007345	180.001309	134.999828	289.273113	87.624029	90.000000	180.000000	180.000000	137.465061	91.450796	90.000000	0.000000	0.246010	34.600576	358.380297	60.200036	45.032295	212.714264	180.000000	214.295896	124.597416	222.227798	180.989926	220.001146	133.831663	
55.823618	45.000154	230.963486	224.933901	135.277578	134.924998	89.999994	0.000000	313.494192	23.644319	34.529986	325.399424	73.396066	44.959142	225.007345	135.626781	134.999972	224.980422	225.007345	180.001309	134.999863	289.262935	91.284004	90.000000	180.000000	180.000000	137.465061	93.407576	90.000000	0.000000	359.798421	34.600576	358.383815	62.095271	45.032292	213.301110	180.000000	214.295896	126.568963	222.335072	182.857849	220.001146	133.831723	
56.000080	45.000154	231.478197	224.933901	135.277578	134.925001	89.999994	0.000000	313.494192	23.644319	34.573628	325.399424	73.396066	44.959142	225.007345	135.626781	134.999972	224.980427	225.007345	180.001309	134.999884	294.083289	93.538060	90.000000	180.000000	180.000000	137.465061	94.643364	90.000000	0.000000	359.554781	34.600576	358.386201	63.453043	45.032291	213.653970	180.000000	214.295896	127.819953	222.404994	184.044360	220.001146	133.831764	
56.075912	45.000154	231.897051	224.933901	135.277578	134.925002	89.999994	0.000000	313.494192	23.644319	34.602910	325.399424	73.396066	44.959142	225.007345	135.626781	134.999972	224.980431	225.007345	180.001309	134.999896	297.145844	94.891832	90.000000	180.000000	180.000000	137.465061	95.400197	90.000000	0.000000	359.459832	34.600576	358.387823	64.474173	45.032290	213.866252	180.000000	214.295896	128.614104	222.450604	184.770720	220.001146	133.831791	
56.101363	45.000154	232.215142	224.933901	135.277578	134.925003	89.999994	0.000000	313.494192	23.644319	34.622582	325.399424	73.396066	44.959142	225.007345	135.626781	134.999972	224.980433	225.007345	180.001309	134.999904	299.091424	95.677486	90.000000	180.000000	180.000000	137.465061	93.355425	90.000000	0.000000	359.477397	34.600576	358.388928	65.291955	45.032289	213.994034	180.000000	214.295896	129.118527	222.480380	185.197165	220.001146	133.831809	
56.110644	45.000154	232.429861	224.933901	135.277578	134.925003	89.999994	0.000000	313.494192	23.644319	34.635814	325.399424	73.396066	44.959142	225.007345	135.626781	134.999972	224.980435	225.007345	180.001309	134.999908	300.327837	96.113157	81.563027	180.000000	180.000000	137.465061	91.890071	90.000000	0.000000	359.583565	34.600576	358.389682	65.993780	45.032289	214.070997	180.000000	214.295896	129.439117	222.499835	183.012820	220.001146	134.043289	
56.127119	45.000154	232.540503	224.933901	135.277578	134.925003	89.999994	0.000000	313.494192	23.644319	34.644727	325.399424	73.396066	44.959142	225.007345	135.626781	134.999972	224.980436	225.007345	180.001309	134.999911	301.113995	96.342327	76.180482	180.000000	180.000000	137.465061	90.856543	90.000000	0.000000	359.762306	34.600576	358.624932	66.636066	45.032288	214.117380	180.000000	214.295896	129.643004	222.512558	181.433794	220.001146	134.180669	
56.166773	45.000154	232.547916	224.933901	135.277578	134.925004	89.999995	0.000000	313.494192	23.644319	34.650740	325.399424	73.396066	44.959142	225.007345	135.626781	134.999972	224.983854	225.007345	180.001309	134.999913	301.614176	93.268714	72.751556	180.000000	180.000000	137.465061	90.151334	90.000000	0.000000	0.002656	34.600576	358.782077	62.095130	45.032288	214.145350	180.000000	214.295896	129.772757	222.520886	180.316596	220.001146	134.269968	
56.240537	45.000154	232.454166	224.933901	135.277578	134.925004	89.999996	0.000000	313.494192	23.644319	34.654802	325.399424	73.396066	44.959142	225.007345	135.626781	134.999972	224.986123	225.007345	180.001309	134.999914	301.932624	91.112874	70.567495	180.000000	180.000000	137.465061	89.505788	90.000000	0.000000	0.296906	34.600576	358.887150	64.758504	45.032288	214.162229	180.000000	214.295896	129.855391	222.526342	179.249159	220.001146	134.328051	
56.355839	45.000154	232.262248	224.933901	135.277578	134.925004	89.999996	0.000000	313.494192	23.644319	34.657550	325.399424	73.396066	44.968277	225.007345	135.626781	134.999972	224.987631	225.007345	180.001309	134.999914	302.135515	89.393896	69.175815	180.000000	180.000000	137.465061	88.774156	90.000000	0.000000	0.639456	34.600576	358.957477	66.662936	45.026201	214.172421	180.000000	214.295896	129.908055	222.529921	178.197858	220.001146	134.365856	
56.517646	45.000154	231.975806	224.933901	135.277578	134.925004	89.999996	0.000000	313.494192	23.644319	34.659413	325.399424	73.396066	44.973389	225.007345	135.626781	134.999972	224.988634	225.007345	180.001309	134.999915	302.264879	87.999900	68.288491	180.000000	180.000000	137.465061	88.039144	90.000000	351.603681	1.026070	34.600576	359.004599	62.537041	45.022341	214.178580	180.000000	214.295896	129.941645	222.532271	177.219932	220.001146	134.390480	
56.729158	45.000154	232.231649	224.933901	135.277578	134.925004	89.999996	0.000000	313.494192	23.644319	34.660679	325.399424	73.396066	44.976250	225.007345	135.626781	134.999972	224.989301	225.007345	180.001309	134.999915	302.347428	86.861124	67.722326	180.000000	180.000000	137.465061	87.359132	90.000000	346.248037	1.453415	34.600576	359.036208	60.187911	45.019891	214.182305	180.000000	214.295896	129.963086	222.533815	176.357289	220.001146	134.406531	
56.992285	45.000125	232.265505	224.933901	135.277578	134.925004	89.999997	0.000000	313.494192	23.644319	34.661540	325.399424	73.396066	44.977852	225.007345	135.626781	134.999972	224.989746	225.007345	180.001309	134.999915	302.400147	85.933139	67.360789	180.000000	180.000000	137.465061	86.774623	90.000000	342.836823	1.918759	34.600576	359.057436	59.029291	45.018335	214.184559	180.000000	214.295896	129.976784	222.534832	175.639484	220.001146	134.417001	
57.307961	45.000106	232.127314	224.933901	135.277578	134.940293	89.999997	0.000000	313.494192	23.644319	34.662127	325.399424	73.396066	44.978749	225.007345	135.626781	134.999972	224.990042	225.007345	180.001309	134.999915	302.433844	85.186773	67.129726	180.000000	180.000000	137.465061	86.312679	90.000000	340.664407	2.419787	34.600576	359.071711	58.663809	45.017347	214.185924	180.000000	214.295896	129.985543	222.535502	175.085944	220.001146	134.423837	
60.334779	45.000095	228.704241	224.933901	135.277578	134.949463	89.999997	0.000000	313.494192	23.644319	36.470109	325.399424	73.396066	44.979252	225.007345	135.626781	134.999972	224.990240	225.007345	180.001309	134.999915	302.455403	84.602008	66.981917	180.000000	180.000000	137.465061	85.990146	90.000000	339.280384	7.864427	34.600576	359.081324	58.827590	45.016719	214.186752	180.000000	214.295896	129.991149	222.535944	174.707839	220.001146	134.428303	
62.300022	45.000087	226.424267	224.933901	135.277578	134.954965	89.999997	0.000000	313.494192	23.644319	37.671172	325.399424	73.396066	44.979534	225.007345	135.626781	134.999972	224.990372	225.007345	180.001309	134.999915	302.469209	84.164288	66.887276	180.000000	180.000000	137.465061	85.816122	90.000000	338.398099	6.359776	34.600576	359.087805	64.143557	45.016319	214.187254	180.000000	214.295896	129.994741	222.536236	174.509759	220.001146	134.431224	
63.613251	45.000082	224.905139	224.933901	135.277578	134.958268	89.999997	0.000000	313.494192	23.644319	38.469508	325.399424	73.396066	44.979693	225.007345	135.626781	134.999972	224.990460	225.007345	180.001309	134.999915	302.478058	83.862303	66.826618	180.000000	180.000000	137.465061	89.834227	90.000000	337.835252	10.415793	34.600576	359.092182	67.882631	45.016064	214.187559	180.000000	214.295896	129.997044	222.536429	178.693570	220.001146	134.433136	
64.534729	45.000079	223.892316	224.933901	135.277578	134.960252	89.999997	0.000000	313.494192	23.644319	39.000513	325.399424	73.396066	44.979781	225.007345	135.626781	134.999972	224.990519	225.007345	180.001309	134.999915	302.483737	83.686681	66.787700	180.000000	180.000000	137.465061	92.440586	90.000000	337.475905	8.233309	34.600576	359.095143	70.543112	45.015902	214.187744	180.000000	214.295896	129.998523	222.536557	181.493876	220.001146	134.434389	
65.228447	45.000077	223.216526	224.933901	135.277578	134.961444	89.999997	0.000000	313.494192	23.644319	39.353966	325.399424	73.396066	44.979831	225.007345	135.626781	134.999972	224.990559	225.007345	180.001309	134.999915	302.487385	83.629235	66.762703	180.000000	180.000000	137.465061	94.082287	90.000000	337.246287	11.707798	34.600576	359.097149	72.475780	45.015799	214.187857	180.000000	214.295896	129.999473	222.536642	183.325829	220.001146	134.435211	
65.796691	45.000076	222.765222	224.933901	135.277578	134.962161	89.999997	0.000000	313.494192	23.644319	39.589420	325.399424	73.396066	44.979859	225.007345	135.626781	134.999972	224.990585	225.007345	180.001309	134.999915	302.489732	89.222909	66.746628	180.000000	180.000000	137.465061	95.074598	90.000000	337.099434	10.998449	34.600576	359.098511	73.926344	45.015733	214.187926	180.000000	214.295896	130.000085	222.536699	184.490179	220.001146	134.435750	
66.302433	45.000075	222.463552	224.933901	135.277578	134.962592	89.999997	0.000000	313.494192	23.644319	39.746398	325.399424	73.396066	44.979875	225.007345	135.626781	134.999972	224.990603	225.007345	180.001309	134.999915	302.491243	87.173608	66.736279	180.000000	180.000000	137.465061	95.639641	90.000000	337.005426	10.570791	34.600576	359.099438	74.510961	45.015691	214.187968	180.000000	214.295896	130.000479	222.536736	185.204347	220.001146	134.436105	
66.783763	45.000075	222.261702	224.933901	135.277578	134.962851	89.999997	0.000000	313.494192	23.644319	39.851148	325.399424	73.396066	44.979884	225.007345	135.626781	134.999972	224.990615	225.007345	180.001309	134.999915	302.492217	91.340051	66.729607	180.000000	180.000000	137.465061	93.541966	90.000000	336.945187	10.312797	34.600576	359.100069	74.984395	45.015664	214.187993	180.000000	214.295896	130.000733	222.982673	185.625870	220.001146	134.436339	
62.283858	45.000075	222.126500	224.933901	135.277578	134.963007	89.999997	0.000000	313.494192	23.644319	39.921110	325.399424	73.396066	44.979889	225.007345	135.626781	134.999972	224.990623	225.007345	180.001309	134.999915	302.492846	88.590192	66.725300	180.000000	180.000000	137.465061	92.021817	90.000000	336.906548	10.157052	34.600576	359.229529	75.402653	45.015647	214.188009	180.000000	214.295896	130.000897	223.272362	183.363588	220.001146	134.436492	
59.637815	45.000074	222.035838	224.933901	135.277578	134.963101	89.999997	0.000000	313.494192	23.644319	39.967882	325.399424	73.396066	44.979891	225.007345	135.626781	134.999972	224.990628	225.007345	180.001309	134.999915	302.493253	92.149254	66.722515	180.000000	180.000000	137.465061	90.932234	90.000000	336.881736	10.062968	34.600576	359.315953	73.185737	45.015636	214.188018	180.000000	214.295896	130.001003	223.460666	181.735146	220.001146	134.436594	
63.670240	45.000074	221.974973	224.933901	135.277578	134.963158	89.999997	0.000000	313.494192	23.644319	39.999183	325.399424	73.396066	44.979893	225.007345	135.626781	134.999972	224.990632	225.007345	180.001309	134.999915	302.493516	94.339147	66.720713	180.000000	180.000000	137.465061	90.170539	90.000000	336.865785	10.006090	34.600576	359.373702	71.631156	45.015629	214.188024	180.000000	214.295896	130.001072	223.583147	180.588827	220.001146	134.436661	
60.781693	45.000074	221.934061	224.933901	135.277578	134.963192	89.999997	0.000000	313.494192	23.644319	40.020153	325.399424	73.396066	44.979894	225.007345	135.626781	134.999972	224.990634	225.007345	180.001309	134.999915	302.493687	95.653025	66.719543	180.000000	180.000000	137.465061	89.664278	90.000000	336.855518	9.971679	34.600576	359.412328	70.589020	45.015624	214.188028	180.000000	214.295896	130.001117	223.662868	179.432693	220.001146	134.436705	
59.265322	45.000074	221.906523	224.933901	135.277578	134.963213	81.511833	0.000000	313.494192	23.644319	40.034217	325.399424	73.396066	44.979894	225.007345	135.626781	134.999972	224.990636	225.007345	180.001309	134.999915	302.493798	96.414819	66.718784	180.000000	180.000000	137.465061	89.029424	90.000000	336.848901	9.950844	34.600576	359.438190	69.948860	45.015621	216.388137	180.000000	214.295896	130.001146	223.714794	178.329228	220.001146	134.436735	
58.623423	45.000074	221.887963	224.933901	135.277578	134.963226	76.095399	0.000000	313.494192	23.644319	40.043660	325.399424	73.396066	44.979895	225.007345	135.626781	134.999972	224.990637	225.007345	180.001309	134.999915	304.832317	96.837270	66.718289	180.000000	172.097513	137.465061	88.327000	90.000000	336.844631	9.938219	34.600576	359.455525	69.628418	45.015619	217.707931	180.000000	214.295896	130.943430	223.748641	177.325932	220.001146	134.436754	
58.539639	45.000074	221.875435	224.933901	135.277578	134.963233	72.644155	0.000000	313.494192	23.644319	40.050010	325.399424	73.396066	44.979895	225.007345	135.626781	134.999972	224.990638	225.007345	180.001309	134.999915	306.315755	93.850180	62.594678	180.000000	166.811683	137.465061	87.634219	90.000000	336.841872	9.930561	34.600576	359.467158	69.565945	45.015618	218.499933	180.000000	214.295896	131.541085	223.770721	176.457511	220.001146	134.436767	
58.815387	45.000074	221.866964	224.933901	135.277578	134.963238	70.445415	0.000000	313.494192	23.644319	40.054284	325.399424	73.396066	44.979895	225.007345	135.626781	134.999972	224.990639	225.007345	180.001309	134.999915	307.257155	91.913893	59.975184	180.000000	163.281723	137.465061	87.005322	90.000000	336.840086	9.925913	34.600576	359.474973	69.714785	45.015617	218.975419	180.000000	214.295896	131.920361	223.785135	175.748058	220.001146	134.436776	
59.327272	45.000074	221.861228	224.933901	135.277578	134.963241	69.044080	0.000000	313.494192	23.644319	40.057166	325.399424	73.396066	44.979895	225.007345	135.626781	134.999972	224.990639	225.007345	180.001309	134.999915	307.854888	90.410574	58.311001	180.000000	160.924812	137.465061	86.477585	90.000000	336.838928	9.923088	34.600576	359.480231	70.039478	45.015617	219.261019	180.000000	214.295896	132.161192	223.794554	175.212799	220.001146	134.538830	
59.999269	45.000074	221.857336	224.933901	135.277578	134.963242	68.150400	0.000000	313.494192	23.644319	40.059111	325.399424	73.396066	44.979895	225.007345	135.626781	134.999972	224.992289	225.007345	180.001309	134.999915	308.234636	89.124516	57.253285	180.000000	159.350434	137.465061	86.075527	90.000000	336.838176	9.921370	34.600576	359.483774	76.480481	45.015617	219.432650	180.000000	214.295896	132.314208	223.800714	174.859664	220.001146	134.605126	
65.720864	45.000074	221.854691	224.933901	135.277578	134.963243	67.580046	0.000000	313.494192	23.644319	40.060427	325.399424	73.396066	44.979895	225.007345	135.626781	134.999972	224.993385	225.007345	180.001309	134.999915	308.476045	88.021529	56.580642	180.000000	158.297990	137.465061	85.813995	90.000000	336.837686	9.920324	34.600576	359.486163	74.862416	45.015616	219.535845	180.000000	214.295896	132.411491	223.804746	174.690765	220.001146	134.648221	
69.498676	45.000074	221.852889	224.933901	135.277578	134.963244	67.215746	0.000000	313.494192	23.644319	40.061319	325.399424	73.396066	44.979895	225.007345	135.626781	134.999972	224.994113	225.007345	180.001309	134.999915	308.629613	87.081096	56.152607	180.000000	157.593811	137.465061	85.700571	90.000000	332.709384	9.919687	34.600576	359.487778	79.808836	45.015616	219.597927	180.000000	214.295896	132.473383	223.807388	178.851717	220.001146	134.676253	
72.016594	45.000074	221.851659	224.933901	135.277578	134.963244	66.982858	0.000000	313.494192	23.644319	40.061923	325.399424	73.396066	44.979895	225.007345	135.626781	134.999972	224.994598	225.007345	180.001309	134.999915	308.727370	86.290415	55.880040	180.000000	157.122174	137.465061	89.735552	90.000000	330.087235	9.919298	34.600576	359.488871	83.128057	45.015616	219.635296	180.000000	214.295896	132.512785	223.809121	181.643865	220.001146	134.694499	
73.727652	45.000074	222.407193	224.933901	135.277578	134.963244	66.833842	0.000000	313.494192	23.644319	40.062335	325.399424	73.396066	44.979895	225.007345	135.626781	134.999972	224.994921	225.007345	180.001309	134.999915	308.789644	85.640835	55.706345	180.000000	156.805942	137.465061	92.365078	90.000000	328.421582	9.919060	34.600576	359.489612	85.335090	45.012700	219.657802	180.000000	214.295896	132.537888	223.810259	183.477525	220.001146	134.706383	
74.930747	45.000074	222.776238	224.933901	135.277578	134.963245	66.738401	0.000000	313.494192	23.644319	40.062615	325.399424	73.396066	44.979895	225.007345	135.626781	134.999972	224.995136	225.007345	180.001309	134.999915	308.829343	85.125769	55.595574	180.000000	156.593663	137.465061	94.033165	90.000000	327.363077	9.918915	34.600576	359.490115	86.792147	45.010851	219.671366	180.000000	214.295896	132.553893	223.811007	184.650273	220.001146	134.714130	
75.395893	45.000074	223.021568	224.933901	135.277578	134.963245	66.677212	0.000000	313.494192	23.644319	40.062615	325.399424	73.396066	44.979895	225.007345	135.626781	134.999972	224.995279	225.007345	180.001309	134.999915	308.854672	84.739516	55.524873	180.000000	156.450988	137.465061	95.053477	90.000000	326.690028	9.918826	34.600576	359.490458	87.752741	45.009678	219.679545	180.000000	214.295896	132.564106	223.811500	185.377469	220.001146	134.719184	
75.745961	45.000060	223.184775	224.933901	135.277578	134.963245	66.637941	0.000000	313.494192	23.644319	40.062615	325.399424	73.396066	44.979895	225.007345	135.626781	134.999972	224.995374	225.007345	180.001309	134.999915	308.870845	84.476631	55.479711	180.000000	156.354970	137.465061	95.647355	90.000000	326.261798	9.918771	34.600576	359.490691	88.394087	45.008934	219.684481	180.000000	214.295896	132.570628	223.811824	183.373666	220.001146	134.722483	
76.040583	45.000051	223.293433	224.933901	135.277578	134.963245	66.612709	0.000000	313.494192	23.644319	40.062615	325.399424	73.396066	44.979895	225.007345	135.626781	134.999972	224.995438	225.007345	180.001309	134.999915	308.881181	84.331652	55.450837	180.000000	156.290261	137.465061	93.529892	90.000000	325.989149	9.918737	34.600576	359.564502	88.840095	45.008461	219.687461	180.000000	214.295896	132.574797	223.812038	181.901893	220.001146	134.724639	
76.317447	45.000046	223.365832	224.933901	135.277578	134.963245	66.596478	0.000000	313.494192	23.644319	40.062615	325.399424	73.396066	44.979895	225.007345	135.626781	134.999972	224.995481	225.007345	180.001309	134.999915	308.887792	84.299012	55.432359	180.000000	156.246587	137.465061	92.004910	90.000000	325.815430	8.235844	34.600576	359.613792	86.748640	45.008160	219.689262	180.000000	214.295896	132.577464	223.812180	180.839837	220.001146	134.726049	
76.600002	45.000042	223.414112	224.933901	135.277578	134.963245	66.586024	0.000000	313.494192	23.644319	40.062615	325.399424	73.396066	44.979895	225.007345	135.626781	134.999972	224.995510	225.007345	180.001309	134.999915	308.892025	89.804439	55.420523	180.000000	156.217065	137.465061	90.920910	90.000000	325.704662	7.221336	34.600576	359.646738	84.990634	45.007969	219.690351	180.000000	214.295896	132.579171	223.812273	180.033733	220.001146	134.726972	
74.526624	45.000040	223.446337	224.933901	135.277578	134.963245	66.579282	0.000000	313.494192	23.644319	40.062615	325.399424	73.396066	44.979895	225.007345	135.626781	134.999972	224.995529	225.007345	180.001309	134.999915	308.894738	87.815177	55.412934	180.000000	156.197075	137.465061	90.171860	90.000000	325.633976	6.609394	34.600576	359.668781	83.512435	45.007847	219.691010	180.000000	214.295896	132.580266	223.812335	179.131684	220.001146	134.727577	
73.146461	45.000039	223.467866	224.933901	135.277578	134.970701	66.574928	0.000000	313.494192	23.644319	40.062615	325.399424	73.396066	44.979895	225.007345	135.626781	134.999972	224.995542	225.007345	180.001309	134.999915	308.896478	91.909845	55.408062	180.000000	156.183515	137.465061	89.602154	90.000000	325.588831	6.240038	34.600576	359.683546	82.280093	45.007770	219.691409	180.000000	214.295896	132.580968	223.812377	178.221245	220.001146	134.727974	
72.261928	45.000038	223.482263	224.933901	135.277578	134.975173	66.572112	0.000000	313.494192	23.644319	40.062615	325.399424	73.396066	44.984368	225.007345	135.626781	134.999972	224.995550	225.007345	180.001309	134.999915	308.897596	94.408685	55.404932	180.000000	156.174299	137.465061	88.906095	90.000000	325.559973	6.016949	34.600576	359.693446	81.270967	45.007721	219.691651	180.000000	214.295896	132.581420	223.812404	177.366552	220.001146	134.728234	
71.739493	45.000037	223.491901	224.933901	135.277578	134.977856	66.570288	0.000000	313.494192	23.644319	40.062615	325.399424	73.396066	44.986870	225.007345	135.626781	134.999972	224.995556	225.007345	180.001309	134.999915	308.898315	90.792938	55.402918	180.000000	156.168023	137.465061	88.178137	90.000000	325.541510	5.882108	34.600576	359.700093	80.468652	45.007689	219.691798	180.000000	214.295896	132.581710	223.812422	176.613940	220.001146	134.728405	
71.488194	45.000037	223.498359	224.933901	135.277578	134.979466	66.569104	0.000000	313.494192	23.644319	40.062615	325.399424	73.396066	44.988271	225.007345	135.626781	134.999972	224.995560	225.007345	180.001309	134.999915	308.898778	93.608266	55.401620	180.000000	156.163739	137.465061	87.485057	90.000000	325.529686	5.800544	34.600576	359.704560	79.859975	45.007669	219.691887	180.000000	214.295896	132.581897	224.027648	175.995756	220.001146	134.728518	
71.445539	45.000037	223.502692	224.933901	135.277578	134.980433	66.568335	0.000000	313.494192	23.644319	40.062615	325.399424	73.396066	44.989055	225.007345	135.626781	134.999972	224.995563	225.007345	180.001309	134.999915	308.899076	95.340598	55.400784	180.000000	152.436423	137.465061	86.873528	90.000000	325.522106	5.751169	34.600576	359.707567	79.433312	45.007656	219.691941	180.000000	214.295896	132.582017	224.167466	175.533186	220.001146	134.728592	
71.568167	45.000036	223.505603	224.933901	135.277578	134.981013	62.527292	0.000000	313.494192	23.644319	40.062615	325.399424	73.396066	44.989494	225.007345	135.626781	134.999972	224.995564	225.007345	180.001309	134.999915	308.899268	96.384006	55.400243	180.000000	149.956877	137.465061	86.375231	90.000000	325.517242	5.721255	34.600576	359.709593	79.177718	45.007648	219.691974	180.000000	214.295896	132.582095	224.258353	175.238540	220.001146	134.728641	
71.825632	45.000036	223.507561	224.933901	135.277578	134.981363	59.961389	0.000000	313.494192	23.644319	40.062615	325.399424	73.396066	44.989741	225.007345	135.626781	134.999972	224.995566	225.007345	180.001309	134.999915	308.899393	96.997757	55.399893	180.000000	148.307071	137.465061	86.010491	90.000000	325.514117	5.703116	34.600576	359.710961	79.082565	45.007643	219.691995	180.000000	214.295896	132.582145	224.317471	179.330459	220.001146	134.728674	
72.196247	45.000036	223.508879	224.933901	135.277578	134.981573	58.331974	0.000000	313.494192	23.644319	40.062615	325.399424	73.396066	44.989879	225.007345	135.626781	134.999972	224.995566	225.007345	180.001309	134.999915	308.899474	94.027716	55.399667	180.000000	147.208766	137.465061	85.791019	90.000000	325.512107	5.692107	34.600576	359.711886	79.137461	45.007639	219.692007	180.000000	214.295896	132.582178	224.042221	177.932463	220.001146	134.728695	
78.564777	45.000036	223.509768	224.933901	135.277578	134.981699	57.296824	0.000000	313.494192	23.644319	40.062615	325.399424	73.396066	44.989956	225.007345	135.626781	134.999972	224.995567	225.007345	180.001309	134.999915	308.899526	92.085502	55.399520	180.000000	146.477100	137.465061	89.814373	90.000000	325.510812	5.685420	34.600576	359.712512	84.783775	45.007637	219.692014	180.000000	214.295896	132.582199	223.516527	181.060592	220.001146	134.728709	
76.714735	45.000036	223.510369	224.933901	135.277578	134.981775	56.638840	0.000000	313.494192	23.644319	40.062615	325.399424	73.396066	44.989999	225.007345	135.626781	134.999972	224.995567	225.007345	180.001309	134.999915	308.899560	90.488539	55.399424	180.000000	145.989297	137.465061	88.427510	90.000000	325.509977	5.681353	34.600576	359.712937	83.102026	45.007636	219.692019	180.000000	214.295896	132.582213	222.840782	183.146224	220.001146	134.728719	
81.473585	45.000036	223.510775	224.933901	135.277578	134.981821	56.220336	0.000000	313.494192	23.644319	40.062615	325.399424	73.396066	44.990024	225.007345	135.626781	134.999972	224.995568	225.007345	180.001309	134.999915	308.899582	89.155515	53.444844	180.000000	145.663800	137.465061	91.447469	90.000000	325.509438	5.678878	34.600576	359.713226	87.386829	45.007635	219.692022	180.000000	214.295896	133.034087	222.083411	184.508891	220.001146	134.728725	
84.470594	45.000036	223.511051	224.933901	135.277578	134.981849	55.953972	0.000000	313.494192	23.644319	40.062615	325.399424	73.396066	44.990037	225.007345	135.626781	134.999972	224.996340	225.007345	180.001309	134.999915	308.899582	88.036863	52.204938	180.000000	145.446409	137.465061	93.403941	90.000000	325.509090	5.677369	34.600576	359.713423	90.191408	45.007634	219.692023	180.000000	214.295896	133.320604	221.292343	185.380438	220.001146	134.728729	
86.331576	45.000036	223.511238	224.933901	135.277578	134.981865	55.784320	0.000000	313.494192	23.644319	40.062615	325.399424	73.396066	44.990045	225.007345	135.626781	134.999972	224.996852	225.007345	180.001309	134.999915	308.899582	87.101768	51.418031	180.000000	145.301080	137.465061	94.639065	90.000000	325.508864	5.676449	34.600576	359.713557	91.993787	45.007634	219.692024	180.000000	214.295896	133.502375	220.502087	183.418868	220.001146	134.777925	
87.469366	45.000036	223.511365	224.933901	135.277578	134.981875	55.676186	0.000000	313.494192	23.644319	40.062615	325.399424	73.396066	44.990049	225.007345	135.626781	134.999972	224.997193	225.007345	180.001309	134.999915	308.899582	86.330389	50.918346	180.000000	145.203828	137.465061	95.394998	90.000000	325.508718	5.675887	34.600576	359.755409	93.127051	45.007634	220.771687	180.000000	214.295896	133.617759	219.738114	181.983680	220.001146	134.809884	
88.155535	45.000036	223.511452	224.933901	135.277578	134.981881	55.607209	0.000000	313.494192	23.644319	40.062615	325.399424	73.396066	44.990052	225.007345	135.626781	134.999972	224.997419	225.007345	180.001309	134.999915	308.899582	85.709186	50.600857	180.000000	145.138678	137.465061	93.352063	90.000000	325.508622	5.675543	34.600576	359.783366	93.822721	45.007633	221.419209	180.000000	214.295896	133.691047	219.019571	180.954125	220.001146	134.830659	
88.568682	45.000036	223.511452	224.933901	135.277578	134.981885	55.563174	0.000000	313.494192	23.644319	40.062615	325.399424	73.396066	44.990053	225.007345	135.626781	134.999972	224.997570	225.007345	180.001309	134.999915	308.899582	85.228139	50.399003	180.000000	145.094986	137.465061	91.887544	90.000000	323.541384	5.675332	34.600576	359.802060	94.241864	45.007633	221.807726	180.000000	214.295896	133.737627	218.360981	180.243164	220.001146	134.844173	
88.826341	45.000036	223.511452	224.933901	135.277578	134.981887	55.535038	0.000000	313.494192	23.644319	40.062615	325.399424	73.396066	44.990054	225.007345	135.626781	134.999972	224.997670	225.007345	180.001309	134.999915	308.899582	84.879121	50.270583	180.000000	145.065648	137.465061	90.854158	80.054359	322.293591	5.675203	34.600576	359.814571	91.830179	45.007633	222.040945	180.000000	214.295896	133.767250	217.773323	179.787332	220.001146	134.852970	
86.971138	45.000036	223.511452	224.933901	135.277578	134.981889	55.517045	0.000000	313.494192	23.644319	40.062615	325.399424	73.396066	44.990054	225.007345	135.626781	134.999972	224.997737	225.007345	180.001309	134.999915	308.899582	84.654979	50.188824	180.000000	145.045925	137.465061	90.148619	74.472334	321.501775	5.675124	34.600576	359.822954	90.076382	45.007633	222.181010	180.000000	214.295896	133.786103	217.264732	179.539776	220.001146	134.858699	
85.795031	45.000036	223.511452	224.933901	135.277578	134.981890	55.505527	0.000000	313.494192	23.644319	40.062615	325.399424	73.396066	44.990055	225.007345	135.626781	134.999972	224.997782	225.007345	180.001309	134.999915	308.899582	84.549061	50.136735	180.000000	145.032648	137.465061	89.507950	71.340717	320.999036	4.716230	34.600576	359.828578	88.529727	45.007633	222.265172	180.000000	214.295896	133.798110	216.840995	179.465443	220.001146	134.862435	
84.761036	45.000036	223.511452	224.933901	135.277578	134.981890	55.498147	0.000000	313.494192	23.644319	40.062615	325.399424	73.396066	44.990055	225.007345	135.626781	134.999972	224.997812	225.007345	180.001309	134.999915	308.899582	90.017458	50.103524	180.000000	145.023698	137.465061	88.778889	69.583516	320.679648	4.138338	34.600576	359.832355	87.174467	45.006195	222.315769	180.000000	214.295896	133.805762	216.505915	179.537724	220.001146	134.864871	
83.820237	45.000036	223.511452	224.933901	135.277578	134.981890	55.493414	0.000000	313.494192	23.644319	40.062615	325.399424	73.396066	44.990055	225.007345	135.626781	134.999972	224.997832	225.007345	180.001309	134.999915	308.899582	87.954950	50.082332	180.000000	145.017655	137.465061	88.044817	68.597166	320.476615	3.789849	34.600576	359.834894	86.002944	45.005283	222.346204	180.000000	214.295896	133.810643	216.261611	179.736089	220.001146	134.866462	
82.982625	45.000036	223.511452	224.933901	135.277578	134.981891	55.490375	0.000000	313.494192	23.644319	40.062615	325.399424	73.396066	44.990055	225.007345	135.626781	134.999972	224.997845	225.007345	180.001309	134.999915	308.899582	92.028491	50.068798	180.000000	145.013569	137.465061	87.364591	68.043271	320.347463	3.579562	34.600576	359.836604	85.011205	45.004704	222.364521	180.000000	214.295896	133.813758	216.108778	180.044436	220.001146	134.867502	
82.255338	45.000029	223.511452	224.933901	135.277578	134.981891	55.488421	0.000000	313.494192	23.644319	40.062615	325.399424	73.396066	44.990055	225.007345	135.626781	134.999972	224.997854	225.007345	180.001309	134.999915	308.899582	89.278340	50.060148	180.000000	145.010801	137.465061	86.779064	67.732082	320.265251	3.452582	34.600576	359.837757	84.196388	45.004337	222.375551	180.000000	214.295896	133.815749	216.046931	180.449913	220.001146	134.868182	
81.642914	45.000025	223.511452	224.933901	135.277578	134.981891	55.487164	0.000000	313.494192	23.644319	40.062615	325.399424	73.396066	44.990055	225.007345	135.626781	134.999972	224.997860	225.007345	180.001309	134.999915	308.899582	92.763111	50.054614	180.000000	145.008923	137.465061	86.315561	67.557165	320.212881	3.375853	34.600576	359.838536	83.555271	45.004103	222.382198	180.000000	214.295896	133.817022	216.074622	180.942091	220.001146	134.868627	
81.147565	45.000022	223.511452	224.933901	135.277578	134.981891	55.486353	0.000000	313.494192	23.644319	40.062615	325.399424	73.396066	44.990055	225.007345	135.626781	134.999972	224.997864	225.007345	180.001309	134.999915	308.899582	94.898417	50.051070	180.000000	145.007646	137.465061	85.991120	67.458797	320.179496	3.329454	34.600576	359.839063	83.083577	45.003955	222.386205	180.000000	214.295896	133.817836	216.189651	181.512369	220.001146	134.868918	
80.769494	45.000020	223.511452	224.933901	135.277578	134.981891	55.485830	0.000000	313.494192	23.644319	40.062615	325.399424	73.396066	44.990055	225.007345	135.626781	134.999972	224.997867	225.007345	180.001309	134.999915	308.899582	96.171264	50.048798	180.000000	145.006775	137.465061	85.814985	67.403449	320.158197	3.301374	34.600576	359.839420	82.775780	45.003860	222.388623	180.000000	214.295896	133.818358	216.389257	186.166221	220.001146	134.869110	
80.507230	45.000019	223.511452	224.933901	135.277578	134.981891	55.485493	0.000000	313.494192	23.644319	40.062615	325.399424	73.396066	44.990055	225.007345	135.626781	134.999972	224.997868	225.007345	180.001309	134.999915	308.899582	96.901254	50.047340	180.000000	143.271914	137.465061	89.833404	67.372290	320.144597	3.284367	34.600576	359.839662	82.625206	45.003800	222.390083	180.000000	214.295896	133.818693	216.670284	185.417000	220.001146	134.869235	
80.357982	45.000019	223.511452	224.933901	135.277578	134.981891	55.485274	0.000000	313.494192	23.644319	40.062615	325.399424	73.396066	44.990055	225.007345	135.626781	134.999972	224.997870	225.007345	180.001309	134.999915	308.899582	97.298139	50.046404	180.000000	142.119787	137.465061	88.507871	67.354739	320.135906	3.274057	34.600576	359.839827	87.841162	45.003762	222.390965	180.000000	214.295896	133.818908	217.029338	188.971428	220.001146	134.869318	
80.317972	45.000018	223.511452	224.933901	135.277578	134.981891	55.485132	0.000000	313.494192	23.644319	40.062615	325.399424	73.396066	44.990055	225.007345	135.626781	134.999972	224.997870	225.007345	180.001309	134.999915	308.899582	94.242756	50.045802	180.000000	141.354219	137.465061	91.522271	67.344847	320.130347	3.267802	34.600576	359.839939	86.067379	45.003738	222.391498	180.000000	214.295896	133.819046	216.787621	191.399303	220.001146	134.869372	
80.382746	45.000018	223.511452	224.933901	135.277578	134.981891	55.485040	0.000000	313.494192	23.644319	40.062615	325.399424	73.396066	44.990055	225.007345	135.626781	134.999972	224.997871	225.007345	180.001309	134.999915	308.899582	92.260002	50.045414	180.000000	140.845174	137.465061	93.484090	67.339269	320.126788	3.264004	34.600576	359.862966	90.025948	45.003722	222.391821	180.000000	214.295896	133.819135	216.772505	190.725293	220.001146	134.869408	
85.969427	45.000018	223.511452	224.933901	135.277578	134.981891	55.484980	0.000000	313.494192	23.644319	40.062615	325.399424	73.396066	44.990055	225.007345	135.626781	134.999972	224.997871	225.007345	180.001309	134.999915	308.899582	90.764140	50.045164	180.000000	140.506453	137.465061	94.731692	67.336121	320.124507	3.261695	34.600576	359.878338	92.580798	45.003712	222.392016	180.000000	214.295896	133.819192	216.926548	190.274906	220.001146	134.869432	
84.043136	45.000018	223.511452	224.933901	135.277578	134.981891	53.503824	0.000000	313.494192	23.644319	40.062615	325.399424	73.396066	44.990055	225.007345	135.626781	134.999972	224.997872	225.007345	180.001309	134.999915	308.899582	89.478406	50.045003	180.000000	140.280892	137.465061	95.504847	67.334344	320.123043	3.260290	34.600576	359.888610	94.189804	45.003706	222.392134	180.000000	214.295896	133.819229	220.865895	189.973656	220.001146	134.869447	
88.174893	45.000018	223.511452	224.933901	135.277578	134.981891	52.246848	0.000000	313.494192	23.644319	40.062615	325.399424	73.396066	44.990055	225.007345	135.626781	134.999972	224.997872	225.007345	180.001309	134.999915	308.899582	88.370847	50.044898	180.000000	140.130565	137.465061	93.424666	67.333339	320.122104	3.259434	34.600576	359.895480	95.170552	45.003702	222.392206	180.000000	214.295896	133.819253	219.875594	189.771953	220.001146	134.869458	
85.578965	45.000018	223.511452	224.933901	135.277578	134.981891	51.448970	350.827463	313.494192	23.644319	40.062615	325.399424	73.396066	44.990055	225.007345	135.626781	134.999972	224.997872	225.007345	180.001309	134.999915	308.899582	87.422515	50.044831	180.000000	140.030292	137.465061	91.942900	67.332772	320.121499	3.258913	34.600576	359.900080	95.743045	45.003699	222.392250	180.000000	214.295896	133.819268	222.863295	189.636754	220.001146	134.869465	
89.076624	45.000018	223.511452	224.933901	135.277578	134.981891	50.942230	345.299383	313.494192	23.644319	40.062615	325.399424	73.396066	44.990055	225.007345	135.626781	134.999972	224.997872	225.007345	180.001309	134.999915	308.899582	86.621731	50.044787	180.000000	139.963347	137.465061	90.906109	67.332450	320.121110	3.258594	34.600576	359.903163	96.059995	45.003697	222.392276	180.000000	214.295896	133.819278	224.811508	189.546027	220.001146	134.869469	
91.232222	45.000017	223.511452	224.933901	135.277578	134.981891	50.620198	341.971428	313.494192	23.644319	40.062615	325.399424	73.396066	44.990055	225.007345	135.626781	134.999972	224.998246	225.007345	180.001309	134.999915	308.899582	85.960671	50.044758	180.000000	139.918610	137.465061	90.206558	67.332268	320.120860	3.258399	34.600576	359.905232	93.381059	45.003696	222.392292	180.000000	214.295896	133.819285	226.082491	189.485070	220.001146	134.869472	
92.531830	45.000017	223.511452	224.933901	135.277578	134.981891	50.415417	339.968017	313.494192	23.644319	40.062615	325.399424	73.396066	44.992257	225.007345	135.626781	134.999972	224.998494	225.007345	180.001309	134.999915	308.899582	85.433356	49.101637	180.000000	139.888685	137.465061	89.470482	67.332165	320.120698	3.258280	34.600576	359.906623	91.545484	45.003696	222.392302	180.000000	214.295896	133.819289	226.912223	189.444061	220.001146	134.869474	
93.294284	45.000017	223.511452	224.933901	135.277578	134.981891	50.285109	338.761528	313.494192	23.644319	40.062615	325.399424	73.396066	44.993488	225.007345	135.626781	134.999972	224.998659	225.007345	180.001309	134.999915	308.899582	85.034537	48.503599	180.000000	139.868647	137.465061	88.691088	67.332107	320.120593	3.258207	34.600576	359.907558	89.935120	45.003695	222.392308	180.000000	214.295896	134.041982	227.454320	189.416435	220.001146	134.893166	
93.728663	45.000017	223.511452	224.933901	135.277578	134.981891	50.202131	338.034579	313.494192	23.644319	40.062615	325.399424	73.396066	44.994178	225.007345	135.626781	134.999972	224.998769	225.007345	180.001309	134.999915	308.899582	84.759102	48.124178	180.000000	139.855215	137.465061	87.938643	67.332074	320.120526	3.258162	34.600576	359.908188	88.521200	45.003695	222.392312	180.000000	214.295896	134.183220	227.808797	189.397797	220.001146	134.908557	
91.316714	45.000017	223.511452	224.933901	135.277578	134.981891	50.149254	337.596308	313.494192	23.644319	40.062615	325.399424	73.396066	44.994563	225.007345	135.626781	134.999972	224.998842	225.007345	180.001309	134.999915	308.899582	84.601827	47.883319	180.000000	139.846199	137.465061	87.262620	67.332055	320.120482	2.711374	34.600576	359.908613	87.293936	45.003695	222.392314	180.000000	214.295896	134.272849	228.040802	189.385204	220.001146	134.918562	
89.754839	45.000017	223.511452	224.933901	135.277578	134.981891	50.115533	337.331909	313.494192	23.644319	40.062615	325.399424	73.396066	44.994779	225.007345	135.626781	134.999972	224.998891	225.007345	180.001309	134.999915	308.899582	84.557313	47.730328	180.000000	139.840142	137.465061	86.696998	67.332044	320.120453	2.381933	34.600576	359.908900	86.248401	45.003695	222.392315	180.000000	214.295896	134.329760	228.192794	189.376681	220.001146	134.925071	
88.758905	45.000017	223.511452	224.933901	135.277578	134.981891	50.094010	337.172297	313.494192	23.644319	40.062615	325.399424	73.396066	44.994901	225.007345	135.626781	134.999972	224.998924	225.007345	180.001309	134.999915	308.899582	90.027051	47.633089	180.000000	139.836066	137.465061	86.263988	67.332038	320.120435	2.183322	34.600576	359.909094	85.381446	45.003694	222.392316	180.000000	214.295896	134.365918	228.292470	189.370902	220.001146	134.929307	
87.962475	45.000017	223.511452	224.933901	135.277578	134.981891	50.080262	337.075876	313.494192	23.644319	40.062615	325.399424	73.396066	44.994968	225.007345	135.626781	134.999972	224.998945	225.007345	180.001309	134.999915	308.899582	88.037052	47.571244	180.000000	139.833320	137.465061	85.976806	67.332034	319.149106	2.063507	34.600576	359.909226	84.689933	45.003694	222.392317	180.000000	214.295896	134.388907	228.357907	189.366977	220.001146	134.932067	
87.163275	45.000017	223.511452	224.933901	135.277578	134.981891	50.071472	337.017585	313.494192	23.644319	40.062615	325.399424	73.396066	44.995006	225.007345	135.626781	134.999972	224.998960	225.007345	180.001309	134.999915	308.899582	92.105196	47.531884	180.000000	139.831467	137.465061	85.841858	67.332032	318.532908	1.991179	34.600576	359.909316	84.169842	45.003694	222.920709	180.000000	214.295896	134.403532	228.400915	189.364305	220.001146	134.933866	
86.404924	45.000017	223.511452	224.933901	135.277578	134.981891	50.065847	336.982319	313.494192	23.644319	40.062615	325.399424	73.396066	44.995028	225.007345	135.626781	134.999972	224.998969	225.007345	180.001309	134.999915	308.899582	94.585339	47.506816	180.000000	139.830215	137.465061	89.853204	67.332031	318.141786	1.947487	34.600576	359.909377	83.815947	45.003694	223.237561	180.000000	214.295896	134.412843	228.429215	189.362483	220.001146	134.935040	
85.716338	45.000017	223.511452	224.933901	135.277578	134.981891	50.062244	336.960966	313.494192	23.644319	40.062615	325.399424	73.396066	44.995040	225.007345	135.626781	134.999972	224.998976	225.007345	180.001309	134.999915	308.899582	90.977936	47.490838	180.000000	139.829367	137.465061	92.464510	67.332031	317.893380	1.921073	34.600576	359.909418	83.621844	45.003694	223.427646	180.000000	214.295896	134.418774	228.447860	188.007519	220.001146	134.935806	
85.116350	45.000017	223.511452	224.933901	135.277578	134.981891	50.059934	336.948026	313.494192	23.644319	40.062615	325.399424	73.396066	44.995047	225.007345	135.626781	134.999972	224.998980	225.007345	180.001309	134.999915	308.899582	93.775432	47.480647	180.000000	139.828793	137.465061	94.118420	62.382694	317.735517	1.905093	34.600576	359.922546	88.707558	45.002992	223.541735	180.000000	214.295896	134.422556	228.460161	187.102486	220.001146	134.936307	
84.616671	45.000017	223.511452	224.933901	135.277578	134.981891	50.058451	336.940179	313.494192	23.644319	40.062615	325.399424	73.396066	44.995050	225.007345	135.626781	134.999972	224.998983	225.007345	180.001309	134.999915	308.899582	95.495025	47.474141	180.000000	139.828402	137.465061	95.127526	59.611647	317.635130	1.895418	34.600576	359.931312	86.929364	45.002547	223.610244	180.000000	214.295896	134.424969	228.468288	186.497439	220.001146	134.936634	
84.223876	45.000014	223.511452	224.933901	135.277578	134.981891	50.057498	336.935414	313.494192	23.644319	40.062615	325.399424	73.396066	44.995052	225.007345	135.626781	134.999972	224.998985	225.007345	180.001309	134.999915	308.899582	96.529134	47.469984	180.000000	139.828136	137.465061	95.712354	58.059934	317.571249	1.889555	34.600576	359.937172	90.789794	45.002264	223.651403	180.000000	214.295896	134.426510	228.473665	186.092548	220.001146	134.936849	
83.940813	45.000012	223.511452	224.933901	135.277578	134.981891	50.056885	336.932520	313.494192	23.644319	40.062615	325.399424	73.396066	44.995054	225.007345	135.626781	134.999972	224.998986	225.007345	180.001309	134.999915	308.899582	97.135901	47.467326	180.000000	139.827955	137.465061	84.779407	57.190742	317.530570	1.885999	34.600576	359.941092	93.273744	45.002084	223.676144	180.000000	214.295896	134.427495	228.477229	185.821314	220.001146	134.936989	
83.767617	45.000011	223.511452	224.933901	135.277578	134.981891	50.056490	336.930759	313.494192	23.644319	40.062615	325.399424	73.396066	44.995054	225.007345	135.626781	134.999972	224.998987	225.007345	180.001309	134.999915	308.899582	94.142858	47.465625	180.000000	138.980212	137.465061	77.523157	56.703684	317.504646	1.883841	34.600576	359.943718	94.831310	45.001970	223.691023	180.000000	214.295896	134.428125	228.479595	185.639414	220.001146	134.937081	
83.702497	45.000010	223.511452	224.933901	135.277578	134.981891	50.056236	336.929687	313.494192	23.644319	40.062615	325.399424	73.396066	44.995055	225.007345	135.626781	134.999972	224.998988	225.007345	180.001309	134.999915	308.899582	92.189012	47.464534	180.000000	138.417132	137.465061	72.836142	56.430649	317.488114	1.882529	34.600576	359.945479	95.774409	45.001897	223.699977	180.000000	214.295896	134.428529	228.481168	185.517280	220.001146	134.937142	
83.742337	45.000009	223.511452	224.933901	135.277578	134.981891	50.056071	336.929033	313.494192	23.644319	40.062615	325.399424	73.396066	44.995055	225.007345	135.626781	134.999972	224.998988	225.007345	180.001309	134.999915	308.899582	90.584137	47.463835	180.000000	138.350678	137.465061	69.921782	56.277528	317.477562	1.881732	34.600576	359.946661	96.319005	45.001851	223.705368	180.000000	214.295896	134.428788	228.482216	185.435173	220.001146	134.937182	
88.876864	45.000009	223.511452	224.933901	135.277578	134.981891	50.055965	336.928635	313.494192	23.644319	40.062615	325.399424	73.396066	44.995055	225.007345	135.626781	134.999972	224.998988	225.007345	180.001309	134.999915	308.899582	89.245572	47.463386	180.000000	138.657718	137.465061	68.221020	56.191620	317.470821	1.881246	34.600576	359.947456	96.614970	45.001822	223.708616	180.000000	214.295896	134.428953	227.853665	185.379902	220.001146	134.937208	
87.100775	45.000009	223.511452	224.933901	135.277578	134.981891	50.055896	336.928391	313.494192	23.644319	40.062615	325.399424	73.396066	44.995055	225.007345	135.626781	134.999972	224.998989	225.007345	180.001309	134.999915	308.899582	88.122912	47.463098	180.000000	139.201661	137.465061	71.058834	56.143400	317.466511	1.880950	34.600576	359.947991	93.844846	45.001803	223.710574	180.000000	214.295896	134.429060	227.445369	185.342643	220.001146	134.937225	
90.881947	45.000009	223.511452	224.933901	135.277578	134.981891	50.055851	336.928242	313.494192	23.644319	40.062615	325.399424	73.396066	44.995055	225.007345	135.626781	134.999972	224.998989	225.007345	180.001309	134.999915	308.899582	87.184818	47.462912	180.000000	139.888755	137.465061	72.833021	56.116322	317.463753	1.880769	34.600576	359.948351	91.939480	45.001791	223.711755	180.000000	214.295896	134.429129	227.179984	185.317489	220.001146	134.937237	
93.181638	45.000009	223.511452	224.933901	135.277578	134.981891	50.055822	336.928150	313.494192	23.644319	40.062615	325.399424	73.396066	44.995055	225.007345	135.626781	134.999972	224.998989	225.007345	180.001309	134.999915	308.899582	86.411115	47.462793	180.000000	140.652994	137.465061	73.806346	56.101109	317.461986	1.880659	34.600576	359.948594	90.276742	45.001783	223.712467	180.000000	214.295896	134.429173	227.007379	185.300480	220.001146	134.937244	
94.537269	45.000009	223.511452	224.933901	135.277578	134.981891	49.105584	336.928094	313.494192	23.644319	40.062615	325.399424	73.396066	44.995055	225.007345	135.626781	134.999972	224.998989	225.007345	180.001309	134.999915	308.899582	85.788052	47.462715	180.000000	141.715668	137.465061	74.259583	56.092558	317.460854	1.880591	34.600576	359.948759	88.828736	45.001779	223.712898	180.000000	214.295896	134.429201	226.895040	185.288959	220.001146	134.937249	
95.299892	45.000009	223.511452	224.933901	135.277578	134.981891	48.502938	336.928060	313.494192	23.644319	40.062615	325.399424	73.396066	44.995055	225.007345	135.626781	134.999972	224.999165	225.007345	180.001309	134.999915	308.899582	85.305472	47.462665	180.000000	142.996682	137.465061	74.385147	56.087749	317.460126	1.880550	34.600576	359.948870	87.580203	45.001775	223.713158	180.000000	214.295896	134.429220	226.821875	185.281141	220.001146	134.937252	
95.698771	45.000009	223.511452	224.933901	135.277578	134.981891	48.120529	332.426148	313.494192	23.644319	40.062615	325.399424	73.396066	44.995055	225.007345	135.626781	134.999972	224.999281	225.007345	180.001309	134.999915	308.899582	84.955159	47.462633	180.000000	144.409978	137.465061	74.315133	56.085044	317.459659	1.880525	34.600576	359.948946	86.522449	45.001773	223.713316	180.000000	214.295896	134.429231	226.774187	185.275826	220.001146	134.937255	
93.087503	45.000009	223.511452	224.933901	135.277578	134.981891	47.877730	329.722545	313.494192	23.644319	40.062615	325.399424	73.396066	44.995055	225.007345	135.626781	134.999972	224.999359	225.007345	180.001309	134.999915	308.899582	84.729906	47.462612	180.000000	145.887953	137.465061	74.140336	56.083521	317.459358	1.880509	34.600576	359.948997	85.649670	45.001772	223.713411	180.000000	214.295896	134.429239	226.743082	185.272204	220.001146	134.937256	
91.371142	45.000009	223.511452	224.933901	135.277578	134.981891	47.723480	328.098765	313.494192	23.644319	40.062615	325.399424	73.396066	44.995055	225.007345	135.626781	134.999972	224.999410	225.007345	180.001309	134.999915	308.899582	84.623022	47.462599	180.000000	147.374321	137.465061	73.923093	56.082663	317.459165	1.561359	34.600576	359.949032	84.956830	45.001771	223.713469	180.000000	214.295896	134.429244	226.722776	184.517667	220.001146	134.937257	
90.249878	45.000009	223.511452	224.933901	135.277578	134.981891	47.625422	327.123178	313.494192	23.644319	40.062615	325.399424	73.396066	44.995055	225.007345	135.626781	134.999972	224.999444	225.007345	180.001309	134.999915	308.899582	90.081001	47.462590	180.000000	148.820494	137.465061	73.705951	56.082179	317.459040	1.369003	34.600576	359.949056	84.438533	45.001771	223.713504	180.000000	214.295896	134.429247	226.709509	184.014015	220.001146	134.948655	
89.530855	45.000009	223.511452	224.933901	135.277578	134.981891	47.563045	326.536760	313.494192	23.644319	40.062615	325.399424	73.396066	44.995055	225.007345	135.626781	134.999972	224.999467	225.007345	180.001309	134.999915	308.899582	88.021521	46.997628	180.000000	150.184064	137.465061	73.517580	56.081906	317.458959	1.252994	34.600576	352.057790	84.088555	45.001770	223.713525	180.000000	214.295896	134.535884	226.700834	183.677522	220.001146	134.956060	
88.960474	45.000009	223.511452	224.933901	135.277578	134.981891	47.523337	326.184087	313.494192	23.644319	40.062615	325.399424	73.396066	44.995055	225.007345	135.626781	134.999972	224.999482	225.007345	180.001309	134.999915	308.899582	92.087158	46.702723	180.000000	151.428452	137.465061	73.376827	56.081752	317.458907	1.182984	34.600576	346.779616	83.899766	45.001770	223.713538	180.000000	214.295896	134.603497	226.695155	183.452491	220.001146	134.960874	
88.300937	45.000009	223.511452	224.933901	135.277578	134.981891	47.498043	325.971873	313.494192	23.644319	40.062615	325.399424	73.396066	44.995055	225.007345	135.626781	134.999972	224.999492	225.007345	180.001309	134.999915	308.899582	89.341762	46.515570	180.000000	152.523093	137.465061	73.295557	56.081666	317.458873	1.140703	34.600576	343.254849	88.950061	45.001770	223.713546	180.000000	214.295896	134.646390	226.691435	183.301847	220.001146	134.964005	
87.626168	45.000009	223.511452	224.933901	135.277578	134.981891	47.481917	325.844105	313.494192	23.644319	40.062615	325.399424	73.396066	44.995055	225.007345	135.626781	134.999972	224.999499	225.007345	180.001309	134.999915	308.899582	92.819708	46.396730	180.000000	153.443727	137.465061	73.280642	56.081616	317.458851	1.115152	34.600576	340.901452	87.193298	45.001770	223.713551	180.000000	214.295896	134.673618	226.688995	183.200890	220.001146	134.966044	
86.984612	45.000009	223.511452	224.933901	135.277578	134.981891	47.471629	325.767134	313.494192	23.644319	40.062615	325.399424	73.396066	44.995055	225.007345	135.626781	134.999972	224.999504	225.007345	180.001309	134.999915	308.899582	94.950707	46.321221	180.000000	154.172505	137.465061	73.280642	56.081589	317.458837	1.099699	34.600576	339.329453	91.026238	45.001770	223.713554	180.000000	214.295896	134.690911	226.687393	183.133156	220.001146	134.967372	
86.407830	45.000009	223.511452	224.933901	135.277578	134.981891	47.465060	325.720735	313.494192	23.644319	40.062615	325.399424	73.396066	44.995055	225.007345	135.626781	134.999972	224.999507	225.007345	180.001309	134.999915	308.899582	96.220904	46.273213	180.000000	154.697811	137.465061	73.280642	56.081573	316.996379	1.090345	34.600576	338.278621	93.493846	45.001770	223.713555	180.000000	214.295896	134.701902	226.686340	183.087656	220.001146	134.968237	
85.915921	45.000009	223.511452	224.933901	135.277578	134.981891	47.460861	325.692748	313.494192	23.644319	40.062615	325.399424	73.396066	44.995055	225.007345	135.626781	134.999972	224.999509	225.007345	180.001309	134.999915	308.899582	96.949338	46.242670	180.000000	155.013758	137.465061	73.280642	56.081564	316.703095	1.084679	34.600576	337.575534	95.042637	45.001770	223.713556	180.000000	214.295896	134.708892	226.685647	183.057053	220.001146	134.968802	
85.521046	45.000009	223.511452	224.933901	135.277578	134.981891	47.458176	325.675855	313.494192	23.644319	40.062615	325.399424	73.396066	44.995055	225.007345	135.626781	134.999972	224.999510	225.007345	180.001309	134.999915	308.899582	97.345391	46.223224	188.081101	155.119423	137.465061	73.280642	56.081559	316.516995	1.081244	34.600576	337.104640	95.982120	45.001770	223.713557	180.000000	214.295896	134.713341	226.685191	183.036441	220.001146	134.969171	
85.229792	45.000009	223.511452	224.933901	135.277578	134.981891	47.456457	325.665652	313.494192	23.644319	40.062615	325.399424	73.396066	44.995055	225.007345	135.626781	134.999972	224.999511	225.007345	180.001309	134.999915	308.899582	94.280485	46.210834	193.363645	151.207526	137.465061	73.280642	56.081556	316.398838	1.079160	34.600576	336.788913	96.526663	45.001770	223.713558	180.000000	214.295896	134.716174	226.684889	183.022539	220.001146	134.969412	
85.044814	45.000009	223.511452	224.933901	135.277578	134.981891	47.455355	325.659484	313.494192	23.644319	40.062615	325.399424	73.396066	44.996160	225.007345	135.626781	134.999972	224.999512	225.007345	180.001309	134.999915	308.899582	92.292062	46.202935	196.811548	152.110272	137.465061	73.280642	56.081555	316.323773	1.077894	34.600576	336.576978	96.825069	45.001437	223.713558	180.000000	214.295896	134.717979	226.684690	183.013148	220.001146	134.969570	
84.966017	45.000009	223.511452	224.933901	135.277578	134.981891	47.454648	325.655754	313.494192	23.644319	40.062615	325.399424	73.396066	44.996778	225.007345	135.626781	134.999972	224.999512	225.007345	180.001309	134.999915	308.899582	90.786251	46.197894	199.061589	148.962844	137.465061	73.280642	56.081554	316.276054	1.077124	34.600576	336.434538	94.012079	45.001225	223.713558	180.000000	214.295896	134.719131	226.684559	183.006794	220.001146	134.969673	
89.945217	45.000009	223.511452	224.933901	135.277578	134.981891	47.454194	325.653495	313.494192	23.644319	40.062615	325.399424	73.396066	44.997124	225.007345	135.626781	134.999972	224.999512	225.007345	180.001309	134.999915	308.899582	89.494796	46.194675	200.530516	141.125319	137.465061	73.280642	56.081553	316.245698	1.076656	34.600576	336.338681	92.032431	45.001091	223.977240	180.000000	214.295896	134.719866	226.684471	183.002487	220.001146	134.969740	
88.078139	45.000007	223.511452	224.933901	135.277578	134.981891	47.453902	325.652127	313.494192	23.644319	40.062615	325.399424	73.396066	44.997317	225.007345	135.626781	134.999972	224.999513	225.007345	180.001309	134.999915	308.899582	88.384317	46.192617	201.490135	135.501032	137.465061	73.280642	56.081553	316.226375	1.076371	34.600576	336.274082	90.324514	45.001006	224.135407	180.000000	214.295896	134.720335	226.684413	182.999563	220.001146	134.969785	
91.748413	45.000006	223.511452	224.933901	135.277578	134.981891	47.453714	325.651297	313.494192	23.644319	40.062615	325.399424	73.396066	44.997426	225.007345	135.626781	134.999972	224.999513	225.007345	180.001309	134.999915	308.899582	87.434931	46.191301	202.117536	131.512577	137.465061	73.280642	56.081553	316.214066	1.076196	34.600576	336.230485	88.851883	45.000952	224.230324	180.000000	214.295896	134.720636	226.684375	182.997573	220.001146	134.969814	
89.292361	45.000005	223.511452	224.933901	135.277578	134.981891	47.453593	325.650794	313.494192	23.644319	40.062615	325.399424	73.396066	44.997487	225.007345	135.626781	134.999972	224.999513	225.007345	180.001309	134.999915	308.899582	86.634335	46.190457	202.528095	128.714968	137.465061	73.280642	56.081553	316.206218	1.076090	34.600576	336.201015	87.593345	45.000918	224.287313	180.000000	214.295896	134.720828	226.684349	182.996216	220.001146	134.969833	
92.401472	45.000005	223.511452	224.933901	135.277578	134.981891	47.453515	325.650488	313.494192	23.644319	40.062615	325.399424	73.396066	44.997521	225.007345	135.626781	134.999972	224.999513	225.007345	180.001309	134.999915	308.899582	85.974279	46.189917	202.797011	126.773856	137.465061	73.280642	56.081552	316.201212	1.076025	34.600576	336.181061	86.535958	45.000896	224.321545	180.000000	214.295896	134.720951	226.379735	182.563758	220.001146	134.969846	
94.291432	45.000005	223.511452	224.933901	135.277578	134.981891	47.453464	325.650302	313.494192	23.644319	40.062615	325.399424	73.396066	44.997540	225.007345	135.626781	134.999972	224.999513	225.007345	180.001309	134.999915	308.899582	85.448495	46.189570	202.973327	125.440653	137.465061	73.280642	56.081552	316.198015	1.075985	34.600576	336.167526	85.670808	45.000882	224.342119	180.000000	214.295896	134.721030	226.181861	182.275008	220.001146	134.969854	
95.407571	45.000004	223.511452	224.933901	135.277578	134.981891	47.453431	325.650188	313.494192	23.644319	40.062615	325.399424	73.396066	44.997551	225.007345	135.626781	134.999972	224.999513	225.007345	180.001309	134.999915	308.899582	85.051528	46.189348	203.089052	124.531099	137.465061	73.280642	53.624828	316.195972	1.075961	34.600576	336.158327	84.990541	45.000873	224.354491	180.000000	214.295896	134.721081	226.053243	182.082031	220.001146	134.969860	
96.041320	45.000004	223.511452	224.933901	135.277578	134.981891	47.453410	325.650119	313.494192	23.644319	40.062615	325.399424	73.396066	44.997557	225.007345	135.626781	134.999972	224.999513	225.007345	180.001309	134.999915	308.899582	84.778128	46.189204	203.165093	123.908529	137.465061	73.280642	52.250165	316.194665	1.075946	34.600576	336.152063	84.488032	45.000867	224.361934	180.000000	214.295896	134.721113	225.969588	181.952932	220.001146	134.969863	
93.448117	45.000004	223.511452	224.933901	135.277578	134.981891	47.453396	325.650077	313.494192	23.644319	40.062615	325.399424	73.396066	44.997560	225.007345	135.626781	134.999972	224.999598	225.007345	180.001309	134.999915	308.899582	84.622972	46.189112	203.492158	123.471378	137.465061	73.280642	51.480734	316.193828	0.894790	34.600576	336.147788	84.155767	45.000864	224.366415	180.000000	214.295896	134.721134	225.915141	181.866476	220.001146	134.969866	
91.749415	45.000004	223.511452	224.933901	135.277578	134.981891	47.453387	325.650051	313.494192	23.644319	40.062615	325.399424	73.396066	44.997562	225.007345	135.626781	134.999972	224.999655	225.007345	180.001309	134.999915	308.899582	84.580593	46.189052	204.012064	123.144022	137.465061	73.280642	51.049914	316.193292	0.785634	34.600576	336.147788	83.985665	45.000861	224.369114	180.000000	214.295896	134.721148	225.879678	181.808515	220.001146	134.969867	
90.645344	45.000004	223.511452	224.933901	135.277578	134.981891	46.987666	325.650036	313.494192	23.644319	40.062615	325.399424	73.396066	44.997563	225.007345	135.626781	134.999972	224.999693	225.007345	180.001309	134.999915	308.899582	90.046940	46.189014	204.657263	122.870137	137.465061	73.280642	50.808598	316.192948	0.719820	34.600576	336.147788	89.026298	45.000860	224.370740	180.000000	214.295896	134.721157	225.856563	181.769610	220.001146	134.969868	
89.942978	45.000004	223.511452	224.933901	135.277578	134.981891	46.692231	325.650026	313.494192	23.644319	40.062615	325.399424	73.396066	44.997564	225.007345	135.626781	134.999972	224.999718	225.007345	180.001309	134.999915	308.899582	88.061071	46.188989	205.382145	122.607869	137.465061	73.280642	50.673378	316.192727	0.680113	34.600576	336.147788	87.298011	45.000859	224.371721	180.000000	214.295896	134.721162	225.841485	181.743466	220.001146	134.969869	
89.292134	45.000004	223.511452	224.933901	135.277578	134.981891	46.504711	325.650020	313.494192	23.644319	40.062615	325.399424	73.396066	44.997564	225.007345	135.626781	134.999972	224.999734	225.007345	180.001309	134.999915	308.899582	92.126449	46.188973	206.154369	122.326332	137.465061	73.280642	50.597577	316.192585	0.656141	34.600576	336.147788	91.122569	45.000858	224.372314	180.000000	214.295896	134.721166	225.831642	181.725873	220.001146	134.969869	
88.592194	45.000004	223.511452	224.933901	135.277578	134.981891	46.385616	325.650017	313.494192	23.644319	40.062615	325.399424	73.396066	44.997564	225.007345	135.626781	134.999972	225.145963	225.007345	180.001309	134.999915	308.899582	94.605329	46.188963	206.949616	122.003034	137.465061	73.280642	50.555067	316.192494	0.641658	34.600576	336.147788	93.588547	45.000858	224.372671	180.000000	214.295896	134.721168	225.825211	181.714018	220.001146	134.975348	
87.903263	45.000004	223.511452	224.933901	135.277578	134.981891	46.309931	323.469788	313.494192	23.644319	40.062615	325.399424	73.396066	44.997564	225.007345	135.626781	134.999972	225.596803	225.007345	180.001309	134.999915	308.899582	91.004298	46.188956	207.748411	121.621973	137.465061	73.280642	50.531218	316.192435	0.632902	34.600576	336.147788	95.140045	45.000858	224.372887	180.000000	214.295896	134.721170	225.821005	181.706018	220.001146	134.978907	
87.264773	45.000004	223.511452	224.933901	135.277578	134.981891	46.261802	322.161709	313.494192	23.644319	40.062615	325.399424	73.396066	44.997564	225.007345	135.626781	134.999972	226.234935	225.007345	180.001309	134.999915	308.899582	93.799502	45.966543	208.534212	119.164793	137.465061	73.280642	50.517831	316.192397	0.627604	34.600576	336.147788	96.085062	45.000857	224.373018	171.563027	214.295896	134.721171	225.818252	181.700611	220.001146	134.981221	
86.702294	45.000004	223.511452	224.933901	135.277578	134.981891	46.231175	321.376605	313.494192	23.644319	40.062615	325.399424	73.396066	44.997564	225.007345	135.626781	134.999972	226.978840	225.007345	180.001309	134.999915	308.899582	95.518104	45.825517	209.292281	117.380951	137.465061	73.280642	50.510314	316.192372	0.624396	34.600576	336.147788	96.637027	45.000857	224.373097	166.180482	214.295896	134.773732	225.816448	181.696950	220.001146	134.982726	
86.231878	45.000004	223.511452	224.933901	135.277578	134.981891	46.211673	320.905177	313.494192	23.644319	40.062615	325.399424	73.396066	44.997564	225.007345	135.626781	134.999972	227.770433	225.007345	180.001309	134.999915	308.899582	96.552059	45.736047	206.524697	116.045076	137.465061	73.280642	50.506091	316.192356	0.622451	34.600576	336.147788	96.944158	45.000857	224.373145	162.751556	214.295896	134.807067	225.815265	181.694467	220.001146	134.983706	
85.862913	45.000004	223.511452	224.933901	135.277578	134.981891	46.199244	320.621964	313.494192	23.644319	40.062615	325.399424	73.396066	44.997564	225.007345	135.626781	134.999972	228.567318	225.007345	180.001309	134.999915	308.899582	97.159214	45.679251	204.802157	114.997970	137.465061	73.280642	50.503717	316.192346	0.621272	34.600576	336.147788	94.101053	45.000857	224.373174	160.567495	214.295896	134.828221	225.814489	181.692780	220.001146	134.984344	
85.600075	45.000004	223.511452	224.933901	135.277578	134.981891	46.191318	320.451735	313.494192	23.644319	40.062615	325.399424	73.396066	44.997564	225.007345	135.626781	134.999972	229.337921	225.007345	180.001309	134.999915	308.899582	94.159889	45.643176	203.795270	114.128542	137.465061	73.280642	50.502382	316.192339	0.620556	34.600576	336.147788	92.047662	45.000857	224.373192	159.175815	214.295896	134.841652	225.813978	181.691631	220.001146	134.984760	
85.444698	45.000004	223.511452	224.933901	135.277578	134.981891	46.186259	320.349363	313.494192	23.644319	40.062615	325.399424	73.396066	44.997564	225.007345	135.626781	134.999972	230.058444	225.007345	180.001309	134.999915	308.899582	92.193230	45.620247	203.274231	113.360420	137.465061	73.280642	50.501631	316.192335	0.620121	34.600576	336.147788	90.296028	45.000857	224.373202	158.288491	214.295896	134.850186	225.813642	181.690847	220.001146	134.985032	
85.395786	45.000004	223.511452	224.933901	135.277578	134.981891	46.183028	320.287764	313.494192	23.644319	40.062615	325.399424	73.396066	44.997564	225.007345	135.626781	134.999972	230.710914	225.007345	180.001309	134.999915	308.899582	90.581021	45.605664	203.077810	112.642091	137.465061	73.280642	50.501208	315.966010	0.619856	34.600576	336.147788	88.801005	45.000857	224.373209	157.722326	214.295896	134.855611	225.813421	181.444719	220.001146	134.985209	
90.306771	45.000004	223.511452	224.933901	135.277578	134.981891	46.180961	320.250678	313.494192	23.644319	40.062615	325.399424	73.396066	44.997564	225.007345	135.626781	134.999972	231.281928	225.007345	180.001309	134.999915	308.899582	89.238770	45.596384	203.091850	116.174840	137.465061	73.280642	50.500970	315.822441	0.619695	34.600576	336.147788	87.535287	45.000857	224.373213	157.360789	214.295896	134.859063	225.813275	181.280331	220.001146	134.985325	
88.506702	45.000004	223.511452	224.933901	135.277578	134.981891	46.179639	320.228337	313.494192	23.644319	40.062615	325.399424	73.396066	44.997564	225.007345	135.626781	134.999972	231.761780	225.007345	180.001309	134.999915	308.899582	88.114872	45.590473	203.234609	113.903702	137.465061	73.280642	50.500836	315.731315	0.619597	34.600576	336.147788	86.481511	45.000857	224.373215	157.129726	214.295896	134.861260	225.813178	181.170431	220.001146	134.985401	
92.121956	45.000004	223.511452	224.933901	135.277578	134.981891	46.178792	320.214870	313.494192	23.644319	40.062615	325.399424	73.396066	44.997564	225.007345	135.626781	134.999972	232.143841	225.007345	180.001309	134.999915	308.899582	87.177180	45.586706	203.446845	112.150383	137.465061	73.280642	50.500760	315.673441	0.619537	34.600576	336.147788	85.627493	45.000857	224.373217	156.981917	214.295896	134.862660	225.813114	181.096884	220.001146	134.985450	
94.301483	45.000004	223.511452	224.933901	135.277578	134.981891	46.178249	320.206748	313.494192	23.644319	40.062615	325.399424	73.396066	44.997564	225.007345	135.626781	134.999972	232.424061	225.007345	180.001309	134.999915	308.899582	86.404965	45.584303	203.685111	115.431334	137.465061	73.280642	50.500717	315.636662	0.619500	34.600576	336.147788	84.963433	45.000694	224.373217	156.887276	214.295896	134.863552	225.813072	181.047613	220.001146	134.985483	
95.568280	45.000004	223.511452	224.933901	135.277578	134.981891	46.177900	320.201845	313.494192	23.644319	40.062615	325.399424	73.396066	44.997564	225.007345	135.626781	134.999972	232.600543	225.007345	180.001309	134.999915	308.899582	85.784094	45.582769	203.917225	117.332029	137.465061	73.280642	50.500693	315.613275	0.619478	34.600576	336.147788	84.480363	45.000591	224.373218	156.826618	214.295896	134.864122	225.813044	181.014568	220.001146	134.985504	
96.263268	45.000003	223.511452	224.933901	135.277578	134.981891	46.177676	320.198884	313.494192	23.644319	40.062615	325.399424	73.396066	44.997564	225.007345	135.626781	134.999972	232.673170	225.007345	180.001309	134.999915	308.899582	85.304141	45.581789	204.119186	118.249629	137.465061	73.280642	50.500680	315.598392	0.619464	34.600576	336.147788	84.169394	45.000525	224.373218	156.787700	214.295896	134.864485	225.813025	180.992379	220.001146	134.985518	
96.608752	45.000003	223.511452	224.933901	135.277578	134.981891	46.177532	320.197094	313.494192	23.644319	40.062615	325.399424	73.396066	44.997564	225.007345	135.626781	134.999972	232.643254	225.007345	180.001309	134.999915	308.899582	84.956700	45.581162	204.273055	118.469327	137.465061	73.280642	50.500672	315.588915	0.619456	34.600576	336.147788	84.021436	45.000484	224.373219	156.762703	214.295896	134.864718	225.813012	180.977461	220.001146	134.985527	
93.862251	45.000003	223.511452	224.933901	135.277578	134.981891	46.177439	320.196011	313.494192	23.644319	40.062615	325.399424	73.396066	44.997564	225.007345	135.626781	134.999972	232.513220	225.007345	180.001309	134.999915	308.899582	84.734430	45.580761	204.365494	113.898742	137.465061	73.280642	50.500667	315.582876	0.515990	34.600576	336.147788	89.058968	45.000457	224.373219	156.746628	214.295896	134.864866	225.665839	180.967418	220.001146	134.985533	
92.054235	45.000002	223.511452	224.933901	135.277578	134.981891	46.177380	320.195356	313.494192	23.644319	40.062615	325.399424	73.396066	44.997564	225.007345	135.626781	134.999972	232.286321	225.007345	180.001309	134.999915	308.899582	84.630549	45.580504	204.386729	110.552784	137.465061	73.280642	50.500665	315.579024	0.453662	34.600576	336.147788	87.360984	45.000440	224.501066	156.736279	214.295896	134.864962	225.570234	180.960647	220.001146	134.985537	
90.869196	45.000002	223.511452	224.933901	135.277578	134.981891	46.177341	320.194959	313.494192	23.644319	40.062615	325.399424	73.396066	44.997564	225.007345	135.626781	134.999972	231.966374	225.007345	180.001309	134.999915	308.899582	90.087382	45.580339	204.329796	108.074061	137.465061	73.280642	50.500664	315.576566	0.416093	34.600576	336.147788	91.182066	45.000430	224.577743	156.729607	214.295896	134.865023	225.508089	180.956075	220.001146	134.985540	
90.104363	45.000002	223.511452	224.933901	135.277578	134.981891	46.177316	320.194718	313.494192	23.644319	40.062615	325.399424	73.396066	44.997564	225.007345	135.626781	134.999972	232.208052	225.007345	180.001309	134.999915	308.899582	88.032269	45.580233	204.189981	106.199015	137.465061	73.280642	50.500663	315.574996	0.393434	34.600576	336.147788	93.650201	45.000423	224.623752	156.725300	214.295896	134.865062	225.467668	180.952984	220.001146	134.985542	
89.572095	45.000002	223.511452	224.933901	135.277578	134.981891	46.177300	320.194572	313.494192	23.644319	40.062615	325.399424	73.396066	44.998106	225.007345	135.626781	134.999972	232.225248	225.007345	180.001309	134.999915	308.899582	92.096787	45.580165	203.964381	105.208024	137.465061	73.280642	50.500662	315.573992	0.379757	34.600576	336.147788	95.207378	45.000419	224.651371	156.722516	214.295896	134.865087	225.441359	180.950890	220.001146	134.985543	
88.928050	45.000002	223.511452	224.933901	135.277578	134.981891	46.177289	320.194483	313.494192	23.644319	40.062615	325.399424	73.396066	44.998409	225.007345	135.626781	134.999972	232.069249	225.007345	180.001309	134.999915	308.899582	89.356527	45.580121	203.651543	104.452507	137.465061	73.280642	50.500662	315.573349	0.371497	34.600576	336.147788	96.160312	45.000416	224.667959	156.720713	214.295896	134.865103	225.424223	180.949468	220.001146	134.985544	
88.254053	45.000002	223.511452	224.933901	135.277578	134.981891	46.177282	320.194429	313.494192	23.644319	40.062615	325.399424	73.396066	44.998578	225.007345	135.626781	134.999972	228.654593	225.007345	180.001309	134.999915	308.899582	92.832996	45.580093	210.273322	103.838930	137.465061	73.280642	50.500662	315.572938	0.366505	34.600576	336.147788	96.721663	45.000414	224.677927	156.719543	214.295896	134.865114	225.413053	180.948502	220.001146	134.985544	
87.603691	45.000002	223.511452	224.933901	135.277578	134.981891	45.955878	320.194396	313.494192	23.644319	40.062615	325.399424	73.396066	44.998673	225.007345	135.626781	134.999972	226.379698	225.007345	180.001309	134.999915	308.899582	94.963653	45.580075	214.380743	104.938691	137.465061	73.280642	50.500662	315.572674	0.363485	34.600576	336.147788	97.039180	45.000413	224.683920	156.718784	214.295896	134.865120	225.405767	180.947843	220.001146	134.985545	
87.011953	45.000002	223.511452	224.933901	135.277578	134.981891	45.815469	320.194376	313.494192	23.644319	40.062615	325.399424	73.396066	44.998726	225.007345	135.626781	134.999972	224.863582	225.007345	180.001309	134.999915	308.899582	96.234214	45.580063	216.808116	105.826247	137.465061	73.280642	50.500662	315.572505	0.361657	34.600576	336.147788	94.169283	45.000412	224.687525	156.718289	214.295896	134.865125	225.401010	180.811972	220.001146	134.985545	
86.501271	45.000002	223.511452	224.933901	135.277578	134.981891	45.726375	320.194364	313.494192	23.644319	40.062615	325.399424	73.396066	44.998756	225.007345	135.626781	134.999972	223.852505	225.007345	180.001309	134.999915	308.899582	96.963453	45.580055	218.124441	106.501183	137.465061	73.280642	50.500662	315.572396	0.360550	34.600576	336.147788	92.042383	45.000412	224.689695	152.594678	214.295896	134.865127	225.397902	180.721279	220.001146	134.988175	
86.085426	45.000002	223.511452	224.933901	135.277578	134.981891	45.669809	320.194357	313.494192	23.644319	40.062615	325.399424	73.396066	44.998773	225.007345	135.626781	134.999972	223.177696	225.007345	180.001309	134.999915	308.899582	97.360594	45.580051	218.710260	106.966612	137.465061	73.280642	50.500662	315.572326	0.359878	34.600576	336.147788	90.247498	45.000411	224.691002	149.975184	214.295896	134.865129	225.395869	180.660687	220.001146	134.989884	
85.772135	45.000002	223.511452	224.933901	135.277578	134.981891	45.633873	320.194352	313.494192	23.644319	40.062615	325.399424	73.396066	44.998782	225.007345	135.626781	134.999972	222.726919	225.007345	180.001309	134.999915	308.899582	94.290745	45.580047	218.816630	107.228834	137.465061	73.280642	50.500662	315.572281	0.359471	34.600576	336.147788	88.730761	45.000411	224.691789	148.311001	214.295896	134.865130	225.394538	180.620165	220.001146	134.990995	
85.564851	45.000002	223.511452	224.933901	135.277578	134.981891	45.611028	320.194349	313.494192	23.644319	40.062615	325.399424	73.396066	44.998787	225.007345	135.626781	134.999972	222.425510	225.007345	180.001309	134.999915	308.899582	92.299827	45.580045	221.981934	107.296683	137.465061	73.280642	49.281448	315.572251	0.359223	34.600576	336.147788	87.458702	45.000411	224.692264	147.253285	214.295896	134.865131	225.393666	180.593038	220.001146	134.991718	
85.464028	45.000002	223.511452	224.933901	135.277578	134.981891	45.596496	320.194348	313.494192	23.644319	40.062615	325.399424	73.396066	44.998790	225.007345	135.626781	134.999972	222.223771	225.007345	180.001309	134.999915	308.899582	90.782844	45.470562	220.228419	107.180737	137.465061	73.280642	48.599339	315.572233	0.359072	34.600576	336.147788	86.409480	45.000411	224.692550	146.580642	214.295896	134.890315	225.393095	180.574858	220.001146	134.992189	
85.468057	45.000002	223.511452	224.933901	135.277578	134.981891	45.587246	320.194346	313.494192	23.644319	40.062615	325.399424	73.396066	44.998792	225.007345	135.626781	134.999972	222.088598	225.007345	180.001309	134.999915	308.899582	89.485268	45.401123	217.564931	106.892524	137.465061	73.280642	48.217591	315.572220	0.358981	34.600576	336.147788	85.567588	45.000411	224.692723	146.152607	214.295896	134.906282	225.392719	180.562660	220.001146	134.992495	
90.360116	45.000002	223.511452	224.933901	135.277578	134.981891	45.581353	319.131608	313.494192	23.644319	40.062615	325.399424	73.396066	44.998793	225.007345	135.626781	134.999972	221.997925	225.007345	180.001309	134.999915	308.899582	88.372029	45.357057	215.741657	101.489978	137.465061	73.280642	48.003866	315.572213	0.358925	34.600576	336.147788	84.920730	45.000411	224.692828	145.880040	214.295896	134.916411	225.392472	180.554467	220.001146	134.992695	
88.635181	45.000002	223.511452	224.933901	135.277578	134.981891	45.577597	318.494134	313.494192	23.644319	40.062615	325.399424	73.396066	44.998793	225.007345	135.626781	134.999972	221.937028	225.007345	180.001309	134.999915	308.899582	87.422126	45.329076	214.478963	97.746370	137.465061	73.280642	47.884165	315.572207	0.358891	34.600576	336.147788	84.458066	45.000411	224.692891	145.706345	214.295896	134.922841	225.392310	180.548955	220.001146	134.992825	
92.231261	45.000002	223.511452	224.933901	135.277578	134.981891	45.575200	318.111583	313.494192	23.644319	40.062615	325.399424	73.396066	44.998794	225.007345	135.626781	134.999972	221.896079	225.007345	180.001309	134.999915	308.899582	86.622507	45.311298	213.581839	95.182794	137.465061	73.280642	47.817097	315.572204	0.358870	34.600576	336.147788	84.169312	45.000411	224.692929	145.595574	214.295896	134.926925	225.392203	180.545243	220.001146	134.992911	
94.409429	45.000002	223.511452	224.933901	135.277578	134.981891	45.573670	317.881905	313.494192	23.644319	40.062615	325.399424	73.396066	44.998794	225.007345	135.626781	134.999972	221.868505	225.007345	180.001309	134.999915	308.899582	85.964403	45.299995	212.914862	93.446690	137.465061	73.280642	47.779506	315.464618	0.358857	34.600576	336.147788	84.044357	45.000411	224.692952	145.524873	214.295896	134.929520	225.392132	180.542739	220.001146	134.992966	
95.685567	45.000002	223.511452	224.933901	135.277578	134.981891	45.572692	317.743942	313.494192	23.644319	40.062615	325.399424	73.396066	44.998794	225.007345	135.626781	134.999972	221.849912	225.007345	180.001309	134.999915	308.899582	85.441190	45.292804	212.384462	92.280500	137.465061	73.280642	47.758426	315.396391	0.358850	34.600576	336.147788	89.080303	45.000411	224.692967	145.479711	214.295896	134.931171	225.392085	180.541048	220.001146	134.993003	
96.396433	45.000002	223.511452	224.933901	135.277578	134.981891	45.572066	317.661028	313.494192	23.644319	40.062615	325.399424	73.396066	44.998794	225.007345	135.626781	134.999972	221.837356	225.007345	180.001309	134.999915	308.899582	85.047161	45.288226	211.926440	91.496431	137.465061	73.280642	47.746601	315.353099	0.358845	34.600576	336.147788	87.413078	45.000411	224.692975	145.450837	214.295896	134.932221	225.392055	180.539904	220.001146	134.993026	
96.761904	45.000002	223.511452	224.933901	135.277578	134.981891	45.571666	317.611172	313.494192	23.644319	40.062615	325.399424	73.396066	44.998794	225.007345	135.626781	134.999972	221.828863	225.007345	180.001309	134.999915	308.899582	84.776892	45.285309	211.497184	90.957466	137.465061	73.280642	47.739965	315.325613	0.358842	34.600576	336.147788	91.231849	45.000411	224.692980	145.432359	214.295896	134.932890	225.392034	180.539128	220.001146	134.993042	
93.952871	45.000002	223.511452	224.933901	135.277578	134.981891	45.571409	317.581177	313.494192	23.644319	40.062615	325.399424	73.396066	44.998794	225.007345	135.626781	134.999972	221.823107	225.007345	180.001309	134.999915	308.899582	84.624937	45.283449	211.067496	92.405847	137.465061	73.280642	47.736239	315.308151	0.298258	34.600576	336.147788	93.703052	45.000334	224.692983	145.420523	214.295896	134.933316	225.392020	180.538601	220.001146	134.993052	
92.115591	45.000002	223.511452	224.933901	135.277578	134.981891	45.571244	317.563121	313.494192	23.644319	40.062615	325.399424	73.396066	44.998794	225.007345	135.626781	134.999972	221.819201	225.007345	180.001309	134.999915	308.899582	84.585746	45.282262	210.618241	93.434364	137.465061	73.280642	47.734146	315.297051	0.261750	34.600576	336.147788	95.266636	45.000285	224.692985	145.412934	214.295896	134.933588	225.392011	180.538243	220.001146	134.993059	
90.922463	45.000002	223.511452	224.933901	135.277578	134.981891	45.571138	317.552245	313.494192	23.644319	40.062615	325.399424	73.396066	44.998794	225.007345	135.626781	134.999972	221.816543	225.007345	180.001309	134.999915	308.899582	90.051197	45.281505	210.137281	94.505172	137.465061	73.280642	47.732969	315.289990	0.239735	34.600576	336.147788	96.228089	45.000253	224.692986	145.408062	214.295896	134.933762	225.392005	180.537998	220.001146	134.993064	
90.162801	45.000002	223.511452	224.933901	135.277578	134.981891	45.571070	317.545690	313.494192	23.644319	40.062615	325.399424	73.396066	44.998794	225.007345	135.626781	134.999972	221.814732	225.007345	180.001309	134.999915	308.899582	88.069794	45.281020	209.617312	95.546865	137.465061	73.280642	47.732308	315.285496	0.226453	34.600576	336.147788	96.799335	45.000234	224.692987	145.404932	214.295896	134.933872	225.320981	180.460306	220.001146	134.993066	
89.480524	45.000001	223.511452	224.933901	135.277578	134.981891	45.571027	317.541737	313.494192	23.644319	40.062615	325.399424	73.396066	44.998794	225.007345	135.626781	134.999972	222.368492	225.007345	180.001309	134.999915	308.899582	92.134244	45.280710	205.621016	96.506302	137.465061	73.280642	47.731936	315.282632	0.218433	34.600576	336.147788	97.127683	45.000221	224.692988	145.402918	214.295896	134.933943	225.274843	180.408432	220.001146	134.993068	
88.759434	45.000001	223.511452	224.933901	135.277578	134.981891	45.570998	317.539352	313.494192	23.644319	40.062615	325.399424	73.396066	44.998794	225.007345	135.626781	134.999972	222.736184	225.007345	180.001309	134.999915	308.899582	94.613203	45.280512	206.297246	97.344704	137.465061	73.280642	47.731726	315.280807	0.213587	34.600576	336.147788	94.231834	45.000213	224.692988	145.401620	214.295896	134.933989	225.244851	180.373763	220.001146	134.993070	
88.056059	45.000001	223.511452	224.933901	135.277578	134.981891	45.570980	317.537911	313.494192	23.644319	40.062615	325.399424	73.396066	44.998794	225.007345	135.626781	134.999972	222.980493	225.007345	180.001309	134.999915	308.899582	91.018337	45.280385	206.297246	98.034992	137.465061	73.280642	47.731608	315.279643	0.210657	34.600576	336.147788	92.031582	45.000208	224.692988	145.400784	214.295896	134.934018	225.225343	180.350570	220.001146	134.993070	
87.407531	45.000001	223.511452	224.933901	135.277578	134.981891	45.570968	317.537041	313.494192	23.644319	40.062615	325.399424	73.396066	44.998794	225.007345	135.626781	134.999972	223.142938	225.007345	180.001309	134.999915	308.899582	93.812456	45.280303	206.297246	98.559732	137.465061	73.280642	47.731542	315.278899	0.208884	34.600576	336.147788	90.193651	45.000205	224.692988	145.400243	214.295896	134.934036	225.212645	180.335038	220.001146	134.993071	
86.837938	45.000001	223.511452	224.933901	135.277578	134.981891	45.570961	317.536514	313.494192	23.644319	40.062615	325.399424	73.396066	44.998794	225.007345	135.626781	134.999972	223.251030	225.007345	180.001309	134.999915	308.899582	95.530973	45.280251	206.297246	98.909356	137.465061	73.280642	47.731504	315.278424	0.207810	34.600576	336.147788	88.655468	45.000203	224.692988	145.399893	214.295896	134.934048	225.204374	180.324625	220.001146	134.993071	
86.362368	45.000001	223.511452	224.933901	135.277578	134.981891	45.570956	317.536196	313.494192	23.644319	40.062615	325.399424	73.396066	44.998794	225.007345	135.626781	134.999972	223.323011	225.007345	180.001309	134.999915	308.899582	96.565473	45.280217	206.297246	99.080544	137.465061	73.280642	47.731483	315.278120	0.207159	34.600576	336.147788	87.377383	45.000201	224.755305	145.399667	214.295896	134.934056	225.198983	180.317636	220.001146	134.993072	
85.989581	45.000001	223.511452	224.933901	135.277578	134.981891	45.570953	317.536003	313.494192	23.644319	40.062615	325.399424	73.396066	44.998794	225.007345	135.626781	134.999972	223.370985	225.007345	180.001309	134.999915	308.899582	97.173575	45.280195	206.297246	94.472102	137.465061	73.280642	47.731471	315.277926	0.206764	34.600576	336.147788	86.333047	45.000201	224.792675	145.399520	214.295896	134.934061	225.195466	180.312939	220.001146	134.993072	
85.723836	45.000001	223.511452	224.933901	135.277578	134.981891	45.570951	317.535886	313.494192	23.644319	40.062615	325.399424	73.396066	44.998794	225.007345	135.626781	134.999972	223.402985	225.007345	180.001309	134.999915	308.899582	94.169296	45.280181	206.297246	95.880682	137.465061	73.280642	47.731465	315.277801	0.206524	34.600576	336.147788	85.503602	45.000200	224.815095	145.399424	214.295896	134.934064	225.193170	180.309778	220.001146	134.993072	
85.566198	45.000001	223.511452	224.933901	135.277578	134.981891	45.462604	317.535815	313.494192	23.644319	40.062615	325.399424	73.396066	44.998794	225.007345	135.626781	134.999972	223.424350	225.007345	180.001309	134.999915	308.899582	92.189851	45.280172	206.297246	92.345159	137.465061	73.280642	47.731461	315.277721	0.206379	34.600576	336.147788	84.874241	45.000200	224.828551	143.444844	214.295896	134.934066	225.191669	180.307648	220.001146	134.993072	
85.515489	45.000001	223.511452	224.933901	135.277578	134.981891	45.393875	317.535771	313.494192	23.644319	40.062615	325.399424	73.396066	44.998794	225.007345	135.626781	134.999972	223.438628	225.007345	180.001309	134.999915	308.899582	90.570418	45.280166	206.297246	89.959130	137.465061	73.280642	47.731459	315.277669	0.206290	34.600576	336.147788	84.432240	45.000200	224.836632	142.204938	214.295896	134.934068	225.190688	180.306211	220.001146	134.993072	
90.408615	45.000001	223.511452	224.933901	135.277578	134.981891	45.350252	317.535745	313.494192	23.644319	40.062615	325.399424	73.396066	44.998794	225.007345	135.626781	134.999972	223.448179	225.007345	180.001309	134.999915	308.899582	89.224658	45.280162	206.297246	88.375265	137.465061	73.280642	47.731457	315.277636	0.206236	34.600576	336.147788	84.165915	45.000199	224.841488	141.418031	214.295896	134.934069	225.190046	180.305240	220.001146	134.993072	
88.613951	45.000001	223.511452	224.933901	135.277578	134.981891	45.322547	317.535729	313.494192	23.644319	40.062615	325.399424	73.396066	44.998794	225.007345	135.626781	134.999972	223.454574	225.007345	180.001309	134.999915	308.899582	88.099747	45.280160	206.297246	87.340927	137.465061	73.280642	47.731457	315.277615	0.206203	34.600576	336.147788	89.162007	45.000199	224.844406	140.918346	214.295896	134.934069	225.189625	180.304582	220.001146	134.993072	
92.215712	45.000001	223.511452	224.933901	135.277578	134.981891	45.304941	317.535720	313.494192	23.644319	40.062615	325.399424	73.396066	44.998794	225.007345	135.626781	134.999972	223.458861	225.007345	180.001309	134.999915	308.899582	87.162714	45.280158	206.297246	86.672475	137.465061	73.280642	47.731456	315.277601	0.206183	34.600576	336.147788	87.344796	45.000199	224.846162	140.600857	214.295896	134.934069	225.189349	180.304136	220.001146	134.993072	
94.386763	45.000001	223.511452	224.933901	135.277578	134.981891	45.293745	317.535714	313.494192	23.644319	40.062615	325.399424	73.396066	44.999061	225.007345	135.626781	134.999972	223.461739	225.007345	180.001309	134.999915	308.899582	86.392268	45.227779	206.297246	97.056466	137.465061	73.280642	47.731456	315.277593	0.206171	34.600576	336.147788	91.145979	45.000199	224.847218	140.399003	214.295896	134.934070	225.189167	180.303833	220.001146	134.993072	
95.648359	45.000001	223.511452	224.933901	135.277578	134.981891	45.286621	317.535710	313.494192	23.644319	40.062615	325.399424	73.396066	44.999210	225.007345	135.626781	134.999972	223.463673	225.007345	180.001309	134.999915	308.899582	85.773881	45.194567	206.297246	104.042051	137.465061	73.280642	47.731456	315.277587	0.206163	34.600576	336.147788	93.584803	45.000199	224.847854	140.270583	214.295896	134.946490	225.189048	180.303626	220.001146	134.993072	
96.340287	45.000001	223.511452	224.933901	135.277578	134.981891	45.282085	317.535708	313.494192	23.644319	40.062615	325.399424	73.396066	44.999293	225.007345	135.626781	134.999972	223.464974	225.007345	180.001309	134.999915	308.899582	85.296849	45.173496	206.297246	108.600449	137.465061	73.280642	47.731456	315.277583	0.206159	34.600576	336.147788	95.107563	45.000199	224.848237	140.188824	214.295896	134.954368	225.188970	180.303485	220.001146	134.993072	
96.684117	45.000001	223.511452	224.933901	135.277578	134.981891	45.279194	317.535706	313.494192	23.644319	40.062615	325.399424	73.396066	44.999340	225.007345	135.626781	134.999972	223.465850	225.007345	180.001309	134.999915	308.899582	84.952571	45.160121	206.297246	111.451344	137.465061	73.280642	47.731456	315.277581	0.206156	34.600576	336.147788	96.023284	45.000199	224.848468	140.136735	214.295896	134.959366	225.188918	180.259301	220.001146	134.993072	
93.922431	45.000001	223.511452	224.933901	135.277578	134.981891	45.277350	317.535706	313.494192	23.644319	40.062615	325.399424	73.396066	44.999366	225.007345	135.626781	134.999972	223.466442	225.007345	180.001309	134.999915	308.899582	84.733570	45.151626	206.297246	109.010620	137.465061	73.280642	47.731456	315.277579	0.171629	34.600576	336.147788	96.545797	45.000199	224.848608	140.103524	214.295896	134.962540	225.188884	180.229791	220.001146	134.993072	
92.105425	45.000001	223.511452	224.933901	135.277578	134.981891	45.276174	317.535705	313.494192	23.644319	40.062615	325.399424	73.396066	44.999381	225.007345	135.626781	134.999972	223.466841	225.007345	180.001309	134.999915	308.899582	84.632966	45.146227	206.297246	107.374074	137.465061	73.280642	47.731456	315.277578	0.150829	34.600576	336.147788	96.823429	45.000199	224.848692	140.082332	214.295896	134.964557	225.188861	180.210062	220.001146	134.993072	
90.915352	45.000001	223.511452	224.933901	135.277578	134.981891	45.275422	317.018928	313.494192	23.644319	40.062615	325.399424	73.396066	44.999389	225.007345	135.626781	134.999972	223.467112	225.007345	180.001309	134.999915	308.899582	90.089360	45.142793	206.297246	106.275711	137.465061	73.280642	47.731456	315.224918	0.138290	34.600576	336.147788	94.024290	45.000199	224.848742	140.068798	214.295896	134.965839	225.188846	180.196859	220.001146	134.993072	
90.147997	45.000001	223.511452	224.933901	135.277578	134.981891	45.274941	316.708992	313.494192	23.644319	40.062615	325.399424	73.396066	44.999394	225.007345	135.626781	134.999972	223.467295	225.007345	180.001309	134.999915	308.899582	88.038679	45.140607	206.297246	105.537721	137.465061	73.280642	47.731456	315.191514	0.130726	34.600576	336.147788	92.106053	45.000199	224.848773	140.060148	214.295896	134.966654	225.188836	180.188014	220.001146	134.993072	
89.603215	45.000001	223.511452	224.933901	135.277578	134.981891	45.274634	316.523025	313.494192	23.644319	40.062615	325.399424	73.396066	44.999396	225.007345	135.626781	134.999972	223.467420	225.007345	180.001309	134.999915	308.899582	92.102600	45.139216	206.297246	105.041248	137.465061	73.280642	47.128291	315.170312	0.126161	34.600576	336.147788	90.450981	45.000199	224.848792	140.054614	214.295896	134.967173	225.188830	180.182082	220.001146	134.993072	
88.952461	45.000001	223.511452	224.933901	135.277578	134.981891	45.274437	316.411389	313.494192	23.644319	40.062615	325.399424	73.396066	44.999398	225.007345	135.626781	134.999972	223.467505	225.007345	180.001309	134.999915	308.899582	89.367460	45.138329	206.297246	104.706801	137.465061	73.280642	46.790885	315.156847	0.123403	34.600576	336.147788	89.004587	45.000199	224.848803	140.051070	214.295896	134.967504	225.188826	180.178099	220.001146	134.993072	
88.275545	45.000001	223.511452	224.933901	135.277578	134.981891	45.274311	316.344341	313.494192	23.644319	40.062615	325.399424	73.396066	44.999399	225.007345	135.626781	134.999972	223.467563	225.007345	180.001309	134.999915	308.899582	92.842870	45.137763	206.297246	104.481179	137.465061	73.280642	46.602076	315.148290	0.121736	34.600576	336.147788	87.753285	45.000161	224.848810	140.048798	214.295896	134.967715	225.188823	180.175421	220.001146	134.993072	
87.624749	45.000001	223.511452	224.933901	135.277578	134.981891	45.274230	316.304053	313.494192	23.644319	40.062615	325.399424	73.396066	44.999399	225.007345	135.626781	134.999972	223.467563	225.007345	180.001309	134.999915	308.899582	94.973489	45.137402	206.297246	104.328736	137.465061	73.280642	46.496383	315.142849	0.120728	34.600576	336.147788	86.689639	45.000137	224.848814	140.047340	214.295896	134.967849	225.154582	180.173618	220.001146	134.993072	
87.034202	45.000001	223.511452	224.933901	135.277578	134.981891	45.274177	316.279831	313.494192	23.644319	40.062615	325.399424	73.396066	44.999399	225.007345	135.626781	134.999972	223.467563	225.007345	180.001309	134.999915	308.899582	96.244639	45.137171	206.297246	104.225568	137.465061	73.280642	46.437195	315.139387	0.120117	34.600576	336.147788	85.808811	45.000122	224.848816	140.046404	214.295896	134.967935	225.132338	180.172402	220.001146	134.993072	
86.525760	45.000001	223.511452	224.933901	135.277578	134.981891	45.274144	316.265261	313.494192	23.644319	40.062615	325.399424	73.396066	44.999400	225.007345	135.626781	134.999972	223.467563	225.007345	180.001309	134.999915	308.899582	96.974855	45.137023	206.297246	104.155625	137.465061	73.280642	46.404037	315.137182	0.119747	34.600576	336.147788	85.106518	45.000112	224.848818	140.045802	214.295896	134.967990	225.117879	180.171582	220.001146	134.993072	
86.112809	45.000001	223.511452	224.933901	135.277578	134.981891	45.274122	316.256491	313.494192	23.644319	40.062615	325.399424	73.396066	44.999400	225.007345	135.626781	134.999972	223.467563	225.007345	180.001309	134.999915	308.899582	97.373222	45.136929	206.297246	104.108117	137.465061	73.280642	46.385454	315.135777	0.119523	34.600576	336.147788	84.577952	45.000106	224.848819	140.045414	214.295896	134.968025	225.108473	180.171027	220.001146	134.993072	
85.802798	45.000001	223.511452	224.933901	135.277578	134.981891	45.274108	316.251210	313.494192	23.644319	40.062615	325.399424	73.396066	44.999400	225.007345	135.626781	134.999972	223.467563	225.007345	180.001309	134.999915	308.899582	94.298820	45.136868	206.297246	104.075783	137.465061	73.280642	46.375035	315.134881	0.119387	34.600576	336.147788	84.217338	45.000102	224.848819	140.045164	214.295896	134.968048	225.102351	180.170651	220.001146	134.993072	
85.598992	45.000001	223.511452	224.933901	135.277578	134.981891	45.274099	316.248028	313.494192	23.644319	40.062615	325.399424	73.396066	44.999400	225.007345	135.626781	134.999972	223.467563	225.007345	180.001309	134.999915	308.899582	92.305669	45.136830	206.297246	104.053729	137.465061	73.280642	46.369191	315.134309	0.119304	34.600576	336.147788	84.017883	45.000100	224.848820	140.045003	214.295896	134.968062	225.098363	180.170395	220.001146	134.993072	
85.501719	45.000001	223.511452	224.933901	135.277578	134.981891	45.274094	316.246109	313.494192	23.644319	40.062615	325.399424	73.396066	44.999400	225.007345	135.626781	134.999972	223.467563	225.007345	180.001309	134.999915	308.899582	90.777524	45.136805	206.297246	109.451816	137.465061	73.280642	46.365912	315.133944	0.119254	34.600576	336.147788	89.052118	45.000098	224.848820	140.044898	214.295896	134.968072	225.095763	180.170222	220.001146	134.993072	
90.404912	45.000000	223.511452	224.933901	135.277578	134.981891	45.274090	316.244951	313.494192	23.644319	40.062615	325.399424	73.396066	44.999400	225.007345	135.626781	134.999972	223.467563	225.007345	180.001309	134.999915	308.899582	89.473854	45.136789	206.297246	113.048140	137.465061	73.280642	46.364071	315.133710	0.119223	34.600576	336.147788	87.287645	45.000097	224.848820	140.044831	214.295896	134.968077	225.094067	180.170104	220.001146	134.993072	
88.544582	45.000000	223.511452	224.933901	135.277578	134.981891	45.274087	316.244252	313.494192	23.644319	40.062615	325.399424	73.396066	44.999400	225.007345	135.626781	134.999972	223.467563	225.007345	180.001309	134.999915	308.899582	88.357893	45.136778	206.297246	115.443192	137.465061	73.280642	46.363037	315.133561	0.119205	34.600576	336.147788	91.108745	45.000097	224.848820	140.044787	214.295896	134.968081	225.092960	180.145718	220.001146	134.993072	
92.157894	45.000000	223.511452	224.933901	135.277578	134.981891	45.274086	316.243830	313.494192	23.644319	40.062615	325.399424	73.396066	44.999400	225.007345	135.626781	134.999972	223.467563	225.007345	180.001309	134.999915	308.899582	87.407523	45.136772	206.297246	117.038692	137.465061	73.280642	46.362456	315.133465	0.119193	34.600576	336.147788	93.566695	45.000096	224.848820	140.044758	214.295896	134.968084	225.092237	180.129442	220.001146	134.993072	
89.718673	45.000000	223.511452	224.933901	135.277578	134.981891	45.274086	316.243574	313.494192	23.644319	40.062615	325.399424	73.396066	44.999400	225.007345	135.626781	134.999972	223.467563	225.007345	180.001309	134.999915	308.899582	86.608933	45.136767	206.297246	118.102198	137.465061	73.280642	46.362130	315.133404	0.119186	34.600576	336.147788	95.107507	45.000096	224.848820	139.101637	214.295896	134.968085	225.091763	180.118567	220.001146	134.993072	
92.780329	45.000000	223.511452	224.933901	135.277578	134.981891	45.274086	316.243420	313.494192	23.644319	40.062615	325.399424	73.396066	44.999400	225.007345	135.626781	134.999972	223.467563	225.007345	180.001309	134.999915	308.899582	85.952838	45.136765	206.297246	118.811635	137.465061	73.280642	46.361946	315.133364	0.119182	34.600576	336.147788	96.040263	45.000096	224.848820	138.503599	214.295896	134.968086	225.091454	180.111294	220.001146	134.993072	
94.638062	45.000000	223.511452	224.933901	135.277578	134.981891	45.274086	316.243326	313.494192	23.644319	40.062615	325.399424	73.396066	44.999400	225.007345	135.626781	134.999972	223.467563	225.007345	180.001309	134.999915	308.899582	85.432253	45.136763	206.297246	119.285285	137.465061	73.280642	46.361843	315.133339	0.119179	34.600576	336.147788	96.578990	45.000096	224.879854	138.124178	214.295896	134.968087	225.091251	180.106426	220.001146	134.993072	
95.732115	45.000000	223.511452	224.933901	135.277578	134.981891	45.274086	316.243270	313.494192	23.644319	40.062615	325.399424	73.396066	44.999400	225.007345	135.626781	134.999972	223.467563	225.007345	180.001309	134.999915	308.899582	85.041220	45.136762	206.297246	119.601807	137.465061	73.280642	46.361784	315.133323	0.119178	34.600576	336.147788	96.872234	45.000096	224.898469	137.883319	214.295896	134.968087	225.091117	180.103163	220.001146	134.993072	
96.350515	45.000000	223.511452	224.933901	135.277578	134.981891	45.274086	316.243235	313.494192	23.644319	40.062615	325.399424	73.396066	44.999400	225.007345	135.626781	134.999972	223.467563	225.007345	180.001309	134.999915	308.899582	84.774137	45.136761	206.297246	119.813534	137.465061	73.280642	46.361752	315.133312	0.119177	34.600576	336.147788	94.054022	45.000096	224.909641	137.730328	214.295896	134.968088	225.091030	180.100974	220.001146	134.993072	
93.701841	45.000000	223.511452	224.933901	135.277578	134.981891	45.274086	316.243214	313.494192	23.644319	40.062615	325.399424	73.396066	44.999400	225.007345	135.626781	134.999972	223.467563	225.007345	180.001309	134.999915	308.899582	84.625435	45.136761	206.297246	119.955308	137.465061	73.280642	46.361733	315.133306	0.099001	34.600576	336.147788	92.082290	45.000096	224.916349	137.633089	214.295896	134.968088	225.090973	180.099503	220.001146	134.993072	
91.968215	45.000000	223.511452	224.933901	135.277578	134.981891	45.274086	316.243202	313.494192	23.644319	40.062615	325.399424	73.396066	44.999400	225.007345	135.626781	134.999972	223.467563	225.007345	180.001309	134.999915	308.899582	84.589482	45.110962	206.297246	120.050346	137.465061	73.280642	46.361723	315.133301	0.086842	34.600576	336.147788	90.378310	45.000096	224.920379	137.571244	214.295896	134.968088	225.090935	180.098514	220.001146	134.993072	
90.842350	45.000000	223.511452	224.933901	135.277578	134.981891	45.274086	316.243194	313.494192	23.644319	40.062615	325.399424	73.396066	44.999400	225.007345	135.626781	134.999972	223.467563	225.007345	180.001309	134.999915	308.899582	90.054230	45.094601	206.297246	120.114128	137.465061	73.280642	46.361717	315.133298	0.079510	34.600576	336.147788	88.906738	45.000096	224.922801	137.531884	214.295896	134.968088	225.090910	180.097848	220.001146	134.993072	
90.126575	45.000000	223.511452	224.933901	135.277578	134.981891	45.274086	316.243189	313.494192	23.644319	40.062615	325.399424	73.396066	44.999400	225.007345	135.626781	134.999972	223.467563	225.007345	180.001309	134.999915	308.899582	88.077278	45.084217	206.297246	120.156986	137.465061	73.280642	46.361713	315.133297	0.075085	34.600576	336.147788	87.647175	45.000096	224.924257	137.506816	214.295896	134.968088	225.090893	180.097398	220.001146	134.993072	
89.457040	45.000000	223.511452	224.933901	135.277578	134.981891	45.274086	316.243186	313.494192	23.644319	40.062615	325.399424	73.396066	44.999400	225.007345	135.626781	134.999972	223.467563	225.007345	180.001309	134.999915	308.899582	92.140945	45.077624	206.297246	120.185821	137.465061	73.280642	46.361712	315.133295	0.072413	34.600576	336.147788	86.587280	45.000096	224.925133	137.490838	214.295896	134.968088	225.090882	180.097095	220.001146	134.993072	
88.746203	45.000000	223.511452	224.933901	135.277578	134.981891	45.274086	316.243184	313.494192	23.644319	40.062615	325.399424	73.396066	44.999400	225.007345	135.626781	134.999972	223.467563	225.007345	180.001309	134.999915	308.899582	94.620082	45.073436	206.297246	120.205249	137.465061	73.280642	46.361711	315.133295	0.070799	34.600576	336.147788	85.718596	45.000096	224.925661	137.480647	214.295896	134.968088	225.090875	180.096889	220.001146	134.993072	
88.051485	45.000000	223.511452	224.933901	135.277578	134.981891	45.274086	316.243183	313.494192	23.644319	40.062615	325.399424	73.396066	44.999400	225.007345	135.626781	134.999972	223.467563	225.007345	180.001309	134.999915	308.899582	91.031310	45.070772	206.297246	120.218357	137.465061	73.280642	46.361710	315.133295	0.069823	34.600576	336.147788	85.034125	45.000096	224.925979	137.474141	214.295896	134.968088	225.090870	180.096750	220.001146	134.993072	
87.410572	45.000000	223.511452	224.933901	135.277578	134.981891	45.274086	316.243183	313.494192	23.644319	40.062615	325.399424	73.396066	44.999400	225.007345	135.626781	134.999972	223.467563	225.007345	180.001309	134.999915	308.899582	93.824445	45.069078	206.297246	120.227215	137.465061	73.280642	46.361710	315.133295	0.069232	34.600576	336.147788	84.527019	45.000096	224.926170	137.469984	214.295896	134.968088	225.090867	180.096656	220.001146	134.993072	
86.847886	45.000000	223.511452	224.933901	135.277578	134.981891	45.274086	316.243182	313.494192	23.644319	40.062615	325.399424	73.396066	44.999400	225.007345	135.626781	134.999972	223.467563	225.007345	180.001309	134.999915	308.899582	95.542946	45.068000	206.297246	120.233211	137.465061	73.280642	46.361709	315.133295	0.068874	34.600576	336.147788	84.189970	45.000096	224.926286	137.467326	214.295896	134.968088	225.090865	180.096591	220.001146	134.993072	
86.378713	45.000000	223.511452	224.933901	135.277578	134.981891	45.274086	316.243182	313.494192	23.644319	40.062615	325.399424	73.396066	44.999400	225.007345	135.626781	134.999972	223.467563	225.007345	180.001309	134.999915	308.899582	96.578039	45.067312	206.297246	120.237277	137.465061	73.280642	46.361709	315.133295	0.068657	34.600576	336.147788	84.015056	45.000096	224.926355	137.465625	214.295896	134.968088	225.090864	180.096547	220.001146	134.993072	
86.011925	45.000000	223.511452	224.933901	135.277578	134.981891	45.274086	316.243182	313.494192	23.644319	40.062615	325.399424	73.396066	44.999534	225.007345	135.626781	134.999972	223.467563	225.007345	180.001309	134.999915	308.899582	97.187123	45.066874	206.297246	120.240040	137.465061	73.280642	46.361709	315.133295	0.068525	34.600576	336.147788	89.051509	45.000078	224.926398	137.464534	214.295896	134.968088	225.074373	180.082605	220.001146	134.993072	
85.751845	45.000000	223.511452	224.933901	135.277578	134.981891	45.274086	316.243182	313.494192	23.644319	40.062615	325.399424	73.396066	44.999609	225.007345	135.626781	134.999972	223.467563	225.007345	180.001309	134.999915	308.899582	94.178034	45.066595	206.297246	120.241920	137.465061	73.280642	46.361709	315.133295	0.068445	34.600576	336.147788	87.318606	45.000066	224.926423	137.463835	214.295896	134.968088	225.063659	180.073295	220.001146	134.993072	
85.599572	45.000000	223.511452	224.933901	135.277578	134.981891	45.274086	316.243182	313.494192	23.644319	40.062615	325.399424	73.396066	44.999651	225.007345	135.626781	134.999972	223.467563	225.007345	180.001309	134.999915	308.899582	92.185919	45.066416	206.297246	120.243203	137.465061	73.280642	46.361709	315.133295	0.068397	34.600576	336.147788	91.140197	45.000059	224.926438	137.463386	214.295896	134.968088	225.056695	180.067074	220.001146	134.993072	
85.553948	45.000000	223.511452	224.933901	135.277578	134.981891	45.274086	316.243182	313.494192	23.644319	40.062615	325.399424	73.396066	44.999674	225.007345	135.626781	134.999972	223.467563	225.007345	180.001309	134.999915	308.899582	90.559337	45.066302	206.297246	122.832741	137.465061	73.280642	46.361709	315.133295	0.068367	34.600576	336.147788	93.603354	45.000054	224.926448	137.463098	214.295896	134.968088	225.052165	180.062912	220.001146	134.993072	
90.440805	45.000000	223.511452	224.933901	135.277578	134.981891	45.274086	316.243182	313.494192	23.644319	40.062615	325.399424	73.396066	44.999687	225.007345	135.626781	134.999972	223.467563	225.007345	180.001309	134.999915	308.899582	89.210115	45.066229	206.297246	124.553838	137.465061	73.280642	46.361709	315.133295	0.068349	34.600576	336.147788	95.152206	45.000051	224.926453	137.462912	214.295896	134.968088	225.049216	180.060124	220.001146	134.993072	
88.655007	45.000000	223.511452	224.933901	135.277578	134.981891	45.274086	316.243182	313.494192	23.644319	40.062615	325.399424	73.396066	44.999695	225.007345	135.626781	134.999972	223.467563	225.007345	180.001309	134.999915	308.899582	88.084219	45.066182	206.297246	125.698256	137.465061	73.280642	46.361709	315.133295	0.068338	34.600576	336.147788	96.094740	45.000050	224.926457	137.462793	214.295896	134.968088	225.047295	180.058256	220.001146	134.993072	
92.251440	45.000000	223.511452	224.933901	135.277578	134.981891	45.274086	316.243182	313.494192	23.644319	40.062615	325.399424	73.396066	44.999699	225.007345	135.626781	134.999972	223.467563	225.007345	180.001309	134.999915	308.899582	87.147863	45.066152	206.297246	126.459698	137.465061	73.280642	46.361709	315.133295	0.068332	34.600576	336.147788	96.644353	45.000048	224.926459	137.462715	214.295896	134.968088	225.046042	180.057001	220.001146	134.993072	
94.420168	45.000000	223.511452	224.933901	135.277578	134.981891	45.274086	316.243182	313.494192	23.644319	40.062615	325.399424	73.396066	44.999701	225.007345	135.626781	134.999972	223.467563	225.007345	180.001309	134.999915	308.899582	86.379193	45.066133	206.297246	126.966693	137.465061	73.280642	46.361709	315.133295	0.068327	34.600576	336.147788	96.949231	45.000048	224.926460	137.462665	214.295896	134.968088	225.045226	180.056158	220.001146	134.993072	
95.681311	45.000000	223.511452	224.933901	135.277578	134.981891	45.274086	316.243182	313.494192	23.644319	40.062615	325.399424	73.396066	44.999702	225.007345	135.626781	134.999972	223.467563	225.007345	180.001309	134.999915	308.899582	85.763290	45.066121	206.297246	127.304535	137.465061	73.280642	46.058239	315.133295	0.068325	34.600576	336.147788	94.106873	45.000047	224.926461	137.462633	214.295896	134.968088	225.044692	180.055591	220.001146	134.993072	
96.373965	45.000000	223.511452	224.933901	135.277578	134.981891	45.274086	316.243182	313.494192	23.644319	40.062615	325.399424	73.396066	44.999703	225.007345	135.626781	134.999972	223.467563	225.007345	180.001309	134.999915	308.899582	85.289177	45.066113	206.297246	127.529848	137.465061	73.280642	45.888442	315.133295	0.068323	34.600576	336.147788	92.061596	45.000047	224.926461	137.462612	214.295896	134.968088	225.044344	180.055209	220.001146	134.993072	
96.719276	45.000000	223.511452	224.933901	135.277578	134.981891	45.274086	316.243182	313.494192	23.644319	40.062615	325.399424	73.396066	44.999704	225.007345	135.626781	134.999972	223.467563	225.007345	180.001309	134.999915	308.899582	84.948057	45.066108	206.297246	127.680246	137.465061	73.280642	45.793403	315.133295	0.068322	34.600576	336.147788	90.314539	45.000047	224.926462	137.462599	214.295896	134.968088	225.044116	180.054951	220.001146	134.993072	
93.947488	45.000000	223.511452	224.933901	135.277578	134.981891	45.274086	316.243182	313.494192	23.644319	40.062615	325.399424	73.396066	44.999704	225.007345	135.626781	134.999972	223.467563	225.007345	180.001309	134.999915	308.899582	84.732316	45.066104	206.297246	127.780732	137.465061	73.280642	45.740189	315.133295	0.056849	34.600576	336.147788	88.821561	45.000047	224.926462	137.462590	214.295896	134.968088	225.043966	180.054777	220.001146	134.993072	
92.125239	45.000000	223.511452	224.933901	135.277578	134.981891	45.274086	316.243182	313.494192	23.644319	40.062615	325.399424	73.396066	44.999704	225.007345	135.626781	134.999972	223.467563	225.007345	180.001309	134.999915	308.899582	84.634980	45.066102	206.297246	127.847935	137.465061	73.280642	45.710381	315.133295	0.049936	34.600576	336.147788	87.556076	45.000046	224.926462	136.997628	214.295896	134.968088	225.043868	180.054659	220.001146	134.993072	
90.933019	45.000000	223.511452	224.933901	135.277578	134.981891	45.274086	316.243182	313.494192	23.644319	40.062615	325.399424	73.396066	44.999704	225.007345	135.626781	134.999972	223.467563	225.007345	180.001309	134.999915	308.899582	90.090988	45.066101	206.297246	127.892926	137.465061	73.280642	45.693679	315.133295	0.045769	34.600576	336.147788	86.501246	45.000046	224.926462	136.702723	214.295896	134.968088	225.043804	180.054579	220.001146	134.993072	
90.165470	45.000000	223.511452	224.933901	135.277578	134.981891	45.274086	316.243182	313.494192	23.644319	40.062615	325.399424	73.396066	44.999704	225.007345	135.626781	134.999972	223.467563	225.007345	180.001309	134.999915	308.899582	88.044703	45.066100	206.297246	127.923079	137.465061	73.280642	45.684315	315.133295	0.043255	34.600576	336.147788	85.645282	45.000046	224.926462	136.515570	214.295896	134.968088	225.043762	180.054524	220.001146	134.993072	
89.602928	45.000000	223.511452	224.933901	135.277578	134.981891	45.274086	316.243182	313.494192	23.644319	40.062615	325.399424	73.396066	44.999704	225.007345	135.626781	134.999972	223.467563	225.007345	180.001309	134.999915	308.899582	92.108068	45.066099	206.297246	127.943311	137.465061	73.280642	45.679064	315.133295	0.041737	34.600576	336.147788	84.978682	45.000046	224.926462	136.396730	214.295896	134.968088	225.043734	180.054487	220.001146	134.993072	
88.942971	45.000000	223.511452	224.933901	135.277578	134.981891	45.274086	316.243182	313.494192	23.644319	40.062615	325.399424	73.396066	44.999704	225.007345	135.626781	134.999972	223.467563	225.007345	180.001309	134.999915	308.899582	89.378003	45.066099	206.297246	127.956902	137.465061	73.280642	45.676118	315.133295	0.040820	34.600576	336.147788	84.492706	45.000046	224.926462	136.321221	214.295896	134.968088	225.043716	180.054462	220.001146	134.993072	
88.262435	45.000000	223.511452	224.933901	135.277578	134.981891	45.274086	316.243182	313.494192	23.644319	40.062615	325.399424	73.396066	44.999704	225.007345	135.626781	134.999972	223.467563	225.007345	180.001309	134.999915	308.899582	92.852391	45.066099	206.297246	127.966045	137.465061	73.280642	45.674464	315.133295	0.040266	34.600576	336.147788	84.178634	45.000046	224.941483	136.273213	214.295896	134.968088	225.043704	187.919920	220.001146	134.993072	
87.611679	45.000000	223.511452	224.933901	135.277578	134.981891	45.274086	316.243182	313.494192	23.644319	40.062615	325.399424	73.396066	44.999704	225.007345	135.626781	134.999972	223.467563	225.007345	180.001309	134.999915	308.899582	94.982996	45.066099	206.297246	127.972202	137.465061	73.280642	45.673536	315.133295	0.039931	34.600576	336.147788	84.027502	45.000046	224.950492	136.242670	214.295896	134.968088	225.043696	193.180127	220.001146	134.993072	
87.023555	45.000000	223.511452	224.933901	135.277578	134.981891	45.274086	316.243182	313.494192	23.644319	40.062615	325.399424	73.396066	44.999704	225.007345	135.626781	134.999972	223.467563	225.007345	180.001309	134.999915	308.899582	96.254744	45.066099	206.297246	127.976356	137.465061	73.280642	45.673014	315.133295	0.039728	34.600576	336.147788	89.064035	45.000046	224.955899	136.223224	214.295896	134.968088	225.043691	196.692457	220.001146	134.993072	
86.519064	45.000000	223.511452	224.933901	135.277578	134.981891	45.274086	316.243182	313.494192	23.644319	40.062615	325.399424	73.396066	44.999704	225.007345	135.626781	134.999972	223.467563	225.007345	180.001309	134.999915	308.899582	96.985942	45.066099	206.297246	127.979162	137.465061	73.280642	45.672721	315.133295	0.039605	34.600576	336.147788	87.362300	45.000046	224.959144	136.210834	214.295896	134.968088	225.043688	199.037259	220.001146	134.993072	
86.111007	45.000000	223.511452	224.933901	135.277578	134.981891	45.274086	316.243182	313.494192	23.644319	40.062615	325.399424	73.396066	44.999704	225.007345	135.626781	134.999972	223.467563	225.007345	180.001309	134.999915	308.899582	97.385534	45.066099	206.297246	127.981061	137.465061	73.280642	45.672556	315.133295	0.039530	34.600576	336.147788	91.182768	45.000046	224.961093	136.202935	214.295896	134.968088	225.043685	200.603318	220.001146	134.993072	
85.806429	45.000000	223.511452	224.933901	135.277578	134.981891	45.274086	316.243182	313.494192	23.644319	40.062615	325.399424	73.396066	44.999704	225.007345	135.626781	134.999972	223.467563	225.007345	180.001309	134.999915	308.899582	94.306650	45.066099	206.297246	127.982348	137.465061	73.280642	45.672463	315.133295	0.039485	34.600576	336.147788	93.649892	45.000046	224.962265	136.197894	214.295896	134.968088	225.043684	201.650042	220.001146	134.993072	
85.608316	45.000000	223.511452	224.933901	135.277578	134.981891	45.274086	316.243182	313.494192	23.644319	40.062615	325.399424	73.396066	44.999704	225.007345	135.626781	134.999972	223.467563	225.007345	180.001309	134.999915	308.899582	92.311305	45.066099	206.297246	127.983222	137.465061	73.280642	45.672411	315.133295	0.039457	34.600576	336.147788	95.205832	45.000046	224.962969	136.194675	214.295896	134.968088	225.043683	202.350282	220.001146	134.993072	
85.516806	45.000000	223.511452	224.933901	135.277578	134.981891	45.274086	316.243182	313.494192	23.644319	40.062615	325.399424	73.396066	44.999704	225.007345	135.626781	134.999972	223.467563	225.007345	180.001309	134.999915	308.899582	90.772102	45.066099	206.297246	127.983817	137.465061	73.280642	45.672382	315.133295	0.039441	34.600576	336.147788	96.157403	45.000046	224.963393	136.192617	214.295896	134.968088	225.043682	202.819202	220.001146	134.993072	
90.416832	45.000000	223.511452	224.933901	135.277578	134.981891	45.274086	316.243182	313.494192	23.644319	40.062615	325.399424	73.396066	44.999704	225.007345	135.626781	134.999972	223.467563	225.007345	180.001309	134.999915	308.899582	89.462395	45.066099	206.297246	127.984223	137.465061	73.280642	45.672365	315.133295	0.039430	34.600576	336.147788	96.717313	45.000046	224.963648	136.191301	214.295896	134.968088	225.035747	203.133557	220.001146	134.993072	
88.565427	45.000000	223.511452	224.933901	135.277578	134.981891	45.274086	316.243182	313.494192	23.644319	40.062615	325.399424	73.396066	44.999704	225.007345	135.626781	134.999972	223.467563	225.007345	180.001309	134.999915	308.899582	88.343743	45.066099	206.297246	129.211031	137.465061	73.280642	45.672356	315.133295	0.039424	34.600576	336.147788	97.033341	45.000046	224.963801	136.190457	214.295896	134.968088	225.030593	203.344538	220.001146	134.993072	
92.175818	45.000000	223.511452	224.933901	135.277578	134.981891	45.274086	316.243182	313.494192	23.644319	40.062615	325.399424	73.396066	44.999704	225.007345	135.626781	134.999972	223.467563	225.007345	180.001309	134.999915	308.899582	87.392915	45.066099	206.297246	130.025851	137.465061	73.280642	45.672350	315.133295	0.039420	34.600576	336.147788	94.165754	45.000038	224.963894	136.189917	214.295896	134.968088	225.027241	203.486311	220.001146	134.993072	
89.747226	45.000000	223.511452	224.933901	135.277578	134.981891	45.274086	316.243182	313.494192	23.644319	40.062615	325.399424	73.396066	44.999704	225.007345	135.626781	134.999972	223.467563	225.007345	180.001309	134.999915	308.899582	86.595352	45.066099	206.297246	130.567382	137.465061	73.280642	45.672347	315.133295	0.039418	34.600576	336.147788	92.047014	45.000032	224.963950	136.189570	214.295896	134.968088	225.025061	203.581703	220.001146	134.993072	
92.805331	45.000000	223.511452	224.933901	135.277578	134.981891	45.274086	316.243182	313.494192	23.644319	40.062615	325.399424	73.396066	44.999704	225.007345	135.626781	134.999972	223.467563	225.007345	180.001309	134.999915	308.899582	85.941255	45.066099	206.297246	130.927536	137.465061	73.280642	45.672346	315.133295	0.039417	34.600576	336.147788	90.256868	45.000028	224.963983	136.189348	214.295896	134.968088	225.023642	203.645976	220.001146	134.993072	
94.662014	45.000000	223.511452	224.933901	135.277578	134.981891	45.274086	316.243182	313.494192	23.644319	40.062615	325.399424	73.396066	44.999704	225.007345	135.626781	134.999972	223.467563	225.007345	180.001309	134.999915	308.899582	85.423280	45.066099	206.297246	131.167241	137.465061	73.280642	45.672345	315.133295	0.039416	34.600576	336.147788	88.742429	45.000026	224.964004	136.189204	214.295896	134.968088	225.022718	203.689345	220.001146	134.993072	
95.756584	45.000000	223.511452	224.933901	135.277578	134.981891	45.274086	316.243182	313.494192	23.644319	40.062615	325.399424	73.396066	44.999704	225.007345	135.626781	134.999972	223.467563	225.007345	180.001309	134.999915	308.899582	85.035221	45.066099	206.297246	131.326906	137.465061	73.280642	45.672344	315.133295	0.039415	34.600576	336.147788	87.470924	45.000025	224.964016	136.189112	214.295896	134.968088	225.022115	203.718654	220.001146	134.993072	
96.376492	45.000000	223.511452	224.933901	135.277578	134.981891	45.274086	316.243182	313.494192	23.644319	40.062615	325.399424	73.396066	44.999704	225.007345	135.626781	134.999972	223.467563	225.007345	180.001309	134.999915	308.899582	84.771299	45.066099	206.297246	131.433344	137.465061	73.280642	45.672344	315.133295	0.039415	34.600576	336.147788	86.421020	45.000024	224.964023	136.189052	214.295896	134.968088	225.021722	203.738494	220.001146	134.993072	
93.718702	45.000000	223.511452	224.933901	135.277578	134.981891	45.274086	316.243182	313.494192	23.644319	40.062615	325.399424	73.396066	44.999704	225.007345	135.626781	134.999972	223.467563	225.007345	180.001309	134.999915	308.899582	84.625826	45.066099	206.297246	131.504362	137.465061	73.280642	45.672344	315.133295	0.032724	34.600576	336.147788	85.577590	45.000023	224.964028	136.189014	214.295896	134.968088	225.021465	203.751948	220.001146	134.993072	
91.980560	45.000000	223.511452	224.933901	135.277578	134.981891	45.274086	316.243182	313.494192	23.644319	40.062615	325.399424	73.396066	44.999704	225.007345	135.626781	134.999972	223.467563	225.007345	180.001309	134.999915	308.899582	84.593084	45.066099	206.297246	131.551789	137.465061	73.280642	45.672344	315.133295	0.028692	34.600576	336.147788	84.928622	45.000023	224.964031	136.188989	214.295896	134.968088	225.021298	203.761090	220.001146	134.993072	
90.853103	45.000000	223.511452	224.933901	135.277578	134.981891	45.274086	316.243182	313.494192	23.644319	40.062615	325.399424	73.396066	44.999770	225.007345	135.626781	134.999972	223.467563	225.007345	180.001309	134.999915	308.899582	90.057143	45.066099	206.297246	131.583493	137.465061	73.280642	45.672344	315.133295	0.026260	34.600576	336.147788	84.463492	45.000023	224.964032	136.188973	214.295896	134.968088	225.021188	203.767313	220.001146	134.993072	
90.137567	45.000000	223.511452	224.933901	135.277578	134.981891	45.274086	316.243182	313.494192	23.644319	40.062615	325.399424	73.396066	44.999807	225.007345	135.626781	134.999972	223.467563	225.007345	180.001309	134.999915	308.899582	88.084600	45.066099	206.297246	131.604707	137.465061	73.280642	45.672343	315.133295	0.024792	34.600576	336.147788	84.172075	45.000023	224.964033	136.188963	214.295896	134.968088	225.021116	203.771559	220.001146	134.993072	
89.449501	45.000000	223.511452	224.933901	135.277578	134.981891	45.274086	316.243182	313.494192	23.644319	40.062615	325.399424	73.396066	44.999827	225.007345	135.626781	134.999972	223.467563	225.007345	180.001309	134.999915	308.899582	92.147499	45.066099	206.297246	131.618917	137.465061	73.280642	45.672343	315.133295	0.023906	34.600576	336.147788	84.044376	45.000022	224.964034	136.188956	214.295896	134.968088	225.021069	207.497999	220.001146	134.993072	
88.729125	45.000000	223.511452	224.933901	135.277578	134.981891	45.274086	316.243182	313.494192	23.644319	40.062615	325.399424	73.396066	44.999839	225.007345	135.626781	134.999972	223.467563	225.007345	180.001309	134.999915	308.899582	94.626817	45.066099	206.297246	131.628446	137.465061	73.280642	45.672343	315.133295	0.023370	34.600576	336.147788	89.080164	45.000022	224.964034	135.966543	214.295896	134.968088	225.021038	209.976702	220.001146	134.993072	
88.030750	45.000000	223.511452	224.933901	135.277578	134.981891	45.274086	316.243182	313.494192	23.644319	40.062615	325.399424	73.396066	44.999845	225.007345	135.626781	134.999972	223.467563	225.007345	180.001309	134.999915	308.899582	91.044082	45.066099	206.297246	131.634844	137.465061	73.280642	45.672343	315.133295	0.023046	34.600576	336.147788	87.409415	45.000022	224.964034	135.825517	214.295896	134.968088	225.021018	211.625767	220.001146	134.993072	
87.390033	45.000000	223.511452	224.933901	135.277578	134.981891	45.274086	316.243182	313.494192	23.644319	40.062615	325.399424	73.396066	44.999849	225.007345	135.626781	134.999972	223.467563	225.007345	180.001309	134.999915	308.899582	93.836248	45.066099	206.297246	131.639145	137.465061	73.280642	45.672343	315.133295	0.022850	34.600576	336.147788	91.228193	45.000022	224.964035	135.736047	214.295896	134.968088	225.021005	212.723453	220.001146	134.993072	
86.830045	45.000000	223.511452	224.933901	135.277578	134.981891	45.274086	316.243182	313.494192	23.644319	40.062615	325.399424	73.396066	44.999851	225.007345	135.626781	134.999972	223.467563	225.007345	180.001309	134.999915	308.899582	95.554737	45.066099	206.297246	131.642040	137.465061	73.280642	45.672343	315.133295	0.022731	34.600576	336.147788	93.698859	45.000022	224.964035	135.679251	214.295896	134.968088	225.020996	213.454619	220.001146	134.993072	
86.365160	45.000000	223.511452	224.933901	135.277578	134.981891	45.274086	316.243182	313.494192	23.644319	40.062615	325.399424	73.396066	44.999852	225.007345	135.626781	134.999972	223.467563	225.007345	180.001309	134.999915	308.899582	96.590422	45.066099	206.297246	131.643991	137.465061	73.280642	45.672343	315.133295	0.022659	34.600576	336.147788	95.261576	45.000022	224.964035	135.643176	214.295896	134.968088	225.020990	213.942028	220.001146	134.993072	
86.003630	45.000000	223.511452	224.933901	135.277578	134.981891	45.274086	316.243182	313.494192	23.644319	40.062615	325.399424	73.396066	44.999853	225.007345	135.626781	134.999972	223.467563	225.007345	180.001309	134.999915	308.899582	97.200481	45.066099	206.297246	131.645308	137.465061	73.280642	45.523230	315.133295	0.022615	34.600576	336.147788	96.221958	45.000022	224.964035	135.620247	214.295896	134.968088	225.020986	214.267219	220.001146	134.993072	
85.749352	45.000000	223.511452	224.933901	135.277578	134.981891	45.274086	316.243182	313.494192	23.644319	40.062615	325.399424	73.396066	44.999853	225.007345	135.626781	134.999972	223.467563	225.007345	180.001309	134.999915	308.899582	84.036298	45.066099	206.297246	131.646199	137.465061	73.280642	45.439808	315.133295	0.022589	34.600576	336.147788	96.791999	45.000022	224.964035	135.605664	214.295896	134.968088	225.020984	214.484375	220.001146	134.993072	
85.603130	45.000000	223.511452	224.933901	135.277578	134.981891	45.274086	316.243182	313.494192	23.644319	40.062615	325.399424	73.396066	44.999853	225.007345	135.626781	134.999972	223.467563	225.007345	180.001309	134.999915	308.899582	75.998792	45.066099	206.297246	131.646802	137.465061	73.280642	45.393121	315.133295	0.022573	34.600576	336.147788	97.119054	45.000022	224.964035	135.596384	214.295896	134.968088	225.020982	214.629527	220.001146	134.993072	
85.563608	45.000000	223.511452	224.933901	135.277578	134.981891	45.274086	316.243182	313.494192	23.644319	40.062615	325.399424	73.396066	44.999853	225.007345	135.626781	134.999972	223.467563	225.007345	180.001309	134.999915	308.899582	70.921872	45.066099	206.297246	131.647211	137.465061	73.280642	45.366984	315.133295	0.022563	34.600576	336.147788	94.225924	45.000022	224.964035	135.590473	214.295896	134.968088	225.020981	214.726646	220.001146	134.993072	
90.447869	45.000000	223.511452	224.933901	135.277578	134.981891	45.274086	316.243182	313.494192	23.644319	40.062615	325.399424	73.396066	44.999853	225.007345	135.626781	134.999972	223.467563	225.007345	180.001309	134.999915	308.899582	67.785999	45.066099	206.297246	131.647490	137.465061	73.280642	45.352345	315.133295	0.022557	34.600576	336.147788	92.033833	45.000022	224.971345	135.586706	214.295896	134.968088	225.020980	214.791695	220.001146	134.993072	
88.671187	45.000000	223.511452	224.933901	135.277578	134.981891	45.274086	316.243182	313.494192	23.644319	40.062615	325.399424	73.396066	44.999853	225.007345	135.626781	134.999972	223.467563	225.007345	180.001309	134.999915	308.899582	70.935973	45.066099	206.297246	131.647679	137.465061	73.280642	45.344143	315.133295	0.022553	34.600576	336.147788	90.200675	45.000022	224.975729	135.584303	214.295896	134.968088	225.020980	214.835313	220.001146	134.993072	
92.265147	45.000000	223.511452	224.933901	135.277578	134.981891	45.274086	316.243182	313.494192	23.644319	40.062615	325.399424	73.396066	44.999853	225.007345	135.626781	134.999972	223.467563	225.007345	180.001309	134.999915	308.899582	72.709002	45.066099	206.297246	131.647809	137.465061	73.280642	45.339546	315.133295	0.022551	34.600576	336.147788	88.664845	45.000022	224.978359	135.582769	214.295896	134.968088	225.020979	214.864595	220.001146	134.993072	
94.433647	45.000000	223.511452	224.933901	135.277578	134.981891	45.274086	316.243182	313.494192	23.644319	40.062615	325.399424	73.396066	44.999853	225.007345	135.626781	134.999972	223.467563	225.007345	180.001309	134.999915	308.899582	73.631937	45.066099	206.297246	132.240386	137.465061	73.280642	45.336969	315.133295	0.022550	34.600576	336.147788	87.387387	45.000022	224.979938	135.581789	214.295896	134.968088	225.017165	214.884277	220.001146	134.993072	
95.695908	45.000000	223.511452	224.933901	135.277578	134.981891	45.274086	316.243182	313.494192	23.644319	40.062615	325.399424	73.396066	44.999853	225.007345	135.626781	134.999972	223.467563	225.007345	180.001309	134.999915	308.899582	74.038206	45.066099	206.297246	132.634054	137.465061	73.280642	45.335523	315.133295	0.022549	34.600576	336.147788	86.342457	45.000022	224.980886	135.581162	214.295896	134.968088	225.014687	214.897524	220.001146	134.993072	
96.390503	45.000000	223.511452	224.933901	135.277578	134.981891	45.274086	316.243182	313.494192	23.644319	40.062615	325.399424	73.396066	44.999853	225.007345	135.626781	134.999972	223.467563	225.007345	180.001309	134.999915	308.899582	74.138748	45.066099	206.297246	132.895762	137.465061	73.280642	45.334711	315.133295	0.022548	34.600576	336.147788	85.511574	45.000022	224.981456	135.580761	214.295896	134.968088	225.013076	214.906452	220.001146	134.993072	
96.738274	45.000000	223.511452	224.933901	135.277578	134.981891	45.274086	316.243182	313.494192	23.644319	40.062615	325.399424	73.396066	44.999853	225.007345	135.626781	134.999972	223.467563	225.007345	180.001309	134.999915	308.899582	74.067165	45.066099	206.297246	133.069871	137.465061	73.280642	45.334255	315.133295	0.022548	34.600576	336.147788	84.880212	45.000018	224.981798	135.580504	214.295896	134.968088	225.012028	214.912479	220.001146	134.993072	
93.958705	45.000000	223.511452	224.933901	135.277578	134.981891	45.274086	316.243182	313.494192	23.644319	40.062615	325.399424	73.396066	44.999853	225.007345	135.626781	134.999972	223.467563	225.007345	180.001309	134.999915	308.899582	73.908165	45.066099	206.297246	133.185791	137.465061	73.280642	45.333999	315.133295	0.018751	34.600576	336.147788	84.435859	45.000015	224.982004	135.580339	214.295896	134.968088	225.011346	214.916553	220.001146	134.993072	
92.132810	45.000000	223.511452	224.933901	135.277578	134.981891	45.274086	316.243182	313.494192	23.644319	40.062615	325.399424	73.396066	44.999853	225.007345	135.626781	134.999972	223.467563	225.007345	180.001309	134.999915	308.899582	73.715437	45.066099	206.297246	133.263032	137.465061	73.280642	45.333856	315.133295	0.016464	34.600576	336.147788	84.166987	45.000014	224.982128	135.580233	214.295896	134.968088	225.010902	214.919312	220.001146	134.993072	
90.939577	45.000000	223.511452	224.933901	135.277578	134.981891	45.274086	316.243182	313.494192	23.644319	40.062615	325.399424	73.396066	44.999853	225.007345	135.626781	134.999972	223.467563	225.007345	180.001309	134.999915	308.899582	73.522891	45.066099	206.297246	133.314544	137.465061	73.280642	45.333775	315.133295	0.015084	34.600576	336.147788	89.162769	45.000013	224.982203	135.580165	214.295896	134.968088	225.010612	214.921183	220.001146	134.993072	
90.172665	45.000000	223.511452	224.933901	135.277578	134.981891	45.274086	316.243182	313.494192	23.644319	40.062615	325.399424	73.396066	44.999853	225.007345	135.626781	134.999972	223.467563	225.007345	180.001309	134.999915	308.899582	73.351754	45.066099	206.297246	133.348928	137.465061	73.280642	45.333729	315.133295	0.014252	34.600576	336.147788	87.342191	45.000012	224.982248	135.580121	214.295896	134.968088	225.010423	214.922456	220.001146	134.993072	
89.591457	45.000000	223.511452	224.933901	135.277578	134.981891	45.274086	316.243182	313.494192	23.644319	40.062615	325.399424	73.396066	44.999853	225.007345	135.626781	134.999972	223.467563	225.007345	180.001309	134.999915	308.899582	73.215076	45.066099	206.297246	133.371899	137.465061	73.280642	45.333704	315.133295	0.013750	34.600576	336.147788	91.143243	45.000012	224.982275	135.580093	214.295896	134.968088	225.010300	214.923322	220.001146	134.993072	
88.921907	45.000000	223.511452	224.933901	135.277578	134.981891	45.274086	316.243182	313.494192	23.644319	40.062615	325.399424	73.396066	44.999853	225.007345	135.626781	134.999972	223.467563	225.007345	180.001309	134.999915	308.899582	73.120598	45.066099	206.297246	133.387262	137.465061	73.280642	45.333689	315.133295	0.013446	34.600576	336.147788	93.581440	45.000011	224.982291	135.580075	214.295896	134.968088	225.010219	214.923914	220.001146	134.993072	
88.237704	45.000000	223.511452	224.933901	135.277578	134.981891	45.274086	316.243182	313.494192	23.644319	40.062615	325.399424	73.396066	44.999853	225.007345	135.626781	134.999972	223.467563	225.007345	180.001309	134.999915	308.899582	73.072604	45.066099	206.297246	133.397547	137.465061	73.280642	45.333681	315.133295	0.013263	34.600576	336.147788	95.103280	45.000011	224.982301	135.580063	214.295896	134.968088	225.010166	216.701957	220.001146	134.993072	
87.587158	45.000000	223.511452	224.933901	135.277578	134.981891	45.274086	316.243182	313.494192	23.644319	40.062615	325.399424	73.396066	44.999853	225.007345	135.626781	134.999972	223.467563	225.007345	180.001309	134.999915	308.899582	73.073112	45.066099	206.297246	133.404439	137.465061	73.280642	45.333676	315.133295	0.013152	34.600576	336.147788	96.017904	45.000011	224.982307	135.580055	214.295896	134.968088	225.010132	217.883460	220.001146	134.993072	
87.001772	45.000000	223.511452	224.933901	135.277578	134.981891	45.274086	316.243182	313.494192	23.644319	40.062615	325.399424	73.396066	44.999853	225.007345	135.626781	134.999972	223.467563	225.007345	180.001309	134.999915	308.899582	73.122659	45.066099	206.297246	133.409064	137.465061	73.280642	45.333674	315.133295	0.013084	34.600576	336.147788	96.539206	45.000011	224.982311	135.580051	214.295896	134.968088	225.010109	218.669027	220.001146	134.993072	
86.501633	45.000000	223.511452	224.933901	135.277578	134.981891	45.274086	316.243182	313.494192	23.644319	40.062615	325.399424	73.396066	44.999853	225.007345	135.626781	134.999972	223.467563	225.007345	180.001309	134.999915	308.899582	73.220810	45.066099	206.297246	133.412170	137.465061	73.280642	45.333672	315.133295	0.013044	34.600576	336.147788	96.815552	45.000011	224.982313	135.580047	214.295896	134.968088	225.010094	219.191702	220.001146	134.993072	
86.098920	45.000000	223.511452	224.933901	135.277578	134.981891	45.274086	316.243182	313.494192	23.644319	40.062615	325.399424	73.396066	44.999853	225.007345	135.626781	134.999972	223.467563	225.007345	180.001309	134.999915	308.899582	73.366503	45.066099	206.297246	133.414260	137.465061	73.280642	45.333672	315.133295	0.013019	34.600576	336.147788	94.018962	45.000011	224.982314	135.580045	214.295896	134.968088	225.010084	219.539724	220.001146	134.993072	
85.800250	45.000000	223.511452	224.933901	135.277578	134.981891	45.274086	316.243182	313.494192	23.644319	40.062615	325.399424	73.396066	44.999853	225.007345	135.626781	134.999972	223.467563	225.007345	180.001309	134.999915	308.899582	66.419267	45.066099	206.297246	133.415667	137.465061	73.280642	45.333671	315.133295	0.013004	34.600576	336.147788	92.101947	45.000011	224.982315	135.580045	214.295896	134.968088	225.010078	219.771639	220.001146	134.993072	
85.608312	45.000000	223.511452	224.933901	135.277578	134.981891	45.274086	316.243182	313.494192	23.644319	40.062615	325.399424	73.396066	44.999853	225.007345	135.626781	134.999972	223.467563	225.007345	180.001309	134.999915	308.899582	64.835153	45.066099	206.297246	133.416616	137.465061	73.280642	45.333671	315.133295	0.012995	34.600576	336.147788	90.454041	45.000011	224.982316	135.580045	214.295896	134.968088	225.010074	219.926313	220.001146	134.993072	
85.523037	45.000000	223.511452	224.933901	135.277578	134.981891	45.274086	316.243182	313.494192	23.644319	40.062615	325.399424	73.396066	44.999853	225.007345	135.626781	134.999972	223.467563	225.007345	180.001309	134.999915	308.899582	63.883121	45.066099	206.297246	133.417258	137.465061	73.280642	45.333671	315.133295	0.012989	34.600576	336.147788	89.011691	45.000011	224.982316	135.580045	214.295896	134.968088	225.010071	220.029564	220.001146	134.993072	
90.421113	45.000000	223.511452	224.933901	135.277578	134.981891	45.274086	316.243182	313.494192	23.644319	40.062615	325.399424	73.396066	44.999853	225.007345	135.626781	134.999972	223.467563	225.007345	180.001309	134.999915	308.899582	63.310691	45.066099	206.297246	133.417692	137.465061	73.280642	45.333671	315.133295	0.012986	34.600576	336.147788	87.762221	45.000011	224.982316	135.580045	214.295896	134.968088	225.010069	220.098552	220.001146	134.993072	
88.578759	45.000000	223.511452	224.933901	135.277578	134.981891	45.274086	316.243182	313.494192	23.644319	40.062615	325.399424	73.396066	44.999853	225.007345	135.626781	134.999972	223.467563	225.007345	180.001309	134.999915	308.899582	62.966322	45.066099	206.297246	133.417986	137.465061	73.280642	45.333671	315.133295	0.012984	34.600576	336.147788	86.698840	45.000011	224.982316	135.580045	214.295896	134.968088	225.010068	220.144693	220.001146	134.993072	
92.187128	45.000000	223.511452	224.933901	135.277578	134.981891	45.274086	316.243182	313.494192	23.644319	40.062615	325.399424	73.396066	44.999886	225.007345	135.626781	134.999972	223.467563	225.007345	180.001309	134.999915	308.899582	62.759037	45.066099	206.297246	133.418185	137.465061	73.280642	45.333671	315.133295	0.012983	34.600576	336.147788	85.817181	45.000011	224.982316	135.580045	214.295896	134.968088	225.010067	220.175585	220.001146	134.993072	
94.354972	45.000000	223.511452	224.933901	135.277578	134.981891	45.274086	316.243182	313.494192	23.644319	40.062615	325.399424	73.396066	44.999904	225.007345	135.626781	134.999972	223.467563	225.007345	180.001309	134.999915	308.899582	62.634195	45.066099	206.297246	133.418321	137.465061	73.280642	45.333671	315.133295	0.012982	34.600576	336.147788	85.113306	45.000011	224.982316	135.580045	214.295896	134.968088	225.010067	220.196289	220.001146	134.993072	
95.607630	45.000000	223.511452	224.933901	135.277578	134.981891	45.274086	316.243182	313.494192	23.644319	40.062615	325.399424	73.396066	44.999914	225.007345	135.626781	134.999972	223.467563	225.007345	180.001309	134.999915	308.899582	62.558960	45.066099	206.297246	133.418414	137.465061	73.280642	45.333671	315.133295	0.012981	34.600576	336.147788	84.582666	45.000011	224.982316	135.580045	214.295896	134.968088	225.010066	220.210182	220.001146	134.993072	
96.287205	45.000000	223.511452	224.933901	135.277578	134.981891	45.274086	316.243182	313.494192	23.644319	40.062615	325.399424	73.396066	44.999920	225.007345	135.626781	134.999972	223.467563	225.007345	180.001309	134.999915	308.899582	62.513591	45.066099	206.297246	133.694818	137.465061	73.280642	45.333671	315.133295	0.012981	34.600576	336.147788	84.219679	45.000011	224.982316	135.580045	214.295896	134.968088	225.010066	220.219516	220.001146	134.993072	
96.616568	45.000000	223.511452	224.933901	135.277578	134.981891	45.274086	316.243182	313.494192	23.644319	40.062615	325.399424	73.396066	44.999923	225.007345	135.626781	134.999972	223.467563	225.007345	180.001309	134.999915	308.899582	62.486215	45.066099	206.297246	133.878367	137.465061	73.280642	45.333671	315.133295	0.012981	34.600576	336.147788	84.017694	45.000011	224.982316	135.580045	214.295896	134.968088	225.010066	220.225795	220.001146	134.993072	
96.741315	45.000000	223.511452	224.933901	135.277578	134.981891	45.274086	316.243182	313.494192	23.644319	40.062615	325.399424	73.396066	44.999925	225.007345	135.626781	134.999972	223.467563	225.007345	180.001309	134.999915	308.899582	62.469685	45.066099	206.297246	134.000339	137.465061	73.280642	45.333671	315.133295	0.010813	34.600576	336.147788	89.051791	45.000011	224.982316	135.580045	214.295896	134.968088	225.008234	220.230024	220.001146	134.993072	
93.801376	45.000000	223.511452	224.933901	135.277578	134.981891	45.274086	316.243182	313.494192	23.644319	40.062615	325.399424	73.396066	44.999926	225.007345	135.626781	134.999972	223.467563	225.007345	180.001309	134.999915	308.899582	62.459696	45.066099	206.297246	134.081450	137.465061	73.280642	45.333671	315.133295	0.009507	34.600576	336.147788	87.283958	45.000011	224.982316	135.580045	214.295896	134.968088	225.007044	220.232877	220.001146	134.993072	
91.888658	45.000000	223.511452	224.933901	135.277578	134.981891	45.274086	316.243182	313.494192	23.644319	40.062615	325.399424	73.396066	44.999926	225.007345	135.626781	134.999972	223.467563	225.007345	180.001309	134.999915	308.899582	62.453656	45.066099	206.297246	134.135429	137.465061	73.280642	45.333671	315.133295	0.008719	34.600576	336.147788	91.105061	45.000011	224.985893	135.580045	214.295896	134.968088	225.006271	220.234805	220.001146	134.993072	
90.655588	45.000000	223.511452	224.933901	135.277578	134.981891	45.274086	316.243182	313.494192	23.644319	40.062615	325.399424	73.396066	44.999927	225.007345	135.626781	134.999972	223.467563	225.007345	180.001309	134.999915	308.899582	62.450000	45.066099	206.297246	134.171380	137.465061	73.280642	45.260028	315.133295	0.008244	34.600576	336.147788	93.562487	45.000011	224.988038	135.580045	214.295896	134.968088	225.005767	220.236110	220.001146	134.993072	
89.878508	45.000000	223.511452	224.933901	135.277578	134.981891	45.274086	316.243182	313.494192	23.644319	40.062615	325.399424	73.396066	44.999927	225.007345	135.626781	134.999972	223.467563	225.007345	180.001309	134.999915	308.899582	62.447786	45.066099	206.297246	134.195344	137.465061	73.280642	45.218834	315.133295	0.007958	34.600576	336.147788	95.102457	45.000011	224.989325	135.580045	214.295896	134.968088	225.005440	220.236994	220.001146	134.993072	
89.072614	45.000000	223.511452	224.933901	135.277578	134.981891	45.274086	316.243182	313.494192	23.644319	40.062615	325.399424	73.396066	44.999927	225.007345	135.626781	134.999972	223.467563	225.007345	180.001309	134.999915	308.899582	62.446444	45.066099	206.297246	134.211332	137.465061	73.280642	45.195783	315.133295	0.007785	34.600576	336.147788	96.034175	45.000009	224.990097	135.580045	214.295896	134.968088	225.005226	220.237594	220.001146	134.993072	
88.286562	45.000000	223.511452	224.933901	135.277578	134.981891	45.274086	316.243182	313.494192	23.644319	40.062615	325.399424	73.396066	44.999927	225.007345	135.626781	134.999972	223.467563	225.007345	180.001309	134.999915	308.899582	62.445630	45.066099	206.297246	134.222008	137.465061	73.280642	45.182879	315.133295	0.007680	34.600576	336.147788	96.571739	45.000007	224.990560	135.580045	214.295896	134.968088	225.005087	220.238003	220.001146	134.993072	
87.556567	45.000000	223.511452	224.933901	135.277578	134.981891	45.274086	316.243182	313.494192	23.644319	40.062615	325.399424	73.396066	44.999927	225.007345	135.626781	134.999972	223.467563	225.007345	180.001309	134.999915	308.899582	62.445136	45.066099	206.297246	134.229143	137.465061	73.280642	45.175654	315.133295	0.007617	34.600576	336.147788	96.863736	45.000007	224.990839	135.580045	214.295896	134.968088	225.004996	220.238282	220.001146	134.993072	
86.906485	45.000000	223.511452	224.933901	135.277578	134.981891	45.274086	316.243182	313.494192	23.644319	40.062615	325.399424	73.396066	44.999927	225.007345	135.626781	134.999972	223.467563	225.007345	180.001309	134.999915	308.899582	62.444835	45.066099	206.297246	134.233917	137.465061	73.280642	45.171606	315.133295	0.007579	34.600576	336.147788	84.772227	45.000006	224.991006	135.580045	214.295896	134.968088	225.004937	221.071845	220.001146	134.993072	
86.351585	45.000000	223.511452	224.933901	135.277578	134.981891	45.274086	316.243182	313.494192	23.644319	40.062615	325.399424	73.396066	44.999927	225.007345	135.626781	134.999972	223.467563	225.007345	180.001309	134.999915	308.899582	62.444652	45.066099	206.297246	134.237115	137.465061	73.280642	45.169337	315.133295	0.007555	34.600576	336.147788	76.953214	45.000006	224.991107	135.580045	214.295896	134.968088	225.004898	221.625449	220.001146	134.993072	
85.901010	45.000000	223.511452	224.933901	135.277578	134.981891	45.274086	316.243182	313.494192	23.644319	40.062615	325.399424	73.396066	44.999927	225.007345	135.626781	134.999972	223.467563	225.007345	180.001309	134.999915	308.899582	62.444541	45.066099	206.297246	134.239259	137.465061	73.280642	45.168065	315.133295	0.007541	34.600576	336.147788	71.692177	45.000006	224.991168	135.580045	214.295896	134.968088	225.004873	221.993367	220.001146	134.993072	
85.559472	45.000000	223.511452	224.933901	135.277578	134.981891	45.274086	316.243182	313.494192	23.644319	40.062615	325.399424	73.396066	44.999927	225.007345	135.626781	134.999972	223.467563	225.007345	180.001309	134.999915	308.899582	62.444473	45.066099	206.297246	134.240698	137.465061	73.280642	45.167352	315.133295	0.007533	34.600576	336.147788	68.235196	45.000005	224.991204	135.580045	214.295896	134.968088	225.004856	222.238055	220.001146	134.993072	
85.328457	45.000000	223.511452	224.933901	135.277578	134.981891	45.274086	316.243182	313.494192	23.644319	40.062615	325.399424	73.396066	44.999927	225.007345	135.626781	134.999972	223.467563	225.007345	180.001309	134.999915	308.899582	62.444432	45.066099	206.297246	134.241665	137.465061	73.280642	45.166952	315.133295	0.007527	34.600576	336.147788	70.746978	45.000005	224.991226	135.580045	214.295896	134.968088	225.004846	222.400909	220.001146	134.993072	
85.207131	45.000000	223.511452	224.933901	135.277578	134.981891	45.274086	316.243182	313.494192	23.644319	40.062615	325.399424	73.396066	44.999927	225.007345	135.626781	134.999972	223.467563	225.007345	180.001309	134.999915	308.899582	62.444406	45.066099	206.297246	134.242316	137.465061	73.280642	45.166727	315.133295	0.007524	34.600576	336.147788	72.211440	45.000005	224.991239	135.580045	214.295896	134.968088	225.004838	222.509385	220.001146	134.993072	
85.193030	45.000000	223.511452	224.933901	135.277578	134.981891	45.274086	316.243182	313.494192	23.644319	40.062615	325.399424	73.396066	44.999927	225.007345	135.626781	134.999972	223.467563	225.007345	180.001309	134.999915	308.899582	62.444391	45.066099	206.297246	134.242755	137.465061	73.280642	45.166601	315.133295	0.007522	34.600576	336.147788	72.998017	45.000005	224.991247	135.580045	214.295896	134.968088	225.004834	222.581699	220.001146	134.993072	
90.126440	45.000000	223.511452	224.933901	135.277578	134.981891	45.274086	316.243182	313.494192	23.644319	40.062615	325.399424	73.396066	44.999927	225.007345	135.626781	134.999972	223.467563	225.007345	180.001309	134.999915	308.899582	62.444381	45.066099	206.297246	134.243051	137.465061	73.280642	45.166530	315.133295	0.007521	34.600576	336.147788	73.354799	45.000005	224.991252	135.580045	214.295896	134.968088	225.004831	222.629948	220.001146	134.993072	
88.363862	45.000000	223.511452	224.933901	135.277578	134.981891	45.274086	316.243182	313.494192	23.644319	40.062615	325.399424	73.396066	44.999927	225.007345	135.626781	134.999972	223.467563	225.007345	180.001309	134.999915	308.899582	62.444375	45.066099	206.297246	134.243251	137.465061	73.280642	45.166490	315.133295	0.007521	34.600576	336.147788	73.448414	45.000005	224.991255	135.580045	214.295896	134.968088	225.004829	222.662170	220.001146	134.993072	
91.993952	45.000000	223.511452	224.933901	135.277578	134.981891	45.274086	316.243182	313.494192	23.644319	40.062615	325.399424	73.396066	44.999927	225.007345	135.626781	134.999972	223.467563	225.007345	180.001309	134.999915	308.899582	58.899108	45.066099	206.297246	134.243387	137.465061	73.280642	45.166468	315.133295	0.007520	34.600576	336.147788	73.390882	45.000005	224.991257	135.580045	214.295896	134.968088	225.004827	222.683709	220.001146	134.993072	
94.190144	45.000000	223.511452	224.933901	135.277578	134.981891	45.274086	316.243182	313.494192	23.644319	40.062615	325.399424	73.396066	44.999927	225.007345	135.626781	134.999972	223.467563	225.007345	180.001309	134.999915	308.899582	56.771527	45.066099	206.297246	134.243479	137.465061	73.280642	45.166455	315.133295	0.007520	34.600576	336.147788	73.257523	45.000005	224.991258	135.580045	214.295896	134.968088	225.004826	222.698122	220.001146	134.993072	
95.474148	45.000000	223.511452	224.933901	135.277578	134.981891	45.274086	316.243182	313.494192	23.644319	40.062615	325.399424	73.396066	44.999927	225.007345	135.626781	134.999972	223.467563	225.007345	180.001309	134.999915	308.899582	55.494444	45.066099	206.297246	134.243541	137.465061	73.280642	45.166448	315.133295	0.007520	34.600576	336.147788	73.098857	45.000005	224.991259	135.580045	214.295896	134.968088	225.004826	222.707776	220.001146	134.993072	
96.186375	45.000000	223.511452	224.933901	135.277578	134.981891	45.274086	316.243182	313.494192	23.644319	40.062615	325.399424	73.396066	44.999927	225.007345	135.626781	134.999972	223.467563	225.007345	180.001309	134.999915	308.899582	54.727573	45.066099	206.297246	134.243584	137.465061	73.280642	45.166444	315.133295	0.007520	34.600576	336.147788	72.948540	45.000005	224.991259	135.580045	214.295896	134.968088	225.004825	222.714251	220.001146	134.993072	
96.548987	45.000000	223.511452	224.933901	135.277578	134.981891	45.274086	316.243182	313.494192	23.644319	40.062615	325.399424	73.396066	44.999927	225.007345	135.626781	134.999972	223.467563	225.007345	180.001309	134.999915	308.899582	54.266862	45.066099	206.297246	134.243613	137.465061	73.280642	45.166442	315.133295	0.007520	34.600576	336.147788	72.828689	45.000005	224.991259	135.580045	214.295896	134.968088	225.004825	222.718597	220.001146	134.993072	
93.792696	45.000000	223.511452	224.933901	135.277578	134.981891	45.274086	316.243182	313.494192	23.644319	40.062615	325.399424	73.396066	44.999927	225.007345	135.626781	134.999972	223.467563	225.007345	180.001309	134.999915	308.899582	53.989943	45.066099	206.297246	134.376999	137.465061	73.280642	45.166440	315.133295	350.837780	34.600576	336.147788	72.753476	45.000005	224.991259	135.580045	214.295896	134.968088	225.004825	222.721519	220.001146	134.993072	
91.984217	45.000000	223.511452	224.933901	135.277578	134.981891	45.274086	316.243182	313.494192	23.644319	40.062615	325.399424	73.396066	44.999927	225.007345	135.626781	134.999972	223.467563	225.007345	180.001309	134.999915	308.899582	53.823407	45.066099	206.297246	134.465602	137.465061	73.280642	45.166440	315.133295	345.311463	34.600576	336.147788	72.731584	45.000005	224.991259	135.580045	214.295896	134.968088	225.004825	222.723486	220.001146	134.993072	
90.804639	45.000000	223.511452	224.933901	135.277578	134.981891	45.274086	316.243182	313.494192	23.644319	40.062615	325.399424	73.396066	44.999927	225.007345	135.626781	134.999972	223.467563	225.007345	180.001309	134.999915	308.899582	53.723200	45.066099	206.297246	134.524498	137.465061	73.280642	45.166439	315.133295	341.984614	34.600576	336.147788	72.767895	45.000005	224.991259	135.580045	214.295896	134.968088	225.004825	222.724812	220.001146	134.993072	
90.048910	45.000000	223.511452	224.933901	135.277578	134.981891	45.274086	316.243182	313.494192	23.644319	40.062615	325.399424	73.396066	44.999927	225.007345	135.626781	134.999972	223.467563	225.007345	180.001309	134.999915	308.899582	53.662869	45.066099	206.297246	134.563676	137.465061	73.280642	45.166439	315.133295	339.981897	34.600576	336.147788	72.864662	45.000005	224.991259	135.580045	214.295896	134.968088	225.003946	222.725707	220.001146	134.993072	
89.440349	45.000000	223.511452	224.933901	135.277578	134.981891	45.274086	316.243182	313.494192	23.644319	40.062615	325.399424	73.396066	44.999927	225.007345	135.626781	134.999972	223.467563	225.007345	180.001309	134.999915	308.899582	53.626525	45.066099	206.297246	134.589758	137.465061	73.280642	45.166439	315.133295	338.775844	34.600576	336.147788	73.022335	45.000005	224.991259	135.580045	214.295896	134.968088	225.003375	222.726312	220.001146	134.993072	
88.757706	45.000000	223.511452	224.933901	135.277578	134.981891	45.274086	316.243182	313.494192	23.644319	40.062615	325.399424	73.396066	44.999927	225.007345	135.626781	134.999972	223.467563	225.007345	180.001309	134.999915	308.899582	53.604617	45.066099	206.297246	134.607135	137.465061	73.280642	45.166439	315.133295	338.049167	34.600576	336.147788	66.659143	45.000005	224.991259	135.580045	214.295896	134.968088	225.003004	222.726722	220.001146	134.993072	
88.069714	45.000000	223.511452	224.933901	135.277578	134.981891	45.274086	316.243182	313.494192	23.644319	40.062615	325.399424	73.396066	44.999927	225.007345	135.626781	134.999972	223.467563	225.007345	180.001309	134.999915	308.899582	53.591402	45.066099	206.297246	134.618722	137.465061	73.280642	45.166439	315.133295	337.611067	34.600576	336.147788	65.052508	45.000005	224.991259	135.580045	214.295896	134.968088	225.002763	222.727000	220.001146	134.993072	
87.421459	45.000000	223.511452	224.933901	135.277578	134.981891	45.274086	316.243182	313.494192	23.644319	40.062615	325.399424	73.396066	44.999927	225.007345	135.626781	134.999972	223.467563	225.007345	180.001309	134.999915	308.899582	53.583426	45.066099	206.297246	134.626456	137.465061	73.280642	45.166439	315.133295	337.346776	34.600576	336.147788	64.031114	45.000005	224.991260	135.580045	214.295896	134.968088	225.002606	222.727189	220.001146	134.993072	
86.842298	45.000000	223.511452	224.933901	135.277578	134.981891	45.274086	316.243182	313.494192	23.644319	40.062615	325.399424	73.396066	44.999927	225.007345	135.626781	134.999972	223.467563	225.007345	180.001309	134.999915	308.899582	53.578609	45.066099	206.297246	134.631622	137.465061	73.280642	45.166439	315.133295	337.187231	34.600576	336.147788	63.381399	45.000005	224.991260	135.580045	214.295896	134.968088	225.002503	222.727318	220.001146	134.993072	
86.350870	45.000000	223.511452	224.933901	135.277578	134.981891	45.274086	316.243182	313.494192	23.644319	40.062615	325.399424	73.396066	44.999943	225.007345	135.626781	134.999972	223.467563	225.007345	180.001309	134.999915	308.899582	53.575697	45.066099	206.297246	134.635076	137.465061	73.280642	45.166439	315.133295	337.090852	34.600576	336.147788	62.967839	45.000004	224.991260	135.580045	214.295896	134.968088	225.002436	222.727406	220.001146	134.993072	
85.958359	45.000000	223.511452	224.933901	135.277578	134.981891	45.274086	316.243182	313.494192	23.644319	40.062615	325.399424	73.396066	44.999952	225.007345	135.626781	134.999972	223.467563	225.007345	180.001309	134.999915	308.899582	53.573936	45.066099	206.297246	134.637389	137.465061	73.280642	45.166439	315.133295	337.032588	34.600576	336.147788	62.704413	45.000004	224.991260	135.580045	214.295896	134.968088	225.002393	223.129162	220.001146	134.993072	
85.670689	45.000000	223.511452	224.933901	135.277578	134.981891	45.274086	316.243182	313.494192	23.644319	40.062615	325.399424	73.396066	44.999957	225.007345	135.626781	134.999972	223.467563	225.007345	180.001309	134.999915	308.899582	53.572869	45.066099	206.297246	134.638938	137.465061	73.280642	45.166439	315.133295	336.997339	34.600576	336.147788	62.536493	45.000003	224.993047	135.580045	214.295896	134.968088	225.002364	223.396057	220.001146	134.993072	
85.490071	45.000000	223.511452	224.933901	135.277578	134.981891	45.274086	316.243182	313.494192	23.644319	40.062615	325.399424	73.396066	44.999960	225.007345	135.626781	134.999972	223.467563	225.007345	180.001309	134.999915	308.899582	53.572223	45.066099	206.297246	134.639977	137.465061	73.280642	45.166439	315.133295	336.975996	34.600576	336.147788	62.429369	45.000003	224.994120	135.580045	214.295896	134.968088	225.002346	223.573484	220.001146	134.993072	
85.416107	45.000000	223.511452	224.933901	135.277578	134.981891	45.274086	316.243182	313.494192	23.644319	40.062615	325.399424	73.396066	44.999962	225.007345	135.626781	134.999972	223.467563	225.007345	180.001309	134.999915	308.899582	53.571832	45.066099	206.297246	134.640675	137.465061	73.280642	45.166439	315.133295	336.963064	34.600576	336.147788	62.360975	45.000003	224.994763	135.580045	214.295896	134.968088	225.002334	223.691522	220.001146	134.993072	
90.328136	45.000000	223.511452	224.933901	135.277578	134.981891	45.274086	316.243182	313.494192	23.644319	40.062615	325.399424	73.396066	44.999963	225.007345	135.626781	134.999972	223.467563	225.007345	180.001309	134.999915	308.899582	53.571594	45.066099	206.297246	134.641145	137.465061	73.280642	45.166439	315.133295	336.955220	34.600576	336.147788	62.317271	45.000003	224.995150	135.580045	214.295896	134.968088	225.002326	223.770110	220.001146	134.993072	
88.495001	45.000000	223.511452	224.933901	135.277578	134.981891	45.274086	316.243182	313.494192	23.644319	40.062615	325.399424	73.396066	44.999963	225.007345	135.626781	134.999972	223.467563	225.007345	180.001309	134.999915	308.899582	53.571450	45.066099	206.297246	134.641461	137.465061	73.280642	45.166439	315.133295	336.950458	34.600576	336.147788	62.289318	45.000003	224.995382	135.580045	214.295896	134.968088	225.002320	223.822475	220.001146	134.993072	
92.113173	45.000000	223.511452	224.933901	135.277578	134.981891	45.274086	316.243182	313.494192	23.644319	40.062615	325.399424	73.396066	44.999964	225.007345	135.626781	134.999972	223.467563	225.007345	180.001309	134.999915	308.899582	53.571362	45.066099	206.297246	134.641674	137.465061	73.280642	45.166439	315.133295	336.947565	34.600576	336.147788	62.271423	45.000003	224.995521	135.580045	214.295896	134.968088	225.002317	223.857397	220.001146	134.993072	
94.289371	45.000000	223.511452	224.933901	135.277578	134.981891	45.274086	316.243182	313.494192	23.644319	40.062615	325.399424	73.396066	44.999964	225.007345	135.626781	134.999972	223.467563	225.007345	180.001309	134.999915	308.899582	53.571308	45.066099	206.297246	134.641818	137.465061	73.280642	45.166439	315.133295	336.945806	34.600576	336.147788	62.259956	45.000003	224.995605	135.580045	214.295896	134.968088	225.002315	223.880707	220.001146	134.993072	
95.549233	45.000000	223.511452	224.933901	135.277578	134.981891	45.274086	316.243182	313.494192	23.644319	40.062615	325.399424	73.396066	44.999964	225.007345	135.626781	134.999972	223.467563	225.007345	180.001309	134.999915	308.899582	53.571276	45.066099	206.297246	134.641916	137.465061	73.280642	45.166439	315.133295	336.944734	34.600576	336.147788	62.252601	45.000003	224.995655	135.580045	214.295896	134.968088	225.002313	223.896280	220.001146	134.993072	
96.235162	45.000000	223.511452	224.933901	135.277578	134.981891	45.274086	316.243182	313.494192	23.644319	40.062615	325.399424	73.396066	44.999964	225.007345	135.626781	134.999972	223.467563	225.007345	180.001309	134.999915	308.899582	53.571256	45.066099	206.297246	134.641982	137.465061	73.280642	45.166439	315.133295	336.944081	34.600576	336.147788	62.247877	45.000003	224.995686	135.580045	214.295896	134.968088	225.002312	223.906695	220.001146	134.993072	
96.570282	45.000000	223.511452	224.933901	135.277578	134.981891	45.274086	316.243182	313.494192	23.644319	40.062615	325.399424	73.396066	44.999964	225.007345	135.626781	134.999972	223.467563	225.007345	180.001309	134.999915	308.899582	53.571244	45.066099	206.297246	134.642026	137.465061	73.280642	45.166439	315.133295	336.943683	34.600576	336.147788	62.244840	45.000003	224.995704	135.580045	214.295896	134.968088	225.002312	223.913667	220.001146	134.993072	
96.700380	45.000000	223.511452	224.933901	135.277578	134.981891	45.274086	316.243182	313.494192	23.644319	40.062615	325.399424	73.396066	44.999964	225.007345	135.626781	134.999972	223.467563	225.007345	180.001309	134.999915	308.899582	53.571236	45.066099	206.297246	134.642057	137.465061	73.280642	45.166439	315.133295	336.943439	34.600576	336.147788	62.242885	45.000003	224.995715	135.580045	214.295896	134.968088	225.002311	223.918339	220.001146	134.993072	
93.762469	45.000000	223.511452	224.933901	135.277578	134.981891	45.274086	316.243182	313.494192	23.644319	40.062615	325.399424	73.396066	44.999964	225.007345	135.626781	134.999972	223.467563	225.007345	180.001309	134.999915	308.899582	53.571232	45.066099	206.297246	134.642078	137.465061	73.280642	45.166439	315.133295	336.943290	34.600576	336.147788	62.241625	45.000003	224.995722	135.580045	214.295896	134.968088	225.002311	223.921474	220.001146	134.993072	
91.852527	45.000000	223.511452	224.933901	135.277578	134.981891	45.274086	316.243182	313.494192	23.644319	40.062615	325.399424	73.396066	44.999964	225.007345	135.626781	134.999972	223.467563	225.007345	180.001309	134.999915	308.899582	53.571229	45.066099	206.297246	134.704455	137.465061	73.280642	45.166439	315.133295	336.943199	34.600576	336.147788	62.240812	45.000003	224.995726	135.580045	214.295896	134.968088	225.002311	223.923580	220.001146	134.993072	
90.622684	45.000000	223.511452	224.933901	135.277578	134.981891	45.274086	316.243182	313.494192	23.644319	40.062615	325.399424	73.396066	44.999964	225.007345	135.626781	134.999972	223.467563	225.007345	180.001309	134.999915	308.899582	53.571227	45.066099	206.297246	134.745873	137.465061	73.280642	45.166439	315.133295	336.943143	34.600576	336.147788	62.240287	45.000003	224.995728	135.580045	214.295896	134.968088	225.002311	223.924997	220.001146	134.993072	
89.830880	45.000000	223.511452	224.933901	135.277578	134.981891	45.274086	316.243182	313.494192	23.644319	40.062615	325.399424	73.396066	44.999964	225.007345	135.626781	134.999972	223.467563	225.007345	180.001309	134.999915	308.899582	53.571227	45.066099	206.297246	134.773394	137.465061	73.280642	45.166439	315.133295	336.943109	34.600576	336.147788	62.239947	45.000003	224.995730	135.580045	214.295896	134.968088	225.002311	223.925951	220.001146	134.993072	
89.014281	45.000000	223.511452	224.933901	135.277578	134.981891	45.274086	316.243182	313.494192	23.644319	40.062615	325.399424	73.396066	44.999964	225.007345	135.626781	134.999972	223.467563	225.007345	180.001309	134.999915	308.899582	53.571227	45.066099	206.297246	134.791693	137.465061	73.280642	45.166439	315.133295	332.439892	34.600576	336.147788	62.239726	45.000003	224.995730	135.580045	214.295896	134.968088	225.002310	223.926594	220.001146	134.993072	
88.224012	45.000000	223.511452	224.933901	135.277578	134.981891	45.274086	316.243182	313.494192	23.644319	40.062615	325.399424	73.396066	44.999964	225.007345	135.626781	134.999972	223.467563	225.007345	180.001309	134.999915	308.899582	53.571227	45.066099	206.297246	134.803870	137.465061	73.280642	45.166439	315.133295	329.735533	34.600576	336.147788	62.239583	45.000003	224.995731	135.580045	214.295896	134.968088	225.002310	223.927029	220.001146	134.993072	
87.494058	45.000000	223.511452	224.933901	135.277578	134.981891	45.274086	316.243182	313.494192	23.644319	40.062615	325.399424	73.396066	44.999964	225.007345	135.626781	134.999972	223.467563	225.007345	180.001309	134.999915	308.899582	53.571227	45.066099	206.297246	134.811979	137.465061	73.280642	45.166439	315.133295	328.111317	34.600576	336.147788	62.239490	45.000003	224.995731	135.580045	214.295896	134.968088	225.002310	223.927323	220.001146	134.993072	
86.846799	45.000000	223.511452	224.933901	135.277578	134.981891	45.274086	316.243182	313.494192	23.644319	40.062615	325.399424	73.396066	44.999964	225.007345	135.626781	134.999972	223.467563	225.007345	180.001309	134.999915	308.899582	53.571227	45.066099	206.297246	134.817383	137.465061	73.280642	45.166439	315.133295	327.135478	34.600576	336.147788	58.976463	45.000003	224.995732	135.580045	214.295896	134.968088	225.002310	223.927522	220.001146	134.993072	
86.296507	45.000000	223.511452	224.933901	135.277578	134.981891	45.274086	316.243182	313.494192	23.644319	40.062615	325.399424	73.396066	44.999964	225.007345	135.626781	134.999972	223.467563	225.007345	180.001309	134.999915	308.899582	53.571227	45.066099	206.297246	134.820989	137.465061	73.280642	45.166439	315.133295	326.548915	34.600576	336.147788	56.904928	45.000003	224.995732	135.580045	214.295896	134.968088	225.002310	223.927658	220.001146	134.993072	
85.851643	45.000000	223.511452	224.933901	135.277578	134.981891	45.274086	316.243182	313.494192	23.644319	40.062615	325.399424	73.396066	44.999964	225.007345	135.626781	134.999972	223.467563	225.007345	180.001309	134.999915	308.899582	53.571227	45.066099	206.297246	134.823396	137.465061	73.280642	45.166439	315.133295	326.196160	34.600576	336.147788	55.589450	45.000003	224.995732	135.580045	214.295896	134.968088	225.002310	223.927750	220.001146	134.993072	
85.516443	45.000000	223.511452	224.933901	135.277578	134.981891	45.274086	316.243182	313.494192	23.644319	40.062615	325.399424	73.396066	44.999964	225.007345	135.626781	134.999972	223.467563	225.007345	180.001309	134.999915	308.899582	53.571227	45.066099	206.297246	134.825005	137.465061	73.280642	45.166439	315.133295	325.983899	34.600576	336.147788	54.753681	45.000003	224.995732	135.580045	214.295896	134.968088	225.002310	223.927813	220.001146	134.993072	
85.292068	45.000000	223.511452	224.933901	135.277578	134.981891	45.274086	316.243182	313.494192	23.644319	40.062615	325.399424	73.396066	44.999964	225.007345	135.626781	134.999972	223.467563	225.007345	180.001309	134.999915	308.899582	53.571227	45.066099	206.297246	134.826081	137.465061	73.280642	45.166439	315.133295	325.856104	34.600576	336.147788	54.222377	45.000003	224.995732	135.580045	214.295896	134.968088	225.002310	224.115159	220.001146	134.993072	
85.177456	45.000000	223.511452	224.933901	135.277578	134.981891	45.274086	316.243182	313.494192	23.644319	40.062615	325.399424	73.396066	44.999964	225.007345	135.626781	134.999972	223.467563	225.007345	180.001309	134.999915	308.899582	53.571227	45.066099	206.297246	134.826801	137.465061	73.280642	45.166439	315.133295	325.779117	34.600576	336.147788	53.884407	45.000003	224.995732	135.580045	214.295896	134.968088	225.002310	224.239567	220.001146	134.993072	
85.169988	45.000000	223.511452	224.933901	135.277578	134.981891	45.274086	316.243182	313.494192	23.644319	40.062615	325.399424	73.396066	44.999964	225.007345	135.626781	134.999972	223.467563	225.007345	180.001309	134.999915	308.899582	53.571227	45.066099	206.297246	134.827284	137.465061	73.280642	45.166439	315.133295	325.732710	34.600576	336.147788	53.669273	45.000003	224.995732	135.580045	214.295896	134.968088	225.002310	224.322238	220.001146	134.993072	
90.105556	45.000000	223.511452	224.933901	135.277578	134.981891	45.274086	316.243182	313.494192	23.644319	40.062615	325.399424	73.396066	44.999964	225.007345	135.626781	134.999972	223.467563	225.007345	180.001309	134.999915	308.899582	53.571227	45.066099	206.297246	134.827609	137.465061	73.280642	45.166439	315.133295	325.704719	34.600576	336.147788	53.532232	45.000002	224.995732	135.580045	214.295896	134.968088	225.002310	224.377214	220.001146	134.993072	
88.350699	45.000000	223.511452	224.933901	135.277578	134.981891	45.274086	316.243182	313.494192	23.644319	40.062615	325.399424	73.396066	44.999964	225.007345	135.626781	134.999972	223.467563	225.007345	180.001309	134.999915	308.899582	53.571227	45.066099	206.297246	134.827827	137.465061	73.280642	45.166439	315.133295	325.687823	34.600576	336.147788	53.444871	45.000002	224.995732	135.580045	214.295896	134.968088	225.002310	224.413800	220.001146	134.993072	
91.981935	45.000000	223.511452	224.933901	135.277578	134.981891	45.274086	316.243182	313.494192	23.644319	40.062615	325.399424	73.396066	44.999964	225.007345	135.626781	134.999972	223.467563	225.007345	180.001309	134.999915	308.899582	53.571227	45.066099	206.297246	134.827973	137.465061	73.280642	45.166439	315.133295	325.677618	34.600576	336.147788	53.389136	45.000002	224.995732	135.580045	214.295896	134.968088	225.002310	224.438166	220.001146	134.993072	
94.180189	45.000000	223.511452	224.933901	135.277578	134.981891	45.274086	316.243182	313.494192	23.644319	40.062615	325.399424	73.396066	44.999964	225.007345	135.626781	134.999972	223.467563	225.007345	180.001309	134.999915	308.899582	53.571227	45.066099	206.297246	134.828072	137.465061	73.280642	45.166439	315.133295	325.671450	34.600576	336.147788	53.353550	45.000001	224.995732	135.580045	214.295896	134.968088	225.002310	224.454408	220.001146	134.993072	
95.466733	45.000000	223.511452	224.933901	135.277578	134.981891	45.274086	316.243182	313.494192	23.644319	40.062615	325.399424	73.396066	44.999964	225.007345	135.626781	134.999972	223.467563	225.007345	180.001309	134.999915	308.899582	53.571227	45.066099	206.297246	134.828139	137.465061	73.280642	45.166439	315.133295	325.667719	34.600576	336.147788	53.330808	45.000001	224.995732	135.580045	214.295896	134.968088	225.002310	224.465244	220.001146	134.993072	
96.181757	45.000000	223.511452	224.933901	135.277578	134.981891	45.274086	316.243182	313.494192	23.644319	40.062615	325.399424	73.396066	44.999964	225.007345	135.626781	134.999972	223.467563	225.007345	180.001309	134.999915	308.899582	53.571227	45.066099	206.297246	134.828184	137.465061	73.280642	45.166439	315.133295	325.665461	34.600576	336.147788	53.316262	45.000001	224.996601	135.580045	214.295896	134.968088	225.002310	224.472479	220.001146	134.993072	
96.547311	45.000000	223.511452	224.933901	135.277578	134.981891	45.274086	316.243182	313.494192	23.644319	40.062615	325.399424	73.396066	44.999964	225.007345	135.626781	134.999972	223.467563	225.007345	180.001309	134.999915	308.899582	53.571227	45.066099	206.297246	134.828214	137.465061	73.280642	45.166439	315.133295	325.664092	34.600576	336.147788	53.306950	45.000001	224.997122	135.580045	214.295896	134.968088	225.002310	224.477316	220.001146	134.993072	
93.787404	45.000000	223.511452	224.933901	135.277578	134.981891	45.274086	316.243182	313.494192	23.644319	40.062615	325.399424	73.396066	44.999964	225.007345	135.626781	134.999972	223.467563	225.007345	180.001309	134.999915	308.899582	53.571227	45.066099	206.297246	134.828235	137.465061	73.280642	45.166439	315.133295	325.663262	34.600576	336.147788	53.300982	45.000001	224.997434	135.580045	214.295896	134.968088	225.002310	224.480551	220.001146	134.993072	
91.977761	45.000000	223.511452	224.933901	135.277578	134.981891	45.274086	316.243182	313.494192	23.644319	40.062615	325.399424	73.396066	44.999972	225.007345	135.626781	134.999972	223.467563	225.007345	180.001309	134.999915	308.899582	53.571227	45.066099	206.297246	134.828249	137.465061	73.280642	45.166439	315.133295	325.662759	34.600576	336.147788	53.297153	45.000001	224.997622	135.580045	214.295896	134.968088	225.002310	224.482718	220.001146	134.993072	
90.798575	45.000000	223.511452	224.933901	135.277578	134.981891	45.274086	316.243182	313.494192	23.644319	40.062615	325.399424	73.396066	44.999976	225.007345	135.626781	134.999972	223.467563	225.007345	180.001309	134.999915	308.899582	53.571227	45.066099	206.297246	134.828259	137.465061	73.280642	45.166439	315.133295	325.662453	34.600576	336.147788	53.294694	45.000001	224.997735	135.580045	214.295896	134.968088	225.002310	224.484171	220.001146	134.993072	
90.044202	45.000000	223.511452	224.933901	135.277578	134.981891	45.274086	316.243182	313.494192	23.644319	40.062615	325.399424	73.396066	44.999979	225.007345	135.626781	134.999972	223.467563	225.007345	180.001309	134.999915	308.899582	53.571227	45.066099	206.297246	134.828265	137.465061	73.280642	45.166439	315.133295	325.662267	34.600576	336.147788	53.293113	45.000001	224.997802	135.580045	214.295896	134.968088	225.002310	224.485146	220.001146	134.993072	
89.420264	45.000000	223.511452	224.933901	135.277578	134.981891	45.274086	316.243182	313.494192	23.644319	40.062615	325.399424	73.396066	44.999980	225.007345	135.626781	134.999972	223.467563	225.007345	180.001309	134.999915	308.899582	53.571227	45.066099	206.297246	134.858462	137.465061	73.280642	45.166439	315.133295	325.662154	34.600576	336.147788	53.292095	45.000001	224.997843	135.580045	214.295896	134.968088	225.002310	224.485802	220.001146	134.993072	
88.729802	45.000000	223.511452	224.933901	135.277578	134.981891	45.274086	316.243182	313.494192	23.644319	40.062615	325.399424	73.396066	44.999981	225.007345	135.626781	134.999972	223.467563	225.007345	180.001309	134.999915	308.899582	53.571227	45.066099	206.297246	134.878518	137.465061	73.280642	45.166439	315.133295	325.662084	34.600576	336.147788	53.291439	45.000001	224.997867	135.580045	214.295896	134.968088	225.002310	224.486243	220.001146	134.993072	
88.038928	45.000000	223.511452	224.933901	135.277578	134.981891	45.274086	316.243182	313.494192	23.644319	40.062615	325.399424	73.396066	44.999982	225.007345	135.626781	134.999972	223.467563	225.007345	180.001309	134.999915	308.899582	53.571227	45.066099	206.297246	134.891849	137.465061	73.280642	45.166439	315.133295	325.662042	34.600576	336.147788	53.291016	45.000001	224.997882	135.580045	214.295896	134.968088	225.002310	224.486541	220.001146	134.993072	
87.391022	45.000000	223.511452	224.933901	135.277578	134.981891	45.274086	316.243182	313.494192	23.644319	40.062615	325.399424	73.396066	44.999982	225.007345	135.626781	134.999972	223.467563	225.007345	180.001309	134.999915	308.899582	53.571227	45.066099	206.297246	134.900716	137.465061	73.280642	45.166439	315.133295	325.662017	34.600576	336.147788	53.290742	45.000001	224.997891	135.580045	214.295896	134.968088	225.002310	224.486741	220.001146	134.993072	
86.814312	45.000000	223.511452	224.933901	135.277578	134.981891	45.274086	316.243182	313.494192	23.644319	40.062615	325.399424	73.396066	44.999982	225.007345	135.626781	134.999972	223.467563	225.007345	180.001309	134.999915	308.899582	53.571227	45.066099	206.297246	134.906618	137.465061	73.280642	45.166439	315.133295	325.662001	34.600576	336.147788	53.290565	45.000001	225.110396	135.580045	214.295896	134.968088	225.002310	224.486877	220.001146	134.993072	
86.326673	45.000000	223.511452	224.933901	135.277578	134.981891	45.274086	316.243182	313.494192	23.644319	40.062615	325.399424	73.396066	44.999982	225.007345	135.626781	134.999972	223.467563	225.007345	180.001309	134.999915	308.899582	53.571227	45.066099	206.297246	134.910550	137.465061	73.280642	45.166439	315.133295	325.661991	34.600576	336.147788	53.290450	45.000001	225.488270	135.580045	214.295896	134.968088	225.002310	224.486969	220.001146	134.993072	
85.938766	45.000000	223.511452	224.933901	135.277578	134.981891	45.274086	316.243182	313.494192	23.644319	40.062615	325.399424	73.396066	44.999982	225.007345	135.626781	134.999972	223.467563	225.007345	180.001309	134.999915	308.899582	53.571227	45.066099	206.297246	134.913171	137.465061	73.280642	45.166439	315.133295	325.661985	34.600576	336.147788	53.290376	45.000001	226.012606	135.580045	214.295896	134.968088	225.002310	224.487031	220.001146	134.993072	
85.656158	45.000000	223.511452	224.933901	135.277578	134.981891	45.274086	316.243182	313.494192	23.644319	40.062615	325.399424	73.396066	44.999982	225.007345	135.626781	134.999972	223.467563	225.007345	180.001309	134.999915	308.899582	53.571227	45.066099	206.297246	134.914921	137.465061	73.280642	45.166439	315.133295	325.661982	34.600576	336.147788	53.290327	45.000001	226.719299	135.580045	214.295896	134.968088	225.002310	224.487073	220.001146	134.993072	
85.480810	45.000000	223.511452	224.933901	135.277578	134.981891	45.274086	316.243182	313.494192	23.644319	40.062615	325.399424	73.396066	44.999982	225.007345	135.626781	134.999972	223.467563	225.007345	180.001309	134.999915	308.899582	53.571227	45.066099	206.297246	134.916089	137.465061	73.280642	45.166439	315.133295	323.480088	34.600576	336.147788	53.290327	45.000001	227.681642	135.580045	214.295896	134.968088	225.002310	224.487102	220.001146	134.993072	
85.412155	45.000000	223.511452	224.933901	135.277578	134.981891	45.274086	316.243182	313.494192	23.644319	40.062615	325.399424	73.396066	44.999982	225.007345	135.626781	134.999972	223.467563	225.007345	180.001309	134.999915	308.899582	53.571227	45.066099	206.297246	134.916870	137.465061	73.280642	45.166439	315.133295	322.171022	34.600576	336.147788	53.290327	45.000001	228.789590	135.580045	214.295896	134.968088	225.002310	224.487122	220.001146	134.993072	
90.323852	45.000000	223.511452	224.933901	135.277578	134.981891	45.274086	316.243182	313.494192	23.644319	40.062615	325.399424	73.396066	44.999982	225.007345	135.626781	134.999972	223.467563	225.007345	180.001309	134.999915	308.899582	53.571227	45.066099	206.297246	134.917393	137.465061	73.280642	45.166439	315.133295	321.385334	34.600576	336.147788	53.290327	45.000001	229.970544	135.580045	214.295896	134.968088	225.002310	224.577546	220.001146	134.993072	
88.497866	45.000000	223.511452	224.933901	135.277578	134.981891	45.274086	316.243182	313.494192	23.644319	40.062615	325.399424	73.396066	44.999982	225.007345	135.626781	134.999972	223.467563	225.007345	180.001309	134.999915	308.899582	53.571227	45.066099	206.297246	134.917743	137.465061	73.280642	45.166439	315.133295	320.913560	34.600576	336.147788	53.290327	45.000001	231.173648	135.580045	214.295896	134.968088	225.002310	224.637609	220.001146	134.993072	
92.115350	45.000000	223.511452	224.933901	135.277578	134.981891	45.274086	316.243182	313.494192	23.644319	40.062615	325.399424	73.396066	44.999982	225.007345	135.626781	134.999972	223.467563	225.007345	180.001309	134.999915	308.899582	53.571227	45.066099	206.297246	134.917978	137.465061	73.280642	45.166439	315.133295	320.630143	34.600576	336.147788	53.290327	45.000001	232.361120	135.580045	214.295896	134.968088	225.002310	224.677535	220.001146	134.993072	
94.292240	45.000000	223.511452	224.933901	135.277578	134.981891	45.274086	316.243182	313.494192	23.644319	40.062615	325.399424	73.396066	44.999982	225.007345	135.626781	134.999972	223.467563	225.007345	180.001309	134.999915	308.899582	53.571227	45.066099	206.297246	134.918136	137.465061	73.280642	45.166439	315.133295	320.459793	34.600576	336.147788	53.290327	45.000001	233.503527	135.580045	214.295896	134.968088	225.002310	224.704093	220.001146	134.993072	
95.553590	45.000000	223.511452	224.933901	135.277578	134.981891	45.274086	316.243182	313.494192	23.644319	40.062615	325.399424	73.396066	44.999982	225.007345	135.626781	134.999972	223.467563	225.007345	180.001309	134.999915	308.899582	53.571227	45.066099	206.297246	134.918242	137.465061	73.280642	45.166439	315.133295	320.357349	34.600576	336.147788	53.290327	45.000001	234.577260	135.580045	214.295896	134.968088	225.002310	224.721773	220.001146	134.993072	
96.241478	45.000000	223.511452	224.933901	135.277578	134.981891	45.274086	316.243182	313.494192	23.644319	40.062615	325.399424	73.396066	44.999982	225.007345	135.626781	134.999972	223.467563	225.007345	180.001309	134.999915	308.899582	53.571227	45.066099	206.297246	134.918314	137.465061	73.280642	45.166439	315.133295	320.295708	34.600576	336.147788	53.290327	45.000001	235.563227	135.580045	214.295896	134.968088	225.002310	224.733553	220.001146	134.993072	
96.578844	45.000000	223.511452	224.933901	135.277578	134.981891	45.274086	316.243182	313.494192	23.644319	40.062615	325.399424	73.396066	44.999982	225.007345	135.626781	134.999972	223.467563	225.007345	180.001309	134.999915	308.899582	53.571227	45.066099	206.297246	134.918362	137.465061	73.280642	45.166439	315.133295	320.258597	34.600576	336.147788	53.290327	45.000001	236.446176	135.580045	214.295896	134.968088	225.002310	224.741408	220.001146	134.993072	
96.711376	45.000000	223.511452	224.933901	135.277578	134.981891	45.274086	316.243182	313.494192	23.644319	40.062615	325.399424	73.396066	44.999982	225.007345	135.626781	134.999972	223.467563	225.007345	180.001309	134.999915	308.899582	53.571227	45.066099	206.297246	134.918394	137.465061	73.280642	45.166439	315.133295	320.236241	34.600576	336.147788	53.290327	45.000001	237.214315	135.580045	214.295896	134.968088	225.002310	224.746650	220.001146	134.993072	
83.702383	45.000000	223.511452	224.933901	135.277578	134.981891	45.274086	316.243182	313.494192	23.644319	40.062615	325.399424	73.396066	44.999982	225.007345	135.626781	134.999972	223.467563	225.007345	180.001309	134.999915	308.899582	53.571227	45.066099	206.297246	134.918416	137.465061	73.280642	45.166439	315.133295	320.222765	34.600576	336.147788	53.290327	45.000001	234.729123	135.580045	214.295896	134.968088	225.002310	224.750152	220.001146	134.993072	
75.804550	45.000000	223.511452	224.933901	135.277578	134.981891	45.274086	316.243182	313.494192	23.644319	40.062615	325.399424	73.396066	44.999982	225.007345	135.626781	134.999972	223.467563	225.007345	180.001309	134.999915	308.899582	53.571227	45.066099	206.297246	134.918431	137.465061	73.280642	45.166439	315.133295	320.214637	34.600576	336.147788	53.290327	45.000001	233.273918	135.580045	214.295896	134.968088	225.002310	224.752493	220.001146	134.993072	
71.138714	45.000000	223.511452	224.933901	135.277578	134.981891	45.274086	316.243182	313.494192	23.644319	40.062615	325.399424	73.396066	44.999982	225.007345	135.626781	134.999972	223.467563	225.007345	180.001309	134.999915	308.899582	53.571227	45.066099	206.297246	134.918441	137.465061	73.280642	45.166439	315.133295	320.209731	34.600576	336.147788	53.290327	45.000001	232.477557	135.580045	214.295896	134.968088	225.002310	224.754061	220.001146	134.993072	
68.494220	45.000000	223.511452	224.933901	135.277578	134.981891	45.274086	316.243182	313.494192	23.644319	40.062615	325.399424	73.396066	44.999982	225.007345	135.626781	134.999972	223.467563	225.007345	180.001309	134.999915	308.899582	53.571227	45.066099	206.297246	134.918448	137.465061	73.280642	45.166439	315.133295	320.206768	34.600576	336.147788	53.290327	45.000001	232.097167	135.580045	214.295896	134.968088	225.002310	224.755111	220.001146	134.993072	
71.668662	45.000000	223.511452	224.933901	135.277578	134.981891	45.274086	316.243182	313.494192	23.644319	40.062615	325.399424	73.396066	44.999982	225.007345	135.626781	134.999972	223.467563	225.007345	180.001309	134.999915	308.899582	53.571227	45.066099	206.297246	134.918453	137.465061	73.280642	45.166439	315.133295	320.204977	34.600576	336.147788	53.290327	45.000001	231.972873	135.580045	214.295896	134.968088	225.002310	224.755815	220.001146	134.993072	
68.881721	45.000000	223.511452	224.933901	135.277578	134.981891	45.274086	316.243182	313.494192	23.644319	40.062615	325.399424	73.396066	44.999982	225.007345	135.626781	134.999972	223.467563	225.007345	180.001309	134.999915	308.899582	53.571227	45.066099	206.297246	134.932623	137.465061	73.280642	45.166439	315.133295	320.203894	34.600576	336.147788	53.290327	45.000001	231.998552	135.580045	214.295896	134.968088	225.002310	224.756289	220.001146	134.993072	
71.607286	45.000000	223.511452	224.933901	135.277578	134.981891	45.274086	316.243182	313.494192	23.644319	40.062615	325.399424	73.396066	44.999982	225.007345	135.626781	134.999972	223.467563	225.007345	180.001309	134.999915	308.899582	53.571227	45.066099	206.297246	134.942032	137.465061	73.280642	45.166439	315.133295	320.203238	34.600576	336.147788	53.290327	45.000001	232.103034	135.580045	214.295896	134.968088	225.002310	224.756607	220.001146	134.993072	
73.107328	45.000000	223.511452	224.933901	135.277578	134.981891	45.274086	316.243182	313.494192	23.644319	40.062615	325.399424	73.396066	44.999982	225.007345	135.626781	134.999972	223.467563	225.007345	180.001309	134.999915	308.899582	53.571227	45.066099	206.297246	134.948283	137.465061	73.280642	45.166439	315.133295	320.202841	34.600576	336.147788	53.290327	45.000001	225.051723	135.580045	214.295896	134.968088	225.002310	224.756821	220.001146	134.993072	
73.855338	45.000000	223.511452	224.933901	135.277578	134.981891	45.274086	316.243182	313.494192	23.644319	40.062615	325.399424	73.396066	44.999982	225.007345	135.626781	134.999972	223.467563	225.007345	180.001309	134.999915	308.899582	53.571227	45.066099	206.297246	134.952438	137.465061	73.280642	45.166439	315.133295	320.202600	34.600576	336.147788	53.290327	45.000001	220.519184	135.580045	214.295896	134.968088	225.002310	224.756966	220.001146	134.993072	
74.150288	45.000000	223.511452	224.933901	135.277578	134.981891	45.274086	316.243182	313.494192	23.644319	40.062615	325.399424	73.396066	44.999982	225.007345	135.626781	134.999972	223.467563	225.007345	180.001309	134.999915	308.899582	53.571227	45.066099	206.297246	134.955204	137.465061	73.280642	45.166439	315.133295	320.202454	34.600576	336.147788	53.290327	45.000001	217.654888	135.580045	214.295896	134.968088	225.002310	224.757063	220.001146	134.993072	
74.181011	45.000000	223.511452	224.933901	135.277578	134.981891	45.274086	316.243182	313.494192	23.644319	40.062615	325.399424	73.396066	44.999982	225.007345	135.626781	134.999972	223.467563	225.007345	180.001309	134.999915	308.899582	53.571227	45.066099	206.297246	134.957045	137.465061	73.280642	45.166439	315.133295	320.202365	34.600576	336.147788	53.290327	45.000001	215.885802	135.580045	214.295896	134.968088	225.002310	224.757129	220.001146	134.993072	
74.066928	45.000000	223.511452	224.933901	135.277578	134.981891	45.274086	316.243182	313.494192	23.644319	40.062615	325.399424	73.396066	44.999982	225.007345	135.626781	134.999972	223.467563	225.007345	180.001309	134.999915	308.899582	53.571227	45.066099	206.297246	134.958272	137.465061	73.280642	45.166439	315.133295	320.202311	34.600576	336.147788	53.290327	45.000001	214.829770	135.580045	214.295896	134.968088	225.002310	224.757174	220.001146	134.993072	
73.883617	45.000000	223.511452	224.933901	135.277578	134.981891	45.274086	316.243182	313.494192	23.644319	40.062615	325.399424	73.396066	44.999982	225.007345	135.626781	134.999972	223.467563	225.007345	180.001309	134.999915	308.899582	53.571227	45.066099	206.297246	134.959090	137.465061	73.280642	45.166439	315.133295	320.202278	34.600576	336.147788	53.290327	45.000001	214.232537	135.580045	214.295896	134.968088	225.002310	224.757204	220.001146	134.993072	
73.678837	45.000000	223.511452	224.933901	135.277578	134.981891	45.274086	316.243182	313.494192	23.644319	40.062615	325.399424	73.396066	44.999982	225.007345	135.626781	134.999972	223.467563	225.007345	180.001309	134.999915	308.899582	53.571227	45.066099	206.297246	134.959637	137.465061	73.280642	45.166439	315.133295	320.202258	34.600576	336.147788	53.290327	45.000001	213.924696	135.580045	214.295896	134.968088	225.002310	224.757225	220.001146	134.993072	
73.482599	45.000000	223.511452	224.933901	135.277578	134.981891	45.274086	316.243182	313.494192	23.644319	40.062615	325.399424	73.396066	44.999986	225.007345	135.626781	134.999972	223.467563	225.007345	180.001309	134.999915	308.899582	53.571227	45.066099	206.297246	134.960002	137.465061	73.280642	45.166439	315.133295	320.202246	34.600576	336.147788	53.290327	45.000001	213.792997	135.580045	214.295896	134.968088	225.002310	224.757239	220.001146	134.993072	
73.313527	45.000000	223.511452	224.933901	135.277578	134.981891	45.274086	316.243182	313.494192	23.644319	40.062615	325.399424	73.396066	44.999988	225.007345	135.626781	134.999972	223.467563	225.007345	180.001309	134.999915	308.899582	53.571227	45.066099	206.297246	134.960246	137.465061	73.280642	45.166439	315.133295	320.202239	34.600576	336.147788	53.290327	45.000001	213.761386	135.580045	214.295896	134.968088	225.002310	224.757239	220.001146	134.993072	
73.182887	45.000000	223.511452	224.933901	135.277578	134.981891	45.274086	316.243182	313.494192	23.644319	40.062615	325.399424	73.396066	44.999990	225.007345	135.626781	134.999972	223.467563	225.007345	180.001309	134.999915	308.899582	53.571227	45.066099	206.297246	134.960409	137.465061	73.280642	45.166439	315.133295	320.202234	34.600576	336.147788	53.290327	45.000001	213.778521	135.580045	214.295896	134.968088	225.002310	224.757239	220.001146	134.993072	
73.097163	45.000000	223.511452	224.933901	135.277578	134.981891	45.274086	316.243182	313.494192	23.644319	40.062615	325.399424	73.396066	44.999990	225.007345	135.626781	134.999972	223.467563	225.007345	180.001309	134.999915	308.899582	53.571227	45.066099	206.297246	134.960519	137.465061	73.280642	45.166439	315.133295	320.202231	34.600576	336.147788	53.290327	45.000001	213.809550	135.580045	214.295896	134.968088	225.002310	224.757239	220.001146	134.993072	
73.059722	45.000000	223.511452	224.933901	135.277578	134.981891	45.274086	316.243182	313.494192	23.644319	40.062615	325.399424	73.396066	44.999991	225.007345	135.626781	134.999972	223.467563	225.007345	180.001309	134.999915	308.899582	53.571227	45.066099	206.297246	134.960593	137.465061	73.280642	45.166439	315.133295	320.202230	34.600576	336.147788	53.290327	45.000001	213.830689	135.580045	214.295896	134.968088	225.002310	224.757239	220.001146	134.993072	
73.071882	45.000000	223.511452	224.933901	135.277578	134.981891	45.274086	316.243182	313.494192	23.644319	40.062615	325.399424	73.396066	44.999991	225.007345	135.626781	134.999972	223.467563	225.007345	180.001309	134.999915	308.899582	53.571227	45.066099	206.297246	134.960642	137.465061	73.280642	45.166439	315.133295	320.202229	34.600576	336.147788	53.290327	45.000001	213.825634	135.580045	214.295896	134.968088	225.002310	224.757239	220.001146	134.993072	
73.133624	45.000000	223.511452	224.933901	135.277578	134.981891	45.274086	316.243182	313.494192	23.644319	40.062615	325.399424	73.396066	44.999991	225.007345	135.626781	134.999972	223.467563	225.007345	180.001309	134.999915	308.899582	53.571227	45.066099	206.297246	134.960675	137.465061	73.280642	45.166439	315.133295	319.138247	34.600576	336.147788	53.290327	45.000001	213.783195	135.580045	214.295896	134.968088	225.002310	224.757239	220.001146	134.993072	
66.552386	45.000000	223.511452	224.933901	135.277578	134.981891	45.274086	316.243182	313.494192	23.644319	40.062615	325.399424	73.396066	44.999991	225.007345	135.626781	134.999972	223.467563	225.007345	180.001309	134.999915	308.899582	53.571227	45.066099	206.297246	134.960698	137.465061	73.280642	45.166439	315.133295	318.500033	34.600576	336.147788	53.290327	45.000001	213.695735	135.580045	214.295896	134.968088	225.002310	224.757239	220.001146	134.993072	
64.565770	45.000000	223.511452	224.933901	135.277578	134.981891	45.274086	316.243182	313.494192	23.644319	40.062615	325.399424	73.396066	44.999991	225.007345	135.626781	134.999972	223.467563	225.007345	180.001309	134.999915	308.899582	53.571227	45.066099	206.297246	134.960713	137.465061	73.280642	45.166439	315.133295	318.117042	34.600576	336.147788	53.290327	45.000001	213.558128	135.580045	214.295896	134.968088	225.002310	224.757239	220.001146	134.993072	
63.372318	45.000000	223.511452	224.933901	135.277578	134.981891	45.274086	316.243182	313.494192	23.644319	40.062615	325.399424	73.396066	44.999991	225.007345	135.626781	134.999972	223.467563	225.007345	180.001309	134.999915	308.899582	53.571227	45.066099	206.297246	134.960723	137.465061	73.280642	45.166439	315.133295	317.887102	34.600576	336.147788	53.290327	45.000001	213.367079	135.580045	214.295896	134.968088	225.002310	224.757239	220.001146	134.993072	
62.655045	45.000000	223.511452	224.933901	135.277578	134.981891	45.274086	316.243182	313.494192	23.644319	40.062615	325.399424	73.396066	44.999991	225.007345	135.626781	134.999972	223.467563	225.007345	180.001309	134.999915	308.899582	53.571227	45.066099	206.297246	134.960730	137.465061	73.280642	45.166439	315.133295	317.748983	34.600576	336.147788	53.290327	45.000001	213.120670	135.580045	214.295896	134.968088	225.002310	224.757239	220.001146	134.993072	
62.223744	45.000000	223.511452	224.933901	135.277578	134.981891	45.274086	316.243182	313.494192	23.644319	40.062615	325.399424	73.396066	44.999991	225.007345	135.626781	134.999972	223.467563	225.007345	180.001309	134.999915	308.899582	53.571227	45.066099	206.297246	134.960735	137.465061	73.280642	45.166439	315.133295	317.665977	34.600576	336.147788	53.290327	45.000001	218.254914	135.580045	214.295896	134.968088	225.002310	224.757239	220.001146	134.993072	
61.964260	45.000000	223.511452	224.933901	135.277578	134.981891	45.274086	316.243182	313.494192	23.644319	40.062615	325.399424	73.396066	44.999991	225.007345	135.626781	134.999972	223.467563	225.007345	180.001309	134.999915	308.899582	53.571227	45.066099	206.297246	134.960738	137.465061	73.280642	45.166439	315.133295	317.616065	34.600576	336.147788	53.290327	45.000001	221.198031	135.580045	214.295896	134.968088	225.002310	224.757239	220.001146	134.993072	
61.808058	45.000000	223.511452	224.933901	135.277578	134.981891	45.274086	316.243182	313.494192	23.644319	40.062615	325.399424	73.396066	44.999991	225.007345	135.626781	134.999972	223.467563	225.007345	180.001309	134.999915	308.899582	53.571227	45.066099	206.297246	134.960740	137.465061	73.280642	45.166439	315.133295	317.586037	34.600576	336.147788	53.290327	45.000001	222.797266	135.580045	214.295896	134.968088	225.002310	224.757239	220.001146	134.993072	
61.713975	45.000000	223.511452	224.933901	135.277578	134.981891	45.274086	316.243182	313.494192	23.644319	40.062615	325.399424	73.396066	44.999991	225.007345	135.626781	134.999972	223.467563	225.007345	180.001309	134.999915	308.899582	53.571227	45.066099	206.297246	134.960741	137.465061	73.280642	45.166439	315.133295	317.567962	34.600576	336.147788	53.290327	45.000001	223.576088	135.580045	214.295896	134.968088	225.002310	224.757239	220.001146	134.993072	
61.657272	45.000000	223.511452	224.933901	135.277578	134.981891	45.274086	316.243182	313.494192	23.644319	40.062615	325.399424	73.396066	44.999991	225.007345	135.626781	134.999972	223.467563	225.007345	180.001309	134.999915	308.899582	53.571227	45.066099	206.297246	134.967624	137.465061	73.280642	45.166439	315.133295	317.557074	34.600576	336.147788	53.290327	45.000001	223.854446	135.580045	214.295896	134.968088	225.002310	224.757239	220.001146	134.993072	
61.623075	45.000000	223.511452	224.933901	135.277578	134.981891	45.274086	316.243182	313.494192	23.644319	40.062615	325.399424	73.396066	44.999991	225.007345	135.626781	134.999972	223.467563	225.007345	180.001309	134.999915	308.899582	53.571227	45.066099	206.297246	134.972195	137.465061	73.280642	45.166439	315.133295	317.550513	34.600576	336.147788	53.290327	45.000001	223.826341	135.580045	214.295896	134.968088	225.002310	224.757239	220.001146	134.993072	
61.602439	45.000000	223.511452	224.933901	135.277578	134.981891	45.274086	316.243182	313.494192	23.644319	40.062615	325.399424	73.396066	44.999991	225.007345	135.626781	134.999972	223.467563	225.007345	180.001309	134.999915	308.899582	53.571227	45.066099	206.297246	134.975233	137.465061	73.280642	45.166439	315.133295	317.546556	34.600576	336.147788	53.290327	45.000001	223.608730	135.580045	214.295896	134.968088	225.002310	224.757239	220.001146	134.993072	
61.589977	45.000000	223.511452	224.933901	135.277578	134.981891	45.274086	316.243182	313.494192	23.644319	40.062615	325.399424	73.396066	44.999991	225.007345	135.626781	134.999972	223.467563	225.007345	180.001309	134.999915	308.899582	53.571227	45.066099	206.297246	134.977254	137.465061	73.280642	45.166439	315.133295	317.544168	34.600576	336.147788	53.290327	45.000001	223.271888	135.580045	214.295896	134.968088	225.002310	224.757239	220.001146	134.993072	
61.582446	45.000000	223.511452	224.933901	135.277578	134.981891	45.274086	316.243182	313.494192	23.644319	40.062615	325.399424	73.396066	44.999991	225.007345	135.626781	134.999972	223.467563	225.007345	180.001309	134.999915	308.899582	53.571227	45.066099	206.297246	134.978598	137.465061	73.280642	45.166439	315.133295	317.542726	34.600576	336.147788	53.290327	45.000001	222.858008	135.580045	214.295896	134.968088	225.002310	224.757239	220.001146	134.993072	
61.577892	45.000000	223.511452	224.933901	135.277578	134.981891	45.274086	316.243182	313.494192	23.644319	40.062615	325.399424	73.396066	44.999991	225.007345	135.626781	134.999972	223.467563	225.007345	180.001309	134.999915	308.899582	53.571227	45.066099	206.297246	134.979494	137.465061	73.280642	45.166439	315.133295	317.541854	34.600576	336.147788	53.290327	45.000001	222.392483	135.580045	214.295896	134.968088	225.002310	224.757239	220.001146	134.993072	
61.575136	45.000000	223.511452	224.933901	135.277578	134.981891	45.274086	316.243182	313.494192	23.644319	40.062615	325.399424	73.396066	44.999991	225.007345	135.626781	134.999972	223.467563	225.007345	180.001309	134.999915	308.899582	53.571227	45.066099	206.297246	134.980091	137.465061	73.280642	45.166439	315.133295	317.541327	34.600576	336.147788	53.290327	45.000001	221.890689	135.580045	214.295896	134.968088	225.002310	224.757239	220.001146	134.993072	
61.573466	45.000000	223.511452	224.933901	135.277578	134.981891	45.274086	316.243182	313.494192	23.644319	40.062615	325.399424	73.396066	44.999991	225.007345	135.626781	134.999972	223.467563	225.007345	180.001309	134.999915	308.899582	53.571227	45.066099	206.297246	134.980490	137.465061	73.280642	45.166439	315.133295	317.541008	34.600576	336.147788	53.290327	45.000001	221.362026	135.580045	214.295896	134.968088	225.002310	224.757239	220.001146	134.993072	
61.572454	45.000000	223.511452	224.933901	135.277578	134.981891	45.274086	316.243182	313.494192	23.644319	40.062615	325.399424	73.396066	44.999991	225.007345	135.626781	134.999972	223.467563	225.007345	180.001309	134.999915	308.899582	53.571227	45.066099	206.297246	134.980756	137.465061	73.280642	45.166439	315.133295	317.540815	34.600576	336.147788	53.290327	45.000001	220.812316	135.580045	214.295896	134.968088	225.002310	224.757239	220.001146	134.993072	
61.571840	45.000000	223.511452	224.933901	135.277578	134.981891	45.274086	316.243182	313.494192	23.644319	40.062615	325.399424	73.396066	44.999991	225.007345	135.626781	134.999972	223.467563	225.007345	180.001309	134.999915	308.899582	53.571227	45.066099	206.297246	134.980934	137.465061	73.280642	45.166439	315.133295	317.540698	34.600576	336.147788	53.290327	45.000001	220.245223	135.580045	214.295896	134.968088	225.002310	224.757239	220.001146	134.993072	
61.571467	45.000000	223.511452	224.933901	135.277578	134.981891	45.274086	316.243182	313.494192	23.644319	40.062615	325.399424	73.396066	44.999991	225.007345	135.626781	134.999972	223.467563	225.007345	180.001309	134.999915	308.899582	53.571227	45.066099	206.297246	134.981053	137.465061	73.280642	45.166439	315.133295	317.540627	34.600576	336.147788	53.290327	45.000001	219.663085	135.580045	214.295896	134.968088	225.002310	224.757239	220.001146	134.993072	
61.571240	45.000000	223.511452	224.933901	135.277578	134.981891	45.274086	316.243182	313.494192	23.644319	40.062615	325.399424	73.396066	44.999991	225.007345	135.626781	134.999972	223.467563	225.007345	180.001309	134.999915	308.899582	53.571227	45.066099	206.297246	134.981132	137.465061	73.280642	45.166439	315.133295	317.540584	34.600576	336.147788	53.290327	45.000001	223.223162	135.580045	214.295896	134.968088	225.002310	224.757239	220.001146	134.993072	
61.571102	45.000000	223.511452	224.933901	135.277578	134.981891	45.274086	316.243182	313.494192	23.644319	40.062615	325.399424	73.396066	44.999991	225.007345	135.626781	134.999972	223.467563	225.007345	180.001309	134.999915	308.899582	53.571227	45.066099	206.297246	134.981186	137.465061	73.280642	45.166439	315.133295	317.540557	34.600576	336.147788	53.290327	45.000001	221.131638	135.580045	214.295896	134.968088	225.002310	224.757239	220.001146	134.993072	
61.571018	45.000000	223.511452	224.933901	135.277578	134.981891	45.274086	316.243182	313.494192	23.644319	40.062615	325.399424	73.396066	44.999991	225.007345	135.626781	134.999972	223.467563	225.007345	180.001309	134.999915	308.899582	53.571227	45.066099	206.297246	134.981222	137.465061	73.280642	45.166439	315.133295	317.540541	34.600576	336.147788	53.290327	45.000001	219.725724	135.580045	214.295896	134.968088	225.002310	224.757239	220.001146	134.993072	
61.570966	45.000000	223.511452	224.933901	135.277578	134.981891	45.274086	316.243182	313.494192	23.644319	40.062615	325.399424	73.396066	44.999991	225.007345	135.626781	134.999972	223.467563	225.007345	180.001309	134.999915	308.899582	53.571227	45.066099	206.297246	134.981246	137.465061	73.280642	45.166439	315.133295	317.540532	34.600576	336.147788	53.290327	45.000001	218.736492	135.580045	214.295896	134.968088	225.002310	224.757239	220.001146	134.993072	
61.570935	45.000000	223.511452	224.933901	135.277578	134.981891	45.274086	316.243182	313.494192	23.644319	40.062615	325.399424	73.396066	44.999991	225.007345	135.626781	134.999972	223.467563	225.007345	180.001309	134.999915	308.899582	53.571227	45.066099	206.297246	134.981262	137.465061	73.280642	45.166439	315.133295	317.540526	34.600576	336.147788	53.290327	45.000001	217.993943	135.580045	214.295896	134.968088	225.002310	224.757239	220.001146	134.993072	
61.570916	45.000000	223.511452	224.933901	135.277578	134.981891	45.274086	316.243182	313.494192	23.644319	40.062615	325.399424	73.396066	44.999991	225.007345	135.626781	134.999972	223.467563	225.007345	180.001309	134.999915	308.899582	53.571227	45.066099	206.297246	134.981273	137.465061	73.280642	45.166439	315.133295	317.540522	34.600576	336.147788	53.290327	45.000001	217.391064	135.580045	214.295896	134.968088	225.002310	224.757239	220.001146	134.993072	
61.570904	45.000000	223.511452	224.933901	135.277578	134.981891	45.274086	316.243182	313.494192	23.644319	40.062615	325.399424	73.396066	44.999991	225.007345	135.626781	134.999972	223.467563	225.007345	180.001309	134.999915	308.899582	53.571227	45.066099	206.297246	134.981280	137.465061	73.280642	45.166439	315.133295	317.540520	34.600576	336.147788	53.290327	45.000001	216.860895	135.580045	214.295896	134.968088	225.002310	224.757239	220.001146	134.993072	
61.570897	45.000000	223.511452	224.933901	135.277578	134.981891	45.274086	316.243182	313.494192	23.644319	40.062615	325.399424	73.396066	44.999991	225.007345	135.626781	134.999972	223.467563	225.007345	180.001309	134.999915	308.899582	53.571227	45.066099	206.297246	134.981285	137.465061	73.280642	45.166439	315.133295	317.540519	34.600576	336.147788	53.290327	45.000001	216.361905	135.580045	214.295896	134.968088	225.002310	224.757239	220.001146	134.993072	
61.570893	45.000000	223.511452	224.933901	135.277578	134.981891	45.274086	316.243182	313.494192	23.644319	40.062615	325.399424	73.396066	44.999991	225.007345	135.626781	134.999972	223.467563	225.007345	180.001309	134.999915	308.899582	53.571227	45.066099	206.297246	134.981289	137.465061	73.280642	45.166439	315.133295	317.540518	34.600576	336.147788	53.290327	45.000001	215.868670	135.580045	214.295896	134.968088	225.002310	224.757239	220.001146	134.993072	
61.570893	45.000000	223.511452	224.933901	135.277578	134.981891	45.274086	316.243182	313.494192	23.644319	40.062615	325.399424	73.396066	44.999991	225.007345	135.626781	134.999972	223.467563	225.007345	180.001309	134.999915	308.899582	53.571227	45.066099	206.297246	134.981291	137.465061	73.280642	45.166439	315.133295	317.540517	34.600576	336.147788	53.290327	45.000001	215.365938	135.580045	214.295896	134.968088	225.002310	224.757239	220.001146	134.993072	
61.570893	45.000000	223.511452	224.933901	135.277578	134.981891	45.274086	316.243182	313.494192	23.644319	40.062615	325.399424	73.396066	44.999993	225.007345	135.626781	134.999972	223.467563	225.007345	180.001309	134.999915	308.899582	53.571227	45.066099	206.297246	134.981293	137.465061	73.280642	45.166439	315.133295	317.022936	34.600576	336.147788	53.290327	45.000001	214.844855	135.580045	214.295896	134.968088	225.002310	224.757239	220.001146	134.993072	
61.570893	45.000000	223.511452	224.933901	135.277578	134.981891	45.274086	316.243182	313.494192	23.644319	40.062615	325.399424	73.396066	44.999994	225.007345	135.626781	134.999972	223.467563	225.007345	180.001309	134.999915	308.899582	53.571227	45.066099	206.297246	134.981294	137.465061	73.280642	45.166439	315.133295	316.712522	34.600576	336.147788	53.290327	45.000001	214.300571	135.580045	214.295896	134.968088	225.002310	224.757239	220.001146	134.993072	
61.570893	45.000000	223.511452	224.933901	135.277578	134.981891	45.274086	316.243182	313.494192	23.644319	40.062615	325.399424	73.396066	44.999995	225.007345	135.626781	134.999972	223.467563	225.007345	180.001309	134.999915	308.899582	53.571227	45.066099	206.297246	134.981294	137.465061	73.280642	45.166439	315.133295	316.526269	34.600576	336.147788	53.290327	45.000001	210.038812	135.580045	214.295896	134.968088	225.002310	224.757239	220.001146	134.993072	
61.570893	45.000000	223.511452	224.933901	135.277578	134.981891	45.274086	316.243182	313.494192	23.644319	40.062615	325.399424	73.396066	44.999995	225.007345	135.626781	134.999972	223.467563	225.007345	180.001309	134.999915	308.899582	53.571227	45.066099	206.297246	134.984604	137.465061	73.280642	45.166439	315.133295	316.414463	34.600576	336.147788	53.290327	45.000001	211.006665	135.580045	214.295896	134.968088	225.002310	224.757239	220.001146	134.993072	
61.570893	45.000000	223.511452	224.933901	135.277578	134.981891	45.274086	316.243182	313.494192	23.644319	40.062615	325.399424	73.396066	44.999995	225.007345	135.626781	134.999972	223.467563	225.007345	180.001309	134.999915	308.899582	53.571227	45.066099	206.297246	134.986802	137.465061	73.280642	45.166439	315.133295	316.347313	34.600576	336.147788	53.290327	45.000001	207.908187	135.580045	214.295896	134.968088	225.002310	224.757239	220.001146	134.993072	
61.570893	45.000000	223.511452	224.933901	135.277578	134.981891	45.274086	316.243182	313.494192	23.644319	40.062615	325.399424	73.396066	44.999995	225.007345	135.626781	134.999972	223.467563	225.007345	180.001309	134.999915	308.899582	53.571227	45.066099	206.297246	134.988263	137.465061	73.280642	45.166439	315.133295	316.306964	34.600576	336.147788	53.290327	45.000001	207.908187	135.580045	214.295896	134.968088	225.002310	224.757239	220.001146	134.993072	
61.570893	45.000000	223.511452	224.933901	135.277578	134.981891	45.274086	316.243182	313.494192	23.644319	40.062615	325.399424	73.396066	44.999996	225.007345	135.626781	134.999972	223.467563	225.007345	180.001309	134.999915	308.899582	53.571227	45.066099	206.297246	134.989235	137.465061	73.280642	45.166439	315.133295	316.282706	34.600576	336.147788	53.290327	45.000001	207.908187	135.580045	214.295896	134.968088	225.002310	224.757239	220.001146	134.993072	
61.570893	45.000000	223.511452	224.933901	135.277578	134.981891	45.274086	316.243182	313.494192	23.644319	40.062615	325.399424	73.396066	44.999996	225.007345	135.626781	134.999972	223.467563	225.007345	180.001309	134.999915	308.899582	53.571227	45.066099	206.297246	134.989883	137.465061	73.280642	45.166439	315.133295	316.268114	34.600576	336.147788	53.290327	45.000001	207.908187	135.580045	214.295896	134.968088	225.002310	224.757239	220.001146	134.993072	
61.570893	45.000000	223.511452	224.933901	135.277578	134.981891	45.274086	316.243182	313.494192	23.644319	40.062615	325.399424	73.396066	44.999996	225.007345	135.626781	134.999972	223.467563	225.007345	180.001309	134.999915	308.899582	53.571227	45.066099	206.297246	134.990314	137.465061	73.280642	45.166439	315.133295	316.259332	34.600576	336.147788	53.290327	45.000001	207.908187	135.580045	214.295896	134.968088	225.002310	224.757239	220.001146	134.993072	
61.570893	45.000000	223.511452	224.933901	135.277578	134.981891	45.274086	316.243182	313.494192	23.644319	40.062615	325.399424	73.396066	44.999996	225.007345	135.626781	134.999972	223.467563	225.007345	180.001309	134.999915	308.899582	53.571227	45.066099	206.297246	134.990602	137.465061	73.280642	45.166439	315.133295	316.254043	34.600576	336.147788	53.290327	45.000001	207.908187	135.580045	214.295896	134.968088	225.002310	224.757239	220.001146	134.993072	
61.570893	45.000000	223.511452	224.933901	135.277578	134.981891	45.274086	316.243182	313.494192	23.644319	40.062615	325.399424	73.396066	44.999996	225.007345	135.626781	134.999972	223.467563	225.007345	180.001309	134.999915	308.899582	53.571227	45.066099	206.297246	134.990794	137.465061	73.280642	45.166439	315.133295	316.250856	34.600576	336.147788	53.290327	45.000001	207.908187	135.580045	214.295896	134.968088	225.002310	224.757239	220.001146	134.993072	
61.570893	45.000000	223.511452	224.933901	135.277578	134.981891	45.274086	316.243182	313.494192	23.644319	40.062615	325.399424	73.396066	44.999996	225.007345	135.626781	134.999972	223.467563	225.007345	180.001309	134.999915	308.899582	53.571227	45.066099	206.297246	134.990922	137.465061	73.280642	45.166439	315.133295	316.248934	34.600576	336.147788	53.290327	45.000001	207.908187	135.580045	214.295896	134.968088	225.002310	224.757239	220.001146	134.993072	
61.570893	45.000000	223.511452	224.933901	135.277578	134.981891	45.274086	316.243182	313.494192	23.644319	40.062615	325.399424	73.396066	44.999996	225.007345	135.626781	134.999972	223.467563	225.007345	180.001309	134.999915	308.899582	53.571227	45.066099	206.297246	134.991008	137.465061	73.280642	45.166439	315.133295	316.247775	34.600576	336.147788	53.290327	45.000001	207.908187	135.580045	214.295896	134.968088	225.002310	224.757239	220.001146	134.993072	
61.570893	45.000000	223.511452	224.933901	135.277578	134.981891	45.274086	316.243182	313.494192	23.644319	40.062615	325.399424	73.396066	44.999996	225.007345	135.626781	134.999972	223.467563	225.007345	180.001309	134.999915	308.899582	53.571227	45.066099	206.297246	134.991065	137.465061	73.280642	45.166439	315.133295	316.247075	34.600576	336.147788	53.290327	45.000001	207.908187	135.580045	214.295896	134.968088	225.002310	224.757239	220.001146	134.993072	
61.570893	45.000000	223.511452	224.933901	135.277578	134.981891	45.274086	316.243182	313.494192	23.644319	40.062615	325.399424	73.396066	44.999996	225.007345	135.626781	134.999972	223.467563	225.007345	180.001309	134.999915	308.899582	53.571227	45.066099	206.297246	134.991104	137.465061	73.280642	45.166439	315.133295	316.246652	34.600576	336.147788	53.290327	45.000001	207.908187	135.580045	214.295896	134.968088	225.002310	224.757239	220.001146	134.993072	
61.570893	45.000000	223.511452	224.933901	135.277578	134.981891	45.274086	316.243182	313.494192	23.644319	40.062615	325.399424	73.396066	44.999996	225.007345	135.626781	134.999972	223.467563	225.007345	180.001309	134.999915	308.899582	53.571227	45.066099	206.297246	134.991130	137.465061	73.280642	45.166439	315.133295	316.246396	34.600576	336.147788	53.290327	45.000001	207.908187	135.580045	214.295896	134.968088	225.002310	224.757239	220.001146	134.993072	
61.570893	45.000000	223.511452	224.933901	135.277578	134.981891	45.274086	316.243182	313.494192	23.644319	40.062615	325.399424	73.396066	44.999996	225.007345	135.626781	134.999972	223.467563	225.007345	180.001309	134.999915	308.899582	53.571227	45.066099	206.297246	134.991147	137.465061	73.280642	45.166439	315.133295	316.246242	34.600576	336.147788	53.290327	45.000001	207.908187	135.580045	214.295896	134.968088	225.002310	224.757239	220.001146	134.993072	
61.570893	45.000000	223.511452	224.933901	135.277578	134.981891	45.274086	316.243182	313.494192	23.644319	40.062615	325.399424	73.396066	44.999996	225.007345	135.626781	134.999972	223.467563	225.007345	180.001309	134.999915	308.899582	53.571227	45.066099	206.297246	134.991159	137.465061	73.280642	45.166439	315.133295	316.246148	34.600576	336.147788	53.290327	45.000001	207.908187	135.580045	214.295896	134.968088	225.002310	224.757239	220.001146	134.993072	
61.570893	45.000000	223.511452	224.933901	135.277578	134.981891	45.274086	316.243182	313.494192	23.644319	40.062615	325.399424	73.396066	44.999996	225.007345	135.626781	134.999972	223.467563	225.007345	180.001309	134.999915	308.899582	53.571227	45.066099	206.297246	134.991167	137.465061	73.280642	45.166439	315.133295	316.246091	34.600576	336.147788	53.290327	45.000001	207.908187	135.580045	214.295896	134.968088	225.002310	224.757239	220.001146	134.993072	
61.570893	45.000000	223.511452	224.933901	135.277578	134.981891	45.274086	316.243182	313.494192	23.644319	40.062615	325.399424	73.396066	44.999996	225.007345	135.626781	134.999972	223.467563	225.007345	180.001309	134.999915	308.899582	53.571227	45.066099	206.297246	134.991172	137.465061	73.280642	45.166439	315.133295	316.246057	34.600576	336.147788	53.290327	45.000001	207.908187	135.580045	214.295896	134.968088	225.002310	224.757239	220.001146	134.993072	
61.570893	45.000000	223.511452	224.933901	135.277578	134.981891	45.274086	316.243182	313.494192	23.644319	40.062615	325.399424	73.396066	44.999996	225.007345	135.626781	134.999972	223.467563	225.007345	180.001309	134.999915	308.899582	53.571227	45.066099	206.297246	134.991175	137.465061	73.280642	45.166439	315.133295	316.246036	34.600576	336.147788	53.290327	45.000001	207.908187	135.580045	214.295896	134.968088	225.002310	224.757239	220.001146	134.993072	
61.570893	45.000000	223.511452	224.933901	135.277578	134.981891	45.274086	316.243182	313.494192	23.644319	40.062615	325.399424	73.396066	44.999996	225.007345	135.626781	134.999972	223.467563	225.007345	180.001309	134.999915	308.899582	53.571227	45.066099	206.297246	134.991178	137.465061	73.280642	45.166439	315.133295	316.246023	34.600576	336.147788	53.290327	45.000001	207.908187	135.580045	214.295896	134.968088	225.002310	224.757239	220.001146	134.993072	
61.570893	45.000000	223.511452	224.933901	135.277578	134.981891	45.274086	316.243182	313.494192	23.644319	40.062615	325.399424	73.396066	44.999996	225.007345	135.626781	134.999972	223.467563	225.007345	180.001309	134.999915	308.899582	53.571227	45.066099	206.297246	134.991179	137.465061	73.280642	45.166439	315.133295	316.246015	34.600576	336.147788	53.290327	45.000001	207.908187	135.580045	214.295896	134.968088	225.002310	224.757239	220.001146	134.993072	
61.570893	45.000000	223.511452	224.933901	135.277578	134.981891	45.274086	316.243182	313.494192	23.644319	40.062615	325.399424	73.396066	44.999996	225.007345	135.626781	134.999972	223.467563	225.007345	180.001309	134.999915	308.899582	53.571227	45.066099	206.297246	134.991181	137.465061	73.280642	45.166439	315.133295	316.246011	34.600576	336.147788	53.290327	45.000001	207.908187	135.580045	214.295896	134.968088	225.002310	224.757239	220.001146	134.993072	
61.570893	45.000000	223.511452	224.933901	135.277578	134.981891	45.274086	316.243182	313.494192	23.644319	40.062615	325.399424	73.396066	44.999996	225.007345	135.626781	134.999972	223.467563	225.007345	180.001309	134.999915	308.899582	53.571227	45.066099	206.297246	134.991181	137.465061	73.280642	45.166439	315.133295	316.246008	34.600576	336.147788	53.290327	45.000001	207.908187	135.580045	214.295896	134.968088	225.002310	224.757239	220.001146	134.993072	
61.570893	45.000000	223.511452	224.933901	135.277578	134.981891	45.274086	316.243182	313.494192	23.644319	40.062615	325.399424	73.396066	44.999996	225.007345	135.626781	134.999972	223.467563	225.007345	180.001309	134.999915	308.899582	53.571227	45.066099	206.297246	134.991182	137.465061	73.280642	45.166439	315.133295	316.246006	34.600576	336.147788	53.290327	45.000001	207.908187	135.580045	214.295896	134.968088	225.002310	224.757239	220.001146	134.993072	
61.570893	45.000000	223.511452	224.933901	135.277578	134.981891	45.274086	316.243182	313.494192	23.644319	40.062615	325.399424	73.396066	44.999996	225.007345	135.626781	134.999972	223.467563	225.007345	180.001309	134.999915	308.899582	53.571227	45.066099	206.297246	134.991182	137.465061	73.280642	45.166439	315.133295	316.246005	34.600576	336.147788	53.290327	45.000001	207.908187	135.580045	214.295896	134.968088	225.002310	224.757239	220.001146	134.993072	
61.570893	45.000000	223.511452	224.933901	135.277578	134.981891	45.274086	316.243182	313.494192	23.644319	40.062615	325.399424	73.396066	44.999996	225.007345	135.626781	134.999972	223.467563	225.007345	180.001309	134.999915	308.899582	53.571227	45.066099	206.297246	134.991182	137.465061	73.280642	45.166439	315.133295	316.246004	34.600576	336.147788	53.290327	45.000001	207.908187	135.580045	214.295896	134.968088	225.002310	224.757239	220.001146	134.993072	
61.570893	45.000000	223.511452	224.933901	135.277578	134.981891	45.274086	316.243182	313.494192	23.644319	40.062615	325.399424	73.396066	44.999996	225.007345	135.626781	134.999972	223.467563	225.007345	180.001309	134.999915	308.899582	53.571227	45.066099	206.297246	134.991182	137.465061	73.280642	45.166439	315.133295	316.246004	34.600576	336.147788	53.290327	45.000001	207.908187	135.580045	214.295896	134.968088	225.002310	224.757239	220.001146	134.993072	
61.570893	45.000000	223.511452	224.933901	135.277578	134.981891	45.274086	316.243182	313.494192	23.644319	40.062615	325.399424	73.396066	44.999996	225.007345	135.626781	134.999972	223.467563	225.007345	180.001309	134.999915	308.899582	53.571227	45.066099	206.297246	134.991182	137.465061	73.280642	45.166439	315.133295	316.246004	34.600576	336.147788	53.290327	45.000001	207.908187	135.580045	214.295896	134.968088	225.002310	224.757239	220.001146	134.993072	
61.570893	45.000000	223.511452	224.933901	135.277578	134.981891	45.274086	316.243182	313.494192	23.644319	40.062615	325.399424	73.396066	44.999996	225.007345	135.626781	134.999972	223.467563	225.007345	180.001309	134.999915	308.899582	53.571227	45.066099	206.297246	134.991182	137.465061	73.280642	45.166439	315.133295	315.993334	34.600576	336.147788	53.290327	45.000001	207.908187	135.580045	214.295896	134.968088	225.002310	224.757239	220.001146	134.993072	
61.570893	45.000000	223.511452	224.933901	135.277578	134.981891	45.274086	316.243182	313.494192	23.644319	40.062615	325.399424	73.396066	44.999996	225.007345	135.626781	134.999972	223.467563	225.007345	180.001309	134.999915	308.899582	53.571227	45.066099	206.297246	134.991182	137.465061	73.280642	45.166439	315.133295	315.841818	34.600576	336.147788	53.290327	45.000001	207.908187	135.580045	214.295896	134.968088	225.002310	224.757239	220.001146	134.993072	
61.570893	45.000000	223.511452	224.933901	135.277578	134.981891	45.274086	316.243182	313.494192	23.644319	40.062615	325.399424	73.396066	44.999996	225.007345	135.626781	134.999972	223.467563	225.007345	180.001309	134.999915	308.899582	53.571227	45.066099	206.297246	134.991182	137.465061	73.280642	45.166439	315.133295	315.750920	34.600576	336.147788	53.290327	45.000001	207.908187	135.580045	214.295896	134.968088	225.002310	224.757239	220.001146	134.993072	
61.570893	45.000000	223.511452	224.933901	135.277578	134.981891	45.274086	316.243182	313.494192	23.644319	40.062615	325.399424	73.396066	44.999996	225.007345	135.626781	134.999972	223.467563	225.007345	180.001309	134.999915	308.899582	53.571227	45.066099	206.297246	134.991182	137.465061	73.280642	45.166439	315.133295	315.696362	34.600576	336.147788	53.290327	45.000001	207.908187	135.580045	214.295896	134.968088	225.002310	224.757239	220.001146	134.993072	
61.570893	45.000000	223.511452	224.933901	135.277578	134.981891	45.274086	316.243182	313.494192	23.644319	40.062615	325.399424	73.396066	44.999996	225.007345	135.626781	134.999972	223.467563	225.007345	180.001309	134.999915	308.899582	53.571227	45.066099	206.297246	134.991182	137.465061	73.280642	45.166439	315.133295	315.663601	34.600576	336.147788	53.290327	45.000001	207.908187	135.580045	214.295896	134.968088	225.002310	224.757239	220.001146	134.993072	
61.570893	45.000000	223.511452	224.933901	135.277578	134.981891	45.274086	316.243182	313.494192	23.644319	40.062615	325.399424	73.396066	44.999997	225.007345	135.626781	134.999972	223.467563	225.007345	180.001309	134.999915	308.899582	53.571227	45.066099	206.297246	134.991182	137.465061	73.280642	45.166439	315.133295	315.643917	34.600576	336.147788	53.290327	45.000001	207.908187	135.580045	214.295896	134.968088	225.002310	224.757239	220.001146	134.993072	
61.570893	45.000000	223.511452	224.933901	135.277578	134.981891	45.274086	316.243182	313.494192	23.644319	40.062615	325.399424	73.396066	44.999997	225.007345	135.626781	134.999972	223.467563	225.007345	180.001309	134.999915	308.899582	53.571227	45.066099	206.297246	134.991182	137.465061	73.280642	45.166439	315.133295	315.632086	34.600576	336.147788	53.290327	45.000001	207.908187	135.580045	214.295896	134.968088	225.002310	224.757239	220.001146	134.993072	
61.570893	45.000000	223.511452	224.933901	135.277578	134.981891	45.274086	316.243182	313.494192	23.644319	40.062615	325.399424	73.396066	44.999997	225.007345	135.626781	134.999972	223.467563	225.007345	180.001309	134.999915	308.899582	53.571227	45.066099	206.297246	134.991182	137.465061	73.280642	45.166439	315.133295	315.624970	34.600576	336.147788	53.290327	45.000001	207.908187	135.580045	214.295896	134.968088	225.002310	224.757239	220.001146	134.993072	
61.570893	45.000000	223.511452	224.933901	135.277578	134.981891	45.274086	316.243182	313.494192	23.644319	40.062615	325.399424	73.396066	44.999998	225.007345	135.626781	134.999972	223.467563	225.007345	180.001309	134.999915	308.899582	53.571227	45.066099	206.297246	134.991182	137.465061	73.280642	45.166439	315.133295	315.620688	34.600576	336.147788	53.290327	45.000001	207.908187	135.580045	214.295896	134.968088	225.002310	224.757239	220.001146	134.993072	
61.570893	45.000000	223.511452	224.933901	135.277578	134.981891	45.274086	316.243182	313.494192	23.644319	40.062615	325.399424	73.396066	44.999998	225.007345	135.626781	134.999972	223.467563	225.007345	180.001309	134.999915	308.899582	53.571227	45.066099	206.297246	134.991182	137.465061	73.280642	45.166439	315.133295	315.618109	34.600576	336.147788	53.290327	45.000001	207.908187	135.580045	214.295896	134.968088	225.002310	224.757239	220.001146	134.993072	
61.570893	45.000000	223.511452	224.933901	135.277578	134.981891	45.274086	316.243182	313.494192	23.644319	40.062615	325.399424	73.396066	44.999998	225.007345	135.626781	134.999972	223.467563	225.007345	180.001309	134.999915	308.899582	53.571227	45.066099	206.297246	134.991182	137.465061	73.280642	45.166439	315.133295	315.616556	34.600576	336.147788	53.290327	45.000001	207.908187	135.580045	214.295896	134.968088	225.002310	224.757239	220.001146	134.993072	
61.570893	45.000000	223.511452	224.933901	135.277578	134.981891	45.274086	316.243182	313.494192	23.644319	40.062615	325.399424	73.396066	44.999998	225.007345	135.626781	134.999972	223.467563	225.007345	180.001309	134.999915	308.899582	53.571227	45.066099	206.297246	134.991182	137.465061	73.280642	45.166439	315.133295	315.615620	34.600576	336.147788	53.290327	45.000001	207.908187	135.580045	214.295896	134.968088	225.002310	224.757239	220.001146	134.993072	
61.570893	45.000000	223.511452	224.933901	135.277578	134.981891	45.274086	316.243182	313.494192	23.644319	40.062615	325.399424	73.396066	44.999998	225.007345	135.626781	134.999972	223.467563	225.007345	180.001309	134.999915	308.899582	53.571227	45.066099	206.297246	134.991182	137.465061	73.280642	45.166439	315.133295	315.615055	34.600576	336.147788	53.290327	45.000001	207.908187	135.580045	214.295896	134.968088	225.002310	224.757239	220.001146	134.993072	
61.570893	45.000000	223.511452	224.933901	135.277578	134.981891	45.274086	316.243182	313.494192	23.644319	40.062615	325.399424	73.396066	44.999998	225.007345	135.626781	134.999972	223.467563	225.007345	180.001309	134.999915	308.899582	53.571227	45.066099	206.297246	134.991182	137.465061	73.280642	45.166439	315.133295	315.614714	34.600576	336.147788	53.290327	45.000001	207.908187	135.580045	214.295896	134.968088	225.002310	224.757239	220.001146	134.993072	
61.570893	45.000000	223.511452	224.933901	135.277578	134.981891	45.274086	316.243182	313.494192	23.644319	40.062615	325.399424	73.396066	44.999998	225.007345	135.626781	134.999972	223.467563	225.007345	180.001309	134.999915	308.899582	53.571227	45.066099	206.297246	134.991182	137.465061	73.280642	45.166439	315.133295	315.614508	34.600576	336.147788	53.290327	45.000001	207.908187	135.580045	214.295896	134.968088	225.002310	224.757239	220.001146	134.993072	
61.570893	45.000000	223.511452	224.933901	135.277578	134.981891	45.274086	316.243182	313.494192	23.644319	40.062615	325.399424	73.396066	44.999998	225.007345	135.626781	134.999972	223.467563	225.007345	180.001309	134.999915	308.899582	53.571227	45.066099	206.297246	134.991182	137.465061	73.280642	45.166439	315.133295	315.614383	34.600576	336.147788	53.290327	45.000001	207.908187	135.580045	214.295896	134.968088	225.002310	224.757239	220.001146	134.993072	
61.570893	45.000000	223.511452	224.933901	135.277578	134.981891	45.274086	316.243182	313.494192	23.644319	40.062615	325.399424	73.396066	44.999998	225.007345	135.626781	134.999972	223.467563	225.007345	180.001309	134.999915	308.899582	53.571227	45.066099	206.297246	134.991182	137.465061	73.280642	45.166439	315.133295	315.614308	34.600576	336.147788	53.290327	45.000001	207.908187	135.580045	214.295896	134.968088	225.002310	224.757239	220.001146	134.993072	
61.570893	45.000000	223.511452	224.933901	135.277578	134.981891	45.274086	316.243182	313.494192	23.644319	40.062615	325.399424	73.396066	44.999998	225.007345	135.626781	134.999972	223.467563	225.007345	180.001309	134.999915	308.899582	53.571227	45.066099	206.297246	134.991182	137.465061	73.280642	45.166439	315.133295	315.614263	34.600576	336.147788	53.290327	45.000001	207.908187	135.580045	214.295896	134.968088	225.002310	224.757239	220.001146	134.993072	
61.570893	45.000000	223.511452	224.933901	135.277578	134.981891	45.274086	316.243182	313.494192	23.644319	40.062615	325.399424	73.396066	44.999998	225.007345	135.626781	134.999972	223.467563	225.007345	180.001309	134.999915	308.899582	53.571227	45.066099	206.297246	134.991182	137.465061	73.280642	45.166439	315.133295	315.614235	34.600576	336.147788	53.290327	45.000001	207.908187	135.580045	214.295896	134.968088	225.002310	224.757239	220.001146	134.993072	
61.570893	45.000000	223.511452	224.933901	135.277578	134.981891	45.274086	316.243182	313.494192	23.644319	40.062615	325.399424	73.396066	44.999998	225.007345	135.626781	134.999972	223.467563	225.007345	180.001309	134.999915	308.899582	53.571227	45.066099	206.297246	134.991182	137.465061	73.280642	45.166439	315.133295	315.614218	34.600576	336.147788	53.290327	45.000001	207.908187	135.580045	214.295896	134.968088	225.002310	224.757239	220.001146	134.993072	
61.570893	45.000000	223.511452	224.933901	135.277578	134.981891	45.274086	316.243182	313.494192	23.644319	40.062615	325.399424	73.396066	44.999998	225.007345	135.626781	134.999972	223.467563	225.007345	180.001309	134.999915	308.899582	53.571227	45.066099	206.297246	134.991182	137.465061	73.280642	45.166439	315.133295	315.614208	34.600576	336.147788	53.290327	45.000001	207.908187	135.580045	214.295896	134.968088	225.002310	224.757239	220.001146	134.993072	
61.570893	45.000000	223.511452	224.933901	135.277578	134.981891	45.274086	316.243182	313.494192	23.644319	40.062615	325.399424	73.396066	44.999998	225.007345	135.626781	134.999972	223.467563	225.007345	180.001309	134.999915	308.899582	53.571227	45.066099	206.297246	134.991182	137.465061	73.280642	45.166439	315.133295	315.614202	34.600576	336.147788	53.290327	45.000001	207.908187	135.580045	214.295896	134.968088	225.002310	224.757239	220.001146	134.993072	
61.570893	45.000000	223.511452	224.933901	135.277578	134.981891	45.274086	316.243182	313.494192	23.644319	40.062615	325.399424	73.396066	44.999998	225.007345	135.626781	134.999972	223.467563	225.007345	180.001309	134.999915	308.899582	53.571227	45.066099	206.297246	134.991182	137.465061	73.280642	45.166439	315.133295	315.614198	34.600576	336.147788	53.290327	45.000001	207.908187	135.580045	214.295896	134.968088	225.002310	224.757239	220.001146	134.993072	
61.570893	45.000000	223.511452	224.933901	135.277578	134.981891	45.274086	316.243182	313.494192	23.644319	40.062615	325.399424	73.396066	44.999998	225.007345	135.626781	134.999972	223.467563	225.007345	180.001309	134.999915	308.899582	53.571227	45.066099	206.297246	134.991182	137.465061	73.280642	45.166439	315.133295	315.614196	34.600576	336.147788	53.290327	45.000001	207.908187	135.580045	214.295896	134.968088	225.002310	224.757239	220.001146	134.993072	
61.570893	45.000000	223.511452	224.933901	135.277578	134.981891	45.274086	316.243182	313.494192	23.644319	40.062615	325.399424	73.396066	44.999998	225.007345	135.626781	134.999972	223.467563	225.007345	180.001309	134.999915	308.899582	53.571227	45.066099	206.297246	134.991182	137.465061	73.280642	45.166439	315.133295	315.614194	34.600576	336.147788	53.290327	45.000001	207.908187	135.580045	214.295896	134.968088	225.002310	224.757239	220.001146	134.993072	
61.570893	45.000000	223.511452	224.933901	135.277578	134.981891	45.274086	316.243182	313.494192	23.644319	40.062615	325.399424	73.396066	44.999998	225.007345	135.626781	134.999972	223.467563	225.007345	180.001309	134.999915	308.899582	53.571227	45.066099	206.297246	134.991182	137.465061	73.280642	45.166439	315.133295	315.614193	34.600576	336.147788	53.290327	45.000001	207.908187	135.580045	214.295896	134.968088	225.002310	224.757239	220.001146	134.993072	
61.570893	45.000000	223.511452	224.933901	135.277578	134.981891	45.274086	316.243182	313.494192	23.644319	40.062615	325.399424	73.396066	44.999998	225.007345	135.626781	134.999972	223.467563	225.007345	180.001309	134.999915	308.899582	53.571227	45.066099	206.297246	134.991182	137.465061	73.280642	45.166439	315.133295	315.614193	34.600576	336.147788	53.290327	45.000001	207.908187	135.580045	214.295896	134.968088	225.002310	224.757239	220.001146	134.993072	
61.570893	45.000000	223.511452	224.933901	135.277578	134.981891	45.274086	316.243182	313.494192	23.644319	40.062615	325.399424	73.396066	44.999998	225.007345	135.626781	134.999972	223.467563	225.007345	180.001309	134.999915	308.899582	53.571227	45.066099	206.297246	134.991182	137.465061	73.280642	45.166439	315.133295	315.614193	34.600576	336.147788	53.290327	45.000001	207.908187	135.580045	214.295896	134.968088	225.002310	224.757239	220.001146	134.993072	
61.570893	45.000000	223.511452	224.933901	135.277578	134.981891	45.274086	316.243182	313.494192	23.644319	40.062615	325.399424	73.396066	44.999998	225.007345	135.626781	134.999972	223.467563	225.007345	180.001309	134.999915	308.899582	53.571227	45.066099	206.297246	134.991182	137.465061	73.280642	45.166439	315.133295	315.614192	34.600576	336.147788	53.290327	45.000001	207.908187	135.580045	214.295896	134.968088	225.002310	224.757239	220.001146	134.993072	
61.570893	45.000000	223.511452	224.933901	135.277578	134.981891	45.274086	316.243182	313.494192	23.644319	40.062615	325.399424	73.396066	44.999998	225.007345	135.626781	134.999972	223.467563	225.007345	180.001309	134.999915	308.899582	53.571227	45.066099	206.297246	134.991182	137.465061	73.280642	45.166439	315.133295	315.614192	34.600576	336.147788	53.290327	45.000001	207.908187	135.580045	214.295896	134.968088	225.002310	224.757239	220.001146	134.993072	
61.570893	45.000000	223.511452	224.933901	135.277578	134.981891	45.274086	316.243182	313.494192	23.644319	40.062615	325.399424	73.396066	44.999998	225.007345	135.626781	134.999972	223.467563	225.007345	180.001309	134.999915	308.899582	53.571227	45.066099	206.297246	134.991182	137.465061	73.280642	45.166439	315.133295	315.614192	34.600576	336.147788	53.290327	45.000001	207.908187	135.580045	214.295896	134.968088	225.002310	224.757239	220.001146	134.993072	
61.570893	45.000000	223.511452	224.933901	135.277578	134.981891	45.274086	316.243182	313.494192	23.644319	40.062615	325.399424	73.396066	44.999998	225.007345	135.626781	134.999972	223.467563	225.007345	180.001309	134.999915	308.899582	53.571227	45.066099	206.297246	134.991182	137.465061	73.280642	45.166439	315.133295	315.488229	34.600576	336.147788	53.290327	45.000001	207.908187	135.580045	214.295896	134.968088	225.002310	224.757239	220.001146	134.993072	
61.570893	45.000000	223.511452	224.933901	135.277578	134.981891	45.274086	316.243182	313.494192	23.644319	40.062615	325.399424	73.396066	44.999998	225.007345	135.626781	134.999972	223.467563	225.007345	180.001309	134.999915	308.899582	53.571227	45.066099	206.297246	134.991182	137.465061	73.280642	45.166439	315.133295	315.412671	34.600576	336.147788	53.290327	45.000001	207.908187	135.580045	214.295896	134.968088	225.002310	224.757239	220.001146	134.993072	
61.570893	45.000000	223.511452	224.933901	135.277578	134.981891	45.274086	316.243182	313.494192	23.644319	40.062615	325.399424	73.396066	44.999998	225.007345	135.626781	134.999972	223.467563	225.007345	180.001309	134.999915	308.899582	53.571227	45.066099	206.297246	134.991182	137.465061	73.280642	45.166439	315.133295	315.367327	34.600576	336.147788	53.290327	45.000001	207.908187	135.580045	214.295896	134.968088	225.002310	224.757239	220.001146	134.993072	
61.570893	45.000000	223.511452	224.933901	135.277578	134.981891	45.274086	316.243182	313.494192	23.644319	40.062615	325.399424	73.396066	44.999998	225.007345	135.626781	134.999972	223.467563	225.007345	180.001309	134.999915	308.899582	53.571227	45.066099	206.297246	134.991182	137.465061	73.280642	45.166439	315.133295	315.340102	34.600576	336.147788	53.290327	45.000001	207.908187	135.580045	214.295896	134.968088	225.002310	224.757239	220.001146	134.993072	
61.570893	45.000000	223.511452	224.933901	135.277578	134.981891	45.274086	316.243182	313.494192	23.644319	40.062615	325.399424	73.396066	44.999998	225.007345	135.626781	134.999972	223.467563	225.007345	180.001309	134.999915	308.899582	53.571227	45.066099	206.297246	134.991182	137.465061	73.280642	45.166439	315.133295	315.323748	34.600576	336.147788	53.290327	45.000001	207.908187	135.580045	214.295896	134.968088	225.002310	224.757239	220.001146	134.993072	
61.570893	45.000000	223.511452	224.933901	135.277578	134.981891	45.274086	316.243182	313.494192	23.644319	40.062615	325.399424	73.396066	44.999998	225.007345	135.626781	134.999972	223.467563	225.007345	180.001309	134.999915	308.899582	53.571227	45.066099	206.297246	134.991182	137.465061	73.280642	45.166439	315.133295	315.313919	34.600576	336.147788	53.290327	45.000001	207.908187	135.580045	214.295896	134.968088	225.002310	224.757239	220.001146	134.993072	
61.570893	45.000000	223.511452	224.933901	135.277578	134.981891	45.274086	316.243182	313.494192	23.644319	40.062615	325.399424	73.396066	44.999998	225.007345	135.626781	134.999972	223.467563	225.007345	180.001309	134.999915	308.899582	53.571227	45.066099	206.297246	134.991182	137.465061	73.280642	45.166439	315.133295	315.308009	34.600576	336.147788	53.290327	45.000001	207.908187	135.580045	214.295896	134.968088	225.002310	224.757239	220.001146	134.993072	
61.570893	45.000000	223.511452	224.933901	135.277578	134.981891	45.274086	316.243182	313.494192	23.644319	40.062615	325.399424	73.396066	44.999998	225.007345	135.626781	134.999972	223.467563	225.007345	180.001309	134.999915	308.899582	53.571227	45.066099	206.297246	134.991182	137.465061	73.280642	45.166439	315.133295	315.304453	34.600576	336.147788	53.290327	45.000001	207.908187	135.580045	214.295896	134.968088	225.002310	224.757239	220.001146	134.993072	
61.570893	45.000000	223.511452	224.933901	135.277578	134.981891	45.274086	316.243182	313.494192	23.644319	40.062615	325.399424	73.396066	44.999998	225.007345	135.626781	134.999972	223.467563	225.007345	180.001309	134.999915	308.899582	53.571227	45.066099	206.297246	134.991182	137.465061	73.280642	45.166439	315.133295	315.302312	34.600576	336.147788	53.290327	45.000001	207.908187	135.580045	214.295896	134.968088	225.002310	224.757239	220.001146	134.993072	
61.570893	45.000000	223.511452	224.933901	135.277578	134.981891	45.274086	316.243182	313.494192	23.644319	40.062615	325.399424	73.396066	44.999998	225.007345	135.626781	134.999972	223.467563	225.007345	180.001309	134.999915	308.899582	53.571227	45.066099	206.297246	134.991182	137.465061	73.280642	45.166439	315.133295	315.301023	34.600576	336.147788	53.290327	45.000001	207.908187	135.580045	214.295896	134.968088	225.002310	224.757239	220.001146	134.993072	
61.570893	45.000000	223.511452	224.933901	135.277578	134.981891	45.274086	316.243182	313.494192	23.644319	40.062615	325.399424	73.396066	44.999998	225.007345	135.626781	134.999972	223.467563	225.007345	180.001309	134.999915	308.899582	53.571227	45.066099	206.297246	134.991182	137.465061	73.280642	45.166439	315.133295	315.300245	34.600576	336.147788	53.290327	45.000001	207.908187	135.580045	214.295896	134.968088	225.002310	224.757239	220.001146	134.993072	
61.570893	45.000000	223.511452	224.933901	135.277578	134.981891	45.274086	316.243182	313.494192	23.644319	40.062615	325.399424	73.396066	44.999999	225.007345	135.626781	134.999972	223.467563	225.007345	180.001309	134.999915	308.899582	53.571227	45.066099	206.297246	134.991182	137.465061	73.280642	45.166439	315.133295	315.299777	34.600576	336.147788	53.290327	45.000001	207.908187	135.580045	214.295896	134.968088	225.002310	224.757239	220.001146	134.993072	
61.570893	45.000000	223.511452	224.933901	135.277578	134.981891	45.274086	316.243182	313.494192	23.644319	40.062615	325.399424	73.396066	44.999999	225.007345	135.626781	134.999972	223.467563	225.007345	180.001309	134.999915	308.899582	53.571227	45.066099	206.297246	134.991182	137.465061	73.280642	45.166439	315.133295	315.299494	34.600576	336.147788	53.290327	45.000001	207.908187	135.580045	214.295896	134.968088	225.002310	224.757239	220.001146	134.993072	
61.570893	45.000000	223.511452	224.933901	135.277578	134.981891	45.274086	316.243182	313.494192	23.644319	40.062615	325.399424	73.396066	44.999999	225.007345	135.626781	134.999972	223.467563	225.007345	180.001309	134.999915	308.899582	53.571227	45.066099	206.297246	134.991182	137.465061	73.280642	45.166439	315.133295	315.299323	34.600576	336.147788	53.290327	45.000001	207.908187	135.580045	214.295896	134.968088	225.002310	224.757239	220.001146	134.993072	
61.570893	45.000000	223.511452	224.933901	135.277578	134.981891	45.274086	316.243182	313.494192	23.644319	40.062615	325.399424	73.396066	44.999999	225.007345	135.626781	134.999972	223.467563	225.007345	180.001309	134.999915	308.899582	53.571227	45.066099	206.297246	134.991182	137.465061	73.280642	45.166439	315.133295	315.299220	34.600576	336.147788	53.290327	45.000001	207.908187	135.580045	214.295896	134.968088	225.002310	224.757239	220.001146	134.993072	
61.570893	45.000000	223.511452	224.933901	135.277578	134.981891	45.274086	316.243182	313.494192	23.644319	40.062615	325.399424	73.396066	44.999999	225.007345	135.626781	134.999972	223.467563	225.007345	180.001309	134.999915	308.899582	53.571227	45.066099	206.297246	134.991182	137.465061	73.280642	45.166439	315.133295	315.299157	34.600576	336.147788	53.290327	45.000001	207.908187	135.580045	214.295896	134.968088	225.002310	224.757239	220.001146	134.993072	
61.570893	45.000000	223.511452	224.933901	135.277578	134.981891	45.274086	316.243182	313.494192	23.644319	40.062615	325.399424	73.396066	44.999999	225.007345	135.626781	134.999972	223.467563	225.007345	180.001309	134.999915	308.899582	53.571227	45.066099	206.297246	134.991182	137.465061	73.280642	45.166439	315.133295	315.299119	34.600576	336.147788	53.290327	45.000001	207.908187	135.580045	214.295896	134.968088	225.002310	224.757239	220.001146	134.993072	
61.570893	45.000000	223.511452	224.933901	135.277578	134.981891	45.274086	316.243182	313.494192	23.644319	40.062615	325.399424	73.396066	44.999999	225.007345	135.626781	134.999972	223.467563	225.007345	180.001309	134.999915	308.899582	53.571227	45.066099	206.297246	134.991182	137.465061	73.280642	45.166439	315.133295	315.299096	34.600576	336.147788	53.290327	45.000001	207.908187	135.580045	214.295896	134.968088	225.002310	224.757239	220.001146	134.993072	
61.570893	45.000000	223.511452	224.933901	135.277578	134.981891	45.274086	316.243182	313.494192	23.644319	40.062615	325.399424	73.396066	44.999999	225.007345	135.626781	134.999972	223.467563	225.007345	180.001309	134.999915	308.899582	53.571227	45.066099	206.297246	134.991182	137.465061	73.280642	45.166439	315.133295	315.299083	34.600576	336.147788	53.290327	45.000001	207.908187	135.580045	214.295896	134.968088	225.002310	224.757239	220.001146	134.993072	
61.570893	45.000000	223.511452	224.933901	135.277578	134.981891	45.274086	316.243182	313.494192	23.644319	40.062615	325.399424	73.396066	44.999999	225.007345	135.626781	134.999972	223.467563	225.007345	180.001309	134.999915	308.899582	53.571227	45.066099	206.297246	134.991182	137.465061	73.280642	45.166439	315.133295	315.299074	34.600576	336.147788	53.290327	45.000001	207.908187	135.580045	214.295896	134.968088	225.002310	224.757239	220.001146	134.993072	
61.570893	45.000000	223.511452	224.933901	135.277578	134.981891	45.274086	316.243182	313.494192	23.644319	40.062615	325.399424	73.396066	44.999999	225.007345	135.626781	134.999972	223.467563	225.007345	180.001309	134.999915	308.899582	53.571227	45.066099	206.297246	134.991182	137.465061	73.280642	45.166439	315.133295	315.299069	34.600576	336.147788	53.290327	45.000001	207.908187	135.580045	214.295896	134.968088	225.002310	224.757239	220.001146	134.993072	
61.570893	45.000000	223.511452	224.933901	135.277578	134.981891	45.274086	316.243182	313.494192	23.644319	40.062615	325.399424	73.396066	44.999999	225.007345	135.626781	134.999972	223.467563	225.007345	180.001309	134.999915	308.899582	53.571227	45.066099	206.297246	134.991182	137.465061	73.280642	45.166439	315.133295	315.299066	34.600576	336.147788	53.290327	45.000001	207.908187	135.580045	214.295896	134.968088	225.002310	224.757239	220.001146	134.993072	
61.570893	45.000000	223.511452	224.933901	135.277578	134.981891	45.274086	316.243182	313.494192	23.644319	40.062615	325.399424	73.396066	44.999999	225.007345	135.626781	134.999972	223.467563	225.007345	180.001309	134.999915	308.899582	53.571227	45.066099	206.297246	134.991182	137.465061	73.280642	45.166439	315.133295	315.299064	34.600576	336.147788	53.290327	45.000001	207.908187	135.580045	214.295896	134.968088	225.002310	224.757239	220.001146	134.993072	
61.570893	45.000000	223.511452	224.933901	135.277578	134.981891	45.274086	316.243182	313.494192	23.644319	40.062615	325.399424	73.396066	44.999999	225.007345	135.626781	134.999972	223.467563	225.007345	180.001309	134.999915	308.899582	53.571227	45.066099	206.297246	134.991182	137.465061	73.280642	45.166439	315.133295	315.299063	34.600576	336.147788	53.290327	45.000001	207.908187	135.580045	214.295896	134.968088	225.002310	224.757239	220.001146	134.993072	
61.570893	45.000000	223.511452	224.933901	135.277578	134.981891	45.274086	316.243182	313.494192	23.644319	40.062615	325.399424	73.396066	44.999999	225.007345	135.626781	134.999972	223.467563	225.007345	180.001309	134.999915	308.899582	53.571227	45.066099	206.297246	134.991182	137.465061	73.280642	45.166439	315.133295	315.299062	34.600576	336.147788	53.290327	45.000001	207.908187	135.580045	214.295896	134.968088	225.002310	224.757239	220.001146	134.993072	
61.570893	45.000000	223.511452	224.933901	135.277578	134.981891	45.274086	316.243182	313.494192	23.644319	40.062615	325.399424	73.396066	44.999999	225.007345	135.626781	134.999972	223.467563	225.007345	180.001309	134.999915	308.899582	53.571227	45.066099	206.297246	134.991182	137.465061	73.280642	45.166439	315.133295	315.299062	34.600576	336.147788	53.290327	45.000001	207.908187	135.580045	214.295896	134.968088	225.002310	224.757239	220.001146	134.993072	
61.570893	45.000000	223.511452	224.933901	135.277578	134.981891	45.274086	316.243182	313.494192	23.644319	40.062615	325.399424	73.396066	44.999999	225.007345	135.626781	134.999972	223.467563	225.007345	180.001309	134.999915	308.899582	53.571227	45.066099	206.297246	134.991182	137.465061	73.280642	45.166439	315.133295	315.299061	34.600576	336.147788	53.290327	45.000001	207.908187	135.580045	214.295896	134.968088	225.002310	224.757239	220.001146	134.993072	
61.570893	45.000000	223.511452	224.933901	135.277578	134.981891	45.274086	316.243182	313.494192	23.644319	40.062615	325.399424	73.396066	44.999999	225.007345	135.626781	134.999972	223.467563	225.007345	180.001309	134.999915	308.899582	53.571227	45.066099	206.297246	134.991182	137.465061	73.280642	45.166439	315.133295	315.299061	34.600576	336.147788	53.290327	45.000001	207.908187	135.580045	214.295896	134.968088	225.002310	224.757239	220.001146	134.993072	
61.570893	45.000000	223.511452	224.933901	135.277578	134.981891	45.274086	316.243182	313.494192	23.644319	40.062615	325.399424	73.396066	44.999999	225.007345	135.626781	134.999972	223.467563	225.007345	180.001309	134.999915	308.899582	53.571227	45.066099	206.297246	134.991182	137.465061	73.280642	45.166439	315.133295	315.299061	34.600576	336.147788	53.290327	45.000001	207.908187	135.580045	214.295896	134.968088	225.002310	224.757239	220.001146	134.993072	
61.570893	45.000000	223.511452	224.933901	135.277578	134.981891	45.274086	316.243182	313.494192	23.644319	40.062615	325.399424	73.396066	44.999999	225.007345	135.626781	134.999972	223.467563	225.007345	180.001309	134.999915	308.899582	53.571227	45.066099	206.297246	134.991182	137.465061	73.280642	45.166439	315.133295	315.299061	34.600576	336.147788	53.290327	45.000001	207.908187	135.580045	214.295896	134.968088	225.002310	224.757239	220.001146	134.993072	
61.570893	45.000000	223.511452	224.933901	135.277578	134.981891	45.274086	316.243182	313.494192	23.644319	40.062615	325.399424	73.396066	44.999999	225.007345	135.626781	134.999972	223.467563	225.007345	180.001309	134.999915	308.899582	53.571227	45.066099	206.297246	134.991182	137.465061	73.280642	45.166439	315.133295	315.238029	34.600576	336.147788	53.290327	45.000001	207.908187	135.580045	214.295896	134.968088	225.002310	224.757239	220.001146	134.993072	
61.570893	45.000000	223.511452	224.933901	135.277578	134.981891	45.274086	316.243182	313.494192	23.644319	40.062615	325.399424	73.396066	44.999999	225.007345	135.626781	134.999972	223.467563	225.007345	180.001309	134.999915	308.899582	53.571227	45.066099	206.297246	134.991182	137.465061	73.280642	45.166439	315.133295	315.201424	34.600576	336.147788	53.290327	45.000001	207.908187	135.580045	214.295896	134.968088	225.002310	224.757239	220.001146	134.993072	
61.570893	45.000000	223.511452	224.933901	135.277578	134.981891	45.274086	316.243182	313.494192	23.644319	40.062615	325.399424	73.396066	44.999999	225.007345	135.626781	134.999972	223.467563	225.007345	180.001309	134.999915	308.899582	53.571227	45.066099	206.297246	134.991182	137.465061	73.280642	45.166439	315.133295	315.179459	34.600576	336.147788	53.290327	45.000001	207.908187	135.580045	214.295896	134.968088	225.002310	224.757239	220.001146	134.993072	
61.570893	45.000000	223.511452	224.933901	135.277578	134.981891	45.274086	316.243182	313.494192	23.644319	40.062615	325.399424	73.396066	44.999999	225.007345	135.626781	134.999972	223.467563	225.007345	180.001309	134.999915	308.899582	53.571227	45.066099	206.297246	134.991182	137.465061	73.280642	45.166439	315.133295	315.166274	34.600576	336.147788	53.290327	45.000001	207.908187	135.580045	214.295896	134.968088	225.002310	224.757239	220.001146	134.993072	
61.570893	45.000000	223.511452	224.933901	135.277578	134.981891	45.274086	316.243182	313.494192	23.644319	40.062615	325.399424	73.396066	44.999999	225.007345	135.626781	134.999972	223.467563	225.007345	180.001309	134.999915	308.899582	53.571227	45.066099	206.297246	134.991182	137.465061	73.280642	45.166439	315.133295	315.158354	34.600576	336.147788	53.290327	45.000001	207.908187	135.580045	214.295896	134.968088	225.002310	224.757239	220.001146	134.993072	
61.570893	45.000000	223.511452	224.933901	135.277578	134.981891	45.274086	316.243182	313.494192	23.644319	40.062615	325.399424	73.396066	44.999999	225.007345	135.626781	134.999972	223.467563	225.007345	180.001309	134.999915	308.899582	53.571227	45.066099	206.297246	134.991182	137.465061	73.280642	45.166439	315.133295	315.153595	34.600576	336.147788	53.290327	45.000001	207.908187	135.580045	214.295896	134.968088	225.002310	224.757239	220.001146	134.993072	
61.570893	45.000000	223.511452	224.933901	135.277578	134.981891	45.274086	316.243182	313.494192	23.644319	40.062615	325.399424	73.396066	44.999999	225.007345	135.626781	134.999972	223.467563	225.007345	180.001309	134.999915	308.899582	53.571227	45.066099	206.297246	134.991182	137.465061	73.280642	45.166439	315.133295	315.150734	34.600576	336.147788	53.290327	45.000001	207.908187	135.580045	214.295896	134.968088	225.002310	224.757239	220.001146	134.993072	
61.570893	45.000000	223.511452	224.933901	135.277578	134.981891	45.274086	316.243182	313.494192	23.644319	40.062615	325.399424	73.396066	44.999999	225.007345	135.626781	134.999972	223.467563	225.007345	180.001309	134.999915	308.899582	53.571227	45.066099	206.297246	134.991182	137.465061	73.280642	45.166439	315.133295	315.149013	34.600576	336.147788	53.290327	45.000001	207.908187	135.580045	214.295896	134.968088	225.002310	224.757239	220.001146	134.993072	
61.570893	45.000000	223.511452	224.933901	135.277578	134.981891	45.274086	316.243182	313.494192	23.644319	40.062615	325.399424	73.396066	44.999999	225.007345	135.626781	134.999972	223.467563	225.007345	180.001309	134.999915	308.899582	53.571227	45.066099	206.297246	134.991182	137.465061	73.280642	45.166439	315.133295	315.147977	34.600576	336.147788	53.290327	45.000001	207.908187	135.580045	214.295896	134.968088	225.002310	224.757239	220.001146	134.993072	
61.570893	45.000000	223.511452	224.933901	135.277578	134.981891	45.274086	316.243182	313.494192	23.644319	40.062615	325.399424	73.396066	44.999999	225.007345	135.626781	134.999972	223.467563	225.007345	180.001309	134.999915	308.899582	53.571227	45.066099	206.297246	134.991182	137.465061	73.280642	45.166439	315.133295	315.147353	34.600576	336.147788	53.290327	45.000001	207.908187	135.580045	214.295896	134.968088	225.002310	224.757239	220.001146	134.993072	
61.570893	45.000000	223.511452	224.933901	135.277578	134.981891	45.274086	316.243182	313.494192	23.644319	40.062615	325.399424	73.396066	44.999999	225.007345	135.626781	134.999972	223.467563	225.007345	180.001309	134.999915	308.899582	53.571227	45.066099	206.297246	134.991182	137.465061	73.280642	45.166439	315.133295	315.146977	34.600576	336.147788	53.290327	45.000001	207.908187	135.580045	214.295896	134.968088	225.002310	224.757239	220.001146	134.993072	
61.570893	45.000000	223.511452	224.933901	135.277578	134.981891	45.274086	316.243182	313.494192	23.644319	40.062615	325.399424	73.396066	44.999999	225.007345	135.626781	134.999972	223.467563	225.007345	180.001309	134.999915	308.899582	53.571227	45.066099	206.297246	134.991182	137.465061	73.280642	45.166439	315.133295	315.146751	34.600576	336.147788	53.290327	45.000001	207.908187	135.580045	214.295896	134.968088	225.002310	224.757239	220.001146	134.993072	
61.570893	45.000000	223.511452	224.933901	135.277578	134.981891	45.274086	316.243182	313.494192	23.644319	40.062615	325.399424	73.396066	44.999999	225.007345	135.626781	134.999972	223.467563	225.007345	180.001309	134.999915	308.899582	53.571227	45.066099	206.297246	134.991182	137.465061	73.280642	45.166439	315.133295	315.146614	34.600576	336.147788	53.290327	45.000001	207.908187	135.580045	214.295896	134.968088	225.002310	224.757239	220.001146	134.993072	
61.570893	45.000000	223.511452	224.933901	135.277578	134.981891	45.274086	316.243182	313.494192	23.644319	40.062615	325.399424	73.396066	44.999999	225.007345	135.626781	134.999972	223.467563	225.007345	180.001309	134.999915	308.899582	53.571227	45.066099	206.297246	134.991182	137.465061	73.280642	45.166439	315.133295	315.146531	34.600576	336.147788	53.290327	45.000001	207.908187	135.580045	214.295896	134.968088	225.002310	224.757239	220.001146	134.993072	
61.570893	45.000000	223.511452	224.933901	135.277578	134.981891	45.274086	316.243182	313.494192	23.644319	40.062615	325.399424	73.396066	44.999999	225.007345	135.626781	134.999972	223.467563	225.007345	180.001309	134.999915	308.899582	53.571227	45.066099	206.297246	134.991182	137.465061	73.280642	45.166439	315.133295	315.146481	34.600576	336.147788	53.290327	45.000001	207.908187	135.580045	214.295896	134.968088	225.002310	224.757239	220.001146	134.993072	
61.570893	45.000000	223.511452	224.933901	135.277578	134.981891	45.274086	316.243182	313.494192	23.644319	40.062615	325.399424	73.396066	44.999999	225.007345	135.626781	134.999972	223.467563	225.007345	180.001309	134.999915	308.899582	53.571227	45.066099	206.297246	134.991182	137.465061	73.280642	45.166439	315.133295	315.146451	34.600576	336.147788	53.290327	45.000001	207.908187	135.580045	214.295896	134.968088	225.002310	224.757239	220.001146	134.993072	
61.570893	45.000000	223.511452	224.933901	135.277578	134.981891	45.274086	316.243182	313.494192	23.644319	40.062615	325.399424	73.396066	44.999999	225.007345	135.626781	134.999972	223.467563	225.007345	180.001309	134.999915	308.899582	53.571227	45.066099	206.297246	134.991182	137.465061	73.280642	45.166439	315.133295	315.146433	34.600576	336.147788	53.290327	45.000001	207.908187	135.580045	214.295896	134.968088	225.002310	224.757239	220.001146	134.993072	
61.570893	45.000000	223.511452	224.933901	135.277578	134.981891	45.274086	316.243182	313.494192	23.644319	40.062615	325.399424	73.396066	44.999999	225.007345	135.626781	134.999972	223.467563	225.007345	180.001309	134.999915	308.899582	53.571227	45.066099	206.297246	134.991182	137.465061	73.280642	45.166439	315.133295	315.146422	34.600576	336.147788	53.290327	45.000001	207.908187	135.580045	214.295896	134.968088	225.002310	224.757239	220.001146	134.993072	
61.570893	45.000000	223.511452	224.933901	135.277578	134.981891	45.274086	316.243182	313.494192	23.644319	40.062615	325.399424	73.396066	44.999999	225.007345	135.626781	134.999972	223.467563	225.007345	180.001309	134.999915	308.899582	53.571227	45.066099	206.297246	134.991182	137.465061	73.280642	45.166439	315.133295	315.146415	34.600576	336.147788	53.290327	45.000001	207.908187	135.580045	214.295896	134.968088	225.002310	224.757239	220.001146	134.993072	
61.570893	45.000000	223.511452	224.933901	135.277578	134.981891	45.274086	316.243182	313.494192	23.644319	40.062615	325.399424	73.396066	44.999999	225.007345	135.626781	134.999972	223.467563	225.007345	180.001309	134.999915	308.899582	53.571227	45.066099	206.297246	134.991182	137.465061	73.280642	45.166439	315.133295	315.146411	34.600576	336.147788	53.290327	45.000001	207.908187	135.580045	214.295896	134.968088	225.002310	224.757239	220.001146	134.993072	
61.570893	45.000000	223.511452	224.933901	135.277578	134.981891	45.274086	316.243182	313.494192	23.644319	40.062615	325.399424	73.396066	44.999999	225.007345	135.626781	134.999972	223.467563	225.007345	180.001309	134.999915	308.899582	53.571227	45.066099	206.297246	134.991182	137.465061	73.280642	45.166439	315.133295	315.146408	34.600576	336.147788	53.290327	45.000001	207.908187	135.580045	214.295896	134.968088	225.002310	224.757239	220.001146	134.993072	
61.570893	45.000000	223.511452	224.933901	135.277578	134.981891	45.274086	316.243182	313.494192	23.644319	40.062615	325.399424	73.396066	44.999999	225.007345	135.626781	134.999972	223.467563	225.007345	180.001309	134.999915	308.899582	53.571227	45.066099	206.297246	134.991182	137.465061	73.280642	45.166439	315.133295	315.146407	34.600576	336.147788	53.290327	45.000001	207.908187	135.580045	214.295896	134.968088	225.002310	224.757239	220.001146	134.993072	
61.570893	45.000000	223.511452	224.933901	135.277578	134.981891	45.274086	316.243182	313.494192	23.644319	40.062615	325.399424	73.396066	44.999999	225.007345	135.626781	134.999972	223.467563	225.007345	180.001309	134.999915	308.899582	53.571227	45.066099	206.297246	134.991182	137.465061	73.280642	45.166439	315.133295	315.146406	34.600576	336.147788	53.290327	45.000001	207.908187	135.580045	214.295896	134.968088	225.002310	224.757239	220.001146	134.993072	
61.570893	45.000000	223.511452	224.933901	135.277578	134.981891	45.274086	316.243182	313.494192	23.644319	40.062615	325.399424	73.396066	44.999999	225.007345	135.626781	134.999972	223.467563	225.007345	180.001309	134.999915	308.899582	53.571227	45.066099	206.297246	134.991182	137.465061	73.280642	45.166439	315.133295	315.146406	34.600576	336.147788	53.290327	45.000001	207.908187	135.580045	214.295896	134.968088	225.002310	224.757239	220.001146	134.993072	
61.570893	45.000000	223.511452	224.933901	135.277578	134.981891	45.274086	316.243182	313.494192	23.644319	40.062615	325.399424	73.396066	44.999999	225.007345	135.626781	134.999972	223.467563	225.007345	180.001309	134.999915	308.899582	53.571227	45.066099	206.297246	134.991182	137.465061	73.280642	45.166439	315.133295	315.146405	34.600576	336.147788	53.290327	45.000001	207.908187	135.580045	214.295896	134.968088	225.002310	224.757239	220.001146	134.993072	
61.570893	45.000000	223.511452	224.933901	135.277578	134.981891	45.274086	316.243182	313.494192	23.644319	40.062615	325.399424	73.396066	44.999999	225.007345	135.626781	134.999972	223.467563	225.007345	180.001309	134.999915	308.899582	53.571227	45.066099	206.297246	134.991182	137.465061	73.280642	45.166439	315.133295	315.146405	34.600576	336.147788	53.290327	45.000001	207.908187	135.580045	214.295896	134.968088	225.002310	224.757239	220.001146	134.993072	
61.570893	45.000000	223.511452	224.933901	135.277578	134.981891	45.274086	316.243182	313.494192	23.644319	40.062615	325.399424	73.396066	44.999999	225.007345	135.626781	134.999972	223.467563	225.007345	180.001309	134.999915	308.899582	53.571227	45.066099	206.297246	134.991182	137.465061	73.280642	45.166439	315.133295	315.146405	34.600576	336.147788	53.290327	45.000001	207.908187	135.580045	214.295896	134.968088	225.002310	224.757239	220.001146	134.993072	
61.570893	45.000000	223.511452	224.933901	135.277578	134.981891	45.274086	316.243182	313.494192	23.644319	40.062615	325.399424	73.396066	44.999999	225.007345	135.626781	134.999972	223.467563	225.007345	180.001309	134.999915	308.899582	53.571227	45.066099	206.297246	134.991182	137.465061	73.280642	45.166439	315.133295	315.146405	34.600576	336.147788	53.290327	45.000001	207.908187	135.580045	214.295896	134.968088	225.002310	224.757239	220.001146	134.993072	
61.570893	45.000000	223.511452	224.933901	135.277578	134.981891	45.274086	316.243182	313.494192	23.644319	40.062615	325.399424	73.396066	44.999999	225.007345	135.626781	134.999972	223.467563	225.007345	180.001309	134.999915	308.899582	53.571227	45.066099	206.297246	134.991182	137.465061	73.280642	45.166439	315.133295	315.146405	34.600576	336.147788	53.290327	45.000001	207.908187	135.580045	214.295896	134.968088	225.002310	224.757239	220.001146	134.993072	
61.570893	45.000000	223.511452	224.933901	135.277578	134.981891	45.274086	316.243182	313.494192	23.644319	40.062615	325.399424	73.396066	44.999999	225.007345	135.626781	134.999972	223.467563	225.007345	180.001309	134.999915	308.899582	53.571227	45.066099	206.297246	134.991182	137.465061	73.280642	45.166439	315.133295	315.146405	34.600576	336.147788	53.290327	45.000001	207.908187	135.580045	214.295896	134.968088	225.002310	224.757239	220.001146	134.993072	
61.570893	45.000000	223.511452	224.933901	135.277578	134.981891	45.274086	316.243182	313.494192	23.644319	40.062615	325.399424	73.396066	44.999999	225.007345	135.626781	134.999972	223.467563	225.007345	180.001309	134.999915	308.899582	53.571227	45.066099	206.297246	134.991182	137.465061	73.280642	45.166439	315.133295	315.146405	34.600576	336.147788	53.290327	45.000001	207.908187	135.580045	214.295896	134.968088	225.002310	224.757239	220.001146	134.993072	
61.570893	45.000000	223.511452	224.933901	135.277578	134.981891	45.274086	316.243182	313.494192	23.644319	40.062615	325.399424	73.396066	44.999999	225.007345	135.626781	134.999972	223.467563	225.007345	180.001309	134.999915	308.899582	53.571227	45.066099	206.297246	134.991182	137.465061	73.280642	45.166439	315.133295	315.146405	34.600576	336.147788	53.290327	45.000001	207.908187	135.580045	214.295896	134.968088	225.002310	224.757239	220.001146	134.993072	
61.570893	45.000000	223.511452	224.933901	135.277578	134.981891	45.274086	316.243182	313.494192	23.644319	40.062615	325.399424	73.396066	44.999999	225.007345	135.626781	134.999972	223.467563	225.007345	180.001309	134.999915	308.899582	53.571227	45.066099	206.297246	134.991182	137.465061	73.280642	45.166439	315.133295	315.146405	34.600576	336.147788	53.290327	45.000001	207.908187	135.580045	214.295896	134.968088	225.002310	224.757239	220.001146	134.993072	
61.570893	45.000000	223.511452	224.933901	135.277578	134.981891	45.274086	316.243182	313.494192	23.644319	40.062615	325.399424	73.396066	44.999999	225.007345	135.626781	134.999972	223.467563	225.007345	180.001309	134.999915	308.899582	53.571227	45.066099	206.297246	134.991182	137.465061	73.280642	45.166439	315.133295	315.146405	34.600576	336.147788	53.290327	45.000001	207.908187	135.580045	214.295896	134.968088	225.002310	224.757239	220.001146	134.993072	
61.570893	45.000000	223.511452	224.933901	135.277578	134.981891	45.274086	316.243182	313.494192	23.644319	40.062615	325.399424	73.396066	44.999999	225.007345	135.626781	134.999972	223.467563	225.007345	180.001309	134.999915	308.899582	53.571227	45.066099	206.297246	134.991182	137.465061	73.280642	45.166439	315.133295	315.146405	34.600576	336.147788	53.290327	45.000001	207.908187	135.580045	214.295896	134.968088	225.002310	224.757239	220.001146	134.993072	
61.570893	45.000000	223.511452	224.933901	135.277578	134.981891	45.274086	316.243182	313.494192	23.644319	40.062615	325.399424	73.396066	44.999999	225.007345	135.626781	134.999972	223.467563	225.007345	180.001309	134.999915	308.899582	53.571227	45.066099	206.297246	134.991182	137.465061	73.280642	45.166439	315.133295	315.146405	34.600576	336.147788	53.290327	45.000001	207.908187	135.580045	214.295896	134.968088	225.002310	224.757239	220.001146	134.993072	
61.570893	45.000000	223.511452	224.933901	135.277578	134.981891	45.274086	316.243182	313.494192	23.644319	40.062615	325.399424	73.396066	44.999999	225.007345	135.626781	134.999972	223.467563	225.007345	180.001309	134.999915	308.899582	53.571227	45.066099	206.297246	134.991182	137.465061	73.280642	45.166439	315.133295	315.146405	34.600576	336.147788	53.290327	45.000001	207.908187	135.580045	214.295896	134.968088	225.002310	224.757239	220.001146	134.993072	
61.570893	45.000000	223.511452	224.933901	135.277578	134.981891	45.274086	316.243182	313.494192	23.644319	40.062615	325.399424	73.396066	44.999999	225.007345	135.626781	134.999972	223.467563	225.007345	180.001309	134.999915	308.899582	53.571227	45.066099	206.297246	134.991182	137.465061	73.280642	45.166439	315.133295	315.146405	34.600576	336.147788	53.290327	45.000001	207.908187	135.580045	214.295896	134.968088	225.002310	224.757239	220.001146	134.993072	
61.570893	45.000000	223.511452	224.933901	135.277578	134.981891	45.274086	316.243182	313.494192	23.644319	40.062615	325.399424	73.396066	44.999999	225.007345	135.626781	134.999972	223.467563	225.007345	180.001309	134.999915	308.899582	53.571227	45.066099	206.297246	134.991182	137.465061	73.280642	45.166439	315.133295	315.146405	34.600576	336.147788	53.290327	45.000001	207.908187	135.580045	214.295896	134.968088	225.002310	224.757239	220.001146	134.993072	
61.570893	45.000000	223.511452	224.933901	135.277578	134.981891	45.274086	316.243182	313.494192	23.644319	40.062615	325.399424	73.396066	44.999999	225.007345	135.626781	134.999972	223.467563	225.007345	180.001309	134.999915	308.899582	53.571227	45.066099	206.297246	134.991182	137.465061	73.280642	45.166439	315.133295	315.146405	34.600576	336.147788	53.290327	45.000001	207.908187	135.580045	214.295896	134.968088	225.002310	224.757239	220.001146	134.993072	
61.570893	45.000000	223.511452	224.933901	135.277578	134.981891	45.274086	316.243182	313.494192	23.644319	40.062615	325.399424	73.396066	44.999999	225.007345	135.626781	134.999972	223.467563	225.007345	180.001309	134.999915	308.899582	53.571227	45.066099	206.297246	134.991182	137.465061	73.280642	45.166439	315.133295	315.146405	34.600576	336.147788	53.290327	45.000001	207.908187	135.580045	214.295896	134.968088	225.002310	224.757239	220.001146	134.993072	
61.570893	45.000000	223.511452	224.933901	135.277578	134.981891	45.274086	316.243182	313.494192	23.644319	40.062615	325.399424	73.396066	44.999999	225.007345	135.626781	134.999972	223.467563	225.007345	180.001309	134.999915	308.899582	53.571227	45.066099	206.297246	134.991182	137.465061	73.280642	45.166439	315.133295	315.146405	34.600576	336.147788	53.290327	45.000001	207.908187	135.580045	214.295896	134.968088	225.002310	224.757239	220.001146	134.993072	
61.570893	45.000000	223.511452	224.933901	135.277578	134.981891	45.274086	316.243182	313.494192	23.644319	40.062615	325.399424	73.396066	44.999999	225.007345	135.626781	134.999972	223.467563	225.007345	180.001309	134.999915	308.899582	53.571227	45.066099	206.297246	134.991182	137.465061	73.280642	45.166439	315.133295	315.146405	34.600576	336.147788	53.290327	45.000001	207.908187	135.580045	214.295896	134.968088	225.002310	224.757239	220.001146	134.993072	
61.570893	45.000000	223.511452	224.933901	135.277578	134.981891	45.274086	316.243182	313.494192	23.644319	40.062615	325.399424	73.396066	44.999999	225.007345	135.626781	134.999972	223.467563	225.007345	180.001309	134.999915	308.899582	53.571227	45.066099	206.297246	134.991182	137.465061	73.280642	45.166439	315.133295	315.146405	34.600576	336.147788	53.290327	45.000001	207.908187	135.580045	214.295896	134.968088	225.002310	224.757239	220.001146	134.993072	
61.570893	45.000000	223.511452	224.933901	135.277578	134.981891	45.274086	316.243182	313.494192	23.644319	40.062615	325.399424	73.396066	44.999999	225.007345	135.626781	134.999972	223.467563	225.007345	180.001309	134.999915	308.899582	53.571227	45.066099	206.297246	134.991182	137.465061	73.280642	45.166439	315.133295	315.146405	34.600576	336.147788	53.290327	45.000001	207.908187	135.580045	214.295896	134.968088	225.002310	224.757239	220.001146	134.993072	
61.570893	45.000000	223.511452	224.933901	135.277578	134.981891	45.274086	316.243182	313.494192	23.644319	40.062615	325.399424	73.396066	44.999999	225.007345	135.626781	134.999972	223.467563	225.007345	180.001309	134.999915	308.899582	53.571227	45.066099	206.297246	134.991182	137.465061	73.280642	45.166439	315.133295	315.146405	34.600576	336.147788	53.290327	45.000001	207.908187	135.580045	214.295896	134.968088	225.002310	224.757239	220.001146	134.993072	
61.570893	45.000000	223.511452	224.933901	135.277578	134.981891	45.274086	316.243182	313.494192	23.644319	40.062615	325.399424	73.396066	44.999999	225.007345	135.626781	134.999972	223.467563	225.007345	180.001309	134.999915	308.899582	53.571227	45.066099	206.297246	134.991182	137.465061	73.280642	45.166439	315.133295	315.146405	34.600576	336.147788	53.290327	45.000001	207.908187	135.580045	214.295896	134.968088	225.002310	224.757239	220.001146	134.993072	
61.570893	45.000000	223.511452	224.933901	135.277578	134.981891	45.274086	316.243182	313.494192	23.644319	40.062615	325.399424	73.396066	44.999999	225.007345	135.626781	134.999972	223.467563	225.007345	180.001309	134.999915	308.899582	53.571227	45.066099	206.297246	134.991182	137.465061	73.280642	45.166439	315.133295	315.146405	34.600576	336.147788	53.290327	45.000001	207.908187	135.580045	214.295896	134.968088	225.002310	224.757239	220.001146	134.993072	
61.570893	45.000000	223.511452	224.933901	135.277578	134.981891	45.274086	316.243182	313.494192	23.644319	40.062615	325.399424	73.396066	44.999999	225.007345	135.626781	134.999972	223.467563	225.007345	180.001309	134.999915	308.899582	53.571227	45.066099	206.297246	134.991182	137.465061	73.280642	45.166439	315.133295	315.146405	34.600576	336.147788	53.290327	45.000001	207.908187	135.580045	214.295896	134.968088	225.002310	224.757239	220.001146	134.993072	
61.570893	45.000000	223.511452	224.933901	135.277578	134.981891	45.274086	316.243182	313.494192	23.644319	40.062615	325.399424	73.396066	44.999999	225.007345	135.626781	134.999972	223.467563	225.007345	180.001309	134.999915	308.899582	53.571227	45.066099	206.297246	134.991182	137.465061	73.280642	45.166439	315.133295	315.146405	34.600576	336.147788	53.290327	45.000001	207.908187	135.580045	214.295896	134.968088	225.002310	224.757239	220.001146	134.993072	
61.570893	45.000000	223.511452	224.933901	135.277578	134.981891	45.274086	316.243182	313.494192	23.644319	40.062615	325.399424	73.396066	44.999999	225.007345	135.626781	134.999972	223.467563	225.007345	180.001309	134.999915	308.899582	53.571227	45.066099	206.297246	134.991182	137.465061	73.280642	45.166439	315.133295	315.146405	34.600576	336.147788	53.290327	45.000001	207.908187	135.580045	214.295896	134.968088	225.002310	224.757239	220.001146	134.993072	
0.000000	0.000000	0.000000	0.000000	0.000000	0.000000	0.000000	0.000000	0.000000	0.000000	0.000000	0.000000	0.000000	0.000000	0.000000	0.000000	0.000000	0.000000	0.000000	0.000000	0.000000	0.000000	0.000000	0.000000	0.000000	0.000000	0.000000	0.000000	0.000000	0.000000	0.000000	0.000000	0.000000	0.000000	0.000000	0.000000	0.000000	0.000000	0.000000	0.000000	0.000000	0.000000	0.000000	
