0.000000	0.000000	0.000000	0.000000	0.000000	0.000000	0.000000	0.000000	0.000000	0.000000	0.000000	0.000000	0.000000	0.000000	0.000000	0.000000	0.000000	0.000000	0.000000	0.000000	0.000000	0.000000	0.000000	0.000000	0.000000	0.000000	0.000000	0.000000	0.000000	0.000000	0.000000	0.000000	0.000000	0.000000	0.000000	0.000000	0.000000	0.000000	0.000000	0.000000	0.000000	0.000000	0.000000	
0.000000	0.000000	0.000000	0.000000	0.000000	0.000000	0.000000	0.000000	0.000000	0.000000	0.000000	0.000000	0.000000	0.000000	0.000000	0.000000	0.000000	0.000000	0.000000	0.000000	0.000000	0.000000	0.000000	0.000000	0.000000	0.000000	0.000000	0.000000	0.000000	0.000000	0.000000	0.000000	0.000000	0.000000	0.000000	0.000000	0.000000	0.000000	0.000000	0.000000	0.000000	0.000000	0.000000	
346.402390	0.000000	0.000000	0.000000	0.000000	0.000000	0.000000	0.000000	0.000000	0.000000	0.000000	0.000000	0.000000	0.000000	0.000000	0.000000	0.000000	0.000000	0.000000	0.000000	0.000000	0.000000	0.000000	0.000000	0.000000	0.000000	0.000000	0.000000	0.000000	0.000000	0.000000	0.000000	0.000000	0.000000	0.000000	0.000000	0.000000	0.000000	0.000000	0.000000	0.000000	0.000000	0.000000	
344.482197	0.000000	0.000000	0.000000	0.000000	0.000000	0.000000	0.000000	0.000000	0.000000	0.000000	0.000000	0.000000	0.000000	0.000000	0.000000	0.000000	0.000000	0.000000	0.000000	0.000000	0.000000	0.000000	0.000000	0.000000	0.000000	0.000000	0.000000	0.000000	0.000000	0.000000	0.000000	0.000000	0.000000	0.000000	0.000000	0.000000	0.000000	0.000000	0.000000	0.000000	0.000000	0.000000	
344.260439	0.000000	0.000000	0.000000	0.000000	0.000000	0.000000	0.000000	0.000000	0.000000	0.000000	0.000000	0.000000	0.000000	0.000000	0.000000	0.000000	0.000000	0.000000	0.000000	0.000000	0.000000	0.000000	0.000000	0.000000	0.000000	0.000000	0.000000	0.000000	0.000000	0.000000	0.000000	0.000000	0.000000	0.000000	0.000000	0.000000	0.000000	0.000000	0.000000	0.000000	0.000000	0.000000	
344.287988	0.000000	0.000000	0.000000	0.000000	0.000000	0.000000	0.000000	0.000000	0.000000	0.000000	0.000000	0.000000	0.000000	0.000000	0.000000	0.000000	0.000000	0.000000	0.000000	0.000000	0.000000	0.000000	0.000000	0.000000	0.000000	0.000000	0.000000	0.000000	0.000000	0.000000	0.000000	0.000000	0.000000	0.000000	0.000000	0.000000	0.000000	0.000000	0.000000	0.000000	0.000000	0.000000	
344.352380	346.309950	0.000000	0.000000	0.000000	0.000000	0.000000	0.000000	0.000000	0.000000	0.000000	0.000000	0.000000	0.000000	0.000000	0.000000	0.000000	0.000000	0.000000	0.000000	0.000000	0.000000	0.000000	0.000000	0.000000	0.000000	0.000000	0.000000	0.000000	0.000000	0.000000	0.000000	0.000000	0.000000	0.000000	0.000000	0.000000	0.000000	0.000000	0.000000	0.000000	0.000000	0.000000	
344.422493	344.150108	0.000000	0.000000	0.000000	0.000000	0.000000	0.000000	0.000000	0.000000	0.000000	0.000000	0.000000	0.000000	0.000000	0.000000	0.000000	0.000000	0.000000	0.000000	0.000000	0.000000	0.000000	0.000000	0.000000	0.000000	0.000000	0.000000	0.000000	0.000000	0.000000	0.000000	0.000000	0.000000	0.000000	0.000000	0.000000	0.000000	0.000000	0.000000	0.000000	0.000000	0.000000	
344.493772	343.864141	0.000000	0.000000	0.000000	0.000000	0.000000	0.000000	0.000000	0.000000	0.000000	0.000000	0.000000	0.000000	0.000000	0.000000	0.000000	0.000000	0.000000	0.000000	0.000000	0.000000	0.000000	0.000000	0.000000	0.000000	0.000000	0.000000	0.000000	0.000000	0.000000	0.000000	0.000000	0.000000	0.000000	0.000000	0.000000	0.000000	0.000000	0.000000	0.000000	0.000000	0.000000	
344.565548	343.885488	180.000000	0.000000	0.000000	0.000000	0.000000	0.000000	0.000000	0.000000	0.000000	0.000000	0.000000	0.000000	0.000000	0.000000	0.000000	0.000000	0.000000	0.000000	0.000000	0.000000	0.000000	0.000000	0.000000	0.000000	0.000000	0.000000	0.000000	0.000000	0.000000	0.000000	0.000000	0.000000	0.000000	0.000000	0.000000	0.000000	0.000000	0.000000	0.000000	0.000000	0.000000	
344.637722	343.957521	180.000000	0.000000	0.000000	0.000000	0.000000	0.000000	0.000000	0.000000	0.000000	0.000000	0.000000	0.000000	0.000000	0.000000	0.000000	0.000000	0.000000	0.000000	0.000000	0.000000	0.000000	0.000000	0.000000	0.000000	0.000000	0.000000	0.000000	0.000000	0.000000	0.000000	0.000000	0.000000	0.000000	0.000000	0.000000	0.000000	0.000000	0.000000	0.000000	0.000000	0.000000	
344.710275	344.038243	180.000000	0.000000	0.000000	0.000000	0.000000	0.000000	0.000000	0.000000	0.000000	0.000000	0.000000	0.000000	0.000000	0.000000	0.000000	0.000000	0.000000	0.000000	0.000000	0.000000	0.000000	0.000000	0.000000	0.000000	0.000000	0.000000	0.000000	0.000000	0.000000	0.000000	0.000000	0.000000	0.000000	0.000000	0.000000	0.000000	0.000000	0.000000	0.000000	0.000000	0.000000	
344.783203	344.120789	180.000000	0.000000	0.000000	0.000000	0.000000	0.000000	0.000000	0.000000	0.000000	0.000000	0.000000	0.000000	0.000000	0.000000	0.000000	0.000000	0.000000	0.000000	0.000000	0.000000	0.000000	0.000000	0.000000	0.000000	0.000000	0.000000	0.000000	0.000000	0.000000	0.000000	0.000000	0.000000	0.000000	0.000000	0.000000	0.000000	0.000000	0.000000	0.000000	0.000000	0.000000	
344.856503	344.204033	180.000000	180.000000	0.000000	0.000000	0.000000	0.000000	0.000000	0.000000	0.000000	0.000000	0.000000	0.000000	0.000000	0.000000	0.000000	0.000000	0.000000	0.000000	0.000000	0.000000	0.000000	0.000000	0.000000	0.000000	0.000000	0.000000	0.000000	0.000000	0.000000	0.000000	0.000000	0.000000	0.000000	0.000000	0.000000	0.000000	0.000000	0.000000	0.000000	0.000000	0.000000	
334.795039	344.287790	180.000000	180.000000	0.000000	0.000000	0.000000	0.000000	0.000000	0.000000	0.000000	0.000000	0.000000	0.000000	0.000000	0.000000	0.000000	0.000000	0.000000	0.000000	0.000000	0.000000	0.000000	0.000000	0.000000	0.000000	0.000000	0.000000	0.000000	0.000000	0.000000	0.000000	0.000000	0.000000	0.000000	0.000000	0.000000	0.000000	0.000000	0.000000	0.000000	0.000000	0.000000	
333.299571	344.372024	180.000000	180.000000	0.000000	0.000000	0.000000	0.000000	0.000000	0.000000	0.000000	0.000000	0.000000	0.000000	0.000000	0.000000	0.000000	0.000000	0.000000	0.000000	0.000000	0.000000	0.000000	0.000000	0.000000	0.000000	0.000000	0.000000	0.000000	0.000000	0.000000	0.000000	0.000000	0.000000	0.000000	0.000000	0.000000	0.000000	0.000000	0.000000	0.000000	0.000000	0.000000	
333.137751	333.830525	180.000000	180.000000	0.000000	0.000000	0.000000	0.000000	0.000000	0.000000	0.000000	0.000000	0.000000	0.000000	0.000000	0.000000	0.000000	0.000000	0.000000	0.000000	0.000000	0.000000	0.000000	0.000000	0.000000	0.000000	0.000000	0.000000	0.000000	0.000000	0.000000	0.000000	0.000000	0.000000	0.000000	0.000000	0.000000	0.000000	0.000000	0.000000	0.000000	0.000000	0.000000	
333.184837	332.081472	180.000000	180.000000	180.000000	0.000000	0.000000	0.000000	0.000000	0.000000	0.000000	0.000000	0.000000	0.000000	0.000000	0.000000	0.000000	0.000000	0.000000	0.000000	0.000000	0.000000	0.000000	0.000000	0.000000	0.000000	0.000000	0.000000	0.000000	0.000000	0.000000	0.000000	0.000000	0.000000	0.000000	0.000000	0.000000	0.000000	0.000000	0.000000	0.000000	0.000000	0.000000	
333.265160	331.861788	180.000000	180.000000	180.000000	0.000000	0.000000	0.000000	0.000000	0.000000	0.000000	0.000000	0.000000	0.000000	0.000000	0.000000	0.000000	0.000000	0.000000	0.000000	0.000000	0.000000	0.000000	0.000000	0.000000	0.000000	0.000000	0.000000	0.000000	0.000000	0.000000	0.000000	0.000000	0.000000	0.000000	0.000000	0.000000	0.000000	0.000000	0.000000	0.000000	0.000000	0.000000	
333.351314	331.909725	180.000000	180.000000	180.000000	0.000000	0.000000	0.000000	0.000000	0.000000	0.000000	0.000000	0.000000	0.000000	0.000000	0.000000	0.000000	0.000000	0.000000	0.000000	0.000000	0.000000	0.000000	0.000000	0.000000	0.000000	0.000000	0.000000	0.000000	0.000000	0.000000	0.000000	0.000000	0.000000	0.000000	0.000000	0.000000	0.000000	0.000000	0.000000	0.000000	0.000000	0.000000	
333.439024	332.005073	180.000000	180.000000	180.000000	0.000000	0.000000	0.000000	0.000000	0.000000	0.000000	0.000000	0.000000	0.000000	0.000000	0.000000	0.000000	0.000000	0.000000	0.000000	0.000000	0.000000	0.000000	0.000000	0.000000	0.000000	0.000000	0.000000	0.000000	0.000000	0.000000	0.000000	0.000000	0.000000	0.000000	0.000000	0.000000	0.000000	0.000000	0.000000	0.000000	0.000000	0.000000	
333.527620	332.109449	180.000000	180.000000	180.000000	90.000000	0.000000	0.000000	0.000000	0.000000	0.000000	0.000000	0.000000	0.000000	0.000000	0.000000	0.000000	0.000000	0.000000	0.000000	0.000000	0.000000	0.000000	0.000000	0.000000	0.000000	0.000000	0.000000	0.000000	0.000000	0.000000	0.000000	0.000000	0.000000	0.000000	0.000000	0.000000	0.000000	0.000000	0.000000	0.000000	0.000000	0.000000	
333.616996	332.216168	180.000000	180.000000	180.000000	90.000000	0.000000	0.000000	0.000000	0.000000	0.000000	0.000000	0.000000	0.000000	0.000000	0.000000	0.000000	0.000000	0.000000	0.000000	0.000000	0.000000	0.000000	0.000000	0.000000	0.000000	0.000000	0.000000	0.000000	0.000000	0.000000	0.000000	0.000000	0.000000	0.000000	0.000000	0.000000	0.000000	0.000000	0.000000	0.000000	0.000000	0.000000	
333.707129	332.324061	180.000000	180.000000	180.000000	90.000000	0.000000	0.000000	0.000000	0.000000	0.000000	0.000000	0.000000	0.000000	0.000000	0.000000	0.000000	0.000000	0.000000	0.000000	0.000000	0.000000	0.000000	0.000000	0.000000	0.000000	0.000000	0.000000	0.000000	0.000000	0.000000	0.000000	0.000000	0.000000	0.000000	0.000000	0.000000	0.000000	0.000000	0.000000	0.000000	0.000000	0.000000	
333.798016	332.432923	180.000000	180.000000	180.000000	90.000000	0.000000	0.000000	0.000000	0.000000	0.000000	0.000000	0.000000	0.000000	0.000000	0.000000	0.000000	0.000000	0.000000	0.000000	0.000000	0.000000	0.000000	0.000000	0.000000	0.000000	0.000000	0.000000	0.000000	0.000000	0.000000	0.000000	0.000000	0.000000	0.000000	0.000000	0.000000	0.000000	0.000000	0.000000	0.000000	0.000000	0.000000	
333.889650	332.542712	180.000000	180.000000	180.000000	90.000000	90.000000	0.000000	0.000000	0.000000	0.000000	0.000000	0.000000	0.000000	0.000000	0.000000	0.000000	0.000000	0.000000	0.000000	0.000000	0.000000	0.000000	0.000000	0.000000	0.000000	0.000000	0.000000	0.000000	0.000000	0.000000	0.000000	0.000000	0.000000	0.000000	0.000000	0.000000	0.000000	0.000000	0.000000	0.000000	0.000000	0.000000	
333.982028	332.653419	180.000000	180.000000	180.000000	90.000000	96.057559	0.000000	0.000000	0.000000	0.000000	0.000000	0.000000	0.000000	0.000000	0.000000	0.000000	0.000000	0.000000	0.000000	0.000000	0.000000	0.000000	0.000000	0.000000	0.000000	0.000000	0.000000	0.000000	0.000000	0.000000	0.000000	0.000000	0.000000	0.000000	0.000000	0.000000	0.000000	0.000000	0.000000	0.000000	0.000000	0.000000	
334.075146	332.765036	180.000000	180.000000	180.000000	90.000000	97.254209	0.000000	0.000000	0.000000	0.000000	0.000000	0.000000	0.000000	0.000000	0.000000	0.000000	0.000000	0.000000	0.000000	0.000000	0.000000	0.000000	0.000000	0.000000	0.000000	0.000000	0.000000	0.000000	0.000000	0.000000	0.000000	0.000000	0.000000	0.000000	0.000000	0.000000	0.000000	0.000000	0.000000	0.000000	0.000000	0.000000	
334.169001	332.877559	180.000000	180.000000	180.000000	90.000000	97.537955	0.000000	0.000000	0.000000	0.000000	0.000000	0.000000	0.000000	0.000000	0.000000	0.000000	0.000000	0.000000	0.000000	0.000000	0.000000	0.000000	0.000000	0.000000	0.000000	0.000000	0.000000	0.000000	0.000000	0.000000	0.000000	0.000000	0.000000	0.000000	0.000000	0.000000	0.000000	0.000000	0.000000	0.000000	0.000000	0.000000	
334.263589	332.990983	180.000000	180.000000	180.000000	90.000000	97.649045	0.000000	0.000000	0.000000	0.000000	0.000000	0.000000	0.000000	0.000000	0.000000	0.000000	0.000000	0.000000	0.000000	0.000000	0.000000	0.000000	0.000000	0.000000	0.000000	0.000000	0.000000	0.000000	0.000000	0.000000	0.000000	0.000000	0.000000	0.000000	0.000000	0.000000	0.000000	0.000000	0.000000	0.000000	0.000000	0.000000	
334.358906	333.105304	180.000000	180.000000	180.000000	90.000000	97.726801	345.677280	0.000000	0.000000	0.000000	0.000000	0.000000	0.000000	0.000000	0.000000	0.000000	0.000000	0.000000	0.000000	0.000000	0.000000	0.000000	0.000000	0.000000	0.000000	0.000000	0.000000	0.000000	0.000000	0.000000	0.000000	0.000000	0.000000	0.000000	0.000000	0.000000	0.000000	0.000000	0.000000	0.000000	0.000000	0.000000	
334.454949	333.220517	180.000000	180.000000	180.000000	90.000000	97.797455	343.665228	0.000000	0.000000	0.000000	0.000000	0.000000	0.000000	0.000000	0.000000	0.000000	0.000000	0.000000	0.000000	0.000000	0.000000	0.000000	0.000000	0.000000	0.000000	0.000000	0.000000	0.000000	0.000000	0.000000	0.000000	0.000000	0.000000	0.000000	0.000000	0.000000	0.000000	0.000000	0.000000	0.000000	0.000000	0.000000	
334.551715	333.336618	180.000000	180.000000	180.000000	90.000000	97.865943	343.432795	0.000000	0.000000	0.000000	0.000000	0.000000	0.000000	0.000000	0.000000	0.000000	0.000000	0.000000	0.000000	0.000000	0.000000	0.000000	0.000000	0.000000	0.000000	0.000000	0.000000	0.000000	0.000000	0.000000	0.000000	0.000000	0.000000	0.000000	0.000000	0.000000	0.000000	0.000000	0.000000	0.000000	0.000000	0.000000	
334.649200	333.453603	180.000000	180.000000	180.000000	90.000000	97.933189	343.460216	315.000000	0.000000	0.000000	0.000000	0.000000	0.000000	0.000000	0.000000	0.000000	0.000000	0.000000	0.000000	0.000000	0.000000	0.000000	0.000000	0.000000	0.000000	0.000000	0.000000	0.000000	0.000000	0.000000	0.000000	0.000000	0.000000	0.000000	0.000000	0.000000	0.000000	0.000000	0.000000	0.000000	0.000000	0.000000	
334.747400	333.571467	180.000000	180.000000	180.000000	90.000000	97.999357	343.525806	315.000000	0.000000	0.000000	0.000000	0.000000	0.000000	0.000000	0.000000	0.000000	0.000000	0.000000	0.000000	0.000000	0.000000	0.000000	0.000000	0.000000	0.000000	0.000000	0.000000	0.000000	0.000000	0.000000	0.000000	0.000000	0.000000	0.000000	0.000000	0.000000	0.000000	0.000000	0.000000	0.000000	0.000000	0.000000	
334.846314	333.690207	180.000000	180.000000	180.000000	90.000000	98.064471	343.597261	315.000000	0.000000	0.000000	0.000000	0.000000	0.000000	0.000000	0.000000	0.000000	0.000000	0.000000	0.000000	0.000000	0.000000	0.000000	0.000000	0.000000	0.000000	0.000000	0.000000	0.000000	0.000000	0.000000	0.000000	0.000000	0.000000	0.000000	0.000000	0.000000	0.000000	0.000000	0.000000	0.000000	0.000000	0.000000	
334.945937	333.809819	180.000000	180.000000	180.000000	90.000000	98.128528	343.669875	315.000000	0.000000	0.000000	0.000000	0.000000	0.000000	0.000000	0.000000	0.000000	0.000000	0.000000	0.000000	0.000000	0.000000	0.000000	0.000000	0.000000	0.000000	0.000000	0.000000	0.000000	0.000000	0.000000	0.000000	0.000000	0.000000	0.000000	0.000000	0.000000	0.000000	0.000000	0.000000	0.000000	0.000000	0.000000	
335.046267	346.658374	180.000000	180.000000	180.000000	90.000000	98.191521	343.742964	315.000000	0.000000	0.000000	0.000000	0.000000	0.000000	0.000000	0.000000	0.000000	0.000000	0.000000	0.000000	0.000000	0.000000	0.000000	0.000000	0.000000	0.000000	0.000000	0.000000	0.000000	0.000000	0.000000	0.000000	0.000000	0.000000	0.000000	0.000000	0.000000	0.000000	0.000000	0.000000	0.000000	0.000000	0.000000	
335.147300	336.160133	180.000000	180.000000	180.000000	90.000000	98.253439	343.816424	315.000000	0.000000	0.000000	0.000000	0.000000	0.000000	0.000000	0.000000	0.000000	0.000000	0.000000	0.000000	0.000000	0.000000	0.000000	0.000000	0.000000	0.000000	0.000000	0.000000	0.000000	0.000000	0.000000	0.000000	0.000000	0.000000	0.000000	0.000000	0.000000	0.000000	0.000000	0.000000	0.000000	0.000000	0.000000	
335.249035	334.479570	180.000000	180.000000	180.000000	90.000000	98.314275	343.890239	315.000000	0.000000	0.000000	0.000000	0.000000	0.000000	0.000000	0.000000	0.000000	0.000000	0.000000	0.000000	0.000000	0.000000	0.000000	0.000000	0.000000	0.000000	0.000000	0.000000	0.000000	0.000000	0.000000	0.000000	0.000000	0.000000	0.000000	0.000000	0.000000	0.000000	0.000000	0.000000	0.000000	0.000000	0.000000	
347.921044	346.877195	180.000000	180.000000	180.000000	90.000000	98.374019	343.964404	315.000000	0.000000	0.000000	0.000000	0.000000	0.000000	0.000000	0.000000	0.000000	0.000000	0.000000	0.000000	0.000000	0.000000	0.000000	0.000000	0.000000	0.000000	0.000000	0.000000	0.000000	0.000000	0.000000	0.000000	0.000000	0.000000	0.000000	0.000000	0.000000	0.000000	0.000000	0.000000	0.000000	0.000000	0.000000	
337.313466	336.444658	180.000000	180.000000	180.000000	90.000000	98.432664	332.490861	315.000000	0.000000	0.000000	0.000000	0.000000	0.000000	0.000000	0.000000	0.000000	0.000000	0.000000	0.000000	0.000000	0.000000	0.000000	0.000000	0.000000	0.000000	0.000000	0.000000	0.000000	0.000000	0.000000	0.000000	0.000000	0.000000	0.000000	0.000000	0.000000	0.000000	0.000000	0.000000	0.000000	0.000000	0.000000	
335.791900	347.293159	180.000000	180.000000	180.000000	90.000000	98.490202	330.791777	315.000000	0.000000	0.000000	0.000000	0.000000	0.000000	0.000000	0.000000	0.000000	0.000000	0.000000	0.000000	0.000000	0.000000	0.000000	0.000000	0.000000	0.000000	0.000000	0.000000	0.000000	0.000000	0.000000	0.000000	0.000000	0.000000	0.000000	0.000000	0.000000	0.000000	0.000000	0.000000	0.000000	0.000000	0.000000	
348.082847	336.665618	180.000000	180.000000	180.000000	90.000000	98.546623	330.607614	315.000000	0.000000	0.000000	0.000000	0.000000	0.000000	0.000000	0.000000	0.000000	0.000000	0.000000	0.000000	0.000000	0.000000	0.000000	0.000000	0.000000	0.000000	0.000000	0.000000	0.000000	0.000000	0.000000	0.000000	0.000000	0.000000	0.000000	0.000000	0.000000	0.000000	0.000000	0.000000	0.000000	0.000000	0.000000	
337.550215	347.380806	180.000000	180.000000	180.000000	90.000000	98.601921	330.659834	315.000000	0.000000	0.000000	0.000000	0.000000	0.000000	0.000000	0.000000	0.000000	0.000000	0.000000	0.000000	0.000000	0.000000	0.000000	0.000000	0.000000	0.000000	0.000000	0.000000	0.000000	0.000000	0.000000	0.000000	0.000000	0.000000	0.000000	0.000000	0.000000	0.000000	0.000000	0.000000	0.000000	0.000000	0.000000	
348.410108	336.834964	180.000000	180.000000	180.000000	90.000000	98.656088	330.749376	315.000000	0.000000	0.000000	0.000000	0.000000	0.000000	0.000000	0.000000	0.000000	0.000000	0.000000	0.000000	0.000000	0.000000	0.000000	0.000000	0.000000	0.000000	0.000000	0.000000	0.000000	0.000000	0.000000	0.000000	0.000000	0.000000	0.000000	0.000000	0.000000	0.000000	0.000000	0.000000	0.000000	0.000000	0.000000	
337.727593	347.461589	180.000000	180.000000	180.000000	90.000000	98.709116	330.845286	315.000000	0.000000	0.000000	0.000000	0.000000	0.000000	0.000000	0.000000	0.000000	0.000000	0.000000	0.000000	0.000000	0.000000	0.000000	0.000000	0.000000	0.000000	0.000000	0.000000	0.000000	0.000000	0.000000	0.000000	0.000000	0.000000	0.000000	0.000000	0.000000	0.000000	0.000000	0.000000	0.000000	0.000000	0.000000	
348.472618	337.006672	180.000000	180.000000	180.000000	90.000000	98.760999	330.942752	315.000000	0.000000	0.000000	0.000000	0.000000	0.000000	0.000000	0.000000	0.000000	0.000000	0.000000	0.000000	0.000000	0.000000	0.000000	0.000000	0.000000	0.000000	0.000000	0.000000	0.000000	0.000000	0.000000	0.000000	0.000000	0.000000	0.000000	0.000000	0.000000	0.000000	0.000000	0.000000	0.000000	0.000000	0.000000	
337.868144	347.545769	180.000000	180.000000	180.000000	90.000000	98.811729	331.041027	315.000000	0.000000	0.000000	0.000000	0.000000	0.000000	0.000000	0.000000	0.000000	0.000000	0.000000	0.000000	0.000000	0.000000	0.000000	0.000000	0.000000	0.000000	0.000000	0.000000	0.000000	0.000000	0.000000	0.000000	0.000000	0.000000	0.000000	0.000000	0.000000	0.000000	0.000000	0.000000	0.000000	0.000000	0.000000	
348.531264	337.182419	180.000000	180.000000	180.000000	90.000000	98.861301	331.139990	315.000000	0.000000	0.000000	0.000000	45.000000	0.000000	0.000000	0.000000	0.000000	0.000000	0.000000	0.000000	0.000000	0.000000	0.000000	0.000000	0.000000	0.000000	0.000000	0.000000	0.000000	0.000000	0.000000	0.000000	0.000000	0.000000	0.000000	0.000000	0.000000	0.000000	0.000000	0.000000	0.000000	0.000000	0.000000	
338.011025	347.633662	180.000000	180.000000	180.000000	90.000000	98.909706	331.239622	315.000000	0.000000	0.000000	0.000000	45.000000	0.000000	0.000000	0.000000	0.000000	0.000000	0.000000	0.000000	0.000000	0.000000	0.000000	0.000000	0.000000	0.000000	0.000000	0.000000	0.000000	0.000000	0.000000	0.000000	0.000000	0.000000	0.000000	0.000000	0.000000	0.000000	0.000000	0.000000	0.000000	0.000000	0.000000	
348.592669	337.362218	180.000000	180.000000	180.000000	90.000000	98.956940	331.339916	315.000000	0.000000	0.000000	0.000000	45.000000	0.000000	0.000000	0.000000	0.000000	0.000000	0.000000	0.000000	0.000000	0.000000	0.000000	0.000000	0.000000	0.000000	0.000000	0.000000	0.000000	0.000000	0.000000	0.000000	0.000000	0.000000	0.000000	0.000000	0.000000	0.000000	0.000000	0.000000	0.000000	0.000000	0.000000	
338.157198	347.725265	180.000000	180.000000	180.000000	90.000000	99.002997	331.440869	315.000000	0.000000	0.000000	0.000000	45.000000	0.000000	0.000000	0.000000	0.000000	0.000000	0.000000	0.000000	0.000000	0.000000	0.000000	0.000000	0.000000	0.000000	0.000000	0.000000	0.000000	0.000000	0.000000	0.000000	0.000000	0.000000	0.000000	0.000000	0.000000	0.000000	0.000000	0.000000	0.000000	0.000000	0.000000	
348.656995	337.546030	180.000000	180.000000	180.000000	90.000000	99.047869	331.542478	315.000000	0.000000	0.000000	0.000000	45.000000	0.000000	0.000000	0.000000	0.000000	0.000000	0.000000	0.000000	0.000000	0.000000	0.000000	0.000000	0.000000	0.000000	0.000000	0.000000	0.000000	0.000000	0.000000	0.000000	0.000000	0.000000	0.000000	0.000000	0.000000	0.000000	0.000000	0.000000	0.000000	0.000000	0.000000	
338.306657	347.820565	180.000000	180.000000	180.000000	90.000000	99.091552	331.644741	315.000000	0.000000	0.000000	0.000000	45.000000	0.000000	0.000000	0.000000	0.000000	0.000000	0.000000	0.000000	0.000000	0.000000	0.000000	0.000000	0.000000	0.000000	0.000000	0.000000	0.000000	0.000000	0.000000	0.000000	0.000000	0.000000	0.000000	0.000000	0.000000	0.000000	0.000000	0.000000	0.000000	0.000000	0.000000	
348.724236	337.733817	180.000000	180.000000	180.000000	90.000000	99.134041	331.747654	315.000000	0.000000	0.000000	0.000000	45.000000	0.000000	0.000000	0.000000	0.000000	0.000000	0.000000	0.000000	0.000000	0.000000	0.000000	0.000000	0.000000	0.000000	0.000000	0.000000	0.000000	0.000000	0.000000	0.000000	0.000000	0.000000	0.000000	0.000000	0.000000	0.000000	0.000000	0.000000	0.000000	0.000000	0.000000	
338.459372	347.919547	180.000000	180.000000	180.000000	90.000000	99.175330	331.851216	315.000000	0.000000	0.000000	0.000000	45.000000	0.000000	0.000000	0.000000	0.000000	0.000000	0.000000	0.000000	0.000000	0.000000	0.000000	0.000000	0.000000	0.000000	0.000000	0.000000	0.000000	0.000000	0.000000	0.000000	0.000000	0.000000	0.000000	0.000000	0.000000	0.000000	0.000000	0.000000	0.000000	0.000000	0.000000	
348.794386	337.925541	180.000000	180.000000	180.000000	90.000000	99.215414	331.955423	315.000000	0.000000	0.000000	0.000000	45.000000	0.000000	270.000000	0.000000	0.000000	0.000000	0.000000	0.000000	0.000000	0.000000	0.000000	0.000000	0.000000	0.000000	0.000000	0.000000	0.000000	0.000000	0.000000	0.000000	0.000000	0.000000	0.000000	0.000000	0.000000	0.000000	0.000000	0.000000	0.000000	0.000000	0.000000	
338.615315	348.022200	180.000000	180.000000	180.000000	90.000000	99.254289	332.060272	315.000000	0.000000	0.000000	0.000000	45.000000	0.000000	270.000000	0.000000	0.000000	0.000000	0.000000	0.000000	0.000000	0.000000	0.000000	0.000000	0.000000	0.000000	0.000000	0.000000	0.000000	0.000000	0.000000	0.000000	0.000000	0.000000	0.000000	0.000000	0.000000	0.000000	0.000000	0.000000	0.000000	0.000000	0.000000	
348.867435	338.121169	180.000000	180.000000	180.000000	90.000000	99.291949	332.165763	315.000000	0.000000	0.000000	0.000000	45.000000	0.000000	270.000000	0.000000	0.000000	0.000000	0.000000	0.000000	0.000000	0.000000	0.000000	0.000000	0.000000	0.000000	0.000000	0.000000	0.000000	0.000000	0.000000	0.000000	0.000000	0.000000	0.000000	0.000000	0.000000	0.000000	0.000000	0.000000	0.000000	0.000000	0.000000	
338.774456	348.128508	180.000000	180.000000	180.000000	90.000000	99.328391	332.271891	315.000000	0.000000	0.000000	0.000000	45.000000	0.000000	270.000000	0.000000	0.000000	0.000000	0.000000	0.000000	0.000000	0.000000	0.000000	0.000000	0.000000	0.000000	0.000000	0.000000	0.000000	0.000000	0.000000	0.000000	0.000000	0.000000	0.000000	0.000000	0.000000	0.000000	0.000000	0.000000	0.000000	0.000000	0.000000	
348.943376	350.032990	180.000000	180.000000	180.000000	90.000000	99.363611	332.378656	315.000000	0.000000	0.000000	0.000000	45.000000	0.000000	270.000000	180.000000	0.000000	0.000000	0.000000	0.000000	0.000000	0.000000	0.000000	0.000000	0.000000	0.000000	0.000000	0.000000	0.000000	0.000000	0.000000	0.000000	0.000000	0.000000	0.000000	0.000000	0.000000	0.000000	0.000000	0.000000	0.000000	0.000000	0.000000	
338.936771	338.698749	180.000000	180.000000	180.000000	90.000000	99.397604	332.486054	315.000000	0.000000	0.000000	0.000000	45.000000	0.000000	270.000000	180.000000	0.000000	0.000000	0.000000	0.000000	0.000000	0.000000	0.000000	0.000000	0.000000	0.000000	0.000000	0.000000	0.000000	0.000000	0.000000	0.000000	0.000000	0.000000	0.000000	0.000000	0.000000	0.000000	0.000000	0.000000	0.000000	0.000000	0.000000	
349.022199	348.315365	180.000000	180.000000	180.000000	90.000000	99.430366	346.060205	315.000000	0.000000	0.000000	0.000000	45.000000	0.000000	270.000000	180.000000	0.000000	0.000000	0.000000	0.000000	0.000000	0.000000	0.000000	0.000000	0.000000	0.000000	0.000000	0.000000	0.000000	0.000000	0.000000	0.000000	0.000000	0.000000	0.000000	0.000000	0.000000	0.000000	0.000000	0.000000	0.000000	0.000000	0.000000	
339.102232	350.145459	180.000000	180.000000	180.000000	90.000000	99.461895	334.696320	315.000000	0.000000	0.000000	0.000000	45.000000	0.000000	270.000000	180.000000	0.000000	0.000000	0.000000	0.000000	0.000000	0.000000	0.000000	0.000000	0.000000	0.000000	0.000000	0.000000	0.000000	0.000000	0.000000	0.000000	0.000000	0.000000	0.000000	0.000000	0.000000	0.000000	0.000000	0.000000	0.000000	0.000000	0.000000	
349.103897	350.499872	180.000000	180.000000	180.000000	90.000000	99.492187	333.069170	315.000000	0.000000	0.000000	0.000000	45.000000	0.000000	270.000000	180.000000	90.000000	0.000000	0.000000	0.000000	0.000000	0.000000	0.000000	0.000000	0.000000	0.000000	0.000000	0.000000	0.000000	0.000000	0.000000	0.000000	0.000000	0.000000	0.000000	0.000000	0.000000	0.000000	0.000000	0.000000	0.000000	0.000000	0.000000	
350.796047	350.574035	180.000000	180.000000	180.000000	90.000000	99.521238	346.251278	315.000000	0.000000	0.000000	0.000000	45.000000	0.000000	270.000000	180.000000	90.000000	0.000000	0.000000	0.000000	0.000000	0.000000	0.000000	0.000000	0.000000	0.000000	0.000000	0.000000	0.000000	0.000000	0.000000	0.000000	0.000000	0.000000	0.000000	0.000000	0.000000	0.000000	0.000000	0.000000	0.000000	0.000000	0.000000	
339.574439	350.595769	180.000000	180.000000	180.000000	90.000000	99.549047	334.953726	315.000000	0.000000	0.000000	0.000000	45.000000	0.000000	270.000000	180.000000	90.000000	0.000000	0.000000	0.000000	0.000000	0.000000	0.000000	0.000000	0.000000	0.000000	0.000000	0.000000	0.000000	0.000000	0.000000	0.000000	0.000000	0.000000	0.000000	0.000000	0.000000	0.000000	0.000000	0.000000	0.000000	0.000000	0.000000	
349.240517	350.608474	180.000000	180.000000	180.000000	90.000000	99.575609	346.616922	315.000000	0.000000	0.000000	0.000000	45.000000	0.000000	270.000000	180.000000	90.000000	0.000000	0.000000	0.000000	0.000000	0.000000	0.000000	0.000000	0.000000	0.000000	0.000000	0.000000	0.000000	0.000000	0.000000	0.000000	0.000000	0.000000	0.000000	0.000000	0.000000	0.000000	0.000000	0.000000	0.000000	0.000000	0.000000	
350.875944	350.620410	180.000000	180.000000	180.000000	90.000000	99.600923	335.148338	315.000000	0.000000	0.000000	0.000000	45.000000	0.000000	270.000000	180.000000	90.000000	180.000000	0.000000	0.000000	0.000000	0.000000	0.000000	0.000000	0.000000	0.000000	0.000000	0.000000	0.000000	0.000000	0.000000	0.000000	0.000000	0.000000	0.000000	0.000000	0.000000	0.000000	0.000000	0.000000	0.000000	0.000000	0.000000	
351.154982	350.633149	180.000000	180.000000	180.000000	90.000000	99.624986	346.696419	315.000000	0.000000	0.000000	0.000000	45.000000	0.000000	270.000000	180.000000	90.000000	180.000000	0.000000	0.000000	0.000000	0.000000	0.000000	0.000000	0.000000	0.000000	0.000000	0.000000	0.000000	0.000000	0.000000	0.000000	0.000000	0.000000	0.000000	0.000000	0.000000	0.000000	0.000000	0.000000	0.000000	0.000000	0.000000	
351.204433	350.646988	180.000000	180.000000	180.000000	90.000000	99.647795	335.302772	315.000000	0.000000	0.000000	0.000000	45.000000	0.000000	270.000000	180.000000	90.000000	180.000000	0.000000	0.000000	0.000000	0.000000	0.000000	0.000000	0.000000	0.000000	0.000000	0.000000	0.000000	0.000000	0.000000	0.000000	0.000000	0.000000	0.000000	0.000000	0.000000	0.000000	0.000000	0.000000	0.000000	0.000000	0.000000	
351.215671	350.661982	180.000000	180.000000	180.000000	90.000000	99.669350	346.771305	315.000000	0.000000	0.000000	0.000000	45.000000	0.000000	270.000000	180.000000	90.000000	180.000000	0.000000	0.000000	0.000000	0.000000	0.000000	0.000000	0.000000	0.000000	0.000000	0.000000	0.000000	0.000000	0.000000	0.000000	0.000000	0.000000	0.000000	0.000000	0.000000	0.000000	0.000000	0.000000	0.000000	0.000000	0.000000	
351.221188	350.678141	180.000000	180.000000	180.000000	90.000000	99.689648	335.459111	315.000000	0.000000	0.000000	0.000000	45.000000	0.000000	270.000000	180.000000	90.000000	180.000000	270.000000	0.000000	0.000000	0.000000	0.000000	0.000000	0.000000	0.000000	0.000000	0.000000	0.000000	0.000000	0.000000	0.000000	0.000000	0.000000	0.000000	0.000000	0.000000	0.000000	0.000000	0.000000	0.000000	0.000000	0.000000	
351.226497	350.627351	180.000000	180.000000	180.000000	90.000000	99.708687	346.848772	315.000000	0.000000	0.000000	0.000000	45.000000	0.000000	270.000000	180.000000	90.000000	180.000000	270.000000	0.000000	0.000000	0.000000	0.000000	0.000000	0.000000	0.000000	0.000000	0.000000	0.000000	0.000000	0.000000	0.000000	0.000000	0.000000	0.000000	0.000000	0.000000	0.000000	0.000000	0.000000	0.000000	0.000000	0.000000	
351.232533	350.528198	180.000000	180.000000	180.000000	90.000000	99.726465	335.618401	315.000000	0.000000	0.000000	0.000000	45.000000	0.000000	270.000000	180.000000	90.000000	180.000000	270.000000	0.000000	0.000000	0.000000	0.000000	0.000000	0.000000	0.000000	0.000000	0.000000	0.000000	0.000000	0.000000	0.000000	0.000000	0.000000	0.000000	0.000000	0.000000	0.000000	0.000000	0.000000	0.000000	0.000000	0.000000	
351.239453	350.421603	180.000000	180.000000	180.000000	90.000000	99.742983	346.928996	315.000000	0.000000	0.000000	0.000000	45.000000	0.000000	270.000000	180.000000	90.000000	180.000000	270.000000	0.000000	0.000000	0.000000	0.000000	0.000000	0.000000	0.000000	0.000000	0.000000	0.000000	0.000000	0.000000	0.000000	0.000000	0.000000	0.000000	0.000000	0.000000	0.000000	0.000000	0.000000	0.000000	0.000000	0.000000	
351.247283	350.315422	180.000000	180.000000	180.000000	90.000000	99.758238	335.780642	315.000000	0.000000	0.000000	0.000000	45.000000	0.000000	270.000000	180.000000	90.000000	180.000000	270.000000	180.000000	0.000000	0.000000	0.000000	0.000000	0.000000	0.000000	0.000000	0.000000	0.000000	0.000000	0.000000	0.000000	0.000000	0.000000	0.000000	0.000000	0.000000	0.000000	0.000000	0.000000	0.000000	0.000000	0.000000	
351.256027	350.698647	180.000000	180.000000	180.000000	90.000000	99.772229	347.011974	315.000000	0.000000	0.000000	0.000000	45.000000	0.000000	270.000000	180.000000	90.000000	180.000000	270.000000	180.000000	0.000000	0.000000	0.000000	0.000000	0.000000	0.000000	0.000000	0.000000	0.000000	0.000000	0.000000	0.000000	0.000000	0.000000	0.000000	0.000000	0.000000	0.000000	0.000000	0.000000	0.000000	0.000000	0.000000	
351.265686	350.199199	180.000000	180.000000	180.000000	90.000000	99.784957	335.945808	315.000000	0.000000	0.000000	0.000000	45.000000	0.000000	270.000000	180.000000	90.000000	180.000000	270.000000	180.000000	0.000000	0.000000	0.000000	0.000000	0.000000	0.000000	0.000000	0.000000	0.000000	0.000000	0.000000	0.000000	0.000000	0.000000	0.000000	0.000000	0.000000	0.000000	0.000000	0.000000	0.000000	0.000000	0.000000	
351.276258	350.719112	180.000000	180.000000	180.000000	90.000000	99.796419	347.097698	315.000000	0.000000	0.000000	0.000000	45.000000	0.000000	270.000000	180.000000	90.000000	180.000000	270.000000	180.000000	0.000000	0.000000	0.000000	0.000000	0.000000	0.000000	0.000000	0.000000	0.000000	0.000000	0.000000	0.000000	0.000000	0.000000	0.000000	0.000000	0.000000	0.000000	0.000000	0.000000	0.000000	0.000000	0.000000	
351.287742	350.039629	180.000000	180.000000	180.000000	90.000000	99.806615	336.113873	315.000000	0.000000	0.000000	0.000000	45.000000	0.000000	270.000000	180.000000	90.000000	180.000000	270.000000	180.000000	90.000000	0.000000	0.000000	0.000000	0.000000	0.000000	0.000000	0.000000	0.000000	0.000000	0.000000	0.000000	0.000000	0.000000	0.000000	0.000000	0.000000	0.000000	0.000000	0.000000	0.000000	0.000000	0.000000	
351.300137	350.736433	180.000000	180.000000	180.000000	90.000000	99.815546	347.186161	315.000000	0.000000	0.000000	0.000000	45.000000	0.000000	270.000000	180.000000	90.000000	180.000000	270.000000	180.000000	90.000000	0.000000	0.000000	0.000000	0.000000	0.000000	0.000000	0.000000	0.000000	0.000000	0.000000	0.000000	0.000000	0.000000	0.000000	0.000000	0.000000	0.000000	0.000000	0.000000	0.000000	0.000000	0.000000	
351.313443	349.885550	180.000000	180.000000	180.000000	90.000000	99.823212	336.284815	315.000000	0.000000	0.000000	0.000000	45.000000	0.000000	270.000000	180.000000	90.000000	180.000000	270.000000	180.000000	90.000000	0.000000	0.000000	0.000000	0.000000	0.000000	0.000000	0.000000	0.000000	0.000000	0.000000	0.000000	0.000000	0.000000	0.000000	0.000000	0.000000	0.000000	0.000000	0.000000	0.000000	0.000000	0.000000	
351.327658	350.759806	180.000000	180.000000	180.000000	90.000000	99.829611	347.277354	315.000000	0.000000	0.000000	0.000000	45.000000	0.000000	270.000000	180.000000	90.000000	180.000000	270.000000	180.000000	90.000000	0.000000	0.000000	0.000000	0.000000	0.000000	0.000000	0.000000	0.000000	0.000000	0.000000	0.000000	0.000000	0.000000	0.000000	0.000000	0.000000	0.000000	0.000000	0.000000	0.000000	0.000000	0.000000	
351.342780	350.948560	180.000000	180.000000	180.000000	90.000000	99.834744	336.458610	315.000000	0.000000	0.000000	0.000000	45.000000	0.000000	270.000000	180.000000	90.000000	180.000000	270.000000	180.000000	90.000000	270.000000	0.000000	0.000000	0.000000	0.000000	0.000000	0.000000	0.000000	0.000000	0.000000	0.000000	0.000000	0.000000	0.000000	0.000000	0.000000	0.000000	0.000000	0.000000	0.000000	0.000000	0.000000	
351.358810	349.697392	180.000000	180.000000	180.000000	90.000000	99.838612	347.371271	315.000000	0.000000	0.000000	0.000000	45.000000	0.000000	270.000000	180.000000	90.000000	180.000000	270.000000	180.000000	90.000000	270.000000	0.000000	0.000000	0.000000	0.000000	0.000000	0.000000	0.000000	0.000000	0.000000	0.000000	0.000000	0.000000	0.000000	0.000000	0.000000	0.000000	0.000000	0.000000	0.000000	0.000000	0.000000	
351.375745	7.966350	180.000000	180.000000	180.000000	90.000000	99.841214	336.635236	315.000000	0.000000	0.000000	0.000000	45.000000	0.000000	270.000000	180.000000	90.000000	180.000000	270.000000	180.000000	90.000000	270.000000	0.000000	0.000000	0.000000	0.000000	0.000000	0.000000	0.000000	0.000000	0.000000	0.000000	0.000000	0.000000	0.000000	0.000000	0.000000	0.000000	0.000000	0.000000	0.000000	0.000000	0.000000	
351.393584	356.673507	180.000000	180.000000	180.000000	90.000000	99.842552	347.467903	315.000000	0.000000	0.000000	0.000000	45.000000	0.000000	270.000000	180.000000	90.000000	180.000000	270.000000	180.000000	90.000000	270.000000	0.000000	0.000000	0.000000	0.000000	0.000000	0.000000	0.000000	0.000000	0.000000	0.000000	0.000000	0.000000	0.000000	0.000000	0.000000	0.000000	0.000000	0.000000	0.000000	0.000000	0.000000	
351.412326	8.102258	180.000000	180.000000	180.000000	90.000000	99.842626	336.814673	315.000000	0.000000	0.000000	0.000000	45.000000	0.000000	270.000000	180.000000	90.000000	180.000000	270.000000	180.000000	90.000000	270.000000	0.000000	0.000000	0.000000	0.000000	0.000000	0.000000	0.000000	0.000000	0.000000	0.000000	0.000000	0.000000	0.000000	0.000000	0.000000	0.000000	0.000000	0.000000	0.000000	0.000000	0.000000	
351.431970	356.582687	180.000000	180.000000	180.000000	90.000000	99.841437	347.567242	315.000000	0.000000	0.000000	0.000000	45.000000	0.000000	270.000000	180.000000	90.000000	180.000000	270.000000	180.000000	90.000000	270.000000	0.000000	0.000000	0.000000	0.000000	0.000000	0.000000	0.000000	0.000000	0.000000	0.000000	0.000000	0.000000	0.000000	0.000000	0.000000	0.000000	0.000000	0.000000	0.000000	0.000000	0.000000	
351.370625	7.881281	180.000000	180.000000	180.000000	90.000000	99.838986	349.409249	315.000000	0.000000	0.000000	0.000000	45.000000	0.000000	270.000000	180.000000	90.000000	180.000000	270.000000	180.000000	90.000000	270.000000	0.000000	0.000000	0.000000	0.000000	0.000000	0.000000	0.000000	0.000000	0.000000	0.000000	0.000000	0.000000	0.000000	0.000000	0.000000	0.000000	0.000000	0.000000	0.000000	0.000000	0.000000	
351.285796	356.432872	180.000000	180.000000	180.000000	90.000000	99.835274	337.326932	315.000000	0.000000	0.000000	0.000000	45.000000	0.000000	270.000000	180.000000	90.000000	180.000000	270.000000	180.000000	90.000000	270.000000	0.000000	0.000000	0.000000	0.000000	0.000000	0.000000	0.000000	0.000000	0.000000	0.000000	0.000000	0.000000	0.000000	0.000000	0.000000	0.000000	0.000000	0.000000	0.000000	0.000000	0.000000	
351.198462	7.650878	180.000000	180.000000	180.000000	90.000000	99.830302	347.732972	315.000000	0.000000	0.000000	0.000000	45.000000	0.000000	270.000000	180.000000	90.000000	180.000000	270.000000	180.000000	90.000000	270.000000	0.000000	0.000000	0.000000	0.000000	0.000000	0.000000	0.000000	0.000000	0.000000	0.000000	0.000000	0.000000	0.000000	0.000000	0.000000	0.000000	0.000000	0.000000	0.000000	0.000000	0.000000	
8.889283	356.289001	180.000000	180.000000	180.000000	90.000000	99.824071	349.515227	315.000000	0.000000	0.000000	0.000000	45.000000	0.000000	270.000000	180.000000	90.000000	180.000000	270.000000	180.000000	90.000000	270.000000	0.000000	0.000000	0.000000	0.000000	0.000000	0.000000	0.000000	0.000000	0.000000	0.000000	0.000000	0.000000	0.000000	0.000000	0.000000	0.000000	0.000000	0.000000	0.000000	0.000000	0.000000	
358.566630	7.424541	180.000000	180.000000	180.000000	90.000000	99.816583	349.828393	315.000000	0.000000	0.000000	0.000000	45.000000	0.000000	270.000000	180.000000	90.000000	180.000000	270.000000	180.000000	90.000000	270.000000	0.000000	0.000000	0.000000	0.000000	0.000000	0.000000	0.000000	0.000000	0.000000	0.000000	0.000000	0.000000	0.000000	0.000000	0.000000	0.000000	0.000000	0.000000	0.000000	0.000000	0.000000	
9.994284	356.153587	180.000000	180.000000	180.000000	90.000000	99.807840	349.848942	315.000000	0.000000	0.000000	0.000000	45.000000	0.000000	270.000000	180.000000	90.000000	180.000000	270.000000	180.000000	90.000000	270.000000	0.000000	0.000000	0.000000	0.000000	0.000000	0.000000	0.000000	0.000000	0.000000	0.000000	0.000000	0.000000	0.000000	0.000000	0.000000	0.000000	0.000000	0.000000	0.000000	0.000000	0.000000	
358.625052	7.202973	180.000000	180.000000	180.000000	90.000000	99.797842	349.766528	315.000000	0.000000	0.000000	0.000000	45.000000	0.000000	270.000000	180.000000	90.000000	180.000000	270.000000	180.000000	90.000000	270.000000	0.000000	0.000000	0.000000	0.000000	0.000000	0.000000	0.000000	0.000000	0.000000	0.000000	0.000000	0.000000	0.000000	0.000000	0.000000	0.000000	0.000000	0.000000	0.000000	0.000000	0.000000	
9.817625	356.026749	180.000000	180.000000	180.000000	90.000000	99.786593	349.667646	315.000000	0.000000	0.000000	0.000000	45.000000	0.000000	270.000000	180.000000	90.000000	180.000000	270.000000	180.000000	90.000000	270.000000	0.000000	0.000000	0.000000	0.000000	0.000000	0.000000	0.000000	0.000000	0.000000	0.000000	0.000000	0.000000	0.000000	0.000000	0.000000	0.000000	0.000000	0.000000	0.000000	0.000000	0.000000	
358.478228	6.986378	180.000000	180.000000	180.000000	90.000000	99.774093	349.894524	315.000000	0.000000	0.000000	0.000000	45.000000	0.000000	270.000000	180.000000	90.000000	180.000000	270.000000	180.000000	90.000000	270.000000	0.000000	0.000000	0.000000	0.000000	0.000000	0.000000	0.000000	0.000000	0.000000	0.000000	0.000000	0.000000	0.000000	0.000000	0.000000	0.000000	0.000000	0.000000	0.000000	0.000000	0.000000	
9.605996	9.171297	180.000000	180.000000	180.000000	90.000000	99.760345	349.522791	315.000000	0.000000	0.000000	0.000000	45.000000	0.000000	270.000000	180.000000	90.000000	180.000000	270.000000	180.000000	90.000000	270.000000	0.000000	0.000000	0.000000	0.000000	0.000000	0.000000	0.000000	0.000000	0.000000	0.000000	0.000000	0.000000	0.000000	0.000000	0.000000	0.000000	0.000000	0.000000	0.000000	0.000000	0.000000	
358.331610	356.245520	180.000000	180.000000	180.000000	90.000000	99.745351	349.895219	315.000000	0.000000	0.000000	0.000000	45.000000	0.000000	270.000000	180.000000	90.000000	180.000000	270.000000	180.000000	90.000000	270.000000	0.000000	0.000000	0.000000	0.000000	0.000000	0.000000	0.000000	0.000000	0.000000	0.000000	0.000000	0.000000	0.000000	0.000000	0.000000	0.000000	0.000000	0.000000	0.000000	0.000000	0.000000	
9.396114	6.721743	180.000000	180.000000	180.000000	90.000000	99.729113	349.971535	315.000000	0.000000	0.000000	0.000000	45.000000	0.000000	270.000000	180.000000	90.000000	180.000000	270.000000	180.000000	90.000000	270.000000	0.000000	0.000000	0.000000	0.000000	0.000000	0.000000	0.000000	0.000000	0.000000	0.000000	0.000000	0.000000	0.000000	0.000000	0.000000	0.000000	0.000000	0.000000	0.000000	0.000000	0.000000	
358.191264	8.819669	180.000000	180.000000	180.000000	90.000000	100.788210	349.998031	315.000000	0.000000	0.000000	0.000000	45.000000	0.000000	270.000000	180.000000	90.000000	180.000000	270.000000	180.000000	90.000000	270.000000	0.000000	0.000000	0.000000	0.000000	0.000000	0.000000	0.000000	0.000000	0.000000	0.000000	0.000000	0.000000	0.000000	0.000000	0.000000	0.000000	0.000000	0.000000	0.000000	0.000000	0.000000	
9.189201	356.047791	180.000000	180.000000	180.000000	90.000000	100.982964	350.016751	315.000000	0.000000	0.000000	0.000000	45.000000	0.000000	270.000000	180.000000	90.000000	180.000000	270.000000	180.000000	90.000000	270.000000	0.000000	0.000000	0.000000	0.000000	0.000000	0.000000	0.000000	0.000000	0.000000	0.000000	0.000000	0.000000	0.000000	0.000000	0.000000	0.000000	0.000000	0.000000	0.000000	0.000000	0.000000	
358.057402	6.378473	180.000000	180.000000	180.000000	90.000000	101.019030	350.034869	315.000000	0.000000	0.000000	0.000000	45.000000	0.000000	270.000000	180.000000	90.000000	180.000000	270.000000	180.000000	90.000000	270.000000	0.000000	0.000000	0.000000	0.000000	0.000000	0.000000	0.000000	0.000000	0.000000	0.000000	0.000000	0.000000	0.000000	0.000000	0.000000	0.000000	0.000000	0.000000	0.000000	0.000000	0.000000	
8.985428	8.458878	180.000000	180.000000	180.000000	90.000000	101.025272	350.053605	315.000000	0.000000	0.000000	0.000000	45.000000	0.000000	270.000000	180.000000	90.000000	180.000000	270.000000	180.000000	90.000000	270.000000	0.000000	0.000000	0.000000	0.000000	0.000000	0.000000	0.000000	0.000000	0.000000	0.000000	0.000000	0.000000	0.000000	0.000000	0.000000	0.000000	0.000000	0.000000	0.000000	0.000000	0.000000	
357.930061	8.789199	180.000000	180.000000	180.000000	90.000000	101.025205	350.073168	315.000000	0.000000	0.000000	0.000000	45.000000	0.000000	270.000000	180.000000	90.000000	180.000000	270.000000	180.000000	90.000000	270.000000	0.000000	0.000000	0.000000	0.000000	0.000000	0.000000	0.000000	0.000000	0.000000	0.000000	0.000000	0.000000	0.000000	0.000000	0.000000	0.000000	0.000000	0.000000	0.000000	0.000000	0.000000	
8.784936	8.746916	180.000000	180.000000	180.000000	90.000000	101.023120	350.093591	315.000000	0.000000	0.000000	0.000000	45.000000	0.000000	270.000000	180.000000	90.000000	180.000000	270.000000	180.000000	90.000000	270.000000	0.000000	0.000000	0.000000	0.000000	0.000000	0.000000	0.000000	0.000000	0.000000	0.000000	0.000000	0.000000	0.000000	0.000000	0.000000	0.000000	0.000000	0.000000	0.000000	0.000000	0.000000	
357.809266	8.625987	180.000000	180.000000	180.000000	90.000000	101.019800	350.114879	315.000000	0.000000	0.000000	0.000000	45.000000	0.000000	270.000000	180.000000	90.000000	180.000000	270.000000	180.000000	90.000000	270.000000	0.000000	0.000000	0.000000	0.000000	0.000000	0.000000	0.000000	0.000000	0.000000	0.000000	0.000000	0.000000	0.000000	0.000000	0.000000	0.000000	0.000000	0.000000	0.000000	0.000000	0.000000	
8.587859	8.489257	180.000000	180.000000	180.000000	90.000000	101.015392	350.137032	315.000000	0.000000	0.000000	0.000000	45.000000	0.000000	270.000000	180.000000	90.000000	180.000000	270.000000	180.000000	90.000000	270.000000	0.000000	0.000000	0.000000	0.000000	0.000000	0.000000	0.000000	0.000000	0.000000	0.000000	0.000000	0.000000	0.000000	0.000000	0.000000	0.000000	0.000000	0.000000	0.000000	0.000000	0.000000	
357.695039	8.350204	180.000000	180.000000	180.000000	90.000000	101.009924	350.160049	315.000000	0.000000	0.000000	0.000000	45.000000	0.000000	270.000000	180.000000	90.000000	180.000000	270.000000	180.000000	90.000000	270.000000	0.000000	0.000000	0.000000	0.000000	0.000000	0.000000	0.000000	0.000000	0.000000	0.000000	0.000000	0.000000	0.000000	0.000000	0.000000	0.000000	0.000000	0.000000	0.000000	0.000000	0.000000	
8.394328	8.211745	180.000000	180.000000	180.000000	90.000000	101.003406	350.183929	315.000000	0.000000	0.000000	0.000000	45.000000	0.000000	270.000000	180.000000	90.000000	180.000000	270.000000	180.000000	90.000000	270.000000	0.000000	0.000000	0.000000	0.000000	0.000000	0.000000	0.000000	0.000000	0.000000	0.000000	0.000000	0.000000	0.000000	0.000000	0.000000	0.000000	0.000000	0.000000	0.000000	0.000000	0.000000	
357.587399	8.074533	180.000000	180.000000	180.000000	90.000000	100.995842	350.208670	315.000000	0.000000	0.000000	0.000000	45.000000	0.000000	270.000000	180.000000	90.000000	180.000000	270.000000	180.000000	90.000000	270.000000	0.000000	0.000000	0.000000	0.000000	0.000000	0.000000	0.000000	0.000000	0.000000	0.000000	0.000000	0.000000	0.000000	0.000000	0.000000	0.000000	0.000000	0.000000	0.000000	0.000000	0.000000	
8.204471	7.938735	180.000000	180.000000	180.000000	90.000000	100.987237	350.234271	315.000000	0.000000	0.000000	0.000000	45.000000	0.000000	270.000000	180.000000	90.000000	180.000000	270.000000	180.000000	90.000000	270.000000	0.000000	0.000000	0.000000	0.000000	0.000000	0.000000	0.000000	0.000000	0.000000	0.000000	0.000000	0.000000	0.000000	0.000000	0.000000	0.000000	0.000000	0.000000	0.000000	0.000000	0.000000	
10.068845	7.804411	180.000000	180.000000	180.000000	90.000000	100.977594	350.260730	315.000000	0.000000	0.000000	0.000000	45.000000	0.000000	270.000000	180.000000	90.000000	180.000000	270.000000	180.000000	90.000000	270.000000	0.000000	0.000000	0.000000	0.000000	0.000000	0.000000	0.000000	0.000000	0.000000	0.000000	0.000000	0.000000	0.000000	0.000000	0.000000	0.000000	0.000000	0.000000	0.000000	0.000000	0.000000	
357.732746	7.671602	180.000000	180.000000	180.000000	90.000000	100.966919	350.288046	315.000000	0.000000	0.000000	0.000000	45.000000	0.000000	270.000000	180.000000	90.000000	180.000000	270.000000	180.000000	90.000000	270.000000	0.000000	0.000000	0.000000	0.000000	0.000000	0.000000	0.000000	0.000000	0.000000	0.000000	0.000000	0.000000	0.000000	0.000000	0.000000	0.000000	0.000000	0.000000	0.000000	0.000000	0.000000	
7.954722	7.540340	180.000000	180.000000	180.000000	90.000000	100.955214	350.316218	315.000000	0.000000	0.000000	0.000000	45.000000	0.000000	270.000000	180.000000	90.000000	180.000000	270.000000	180.000000	90.000000	270.000000	0.000000	0.000000	0.000000	0.000000	0.000000	0.000000	0.000000	0.000000	0.000000	0.000000	0.000000	0.000000	0.000000	0.000000	0.000000	0.000000	0.000000	0.000000	0.000000	0.000000	0.000000	
9.757294	7.410656	180.000000	180.000000	180.000000	90.000000	100.942485	350.345243	315.000000	0.000000	0.000000	0.000000	45.000000	0.000000	270.000000	180.000000	90.000000	180.000000	270.000000	180.000000	90.000000	270.000000	0.000000	0.000000	0.000000	0.000000	0.000000	0.000000	0.000000	0.000000	0.000000	0.000000	0.000000	0.000000	0.000000	0.000000	0.000000	0.000000	0.000000	0.000000	0.000000	0.000000	0.000000	
9.991540	7.282580	180.000000	180.000000	180.000000	90.000000	100.928736	350.375122	315.000000	0.000000	0.000000	0.000000	45.000000	0.000000	270.000000	180.000000	90.000000	180.000000	270.000000	180.000000	90.000000	270.000000	0.000000	0.000000	0.000000	0.000000	0.000000	0.000000	0.000000	0.000000	0.000000	0.000000	0.000000	0.000000	0.000000	0.000000	0.000000	0.000000	0.000000	0.000000	0.000000	0.000000	0.000000	
9.932526	7.156143	180.000000	180.000000	180.000000	90.000000	100.913972	350.405851	315.000000	0.000000	0.000000	0.000000	45.000000	0.000000	270.000000	180.000000	90.000000	180.000000	270.000000	180.000000	90.000000	270.000000	0.000000	0.000000	0.000000	0.000000	0.000000	0.000000	0.000000	0.000000	0.000000	0.000000	0.000000	0.000000	0.000000	0.000000	0.000000	0.000000	0.000000	0.000000	0.000000	0.000000	0.000000	
9.819186	7.031372	180.000000	180.000000	180.000000	90.000000	100.898196	350.437430	315.000000	0.000000	0.000000	0.000000	45.000000	0.000000	270.000000	180.000000	90.000000	180.000000	270.000000	180.000000	90.000000	270.000000	0.000000	0.000000	0.000000	0.000000	0.000000	0.000000	0.000000	0.000000	0.000000	0.000000	0.000000	0.000000	0.000000	0.000000	0.000000	0.000000	0.000000	0.000000	0.000000	0.000000	0.000000	
9.696377	6.908296	180.000000	180.000000	180.000000	90.000000	100.881415	350.469857	315.000000	0.000000	0.000000	0.000000	45.000000	0.000000	270.000000	180.000000	90.000000	180.000000	270.000000	180.000000	90.000000	270.000000	0.000000	0.000000	0.000000	0.000000	0.000000	0.000000	0.000000	0.000000	0.000000	0.000000	0.000000	0.000000	0.000000	0.000000	0.000000	0.000000	0.000000	0.000000	0.000000	0.000000	0.000000	
9.572548	6.786942	180.000000	180.000000	180.000000	90.000000	100.863632	348.256651	315.000000	0.000000	0.000000	0.000000	45.000000	0.000000	270.000000	180.000000	90.000000	180.000000	270.000000	180.000000	90.000000	270.000000	0.000000	0.000000	0.000000	0.000000	0.000000	0.000000	0.000000	0.000000	0.000000	0.000000	0.000000	0.000000	0.000000	0.000000	0.000000	0.000000	0.000000	0.000000	0.000000	0.000000	0.000000	
9.449310	6.667334	180.000000	180.000000	180.000000	90.000000	100.844853	347.904337	315.000000	0.000000	0.000000	0.000000	45.000000	0.000000	270.000000	180.000000	90.000000	180.000000	270.000000	180.000000	90.000000	270.000000	0.000000	0.000000	0.000000	0.000000	0.000000	0.000000	0.000000	0.000000	0.000000	0.000000	0.000000	0.000000	0.000000	0.000000	0.000000	0.000000	0.000000	0.000000	0.000000	0.000000	0.000000	
9.326986	6.549500	180.000000	180.000000	180.000000	90.000000	100.825082	347.858893	315.000000	0.000000	0.000000	0.000000	45.000000	0.000000	270.000000	180.000000	90.000000	180.000000	270.000000	180.000000	90.000000	270.000000	0.000000	0.000000	0.000000	0.000000	0.000000	0.000000	0.000000	0.000000	0.000000	0.000000	0.000000	0.000000	0.000000	0.000000	0.000000	0.000000	0.000000	0.000000	0.000000	0.000000	0.000000	
9.205657	6.433464	180.000000	180.000000	180.000000	90.000000	100.804325	347.864507	315.000000	0.000000	0.000000	0.000000	45.000000	0.000000	270.000000	180.000000	90.000000	180.000000	270.000000	180.000000	90.000000	270.000000	0.000000	0.000000	0.000000	0.000000	0.000000	0.000000	0.000000	0.000000	0.000000	0.000000	0.000000	0.000000	0.000000	0.000000	0.000000	0.000000	0.000000	0.000000	0.000000	0.000000	0.000000	
9.085356	6.319248	180.000000	180.000000	180.000000	90.000000	100.782586	347.879093	315.000000	0.000000	0.000000	0.000000	45.000000	0.000000	270.000000	180.000000	90.000000	180.000000	270.000000	180.000000	90.000000	270.000000	0.000000	0.000000	0.000000	0.000000	0.000000	0.000000	0.000000	0.000000	0.000000	0.000000	0.000000	0.000000	0.000000	0.000000	0.000000	0.000000	0.000000	0.000000	0.000000	0.000000	0.000000	
8.966110	6.206876	180.000000	180.000000	180.000000	90.000000	100.759870	347.895733	315.000000	0.000000	0.000000	0.000000	45.000000	0.000000	270.000000	180.000000	90.000000	180.000000	270.000000	180.000000	90.000000	270.000000	0.000000	0.000000	0.000000	0.000000	0.000000	0.000000	0.000000	0.000000	0.000000	0.000000	0.000000	0.000000	0.000000	0.000000	0.000000	0.000000	0.000000	0.000000	0.000000	0.000000	0.000000	
8.847941	6.096370	180.000000	180.000000	180.000000	90.000000	100.736183	347.913288	315.000000	0.000000	0.000000	0.000000	45.000000	0.000000	270.000000	180.000000	90.000000	180.000000	270.000000	180.000000	90.000000	270.000000	0.000000	0.000000	0.000000	0.000000	0.000000	0.000000	0.000000	0.000000	0.000000	0.000000	0.000000	0.000000	0.000000	0.000000	0.000000	0.000000	0.000000	0.000000	0.000000	0.000000	0.000000	
8.730872	10.933223	180.000000	180.000000	180.000000	90.000000	100.711530	347.931569	315.000000	0.000000	0.000000	0.000000	45.000000	0.000000	270.000000	180.000000	90.000000	180.000000	270.000000	180.000000	90.000000	270.000000	0.000000	0.000000	0.000000	0.000000	0.000000	0.000000	0.000000	0.000000	0.000000	0.000000	0.000000	0.000000	0.000000	0.000000	0.000000	0.000000	0.000000	0.000000	0.000000	0.000000	0.000000	
8.614925	6.940450	180.000000	180.000000	180.000000	90.000000	100.685916	347.950543	315.000000	0.000000	0.000000	0.000000	45.000000	0.000000	270.000000	180.000000	90.000000	180.000000	270.000000	180.000000	90.000000	270.000000	0.000000	0.000000	0.000000	0.000000	0.000000	0.000000	0.000000	0.000000	0.000000	0.000000	0.000000	0.000000	0.000000	0.000000	0.000000	0.000000	0.000000	0.000000	0.000000	0.000000	0.000000	
8.500122	5.985117	180.000000	180.000000	180.000000	90.000000	100.659346	347.970202	315.000000	0.000000	0.000000	0.000000	45.000000	0.000000	270.000000	180.000000	90.000000	180.000000	270.000000	180.000000	90.000000	270.000000	0.000000	0.000000	0.000000	0.000000	0.000000	0.000000	0.000000	0.000000	0.000000	0.000000	0.000000	0.000000	0.000000	0.000000	0.000000	0.000000	0.000000	0.000000	0.000000	0.000000	0.000000	
8.386484	10.928561	180.000000	180.000000	180.000000	90.000000	100.631825	347.990544	315.000000	0.000000	0.000000	0.000000	45.000000	0.000000	270.000000	180.000000	90.000000	180.000000	270.000000	180.000000	90.000000	270.000000	0.000000	0.000000	0.000000	0.000000	0.000000	0.000000	0.000000	0.000000	0.000000	0.000000	0.000000	0.000000	0.000000	0.000000	0.000000	0.000000	0.000000	0.000000	0.000000	0.000000	0.000000	
8.274031	6.676498	180.000000	180.000000	180.000000	90.000000	100.603360	348.011563	315.000000	0.000000	0.000000	0.000000	45.000000	0.000000	270.000000	180.000000	90.000000	180.000000	270.000000	180.000000	90.000000	270.000000	0.000000	0.000000	0.000000	0.000000	0.000000	0.000000	0.000000	0.000000	0.000000	0.000000	0.000000	0.000000	0.000000	0.000000	0.000000	0.000000	0.000000	0.000000	0.000000	0.000000	0.000000	
8.162785	5.668020	180.000000	180.000000	180.000000	90.000000	100.573955	348.033259	315.000000	0.000000	0.000000	0.000000	45.000000	0.000000	270.000000	180.000000	90.000000	180.000000	270.000000	180.000000	90.000000	270.000000	0.000000	0.000000	0.000000	0.000000	0.000000	0.000000	0.000000	0.000000	0.000000	0.000000	0.000000	0.000000	0.000000	0.000000	0.000000	0.000000	0.000000	0.000000	0.000000	0.000000	0.000000	
8.052764	10.893922	180.000000	180.000000	180.000000	90.000000	100.543616	348.055628	315.000000	0.000000	0.000000	0.000000	45.000000	0.000000	270.000000	180.000000	90.000000	180.000000	270.000000	180.000000	90.000000	270.000000	0.000000	0.000000	0.000000	0.000000	0.000000	0.000000	0.000000	0.000000	0.000000	0.000000	0.000000	0.000000	0.000000	0.000000	0.000000	0.000000	0.000000	0.000000	0.000000	0.000000	0.000000	
7.943990	6.418541	180.000000	180.000000	180.000000	90.000000	100.512349	348.078667	315.000000	0.000000	0.000000	0.000000	45.000000	0.000000	270.000000	180.000000	90.000000	180.000000	270.000000	180.000000	90.000000	270.000000	0.000000	0.000000	0.000000	0.000000	0.000000	0.000000	0.000000	0.000000	0.000000	0.000000	0.000000	0.000000	0.000000	0.000000	0.000000	0.000000	0.000000	0.000000	0.000000	0.000000	0.000000	
7.836480	5.365139	180.000000	180.000000	180.000000	90.000000	100.480158	348.102374	315.000000	0.000000	0.000000	0.000000	45.000000	0.000000	270.000000	180.000000	90.000000	180.000000	270.000000	180.000000	90.000000	270.000000	0.000000	0.000000	0.000000	0.000000	0.000000	0.000000	0.000000	0.000000	0.000000	0.000000	0.000000	0.000000	0.000000	0.000000	0.000000	0.000000	0.000000	0.000000	0.000000	0.000000	0.000000	
7.730254	5.063625	180.000000	180.000000	180.000000	90.000000	100.447050	344.106703	315.000000	0.000000	0.000000	0.000000	45.000000	0.000000	270.000000	180.000000	90.000000	180.000000	270.000000	180.000000	90.000000	270.000000	0.000000	0.000000	0.000000	0.000000	0.000000	0.000000	0.000000	0.000000	0.000000	0.000000	0.000000	0.000000	0.000000	0.000000	0.000000	0.000000	0.000000	0.000000	0.000000	0.000000	0.000000	
7.625329	4.928878	180.000000	180.000000	180.000000	90.000000	100.413030	343.378969	315.000000	0.000000	0.000000	0.000000	45.000000	0.000000	270.000000	180.000000	90.000000	180.000000	270.000000	180.000000	90.000000	270.000000	0.000000	0.000000	0.000000	0.000000	0.000000	0.000000	0.000000	0.000000	0.000000	0.000000	0.000000	0.000000	0.000000	0.000000	0.000000	0.000000	0.000000	0.000000	0.000000	0.000000	0.000000	
7.521723	4.832387	180.000000	180.000000	180.000000	90.000000	100.378104	343.216028	315.000000	0.000000	0.000000	0.000000	45.000000	0.000000	270.000000	180.000000	90.000000	180.000000	270.000000	180.000000	90.000000	270.000000	0.000000	0.000000	0.000000	0.000000	0.000000	0.000000	0.000000	0.000000	0.000000	0.000000	0.000000	0.000000	0.000000	0.000000	0.000000	0.000000	0.000000	0.000000	0.000000	0.000000	0.000000	
7.419453	4.745922	180.000000	180.000000	180.000000	90.000000	100.342277	343.151880	315.000000	0.000000	0.000000	0.000000	45.000000	0.000000	270.000000	180.000000	108.261151	180.000000	270.000000	180.000000	90.000000	270.000000	0.000000	0.000000	0.000000	0.000000	0.000000	0.000000	0.000000	0.000000	0.000000	0.000000	0.000000	0.000000	0.000000	0.000000	0.000000	0.000000	0.000000	0.000000	0.000000	0.000000	0.000000	
7.318537	4.663286	180.000000	180.000000	180.000000	90.000000	100.305555	343.106096	315.000000	0.000000	0.000000	0.000000	45.000000	0.000000	270.000000	180.000000	111.299809	180.000000	270.000000	180.000000	90.000000	270.000000	0.000000	0.000000	0.000000	0.000000	0.000000	0.000000	0.000000	0.000000	0.000000	0.000000	0.000000	0.000000	0.000000	0.000000	0.000000	0.000000	0.000000	0.000000	0.000000	0.000000	0.000000	
7.218989	4.583124	180.000000	180.000000	180.000000	90.000000	100.267944	343.064794	315.000000	0.000000	0.000000	0.000000	45.000000	0.000000	270.000000	180.000000	111.813597	180.000000	270.000000	180.000000	90.000000	270.000000	0.000000	0.000000	0.000000	0.000000	0.000000	0.000000	0.000000	0.000000	0.000000	0.000000	0.000000	0.000000	0.000000	0.000000	0.000000	0.000000	0.000000	0.000000	0.000000	0.000000	0.000000	
7.120826	4.505143	180.000000	180.000000	180.000000	90.000000	100.229450	343.025575	315.000000	0.000000	0.000000	0.000000	45.000000	0.000000	270.000000	180.000000	111.900512	180.000000	270.000000	180.000000	90.000000	270.000000	0.000000	0.000000	0.000000	0.000000	0.000000	0.000000	0.000000	0.000000	0.000000	0.000000	0.000000	0.000000	0.000000	0.000000	0.000000	0.000000	0.000000	0.000000	0.000000	0.000000	0.000000	
7.024063	4.429286	180.000000	180.000000	180.000000	90.000000	100.190077	342.988020	315.000000	0.000000	0.000000	0.000000	45.000000	0.000000	270.000000	180.000000	111.915215	180.000000	270.000000	180.000000	90.000000	270.000000	0.000000	0.000000	0.000000	0.000000	0.000000	0.000000	0.000000	0.000000	0.000000	0.000000	0.000000	0.000000	0.000000	0.000000	0.000000	0.000000	0.000000	0.000000	0.000000	0.000000	0.000000	
6.928714	4.355543	180.000000	180.000000	180.000000	90.000000	100.149833	342.952052	315.000000	0.000000	0.000000	0.000000	45.000000	0.000000	270.000000	180.000000	111.917703	180.000000	270.000000	180.000000	90.000000	270.000000	0.000000	0.000000	0.000000	0.000000	0.000000	0.000000	0.000000	0.000000	0.000000	0.000000	0.000000	0.000000	0.000000	0.000000	0.000000	0.000000	0.000000	0.000000	0.000000	0.000000	0.000000	
6.834794	4.283918	180.000000	180.000000	180.000000	90.000000	102.366638	342.917654	315.000000	0.000000	0.000000	0.000000	45.000000	0.000000	270.000000	180.000000	111.918124	180.000000	270.000000	180.000000	90.000000	270.000000	0.000000	0.000000	0.000000	0.000000	0.000000	0.000000	0.000000	0.000000	0.000000	0.000000	0.000000	0.000000	0.000000	0.000000	0.000000	0.000000	0.000000	0.000000	0.000000	0.000000	0.000000	
6.742316	4.214414	180.000000	180.000000	180.000000	90.000000	102.809309	342.884816	315.000000	0.000000	0.000000	0.000000	45.000000	0.000000	270.000000	180.000000	111.918195	180.000000	270.000000	180.000000	90.000000	270.000000	0.000000	0.000000	0.000000	0.000000	0.000000	0.000000	0.000000	0.000000	0.000000	0.000000	0.000000	0.000000	0.000000	0.000000	0.000000	0.000000	0.000000	0.000000	0.000000	0.000000	0.000000	
6.651294	4.147035	180.000000	180.000000	180.000000	90.000000	102.927022	342.853532	315.000000	0.000000	0.000000	0.000000	45.000000	0.000000	270.000000	180.000000	111.918207	180.000000	251.738849	180.000000	90.000000	270.000000	0.000000	0.000000	0.000000	0.000000	0.000000	0.000000	0.000000	0.000000	0.000000	0.000000	0.000000	0.000000	0.000000	0.000000	0.000000	0.000000	0.000000	0.000000	0.000000	0.000000	0.000000	
6.561739	4.081785	180.000000	180.000000	180.000000	90.000000	102.983796	342.823794	315.000000	0.000000	0.000000	0.000000	45.000000	0.000000	270.000000	180.000000	111.918209	180.000000	248.700191	180.000000	90.000000	270.000000	0.000000	0.000000	0.000000	0.000000	0.000000	0.000000	0.000000	0.000000	0.000000	0.000000	0.000000	0.000000	0.000000	0.000000	0.000000	0.000000	0.000000	0.000000	0.000000	0.000000	0.000000	
6.473665	4.018665	180.000000	180.000000	180.000000	90.000000	103.027758	342.795597	315.000000	0.000000	0.000000	0.000000	45.000000	0.000000	270.000000	180.000000	111.918209	180.000000	248.186403	180.000000	90.000000	270.000000	0.000000	0.000000	0.000000	0.000000	0.000000	0.000000	0.000000	0.000000	0.000000	0.000000	0.000000	0.000000	0.000000	0.000000	0.000000	0.000000	0.000000	0.000000	0.000000	0.000000	0.000000	
6.387082	3.957679	180.000000	180.000000	180.000000	90.000000	103.067685	342.768933	315.000000	0.000000	0.000000	0.000000	45.000000	0.000000	270.000000	180.000000	111.918209	180.000000	248.099488	180.000000	90.000000	270.000000	0.000000	0.000000	0.000000	0.000000	0.000000	0.000000	0.000000	0.000000	0.000000	0.000000	0.000000	0.000000	0.000000	0.000000	0.000000	0.000000	0.000000	0.000000	0.000000	0.000000	0.000000	
6.302002	3.898827	180.000000	180.000000	180.000000	90.000000	103.105181	342.743795	315.000000	0.000000	0.000000	0.000000	45.000000	0.000000	270.000000	180.000000	111.918209	180.000000	248.084785	180.000000	90.000000	270.000000	0.000000	0.000000	0.000000	0.000000	0.000000	0.000000	0.000000	0.000000	0.000000	0.000000	0.000000	0.000000	0.000000	0.000000	0.000000	0.000000	0.000000	0.000000	0.000000	0.000000	0.000000	
6.218435	3.842110	180.000000	180.000000	180.000000	90.000000	103.140548	342.720176	315.000000	0.000000	0.000000	0.000000	45.000000	0.000000	270.000000	180.000000	111.918209	180.000000	248.082297	180.000000	90.000000	270.000000	0.000000	0.000000	0.000000	0.000000	0.000000	0.000000	0.000000	0.000000	0.000000	0.000000	0.000000	0.000000	0.000000	0.000000	0.000000	0.000000	0.000000	0.000000	0.000000	0.000000	0.000000	
6.136391	3.787528	180.000000	180.000000	180.000000	90.000000	103.173848	342.698068	315.000000	0.000000	0.000000	0.000000	45.000000	0.000000	270.000000	180.000000	111.918209	180.000000	248.081876	180.000000	90.000000	270.000000	0.000000	0.000000	0.000000	0.000000	0.000000	0.000000	0.000000	0.000000	0.000000	0.000000	0.000000	0.000000	0.000000	0.000000	0.000000	0.000000	0.000000	0.000000	0.000000	0.000000	0.000000	
6.055881	3.735081	180.000000	180.000000	180.000000	90.000000	103.205100	342.677465	315.000000	0.000000	0.000000	0.000000	45.000000	0.000000	270.000000	180.000000	111.918209	180.000000	248.081805	180.000000	90.000000	270.000000	0.000000	0.000000	0.000000	0.000000	0.000000	0.000000	0.000000	0.000000	0.000000	0.000000	0.000000	0.000000	0.000000	0.000000	0.000000	0.000000	0.000000	0.000000	0.000000	0.000000	0.000000	
5.976912	3.684766	180.000000	180.000000	180.000000	90.000000	103.234315	342.658358	315.000000	0.000000	0.000000	0.000000	45.000000	0.000000	270.000000	180.000000	111.918209	180.000000	248.081793	180.000000	90.000000	270.000000	0.000000	0.000000	0.000000	0.000000	0.000000	0.000000	0.000000	0.000000	0.000000	0.000000	0.000000	0.000000	0.000000	0.000000	0.000000	0.000000	0.000000	0.000000	0.000000	0.000000	0.000000	
5.899494	3.636582	180.000000	180.000000	180.000000	90.000000	103.261504	342.640740	315.000000	0.000000	0.000000	0.000000	45.000000	0.000000	270.000000	180.000000	111.918209	180.000000	248.081791	180.000000	90.000000	270.000000	0.000000	0.000000	0.000000	0.000000	0.000000	0.000000	0.000000	0.000000	0.000000	0.000000	0.000000	0.000000	0.000000	0.000000	0.000000	0.000000	0.000000	0.000000	0.000000	0.000000	0.000000	
5.823634	3.590527	180.000000	180.000000	180.000000	90.000000	103.286677	342.624603	315.000000	0.000000	0.000000	0.000000	45.000000	0.000000	270.000000	180.000000	111.918209	180.000000	248.081791	180.000000	90.000000	270.000000	0.000000	0.000000	0.000000	0.000000	0.000000	0.000000	0.000000	0.000000	0.000000	0.000000	0.000000	0.000000	0.000000	0.000000	0.000000	0.000000	0.000000	0.000000	0.000000	0.000000	0.000000	
5.749341	3.546598	180.000000	180.000000	180.000000	90.000000	103.309845	342.609939	315.000000	0.000000	0.000000	0.000000	45.000000	0.000000	270.000000	180.000000	111.918209	180.000000	248.081791	180.000000	90.000000	270.000000	0.000000	0.000000	0.000000	0.000000	0.000000	0.000000	0.000000	0.000000	0.000000	0.000000	0.000000	0.000000	0.000000	0.000000	0.000000	0.000000	0.000000	0.000000	0.000000	0.000000	0.000000	
5.676620	3.504790	180.000000	180.000000	180.000000	90.000000	103.331017	342.596740	315.000000	0.000000	0.000000	0.000000	45.000000	0.000000	270.000000	180.000000	111.918209	180.000000	248.081791	180.000000	90.000000	270.000000	0.000000	0.000000	0.000000	0.000000	0.000000	0.000000	0.000000	0.000000	0.000000	0.000000	0.000000	0.000000	0.000000	0.000000	0.000000	0.000000	0.000000	0.000000	0.000000	0.000000	0.000000	
5.605479	3.465101	180.000000	180.000000	180.000000	90.000000	103.350206	342.584999	315.000000	0.000000	0.000000	0.000000	45.000000	0.000000	270.000000	180.000000	111.918209	180.000000	248.081791	180.000000	90.000000	270.000000	0.000000	0.000000	0.000000	0.000000	0.000000	0.000000	0.000000	0.000000	0.000000	0.000000	0.000000	0.000000	0.000000	0.000000	0.000000	0.000000	0.000000	0.000000	0.000000	0.000000	0.000000	
5.535925	3.427525	180.000000	180.000000	180.000000	90.000000	103.367423	342.574706	315.000000	0.000000	0.000000	0.000000	45.000000	0.000000	270.000000	180.000000	111.918209	180.000000	248.081791	180.000000	90.000000	270.000000	0.000000	0.000000	0.000000	0.000000	0.000000	0.000000	0.000000	0.000000	0.000000	0.000000	0.000000	0.000000	0.000000	0.000000	0.000000	0.000000	0.000000	0.000000	0.000000	0.000000	0.000000	
5.467961	3.392058	180.000000	180.000000	180.000000	90.000000	103.382678	342.565855	315.000000	0.000000	0.000000	0.000000	45.000000	0.000000	270.000000	180.000000	111.918209	180.000000	248.081791	180.000000	90.000000	270.000000	0.000000	0.000000	0.000000	0.000000	0.000000	0.000000	0.000000	0.000000	0.000000	0.000000	0.000000	0.000000	0.000000	0.000000	0.000000	0.000000	0.000000	0.000000	0.000000	0.000000	0.000000	
5.401595	3.358694	180.000000	180.000000	180.000000	90.000000	103.395983	342.558437	315.000000	0.000000	0.000000	0.000000	45.000000	0.000000	270.000000	180.000000	111.918209	180.000000	248.081791	180.000000	90.000000	270.000000	0.000000	0.000000	0.000000	0.000000	0.000000	0.000000	0.000000	0.000000	0.000000	0.000000	0.000000	0.000000	0.000000	0.000000	0.000000	0.000000	0.000000	0.000000	0.000000	0.000000	0.000000	
5.336829	3.327427	180.000000	180.000000	180.000000	90.000000	103.407349	342.552443	315.000000	0.000000	0.000000	0.000000	45.000000	0.000000	270.000000	180.000000	111.918209	180.000000	248.081791	180.000000	90.000000	270.000000	0.000000	0.000000	0.000000	0.000000	0.000000	0.000000	0.000000	0.000000	0.000000	0.000000	0.000000	0.000000	0.000000	0.000000	0.000000	0.000000	0.000000	0.000000	0.000000	0.000000	0.000000	
5.273670	3.298250	180.000000	180.000000	180.000000	90.000000	103.416789	342.547865	315.000000	0.000000	0.000000	0.000000	45.000000	0.000000	270.000000	180.000000	111.918209	180.000000	248.081791	180.000000	90.000000	270.000000	0.000000	0.000000	0.000000	0.000000	0.000000	0.000000	0.000000	0.000000	0.000000	0.000000	0.000000	0.000000	0.000000	0.000000	0.000000	0.000000	0.000000	0.000000	0.000000	0.000000	0.000000	
5.212120	3.271158	180.000000	180.000000	180.000000	90.000000	103.424314	342.544695	315.000000	0.000000	0.000000	0.000000	45.000000	0.000000	270.000000	180.000000	111.918209	180.000000	248.081791	180.000000	90.000000	270.000000	0.000000	0.000000	0.000000	0.000000	0.000000	0.000000	0.000000	0.000000	0.000000	0.000000	0.000000	0.000000	0.000000	0.000000	0.000000	0.000000	0.000000	0.000000	0.000000	0.000000	0.000000	
5.152183	3.246142	180.000000	180.000000	180.000000	90.000000	103.429935	342.542924	315.000000	0.000000	0.000000	0.000000	45.000000	0.000000	270.000000	180.000000	111.918209	180.000000	248.081791	180.000000	90.000000	270.000000	0.000000	0.000000	0.000000	0.000000	0.000000	0.000000	0.000000	0.000000	0.000000	0.000000	0.000000	0.000000	0.000000	0.000000	0.000000	0.000000	0.000000	0.000000	0.000000	0.000000	0.000000	
5.093861	3.223195	180.000000	180.000000	180.000000	90.000000	103.433666	342.542545	315.000000	0.000000	0.000000	0.000000	45.000000	0.000000	270.000000	180.000000	111.918209	180.000000	248.081791	180.000000	90.000000	270.000000	0.000000	0.000000	0.000000	0.000000	0.000000	0.000000	0.000000	0.000000	0.000000	0.000000	0.000000	0.000000	0.000000	0.000000	0.000000	0.000000	0.000000	0.000000	0.000000	0.000000	0.000000	
5.037158	3.202310	180.000000	180.000000	180.000000	90.000000	103.435518	342.543547	315.000000	0.000000	0.000000	0.000000	45.000000	0.000000	270.000000	180.000000	111.918209	180.000000	248.081791	180.000000	90.000000	270.000000	0.000000	0.000000	0.000000	0.000000	0.000000	0.000000	0.000000	0.000000	0.000000	0.000000	0.000000	0.000000	0.000000	0.000000	0.000000	0.000000	0.000000	0.000000	0.000000	0.000000	0.000000	
4.982076	3.183477	180.000000	180.000000	180.000000	90.000000	103.435504	342.545924	315.000000	0.000000	0.000000	0.000000	45.000000	0.000000	270.000000	180.000000	111.918209	180.000000	248.081791	180.000000	90.000000	270.000000	0.000000	0.000000	0.000000	0.000000	0.000000	0.000000	0.000000	0.000000	0.000000	0.000000	0.000000	0.000000	0.000000	0.000000	0.000000	0.000000	0.000000	0.000000	0.000000	0.000000	0.000000	
4.928616	3.166689	180.000000	180.000000	180.000000	90.000000	103.433635	342.549666	315.000000	0.000000	0.000000	0.000000	45.000000	0.000000	270.000000	180.000000	111.918209	180.000000	248.081791	180.000000	90.000000	270.000000	0.000000	0.000000	0.000000	0.000000	0.000000	0.000000	0.000000	0.000000	0.000000	0.000000	0.000000	0.000000	0.000000	0.000000	0.000000	0.000000	0.000000	0.000000	0.000000	0.000000	0.000000	
4.876779	3.151936	180.000000	180.000000	180.000000	90.000000	103.429924	342.554765	315.000000	0.000000	0.000000	0.000000	45.000000	0.000000	270.000000	180.000000	111.918209	180.000000	248.081791	180.000000	90.000000	270.000000	0.000000	0.000000	0.000000	0.000000	0.000000	0.000000	0.000000	0.000000	0.000000	0.000000	0.000000	0.000000	0.000000	0.000000	0.000000	0.000000	0.000000	0.000000	0.000000	0.000000	0.000000	
4.826567	3.139209	180.000000	180.000000	180.000000	90.000000	103.424384	342.561213	315.000000	0.000000	0.000000	0.000000	45.000000	0.000000	270.000000	180.000000	111.918209	180.000000	248.081791	180.000000	90.000000	270.000000	0.000000	0.000000	0.000000	0.000000	0.000000	0.000000	0.000000	0.000000	0.000000	0.000000	0.000000	0.000000	0.000000	0.000000	0.000000	0.000000	0.000000	0.000000	0.000000	0.000000	0.000000	
4.777980	3.128498	180.000000	180.000000	180.000000	90.000000	103.417027	342.569000	315.000000	0.000000	0.000000	0.000000	45.000000	0.000000	270.000000	180.000000	111.918209	180.000000	248.081791	180.000000	90.000000	270.000000	0.000000	0.000000	0.000000	0.000000	0.000000	0.000000	0.000000	0.000000	0.000000	0.000000	0.000000	0.000000	0.000000	0.000000	0.000000	0.000000	0.000000	0.000000	0.000000	0.000000	0.000000	
4.731018	3.119795	180.000000	180.000000	180.000000	90.000000	103.407864	342.578118	315.000000	0.000000	0.000000	0.000000	45.000000	0.000000	270.000000	180.000000	111.918209	180.000000	248.081791	180.000000	90.000000	270.000000	0.000000	0.000000	0.000000	0.000000	0.000000	0.000000	0.000000	0.000000	0.000000	0.000000	0.000000	0.000000	0.000000	0.000000	0.000000	0.000000	0.000000	0.000000	0.000000	0.000000	0.000000	
4.685681	3.113088	180.000000	180.000000	180.000000	90.000000	103.396910	342.588559	315.000000	0.000000	0.000000	0.000000	45.000000	0.000000	270.000000	180.000000	111.918209	180.000000	248.081791	180.000000	90.000000	270.000000	0.000000	0.000000	0.000000	0.000000	0.000000	0.000000	0.000000	0.000000	0.000000	0.000000	0.000000	0.000000	0.000000	0.000000	0.000000	0.000000	0.000000	0.000000	0.000000	0.000000	0.000000	
4.641968	3.108368	180.000000	180.000000	180.000000	90.000000	103.384176	342.600314	315.000000	0.000000	0.000000	0.000000	45.000000	0.000000	270.000000	180.000000	111.918209	180.000000	248.081791	180.000000	90.000000	270.000000	0.000000	0.000000	0.000000	0.000000	0.000000	0.000000	0.000000	0.000000	0.000000	0.000000	0.000000	0.000000	0.000000	0.000000	0.000000	0.000000	0.000000	0.000000	0.000000	0.000000	0.000000	
4.599879	3.105625	180.000000	180.000000	180.000000	90.000000	103.369674	342.613375	315.000000	0.000000	0.000000	0.000000	45.000000	0.000000	270.000000	180.000000	111.918209	180.000000	248.081791	180.000000	90.000000	270.000000	0.000000	0.000000	0.000000	0.000000	0.000000	0.000000	0.000000	0.000000	0.000000	0.000000	0.000000	0.000000	0.000000	0.000000	0.000000	0.000000	0.000000	0.000000	0.000000	0.000000	0.000000	
4.559412	3.104846	180.000000	180.000000	180.000000	90.000000	103.353418	342.627732	315.000000	0.000000	0.000000	0.000000	45.000000	0.000000	270.000000	180.000000	111.918209	180.000000	248.081791	180.000000	90.000000	270.000000	0.000000	0.000000	0.000000	0.000000	0.000000	0.000000	0.000000	0.000000	0.000000	0.000000	0.000000	0.000000	0.000000	0.000000	0.000000	0.000000	0.000000	0.000000	0.000000	0.000000	0.000000	
4.520566	3.106022	180.000000	180.000000	180.000000	90.000000	103.335419	342.643378	315.000000	0.000000	0.000000	0.000000	45.000000	0.000000	270.000000	180.000000	111.918209	180.000000	248.081791	180.000000	90.000000	270.000000	0.000000	0.000000	0.000000	0.000000	0.000000	0.000000	0.000000	0.000000	0.000000	0.000000	0.000000	0.000000	0.000000	0.000000	0.000000	0.000000	0.000000	0.000000	0.000000	0.000000	0.000000	
4.483338	3.109142	180.000000	180.000000	180.000000	90.000000	103.315691	342.660304	315.000000	0.000000	0.000000	0.000000	45.000000	0.000000	270.000000	180.000000	111.918209	180.000000	248.081791	180.000000	90.000000	270.000000	0.000000	0.000000	0.000000	0.000000	0.000000	0.000000	0.000000	0.000000	0.000000	0.000000	0.000000	0.000000	0.000000	0.000000	0.000000	0.000000	0.000000	0.000000	0.000000	0.000000	0.000000	
4.447727	3.114194	180.000000	180.000000	180.000000	90.000000	103.294246	342.678501	315.000000	0.000000	0.000000	0.000000	45.000000	0.000000	270.000000	180.000000	111.918209	180.000000	248.081791	180.000000	90.000000	270.000000	0.000000	0.000000	0.000000	0.000000	0.000000	0.000000	0.000000	0.000000	0.000000	0.000000	0.000000	0.000000	0.000000	0.000000	0.000000	0.000000	0.000000	0.000000	0.000000	0.000000	0.000000	
4.413730	3.121166	180.000000	180.000000	180.000000	90.000000	103.271095	342.697961	315.000000	0.000000	0.000000	0.000000	45.000000	0.000000	270.000000	180.000000	111.918209	180.000000	248.081791	180.000000	90.000000	270.000000	0.000000	0.000000	0.000000	0.000000	0.000000	0.000000	0.000000	0.000000	0.000000	0.000000	0.000000	0.000000	0.000000	0.000000	0.000000	0.000000	0.000000	0.000000	0.000000	0.000000	0.000000	
4.381344	3.130048	180.000000	180.000000	180.000000	90.000000	103.246252	342.718676	315.000000	0.000000	0.000000	0.000000	45.000000	0.000000	270.000000	180.000000	111.918209	180.000000	248.081791	180.000000	90.000000	270.000000	0.000000	0.000000	0.000000	0.000000	0.000000	0.000000	0.000000	0.000000	0.000000	0.000000	0.000000	0.000000	0.000000	0.000000	0.000000	0.000000	0.000000	0.000000	0.000000	0.000000	0.000000	
4.350567	3.140828	180.000000	180.000000	180.000000	90.000000	103.219729	342.740636	315.000000	0.000000	0.000000	0.000000	45.000000	0.000000	270.000000	180.000000	111.918209	180.000000	248.081791	180.000000	90.000000	270.000000	0.000000	0.000000	0.000000	0.000000	0.000000	0.000000	0.000000	0.000000	0.000000	0.000000	0.000000	0.000000	0.000000	0.000000	0.000000	0.000000	0.000000	0.000000	0.000000	0.000000	0.000000	
4.321394	3.153493	180.000000	180.000000	180.000000	90.000000	103.191538	342.763834	315.000000	0.000000	0.000000	0.000000	45.000000	0.000000	270.000000	180.000000	111.918209	180.000000	248.081791	180.000000	90.000000	270.000000	0.000000	0.000000	0.000000	0.000000	0.000000	0.000000	0.000000	0.000000	0.000000	0.000000	0.000000	0.000000	0.000000	0.000000	0.000000	0.000000	0.000000	0.000000	0.000000	0.000000	0.000000	
4.293822	3.168033	180.000000	180.000000	180.000000	90.000000	103.161692	342.788262	315.000000	0.000000	0.000000	0.000000	45.000000	0.000000	270.000000	180.000000	111.918209	180.000000	248.081791	180.000000	90.000000	270.000000	0.000000	0.000000	0.000000	0.000000	0.000000	0.000000	0.000000	0.000000	0.000000	0.000000	0.000000	0.000000	0.000000	0.000000	0.000000	0.000000	0.000000	0.000000	0.000000	0.000000	0.000000	
4.267847	3.184434	180.000000	180.000000	180.000000	90.000000	103.130202	342.813910	315.000000	0.000000	0.000000	0.000000	45.000000	0.000000	270.000000	180.000000	111.918209	180.000000	248.081791	180.000000	90.000000	270.000000	0.000000	0.000000	0.000000	0.000000	0.000000	0.000000	0.000000	0.000000	0.000000	0.000000	0.000000	0.000000	0.000000	0.000000	0.000000	0.000000	0.000000	0.000000	0.000000	0.000000	0.000000	
4.243466	3.202685	180.000000	180.000000	180.000000	90.000000	103.097081	342.840770	315.000000	0.000000	0.000000	0.000000	45.000000	0.000000	270.000000	180.000000	111.918209	180.000000	248.081791	180.000000	90.000000	270.000000	0.000000	0.000000	0.000000	0.000000	0.000000	0.000000	0.000000	0.000000	0.000000	0.000000	0.000000	0.000000	0.000000	0.000000	0.000000	0.000000	0.000000	0.000000	0.000000	0.000000	0.000000	
4.220673	3.222774	180.000000	180.000000	180.000000	90.000000	103.062341	342.868835	315.000000	0.000000	0.000000	0.000000	45.000000	0.000000	270.000000	180.000000	111.918209	180.000000	248.081791	180.000000	90.000000	270.000000	0.000000	0.000000	0.000000	0.000000	0.000000	0.000000	0.000000	0.000000	0.000000	0.000000	0.000000	0.000000	0.000000	0.000000	0.000000	0.000000	0.000000	0.000000	0.000000	0.000000	0.000000	
4.199464	3.244689	180.000000	180.000000	180.000000	90.000000	103.025994	342.898096	315.000000	0.000000	0.000000	0.000000	45.000000	0.000000	270.000000	180.000000	111.918209	180.000000	248.081791	180.000000	90.000000	270.000000	0.000000	0.000000	0.000000	0.000000	0.000000	0.000000	0.000000	0.000000	0.000000	0.000000	0.000000	0.000000	0.000000	0.000000	0.000000	0.000000	0.000000	0.000000	0.000000	0.000000	0.000000	
4.179834	3.268417	180.000000	180.000000	180.000000	90.000000	102.988052	342.928545	315.000000	0.000000	0.000000	0.000000	45.000000	0.000000	270.000000	180.000000	111.918209	180.000000	248.081791	180.000000	90.000000	270.000000	0.000000	0.000000	0.000000	0.000000	0.000000	0.000000	0.000000	0.000000	0.000000	0.000000	0.000000	0.000000	0.000000	0.000000	0.000000	0.000000	0.000000	0.000000	0.000000	0.000000	0.000000	
4.161779	3.293946	180.000000	180.000000	180.000000	90.000000	102.948527	342.960173	315.000000	0.000000	0.000000	0.000000	45.000000	0.000000	270.000000	180.000000	111.918209	180.000000	248.081791	180.000000	90.000000	270.000000	0.000000	0.000000	0.000000	0.000000	0.000000	0.000000	0.000000	0.000000	0.000000	0.000000	0.000000	0.000000	0.000000	0.000000	0.000000	0.000000	0.000000	0.000000	0.000000	0.000000	0.000000	
4.145292	3.321264	180.000000	180.000000	180.000000	90.000000	102.907430	342.992973	315.000000	0.000000	0.000000	0.000000	45.000000	0.000000	270.000000	180.000000	111.918209	180.000000	248.081791	180.000000	90.000000	270.000000	0.000000	0.000000	0.000000	0.000000	0.000000	0.000000	0.000000	0.000000	0.000000	0.000000	0.000000	0.000000	0.000000	0.000000	0.000000	0.000000	0.000000	0.000000	0.000000	0.000000	0.000000	
4.130369	3.350358	180.000000	180.000000	180.000000	90.000000	102.864774	343.026937	315.000000	0.000000	0.000000	0.000000	45.000000	0.000000	270.000000	180.000000	111.918209	180.000000	248.081791	180.000000	90.000000	270.000000	0.000000	0.000000	0.000000	0.000000	0.000000	0.000000	0.000000	0.000000	0.000000	0.000000	0.000000	0.000000	0.000000	0.000000	0.000000	0.000000	0.000000	0.000000	0.000000	0.000000	0.000000	
4.117003	3.381216	180.000000	180.000000	180.000000	90.000000	102.820569	343.062056	315.000000	0.000000	0.000000	0.000000	45.000000	0.000000	270.000000	180.000000	111.918209	180.000000	248.081791	180.000000	90.000000	270.000000	0.000000	0.000000	0.000000	0.000000	0.000000	0.000000	0.000000	0.000000	0.000000	0.000000	0.000000	0.000000	0.000000	0.000000	0.000000	0.000000	0.000000	0.000000	0.000000	0.000000	0.000000	
4.105190	3.413825	180.000000	180.000000	180.000000	90.000000	102.774828	343.098323	315.000000	0.000000	0.000000	0.000000	45.000000	0.000000	270.000000	180.000000	111.918209	180.000000	248.081791	180.000000	90.000000	270.000000	0.000000	0.000000	0.000000	0.000000	0.000000	0.000000	0.000000	0.000000	0.000000	0.000000	0.000000	0.000000	0.000000	0.000000	0.000000	0.000000	0.000000	0.000000	0.000000	0.000000	0.000000	
4.094922	3.448174	180.000000	180.000000	180.000000	90.000000	102.727562	343.135729	315.000000	0.000000	0.000000	0.000000	45.000000	0.000000	270.000000	180.000000	111.918209	180.000000	248.081791	180.000000	90.000000	270.000000	0.000000	0.000000	0.000000	0.000000	0.000000	0.000000	0.000000	0.000000	0.000000	0.000000	0.000000	0.000000	0.000000	0.000000	0.000000	0.000000	0.000000	0.000000	0.000000	0.000000	0.000000	
4.086194	3.484249	180.000000	180.000000	180.000000	90.000000	102.678783	343.174267	315.000000	0.000000	0.000000	0.000000	45.000000	0.000000	270.000000	180.000000	111.918209	180.000000	248.081791	180.000000	90.000000	270.000000	0.000000	0.000000	0.000000	0.000000	0.000000	0.000000	0.000000	0.000000	0.000000	0.000000	0.000000	0.000000	0.000000	0.000000	0.000000	0.000000	0.000000	0.000000	0.000000	0.000000	0.000000	
4.078999	3.522038	180.000000	180.000000	180.000000	90.000000	102.628501	343.213930	315.000000	0.000000	0.000000	0.000000	45.000000	0.000000	270.000000	180.000000	111.918209	180.000000	248.081791	180.000000	90.000000	270.000000	0.000000	0.000000	0.000000	0.000000	0.000000	0.000000	0.000000	0.000000	0.000000	0.000000	0.000000	0.000000	0.000000	0.000000	0.000000	0.000000	0.000000	0.000000	0.000000	0.000000	0.000000	
4.073331	3.561530	180.000000	180.000000	180.000000	90.000000	102.576728	343.254708	315.000000	0.000000	0.000000	0.000000	45.000000	0.000000	270.000000	180.000000	111.918209	180.000000	248.081791	180.000000	90.000000	270.000000	0.000000	0.000000	0.000000	0.000000	0.000000	0.000000	0.000000	0.000000	0.000000	0.000000	0.000000	0.000000	0.000000	0.000000	0.000000	0.000000	0.000000	0.000000	0.000000	0.000000	0.000000	
4.069184	3.602711	180.000000	180.000000	180.000000	90.000000	102.523474	343.296595	315.000000	0.000000	0.000000	0.000000	45.000000	0.000000	270.000000	180.000000	111.918209	180.000000	248.081791	180.000000	90.000000	270.000000	0.000000	0.000000	0.000000	0.000000	0.000000	0.000000	0.000000	0.000000	0.000000	0.000000	0.000000	0.000000	0.000000	0.000000	0.000000	0.000000	0.000000	0.000000	0.000000	0.000000	0.000000	
4.066550	3.645570	180.000000	180.000000	180.000000	90.000000	102.468752	343.339584	315.000000	0.000000	0.000000	0.000000	45.000000	0.000000	270.000000	180.000000	111.918209	180.000000	248.081791	180.000000	90.000000	270.000000	0.000000	0.000000	0.000000	0.000000	0.000000	0.000000	0.000000	0.000000	0.000000	0.000000	0.000000	0.000000	0.000000	0.000000	0.000000	0.000000	0.000000	0.000000	0.000000	0.000000	0.000000	
4.065422	3.690093	180.000000	180.000000	180.000000	90.000000	102.412571	343.383665	315.000000	0.000000	0.000000	0.000000	45.000000	0.000000	270.000000	180.000000	111.918209	180.000000	248.081791	180.000000	90.000000	270.000000	0.000000	0.000000	0.000000	0.000000	0.000000	0.000000	0.000000	0.000000	0.000000	0.000000	0.000000	0.000000	0.000000	0.000000	0.000000	0.000000	0.000000	0.000000	0.000000	0.000000	0.000000	
4.065794	3.736270	180.000000	180.000000	180.000000	90.000000	102.354943	343.428833	315.000000	0.000000	0.000000	0.000000	45.000000	0.000000	270.000000	180.000000	111.918209	180.000000	248.081791	180.000000	90.000000	270.000000	0.000000	0.000000	0.000000	0.000000	0.000000	0.000000	0.000000	0.000000	0.000000	0.000000	0.000000	0.000000	0.000000	0.000000	0.000000	0.000000	0.000000	0.000000	0.000000	0.000000	0.000000	
4.067659	3.784087	180.000000	180.000000	180.000000	90.000000	102.295878	343.475079	315.000000	0.000000	0.000000	0.000000	45.000000	0.000000	270.000000	180.000000	111.918209	180.000000	248.081791	180.000000	90.000000	270.000000	0.000000	0.000000	0.000000	0.000000	0.000000	0.000000	0.000000	0.000000	0.000000	0.000000	0.000000	0.000000	0.000000	0.000000	0.000000	0.000000	0.000000	0.000000	0.000000	0.000000	0.000000	
4.071008	3.833533	180.000000	180.000000	180.000000	90.000000	102.235387	343.522397	315.000000	0.000000	0.000000	0.000000	45.000000	0.000000	270.000000	180.000000	111.918209	180.000000	248.081791	180.000000	90.000000	270.000000	0.000000	0.000000	0.000000	0.000000	0.000000	0.000000	0.000000	0.000000	0.000000	0.000000	0.000000	0.000000	0.000000	0.000000	0.000000	0.000000	0.000000	0.000000	0.000000	0.000000	0.000000	
4.075836	3.884595	180.000000	180.000000	180.000000	90.000000	102.173480	343.570778	315.000000	0.000000	0.000000	0.000000	45.000000	0.000000	270.000000	180.000000	111.918209	180.000000	248.081791	180.000000	90.000000	270.000000	0.000000	0.000000	0.000000	0.000000	0.000000	0.000000	0.000000	0.000000	0.000000	0.000000	0.000000	0.000000	0.000000	0.000000	0.000000	0.000000	0.000000	0.000000	0.000000	0.000000	0.000000	
4.082134	3.937262	180.000000	180.000000	180.000000	90.000000	102.110167	343.620215	315.000000	0.000000	0.000000	0.000000	45.000000	0.000000	270.000000	180.000000	111.918209	180.000000	248.081791	180.000000	90.000000	270.000000	0.000000	0.000000	0.000000	0.000000	0.000000	0.000000	0.000000	0.000000	0.000000	0.000000	0.000000	0.000000	0.000000	0.000000	0.000000	0.000000	0.000000	0.000000	0.000000	0.000000	0.000000	
4.089895	3.991522	180.000000	180.000000	180.000000	90.000000	102.045460	343.670702	315.000000	0.000000	0.000000	0.000000	45.000000	0.000000	270.000000	180.000000	111.918209	180.000000	248.081791	180.000000	90.000000	270.000000	0.000000	0.000000	0.000000	0.000000	0.000000	0.000000	0.000000	0.000000	0.000000	0.000000	0.000000	0.000000	0.000000	0.000000	0.000000	0.000000	0.000000	0.000000	0.000000	0.000000	0.000000	
4.099111	4.047362	180.000000	180.000000	180.000000	90.000000	101.979367	343.722232	315.000000	0.000000	0.000000	0.000000	45.000000	0.000000	270.000000	180.000000	111.918209	180.000000	248.081791	180.000000	90.000000	270.000000	0.000000	0.000000	0.000000	0.000000	0.000000	0.000000	0.000000	0.000000	0.000000	0.000000	0.000000	0.000000	0.000000	0.000000	0.000000	0.000000	0.000000	0.000000	0.000000	0.000000	0.000000	
4.109775	4.104772	180.000000	180.000000	180.000000	90.000000	91.769449	343.774796	315.000000	0.000000	0.000000	0.000000	45.000000	0.000000	270.000000	180.000000	111.918209	180.000000	248.081791	180.000000	90.000000	270.000000	0.000000	0.000000	0.000000	0.000000	0.000000	0.000000	0.000000	0.000000	0.000000	0.000000	0.000000	0.000000	0.000000	0.000000	0.000000	0.000000	0.000000	0.000000	0.000000	0.000000	0.000000	
4.121879	4.163739	180.000000	180.000000	180.000000	90.000000	100.121227	343.828389	315.000000	0.000000	0.000000	0.000000	45.000000	0.000000	270.000000	180.000000	111.918209	180.000000	248.081791	180.000000	90.000000	270.000000	0.000000	0.000000	0.000000	0.000000	0.000000	0.000000	0.000000	0.000000	0.000000	0.000000	0.000000	0.000000	0.000000	0.000000	0.000000	0.000000	0.000000	0.000000	0.000000	0.000000	0.000000	
4.135415	4.224251	180.000000	180.000000	180.000000	90.000000	101.540402	343.883002	315.000000	0.000000	0.000000	0.000000	45.000000	0.000000	270.000000	180.000000	111.918209	180.000000	248.081791	180.000000	90.000000	270.000000	0.000000	0.000000	0.000000	0.000000	0.000000	0.000000	0.000000	0.000000	0.000000	0.000000	0.000000	0.000000	0.000000	0.000000	0.000000	0.000000	0.000000	0.000000	0.000000	0.000000	0.000000	
4.150375	4.286298	180.000000	180.000000	180.000000	90.000000	91.724187	343.938630	315.000000	0.000000	0.000000	0.000000	45.000000	0.000000	270.000000	180.000000	111.918209	180.000000	248.081791	180.000000	90.000000	270.000000	0.000000	0.000000	0.000000	0.000000	0.000000	0.000000	0.000000	0.000000	0.000000	0.000000	0.000000	0.000000	0.000000	0.000000	0.000000	0.000000	0.000000	0.000000	0.000000	0.000000	0.000000	
4.166751	4.349868	180.000000	180.000000	180.000000	90.000000	100.009622	343.995266	315.000000	0.000000	0.000000	0.000000	45.000000	0.000000	270.000000	180.000000	111.918209	180.000000	248.081791	180.000000	90.000000	270.000000	0.000000	0.000000	0.000000	0.000000	0.000000	0.000000	0.000000	0.000000	0.000000	0.000000	0.000000	0.000000	0.000000	0.000000	0.000000	0.000000	0.000000	0.000000	0.000000	0.000000	0.000000	
4.184536	4.414949	180.000000	180.000000	180.000000	90.000000	91.482475	344.052903	315.000000	0.000000	0.000000	0.000000	45.000000	0.000000	270.000000	180.000000	111.918209	180.000000	248.081791	180.000000	90.000000	270.000000	0.000000	0.000000	0.000000	0.000000	0.000000	0.000000	0.000000	0.000000	0.000000	0.000000	0.000000	0.000000	0.000000	0.000000	0.000000	0.000000	0.000000	0.000000	0.000000	0.000000	0.000000	
4.203722	4.481531	180.000000	180.000000	180.000000	90.000000	99.915566	344.111533	315.000000	0.000000	0.000000	0.000000	45.000000	0.000000	270.000000	180.000000	111.918209	180.000000	248.081791	180.000000	90.000000	270.000000	0.000000	0.000000	0.000000	0.000000	0.000000	0.000000	0.000000	0.000000	0.000000	0.000000	0.000000	0.000000	0.000000	0.000000	0.000000	0.000000	0.000000	0.000000	0.000000	0.000000	0.000000	
4.224300	4.549602	180.000000	180.000000	180.000000	90.000000	91.501766	344.171152	315.000000	0.000000	0.000000	0.000000	45.000000	0.000000	270.000000	180.000000	111.918209	180.000000	248.081791	180.000000	90.000000	270.000000	0.000000	0.000000	0.000000	0.000000	0.000000	0.000000	0.000000	0.000000	0.000000	0.000000	0.000000	0.000000	0.000000	0.000000	0.000000	0.000000	0.000000	0.000000	0.000000	0.000000	0.000000	
4.246262	4.619151	180.000000	180.000000	180.000000	90.000000	99.861640	358.211371	315.000000	0.000000	0.000000	0.000000	45.000000	0.000000	270.000000	180.000000	111.918209	180.000000	248.081791	180.000000	90.000000	270.000000	0.000000	0.000000	0.000000	0.000000	0.000000	0.000000	0.000000	0.000000	0.000000	0.000000	0.000000	0.000000	0.000000	0.000000	0.000000	0.000000	0.000000	0.000000	0.000000	0.000000	0.000000	
4.269600	4.690168	180.000000	180.000000	180.000000	90.000000	91.525139	346.494931	315.000000	0.000000	0.000000	0.000000	45.000000	0.000000	270.000000	180.000000	111.918209	180.000000	248.081791	180.000000	90.000000	270.000000	0.000000	0.000000	0.000000	0.000000	0.000000	0.000000	0.000000	0.000000	0.000000	0.000000	0.000000	0.000000	0.000000	0.000000	0.000000	0.000000	0.000000	0.000000	0.000000	0.000000	0.000000	
4.294306	4.762641	180.000000	180.000000	180.000000	90.000000	99.802734	344.637486	315.000000	0.000000	0.000000	0.000000	45.000000	0.000000	270.000000	180.000000	111.918209	180.000000	248.081791	180.000000	90.000000	270.000000	0.000000	0.000000	0.000000	0.000000	0.000000	0.000000	0.000000	0.000000	0.000000	0.000000	0.000000	0.000000	0.000000	0.000000	0.000000	0.000000	0.000000	0.000000	0.000000	0.000000	0.000000	
4.320373	4.836560	180.000000	180.000000	180.000000	90.000000	91.544269	358.275441	315.000000	0.000000	0.000000	0.000000	45.000000	0.000000	270.000000	180.000000	111.918209	180.000000	248.081791	180.000000	90.000000	270.000000	0.000000	0.000000	0.000000	0.000000	0.000000	0.000000	0.000000	0.000000	0.000000	0.000000	0.000000	0.000000	0.000000	0.000000	0.000000	0.000000	0.000000	0.000000	0.000000	0.000000	0.000000	
4.347791	4.911914	180.000000	180.000000	180.000000	90.000000	99.737460	346.582496	315.000000	0.000000	0.000000	0.000000	45.000000	0.000000	270.000000	180.000000	111.918209	180.000000	248.081791	180.000000	90.000000	270.000000	0.000000	0.000000	0.000000	0.000000	0.000000	0.000000	0.000000	0.000000	0.000000	0.000000	0.000000	0.000000	0.000000	0.000000	0.000000	0.000000	0.000000	0.000000	0.000000	0.000000	0.000000	
4.376553	4.988694	180.000000	180.000000	180.000000	90.000000	91.558892	344.735808	315.000000	0.000000	0.000000	0.000000	45.000000	0.000000	270.000000	180.000000	111.918209	180.000000	248.081791	180.000000	90.000000	270.000000	0.000000	0.000000	0.000000	0.000000	0.000000	0.000000	0.000000	0.000000	0.000000	0.000000	0.000000	0.000000	0.000000	0.000000	0.000000	0.000000	0.000000	0.000000	0.000000	0.000000	0.000000	
4.406651	5.066887	180.000000	180.000000	180.000000	90.000000	99.665841	358.282958	315.000000	0.000000	0.000000	0.000000	45.000000	0.000000	270.000000	180.000000	111.918209	180.000000	248.081791	180.000000	90.000000	270.000000	0.000000	0.000000	0.000000	0.000000	0.000000	0.000000	0.000000	0.000000	0.000000	0.000000	0.000000	0.000000	0.000000	0.000000	0.000000	0.000000	0.000000	0.000000	0.000000	0.000000	0.000000	
4.438076	5.146486	180.000000	180.000000	180.000000	90.000000	91.569006	346.669960	315.000000	0.000000	0.000000	0.000000	45.000000	0.000000	270.000000	180.000000	111.918209	180.000000	248.081791	180.000000	90.000000	270.000000	0.000000	0.000000	0.000000	0.000000	0.000000	0.000000	0.000000	0.000000	0.000000	0.000000	0.000000	0.000000	0.000000	0.000000	0.000000	0.000000	0.000000	0.000000	0.000000	0.000000	0.000000	
4.470820	5.227478	180.000000	180.000000	180.000000	90.000000	99.587948	358.581633	315.000000	0.000000	0.000000	0.000000	45.000000	0.000000	270.000000	180.000000	111.918209	180.000000	248.081791	180.000000	90.000000	270.000000	0.000000	0.000000	0.000000	0.000000	0.000000	0.000000	0.000000	0.000000	0.000000	0.000000	0.000000	0.000000	0.000000	0.000000	0.000000	0.000000	0.000000	0.000000	0.000000	0.000000	0.000000	
4.504875	5.309855	180.000000	180.000000	180.000000	90.000000	91.574617	346.754031	315.000000	0.000000	0.000000	0.000000	45.000000	0.000000	270.000000	180.000000	111.918209	180.000000	248.081791	180.000000	90.000000	270.000000	0.000000	0.000000	0.000000	0.000000	0.000000	0.000000	0.000000	0.000000	0.000000	0.000000	0.000000	0.000000	0.000000	0.000000	0.000000	0.000000	0.000000	0.000000	0.000000	0.000000	0.000000	
4.540234	5.393606	180.000000	180.000000	180.000000	90.000000	99.503852	358.572579	315.000000	0.000000	0.000000	0.000000	45.000000	0.000000	270.000000	180.000000	111.918209	180.000000	248.081791	180.000000	90.000000	270.000000	0.000000	0.000000	0.000000	0.000000	0.000000	0.000000	0.000000	0.000000	0.000000	0.000000	0.000000	0.000000	0.000000	0.000000	0.000000	0.000000	0.000000	0.000000	0.000000	0.000000	0.000000	
4.576887	5.478722	180.000000	180.000000	180.000000	90.000000	91.575736	346.792951	315.000000	0.000000	0.000000	0.000000	45.000000	0.000000	270.000000	180.000000	111.918209	180.000000	248.081791	180.000000	90.000000	270.000000	0.000000	0.000000	0.000000	0.000000	0.000000	0.000000	0.000000	0.000000	0.000000	0.000000	0.000000	0.000000	0.000000	0.000000	0.000000	0.000000	0.000000	0.000000	0.000000	0.000000	0.000000	
4.614827	5.565193	180.000000	180.000000	180.000000	90.000000	99.413621	358.558276	315.000000	0.000000	0.000000	0.000000	45.000000	0.000000	270.000000	180.000000	111.918209	180.000000	248.081791	180.000000	90.000000	270.000000	0.000000	0.000000	0.000000	0.000000	0.000000	0.000000	0.000000	0.000000	0.000000	0.000000	0.000000	0.000000	0.000000	0.000000	0.000000	0.000000	0.000000	0.000000	0.000000	0.000000	0.000000	
4.654046	5.653010	180.000000	180.000000	180.000000	90.000000	91.572372	346.835297	315.000000	0.000000	0.000000	0.000000	45.000000	0.000000	270.000000	180.000000	111.918209	180.000000	248.081791	180.000000	90.000000	270.000000	0.000000	0.000000	0.000000	0.000000	0.000000	0.000000	0.000000	0.000000	0.000000	0.000000	0.000000	0.000000	0.000000	0.000000	0.000000	0.000000	0.000000	0.000000	0.000000	0.000000	0.000000	
4.694536	5.742162	180.000000	180.000000	180.000000	90.000000	99.317323	358.546898	315.000000	0.000000	0.000000	0.000000	45.000000	0.000000	270.000000	180.000000	111.918209	180.000000	248.081791	180.000000	90.000000	270.000000	0.000000	0.000000	0.000000	0.000000	0.000000	0.000000	0.000000	0.000000	0.000000	0.000000	0.000000	0.000000	0.000000	0.000000	0.000000	0.000000	0.000000	0.000000	0.000000	0.000000	0.000000	
4.736288	5.832642	180.000000	180.000000	180.000000	90.000000	91.564537	346.882329	315.000000	0.000000	0.000000	0.000000	45.000000	0.000000	270.000000	180.000000	111.918209	180.000000	248.081791	180.000000	90.000000	270.000000	0.000000	0.000000	0.000000	0.000000	0.000000	0.000000	0.000000	0.000000	0.000000	0.000000	0.000000	0.000000	0.000000	0.000000	0.000000	0.000000	0.000000	0.000000	0.000000	0.000000	0.000000	
4.779295	5.924440	180.000000	180.000000	180.000000	90.000000	99.215027	358.538663	315.000000	0.000000	0.000000	0.000000	45.000000	0.000000	270.000000	180.000000	111.918209	180.000000	248.081791	180.000000	90.000000	270.000000	0.000000	0.000000	0.000000	0.000000	0.000000	0.000000	0.000000	0.000000	0.000000	0.000000	0.000000	0.000000	0.000000	0.000000	0.000000	0.000000	0.000000	0.000000	0.000000	0.000000	0.000000	
4.823549	6.017547	180.000000	180.000000	180.000000	90.000000	91.552243	346.934030	315.000000	0.000000	0.000000	0.000000	45.000000	0.000000	270.000000	180.000000	111.918209	180.000000	248.081791	180.000000	90.000000	270.000000	0.000000	0.000000	0.000000	0.000000	0.000000	0.000000	0.000000	0.000000	0.000000	0.000000	0.000000	0.000000	0.000000	0.000000	0.000000	0.000000	0.000000	0.000000	0.000000	0.000000	0.000000	
4.869042	6.111954	180.000000	180.000000	180.000000	90.000000	90.161958	358.533574	315.000000	0.000000	0.000000	0.000000	45.000000	0.000000	270.000000	180.000000	111.918209	180.000000	248.081791	180.000000	90.000000	270.000000	0.000000	0.000000	0.000000	0.000000	0.000000	0.000000	0.000000	0.000000	0.000000	0.000000	0.000000	0.000000	0.000000	0.000000	0.000000	0.000000	0.000000	0.000000	0.000000	0.000000	0.000000	
4.915765	6.207652	180.000000	180.000000	180.000000	90.000000	98.843727	346.990351	315.000000	0.000000	0.000000	0.000000	45.000000	0.000000	270.000000	180.000000	111.918209	180.000000	248.081791	180.000000	90.000000	270.000000	0.000000	0.000000	0.000000	0.000000	0.000000	0.000000	0.000000	0.000000	0.000000	0.000000	0.000000	0.000000	0.000000	0.000000	0.000000	0.000000	0.000000	0.000000	0.000000	0.000000	0.000000	
4.963712	6.304633	180.000000	180.000000	180.000000	90.000000	91.515874	358.531630	315.000000	0.000000	0.000000	0.000000	45.000000	0.000000	270.000000	180.000000	111.918209	180.000000	248.081791	180.000000	90.000000	270.000000	0.000000	0.000000	0.000000	0.000000	0.000000	0.000000	0.000000	0.000000	0.000000	0.000000	0.000000	0.000000	0.000000	0.000000	0.000000	0.000000	0.000000	0.000000	0.000000	0.000000	0.000000	
5.012874	6.402888	180.000000	180.000000	180.000000	90.000000	90.184832	347.051242	315.000000	0.000000	0.000000	0.000000	45.000000	0.000000	270.000000	180.000000	111.918209	180.000000	248.081791	180.000000	90.000000	270.000000	0.000000	0.000000	0.000000	0.000000	0.000000	0.000000	0.000000	0.000000	0.000000	0.000000	0.000000	0.000000	0.000000	0.000000	0.000000	0.000000	0.000000	0.000000	0.000000	0.000000	0.000000	
5.063243	6.502410	180.000000	180.000000	180.000000	90.000000	89.964496	358.532826	315.000000	0.000000	0.000000	0.000000	45.000000	0.000000	270.000000	180.000000	111.918209	180.000000	248.081791	180.000000	90.000000	270.000000	0.000000	0.000000	0.000000	0.000000	0.000000	0.000000	0.000000	0.000000	0.000000	0.000000	0.000000	0.000000	0.000000	0.000000	0.000000	0.000000	0.000000	0.000000	0.000000	0.000000	0.000000	
5.114813	6.603189	180.000000	180.000000	180.000000	90.000000	89.949574	347.116652	315.000000	0.000000	0.000000	0.000000	45.000000	0.000000	270.000000	180.000000	111.918209	180.000000	248.081791	180.000000	90.000000	270.000000	0.000000	0.000000	0.000000	0.000000	0.000000	0.000000	0.000000	0.000000	0.000000	0.000000	0.000000	0.000000	0.000000	0.000000	0.000000	0.000000	0.000000	0.000000	0.000000	0.000000	0.000000	
5.167574	6.705217	180.000000	180.000000	180.000000	90.000000	89.971775	358.537158	315.000000	0.000000	0.000000	0.000000	45.000000	0.000000	270.000000	180.000000	111.918209	180.000000	248.081791	180.000000	90.000000	270.000000	0.000000	0.000000	0.000000	0.000000	0.000000	0.000000	0.000000	0.000000	0.000000	0.000000	0.000000	0.000000	0.000000	0.000000	0.000000	0.000000	0.000000	0.000000	0.000000	0.000000	0.000000	
5.221520	6.808487	180.000000	180.000000	180.000000	90.000000	89.999813	347.186532	315.000000	0.000000	0.000000	0.000000	45.000000	0.000000	270.000000	180.000000	111.918209	180.000000	248.081791	180.000000	90.000000	270.000000	0.000000	0.000000	0.000000	0.000000	0.000000	0.000000	0.000000	0.000000	0.000000	0.000000	0.000000	0.000000	0.000000	0.000000	0.000000	0.000000	0.000000	0.000000	0.000000	0.000000	0.000000	
5.276643	6.912991	180.000000	180.000000	180.000000	90.000000	90.027870	358.544623	315.000000	0.000000	0.000000	0.000000	45.000000	0.000000	270.000000	180.000000	111.918209	180.000000	248.081791	180.000000	90.000000	270.000000	0.000000	0.000000	0.000000	0.000000	0.000000	0.000000	0.000000	0.000000	0.000000	0.000000	0.000000	0.000000	0.000000	0.000000	0.000000	0.000000	0.000000	0.000000	0.000000	0.000000	0.000000	
5.332936	7.018721	180.000000	180.000000	180.000000	90.000000	90.054864	347.260835	315.000000	0.000000	0.000000	0.000000	45.000000	0.000000	270.000000	180.000000	111.918209	180.000000	248.081791	180.000000	90.000000	270.000000	0.000000	0.000000	0.000000	0.000000	0.000000	0.000000	0.000000	0.000000	0.000000	0.000000	0.000000	0.000000	0.000000	0.000000	0.000000	0.000000	0.000000	0.000000	0.000000	0.000000	0.000000	
5.390391	7.125670	180.000000	180.000000	180.000000	90.000000	90.080592	358.555214	315.000000	0.000000	0.000000	0.000000	45.000000	0.000000	270.000000	180.000000	111.918209	180.000000	248.081791	180.000000	90.000000	270.000000	0.000000	0.000000	0.000000	0.000000	0.000000	0.000000	0.000000	0.000000	0.000000	0.000000	0.000000	0.000000	0.000000	0.000000	0.000000	0.000000	0.000000	0.000000	0.000000	0.000000	0.000000	
5.449001	7.233829	180.000000	180.000000	180.000000	90.000000	90.105015	347.339511	315.000000	0.000000	0.000000	0.000000	45.000000	0.000000	270.000000	180.000000	111.918209	180.000000	248.081791	180.000000	90.000000	270.000000	0.000000	0.000000	0.000000	0.000000	0.000000	0.000000	0.000000	0.000000	0.000000	0.000000	0.000000	0.000000	0.000000	0.000000	0.000000	0.000000	0.000000	0.000000	0.000000	0.000000	0.000000	
5.508757	7.343192	180.000000	180.000000	180.000000	90.000000	90.128125	358.568927	315.000000	0.000000	0.000000	0.000000	45.000000	0.000000	270.000000	180.000000	111.918209	180.000000	248.081791	180.000000	90.000000	270.000000	0.000000	0.000000	0.000000	0.000000	0.000000	0.000000	0.000000	0.000000	0.000000	0.000000	0.000000	0.000000	0.000000	0.000000	0.000000	0.000000	0.000000	0.000000	0.000000	0.000000	0.000000	
5.569655	7.453751	180.000000	180.000000	180.000000	90.000000	90.149918	347.422513	315.000000	0.000000	0.000000	0.000000	45.000000	0.000000	270.000000	180.000000	111.918209	180.000000	248.081791	180.000000	90.000000	270.000000	0.000000	0.000000	0.000000	0.000000	0.000000	0.000000	0.000000	0.000000	0.000000	0.000000	0.000000	0.000000	0.000000	0.000000	0.000000	0.000000	0.000000	0.000000	0.000000	0.000000	0.000000	
5.631684	7.565500	180.000000	180.000000	180.000000	90.000000	90.170393	358.585756	315.000000	0.000000	0.000000	0.000000	45.000000	0.000000	270.000000	180.000000	111.918209	180.000000	248.081791	180.000000	90.000000	270.000000	0.000000	0.000000	0.000000	0.000000	0.000000	0.000000	0.000000	0.000000	0.000000	0.000000	0.000000	0.000000	0.000000	0.000000	0.000000	0.000000	0.000000	0.000000	0.000000	0.000000	0.000000	
5.694840	7.678431	180.000000	180.000000	180.000000	90.000000	90.189549	347.509796	315.000000	0.000000	0.000000	0.000000	45.000000	0.000000	270.000000	180.000000	111.918209	180.000000	248.081791	180.000000	90.000000	270.000000	0.000000	0.000000	0.000000	0.000000	0.000000	0.000000	0.000000	0.000000	0.000000	0.000000	0.000000	0.000000	0.000000	0.000000	0.000000	0.000000	0.000000	0.000000	0.000000	0.000000	0.000000	
5.759115	7.792537	180.000000	180.000000	180.000000	90.000000	90.207386	358.605695	315.000000	0.000000	0.000000	0.000000	45.000000	0.000000	270.000000	180.000000	111.918209	180.000000	248.081791	180.000000	90.000000	270.000000	0.000000	0.000000	0.000000	0.000000	0.000000	0.000000	0.000000	0.000000	0.000000	0.000000	0.000000	0.000000	0.000000	0.000000	0.000000	0.000000	0.000000	0.000000	0.000000	0.000000	0.000000	
5.824501	22.726944	180.000000	180.000000	180.000000	90.000000	90.223901	347.601314	315.000000	0.000000	0.000000	0.000000	45.000000	0.000000	270.000000	180.000000	111.918209	180.000000	248.081791	180.000000	90.000000	270.000000	0.000000	0.000000	0.000000	0.000000	0.000000	0.000000	0.000000	0.000000	0.000000	0.000000	0.000000	0.000000	0.000000	0.000000	0.000000	0.000000	0.000000	0.000000	0.000000	0.000000	0.000000	
5.890991	10.845302	180.000000	180.000000	180.000000	90.000000	93.711020	358.628736	315.000000	0.000000	0.000000	0.000000	45.000000	0.000000	270.000000	180.000000	111.918209	180.000000	248.081791	180.000000	90.000000	270.000000	0.000000	0.000000	0.000000	0.000000	0.000000	0.000000	0.000000	0.000000	0.000000	0.000000	0.000000	0.000000	0.000000	0.000000	0.000000	0.000000	0.000000	0.000000	0.000000	0.000000	0.000000	
5.958580	8.624984	180.000000	180.000000	180.000000	90.000000	94.360730	347.697022	315.000000	0.000000	0.000000	0.000000	45.000000	0.000000	270.000000	180.000000	111.918209	180.000000	248.081791	180.000000	90.000000	270.000000	0.000000	0.000000	0.000000	0.000000	0.000000	0.000000	0.000000	0.000000	0.000000	0.000000	0.000000	0.000000	0.000000	0.000000	0.000000	0.000000	0.000000	0.000000	0.000000	0.000000	0.000000	
6.027260	22.959130	180.000000	180.000000	180.000000	90.000000	94.494555	358.654874	315.000000	0.000000	0.000000	0.000000	45.000000	0.000000	270.000000	180.000000	111.918209	180.000000	248.081791	180.000000	90.000000	270.000000	0.000000	0.000000	0.000000	0.000000	0.000000	0.000000	0.000000	0.000000	0.000000	0.000000	0.000000	0.000000	0.000000	0.000000	0.000000	0.000000	0.000000	0.000000	0.000000	0.000000	0.000000	
6.097024	11.098810	180.000000	180.000000	180.000000	90.000000	94.533809	347.796875	315.000000	0.000000	0.000000	0.000000	45.000000	0.000000	270.000000	180.000000	111.918209	180.000000	248.081791	180.000000	90.000000	270.000000	0.000000	0.000000	0.000000	0.000000	0.000000	0.000000	0.000000	0.000000	0.000000	0.000000	0.000000	0.000000	0.000000	0.000000	0.000000	0.000000	0.000000	0.000000	0.000000	0.000000	0.000000	
6.167865	8.895133	180.000000	180.000000	180.000000	90.000000	94.554989	358.684102	315.000000	0.000000	0.000000	0.000000	45.000000	0.000000	270.000000	180.000000	111.918209	180.000000	248.081791	180.000000	90.000000	270.000000	0.000000	0.000000	0.000000	0.000000	0.000000	0.000000	0.000000	0.000000	0.000000	0.000000	0.000000	0.000000	0.000000	0.000000	0.000000	0.000000	0.000000	0.000000	0.000000	0.000000	0.000000	
6.239778	23.082686	180.000000	180.000000	180.000000	90.000000	94.571979	347.900831	315.000000	0.000000	0.000000	0.000000	45.000000	0.000000	270.000000	180.000000	111.918209	180.000000	248.081791	180.000000	90.000000	270.000000	0.000000	0.000000	0.000000	0.000000	0.000000	0.000000	0.000000	0.000000	0.000000	0.000000	0.000000	0.000000	0.000000	0.000000	0.000000	0.000000	0.000000	0.000000	0.000000	0.000000	0.000000	
6.312755	11.341393	180.000000	180.000000	180.000000	90.000000	94.587299	358.716410	315.000000	0.000000	0.000000	0.000000	45.000000	0.000000	270.000000	180.000000	111.918209	180.000000	248.081791	180.000000	90.000000	270.000000	0.000000	0.000000	0.000000	0.000000	0.000000	0.000000	0.000000	0.000000	0.000000	0.000000	0.000000	0.000000	0.000000	0.000000	0.000000	0.000000	0.000000	0.000000	0.000000	0.000000	0.000000	
6.386790	9.172849	180.000000	180.000000	180.000000	90.000000	94.601409	348.008847	315.000000	0.000000	0.000000	0.000000	45.000000	0.000000	270.000000	180.000000	111.918209	180.000000	248.081791	180.000000	90.000000	270.000000	0.000000	0.000000	0.000000	0.000000	0.000000	0.000000	0.000000	0.000000	0.000000	0.000000	0.000000	0.000000	0.000000	0.000000	0.000000	0.000000	0.000000	0.000000	0.000000	0.000000	0.000000	
6.461876	23.213722	180.000000	180.000000	180.000000	90.000000	94.614395	358.751793	315.000000	0.000000	0.000000	0.000000	45.000000	0.000000	270.000000	180.000000	111.918209	180.000000	248.081791	180.000000	90.000000	270.000000	0.000000	0.000000	0.000000	0.000000	0.000000	0.000000	0.000000	0.000000	0.000000	0.000000	0.000000	0.000000	0.000000	0.000000	0.000000	0.000000	0.000000	0.000000	0.000000	0.000000	0.000000	
6.538008	11.595293	180.000000	180.000000	180.000000	90.000000	94.626272	348.120882	315.000000	0.000000	0.000000	0.000000	45.000000	0.000000	270.000000	180.000000	111.918209	180.000000	248.081791	180.000000	90.000000	270.000000	0.000000	0.000000	0.000000	0.000000	0.000000	0.000000	0.000000	0.000000	0.000000	0.000000	0.000000	0.000000	0.000000	0.000000	0.000000	0.000000	0.000000	0.000000	0.000000	0.000000	0.000000	
6.615179	23.739920	180.000000	180.000000	180.000000	90.000000	94.637048	358.790241	315.000000	0.000000	0.000000	0.000000	45.000000	0.000000	270.000000	180.000000	111.918209	180.000000	248.081791	180.000000	90.000000	270.000000	0.000000	0.000000	0.000000	0.000000	0.000000	0.000000	0.000000	0.000000	0.000000	0.000000	0.000000	0.000000	0.000000	0.000000	0.000000	0.000000	0.000000	0.000000	0.000000	0.000000	0.000000	
6.693383	11.830588	180.000000	180.000000	180.000000	90.000000	94.646726	348.236895	315.000000	0.000000	0.000000	0.000000	45.000000	0.000000	270.000000	180.000000	111.918209	180.000000	248.081791	180.000000	90.000000	270.000000	0.000000	0.000000	0.000000	0.000000	0.000000	0.000000	0.000000	0.000000	0.000000	0.000000	0.000000	0.000000	0.000000	0.000000	0.000000	0.000000	0.000000	0.000000	0.000000	0.000000	0.000000	
6.772613	23.823379	180.000000	180.000000	180.000000	90.000000	94.655309	358.831746	315.000000	0.000000	0.000000	0.000000	45.000000	0.000000	270.000000	180.000000	111.918209	180.000000	248.081791	180.000000	90.000000	270.000000	0.000000	0.000000	0.000000	0.000000	0.000000	0.000000	0.000000	0.000000	0.000000	0.000000	0.000000	0.000000	0.000000	0.000000	0.000000	0.000000	0.000000	0.000000	0.000000	0.000000	0.000000	
6.852864	11.986020	180.000000	180.000000	180.000000	90.000000	94.662800	0.612433	315.000000	0.000000	0.000000	0.000000	45.000000	0.000000	270.000000	180.000000	111.918209	180.000000	248.081791	180.000000	90.000000	270.000000	0.000000	0.000000	0.000000	0.000000	0.000000	0.000000	0.000000	0.000000	0.000000	0.000000	0.000000	0.000000	0.000000	0.000000	0.000000	0.000000	0.000000	0.000000	0.000000	0.000000	0.000000	
6.934130	23.893409	180.000000	180.000000	180.000000	90.000000	94.669203	348.656719	315.000000	0.000000	0.000000	0.000000	45.000000	0.000000	270.000000	180.000000	111.918209	180.000000	248.081791	180.000000	90.000000	270.000000	0.000000	0.000000	0.000000	0.000000	0.000000	0.000000	0.000000	0.000000	0.000000	0.000000	0.000000	0.000000	0.000000	0.000000	0.000000	0.000000	0.000000	0.000000	0.000000	0.000000	0.000000	
7.016405	12.143500	180.000000	180.000000	180.000000	90.000000	94.674521	358.907934	315.000000	0.000000	0.000000	0.000000	45.000000	0.000000	270.000000	180.000000	111.918209	180.000000	248.081791	180.000000	90.000000	270.000000	0.000000	0.000000	0.000000	0.000000	0.000000	0.000000	0.000000	0.000000	0.000000	0.000000	0.000000	0.000000	0.000000	0.000000	0.000000	0.000000	0.000000	0.000000	0.000000	0.000000	0.000000	
7.099682	23.966752	180.000000	180.000000	180.000000	90.000000	94.678757	0.631973	315.000000	0.000000	0.000000	0.000000	45.000000	0.000000	270.000000	180.000000	111.918209	180.000000	248.081791	180.000000	90.000000	270.000000	0.000000	0.000000	0.000000	0.000000	0.000000	0.000000	0.000000	0.000000	0.000000	0.000000	0.000000	0.000000	0.000000	0.000000	0.000000	0.000000	0.000000	0.000000	0.000000	0.000000	0.000000	
7.183957	12.306155	180.000000	180.000000	180.000000	90.000000	94.681915	348.803238	315.000000	0.000000	0.000000	0.000000	45.000000	0.000000	270.000000	180.000000	111.918209	180.000000	248.081791	180.000000	90.000000	270.000000	0.000000	0.000000	0.000000	0.000000	0.000000	0.000000	0.000000	0.000000	0.000000	0.000000	0.000000	0.000000	0.000000	0.000000	0.000000	0.000000	0.000000	0.000000	0.000000	0.000000	0.000000	
7.269224	24.044063	180.000000	180.000000	180.000000	90.000000	94.683999	358.943940	315.000000	0.000000	0.000000	0.000000	45.000000	0.000000	270.000000	180.000000	111.918209	180.000000	248.081791	180.000000	90.000000	270.000000	0.000000	0.000000	0.000000	0.000000	0.000000	0.000000	0.000000	0.000000	0.000000	0.000000	0.000000	0.000000	0.000000	0.000000	0.000000	0.000000	0.000000	0.000000	0.000000	0.000000	0.000000	
7.355476	12.474053	180.000000	180.000000	180.000000	90.000000	94.685013	0.650459	315.000000	0.000000	0.000000	0.000000	45.000000	0.000000	270.000000	180.000000	111.918209	180.000000	248.081791	180.000000	90.000000	270.000000	0.000000	0.000000	0.000000	0.000000	0.000000	0.000000	0.000000	0.000000	0.000000	0.000000	0.000000	0.000000	0.000000	0.000000	0.000000	0.000000	0.000000	0.000000	0.000000	0.000000	0.000000	
7.442709	24.125374	180.000000	180.000000	180.000000	90.000000	94.684961	0.925862	315.000000	0.000000	0.000000	0.000000	45.000000	0.000000	270.000000	180.000000	111.918209	180.000000	248.081791	180.000000	90.000000	270.000000	0.000000	0.000000	0.000000	0.000000	0.000000	0.000000	0.000000	0.000000	0.000000	0.000000	0.000000	0.000000	0.000000	0.000000	0.000000	0.000000	0.000000	0.000000	0.000000	0.000000	0.000000	
7.530917	12.647147	180.000000	180.000000	180.000000	90.000000	94.683847	0.957737	315.000000	0.000000	0.000000	0.000000	45.000000	0.000000	270.000000	180.000000	111.918209	180.000000	248.081791	180.000000	90.000000	270.000000	0.000000	0.000000	0.000000	0.000000	0.000000	0.000000	0.000000	0.000000	0.000000	0.000000	0.000000	0.000000	0.000000	0.000000	0.000000	0.000000	0.000000	0.000000	0.000000	0.000000	0.000000	
7.620095	24.210689	180.000000	180.000000	180.000000	90.000000	94.681674	0.948811	315.000000	0.000000	0.000000	0.000000	45.000000	0.000000	270.000000	180.000000	111.918209	180.000000	248.081791	180.000000	90.000000	270.000000	0.000000	0.000000	0.000000	0.000000	0.000000	0.000000	0.000000	0.000000	0.000000	0.000000	0.000000	0.000000	0.000000	0.000000	0.000000	0.000000	0.000000	0.000000	0.000000	0.000000	0.000000	
7.710237	12.825382	180.000000	180.000000	180.000000	90.000000	94.678448	0.933692	315.000000	0.000000	0.000000	0.000000	45.000000	0.000000	270.000000	180.000000	111.918209	180.000000	248.081791	180.000000	90.000000	270.000000	0.000000	0.000000	0.000000	0.000000	0.000000	0.000000	0.000000	0.000000	0.000000	0.000000	0.000000	0.000000	0.000000	0.000000	0.000000	0.000000	0.000000	0.000000	0.000000	0.000000	0.000000	
7.801338	24.300016	180.000000	180.000000	180.000000	90.000000	94.674171	0.918286	315.000000	0.000000	0.000000	0.000000	45.000000	0.000000	270.000000	180.000000	111.918209	180.000000	248.081791	180.000000	90.000000	270.000000	0.000000	0.000000	0.000000	0.000000	0.000000	0.000000	0.000000	0.000000	0.000000	0.000000	0.000000	0.000000	0.000000	0.000000	0.000000	0.000000	0.000000	0.000000	0.000000	0.000000	0.000000	
7.893394	13.008710	180.000000	180.000000	180.000000	90.000000	94.668850	0.903603	315.000000	0.000000	0.000000	0.000000	45.000000	0.000000	270.000000	180.000000	111.918209	180.000000	248.081791	180.000000	90.000000	270.000000	0.000000	0.000000	0.000000	0.000000	0.000000	0.000000	0.000000	0.000000	0.000000	0.000000	0.000000	0.000000	0.000000	0.000000	0.000000	0.000000	0.000000	0.000000	0.000000	0.000000	0.000000	
7.986398	24.393359	180.000000	180.000000	180.000000	90.000000	94.662488	0.889815	315.000000	0.000000	0.000000	0.000000	45.000000	0.000000	270.000000	180.000000	111.918209	180.000000	248.081791	180.000000	90.000000	270.000000	0.000000	0.000000	0.000000	0.000000	0.000000	0.000000	0.000000	0.000000	0.000000	0.000000	0.000000	0.000000	0.000000	0.000000	0.000000	0.000000	0.000000	0.000000	0.000000	0.000000	0.000000	
8.080345	13.197082	180.000000	180.000000	180.000000	90.000000	94.655089	0.876951	315.000000	0.000000	0.000000	0.000000	45.000000	0.000000	270.000000	180.000000	111.918209	180.000000	248.081791	180.000000	90.000000	270.000000	0.000000	0.000000	0.000000	0.000000	0.000000	0.000000	0.000000	0.000000	0.000000	0.000000	0.000000	0.000000	0.000000	0.000000	0.000000	0.000000	0.000000	0.000000	0.000000	0.000000	0.000000	
8.175232	24.490723	180.000000	180.000000	180.000000	90.000000	94.646659	0.865019	315.000000	0.000000	0.000000	0.000000	45.000000	0.000000	270.000000	180.000000	111.918209	180.000000	248.081791	180.000000	90.000000	270.000000	0.000000	0.000000	0.000000	0.000000	0.000000	0.000000	0.000000	0.000000	0.000000	0.000000	0.000000	0.000000	0.000000	0.000000	0.000000	0.000000	0.000000	0.000000	0.000000	0.000000	0.000000	
8.271053	13.390449	180.000000	180.000000	180.000000	90.000000	94.637202	0.854019	315.000000	0.000000	0.000000	0.000000	45.000000	0.000000	270.000000	180.000000	111.918209	180.000000	248.081791	180.000000	90.000000	270.000000	0.000000	0.000000	0.000000	0.000000	0.000000	0.000000	0.000000	0.000000	0.000000	0.000000	0.000000	0.000000	0.000000	0.000000	0.000000	0.000000	0.000000	0.000000	0.000000	0.000000	0.000000	
8.367803	24.592112	180.000000	180.000000	180.000000	90.000000	94.626722	0.843952	315.000000	0.000000	0.000000	0.000000	45.000000	0.000000	270.000000	180.000000	111.918209	180.000000	248.081791	180.000000	90.000000	270.000000	0.000000	0.000000	0.000000	0.000000	0.000000	0.000000	0.000000	0.000000	0.000000	0.000000	0.000000	0.000000	0.000000	0.000000	0.000000	0.000000	0.000000	0.000000	0.000000	0.000000	0.000000	
8.465477	13.588768	180.000000	180.000000	180.000000	90.000000	94.615225	0.834818	315.000000	0.000000	0.000000	0.000000	45.000000	0.000000	270.000000	180.000000	111.918209	180.000000	248.081791	180.000000	90.000000	270.000000	0.000000	0.000000	0.000000	0.000000	0.000000	0.000000	0.000000	0.000000	0.000000	0.000000	0.000000	0.000000	0.000000	0.000000	0.000000	0.000000	0.000000	0.000000	0.000000	0.000000	0.000000	
8.564071	24.697532	180.000000	180.000000	180.000000	90.000000	94.602715	0.826619	315.000000	0.000000	0.000000	0.000000	45.000000	0.000000	270.000000	180.000000	111.918209	180.000000	248.081791	180.000000	90.000000	270.000000	0.000000	0.000000	0.000000	0.000000	0.000000	0.000000	0.000000	0.000000	0.000000	0.000000	0.000000	0.000000	0.000000	0.000000	0.000000	0.000000	0.000000	0.000000	0.000000	0.000000	0.000000	
8.663581	13.791993	180.000000	180.000000	180.000000	90.000000	94.589198	0.819354	315.000000	0.000000	0.000000	0.000000	45.000000	0.000000	270.000000	180.000000	111.918209	180.000000	248.081791	180.000000	90.000000	270.000000	0.000000	0.000000	0.000000	0.000000	0.000000	0.000000	0.000000	0.000000	0.000000	0.000000	0.000000	0.000000	0.000000	0.000000	0.000000	0.000000	0.000000	0.000000	0.000000	0.000000	0.000000	
8.764001	24.806987	180.000000	180.000000	180.000000	90.000000	94.574678	0.813023	315.000000	0.000000	0.000000	0.000000	45.000000	0.000000	270.000000	180.000000	111.918209	180.000000	248.081791	180.000000	90.000000	270.000000	0.000000	0.000000	0.000000	0.000000	0.000000	0.000000	0.000000	0.000000	0.000000	0.000000	0.000000	0.000000	0.000000	0.000000	0.000000	0.000000	0.000000	0.000000	0.000000	0.000000	0.000000	
23.241988	14.000083	180.000000	180.000000	180.000000	90.000000	94.559160	0.807628	315.000000	0.000000	0.000000	0.000000	45.000000	0.000000	270.000000	180.000000	111.918209	180.000000	248.081791	180.000000	90.000000	270.000000	0.000000	0.000000	0.000000	0.000000	0.000000	0.000000	0.000000	0.000000	0.000000	0.000000	0.000000	0.000000	0.000000	0.000000	0.000000	0.000000	0.000000	0.000000	0.000000	0.000000	0.000000	
11.395511	44.149755	180.000000	180.000000	180.000000	90.000000	94.542650	0.803168	315.000000	0.000000	0.000000	0.000000	45.000000	0.000000	270.000000	180.000000	111.918209	180.000000	248.081791	180.000000	90.000000	270.000000	0.000000	0.000000	0.000000	0.000000	0.000000	0.000000	0.000000	0.000000	0.000000	0.000000	0.000000	0.000000	0.000000	0.000000	0.000000	0.000000	0.000000	0.000000	0.000000	0.000000	0.000000	
9.432252	34.752921	180.000000	180.000000	180.000000	90.000000	94.525152	0.799643	315.000000	0.000000	0.000000	0.000000	45.000000	0.000000	270.000000	180.000000	111.918209	180.000000	248.081791	180.000000	90.000000	270.000000	0.000000	0.000000	0.000000	0.000000	0.000000	0.000000	0.000000	0.000000	0.000000	0.000000	0.000000	0.000000	0.000000	0.000000	0.000000	0.000000	0.000000	0.000000	0.000000	0.000000	0.000000	
23.417375	48.344913	180.000000	180.000000	180.000000	90.000000	94.506672	0.797053	315.000000	0.000000	0.000000	0.000000	45.000000	0.000000	270.000000	180.000000	111.918209	180.000000	248.081791	180.000000	90.000000	270.000000	0.000000	0.000000	0.000000	0.000000	0.000000	0.000000	0.000000	0.000000	0.000000	0.000000	0.000000	0.000000	0.000000	0.000000	0.000000	0.000000	0.000000	0.000000	0.000000	0.000000	0.000000	
11.616531	51.213755	180.000000	180.000000	180.000000	90.000000	94.487215	0.795398	315.000000	0.000000	0.000000	0.000000	45.000000	0.000000	270.000000	180.000000	111.918209	180.000000	248.081791	180.000000	90.000000	270.000000	0.000000	0.000000	0.000000	0.000000	0.000000	0.000000	0.000000	0.000000	0.000000	0.000000	0.000000	0.000000	0.000000	0.000000	0.000000	0.000000	0.000000	0.000000	0.000000	0.000000	0.000000	
9.670745	51.801812	180.000000	180.000000	180.000000	90.000000	94.466786	0.794679	315.000000	0.000000	0.000000	0.000000	45.000000	0.000000	270.000000	180.000000	111.918209	180.000000	248.081791	180.000000	90.000000	270.000000	0.000000	0.000000	0.000000	0.000000	0.000000	0.000000	0.000000	0.000000	0.000000	0.000000	0.000000	0.000000	0.000000	0.000000	0.000000	0.000000	0.000000	0.000000	0.000000	0.000000	0.000000	
23.519513	51.900450	180.000000	180.000000	180.000000	90.000000	94.445391	0.794894	315.000000	0.000000	0.000000	0.000000	45.000000	0.000000	270.000000	180.000000	111.918209	180.000000	248.081791	180.000000	90.000000	270.000000	0.000000	0.000000	0.000000	0.000000	0.000000	0.000000	0.000000	0.000000	0.000000	0.000000	0.000000	0.000000	0.000000	0.000000	0.000000	0.000000	0.000000	0.000000	0.000000	0.000000	0.000000	
11.832957	51.894381	180.000000	180.000000	180.000000	90.000000	94.423034	0.796045	315.000000	0.000000	0.000000	0.000000	45.000000	0.000000	270.000000	180.000000	111.918209	180.000000	248.081791	180.000000	90.000000	270.000000	90.000000	0.000000	0.000000	0.000000	0.000000	0.000000	0.000000	0.000000	0.000000	0.000000	0.000000	0.000000	0.000000	0.000000	0.000000	0.000000	0.000000	0.000000	0.000000	0.000000	0.000000	
9.916148	51.866227	180.000000	180.000000	180.000000	90.000000	94.399722	0.798130	315.000000	0.000000	0.000000	0.000000	45.000000	0.000000	270.000000	180.000000	111.918209	180.000000	248.081791	180.000000	90.000000	270.000000	90.000000	0.000000	0.000000	0.000000	0.000000	0.000000	0.000000	0.000000	0.000000	0.000000	0.000000	0.000000	0.000000	0.000000	0.000000	0.000000	0.000000	0.000000	0.000000	0.000000	0.000000	
23.627637	51.833728	180.000000	180.000000	180.000000	90.000000	94.375460	0.801150	315.000000	0.000000	0.000000	0.000000	45.000000	0.000000	270.000000	180.000000	111.918209	180.000000	248.081791	180.000000	90.000000	270.000000	90.000000	0.000000	0.000000	0.000000	0.000000	0.000000	0.000000	0.000000	0.000000	0.000000	0.000000	0.000000	0.000000	0.000000	0.000000	0.000000	0.000000	0.000000	0.000000	0.000000	0.000000	
12.058242	51.800694	180.000000	180.000000	180.000000	90.000000	94.350253	0.760243	315.000000	0.000000	0.000000	0.000000	44.979546	0.000000	270.000000	180.000000	111.918209	180.000000	248.081791	180.000000	90.000000	270.000000	90.000000	0.000000	0.000000	0.000000	0.000000	0.000000	0.000000	0.000000	0.000000	0.000000	0.000000	0.000000	0.000000	0.000000	0.000000	0.000000	0.000000	0.000000	0.000000	0.000000	0.000000	
24.043772	51.767947	180.000000	180.000000	180.000000	90.000000	94.324107	355.585063	315.000000	0.000000	0.000000	0.000000	44.880505	0.000000	270.000000	180.000000	111.918209	180.000000	248.081791	180.000000	90.000000	270.000000	90.000000	90.000000	0.000000	0.000000	0.000000	0.000000	0.000000	0.000000	0.000000	0.000000	0.000000	0.000000	0.000000	0.000000	0.000000	0.000000	0.000000	0.000000	0.000000	0.000000	0.000000	
12.250949	51.735667	180.000000	180.000000	180.000000	90.000000	94.297027	354.632521	315.000000	0.000000	0.000000	0.000000	44.767952	0.000000	270.000000	180.000000	111.918209	180.000000	248.081791	180.000000	90.000000	270.000000	90.000000	90.000000	0.000000	0.000000	0.000000	0.000000	0.000000	0.000000	0.000000	0.000000	0.000000	0.000000	0.000000	0.000000	0.000000	0.000000	0.000000	0.000000	0.000000	0.000000	0.000000	
24.108547	51.703899	180.000000	180.000000	180.000000	90.000000	94.269019	354.383911	315.000000	0.000000	0.000000	0.000000	44.653670	0.000000	270.000000	180.000000	111.918209	180.000000	248.081791	180.000000	90.000000	270.000000	90.000000	90.000000	0.000000	0.000000	0.000000	0.000000	0.000000	0.000000	0.000000	0.000000	0.000000	0.000000	0.000000	0.000000	0.000000	0.000000	0.000000	0.000000	0.000000	0.000000	0.000000	
12.387750	51.672657	180.000000	180.000000	180.000000	90.000000	94.240088	354.254081	315.000000	0.000000	0.000000	0.000000	44.539807	0.000000	270.000000	180.000000	111.918209	180.000000	248.081791	180.000000	90.000000	270.000000	90.000000	90.000000	0.000000	0.000000	0.000000	0.000000	0.000000	0.000000	0.000000	0.000000	0.000000	0.000000	0.000000	0.000000	0.000000	0.000000	0.000000	0.000000	0.000000	0.000000	0.000000	
24.165451	51.641948	180.000000	180.000000	180.000000	90.000000	94.210241	354.145376	315.000000	0.000000	0.000000	0.000000	44.426765	0.000000	270.000000	180.000000	111.918209	180.000000	248.081791	180.000000	90.000000	270.000000	90.000000	90.000000	180.000000	0.000000	0.000000	0.000000	0.000000	0.000000	0.000000	0.000000	0.000000	0.000000	0.000000	0.000000	0.000000	0.000000	0.000000	0.000000	0.000000	0.000000	0.000000	
12.526877	51.611779	180.000000	180.000000	180.000000	90.000000	94.179482	354.041489	315.000000	0.000000	0.000000	0.000000	44.314630	0.000000	270.000000	180.000000	111.918209	180.000000	248.081791	180.000000	90.052448	270.000000	90.000000	90.000000	180.000000	0.000000	0.000000	0.000000	0.000000	0.000000	0.000000	0.000000	0.000000	0.000000	0.000000	0.000000	0.000000	0.000000	0.000000	0.000000	0.000000	0.000000	0.000000	
24.225083	51.582156	180.000000	180.000000	180.000000	90.000000	94.147817	353.939699	315.000000	0.000000	0.000000	0.000000	44.203431	0.000000	270.000000	180.000000	111.918209	180.000000	248.081791	180.000000	90.135736	270.000000	90.000000	90.000000	180.000000	0.000000	0.000000	0.000000	0.000000	0.000000	0.000000	0.000000	0.000000	0.000000	0.000000	0.000000	0.000000	0.000000	0.000000	0.000000	0.000000	0.000000	0.000000	
12.670084	51.553084	180.000000	180.000000	180.000000	90.000000	94.115253	353.839560	315.000000	0.000000	0.000000	0.000000	44.093186	0.000000	270.000000	180.000000	111.918209	180.000000	248.081791	180.000000	90.223735	270.000000	90.000000	90.000000	180.000000	0.000000	0.000000	0.000000	0.000000	0.000000	0.000000	0.000000	0.000000	0.000000	0.000000	0.000000	0.000000	0.000000	0.000000	0.000000	0.000000	0.000000	0.000000	
24.287775	51.524571	180.000000	180.000000	180.000000	90.000000	94.081794	353.741000	315.000000	0.000000	0.000000	0.000000	43.983909	0.000000	270.000000	180.000000	111.918209	180.000000	248.081791	180.000000	90.312430	270.000000	90.000000	90.000000	180.000000	180.000000	0.000000	0.000000	0.000000	0.000000	0.000000	0.000000	0.000000	0.000000	0.000000	0.000000	0.000000	0.000000	0.000000	0.000000	0.000000	0.000000	0.000000	
12.817389	51.496621	180.000000	180.000000	180.000000	90.000000	94.047447	353.644015	315.000000	0.000000	0.000000	0.000000	43.875617	0.000000	270.000000	180.000000	111.918209	180.000000	248.081791	180.000000	90.401194	270.000000	90.000000	90.000000	180.000000	180.000000	0.000000	0.000000	0.000000	0.000000	0.000000	0.000000	0.000000	0.000000	0.000000	0.000000	0.000000	0.000000	0.000000	0.000000	0.000000	0.000000	0.000000	
24.353542	51.469240	180.000000	180.000000	180.000000	90.000000	94.012216	353.548609	315.000000	0.000000	0.000000	0.000000	43.768323	0.000000	270.000000	180.000000	111.918209	180.000000	248.081791	180.000000	90.489924	270.000000	90.000000	90.000000	180.000000	180.000000	0.000000	0.000000	0.000000	0.000000	0.000000	0.000000	0.000000	0.000000	0.000000	0.000000	0.000000	0.000000	0.000000	0.000000	0.000000	0.000000	0.000000	
12.968755	51.442435	180.000000	180.000000	180.000000	90.000000	93.976109	353.454787	315.000000	0.000000	0.000000	0.000000	43.662042	0.000000	270.000000	180.000000	111.918209	180.000000	248.081791	180.000000	90.578595	270.000000	90.000000	90.000000	180.000000	180.000000	0.000000	0.000000	0.000000	0.000000	0.000000	0.000000	0.000000	0.000000	0.000000	0.000000	0.000000	0.000000	0.000000	0.000000	0.000000	0.000000	0.000000	
24.422393	51.416211	180.000000	180.000000	180.000000	90.000000	93.939130	353.362554	315.000000	0.000000	0.000000	0.000000	43.556788	0.000000	270.000000	180.000000	111.918209	180.000000	248.081791	180.000000	90.667196	270.000000	90.000000	90.000000	180.000000	180.000000	180.000000	0.000000	0.000000	0.000000	0.000000	0.000000	0.000000	0.000000	0.000000	0.000000	0.000000	0.000000	0.000000	0.000000	0.000000	0.000000	0.000000	
13.124148	51.390574	180.000000	180.000000	180.000000	90.000000	93.901285	353.271916	315.000000	0.000000	0.000000	0.000000	43.452575	0.000000	270.000000	180.000000	111.918209	180.000000	248.081791	180.000000	90.755717	270.000000	90.000000	90.000000	180.000000	180.000000	180.000000	0.000000	0.000000	0.000000	0.000000	0.000000	0.000000	0.000000	0.000000	0.000000	0.000000	0.000000	0.000000	0.000000	0.000000	0.000000	0.000000	
24.494332	51.365530	180.000000	180.000000	180.000000	90.000000	93.862581	353.182878	315.000000	0.000000	0.000000	0.000000	43.349417	0.000000	270.000000	180.000000	111.918209	180.000000	248.081791	180.000000	90.844147	270.000000	90.000000	90.000000	180.000000	180.000000	180.000000	0.000000	0.000000	0.000000	0.000000	0.000000	0.000000	0.000000	0.000000	0.000000	0.000000	0.000000	0.000000	0.000000	0.000000	0.000000	0.000000	
13.283533	51.341084	180.000000	180.000000	180.000000	90.000000	93.823022	353.095443	315.000000	0.000000	0.000000	0.000000	43.247326	0.000000	270.000000	161.364668	111.918209	180.000000	248.081791	180.000000	90.932479	270.000000	90.000000	90.000000	180.000000	180.000000	180.000000	0.000000	0.000000	0.000000	0.000000	0.000000	0.000000	0.000000	0.000000	0.000000	0.000000	0.000000	0.000000	0.000000	0.000000	0.000000	0.000000	
24.569365	51.317241	180.000000	180.000000	180.000000	90.000000	93.782615	353.009615	315.000000	0.000000	0.000000	0.000000	43.146317	0.000000	270.000000	158.596842	121.276249	180.000000	248.081791	180.000000	91.020700	270.000000	90.000000	90.000000	180.000000	180.000000	180.000000	0.000000	0.000000	0.000000	0.000000	0.000000	0.000000	0.000000	0.000000	0.000000	0.000000	0.000000	0.000000	0.000000	0.000000	0.000000	0.000000	
13.446876	51.294008	180.000000	180.000000	180.000000	90.000000	93.741366	352.925397	315.000000	0.000000	0.000000	0.000000	43.046400	0.000000	270.000000	158.178739	122.851095	180.000000	248.081791	180.000000	91.108802	270.000000	90.000000	90.000000	180.000000	180.000000	180.000000	21.999376	0.000000	0.000000	0.000000	0.000000	0.000000	0.000000	0.000000	0.000000	0.000000	0.000000	0.000000	0.000000	0.000000	0.000000	0.000000	
24.647498	51.271391	180.000000	180.000000	180.000000	90.000000	93.699280	352.842793	315.000000	0.000000	0.000000	0.000000	42.947590	0.000000	270.000000	158.115556	123.117240	180.000000	248.081791	180.000000	91.196775	270.000000	90.000000	90.000000	180.000000	180.000000	180.000000	25.832493	0.000000	0.000000	0.000000	0.000000	0.000000	0.000000	0.000000	0.000000	0.000000	0.000000	0.000000	0.000000	0.000000	0.000000	0.000000	
13.614145	51.249394	180.000000	180.000000	180.000000	90.000000	93.656363	352.761805	315.000000	0.000000	0.000000	0.000000	42.791635	0.000000	270.000000	158.106007	123.162224	180.000000	248.081791	180.000000	91.284608	270.000000	90.000000	90.000000	180.000000	180.000000	180.000000	26.516002	0.000000	0.000000	0.000000	0.000000	0.000000	0.000000	0.000000	0.000000	0.000000	0.000000	0.000000	0.000000	0.000000	0.000000	0.000000	
24.728736	51.228022	180.000000	180.000000	180.000000	90.000000	93.612620	352.682436	315.000000	0.000000	0.000000	0.000000	42.602687	0.000000	270.000000	158.104564	123.169828	180.000000	248.081791	180.000000	91.372290	270.000000	90.000000	90.000000	180.000000	180.000000	180.000000	26.637974	90.000000	0.000000	0.000000	0.000000	0.000000	0.000000	0.000000	0.000000	0.000000	0.000000	0.000000	0.000000	0.000000	0.000000	0.000000	
13.785308	51.207283	180.000000	180.000000	180.000000	90.000000	93.568058	352.604686	315.000000	0.000000	0.000000	0.000000	42.408019	0.000000	270.000000	158.104346	123.171113	180.000000	248.081791	180.000000	91.459813	270.000000	90.000000	90.000000	180.000000	180.000000	180.000000	26.659742	90.000000	0.000000	0.000000	0.000000	0.000000	0.000000	0.000000	0.000000	0.000000	0.000000	0.000000	0.000000	0.000000	0.000000	0.000000	
24.813085	51.187180	180.000000	180.000000	180.000000	90.000000	93.522683	352.528557	315.000000	0.000000	0.000000	0.000000	42.212735	0.000000	270.000000	158.104313	123.171330	180.000000	248.081791	180.000000	91.547165	270.000000	90.000000	90.000000	180.000000	180.000000	180.000000	26.663627	90.000000	0.000000	0.000000	0.000000	0.000000	0.000000	0.000000	0.000000	0.000000	0.000000	0.000000	0.000000	0.000000	0.000000	0.000000	
13.960334	51.167720	180.000000	180.000000	180.000000	90.000000	93.476499	352.454051	315.000000	0.000000	0.000000	0.000000	42.017831	0.000000	270.000000	158.104308	123.171367	180.000000	248.081791	180.000000	91.634335	270.000000	90.000000	90.000000	180.000000	180.000000	180.000000	26.664321	90.000000	0.000000	0.000000	0.000000	0.000000	0.000000	0.000000	0.000000	0.000000	0.000000	0.000000	0.000000	0.000000	0.000000	0.000000	
44.937607	51.148907	180.000000	180.000000	180.000000	90.000000	93.429513	352.381167	315.000000	0.000000	0.000000	0.000000	41.823536	0.000000	270.000000	158.104308	123.171373	180.000000	238.723751	180.000000	91.721314	270.000000	90.000000	90.000000	180.000000	180.000000	180.000000	26.664444	90.000000	0.000000	0.000000	0.000000	0.000000	0.000000	0.000000	0.000000	0.000000	0.000000	0.000000	0.000000	0.000000	0.000000	0.000000	
35.236252	51.130747	180.000000	180.000000	180.000000	90.000000	93.381731	352.309907	315.000000	0.000000	0.000000	0.000000	41.629940	0.000000	270.000000	158.104307	123.171374	180.000000	237.148905	180.000000	91.808091	270.000000	90.000000	90.000000	180.000000	180.000000	180.000000	26.664467	90.000000	0.000000	0.000000	0.000000	0.000000	0.000000	0.000000	0.000000	0.000000	0.000000	0.000000	0.000000	0.000000	0.000000	0.000000	
48.758250	51.113246	180.000000	180.000000	180.000000	90.000000	93.333159	352.240269	315.000000	0.000000	0.000000	0.000000	41.437102	0.000000	270.000000	158.104307	123.171374	180.000000	236.882760	180.000000	91.894654	270.000000	90.000000	90.000000	180.000000	180.000000	180.000000	26.664470	90.000000	0.000000	0.000000	0.000000	0.000000	0.000000	0.000000	0.000000	0.000000	0.000000	0.000000	0.000000	0.000000	0.000000	0.000000	
51.307651	51.096408	180.000000	180.000000	180.000000	90.000000	93.283801	352.172254	315.000000	0.000000	0.000000	0.000000	41.245079	0.000000	270.000000	158.104307	123.171374	180.000000	236.837776	180.000000	91.980993	270.000000	90.000000	90.000000	180.000000	180.000000	180.000000	26.664471	90.000000	0.000000	0.000000	0.000000	0.000000	0.000000	0.000000	0.000000	0.000000	0.000000	0.000000	0.000000	0.000000	0.000000	0.000000	
51.770937	51.080238	180.000000	180.000000	180.000000	90.000000	93.233664	352.105862	315.000000	0.000000	0.000000	0.000000	41.053926	0.000000	270.000000	158.104307	123.171374	180.000000	236.830172	180.000000	92.067098	270.000000	90.000000	90.000000	180.000000	180.000000	180.000000	26.664471	90.000000	0.000000	0.000000	0.000000	0.000000	0.000000	0.000000	0.000000	0.000000	0.000000	0.000000	0.000000	0.000000	0.000000	0.000000	
51.834049	51.064743	180.000000	180.000000	180.000000	90.000000	93.182754	352.041090	315.000000	0.000000	0.000000	0.000000	40.863698	0.000000	270.000000	158.104307	123.171374	180.000000	236.828887	180.000000	92.152957	270.000000	90.000000	90.000000	180.000000	180.000000	180.000000	26.664471	90.000000	0.000000	0.000000	0.000000	0.000000	0.000000	0.000000	0.000000	0.000000	0.000000	0.000000	0.000000	0.000000	0.000000	0.000000	
51.820634	51.049927	180.000000	180.000000	180.000000	90.000000	93.131076	351.977937	315.000000	0.000000	0.000000	0.000000	40.674449	0.000000	270.000000	158.104307	123.171374	180.000000	236.828670	180.000000	92.238558	270.000000	90.000000	90.000000	180.000000	180.000000	180.000000	26.664471	90.000000	0.000000	0.000000	0.000000	0.000000	0.000000	0.000000	0.000000	0.000000	0.000000	0.000000	0.000000	0.000000	0.000000	0.000000	
51.792822	51.035795	180.000000	180.000000	180.000000	90.000000	93.078636	351.916402	315.000000	0.000000	0.000000	0.000000	40.486234	0.000000	270.000000	158.104307	123.171374	180.000000	236.828633	180.000000	92.323892	270.000000	90.000000	90.000000	180.000000	180.000000	180.000000	26.664471	90.000000	0.000000	0.000000	0.000000	0.000000	0.000000	0.000000	0.000000	0.000000	0.000000	0.000000	0.000000	0.000000	0.000000	0.000000	
51.762540	51.022352	180.000000	180.000000	180.000000	90.000000	93.025440	351.856483	315.000000	0.000000	0.000000	0.000000	40.299106	0.000000	270.000000	158.104307	123.171374	180.000000	236.828627	180.000000	92.408947	270.000000	90.000000	90.000000	180.000000	180.000000	180.000000	26.664471	90.000000	0.000000	0.000000	0.000000	0.000000	0.000000	0.000000	0.000000	0.000000	0.000000	0.000000	0.000000	0.000000	0.000000	0.000000	
51.732077	51.009603	180.000000	180.000000	180.000000	90.000000	92.971493	351.798178	315.000000	0.000000	0.000000	0.000000	40.113120	0.000000	270.000000	158.104307	123.171374	180.000000	236.828626	180.000000	92.493711	270.000000	90.000000	90.000000	180.000000	180.000000	180.000000	26.664471	90.000000	0.000000	0.000000	0.000000	0.000000	0.000000	0.000000	0.000000	0.000000	0.000000	0.000000	0.000000	0.000000	0.000000	0.000000	
51.701877	50.997554	180.000000	180.000000	180.000000	90.000000	92.916801	351.741483	315.000000	0.000000	0.000000	0.000000	39.928328	0.000000	270.000000	158.104307	123.171374	180.000000	236.828626	180.000000	92.578174	270.000000	90.000000	90.000000	180.000000	180.000000	180.000000	26.664471	90.000000	0.000000	0.000000	0.000000	0.000000	0.000000	0.000000	0.000000	0.000000	0.000000	0.000000	0.000000	0.000000	0.000000	0.000000	
51.672028	50.986209	180.000000	180.000000	180.000000	90.000000	92.861369	351.686397	315.000000	0.000000	0.000000	0.000000	39.744784	0.000000	270.000000	158.104307	123.171374	180.000000	236.828626	180.000000	112.316153	270.000000	90.000000	90.000000	180.000000	180.000000	180.000000	26.664471	90.000000	0.000000	0.000000	0.000000	0.000000	0.000000	0.000000	0.000000	0.000000	0.000000	0.000000	0.000000	0.000000	0.000000	0.000000	
51.642551	50.975574	180.000000	180.000000	180.000000	90.000000	92.805204	351.632915	315.000000	0.000000	0.000000	0.000000	39.562540	0.000000	270.000000	158.104307	123.171374	180.000000	236.828626	180.000000	115.456850	270.000000	90.000000	90.000000	180.000000	180.000000	180.000000	26.664471	90.000000	0.000000	0.000000	0.000000	0.000000	0.000000	0.000000	0.000000	0.000000	0.000000	0.000000	0.000000	0.000000	0.000000	0.000000	
51.613453	50.965652	180.000000	180.000000	180.000000	90.000000	92.748311	351.581036	315.000000	0.000000	0.000000	0.000000	39.381647	0.000000	270.000000	158.104307	123.171374	180.000000	236.828626	180.000000	116.019596	270.000000	90.000000	90.000000	180.000000	180.000000	180.000000	26.664471	90.000000	0.000000	0.000000	0.000000	347.317361	0.000000	0.000000	0.000000	0.000000	0.000000	0.000000	0.000000	0.000000	0.000000	0.000000	
51.584738	50.956450	180.000000	180.000000	180.000000	90.000000	92.690695	351.530754	315.000000	0.000000	0.000000	0.000000	39.202158	0.000000	270.000000	158.104307	123.171374	180.000000	236.828626	180.000000	116.171198	270.000000	90.000000	90.000000	180.000000	180.000000	180.000000	26.664471	90.000000	0.000000	0.000000	0.000000	345.098741	0.000000	0.000000	0.000000	0.000000	0.000000	0.000000	0.000000	0.000000	0.000000	0.000000	
51.556412	50.947972	180.000000	180.000000	180.000000	90.000000	92.632362	351.482067	315.000000	0.000000	0.000000	0.000000	39.024123	0.000000	270.000000	158.104307	123.171374	180.000000	236.828626	180.000000	116.256628	270.000000	90.000000	90.000000	180.000000	180.000000	180.000000	26.664471	90.000000	0.000000	0.000000	0.000000	336.149503	0.000000	0.000000	0.000000	0.000000	0.000000	0.000000	0.000000	0.000000	0.000000	0.000000	
51.528477	50.940223	180.000000	180.000000	180.000000	90.000000	92.573318	351.434970	315.000000	0.000000	0.000000	0.000000	38.847591	0.000000	270.000000	158.104307	123.171374	180.000000	236.828626	180.000000	116.330893	270.000000	90.000000	90.000000	180.000000	180.000000	180.000000	26.664471	90.000000	0.000000	0.000000	0.000000	334.477418	0.000000	0.000000	0.000000	0.000000	0.000000	0.000000	0.000000	0.000000	0.000000	0.000000	
51.500940	50.933208	180.000000	180.000000	180.000000	90.000000	92.513568	351.389459	315.000000	0.000000	0.000000	0.000000	38.672613	0.000000	270.000000	158.104307	123.171374	180.000000	236.828626	180.000000	116.402766	270.000000	90.000000	90.000000	180.000000	180.000000	180.000000	26.664471	90.000000	0.000000	0.000000	0.000000	334.223142	0.000000	0.000000	0.000000	0.000000	0.000000	0.000000	0.000000	0.000000	0.000000	0.000000	
51.473803	50.926932	180.000000	180.000000	180.000000	90.000000	92.453117	351.345529	315.000000	0.000000	0.000000	0.000000	38.499236	0.000000	270.000000	158.104307	123.171374	180.000000	236.828626	180.000000	116.473642	270.000000	90.000000	90.000000	180.000000	180.000000	180.000000	26.664471	90.000000	0.000000	0.000000	0.000000	334.246688	0.000000	0.000000	0.000000	0.000000	0.000000	0.000000	0.000000	0.000000	0.000000	0.000000	
51.447070	50.921398	180.000000	180.000000	180.000000	90.000000	92.391971	351.303176	315.000000	0.000000	0.000000	0.000000	38.327509	0.000000	270.000000	158.104307	123.171374	180.000000	236.828626	180.000000	116.543742	270.000000	90.000000	90.000000	180.000000	180.000000	180.000000	26.664471	90.000000	0.000000	0.000000	0.000000	334.325557	0.000000	0.000000	0.000000	0.000000	0.000000	0.000000	0.000000	0.000000	0.000000	0.000000	
51.420747	50.916613	180.000000	180.000000	180.000000	90.000000	92.330137	351.262395	315.000000	0.000000	0.000000	0.000000	38.157478	0.000000	270.000000	158.104307	123.171374	180.000000	236.828626	180.000000	116.613095	270.000000	90.000000	90.000000	180.000000	180.000000	180.000000	26.664471	90.000000	0.000000	0.000000	0.000000	334.416374	0.000000	90.000000	0.000000	0.000000	0.000000	0.000000	0.000000	0.000000	0.000000	0.000000	
51.394837	50.912581	180.000000	180.000000	180.000000	90.000000	92.267618	351.223181	315.000000	0.000000	0.000000	0.000000	37.989190	0.000000	270.000000	158.104307	123.171374	180.000000	236.828626	180.000000	116.681705	270.000000	90.000000	90.000000	180.000000	180.000000	180.000000	26.664471	90.000000	0.000000	0.000000	0.000000	334.510686	0.000000	90.000000	0.000000	0.000000	0.000000	0.000000	0.000000	0.000000	0.000000	0.000000	
51.369344	50.909306	180.000000	180.000000	180.000000	90.000000	92.204420	351.185527	315.000000	0.000000	0.000000	0.000000	37.822689	0.000000	270.000000	158.104307	123.171374	180.000000	236.828626	180.000000	116.749567	270.000000	90.000000	90.000000	180.000000	180.000000	180.000000	26.664471	90.000000	0.000000	0.000000	0.000000	334.606839	0.000000	90.000000	0.000000	0.000000	0.000000	0.000000	0.000000	0.000000	0.000000	0.000000	
51.344273	50.906794	180.000000	180.000000	180.000000	90.000000	92.140550	351.149430	315.000000	0.000000	0.000000	0.000000	37.658019	0.000000	270.000000	158.104307	123.171374	180.000000	236.828626	180.000000	116.816677	270.000000	90.000000	90.000000	180.000000	180.000000	180.000000	26.664471	90.000000	0.000000	0.000000	0.000000	334.704502	0.000000	90.000000	0.000000	0.000000	0.000000	0.000000	0.000000	0.000000	0.000000	0.000000	
51.319626	50.905048	180.000000	180.000000	180.000000	90.000000	92.076011	351.114883	315.000000	0.000000	0.000000	0.000000	37.495224	0.000000	270.000000	158.104307	123.171374	180.000000	236.828626	180.000000	116.883032	270.000000	90.000000	90.000000	180.000000	180.000000	180.000000	26.664471	90.000000	0.000000	0.000000	0.000000	334.803603	0.000000	90.000000	180.000000	0.000000	0.000000	0.000000	0.000000	0.000000	0.000000	0.000000	
51.295409	50.904074	180.000000	180.000000	180.000000	90.000000	92.010810	351.081881	315.000000	0.000000	0.000000	0.000000	37.334347	0.000000	270.000000	158.104307	123.171374	180.000000	236.828626	180.000000	116.948627	270.000000	90.000000	90.000000	180.000000	180.000000	180.000000	26.664471	90.000000	0.000000	0.000000	0.000000	334.904117	0.000000	90.000000	180.000000	0.000000	0.000000	0.000000	0.000000	0.000000	0.000000	0.000000	
51.271626	50.903876	180.000000	180.000000	180.000000	90.000000	91.944952	351.050417	315.000000	0.000000	0.000000	0.000000	37.175427	0.000000	270.000000	158.104307	123.171374	180.000000	236.828626	180.000000	117.013459	270.000000	90.000000	90.000000	180.000000	180.000000	180.000000	26.664471	90.000000	0.000000	0.000000	0.000000	335.006030	0.000000	90.000000	180.000000	0.000000	0.000000	0.000000	0.000000	0.000000	0.000000	0.000000	
51.248280	50.904459	180.000000	180.000000	180.000000	90.000000	91.878443	351.020485	315.000000	0.000000	0.000000	0.000000	37.018505	0.000000	270.000000	158.104307	123.171374	180.000000	236.828626	180.000000	117.077524	270.000000	90.000000	90.000000	180.000000	180.000000	180.000000	26.664471	90.000000	0.000000	0.000000	0.000000	335.109333	0.000000	90.000000	180.000000	0.000000	0.000000	0.000000	0.000000	0.000000	0.000000	0.000000	
51.225376	50.905826	180.000000	180.000000	180.000000	90.000000	91.811287	350.992080	315.000000	0.000000	0.000000	0.000000	36.863621	0.000000	270.000000	158.104307	123.171374	180.000000	236.828626	180.000000	117.140819	270.000000	90.000000	90.000000	180.000000	180.000000	180.000000	26.664471	90.000000	0.000000	0.000000	0.000000	335.214013	0.000000	90.000000	180.000000	180.000000	0.000000	0.000000	0.000000	0.000000	0.000000	0.000000	
51.202916	50.907984	180.000000	180.000000	180.000000	90.000000	91.743489	350.965195	315.000000	0.000000	0.000000	0.000000	36.710812	0.000000	270.000000	158.104307	123.171374	180.000000	236.828626	180.000000	117.203340	270.000000	90.000000	90.000000	180.000000	180.000000	180.000000	26.664471	90.000000	0.000000	0.000000	0.000000	335.320060	0.000000	90.000000	180.000000	180.000000	0.000000	0.000000	0.000000	0.000000	0.000000	0.000000	
51.180907	50.910935	180.000000	180.000000	180.000000	90.000000	91.675056	350.939822	315.000000	0.000000	0.000000	0.000000	36.560115	0.000000	270.000000	158.104307	123.171374	180.000000	236.828626	180.000000	117.265083	270.000000	90.000000	90.000000	180.000000	180.000000	180.000000	26.664471	90.000000	0.000000	0.000000	0.000000	335.427464	0.000000	90.000000	180.000000	180.000000	0.000000	0.000000	0.000000	0.000000	0.000000	0.000000	
51.159350	50.914685	180.000000	180.000000	180.000000	90.000000	91.605991	350.915957	315.000000	0.000000	0.000000	0.000000	36.411565	0.000000	270.000000	158.104307	123.171374	180.000000	236.828626	180.000000	117.326047	270.000000	90.000000	90.000000	180.000000	180.000000	180.000000	26.664471	90.000000	0.000000	0.000000	0.000000	335.536214	0.000000	90.000000	180.000000	180.000000	0.000000	0.000000	0.000000	0.000000	0.000000	0.000000	
51.138251	50.919238	180.000000	180.000000	180.000000	90.000000	91.536301	350.893591	315.000000	0.000000	0.000000	0.000000	36.265196	0.000000	270.000000	158.104307	123.171374	180.000000	236.828626	180.000000	117.386227	270.000000	90.000000	90.000000	180.000000	180.000000	180.000000	26.664471	90.000000	0.000000	0.000000	0.000000	335.646302	0.000000	90.000000	180.000000	180.000000	180.000000	0.000000	0.000000	0.000000	0.000000	0.000000	
51.117612	50.924599	180.000000	180.000000	180.000000	90.000000	91.465991	350.872718	315.000000	0.000000	0.000000	0.000000	36.121043	0.000000	270.000000	158.104307	123.171374	180.000000	236.828626	180.000000	117.445620	270.000000	90.000000	90.000000	180.000000	180.000000	180.000000	26.664471	90.000000	0.000000	0.000000	0.000000	335.757717	0.000000	90.000000	180.000000	180.000000	180.000000	0.000000	0.000000	0.000000	0.000000	0.000000	
51.097439	50.930771	180.000000	180.000000	180.000000	90.000000	91.395065	350.853331	315.000000	0.000000	0.000000	0.000000	35.979137	0.000000	270.000000	158.104307	123.171374	180.000000	236.828626	180.000000	117.504225	270.000000	90.000000	90.000000	180.000000	180.000000	180.000000	26.664471	90.000000	0.000000	0.000000	0.000000	335.870449	0.000000	90.000000	180.000000	180.000000	180.000000	0.000000	0.000000	0.000000	0.000000	0.000000	
51.077734	50.937759	180.000000	180.000000	180.000000	90.000000	91.323529	350.835424	315.000000	0.000000	0.000000	0.000000	35.839510	0.000000	270.000000	158.104307	123.171374	180.000000	236.828626	180.000000	117.562038	270.000000	90.000000	90.000000	180.000000	180.000000	180.000000	26.664471	90.000000	0.000000	0.000000	0.000000	335.984491	0.000000	90.000000	180.000000	180.000000	180.000000	0.000000	0.000000	0.000000	0.000000	0.000000	
51.058502	50.945567	180.000000	180.000000	180.000000	90.000000	91.251387	350.818988	315.000000	0.000000	0.000000	0.000000	35.702190	0.000000	270.000000	158.104307	123.171374	180.000000	236.828626	180.000000	117.619056	270.000000	90.000000	90.000000	180.000000	180.000000	180.000000	26.664471	90.000000	0.000000	0.000000	0.000000	336.099832	0.000000	90.000000	180.000000	180.000000	180.000000	90.000000	0.000000	0.000000	0.000000	0.000000	
51.039747	50.954199	180.000000	180.000000	180.000000	90.000000	91.178646	350.804016	315.000000	0.000000	0.000000	0.000000	35.567206	0.000000	270.000000	158.104307	123.171374	180.000000	236.828626	180.000000	117.675277	270.000000	90.000000	90.000000	180.000000	180.000000	180.000000	26.664471	90.000000	0.000000	0.000000	0.000000	336.216465	0.000000	90.000000	180.000000	180.000000	180.000000	90.000000	0.000000	0.000000	0.000000	0.000000	
51.021472	50.963660	180.000000	180.000000	180.000000	90.000000	91.105309	350.790502	315.000000	0.000000	0.000000	0.000000	35.434585	0.000000	270.000000	158.104307	123.171374	180.000000	236.828626	180.000000	117.730699	270.000000	90.000000	90.000000	180.000000	180.000000	180.000000	26.664471	90.000000	0.000000	0.000000	0.000000	336.334380	0.000000	90.000000	180.000000	180.000000	180.000000	90.000000	0.000000	0.000000	0.000000	0.000000	
51.003680	50.973954	180.000000	180.000000	180.000000	90.000000	91.031382	350.778438	315.000000	0.000000	0.000000	0.000000	35.304354	0.000000	270.000000	158.104307	123.171374	180.000000	236.828626	180.000000	117.785319	270.000000	90.000000	90.000000	180.000000	180.000000	180.000000	26.664471	90.000000	0.000000	0.000000	0.000000	336.453570	0.000000	90.000000	180.000000	180.000000	180.000000	90.000000	0.000000	0.000000	0.000000	0.000000	
50.986377	50.985085	180.000000	180.000000	180.000000	90.000000	90.956870	350.767816	315.000000	0.000000	0.000000	0.000000	35.176538	0.000000	270.000000	158.104307	123.171374	180.000000	236.828626	180.000000	117.839136	270.000000	90.000000	90.000000	180.000000	180.000000	180.000000	26.664471	90.000000	0.000000	0.000000	0.000000	336.574026	0.000000	90.000000	180.000000	180.000000	180.000000	90.000000	180.000000	0.000000	0.000000	0.000000	
50.969565	50.997056	180.000000	180.000000	180.000000	90.000000	90.881778	350.758629	315.000000	0.000000	0.000000	0.000000	35.051159	0.000000	270.000000	158.104307	123.171374	180.000000	236.828626	180.000000	117.892146	270.000000	90.000000	90.000000	180.000000	180.000000	180.000000	26.664471	90.000000	0.000000	0.000000	0.000000	336.695741	0.000000	90.000000	180.000000	180.000000	180.000000	90.000000	180.000000	0.000000	0.000000	0.000000	
50.953248	51.009872	180.000000	180.000000	180.000000	90.000000	90.806110	350.750869	315.000000	0.000000	0.000000	0.000000	34.928241	0.000000	270.000000	158.104307	123.171374	180.000000	236.828626	180.000000	117.944350	270.000000	90.000000	90.000000	180.000000	180.000000	180.000000	26.664471	90.000000	0.000000	0.000000	0.000000	336.818706	0.000000	90.000000	180.000000	180.000000	180.000000	90.000000	180.000000	0.000000	0.000000	0.000000	
50.937431	51.023537	180.000000	180.000000	180.000000	90.000000	90.729872	350.744529	315.000000	0.000000	0.000000	0.000000	34.807804	0.000000	270.000000	158.104307	123.171374	180.000000	236.828626	180.000000	117.995743	270.000000	90.000000	90.000000	180.000000	180.000000	180.000000	26.664471	90.000000	0.000000	0.000000	0.000000	336.942915	0.000000	90.000000	180.000000	180.000000	180.000000	90.000000	180.000000	0.000000	0.000000	0.000000	
50.922116	51.038054	180.000000	180.000000	180.000000	90.000000	90.653068	350.739600	315.000000	0.000000	0.000000	0.000000	34.689869	0.000000	270.000000	158.104307	123.171374	180.000000	236.828626	180.000000	118.046326	270.000000	90.000000	90.000000	180.000000	180.000000	180.000000	26.664471	90.000000	0.000000	0.000000	0.000000	337.068361	0.000000	90.000000	180.000000	180.000000	180.000000	90.000000	180.000000	180.000000	0.000000	0.000000	
50.907307	51.053427	180.000000	180.000000	180.000000	90.000000	90.575703	350.736076	315.000000	0.000000	0.000000	0.000000	34.574454	0.000000	270.000000	158.104307	123.171374	180.000000	236.828626	180.000000	118.096095	270.000000	90.000000	90.000000	180.000000	180.000000	180.000000	26.664471	90.000000	0.000000	0.000000	0.000000	348.734786	0.000000	90.000000	180.000000	180.000000	180.000000	90.000000	180.000000	180.000000	0.000000	0.000000	
50.893009	51.069661	180.000000	180.000000	180.000000	90.000000	90.497783	350.733948	315.000000	0.000000	0.000000	0.000000	34.461577	0.000000	270.000000	158.104307	123.171374	180.000000	236.828626	180.000000	118.145050	270.000000	90.000000	90.000000	180.000000	180.000000	180.000000	26.664471	90.000000	0.000000	0.000000	0.000000	339.431767	0.000000	90.000000	180.000000	180.000000	180.000000	90.000000	180.000000	180.000000	0.000000	0.000000	
50.879224	51.086758	180.000000	180.000000	180.000000	90.000000	90.419311	350.733209	315.000000	0.000000	0.000000	0.000000	34.351255	0.000000	270.000000	158.104307	123.171374	180.000000	236.828626	180.000000	118.193190	270.000000	90.000000	90.000000	180.000000	180.000000	180.000000	26.664471	90.000000	0.000000	0.000000	0.000000	337.785801	0.000000	90.000000	180.000000	180.000000	180.000000	90.000000	180.000000	180.000000	0.000000	0.000000	
50.865956	51.104722	180.000000	180.000000	180.000000	90.000000	90.340293	350.733850	315.000000	0.000000	0.000000	0.000000	34.243502	0.000000	270.000000	158.104307	123.171374	180.000000	236.828626	180.000000	118.240512	270.000000	90.000000	90.000000	180.000000	180.000000	180.000000	26.664471	90.000000	0.000000	0.000000	0.000000	348.953881	0.000000	90.000000	180.000000	180.000000	180.000000	90.000000	180.000000	180.000000	180.000000	0.000000	
50.853210	51.123557	180.000000	180.000000	180.000000	90.000000	90.260733	350.735864	315.000000	0.000000	0.000000	0.000000	34.138334	0.000000	270.000000	158.104307	123.171374	180.000000	236.828626	180.000000	118.287017	270.000000	90.000000	90.000000	180.000000	180.000000	180.000000	26.664471	90.000000	0.000000	0.000000	0.000000	339.721801	0.000000	90.000000	180.000000	180.000000	180.000000	90.000000	180.000000	180.000000	192.094757	0.000000	
50.840988	51.143267	180.000000	180.000000	180.000000	90.000000	90.180636	350.739243	315.000000	0.000000	0.000000	0.000000	34.035762	0.000000	270.000000	158.104307	123.171374	180.000000	236.828626	180.000000	118.332702	270.000000	90.000000	90.000000	180.000000	180.000000	180.000000	26.664471	90.000000	0.000000	0.000000	0.000000	349.382749	0.000000	90.000000	180.000000	180.000000	180.000000	90.000000	180.000000	180.000000	194.023739	0.000000	
50.829294	51.163854	180.000000	180.000000	180.000000	90.000000	90.100006	350.743978	315.000000	0.000000	0.000000	0.000000	33.935800	0.000000	270.000000	158.104307	123.171374	180.000000	236.828626	180.000000	118.377567	270.000000	90.000000	90.000000	180.000000	180.000000	180.000000	26.664471	90.000000	0.000000	0.000000	0.000000	339.952031	0.000000	90.000000	180.000000	180.000000	180.000000	90.000000	180.000000	180.000000	201.365494	0.000000	
50.818132	51.185321	180.000000	180.000000	180.000000	90.000000	90.018849	350.750063	315.000000	0.000000	0.000000	0.000000	33.838457	0.000000	270.000000	158.104307	123.171374	180.000000	236.828626	180.000000	118.421611	270.000000	90.000000	90.000000	180.000000	180.000000	180.000000	26.664471	90.000000	0.000000	0.000000	0.000000	349.462267	0.000000	90.000000	180.000000	180.000000	180.000000	90.000000	180.000000	180.000000	195.401009	90.000000	
50.807505	51.207673	180.000000	180.000000	180.000000	90.000000	89.937169	350.757489	315.000000	0.000000	0.000000	0.000000	33.743744	0.000000	270.000000	158.104307	123.171374	180.000000	236.828626	180.000000	118.464833	270.000000	90.000000	90.000000	180.000000	180.000000	180.000000	26.664471	90.000000	0.000000	0.000000	0.000000	340.122028	0.000000	90.000000	180.000000	180.000000	180.000000	90.000000	180.000000	180.000000	194.353073	90.000000	
50.797417	51.230911	180.000000	180.000000	180.000000	90.000000	89.854970	350.766248	315.000000	0.000000	0.000000	0.000000	33.651670	0.000000	270.000000	158.104307	123.171374	180.000000	236.828626	180.000000	118.507233	270.000000	90.000000	90.000000	180.000000	180.000000	180.000000	26.664471	90.000000	0.000000	0.000000	0.000000	349.533141	0.000000	90.000000	180.000000	180.000000	180.000000	90.000000	180.000000	180.000000	201.359277	90.000000	
50.787872	51.255039	180.000000	180.000000	180.000000	90.000000	89.772257	350.776331	315.000000	0.000000	0.000000	0.000000	33.562241	0.000000	270.000000	158.104307	123.171374	180.000000	236.828626	180.000000	118.548809	270.000000	90.000000	90.000000	180.000000	180.000000	180.000000	26.639497	90.000000	0.000000	0.000000	0.000000	340.295347	0.000000	90.000000	180.000000	180.000000	180.000000	90.000000	180.000000	180.000000	202.543969	90.000000	
50.778872	51.280060	180.000000	180.000000	180.000000	90.000000	89.689035	350.787732	315.000000	0.000000	0.000000	0.000000	33.475466	0.000000	270.000000	158.104307	123.171374	180.000000	236.828626	180.000000	118.589562	270.000000	90.000000	90.000000	180.000000	180.000000	180.000000	26.587166	90.000000	0.000000	0.000000	0.000000	349.608541	0.000000	90.000000	180.000000	180.000000	180.000000	90.000000	180.000000	180.000000	202.700876	90.000000	
50.770422	51.305976	180.000000	180.000000	180.000000	90.000000	89.605308	350.800442	315.000000	0.000000	0.000000	0.000000	33.391348	0.000000	270.000000	158.104307	123.171374	180.000000	236.828626	180.000000	118.629492	270.000000	90.000000	90.000000	180.000000	180.000000	180.000000	26.530882	90.000000	0.000000	0.000000	0.000000	340.474375	0.000000	90.000000	180.000000	180.000000	180.000000	90.000000	180.000000	180.000000	202.675194	90.000000	
50.762525	51.332791	180.000000	180.000000	180.000000	90.000000	89.521081	350.814453	315.000000	0.000000	0.000000	0.000000	33.309895	0.000000	270.000000	158.104307	123.171374	180.000000	236.828626	180.000000	118.668596	270.000000	90.000000	90.000000	180.000000	180.000000	180.000000	26.474934	90.000000	0.000000	0.000000	0.000000	349.688956	0.000000	90.000000	180.000000	180.000000	180.000000	90.000000	180.000000	180.000000	202.616206	90.000000	
50.755185	51.360506	180.000000	180.000000	180.000000	90.000000	89.436357	350.829757	315.000000	0.000000	0.000000	0.000000	33.231108	0.000000	270.000000	158.104307	123.171374	180.000000	236.828626	180.000000	118.706877	270.000000	90.000000	90.000000	180.000000	180.000000	180.000000	26.420104	90.000000	0.000000	0.000000	0.000000	340.659139	0.000000	90.000000	180.000000	180.000000	180.000000	90.000000	180.000000	180.000000	202.550258	90.000000	
50.748404	51.389123	180.000000	180.000000	180.000000	90.000000	89.351142	350.846346	315.000000	0.000000	0.000000	0.000000	33.154991	0.000000	270.000000	158.104307	123.171374	180.000000	236.828626	180.000000	118.744333	270.000000	90.000000	90.000000	180.000000	180.000000	180.000000	26.366535	90.000000	0.000000	0.000000	0.000000	349.774382	0.000000	90.000000	180.000000	180.000000	180.000000	90.000000	180.000000	180.000000	202.482002	90.000000	
50.742187	51.418646	180.000000	180.000000	180.000000	90.000000	89.265440	350.864213	315.000000	0.000000	0.000000	0.000000	39.095816	0.000000	270.000000	158.104307	123.171374	180.000000	236.828626	180.000000	118.780964	270.000000	90.000000	90.000000	180.000000	180.000000	180.000000	26.314251	90.000000	0.000000	0.000000	0.000000	340.849577	0.000000	90.000000	180.000000	180.000000	180.000000	90.000000	180.000000	180.000000	202.412267	90.000000	
50.736536	51.449075	180.000000	180.000000	180.000000	90.000000	89.179255	350.883348	315.000000	0.000000	0.000000	0.000000	34.225621	0.000000	270.000000	158.104307	123.171374	180.000000	236.828626	180.000000	118.816771	270.000000	90.000000	90.000000	180.000000	180.000000	180.000000	26.263254	90.000000	0.000000	0.000000	0.000000	349.864798	0.000000	90.000000	180.000000	180.000000	180.000000	90.000000	180.000000	180.000000	202.341206	90.000000	
50.731456	51.480414	180.000000	180.000000	180.000000	90.000000	89.092592	350.903745	315.000000	0.000000	0.000000	0.000000	33.144988	0.000000	270.000000	158.104307	123.171374	180.000000	236.828626	180.000000	118.851754	270.000000	90.000000	90.000000	180.000000	180.000000	180.000000	26.213542	90.000000	0.000000	0.000000	0.000000	341.045628	0.000000	90.000000	180.000000	180.000000	180.000000	90.000000	180.000000	180.000000	202.268855	90.000000	
50.726950	51.512663	180.000000	180.000000	180.000000	90.000000	80.792980	350.925396	315.000000	0.000000	0.000000	0.000000	38.959171	0.000000	270.000000	158.104307	123.171374	180.000000	236.828626	180.000000	118.885912	270.000000	90.000000	90.000000	180.000000	180.000000	180.000000	26.165111	90.000000	0.000000	0.000000	0.000000	349.960181	0.000000	90.000000	180.000000	180.000000	180.000000	90.000000	180.000000	180.000000	202.195228	90.000000	
50.723021	51.545825	180.000000	180.000000	180.000000	90.000000	87.593173	350.948292	315.000000	0.000000	0.000000	0.000000	33.990338	0.000000	270.000000	158.104307	123.171374	180.000000	236.828626	180.000000	118.919247	270.000000	90.000000	90.000000	180.000000	180.000000	180.000000	26.117958	90.000000	0.000000	0.000000	0.000000	351.802211	0.000000	90.000000	180.000000	180.000000	180.000000	90.000000	180.000000	180.000000	202.120335	90.000000	
50.719672	51.579900	180.000000	180.000000	180.000000	90.000000	88.656605	350.972425	315.000000	0.000000	0.000000	0.000000	39.035694	0.000000	270.000000	158.104307	123.171374	180.000000	236.828626	180.000000	118.951759	270.000000	90.000000	90.000000	180.000000	180.000000	180.000000	26.072081	90.000000	0.000000	0.000000	0.000000	341.647318	0.000000	90.000000	180.000000	180.000000	180.000000	90.000000	180.000000	180.000000	202.044186	90.000000	
50.716907	51.614890	180.000000	180.000000	180.000000	90.000000	80.650914	350.997788	315.000000	0.000000	0.000000	0.000000	33.860840	0.000000	270.000000	158.104307	123.171374	180.000000	236.828626	180.000000	118.983447	270.000000	90.000000	90.000000	180.000000	180.000000	180.000000	25.959440	90.000000	0.000000	0.000000	0.000000	350.139839	0.000000	90.000000	180.000000	180.000000	180.000000	90.000000	180.000000	180.000000	201.966790	90.000000	
50.714729	51.650797	180.000000	180.000000	180.000000	90.000000	87.397372	351.024374	315.000000	0.000000	0.000000	0.000000	38.916084	0.000000	270.000000	158.104307	123.171374	180.000000	236.828626	180.000000	119.014314	270.000000	90.000000	90.000000	180.000000	180.000000	180.000000	25.803568	90.000000	0.000000	0.000000	0.000000	351.895437	0.000000	90.000000	180.000000	180.000000	180.000000	90.000000	180.000000	180.000000	201.888157	90.000000	
50.713142	51.687620	180.000000	180.000000	180.000000	90.000000	80.403099	351.052173	315.000000	0.000000	0.000000	0.000000	33.698481	0.000000	270.000000	158.104307	123.171374	180.000000	236.828626	180.000000	119.044359	270.000000	90.000000	90.000000	180.000000	180.000000	180.000000	25.641595	90.000000	0.000000	0.000000	0.000000	352.257836	0.000000	90.000000	180.000000	180.000000	180.000000	90.000000	180.000000	180.000000	201.808295	90.000000	
50.712150	51.725361	180.000000	180.000000	180.000000	90.000000	87.255273	351.081180	315.000000	0.000000	0.000000	0.000000	38.792737	0.000000	270.000000	158.104307	123.171374	180.000000	236.828626	180.000000	119.073583	270.000000	90.000000	90.000000	180.000000	180.000000	180.000000	25.480456	90.000000	0.000000	0.000000	0.000000	352.332061	0.000000	90.000000	180.000000	180.000000	180.000000	90.000000	180.000000	180.000000	201.727214	90.000000	
50.711754	51.764020	180.000000	180.000000	180.000000	90.000000	80.344822	351.111385	315.000000	0.000000	0.000000	0.000000	33.543872	0.000000	270.000000	158.104307	123.171374	180.000000	236.828626	180.000000	119.101987	270.000000	90.000000	90.000000	180.000000	180.000000	180.000000	25.321464	90.000000	0.000000	0.000000	0.000000	352.347684	0.000000	90.000000	180.000000	180.000000	180.000000	90.000000	180.000000	180.000000	201.644921	90.000000	
50.711959	51.803597	180.000000	180.000000	180.000000	90.000000	87.142741	351.142781	315.000000	0.000000	0.000000	0.000000	38.674043	0.000000	270.000000	158.104307	123.171374	180.000000	236.828626	180.000000	119.129572	270.000000	90.000000	90.000000	180.000000	180.000000	180.000000	25.164884	90.000000	0.000000	0.000000	0.000000	352.352381	0.000000	90.000000	180.000000	180.000000	180.000000	90.000000	180.000000	180.000000	201.561427	90.000000	
50.712768	51.844093	180.000000	180.000000	180.000000	90.000000	80.291561	351.175360	315.000000	0.000000	0.000000	0.000000	33.398815	0.000000	270.000000	158.104307	123.171374	180.000000	236.828626	180.000000	119.156339	270.000000	90.000000	90.000000	180.000000	180.000000	180.000000	25.010787	90.000000	0.000000	0.000000	0.000000	352.356047	0.000000	90.000000	180.000000	180.000000	180.000000	90.000000	180.000000	180.000000	201.476739	90.000000	
50.714185	51.885508	180.000000	180.000000	180.000000	90.000000	87.029070	351.209115	315.000000	0.000000	0.000000	0.000000	38.560446	0.000000	270.000000	158.104307	123.171374	180.000000	236.828626	180.000000	119.182288	270.000000	90.000000	90.000000	180.000000	180.000000	180.000000	24.859201	90.000000	0.000000	0.000000	0.000000	352.360734	0.000000	90.000000	180.000000	180.000000	180.000000	90.000000	180.000000	180.000000	201.390865	90.000000	
50.716212	51.927840	180.000000	180.000000	180.000000	90.000000	80.238108	351.244039	315.000000	0.000000	0.000000	0.000000	33.263428	0.000000	270.000000	158.104307	123.171374	180.000000	236.828626	180.000000	119.207422	270.000000	90.000000	90.000000	180.000000	180.000000	180.000000	24.710150	90.000000	0.000000	0.000000	0.000000	352.366867	0.000000	90.000000	180.000000	180.000000	180.000000	90.000000	180.000000	180.000000	201.303813	90.000000	
50.718852	51.971090	180.000000	180.000000	180.000000	90.000000	86.913419	3.834483	315.000000	0.000000	0.000000	0.000000	38.452046	0.000000	270.000000	158.104307	123.171374	180.000000	236.828626	180.000000	119.231741	270.000000	90.000000	90.000000	180.000000	180.000000	180.000000	24.563654	90.000000	0.000000	0.000000	0.000000	352.374531	0.000000	90.000000	180.000000	180.000000	180.000000	90.000000	180.000000	180.000000	201.215592	90.000000	
50.722110	52.015258	180.000000	180.000000	180.000000	90.000000	80.184330	353.308940	315.000000	0.000000	0.000000	0.000000	33.137745	0.000000	270.000000	158.104307	123.171374	180.000000	236.828626	180.000000	119.255246	270.000000	90.000000	90.000000	180.000000	180.000000	180.000000	24.419730	90.000000	0.000000	0.000000	0.000000	352.383743	0.000000	90.000000	180.000000	180.000000	180.000000	90.000000	180.000000	180.000000	201.126209	90.000000	
50.725988	52.060341	180.000000	180.000000	180.000000	90.000000	86.795794	351.603739	315.000000	0.000000	0.000000	0.000000	38.348921	0.000000	270.000000	158.104307	123.171374	180.000000	236.828626	180.000000	119.277939	270.000000	90.000000	90.000000	180.000000	180.000000	180.000000	24.278397	90.000000	0.000000	0.000000	0.000000	352.394505	0.000000	90.000000	180.000000	180.000000	180.000000	90.000000	180.000000	180.000000	201.035672	90.000000	
50.730490	52.106338	180.000000	180.000000	180.000000	90.000000	80.130234	3.846465	315.000000	0.000000	0.000000	0.000000	33.021787	0.000000	270.000000	158.104307	123.171374	180.000000	236.828626	180.000000	119.299822	270.000000	90.000000	90.000000	180.000000	180.000000	180.000000	24.139671	90.000000	0.000000	0.000000	0.000000	352.406816	0.000000	90.000000	180.000000	180.000000	180.000000	90.000000	180.000000	180.000000	200.943989	90.000000	
50.735618	52.153249	180.000000	180.000000	180.000000	90.000000	86.676223	353.326522	315.000000	0.000000	0.000000	0.000000	38.251143	0.000000	270.000000	158.104307	123.171374	180.000000	236.828626	180.000000	119.320894	270.000000	90.000000	90.000000	180.000000	180.000000	180.000000	24.003565	90.000000	0.000000	0.000000	0.000000	352.420674	0.000000	90.000000	180.000000	180.000000	180.000000	90.000000	180.000000	180.000000	200.851166	90.000000	
50.741376	52.201072	180.000000	180.000000	180.000000	90.000000	83.828510	351.628029	315.000000	0.000000	0.000000	0.000000	39.281601	0.000000	270.000000	158.104307	123.171374	180.000000	236.828626	180.000000	119.341159	270.000000	90.000000	90.000000	180.000000	180.000000	180.000000	23.870094	90.000000	0.000000	0.000000	0.000000	352.436077	0.000000	90.000000	180.000000	180.000000	180.000000	90.000000	180.000000	180.000000	200.757212	90.000000	
50.747767	52.249804	180.000000	180.000000	180.000000	90.000000	83.346420	3.808074	315.000000	0.000000	0.000000	0.000000	33.063983	0.000000	270.000000	158.104307	123.171374	180.000000	236.828626	180.000000	119.360618	270.000000	90.000000	90.000000	180.000000	180.000000	180.000000	23.739270	90.000000	0.000000	0.000000	0.000000	352.453022	0.000000	90.000000	180.000000	180.000000	180.000000	90.000000	180.000000	180.000000	200.662133	90.000000	
50.754794	52.299445	180.000000	180.000000	180.000000	90.000000	83.264772	353.346167	315.000000	0.000000	0.000000	0.000000	38.138637	0.000000	270.000000	158.104307	123.171374	180.000000	236.828626	180.000000	119.379272	270.000000	90.000000	90.000000	180.000000	180.000000	180.000000	23.611104	90.000000	0.000000	0.000000	0.000000	352.471506	0.000000	90.000000	180.000000	180.000000	180.000000	90.000000	180.000000	180.000000	200.565936	90.000000	
50.762460	52.349990	180.000000	180.000000	180.000000	90.000000	83.250944	4.047081	315.000000	0.000000	0.000000	0.000000	39.141088	0.000000	270.000000	158.104307	123.171374	180.000000	236.828626	180.000000	119.397123	270.000000	90.000000	90.000000	180.000000	180.000000	180.000000	23.485607	90.000000	0.000000	0.000000	0.000000	352.491528	0.000000	90.000000	180.000000	180.000000	180.000000	90.000000	180.000000	180.000000	200.468628	90.000000	
50.770769	52.401438	180.000000	180.000000	180.000000	90.000000	83.248601	353.380743	315.000000	0.000000	0.000000	0.000000	39.300449	0.000000	270.000000	158.104307	123.171374	180.000000	236.828626	180.000000	119.414172	270.000000	90.000000	90.000000	180.000000	180.000000	180.000000	23.362786	90.000000	0.000000	0.000000	0.000000	350.453397	0.000000	90.000000	180.000000	180.000000	180.000000	90.000000	180.000000	180.000000	200.370217	90.000000	
50.779722	52.453786	180.000000	180.000000	180.000000	90.000000	83.248204	4.009048	315.000000	0.000000	0.000000	0.000000	39.285652	0.000000	270.000000	158.104307	123.171374	180.000000	236.828626	180.000000	119.430423	270.000000	90.000000	90.000000	180.000000	180.000000	180.000000	23.242651	90.000000	0.000000	0.000000	0.000000	350.044580	0.000000	90.000000	180.000000	180.000000	180.000000	90.000000	180.000000	180.000000	200.270707	90.000000	
50.789324	60.760879	180.000000	180.000000	180.000000	90.000000	83.248137	353.374954	315.000000	0.000000	0.000000	0.000000	39.235537	0.000000	270.000000	158.104307	123.171374	180.000000	236.828626	180.000000	119.445875	270.000000	90.000000	90.000000	180.000000	180.000000	180.000000	23.125208	90.000000	0.000000	0.000000	0.000000	349.965280	0.000000	90.000000	180.000000	180.000000	180.000000	90.000000	180.000000	180.000000	200.170106	90.000000	
50.799578	62.275654	180.000000	180.000000	180.000000	90.000000	83.248126	3.966691	315.000000	0.000000	0.000000	0.000000	39.178942	0.000000	270.000000	158.104307	123.171374	180.000000	236.828626	180.000000	119.460533	270.000000	90.000000	90.000000	180.000000	180.000000	180.000000	23.010462	90.000000	0.000000	0.000000	0.000000	349.953393	0.000000	90.000000	180.000000	180.000000	180.000000	90.000000	180.000000	180.000000	200.068421	90.000000	
50.810485	62.565906	180.000000	180.000000	180.000000	90.000000	83.248124	353.373289	315.000000	0.000000	0.000000	0.000000	39.121869	0.000000	270.000000	158.104307	123.171374	180.000000	236.828626	180.000000	119.474396	270.000000	90.000000	90.000000	180.000000	180.000000	180.000000	22.898419	90.000000	0.000000	0.000000	0.000000	349.956101	0.000000	90.000000	180.000000	180.000000	180.000000	90.000000	180.000000	180.000000	199.965656	90.000000	
50.822050	62.635557	180.000000	180.000000	180.000000	90.000000	83.248124	3.927426	315.000000	0.000000	0.000000	0.000000	39.065577	0.000000	270.000000	158.104307	123.171374	180.000000	236.828626	180.000000	119.487468	270.000000	90.000000	90.000000	180.000000	180.000000	180.000000	22.789082	90.000000	0.000000	0.000000	0.000000	349.962763	0.000000	90.000000	180.000000	180.000000	180.000000	90.000000	180.000000	180.000000	189.183224	90.000000	
50.834275	62.666113	180.000000	180.000000	180.000000	90.000000	83.248124	353.376909	315.000000	0.000000	0.000000	0.000000	39.010338	0.000000	270.000000	158.104307	123.171374	180.000000	236.828626	180.000000	119.499750	270.000000	90.000000	90.000000	180.000000	180.000000	180.000000	22.682454	90.000000	0.000000	0.000000	0.000000	349.971238	0.000000	90.000000	180.000000	180.000000	180.000000	90.000000	180.000000	180.000000	197.990207	90.000000	
50.847162	62.690321	180.000000	180.000000	180.000000	90.000000	83.248124	3.891459	315.000000	0.000000	0.000000	0.000000	38.956219	0.000000	270.000000	158.104307	123.171374	180.000000	236.828626	180.000000	119.511245	270.000000	90.000000	90.000000	180.000000	180.000000	180.000000	22.578536	90.000000	0.000000	0.000000	0.000000	349.981089	0.000000	90.000000	180.000000	180.000000	180.000000	90.000000	180.000000	180.000000	199.407988	90.000000	
50.860715	62.714071	180.000000	180.000000	180.000000	90.000000	83.248124	353.385797	315.000000	0.000000	0.000000	0.000000	38.903245	0.000000	270.000000	158.104307	123.171374	180.000000	236.828626	180.000000	119.521955	270.000000	90.000000	90.000000	180.000000	180.000000	180.000000	22.477330	90.000000	0.000000	0.000000	0.000000	349.992225	0.000000	90.000000	180.000000	180.000000	180.000000	90.000000	180.000000	180.000000	189.043406	90.000000	
50.874936	62.738422	180.000000	180.000000	180.000000	90.000000	83.248124	3.858796	315.000000	0.000000	0.000000	0.000000	38.851431	0.000000	270.000000	158.104307	123.171374	180.000000	236.828626	180.000000	119.531882	270.000000	90.000000	90.000000	180.000000	180.000000	180.000000	22.378836	90.000000	0.000000	0.000000	0.000000	350.004622	0.000000	90.000000	180.000000	180.000000	180.000000	90.000000	180.000000	180.000000	197.762141	90.000000	
50.889829	62.763561	180.000000	180.000000	180.000000	90.000000	83.248124	353.399905	315.000000	0.000000	0.000000	0.000000	38.800791	0.000000	270.000000	158.104307	123.171374	180.000000	236.828626	180.000000	119.541028	270.000000	90.000000	90.000000	180.000000	180.000000	180.000000	22.283052	90.000000	0.000000	0.000000	0.000000	350.018272	0.000000	90.000000	180.000000	180.000000	180.000000	90.000000	180.000000	180.000000	188.729624	90.000000	
50.905395	62.789520	180.000000	180.000000	180.000000	90.000000	83.248124	3.829440	315.000000	0.000000	0.000000	0.000000	38.751338	0.000000	270.000000	158.104307	123.171374	180.000000	236.828626	180.000000	119.549395	270.000000	90.000000	90.000000	180.000000	180.000000	180.000000	22.189977	90.000000	0.000000	0.000000	0.000000	350.033167	0.000000	90.000000	180.000000	180.000000	180.000000	90.000000	180.000000	180.000000	197.587514	90.000000	
50.921638	62.816305	180.000000	180.000000	180.000000	90.000000	83.248124	353.419181	315.000000	0.000000	0.000000	0.000000	38.703085	0.000000	270.000000	158.104307	123.171374	180.000000	236.828626	180.000000	119.556987	270.000000	90.000000	90.000000	180.000000	180.000000	180.000000	22.099608	90.000000	0.000000	0.000000	0.000000	350.049303	0.000000	90.000000	180.000000	180.000000	180.000000	90.000000	180.000000	180.000000	188.686319	90.000000	
50.938559	62.843913	180.000000	180.000000	180.000000	90.000000	83.248124	3.803391	315.000000	0.000000	0.000000	0.000000	38.656044	0.000000	270.000000	158.104307	123.171374	180.000000	236.828626	180.000000	119.563805	270.000000	90.000000	90.000000	180.000000	180.000000	180.000000	29.493361	90.000000	0.000000	0.000000	0.000000	350.066671	0.000000	90.000000	180.000000	180.000000	180.000000	90.000000	180.000000	180.000000	197.454342	90.000000	
50.956162	62.872342	180.000000	180.000000	180.000000	90.000000	83.248124	353.443578	315.000000	0.000000	0.000000	0.000000	38.610227	0.000000	270.000000	158.104307	123.171374	180.000000	236.828626	180.000000	119.569852	270.000000	90.000000	90.000000	180.000000	180.000000	180.000000	30.797253	90.000000	0.000000	0.000000	0.000000	350.085267	0.000000	90.000000	180.000000	180.000000	180.000000	90.000000	180.000000	180.000000	188.647486	90.000000	
50.974449	62.901589	180.000000	180.000000	180.000000	90.000000	83.248124	3.780648	315.000000	0.000000	0.000000	0.000000	38.565647	0.000000	270.000000	158.104307	123.171374	180.000000	236.828626	180.000000	119.575130	270.000000	90.000000	90.000000	180.000000	180.000000	180.000000	32.149309	90.000000	0.000000	0.000000	0.000000	350.105084	0.000000	90.000000	180.000000	180.000000	180.000000	90.000000	180.000000	180.000000	197.317508	90.000000	
50.993421	62.931652	180.000000	180.000000	180.000000	90.000000	83.248124	353.473045	315.000000	0.000000	0.000000	0.000000	38.522315	0.000000	270.000000	158.104307	123.171374	180.000000	236.828626	180.000000	119.579642	270.000000	90.000000	90.000000	180.000000	180.000000	180.000000	32.314467	90.000000	0.000000	0.000000	0.000000	350.126116	0.000000	90.000000	180.000000	180.000000	180.000000	90.000000	180.000000	180.000000	188.604725	90.000000	
51.013082	62.962526	180.000000	180.000000	180.000000	90.000000	83.248124	3.761210	315.000000	0.000000	0.000000	0.000000	38.480242	0.000000	270.000000	158.104307	123.171374	180.000000	236.828626	180.000000	119.583390	270.000000	90.000000	90.000000	180.000000	180.000000	180.000000	32.256578	90.000000	0.000000	0.000000	0.000000	350.148355	0.000000	90.000000	180.000000	180.000000	180.000000	90.000000	180.000000	180.000000	197.175641	90.000000	
51.033434	62.994209	180.000000	180.000000	180.000000	90.000000	83.248124	353.507532	315.000000	0.000000	0.000000	0.000000	38.439440	0.000000	270.000000	158.104307	123.171374	180.000000	236.828626	180.000000	119.586378	270.000000	90.000000	90.000000	180.000000	180.000000	180.000000	32.157119	90.000000	0.000000	0.000000	0.000000	350.171796	0.000000	90.000000	180.000000	180.000000	180.000000	90.000000	180.000000	180.000000	188.557781	90.000000	
51.054479	63.026695	180.000000	180.000000	180.000000	90.000000	83.248124	3.745077	315.000000	0.000000	0.000000	0.000000	38.399921	0.000000	270.000000	158.104307	123.171374	180.000000	236.828626	180.000000	119.588607	270.000000	90.000000	90.000000	180.000000	180.000000	180.000000	32.050314	90.000000	0.000000	0.000000	0.000000	350.196432	0.000000	90.000000	180.000000	180.000000	180.000000	90.000000	180.000000	180.000000	197.028750	90.000000	
51.076219	63.059980	180.000000	180.000000	180.000000	90.000000	83.248124	353.546990	315.000000	0.000000	0.000000	0.000000	38.361695	0.000000	251.738849	158.104307	123.171374	180.000000	236.828626	180.000000	119.590080	270.000000	90.000000	90.000000	180.000000	180.000000	180.000000	31.942635	90.000000	0.000000	0.000000	0.000000	350.222256	0.000000	90.000000	180.000000	180.000000	180.000000	90.000000	180.000000	180.000000	188.506661	90.000000	
51.098656	63.094061	180.000000	180.000000	180.000000	90.000000	83.248124	3.732244	315.000000	0.000000	0.000000	0.000000	38.324773	0.000000	248.700191	158.104307	123.171374	180.000000	236.828626	180.000000	119.590800	270.000000	90.000000	90.000000	180.000000	180.000000	180.000000	31.835317	90.000000	0.000000	0.000000	0.000000	350.249261	0.000000	90.000000	180.000000	180.000000	180.000000	90.000000	180.000000	180.000000	196.876887	90.000000	
51.121791	63.128931	180.000000	180.000000	180.000000	90.000000	83.248124	353.591369	315.000000	0.000000	0.000000	0.000000	38.289166	0.000000	248.186403	158.104307	123.171374	180.000000	236.828626	180.000000	119.590771	270.000000	90.000000	90.000000	180.000000	180.000000	180.000000	31.728609	90.000000	0.000000	0.000000	0.000000	350.277441	0.000000	90.000000	180.000000	180.000000	180.000000	90.000000	180.000000	180.000000	188.451380	90.000000	
51.145628	63.164586	180.000000	180.000000	180.000000	90.000000	83.248124	3.722710	315.000000	0.000000	0.000000	0.000000	38.254884	0.000000	248.099488	158.104307	123.171374	180.000000	236.828626	180.000000	119.589993	270.000000	90.000000	90.000000	180.000000	180.000000	180.000000	31.622569	90.000000	0.000000	0.000000	0.000000	348.573314	0.000000	90.000000	180.000000	180.000000	180.000000	90.000000	180.000000	180.000000	196.720100	90.000000	
51.170167	63.201020	180.000000	180.000000	180.000000	90.000000	83.248124	353.640620	315.000000	0.000000	0.000000	0.000000	38.221937	0.000000	248.084785	158.104307	123.171374	180.000000	236.828626	180.000000	119.588471	270.000000	90.000000	90.000000	180.000000	180.000000	180.000000	31.517221	90.000000	0.000000	0.000000	0.000000	348.158770	0.000000	90.000000	180.000000	180.000000	180.000000	90.000000	180.000000	180.000000	188.391953	90.000000	
51.195410	63.238227	180.000000	180.000000	180.000000	90.000000	83.248124	3.716471	315.000000	0.000000	0.000000	0.000000	53.696269	0.000000	248.082297	158.104307	123.171374	180.000000	236.828626	180.000000	119.586207	270.000000	90.000000	90.000000	180.000000	180.000000	180.000000	31.412584	90.000000	0.000000	0.000000	0.000000	348.009820	0.000000	90.000000	180.000000	180.000000	180.000000	90.000000	180.000000	180.000000	186.851586	90.000000	
51.221358	52.556782	180.000000	180.000000	180.000000	90.000000	83.248124	353.694696	315.000000	0.000000	0.000000	0.000000	56.933432	0.000000	248.081876	158.104307	123.171374	180.000000	236.828626	180.000000	119.583204	270.000000	90.000000	90.000000	180.000000	180.000000	180.000000	31.308672	90.000000	0.000000	0.000000	0.000000	347.917311	0.000000	90.000000	180.000000	180.000000	180.000000	90.000000	180.000000	180.000000	196.251752	90.000000	
51.248014	61.502080	180.000000	180.000000	180.000000	90.000000	83.248124	3.713522	315.000000	0.000000	0.000000	0.000000	57.578793	0.000000	248.081805	158.104307	123.171374	180.000000	236.828626	180.000000	119.579465	270.000000	90.000000	90.000000	180.000000	180.000000	180.000000	31.205502	90.000000	0.000000	0.000000	0.000000	347.838500	0.000000	90.000000	180.000000	180.000000	180.000000	90.000000	180.000000	180.000000	188.282571	90.000000	
51.275378	52.222582	180.000000	180.000000	180.000000	90.000000	83.248124	353.753546	315.000000	0.000000	0.000000	0.000000	57.668431	0.000000	248.081793	158.104307	123.171374	180.000000	236.828626	180.000000	119.574993	270.000000	90.000000	90.000000	180.000000	180.000000	180.000000	31.103088	90.000000	0.000000	0.000000	0.000000	347.764646	0.000000	90.000000	180.000000	180.000000	180.000000	90.000000	180.000000	180.000000	186.807662	90.000000	
51.303453	61.529965	180.000000	180.000000	180.000000	90.000000	83.248124	3.713858	315.000000	0.000000	0.000000	0.000000	57.639140	0.000000	248.081791	158.104307	123.171374	180.000000	236.828626	180.000000	119.569790	270.000000	90.000000	90.000000	180.000000	180.000000	180.000000	31.001446	90.000000	0.000000	0.000000	0.000000	347.693958	0.000000	90.000000	180.000000	180.000000	180.000000	90.000000	180.000000	180.000000	186.541882	90.000000	
51.332238	52.237093	180.000000	180.000000	180.000000	90.000000	83.248124	353.817125	315.000000	0.000000	0.000000	0.000000	57.584715	0.000000	248.081791	158.104307	123.171374	180.000000	236.828626	180.000000	119.563860	270.000000	90.000000	90.000000	180.000000	180.000000	180.000000	30.900590	90.000000	0.000000	0.000000	0.000000	347.626064	0.000000	90.000000	180.000000	180.000000	180.000000	90.000000	180.000000	180.000000	186.501084	90.000000	
51.361735	50.456365	180.000000	180.000000	180.000000	90.000000	83.248124	3.717474	315.000000	0.000000	0.000000	0.000000	57.525314	0.000000	248.081791	158.104307	123.171374	180.000000	236.828626	180.000000	119.557206	270.000000	90.000000	90.000000	180.000000	180.000000	180.000000	30.800536	90.000000	0.000000	0.000000	0.000000	347.560885	0.000000	90.000000	180.000000	180.000000	180.000000	90.000000	180.000000	180.000000	186.501286	90.000000	
51.391944	50.132779	180.000000	180.000000	180.000000	90.000000	83.248124	353.885383	315.000000	0.000000	0.000000	0.000000	57.465277	0.000000	248.081791	158.104307	123.171374	180.000000	236.828626	180.000000	119.549831	270.000000	90.000000	90.000000	180.000000	180.000000	180.000000	30.701297	90.000000	0.000000	0.000000	0.000000	347.498396	0.000000	90.000000	180.000000	180.000000	180.000000	90.000000	180.000000	180.000000	186.508101	90.000000	
51.422868	50.093356	180.000000	180.000000	180.000000	90.000000	83.248124	3.724365	315.000000	0.000000	0.000000	0.000000	57.405548	0.000000	248.081791	158.104307	123.171374	180.000000	236.828626	180.000000	119.541737	270.000000	90.000000	90.000000	180.000000	180.000000	180.000000	30.602889	90.000000	0.000000	0.000000	0.000000	347.438586	0.000000	90.000000	180.000000	180.000000	180.000000	90.000000	180.000000	180.000000	186.515106	90.000000	
51.454506	50.110205	180.000000	180.000000	180.000000	90.000000	83.248124	353.958275	315.000000	0.000000	0.000000	0.000000	57.346337	0.000000	248.081791	158.104307	123.171374	180.000000	236.828626	180.000000	119.532928	270.000000	90.000000	90.000000	180.000000	180.000000	180.000000	30.505326	90.000000	0.000000	0.000000	0.000000	347.381445	0.000000	90.000000	180.000000	180.000000	180.000000	90.000000	180.000000	180.000000	186.521103	90.000000	
51.486858	50.139160	180.000000	180.000000	180.000000	90.000000	83.248124	3.734523	315.000000	0.000000	0.000000	0.000000	57.287701	0.000000	248.081791	158.104307	123.171374	180.000000	236.828626	180.000000	119.523406	270.000000	90.000000	90.000000	180.000000	180.000000	180.000000	30.408621	90.000000	0.000000	0.000000	0.000000	347.326964	0.000000	90.000000	180.000000	180.000000	180.000000	90.000000	180.000000	180.000000	186.525866	90.000000	
51.519926	50.171671	180.000000	180.000000	180.000000	90.000000	83.248124	354.035754	315.000000	0.000000	0.000000	0.000000	57.229660	0.000000	248.081791	158.104307	123.171374	180.000000	236.828626	180.000000	119.513176	270.000000	90.000000	90.000000	180.000000	180.000000	180.000000	30.312789	90.000000	0.000000	0.000000	0.000000	347.275132	0.000000	90.000000	180.000000	180.000000	180.000000	90.000000	180.000000	180.000000	186.529356	90.000000	
51.553709	50.206075	180.000000	180.000000	180.000000	90.000000	83.248124	3.747942	315.000000	0.000000	0.000000	0.000000	57.172228	0.000000	248.081791	158.104307	123.171374	180.000000	236.828626	180.000000	119.502240	270.000000	90.000000	90.000000	180.000000	180.000000	180.000000	30.217842	90.000000	0.000000	0.000000	0.000000	347.225938	0.000000	90.000000	180.000000	180.000000	180.000000	90.000000	180.000000	180.000000	186.531564	90.000000	
51.588208	50.242034	180.000000	180.000000	180.000000	90.000000	83.248124	354.117774	315.000000	0.000000	0.000000	0.000000	57.115417	0.000000	248.081791	158.104307	123.171374	180.000000	236.828626	180.000000	119.490601	270.000000	90.000000	90.000000	180.000000	180.000000	180.000000	30.123796	90.000000	0.000000	0.000000	0.000000	347.179372	0.000000	90.000000	180.000000	180.000000	180.000000	90.000000	180.000000	180.000000	186.532491	90.000000	
51.623423	50.279467	180.000000	180.000000	180.000000	90.000000	83.248124	3.764614	315.000000	0.000000	0.000000	0.000000	57.059239	0.000000	248.081791	158.104307	123.171374	180.000000	236.828626	180.000000	119.478262	270.000000	90.000000	90.000000	180.000000	180.000000	180.000000	30.030662	90.000000	0.000000	0.000000	0.000000	347.135420	0.000000	90.000000	180.000000	180.000000	180.000000	90.000000	180.000000	180.000000	186.532136	90.000000	
51.659353	50.318343	180.000000	180.000000	180.000000	90.000000	83.248124	5.367655	315.000000	0.000000	0.000000	0.000000	57.003706	0.000000	248.081791	158.104307	123.171374	180.000000	236.828626	180.000000	119.465226	270.000000	90.000000	90.000000	180.000000	180.000000	180.000000	29.938454	90.000000	0.000000	0.000000	0.000000	347.094070	0.000000	90.000000	180.000000	180.000000	180.000000	90.000000	180.000000	180.000000	186.530501	90.000000	
51.695998	50.358638	180.000000	180.000000	180.000000	90.000000	83.248124	354.465973	315.000000	0.000000	0.000000	0.000000	56.948830	0.000000	248.081791	158.104307	123.171374	180.000000	236.828626	180.000000	119.451497	270.000000	90.000000	90.000000	180.000000	180.000000	180.000000	28.021903	90.000000	0.000000	0.000000	0.000000	347.055309	0.000000	90.000000	180.000000	180.000000	180.000000	90.000000	180.000000	180.000000	186.527587	90.000000	
51.733358	50.400332	180.000000	180.000000	180.000000	90.000000	83.248124	3.801699	315.000000	0.000000	0.000000	0.000000	56.894621	0.000000	248.081791	158.104307	123.171374	180.000000	236.828626	180.000000	119.437078	270.000000	90.000000	90.000000	180.000000	180.000000	180.000000	27.580037	90.000000	0.000000	0.000000	0.000000	347.019125	0.000000	90.000000	180.000000	180.000000	180.000000	90.000000	180.000000	180.000000	186.523395	90.000000	
51.771432	50.443405	180.000000	180.000000	180.000000	90.000000	83.248124	5.354585	315.000000	0.000000	0.000000	0.000000	56.841092	0.000000	248.081791	158.104307	123.171374	180.000000	236.828626	180.000000	119.421972	270.000000	90.000000	90.000000	180.000000	180.000000	180.000000	27.431850	90.000000	0.000000	0.000000	0.000000	346.985502	0.000000	90.000000	180.000000	180.000000	180.000000	90.000000	180.000000	180.000000	186.517927	90.000000	
51.810220	50.487838	180.000000	180.000000	180.000000	90.000000	83.248124	354.562722	315.000000	0.000000	0.000000	0.000000	56.788254	0.000000	248.081791	158.104307	123.171374	180.000000	236.828626	180.000000	119.406182	270.000000	90.000000	90.000000	180.000000	180.000000	180.000000	27.343757	90.000000	0.000000	0.000000	0.000000	346.954427	0.000000	90.000000	180.000000	180.000000	180.000000	90.000000	180.000000	180.000000	188.416135	90.000000	
51.849720	50.533612	180.000000	180.000000	180.000000	90.000000	83.248124	3.802663	315.000000	0.000000	0.000000	0.000000	56.736117	0.000000	248.081791	158.104307	123.171374	180.000000	236.828626	180.000000	119.389712	270.000000	90.000000	90.000000	180.000000	180.000000	180.000000	27.269509	90.000000	0.000000	0.000000	0.000000	346.925884	0.000000	90.000000	180.000000	180.000000	180.000000	90.000000	180.000000	180.000000	188.768667	90.000000	
51.889931	50.580708	180.000000	180.000000	180.000000	90.000000	83.248124	5.341385	315.000000	0.000000	0.000000	0.000000	56.684695	0.000000	248.081791	158.104307	123.171374	180.000000	236.828626	180.000000	119.372564	270.000000	90.000000	90.000000	180.000000	180.000000	180.000000	27.199939	90.000000	0.000000	0.000000	0.000000	346.899860	0.000000	90.000000	180.000000	180.000000	180.000000	90.000000	180.000000	180.000000	188.838455	90.000000	
51.930852	50.629107	180.000000	180.000000	180.000000	90.000000	83.248124	5.579281	315.000000	0.000000	0.000000	0.000000	56.633997	0.000000	248.081791	158.104307	123.171374	180.000000	236.828626	180.000000	119.354742	270.000000	90.000000	90.000000	180.000000	180.000000	180.000000	27.133226	90.000000	0.000000	0.000000	0.000000	346.876338	0.000000	90.000000	180.000000	180.000000	180.000000	90.000000	180.000000	180.000000	188.855821	90.000000	
51.972483	50.678792	180.000000	180.000000	180.000000	90.000000	83.248124	5.597100	315.000000	0.000000	0.000000	0.000000	56.584034	0.000000	248.081791	158.104307	123.171374	180.000000	236.828626	180.000000	119.336249	270.000000	90.000000	90.000000	180.000000	180.000000	180.000000	27.069000	90.000000	0.000000	0.000000	0.000000	346.855304	0.000000	90.000000	180.000000	180.000000	180.000000	90.000000	180.000000	180.000000	188.862753	90.000000	
52.014821	50.729745	180.000000	180.000000	180.000000	90.000000	83.248124	5.578329	315.000000	0.000000	0.000000	0.000000	56.534819	0.000000	248.081791	158.104307	123.171374	180.000000	236.828626	180.000000	119.317089	270.000000	90.000000	90.000000	180.000000	180.000000	180.000000	27.007180	90.000000	0.000000	0.000000	0.000000	346.836740	0.000000	90.000000	180.000000	180.000000	180.000000	90.000000	180.000000	180.000000	188.866901	90.000000	
52.057864	50.781949	180.000000	180.000000	180.000000	90.000000	83.248124	5.554125	315.000000	0.000000	0.000000	0.000000	56.486360	0.000000	248.081791	158.104307	123.171374	180.000000	236.828626	180.000000	119.297264	270.000000	90.000000	90.000000	180.000000	180.000000	180.000000	26.947742	90.000000	0.000000	0.000000	0.000000	346.820631	0.000000	90.000000	180.000000	180.000000	180.000000	90.000000	180.000000	180.000000	188.869660	90.000000	
52.101611	50.835386	180.000000	180.000000	180.000000	90.000000	83.248124	5.529778	315.000000	0.000000	0.000000	0.000000	56.438671	0.000000	248.081791	158.104307	123.171374	180.000000	236.828626	180.000000	119.276778	270.000000	90.000000	90.000000	180.000000	180.000000	180.000000	26.890674	90.000000	0.000000	0.000000	0.000000	346.806961	0.000000	90.000000	180.000000	180.000000	180.000000	90.000000	180.000000	180.000000	188.871287	90.000000	
60.887809	50.890041	180.000000	180.000000	180.000000	90.000000	83.248124	5.506188	315.000000	0.000000	0.000000	0.000000	56.391760	0.000000	248.081791	158.104307	123.171374	180.000000	236.828626	180.000000	119.255635	270.000000	90.000000	90.000000	180.000000	180.000000	180.000000	26.835963	90.000000	0.000000	0.000000	0.000000	346.795713	0.000000	90.000000	180.000000	180.000000	180.000000	90.000000	180.000000	180.000000	188.871831	90.000000	
62.317484	50.945897	180.000000	180.000000	180.000000	90.000000	83.248124	5.483509	315.000000	0.000000	0.000000	0.000000	56.345640	0.000000	248.081791	158.104307	123.171374	180.000000	236.828626	180.000000	119.233837	270.000000	90.000000	90.000000	180.000000	180.000000	180.000000	26.783598	90.000000	0.000000	0.000000	0.000000	346.786870	0.000000	90.000000	180.000000	180.000000	180.000000	90.000000	180.000000	180.000000	188.871304	90.000000	
62.561829	51.002938	180.000000	180.000000	180.000000	90.000000	83.248124	5.461769	315.000000	0.000000	0.000000	0.000000	56.300319	0.000000	248.081791	158.104307	123.171374	180.000000	236.828626	180.000000	119.211388	270.000000	90.000000	90.000000	180.000000	180.000000	180.000000	28.467897	90.000000	0.000000	0.000000	0.000000	346.780416	0.000000	90.000000	180.000000	180.000000	180.000000	90.000000	180.000000	180.000000	188.869711	90.000000	
62.615168	51.061148	180.000000	180.000000	180.000000	90.000000	83.248124	5.440974	315.000000	0.000000	0.000000	0.000000	56.255810	0.000000	248.081791	158.104307	123.171374	180.000000	236.828626	180.000000	119.188291	270.000000	90.000000	90.000000	180.000000	180.000000	180.000000	27.013859	90.000000	0.000000	0.000000	0.000000	346.776332	0.000000	90.000000	180.000000	180.000000	180.000000	90.000000	180.000000	180.000000	188.867057	90.000000	
62.638248	51.120514	180.000000	180.000000	180.000000	90.000000	83.248124	5.421126	315.000000	0.000000	0.000000	0.000000	56.212121	0.000000	248.081791	158.104307	123.171374	180.000000	236.828626	180.000000	119.164549	270.000000	90.000000	90.000000	180.000000	180.000000	180.000000	28.397792	90.000000	0.000000	0.000000	0.000000	346.774603	0.000000	90.000000	180.000000	180.000000	180.000000	90.000000	180.000000	180.000000	188.863344	90.000000	
62.657005	51.181019	180.000000	180.000000	180.000000	90.000000	83.248124	5.402226	315.000000	0.000000	0.000000	0.000000	56.169264	0.000000	248.081791	158.104307	123.171374	180.000000	236.828626	180.000000	119.140167	270.000000	90.000000	90.000000	180.000000	180.000000	180.000000	26.914011	90.000000	0.000000	0.000000	0.000000	346.775210	0.000000	90.000000	180.000000	180.000000	180.000000	90.000000	180.000000	180.000000	188.858578	90.000000	
62.675614	51.242651	180.000000	180.000000	180.000000	90.000000	83.248124	5.384276	315.000000	0.000000	0.000000	0.000000	56.127249	0.000000	248.081791	158.104307	123.171374	180.000000	236.828626	180.000000	119.115146	270.000000	90.000000	90.000000	180.000000	180.000000	180.000000	28.266958	90.000000	0.000000	0.000000	0.000000	346.778136	0.000000	90.000000	180.000000	180.000000	180.000000	90.000000	180.000000	180.000000	188.852762	90.000000	
62.694746	51.305394	180.000000	180.000000	180.000000	90.000000	83.248124	5.367276	315.000000	0.000000	0.000000	0.000000	56.086085	0.000000	248.081791	158.104307	123.171374	180.000000	236.828626	180.000000	119.089491	270.000000	90.000000	90.000000	180.000000	180.000000	180.000000	26.734799	90.000000	0.000000	0.000000	0.000000	346.783363	0.000000	90.000000	180.000000	180.000000	180.000000	90.000000	180.000000	180.000000	188.845900	90.000000	
62.714509	51.369235	180.000000	180.000000	180.000000	90.000000	83.248124	5.351228	315.000000	0.000000	0.000000	0.000000	56.045782	0.000000	248.081791	158.104307	123.171374	180.000000	236.828626	180.000000	119.063204	270.000000	90.000000	90.000000	180.000000	180.000000	180.000000	27.963265	90.000000	0.000000	0.000000	0.000000	346.790875	0.000000	90.000000	180.000000	180.000000	180.000000	90.000000	180.000000	180.000000	188.837996	90.000000	
62.734918	51.434161	180.000000	180.000000	180.000000	90.000000	83.248124	5.336134	315.000000	0.000000	0.000000	0.000000	56.006351	0.000000	248.081791	158.104307	123.171374	180.000000	236.828626	180.000000	119.036290	270.000000	90.000000	90.000000	180.000000	180.000000	180.000000	28.059676	90.000000	0.000000	0.000000	0.000000	346.800653	0.000000	90.000000	180.000000	180.000000	180.000000	90.000000	180.000000	180.000000	188.829055	90.000000	
62.755976	51.500158	180.000000	180.000000	180.000000	90.000000	83.248124	5.321993	315.000000	0.000000	0.000000	0.000000	55.967800	0.000000	248.081791	158.104307	123.171374	180.000000	236.828626	180.000000	119.008750	270.000000	90.000000	90.000000	180.000000	180.000000	180.000000	27.934167	90.000000	0.000000	0.000000	0.000000	346.812679	0.000000	90.000000	180.000000	180.000000	180.000000	90.000000	180.000000	180.000000	188.819081	90.000000	
62.777683	51.567216	162.136459	180.000000	180.000000	90.000000	83.248124	5.308807	315.000000	0.000000	0.000000	0.000000	55.930140	0.000000	248.081791	158.104307	123.171374	180.000000	236.828626	180.000000	118.980590	270.000000	90.000000	90.000000	180.000000	180.000000	180.000000	27.765495	90.000000	0.000000	0.000000	0.000000	346.826937	0.000000	90.000000	180.000000	180.000000	180.000000	90.000000	180.000000	180.000000	188.808079	90.000000	
62.800037	51.635320	158.856824	180.000000	180.000000	90.000000	83.248124	5.296576	315.000000	0.000000	0.000000	0.000000	55.893380	0.000000	248.081791	158.104307	123.171374	180.000000	236.828626	180.000000	118.951812	270.000000	90.000000	90.000000	180.000000	180.000000	180.000000	27.588904	90.000000	0.000000	0.000000	0.000000	346.843407	0.000000	90.000000	180.000000	180.000000	180.000000	90.000000	180.000000	180.000000	188.796052	90.000000	
62.823036	51.704460	158.245568	180.000000	180.000000	90.000000	83.248124	5.285302	315.000000	0.000000	0.000000	0.000000	55.857530	0.000000	248.081791	158.104307	123.171374	180.000000	236.828626	180.000000	118.922418	270.000000	90.000000	90.000000	180.000000	180.000000	180.000000	27.411396	90.000000	0.000000	0.000000	0.000000	346.862074	0.000000	90.000000	180.000000	180.000000	180.000000	90.000000	180.000000	180.000000	188.783006	90.000000	
62.846680	51.774624	158.131581	180.000000	180.000000	90.000000	83.248124	5.274985	315.000000	0.000000	0.000000	0.000000	55.822598	0.000000	248.081791	158.104307	123.171374	180.000000	236.828626	180.000000	118.892414	270.000000	90.000000	90.000000	180.000000	180.000000	180.000000	27.234399	90.000000	0.000000	0.000000	0.000000	346.882918	0.000000	90.000000	180.000000	180.000000	180.000000	90.000000	180.000000	180.000000	188.768946	90.000000	
62.870966	51.845800	158.110323	180.000000	180.000000	90.000000	83.248124	5.265625	315.000000	0.000000	0.000000	0.000000	55.788593	0.000000	248.081791	158.104307	123.171374	180.000000	236.828626	180.000000	118.861802	270.000000	90.000000	90.000000	180.000000	180.000000	180.000000	27.058236	90.000000	0.000000	0.000000	0.000000	346.905922	0.000000	90.000000	180.000000	180.000000	180.000000	90.000000	180.000000	180.000000	188.753875	90.000000	
62.895892	51.917978	158.106358	180.000000	180.000000	90.000000	83.248124	359.028682	315.000000	0.000000	0.000000	0.000000	55.755526	0.000000	248.081791	158.104307	123.171374	180.000000	236.828626	180.000000	118.830585	270.000000	90.000000	90.000000	180.000000	180.000000	180.000000	26.883011	90.000000	0.000000	0.000000	0.000000	346.931069	0.000000	90.000000	180.000000	180.000000	180.000000	90.000000	180.000000	180.000000	188.737799	90.000000	
62.921457	51.991148	158.105619	180.000000	180.000000	90.000000	83.248124	358.001470	315.000000	0.000000	0.000000	0.000000	55.723403	0.000000	248.081791	158.104307	123.171374	180.000000	236.828626	180.000000	118.798766	270.000000	90.000000	90.000000	180.000000	180.000000	180.000000	26.708785	90.000000	0.000000	0.000000	0.000000	346.958340	0.000000	90.000000	180.000000	180.000000	180.000000	90.000000	180.000000	180.000000	188.720723	90.000000	
62.947657	52.065298	158.105481	180.000000	180.000000	90.000000	83.248124	357.827048	315.000000	0.000000	0.000000	0.000000	55.692235	0.000000	248.081791	158.104307	123.171374	180.000000	236.828626	180.000000	118.766350	270.000000	90.000000	90.000000	180.000000	180.000000	180.000000	26.535609	90.000000	0.000000	0.000000	0.000000	346.987719	0.000000	90.000000	180.000000	180.000000	180.000000	90.000000	180.000000	180.000000	188.702651	90.000000	
62.974491	52.140419	158.105455	180.000000	180.000000	90.000000	83.248124	357.793007	315.000000	0.000000	0.000000	0.000000	55.662030	0.000000	248.081791	158.104307	123.171374	180.000000	236.828626	180.000000	118.733339	270.000000	90.000000	90.000000	180.000000	180.000000	180.000000	26.363532	90.000000	0.000000	0.000000	0.000000	347.019188	0.000000	90.000000	180.000000	180.000000	180.000000	90.000000	180.000000	180.000000	188.683589	90.000000	
63.001955	52.216502	158.105450	180.000000	180.000000	90.000000	83.248124	357.782597	315.000000	0.000000	0.000000	0.000000	55.632796	0.000000	248.081791	158.104307	123.171374	180.000000	236.828626	180.000000	118.699736	270.000000	90.000000	90.000000	180.000000	180.000000	180.000000	26.192603	90.000000	0.000000	0.000000	0.000000	347.052730	0.000000	90.000000	180.000000	180.000000	180.000000	90.000000	180.000000	180.000000	188.663542	90.000000	
63.030046	52.293537	158.105450	180.000000	180.000000	90.000000	83.248124	357.776692	315.000000	0.000000	0.000000	0.000000	55.604542	0.000000	248.081791	158.104307	123.171374	180.000000	236.828626	180.000000	118.665545	270.000000	90.000000	90.000000	180.000000	180.000000	180.000000	26.022869	90.000000	0.000000	0.000000	0.000000	347.088327	0.000000	90.000000	180.000000	180.000000	180.000000	90.000000	180.000000	180.000000	188.642514	90.000000	
63.058762	52.371516	158.105449	180.000000	180.000000	90.000000	83.248124	357.772160	315.000000	0.000000	0.000000	0.000000	55.577276	0.000000	248.081791	158.104307	123.171374	180.000000	236.828626	180.000000	118.630770	270.000000	90.000000	90.000000	180.000000	180.000000	180.000000	25.854379	90.000000	0.000000	0.000000	0.000000	347.125961	0.000000	90.000000	180.000000	180.000000	180.000000	90.000000	180.000000	180.000000	188.620512	90.000000	
63.088098	52.450428	158.105449	180.000000	180.000000	90.000000	83.248124	357.768485	315.000000	0.000000	0.000000	0.000000	55.551005	0.000000	248.081791	158.104307	123.171374	180.000000	236.828626	180.000000	118.595413	270.000000	90.000000	90.000000	180.000000	180.000000	180.000000	25.687179	90.000000	0.000000	0.000000	0.000000	347.165617	0.000000	90.000000	180.000000	180.000000	180.000000	90.000000	180.000000	180.000000	188.597539	90.000000	
63.118052	52.530267	158.105449	180.000000	180.000000	90.000000	83.248124	357.753080	315.000000	0.000000	0.000000	0.000000	55.525739	0.000000	248.081791	158.104307	123.171374	180.000000	236.828626	180.000000	118.559478	270.000000	90.000000	90.000000	180.000000	180.000000	180.000000	25.521315	90.000000	0.000000	0.000000	0.000000	347.207277	0.000000	90.000000	180.000000	180.000000	180.000000	90.000000	180.000000	180.000000	188.573602	90.000000	
63.148618	52.611024	158.105449	180.000000	180.000000	90.000000	83.248124	357.658538	315.000000	0.000000	0.000000	0.000000	55.501485	0.000000	248.081791	158.104307	123.171374	180.000000	236.828626	180.000000	118.522968	270.000000	90.000000	90.000000	180.000000	180.000000	180.000000	25.356834	90.000000	0.000000	0.000000	0.000000	347.250924	0.000000	90.000000	180.000000	180.000000	180.000000	90.000000	180.000000	180.000000	188.548705	90.000000	
63.179795	52.692690	158.105449	180.000000	180.000000	90.000000	83.248124	357.552170	315.000000	0.000000	0.000000	0.000000	55.478250	0.000000	248.081791	158.104307	123.171374	180.000000	236.828626	180.000000	118.485887	270.000000	90.000000	90.000000	180.000000	180.000000	180.000000	25.193782	90.000000	0.000000	0.000000	0.000000	347.296541	0.000000	90.000000	180.000000	180.000000	180.000000	90.000000	180.000000	180.000000	188.522855	90.000000	
52.857814	52.775259	158.105449	180.000000	180.000000	90.000000	83.248124	357.445113	315.000000	0.000000	0.000000	0.000000	55.456042	0.000000	248.081791	158.104307	123.171374	180.000000	236.828626	180.000000	118.448237	270.000000	90.000000	90.000000	180.000000	180.000000	180.000000	25.032202	90.000000	0.000000	0.000000	0.000000	347.344112	0.000000	90.000000	180.000000	180.000000	180.000000	90.000000	180.000000	180.000000	189.106153	90.000000	
61.678766	52.858722	158.105449	180.000000	180.000000	90.000000	83.248124	357.339218	315.000000	0.000000	0.000000	0.000000	55.434869	0.000000	248.081791	158.104307	123.171374	180.000000	236.828626	180.000000	118.410022	270.000000	90.000000	90.000000	180.000000	180.000000	180.000000	24.872138	90.000000	0.000000	0.000000	0.000000	347.393620	0.000000	90.000000	180.000000	180.000000	180.000000	90.000000	180.000000	180.000000	189.279914	90.000000	
52.590418	52.943074	158.105449	180.000000	180.000000	90.000000	83.248124	357.234799	315.000000	0.000000	0.000000	0.000000	55.414737	0.000000	248.081791	158.104307	123.171374	180.000000	236.828626	180.000000	118.371246	270.000000	90.000000	90.000000	180.000000	180.000000	180.000000	24.713635	90.000000	0.000000	0.000000	0.000000	347.445049	0.000000	90.000000	180.000000	180.000000	180.000000	90.000000	180.000000	180.000000	189.377764	90.000000	
61.709354	53.028306	158.105449	180.000000	180.000000	90.000000	83.248124	357.131913	315.000000	0.000000	0.000000	0.000000	55.395655	0.000000	248.081791	158.104307	123.171374	180.000000	236.828626	180.000000	118.331911	270.000000	90.000000	90.000000	180.000000	180.000000	180.000000	24.556733	90.000000	0.000000	0.000000	0.000000	347.498382	0.000000	90.000000	180.000000	180.000000	180.000000	90.000000	180.000000	180.000000	189.460097	90.000000	
52.593945	53.114413	158.105449	180.000000	180.000000	90.000000	83.248124	357.030579	315.000000	0.000000	0.000000	0.000000	55.377629	0.000000	248.081791	158.104307	123.171374	180.000000	236.828626	180.000000	118.292021	270.000000	90.000000	90.000000	180.000000	180.000000	180.000000	24.401476	90.000000	0.000000	0.000000	0.000000	347.553604	0.000000	90.000000	180.000000	180.000000	180.000000	90.000000	180.000000	180.000000	189.537853	90.000000	
61.783001	53.201387	158.105449	180.000000	180.000000	90.000000	83.248124	356.930804	315.000000	0.000000	0.000000	0.000000	55.360665	0.000000	248.081791	158.104307	123.171374	180.000000	236.828626	180.000000	118.251579	270.000000	90.000000	90.000000	180.000000	180.000000	180.000000	24.247904	90.000000	0.000000	0.000000	0.000000	347.610698	0.000000	90.000000	180.000000	180.000000	180.000000	90.000000	180.000000	180.000000	189.613013	90.000000	
52.609290	53.289223	158.105449	180.000000	180.000000	90.000000	83.248124	356.832595	315.000000	0.000000	0.000000	0.000000	55.344772	0.000000	248.081791	158.104307	123.171374	180.000000	236.828626	180.000000	118.210588	270.000000	90.000000	90.000000	180.000000	180.000000	180.000000	24.096056	90.000000	0.000000	0.000000	0.000000	347.669649	0.000000	90.000000	180.000000	180.000000	180.000000	90.000000	180.000000	180.000000	189.685938	90.000000	
51.039946	53.377915	158.105449	180.000000	180.000000	90.000000	83.248124	356.735961	315.000000	0.000000	0.000000	0.000000	55.329954	0.000000	248.081791	158.104307	123.171374	180.000000	236.828626	180.000000	118.169051	270.000000	90.000000	90.000000	180.000000	180.000000	180.000000	23.945973	90.000000	0.000000	0.000000	0.000000	347.730441	0.000000	90.000000	180.000000	180.000000	180.000000	90.000000	180.000000	180.000000	189.756692	90.000000	
50.784079	53.467458	158.105449	180.000000	180.000000	90.000000	83.248124	356.640906	315.000000	0.000000	0.000000	0.000000	55.316220	0.000000	248.081791	158.104307	123.171374	180.000000	236.828626	180.000000	118.126973	270.000000	90.000000	90.000000	180.000000	180.000000	180.000000	23.797692	90.000000	0.000000	0.000000	0.000000	347.793059	0.000000	90.000000	180.000000	180.000000	180.000000	90.000000	180.000000	180.000000	189.825291	90.000000	
50.756402	53.557844	158.105449	180.000000	180.000000	90.000000	83.248124	356.547437	315.000000	0.000000	0.000000	0.000000	55.303574	0.000000	248.081791	158.104307	123.171374	180.000000	236.828626	180.000000	118.084355	270.000000	90.000000	90.000000	180.000000	180.000000	180.000000	23.651250	90.000000	0.000000	0.000000	0.000000	347.857487	0.000000	90.000000	180.000000	180.000000	180.000000	90.000000	180.000000	180.000000	189.891739	90.000000	
50.769118	53.649070	158.105449	180.000000	180.000000	90.000000	83.248124	356.455558	315.000000	0.000000	0.000000	0.000000	55.292024	0.000000	248.081791	158.104307	123.171374	180.000000	236.828626	180.000000	118.041202	270.000000	90.000000	90.000000	180.000000	180.000000	180.000000	23.506684	90.000000	0.000000	0.000000	0.000000	347.923710	0.000000	90.000000	180.000000	180.000000	180.000000	90.000000	180.000000	180.000000	189.956039	90.000000	
50.789798	53.741131	158.105449	180.000000	180.000000	90.000000	83.248124	356.365275	315.000000	0.000000	0.000000	0.000000	55.281575	0.000000	248.081791	158.104307	123.171374	180.000000	236.828626	180.000000	117.997516	270.000000	90.000000	90.000000	180.000000	180.000000	180.000000	23.364029	90.000000	0.000000	0.000000	0.000000	347.991713	0.000000	90.000000	180.000000	180.000000	180.000000	90.000000	180.000000	180.000000	190.018195	90.000000	
50.812848	53.834020	158.105449	180.000000	180.000000	90.000000	83.248124	356.276591	315.000000	0.000000	0.000000	0.000000	55.272234	0.000000	248.081791	158.104307	123.171374	180.000000	236.828626	180.000000	117.953301	270.000000	90.000000	90.000000	180.000000	180.000000	180.000000	23.223319	90.000000	0.000000	0.000000	0.000000	359.127352	0.000000	90.000000	180.000000	180.000000	180.000000	90.000000	180.000000	180.000000	190.078210	90.000000	
50.837293	53.927735	158.105449	180.000000	180.000000	90.000000	83.248124	356.189512	315.000000	0.000000	0.000000	0.000000	55.264005	0.000000	248.081791	158.104307	123.171374	180.000000	236.828626	180.000000	117.908559	270.000000	90.000000	90.000000	180.000000	180.000000	180.000000	23.084588	90.000000	0.000000	0.000000	0.000000	350.234873	0.000000	90.000000	180.000000	180.000000	180.000000	90.000000	180.000000	180.000000	190.136090	90.000000	
50.862955	54.022269	158.105449	180.000000	180.000000	90.000000	83.248124	356.104040	315.000000	0.000000	0.000000	0.000000	55.256895	0.000000	248.081791	158.104307	123.171374	180.000000	236.828626	180.000000	117.863295	270.000000	90.000000	90.000000	180.000000	180.000000	180.000000	22.947868	90.000000	0.000000	0.000000	0.000000	348.534690	0.000000	90.000000	180.000000	180.000000	180.000000	90.000000	180.000000	180.000000	190.191839	90.000000	
50.889790	54.117620	158.105449	180.000000	180.000000	90.000000	83.248124	356.020179	315.000000	0.000000	0.000000	0.000000	55.250909	0.000000	248.081791	158.104307	123.171374	180.000000	236.828626	180.000000	117.817511	270.000000	90.000000	90.000000	180.000000	180.000000	180.000000	22.813190	90.000000	0.000000	0.000000	0.000000	359.198713	0.000000	90.000000	180.000000	180.000000	180.000000	90.000000	180.000000	180.000000	190.245463	90.000000	
50.917780	54.213782	158.105449	180.000000	180.000000	90.000000	83.248124	355.937931	315.000000	0.000000	0.000000	0.000000	55.246052	0.000000	248.081791	158.104307	123.171374	180.000000	236.828626	180.000000	117.771210	270.000000	90.000000	90.000000	180.000000	180.000000	180.000000	22.680584	90.000000	0.000000	0.000000	0.000000	350.339846	0.000000	90.000000	180.000000	180.000000	180.000000	90.000000	180.000000	180.000000	190.296968	90.000000	
50.946910	54.310752	158.105449	180.000000	180.000000	90.000000	83.248124	355.857299	315.000000	0.000000	0.000000	0.000000	55.242330	0.000000	248.081791	158.104307	123.171374	180.000000	236.828626	180.000000	117.724396	270.000000	90.000000	90.000000	180.000000	180.000000	180.000000	22.550080	90.000000	0.000000	0.000000	0.000000	348.654332	0.000000	90.000000	180.000000	180.000000	180.000000	90.000000	180.000000	180.000000	190.346359	90.000000	
50.977165	54.408526	158.105449	180.000000	180.000000	90.000000	83.248124	355.778285	315.000000	0.000000	0.000000	0.000000	55.239747	0.000000	248.081791	158.104307	123.171374	180.000000	236.828626	180.000000	117.677071	270.000000	90.000000	90.000000	180.000000	180.000000	180.000000	22.421705	90.000000	0.000000	0.000000	0.000000	359.192303	0.000000	90.000000	180.000000	180.000000	180.000000	90.000000	180.000000	180.000000	190.393644	90.000000	
51.008530	54.507100	158.105449	180.000000	180.000000	90.000000	83.248124	355.700891	315.000000	0.000000	0.000000	0.000000	55.238308	0.000000	248.081791	158.104307	123.171374	180.000000	236.828626	180.000000	117.629239	270.000000	90.000000	90.000000	180.000000	180.000000	180.000000	22.295487	90.000000	0.000000	0.000000	0.000000	350.444611	0.000000	90.000000	180.000000	180.000000	180.000000	90.000000	180.000000	180.000000	190.438830	90.000000	
51.040992	54.606471	158.105449	180.000000	180.000000	90.000000	83.248124	355.625117	315.000000	0.000000	0.000000	0.000000	55.238019	0.000000	248.081791	158.104307	123.171374	180.000000	236.828626	180.000000	117.580903	270.000000	90.000000	90.000000	180.000000	180.000000	180.000000	22.171451	90.000000	0.000000	0.000000	0.000000	359.517750	0.000000	90.000000	180.000000	180.000000	180.000000	90.000000	180.000000	180.000000	190.481924	90.000000	
51.074538	54.706636	158.105449	180.000000	180.000000	90.000000	83.248124	355.550964	315.000000	0.000000	0.000000	0.000000	55.238883	0.000000	248.081791	158.104307	123.171374	180.000000	236.828626	180.000000	117.532066	270.000000	90.000000	90.000000	180.000000	180.000000	180.000000	22.049622	90.000000	0.000000	0.000000	0.000000	350.558102	0.000000	90.000000	180.000000	180.000000	180.000000	90.000000	180.000000	180.000000	190.522934	90.000000	
51.109154	54.807592	158.105449	180.000000	180.000000	90.000000	83.248124	355.478434	315.000000	0.000000	0.000000	0.000000	55.240904	0.000000	248.081791	158.104307	123.171374	180.000000	236.828626	180.000000	117.482732	270.000000	90.000000	90.000000	180.000000	180.000000	180.000000	21.930024	90.000000	0.000000	0.000000	0.000000	359.505036	0.000000	90.000000	180.000000	180.000000	180.000000	90.000000	180.000000	180.000000	190.561868	90.000000	
51.144827	54.909335	158.105449	180.000000	180.000000	90.000000	83.248124	355.407526	315.000000	0.000000	0.000000	0.000000	55.244088	0.000000	248.081791	158.104307	123.171374	180.000000	236.828626	180.000000	117.432902	270.000000	90.000000	90.000000	180.000000	180.000000	180.000000	21.812678	90.000000	0.000000	0.000000	0.000000	350.612351	0.000000	90.000000	180.000000	180.000000	180.000000	90.000000	180.000000	180.000000	190.598734	90.000000	
51.181543	55.011863	158.105449	180.000000	180.000000	90.000000	83.248124	355.338240	315.000000	0.000000	0.000000	0.000000	55.248438	0.000000	248.081791	158.104307	123.171374	180.000000	236.828626	180.000000	117.382582	270.000000	90.000000	90.000000	180.000000	180.000000	180.000000	21.697608	90.000000	0.000000	0.000000	0.000000	359.484210	0.000000	90.000000	180.000000	180.000000	180.000000	90.000000	180.000000	180.000000	190.633542	90.000000	
51.219289	55.115173	158.105449	180.000000	180.000000	90.000000	83.248124	355.270575	315.000000	0.000000	0.000000	0.000000	55.253957	0.000000	248.081791	158.104307	123.171374	180.000000	236.828626	180.000000	117.331772	270.000000	90.000000	90.000000	180.000000	180.000000	180.000000	21.584833	90.000000	0.000000	0.000000	0.000000	350.672016	0.000000	90.000000	180.000000	180.000000	180.000000	90.000000	180.000000	180.000000	190.666301	90.000000	
51.258054	55.219263	158.105449	180.000000	180.000000	90.000000	83.248124	355.204532	315.000000	0.000000	0.000000	0.000000	55.260651	0.000000	248.081791	158.104307	123.171374	180.000000	236.828626	180.000000	117.280477	270.000000	90.000000	90.000000	180.000000	180.000000	180.000000	21.474372	90.000000	0.000000	0.000000	0.000000	359.468508	0.000000	90.000000	180.000000	180.000000	180.000000	90.000000	180.000000	180.000000	190.697020	90.000000	
51.297825	55.324130	158.105449	180.000000	180.000000	90.000000	83.248124	355.140108	315.000000	0.000000	0.000000	0.000000	55.268521	0.000000	248.081791	158.104307	123.171374	180.000000	236.828626	180.000000	117.228700	270.000000	90.000000	90.000000	180.000000	180.000000	180.000000	21.366243	90.000000	0.000000	0.000000	0.000000	350.739590	0.000000	90.000000	180.000000	180.000000	180.000000	90.000000	180.000000	180.000000	190.725708	90.000000	
51.338589	55.429772	158.105449	180.000000	180.000000	90.000000	83.248124	355.077302	315.000000	0.000000	0.000000	0.000000	55.277572	0.000000	248.081791	158.104307	123.171374	180.000000	236.828626	180.000000	117.176443	270.000000	90.000000	90.000000	180.000000	180.000000	180.000000	21.260465	90.000000	0.000000	0.000000	0.000000	359.458448	0.000000	90.000000	180.000000	180.000000	180.000000	90.000000	180.000000	180.000000	190.752375	90.000000	
51.380335	55.536186	158.105449	180.000000	180.000000	90.000000	83.248124	355.016113	315.000000	0.000000	0.000000	0.000000	55.287807	0.000000	248.081791	158.104307	123.171374	180.000000	236.828626	180.000000	117.123710	270.000000	90.000000	90.000000	180.000000	180.000000	180.000000	21.157052	90.000000	0.000000	0.000000	0.000000	350.815073	0.000000	90.000000	180.000000	180.000000	180.000000	90.000000	180.000000	180.000000	190.777032	90.000000	
51.423050	55.643372	158.105449	180.000000	180.000000	90.000000	83.248124	354.956539	315.000000	0.000000	0.000000	0.000000	55.299228	0.000000	248.081791	158.104307	123.171374	180.000000	236.828626	180.000000	117.070504	270.000000	90.000000	90.000000	180.000000	180.000000	180.000000	21.056020	90.000000	0.000000	0.000000	0.000000	359.454041	0.000000	90.000000	180.000000	180.000000	180.000000	90.000000	180.000000	180.000000	190.799688	90.000000	
51.466724	55.751326	158.105449	180.000000	180.000000	90.000000	83.248124	354.898577	315.000000	0.000000	0.000000	0.000000	55.311839	0.000000	248.081791	148.554294	127.962153	180.000000	236.828626	180.000000	117.016828	270.000000	90.000000	90.000000	180.000000	180.000000	180.000000	20.957384	90.000000	0.000000	0.000000	0.000000	350.898370	0.000000	90.000000	180.000000	180.000000	180.000000	90.000000	180.000000	180.000000	190.820355	90.000000	
51.511345	55.860048	158.105449	180.000000	180.000000	90.000000	83.248124	354.842224	315.000000	0.000000	0.000000	0.000000	55.325642	0.000000	248.081791	147.118885	128.770766	180.000000	236.828626	180.000000	116.962684	270.000000	90.000000	90.000000	180.000000	180.000000	180.000000	20.861155	90.000000	0.000000	0.000000	0.000000	359.455272	0.000000	90.000000	180.000000	180.000000	180.000000	90.000000	180.000000	180.000000	190.839043	90.000000	
51.556901	55.969535	158.105449	180.000000	180.000000	90.000000	83.248124	354.787478	315.000000	0.000000	0.000000	0.000000	55.340640	0.000000	248.081791	146.902176	128.907401	180.000000	236.828626	180.000000	116.908076	270.000000	90.000000	90.000000	180.000000	180.000000	180.000000	20.767346	90.000000	0.000000	0.000000	0.000000	350.989381	0.000000	90.000000	180.000000	180.000000	180.000000	90.000000	180.000000	180.000000	190.855762	90.000000	
51.603383	56.079786	158.105449	180.000000	180.000000	90.000000	83.248124	354.734337	315.000000	0.000000	0.000000	0.000000	55.356834	0.000000	248.081791	146.869455	128.930491	180.000000	236.828626	180.000000	116.853007	270.000000	90.000000	90.000000	180.000000	180.000000	180.000000	20.675968	90.000000	0.000000	0.000000	0.000000	359.462126	0.000000	90.000000	180.000000	180.000000	180.000000	90.000000	180.000000	180.000000	190.870525	90.000000	
51.650780	56.190800	158.105449	180.000000	180.000000	90.000000	83.248124	354.682795	315.000000	0.000000	0.000000	0.000000	55.374228	0.000000	248.081791	146.864514	128.934393	180.000000	236.828626	180.000000	116.797480	270.000000	90.000000	90.000000	180.000000	180.000000	180.000000	20.587031	90.000000	0.000000	0.000000	0.000000	351.088008	0.000000	90.000000	180.000000	180.000000	180.000000	90.000000	180.000000	180.000000	190.883342	90.000000	
51.699080	56.302575	158.105449	180.000000	180.000000	90.000000	83.248124	354.632850	315.000000	0.000000	0.000000	0.000000	55.392823	0.000000	248.081791	146.863768	128.935052	180.000000	236.828626	180.000000	116.741498	270.000000	90.000000	90.000000	180.000000	180.000000	180.000000	20.500543	90.000000	0.000000	0.000000	0.000000	359.474584	0.000000	90.000000	180.000000	180.000000	180.000000	90.000000	180.000000	180.000000	190.894224	90.000000	
51.748275	56.415111	158.105449	180.000000	180.000000	90.000000	83.248124	354.584498	315.000000	0.000000	0.000000	0.000000	55.412620	0.000000	248.081791	146.863655	128.935164	180.000000	236.828626	180.000000	116.685063	270.000000	90.000000	90.000000	180.000000	180.000000	180.000000	20.416514	90.000000	0.000000	0.000000	0.000000	351.194155	0.000000	90.000000	180.000000	180.000000	180.000000	90.000000	180.000000	180.000000	190.903183	90.000000	
51.798354	56.528406	158.105449	180.000000	180.000000	90.000000	83.248124	354.537736	315.000000	0.000000	0.000000	0.000000	55.433621	0.000000	248.081791	146.863638	128.935182	180.000000	236.828626	180.000000	116.628179	270.000000	90.000000	90.000000	180.000000	180.000000	180.000000	20.334950	90.000000	0.000000	0.000000	0.000000	359.492628	0.000000	90.000000	180.000000	180.000000	180.000000	90.000000	180.000000	180.000000	190.910230	90.000000	
51.849307	56.642459	158.105449	180.000000	180.000000	90.000000	83.248124	354.492558	315.000000	0.000000	0.000000	0.000000	55.455829	0.000000	248.081791	146.863636	128.935186	180.000000	232.037847	180.000000	108.538085	270.000000	90.000000	90.000000	180.000000	180.000000	180.000000	20.255856	90.000000	0.000000	0.000000	0.000000	351.307728	0.000000	90.000000	180.000000	180.000000	180.000000	90.000000	180.000000	180.000000	190.915378	90.000000	
51.901125	56.757269	158.105449	180.000000	180.000000	90.000000	83.248124	354.448960	315.000000	0.000000	0.000000	0.000000	55.479242	0.000000	248.081791	146.863635	128.935186	180.000000	231.229234	180.000000	115.329567	270.000000	90.000000	90.000000	180.000000	180.000000	180.000000	20.179240	90.000000	0.000000	0.000000	0.000000	359.516237	0.000000	90.000000	180.000000	180.000000	180.000000	90.000000	180.000000	180.000000	190.918637	90.000000	
51.953799	56.872836	158.105449	180.000000	180.000000	90.000000	83.248124	354.406938	315.000000	0.000000	0.000000	0.000000	55.503864	0.000000	248.081791	146.863635	128.935186	180.000000	231.092599	180.000000	116.320327	270.000000	90.000000	90.000000	180.000000	180.000000	180.000000	20.105104	90.000000	0.000000	0.000000	0.000000	1.173631	0.000000	90.000000	180.000000	180.000000	180.000000	90.000000	180.000000	180.000000	190.920021	90.000000	
52.007320	56.989159	158.105449	180.000000	180.000000	90.000000	83.248124	354.366486	315.000000	0.000000	0.000000	0.000000	55.529693	0.000000	248.081791	146.863635	128.935186	180.000000	231.069509	180.000000	108.432010	270.000000	90.000000	90.000000	180.000000	180.000000	180.000000	20.033454	90.000000	0.000000	0.000000	0.000000	351.768660	0.000000	90.000000	180.000000	180.000000	180.000000	90.000000	180.000000	180.000000	190.919541	90.000000	
52.061678	57.106237	158.105449	180.000000	180.000000	90.000000	83.248124	354.327601	315.000000	0.000000	0.000000	0.000000	55.556732	0.000000	248.081791	146.863635	128.935186	180.000000	231.065607	180.000000	115.211965	270.000000	90.000000	90.000000	180.000000	180.000000	180.000000	19.964290	90.000000	0.000000	0.000000	0.000000	359.584400	0.000000	90.000000	180.000000	180.000000	180.000000	90.000000	180.000000	180.000000	190.917208	90.000000	
52.116866	57.224070	158.105449	180.000000	180.000000	90.000000	83.248124	354.290275	315.000000	0.000000	0.000000	0.000000	55.584980	0.000000	248.081791	146.863635	128.935186	180.000000	231.064948	180.000000	116.198682	270.000000	90.000000	90.000000	180.000000	180.000000	180.000000	19.897616	90.000000	0.000000	0.000000	0.000000	1.164397	0.000000	90.000000	180.000000	180.000000	180.000000	90.000000	180.000000	180.000000	190.913035	90.000000	
52.172875	57.342658	158.105449	180.000000	180.000000	90.000000	83.248124	354.254505	315.000000	0.000000	0.000000	0.000000	55.614437	0.000000	248.081791	146.863635	128.935186	180.000000	231.064836	180.000000	108.353776	270.000000	90.000000	90.000000	180.000000	180.000000	180.000000	19.833432	90.000000	0.000000	0.000000	0.000000	1.462062	0.000000	90.000000	180.000000	180.000000	180.000000	90.000000	180.000000	180.000000	190.907035	90.000000	
52.229697	57.462000	158.105449	180.000000	180.000000	90.000000	83.248124	354.220284	315.000000	0.000000	0.000000	0.000000	55.645103	0.000000	248.081791	146.863635	128.935186	180.000000	231.064818	180.000000	115.094737	270.000000	90.000000	90.000000	180.000000	180.000000	180.000000	19.771739	90.000000	0.000000	0.000000	0.000000	1.496215	0.000000	90.000000	180.000000	180.000000	180.000000	90.000000	180.000000	180.000000	190.899218	90.000000	
52.287323	57.582096	158.105449	180.000000	180.000000	90.000000	83.248124	354.187607	315.000000	0.000000	0.000000	0.000000	55.676978	0.000000	248.081791	146.863635	128.935186	180.000000	231.064814	180.000000	108.156319	270.000000	90.000000	90.000000	180.000000	180.000000	180.000000	19.712536	90.000000	0.000000	0.000000	0.000000	1.477230	0.000000	90.000000	180.000000	180.000000	180.000000	90.000000	180.000000	180.000000	190.889598	90.000000	
52.345746	57.702946	158.105449	180.000000	180.000000	90.000000	83.248124	354.156468	315.000000	0.000000	0.000000	0.000000	55.710062	0.000000	248.081791	146.863635	128.935186	180.000000	231.064814	180.000000	115.008114	270.000000	90.000000	90.000000	180.000000	180.000000	180.000000	19.655823	90.000000	0.000000	0.000000	0.000000	1.448551	0.000000	90.000000	180.000000	180.000000	180.000000	90.000000	180.000000	180.000000	190.878187	90.000000	
52.404959	57.824550	158.105449	180.000000	180.000000	90.000000	83.248124	354.126861	315.000000	0.000000	0.000000	0.000000	55.744354	0.000000	248.081791	146.863635	128.935186	180.000000	231.064814	180.000000	108.113017	270.000000	90.000000	90.000000	180.000000	180.000000	180.000000	19.601597	90.000000	0.000000	0.000000	0.000000	1.419150	0.000000	90.000000	180.000000	180.000000	180.000000	90.000000	180.000000	180.000000	190.864997	90.000000	
52.464954	57.946908	158.105449	180.000000	180.000000	90.000000	83.248124	354.098779	315.000000	0.000000	0.000000	0.000000	55.779852	0.000000	248.081791	146.863635	128.935186	180.000000	231.064814	180.000000	114.943206	270.000000	90.000000	90.000000	180.000000	180.000000	180.000000	19.549857	90.000000	0.000000	0.000000	0.000000	1.390880	0.000000	90.000000	180.000000	180.000000	180.000000	90.000000	180.000000	180.000000	190.850040	90.000000	
52.525724	58.070020	158.105449	180.000000	180.000000	90.000000	83.248124	354.072217	315.000000	0.000000	0.000000	0.000000	55.816556	0.000000	248.081791	146.863635	128.935186	180.000000	231.064814	180.000000	108.072886	270.000000	90.000000	90.000000	180.000000	180.000000	180.000000	19.500598	90.000000	0.000000	0.000000	0.000000	1.364128	0.000000	90.000000	180.000000	180.000000	180.000000	90.000000	180.000000	180.000000	190.833328	90.000000	
52.587262	58.193887	158.105449	180.000000	180.000000	90.000000	83.248124	354.047167	315.000000	0.000000	0.000000	0.000000	55.854464	0.000000	248.081791	146.863635	128.935186	180.000000	231.064814	180.000000	114.877020	270.000000	90.000000	90.000000	180.000000	180.000000	180.000000	19.453817	90.000000	0.000000	0.000000	0.000000	1.338974	0.000000	90.000000	180.000000	180.000000	180.000000	90.000000	180.000000	180.000000	190.814874	90.000000	
52.649561	58.318508	158.105449	180.000000	180.000000	90.000000	83.248124	354.023624	315.000000	0.000000	0.000000	0.000000	55.893575	0.000000	248.081791	146.863635	128.935186	180.000000	231.064814	180.000000	119.664779	270.000000	90.000000	90.000000	180.000000	180.000000	180.000000	19.409510	90.000000	0.000000	0.000000	0.000000	1.315438	0.000000	90.000000	180.000000	180.000000	180.000000	90.000000	180.000000	180.000000	190.794690	90.000000	
52.712615	58.443885	158.105449	180.000000	180.000000	90.000000	83.248124	354.001581	315.000000	0.000000	0.000000	0.000000	55.933887	0.000000	248.081791	146.863635	128.935186	180.000000	231.064814	180.000000	120.386935	270.000000	90.000000	90.000000	180.000000	180.000000	180.000000	19.367671	90.000000	0.000000	0.000000	0.000000	1.293524	0.000000	90.000000	180.000000	180.000000	180.000000	90.000000	180.000000	180.000000	190.772789	90.000000	
52.776418	58.570017	158.105449	180.000000	180.000000	90.000000	83.248124	353.981031	315.000000	0.000000	0.000000	0.000000	55.975398	0.000000	248.081791	146.863635	128.935186	180.000000	231.064814	180.000000	120.495984	270.000000	90.000000	90.000000	180.000000	180.000000	180.000000	19.328296	90.000000	0.000000	0.000000	0.000000	1.273235	0.000000	90.000000	180.000000	180.000000	180.000000	90.000000	180.000000	180.000000	190.749181	90.000000	
52.840962	58.696906	158.105449	180.000000	180.000000	90.000000	83.248124	353.961967	315.000000	0.000000	0.000000	0.000000	56.018106	0.000000	248.081791	146.863635	128.935186	180.000000	231.064814	180.000000	120.512452	270.000000	90.000000	90.000000	180.000000	180.000000	180.000000	19.291377	90.000000	0.000000	0.000000	0.000000	1.254572	0.000000	90.000000	180.000000	180.000000	180.000000	90.000000	180.000000	180.000000	190.723880	90.000000	
52.906242	58.824551	158.105449	180.000000	180.000000	90.000000	83.248124	353.944382	315.000000	0.000000	0.000000	0.000000	56.062008	0.000000	248.081791	146.863635	128.935186	180.000000	231.064814	180.000000	120.514939	270.000000	90.000000	90.000000	180.000000	180.000000	180.000000	19.256909	90.000000	0.000000	0.000000	0.000000	1.237538	0.000000	90.000000	180.000000	180.000000	180.000000	90.000000	180.000000	180.000000	190.696898	90.000000	
52.972253	58.952953	158.105449	180.000000	180.000000	90.000000	83.248124	353.928269	315.000000	0.000000	0.000000	0.000000	56.107101	0.000000	248.081791	146.863635	128.935186	180.000000	231.064814	180.000000	120.515315	270.000000	90.000000	90.000000	180.000000	180.000000	180.000000	19.224884	90.000000	0.000000	0.000000	0.000000	1.222133	0.000000	90.000000	180.000000	180.000000	180.000000	90.000000	180.000000	180.000000	190.668247	90.000000	
53.038988	59.082114	158.105449	180.000000	180.000000	90.000000	83.248124	353.913622	315.000000	0.000000	0.000000	0.000000	56.153383	0.000000	248.081791	146.863635	128.935186	180.000000	231.064814	180.000000	120.515371	270.000000	90.000000	90.000000	180.000000	180.000000	180.000000	19.195294	90.000000	0.000000	0.000000	0.000000	1.208358	0.000000	90.000000	180.000000	180.000000	180.000000	90.000000	180.000000	180.000000	190.637938	90.000000	
53.106442	59.212034	158.105449	180.000000	180.000000	90.000000	83.248124	353.900432	315.000000	0.000000	0.000000	0.000000	56.200851	0.000000	248.081791	146.863635	128.935186	180.000000	231.064814	180.000000	120.515380	270.000000	90.000000	90.000000	180.000000	180.000000	180.000000	19.168131	90.000000	0.000000	0.000000	0.000000	356.972133	0.000000	90.000000	180.000000	180.000000	180.000000	90.000000	180.000000	180.000000	190.605984	90.000000	
53.174609	59.342714	158.105449	180.000000	180.000000	90.000000	83.248124	353.888692	315.000000	0.000000	0.000000	0.000000	56.249501	0.000000	248.081791	146.863635	128.935186	180.000000	231.064814	180.000000	120.515381	270.000000	90.000000	90.000000	180.000000	180.000000	180.000000	19.143388	90.000000	0.000000	0.000000	0.000000	356.108747	0.000000	90.000000	180.000000	180.000000	180.000000	90.000000	180.000000	180.000000	190.572398	90.000000	
53.243486	59.474154	158.105449	180.000000	180.000000	90.000000	83.248124	353.878396	315.000000	0.000000	0.000000	0.000000	56.299330	0.000000	248.081791	146.863635	128.935186	180.000000	231.064814	180.000000	120.515382	270.000000	90.000000	90.000000	180.000000	180.000000	180.000000	19.121054	90.000000	0.000000	0.000000	0.000000	355.923305	0.000000	90.000000	180.000000	180.000000	180.000000	90.000000	180.000000	180.000000	190.537189	90.000000	
53.313065	59.606357	158.105449	180.000000	180.000000	90.000000	83.248124	353.869535	315.000000	0.000000	0.000000	0.000000	56.350334	0.000000	248.081791	146.863635	128.935186	180.000000	231.064814	180.000000	120.515382	270.000000	90.000000	90.000000	180.000000	180.000000	180.000000	19.101120	90.000000	0.000000	0.000000	0.000000	355.875063	0.000000	90.000000	180.000000	180.000000	180.000000	90.000000	180.000000	180.000000	190.500372	90.000000	
53.383343	59.739323	158.105449	180.000000	180.000000	90.000000	83.248124	353.862103	315.000000	0.000000	0.000000	0.000000	56.402509	0.000000	248.081791	146.863635	128.935186	180.000000	231.064814	180.000000	120.515382	270.000000	90.000000	90.000000	180.000000	180.000000	180.000000	19.083578	90.000000	0.000000	0.000000	0.000000	355.855430	0.000000	90.000000	180.000000	180.000000	180.000000	90.000000	180.000000	180.000000	190.461956	90.000000	
53.454314	68.944777	158.105449	180.000000	180.000000	90.000000	85.500334	353.856091	315.000000	0.000000	0.000000	0.000000	56.455851	0.000000	248.081791	146.863635	128.935186	180.000000	231.064814	180.000000	120.515382	270.000000	90.000000	90.000000	180.000000	180.000000	180.000000	19.068415	90.000000	0.000000	0.000000	0.000000	355.842606	0.000000	90.000000	180.000000	180.000000	180.000000	90.000000	180.000000	180.000000	190.421955	90.000000	
53.525975	61.385964	158.105449	180.000000	180.000000	90.000000	85.881645	353.851493	315.000000	0.000000	0.000000	0.000000	56.510355	0.000000	248.081791	146.863635	128.935186	180.000000	231.064814	180.000000	120.515382	270.000000	90.000000	90.000000	180.000000	180.000000	180.000000	19.055623	90.000000	0.000000	0.000000	0.000000	355.832217	0.000000	90.000000	180.000000	180.000000	180.000000	90.000000	180.000000	180.000000	190.380379	90.000000	
53.598321	69.364643	158.105449	180.000000	180.000000	90.000000	85.946221	353.848300	315.000000	0.000000	0.000000	0.000000	56.566018	0.000000	248.081791	146.863635	128.935186	180.000000	231.064814	180.000000	120.515382	270.000000	90.000000	90.000000	180.000000	180.000000	180.000000	19.045190	90.000000	0.000000	0.000000	0.000000	355.823382	0.000000	90.000000	180.000000	180.000000	180.000000	90.000000	180.000000	180.000000	190.337240	90.000000	
53.671347	61.654133	158.105449	180.000000	180.000000	90.000000	85.957158	353.846505	315.000000	0.000000	0.000000	0.000000	56.622834	0.000000	248.081791	146.863635	128.935186	180.000000	231.064814	180.000000	120.515382	270.000000	90.000000	90.000000	180.000000	180.000000	180.000000	19.037105	90.000000	0.000000	0.000000	0.000000	355.815922	0.000000	90.000000	180.000000	180.000000	180.000000	90.000000	180.000000	180.000000	190.292550	90.000000	
53.745049	69.530902	158.105449	180.000000	180.000000	90.000000	85.959011	353.846100	315.000000	0.000000	0.000000	0.000000	63.163393	0.000000	248.081791	146.863635	128.935186	180.000000	231.064814	180.000000	120.515382	270.000000	90.000000	90.000000	180.000000	180.000000	180.000000	19.031357	90.000000	0.000000	0.000000	0.000000	355.809797	0.000000	90.000000	180.000000	180.000000	180.000000	90.000000	180.000000	180.000000	190.246320	90.000000	
53.819424	71.035624	158.105449	180.000000	180.000000	90.000000	85.959324	353.847077	315.000000	0.000000	0.000000	0.000000	64.423780	0.000000	248.081791	146.863635	128.935186	180.000000	231.064814	180.000000	120.515382	270.000000	90.000000	90.000000	180.000000	180.000000	180.000000	19.027933	90.000000	0.000000	0.000000	0.000000	355.804994	0.000000	90.000000	180.000000	180.000000	180.000000	90.000000	180.000000	180.000000	190.198561	90.000000	
53.894467	71.353278	158.105449	180.000000	180.000000	90.000000	85.959377	353.849429	315.000000	0.000000	0.000000	0.000000	64.680184	0.000000	248.081791	146.863635	128.935186	180.000000	231.064814	180.000000	120.515382	270.000000	90.000000	90.000000	180.000000	180.000000	180.000000	19.026823	90.000000	0.000000	0.000000	0.000000	355.801509	0.000000	90.000000	180.000000	180.000000	180.000000	90.000000	180.000000	180.000000	190.149285	90.000000	
53.970174	71.449829	158.105449	180.000000	180.000000	90.000000	85.959386	353.853148	315.000000	0.000000	0.000000	0.000000	64.746295	0.000000	248.081791	146.863635	128.935186	180.000000	231.064814	180.000000	120.515382	270.000000	90.000000	90.000000	180.000000	180.000000	180.000000	19.028014	90.000000	0.000000	0.000000	0.000000	355.799335	0.000000	90.000000	180.000000	180.000000	180.000000	90.000000	180.000000	180.000000	190.098503	90.000000	
54.046543	71.505933	158.105449	180.000000	180.000000	90.000000	85.959388	353.858226	315.000000	0.000000	0.000000	0.000000	64.777120	0.000000	248.081791	146.863635	128.935186	180.000000	231.064814	180.000000	120.515382	270.000000	90.000000	90.000000	180.000000	180.000000	180.000000	19.031493	90.000000	0.000000	0.000000	0.000000	355.798468	0.000000	90.000000	180.000000	180.000000	180.000000	90.000000	180.000000	180.000000	190.046225	90.000000	
54.123569	71.555344	158.105449	180.000000	180.000000	90.000000	85.959388	353.864655	315.000000	0.000000	0.000000	0.000000	64.802130	0.000000	248.081791	146.863635	128.935186	180.000000	231.064814	180.000000	120.515382	270.000000	90.000000	90.000000	180.000000	180.000000	180.000000	19.037249	90.000000	0.000000	0.000000	0.000000	355.798902	0.000000	90.000000	180.000000	180.000000	180.000000	90.000000	180.000000	180.000000	189.992463	90.000000	
54.201249	71.604360	158.105449	180.000000	180.000000	90.000000	85.959388	353.872427	315.000000	0.000000	0.000000	0.000000	64.826912	0.000000	248.081791	146.863635	128.935186	180.000000	231.064814	180.000000	120.515382	270.000000	90.000000	90.000000	180.000000	180.000000	180.000000	19.045267	90.000000	0.000000	0.000000	0.000000	355.800632	0.000000	90.000000	180.000000	180.000000	180.000000	90.000000	180.000000	180.000000	189.937228	90.000000	
54.279581	71.654154	158.105449	180.000000	180.000000	90.000000	85.959388	353.881535	315.000000	0.000000	0.000000	0.000000	64.852521	0.000000	248.081791	146.863635	128.935186	180.000000	231.064814	180.000000	120.515382	270.000000	90.000000	90.000000	180.000000	180.000000	180.000000	19.055536	90.000000	0.000000	0.000000	0.000000	355.803652	0.000000	90.000000	180.000000	180.000000	180.000000	90.000000	180.000000	180.000000	189.880530	90.000000	
54.358560	71.704941	158.105449	180.000000	180.000000	90.000000	85.959388	353.891971	315.000000	0.000000	0.000000	0.000000	64.879155	0.000000	248.081791	146.863635	128.935186	180.000000	231.064814	180.000000	120.515382	270.000000	90.000000	90.000000	180.000000	180.000000	180.000000	19.068041	90.000000	0.000000	0.000000	0.000000	355.807957	0.000000	90.000000	180.000000	180.000000	180.000000	90.000000	180.000000	180.000000	180.049970	90.000000	
54.438183	71.756760	158.105449	180.000000	180.000000	90.000000	85.959388	353.903727	315.000000	0.000000	0.000000	0.000000	64.906845	0.000000	248.081791	146.863635	128.935186	180.000000	231.064814	180.000000	120.515382	270.000000	90.000000	90.000000	180.000000	180.000000	180.000000	19.082771	90.000000	0.000000	0.000000	0.000000	355.813541	0.000000	90.000000	180.000000	180.000000	180.000000	90.000000	180.000000	180.000000	188.097963	90.000000	
54.518449	71.809613	158.105449	180.000000	180.000000	90.000000	85.959388	353.916794	315.000000	0.000000	0.000000	0.000000	64.935596	0.000000	248.081791	146.863635	128.935186	180.000000	231.064814	180.000000	120.515382	270.000000	90.000000	90.000000	180.000000	180.000000	180.000000	19.099711	90.000000	0.000000	0.000000	0.000000	355.820399	0.000000	90.000000	180.000000	180.000000	180.000000	90.000000	180.000000	180.000000	189.478581	90.000000	
54.599354	72.399682	158.074183	180.000000	180.000000	90.000000	85.959388	353.931165	315.000000	0.000000	0.000000	0.000000	64.965404	0.000000	248.081791	146.863635	128.935186	180.000000	231.064814	180.000000	120.515382	270.000000	90.000000	90.000000	180.000000	180.000000	180.000000	19.118847	90.000000	0.000000	0.000000	0.000000	355.828524	0.000000	90.000000	180.000000	180.000000	180.000000	90.000000	180.000000	180.000000	180.026098	90.000000	
54.680895	72.526493	157.976764	180.000000	180.000000	90.000000	85.959388	353.946833	315.000000	0.000000	0.000000	0.000000	64.996263	0.000000	248.081791	146.863635	128.935186	180.000000	231.064814	180.000000	120.515382	270.000000	90.000000	90.000000	180.000000	180.000000	180.000000	19.140167	90.000000	0.000000	0.000000	0.000000	355.837910	0.000000	90.000000	180.000000	180.000000	180.000000	90.000000	180.000000	180.000000	188.012937	90.000000	
54.763069	72.568977	157.866826	180.000000	180.000000	90.000000	85.959388	353.963789	315.000000	0.000000	0.000000	0.000000	65.028170	0.000000	248.081791	146.863635	128.935186	180.000000	231.064814	180.000000	120.515382	270.000000	90.000000	90.000000	180.000000	180.000000	180.000000	19.163657	90.000000	0.000000	0.000000	0.000000	355.848551	0.000000	90.000000	180.000000	180.000000	180.000000	90.000000	180.000000	180.000000	179.806170	90.000000	
54.845876	72.596734	157.754491	180.000000	180.000000	90.000000	85.959388	353.982026	315.000000	0.000000	0.000000	0.000000	65.061117	0.000000	248.081791	146.863635	128.935186	180.000000	231.064814	180.000000	120.515382	270.000000	90.000000	90.000000	180.000000	180.000000	180.000000	19.189301	90.000000	0.000000	0.000000	0.000000	355.860442	0.000000	90.000000	180.000000	180.000000	180.000000	90.000000	180.000000	180.000000	187.937605	90.000000	
54.929311	72.622530	157.641685	180.000000	180.000000	90.000000	85.959388	354.001535	315.000000	0.000000	0.000000	0.000000	65.095100	0.000000	248.081791	146.863635	128.935186	180.000000	231.064814	180.000000	120.515382	270.000000	90.000000	90.000000	180.000000	180.000000	180.000000	19.217088	90.000000	0.000000	0.000000	0.000000	355.873575	0.000000	90.000000	180.000000	180.000000	180.000000	90.000000	180.000000	180.000000	179.837942	90.000000	
55.013372	72.648700	157.528788	180.000000	180.000000	90.000000	85.959388	354.022309	315.000000	0.000000	0.000000	0.000000	65.130113	0.000000	248.081791	146.863635	128.935186	180.000000	231.064814	180.000000	120.515382	270.000000	90.000000	90.000000	180.000000	180.000000	180.000000	19.247003	90.000000	0.000000	0.000000	0.000000	355.887944	0.000000	90.000000	180.000000	180.000000	180.000000	90.000000	180.000000	180.000000	187.900767	90.000000	
55.098058	72.675666	157.415887	180.000000	180.000000	90.000000	85.959388	354.044341	315.000000	0.000000	0.000000	0.000000	65.166149	0.000000	248.081791	146.863635	128.935186	180.000000	231.064814	180.000000	120.515382	270.000000	90.000000	90.000000	180.000000	180.000000	180.000000	19.279031	90.000000	0.000000	0.000000	0.000000	355.903543	0.000000	90.000000	180.000000	180.000000	180.000000	90.000000	180.000000	180.000000	179.873457	90.000000	
55.183366	72.703504	157.303012	180.000000	180.000000	90.000000	85.959388	354.067621	315.000000	0.000000	0.000000	0.000000	65.203202	0.000000	248.081791	146.863635	128.935186	180.000000	231.064814	180.000000	120.515382	270.000000	90.000000	90.000000	180.000000	180.000000	180.000000	19.313159	90.000000	0.000000	0.000000	0.000000	355.920365	0.000000	90.000000	180.000000	180.000000	180.000000	90.000000	180.000000	180.000000	187.858637	90.000000	
55.269295	72.732222	157.190184	180.000000	180.000000	90.000000	85.959388	354.092144	315.000000	0.000000	0.000000	0.000000	65.241264	0.000000	248.081791	146.863635	128.935186	180.000000	231.064814	180.000000	120.515382	270.000000	90.000000	90.000000	180.000000	180.000000	180.000000	19.349372	90.000000	0.000000	0.000000	0.000000	355.938403	0.000000	90.000000	180.000000	180.000000	180.000000	90.000000	180.000000	180.000000	179.904655	90.000000	
55.355842	72.761820	157.077423	180.000000	180.000000	90.000000	85.959388	354.117900	315.000000	0.000000	0.000000	0.000000	65.280329	0.000000	248.081791	146.863635	128.935186	180.000000	231.064814	180.000000	120.515382	270.000000	90.000000	90.000000	180.000000	180.000000	180.000000	19.387658	90.000000	0.000000	0.000000	0.000000	355.957651	0.000000	90.000000	180.000000	180.000000	180.000000	90.000000	180.000000	180.000000	187.809862	90.000000	
55.443006	72.792294	156.964747	180.000000	180.000000	90.000000	85.959388	5.975996	315.000000	0.000000	0.000000	0.000000	65.320390	0.000000	248.081791	146.863635	128.935186	180.000000	231.064814	180.000000	120.515382	270.000000	90.000000	90.000000	180.000000	180.000000	180.000000	19.428000	90.000000	0.000000	0.000000	0.000000	355.978102	0.000000	90.000000	180.000000	180.000000	180.000000	90.000000	180.000000	180.000000	179.931277	90.000000	
55.530784	72.823638	156.852175	180.000000	180.000000	90.000000	85.959388	356.051961	315.000000	0.000000	0.000000	0.000000	65.361439	0.000000	248.081791	146.863635	128.935186	180.000000	231.064814	180.000000	120.515382	270.000000	90.000000	90.000000	180.000000	180.000000	180.000000	19.470386	90.000000	0.000000	0.000000	0.000000	355.999750	0.000000	90.000000	180.000000	180.000000	180.000000	90.000000	180.000000	180.000000	187.754469	90.000000	
55.619176	72.855850	156.739727	180.000000	180.000000	90.000000	85.959388	354.433593	315.000000	0.000000	0.000000	0.000000	65.403469	0.000000	248.081791	146.863635	128.935186	180.000000	231.064814	180.000000	120.515382	270.000000	90.000000	90.000000	180.000000	180.000000	180.000000	19.514801	90.000000	0.000000	0.000000	0.000000	356.022586	0.000000	90.000000	180.000000	180.000000	180.000000	90.000000	180.000000	180.000000	179.953318	90.000000	
55.708179	72.888923	156.627422	180.000000	180.000000	90.000000	85.959388	5.969445	315.000000	0.000000	0.000000	0.000000	65.446471	0.000000	248.081791	146.863635	128.935186	180.000000	231.064814	180.000000	120.515382	270.000000	90.000000	90.000000	180.000000	180.000000	180.000000	19.561231	90.000000	0.000000	0.000000	0.000000	356.046605	0.000000	90.000000	180.000000	180.000000	180.000000	90.000000	180.000000	180.000000	187.692531	90.000000	
55.797793	72.922854	156.515279	180.000000	180.000000	90.000000	85.959388	356.045803	315.000000	0.000000	0.000000	0.000000	65.490437	0.000000	248.081791	146.863635	128.935186	180.000000	231.064814	180.000000	120.515382	270.000000	90.000000	90.000000	180.000000	180.000000	180.000000	19.609662	90.000000	0.000000	0.000000	0.000000	356.071799	0.000000	90.000000	180.000000	180.000000	180.000000	90.000000	180.000000	180.000000	179.970785	90.000000	
55.888015	72.957637	156.403319	180.000000	180.000000	90.000000	85.959388	354.432836	315.000000	0.000000	0.000000	0.000000	65.535359	0.000000	248.081791	146.863635	128.935186	180.000000	231.064814	180.000000	120.515382	270.000000	90.000000	90.000000	180.000000	180.000000	180.000000	19.660080	90.000000	0.000000	0.000000	0.000000	356.098161	0.000000	90.000000	180.000000	180.000000	180.000000	90.000000	180.000000	180.000000	187.624118	90.000000	
55.978844	72.993269	156.291562	180.000000	180.000000	90.000000	85.959388	5.915891	315.000000	0.000000	0.000000	0.000000	65.581229	0.000000	248.081791	146.863635	128.935186	180.000000	231.064814	180.000000	120.515382	270.000000	90.000000	90.000000	180.000000	180.000000	180.000000	19.712471	90.000000	0.000000	0.000000	0.000000	356.125683	0.000000	90.000000	180.000000	180.000000	180.000000	90.000000	180.000000	180.000000	179.983683	90.000000	
56.070280	73.029744	156.180028	180.000000	180.000000	90.000000	85.959388	356.042640	315.000000	0.000000	0.000000	0.000000	65.628038	0.000000	248.081791	146.863635	128.935186	180.000000	231.064814	180.000000	120.515382	270.000000	90.000000	90.000000	180.000000	180.000000	180.000000	19.766821	90.000000	0.000000	0.000000	0.000000	356.154360	0.000000	90.000000	180.000000	180.000000	180.000000	90.000000	180.000000	180.000000	187.549301	90.000000	
56.162320	73.067058	156.068738	180.000000	180.000000	90.000000	85.959388	6.129757	315.000000	0.000000	0.000000	0.000000	65.675777	0.000000	248.081791	146.863635	128.935186	180.000000	231.064814	180.000000	120.515382	270.000000	90.000000	90.000000	180.000000	180.000000	180.000000	19.823115	90.000000	0.000000	0.000000	0.000000	356.184183	0.000000	90.000000	180.000000	180.000000	180.000000	90.000000	180.000000	180.000000	179.992023	90.000000	
56.254965	73.105206	155.957712	180.000000	180.000000	90.000000	85.959388	356.060279	315.000000	0.000000	0.000000	0.000000	65.724436	0.000000	248.081791	146.863635	128.935186	180.000000	231.064814	180.000000	120.515382	270.000000	90.000000	90.000000	180.000000	180.000000	180.000000	19.881341	90.000000	0.000000	0.000000	0.000000	356.215146	0.000000	90.000000	180.000000	180.000000	180.000000	90.000000	180.000000	180.000000	187.468152	90.000000	
56.348212	73.144183	155.846972	180.000000	180.000000	90.000000	85.959388	6.082533	315.000000	0.000000	0.000000	0.000000	65.774008	0.000000	248.081791	146.863635	128.935186	180.000000	231.064814	180.000000	120.515382	270.000000	90.000000	90.000000	180.000000	180.000000	180.000000	19.941484	90.000000	0.000000	0.000000	0.000000	356.247240	0.000000	90.000000	180.000000	180.000000	180.000000	90.000000	180.000000	180.000000	179.995814	90.000000	
56.442060	73.183985	155.736538	180.000000	180.000000	90.000000	85.959388	356.040135	315.000000	0.000000	0.000000	0.000000	65.824482	0.000000	248.081791	146.863635	128.935186	180.000000	231.064814	180.000000	120.515382	270.000000	90.000000	90.000000	180.000000	180.000000	180.000000	20.003531	90.000000	0.000000	0.000000	0.000000	356.280460	0.000000	90.000000	180.000000	180.000000	180.000000	90.000000	180.000000	180.000000	187.380740	90.000000	
56.536510	73.224606	155.626432	180.000000	180.000000	90.000000	85.959388	6.031463	315.000000	0.000000	0.000000	0.000000	65.875848	0.000000	248.081791	146.863635	128.935186	180.000000	231.064814	180.000000	120.515382	270.000000	90.000000	90.000000	180.000000	180.000000	180.000000	20.067467	90.000000	0.000000	0.000000	0.000000	356.314796	0.000000	90.000000	180.000000	180.000000	180.000000	90.000000	180.000000	180.000000	179.995066	90.000000	
56.631560	73.266041	155.516676	180.000000	180.000000	90.000000	85.959388	356.024359	315.000000	0.000000	0.000000	0.000000	65.928099	0.000000	248.081791	146.863635	128.935186	180.000000	231.064814	180.000000	120.515382	270.000000	90.000000	90.000000	180.000000	180.000000	180.000000	20.133280	90.000000	0.000000	0.000000	0.000000	356.350242	0.000000	90.000000	180.000000	180.000000	180.000000	90.000000	180.000000	180.000000	178.662307	90.000000	
56.727208	73.308286	155.407290	180.000000	180.000000	90.000000	85.959388	5.983556	315.000000	0.000000	0.000000	0.000000	65.981223	0.000000	248.081791	146.863635	128.935186	180.000000	231.064814	180.000000	120.515382	270.000000	90.000000	90.000000	180.000000	180.000000	180.000000	20.200955	90.000000	0.000000	0.000000	0.000000	356.386791	0.000000	90.000000	180.000000	180.000000	180.000000	90.000000	180.000000	180.000000	187.038848	90.000000	
56.823456	73.351336	155.298297	180.000000	180.000000	90.000000	85.959388	356.014053	315.000000	0.000000	0.000000	0.000000	66.035210	0.000000	248.081791	146.863635	128.935186	180.000000	231.064814	180.000000	120.515382	270.000000	90.000000	90.000000	180.000000	180.000000	180.000000	20.270479	90.000000	0.000000	0.000000	0.000000	356.424435	0.000000	90.000000	180.000000	180.000000	180.000000	90.000000	180.000000	180.000000	179.976633	90.000000	
56.920301	73.395185	155.189719	180.000000	180.000000	90.000000	85.959388	5.939008	315.000000	0.000000	0.000000	0.000000	66.090052	0.000000	248.081791	146.863635	128.935186	180.000000	231.064814	180.000000	120.515382	270.000000	90.000000	90.000000	180.000000	180.000000	180.000000	20.341839	90.000000	0.000000	0.000000	0.000000	356.463167	0.000000	90.000000	180.000000	180.000000	180.000000	90.000000	180.000000	180.000000	178.700626	90.000000	
57.017743	73.439829	155.081577	180.000000	180.000000	90.000000	85.959388	356.009200	315.000000	0.000000	0.000000	0.000000	66.145737	0.000000	248.081791	146.863635	128.935186	180.000000	231.064814	180.000000	120.515382	270.000000	90.000000	90.000000	180.000000	180.000000	180.000000	20.415022	90.000000	0.000000	0.000000	0.000000	356.502979	0.000000	90.000000	180.000000	180.000000	180.000000	90.000000	180.000000	180.000000	178.494500	90.000000	
57.115782	73.485263	154.973894	180.000000	180.000000	90.000000	85.959388	5.897827	315.000000	0.000000	0.000000	0.000000	66.202257	0.000000	248.081791	146.863635	128.935186	180.000000	231.064814	180.000000	120.515382	270.000000	90.000000	90.000000	180.000000	180.000000	180.000000	20.490013	90.000000	0.000000	0.000000	0.000000	356.543863	0.000000	90.000000	180.000000	180.000000	180.000000	90.000000	180.000000	180.000000	178.485832	90.000000	
57.214418	73.531481	154.866692	180.000000	180.000000	90.000000	85.959388	356.009755	315.000000	0.000000	0.000000	0.000000	66.259600	0.000000	248.081791	146.863635	128.935186	180.000000	231.064814	180.000000	120.515382	270.000000	90.000000	90.000000	180.000000	180.000000	180.000000	20.566801	90.000000	0.000000	0.000000	0.000000	356.585813	0.000000	90.000000	180.000000	180.000000	180.000000	90.000000	180.000000	180.000000	178.512741	90.000000	
57.313649	73.578479	154.759992	180.000000	180.000000	90.000000	85.959388	5.860018	315.000000	0.000000	0.000000	0.000000	66.317756	0.000000	248.081791	146.863635	128.935186	180.000000	231.064814	180.000000	120.515382	270.000000	90.000000	90.000000	180.000000	180.000000	180.000000	20.645373	90.000000	0.000000	0.000000	0.000000	356.628820	0.000000	90.000000	180.000000	180.000000	180.000000	90.000000	180.000000	180.000000	178.545187	90.000000	
57.413476	73.626251	154.653819	180.000000	180.000000	90.000000	85.959388	356.015668	315.000000	0.000000	0.000000	0.000000	66.376716	0.000000	248.081791	146.863635	128.935186	180.000000	231.064814	180.000000	120.515382	270.000000	90.000000	90.000000	180.000000	180.000000	180.000000	20.725714	90.000000	0.000000	0.000000	0.000000	356.672878	0.000000	90.000000	180.000000	180.000000	180.000000	90.000000	180.000000	180.000000	178.577594	90.000000	
57.513898	73.674793	154.548194	180.000000	180.000000	90.000000	85.959388	5.825581	315.000000	0.000000	0.000000	0.000000	66.436469	0.000000	248.081791	146.863635	128.935186	180.000000	231.064814	180.000000	120.515382	270.000000	90.000000	90.000000	180.000000	180.000000	180.000000	31.409039	90.000000	0.000000	0.000000	0.000000	356.717978	0.000000	90.000000	180.000000	180.000000	180.000000	90.000000	180.000000	180.000000	178.608925	90.000000	
57.614915	73.724099	154.443139	180.000000	180.000000	90.000000	85.959388	356.026892	315.000000	0.000000	0.000000	0.000000	66.497004	0.000000	248.081791	146.863635	128.935186	180.000000	231.064814	180.000000	120.515382	270.000000	90.000000	90.000000	180.000000	180.000000	180.000000	33.640881	90.000000	0.000000	0.000000	0.000000	356.764113	0.000000	90.000000	180.000000	180.000000	180.000000	90.000000	180.000000	180.000000	178.638986	90.000000	
57.716526	73.774164	154.338678	180.000000	180.000000	90.000000	85.959388	5.794519	315.000000	0.000000	0.000000	0.000000	66.558311	0.000000	248.081791	146.863635	128.935186	180.000000	231.064814	180.000000	120.515382	270.000000	90.000000	90.000000	180.000000	180.000000	180.000000	34.084633	90.000000	0.000000	0.000000	0.000000	356.811276	0.000000	90.000000	180.000000	180.000000	180.000000	90.000000	180.000000	180.000000	178.667738	90.000000	
57.818732	73.824984	154.234833	180.000000	180.000000	90.000000	85.959388	356.043378	315.000000	0.000000	0.000000	0.000000	66.620380	0.000000	248.081791	146.863635	128.935186	180.000000	231.064814	180.000000	120.515382	270.000000	90.000000	90.000000	180.000000	180.000000	180.000000	34.148531	90.000000	0.000000	0.000000	0.000000	356.859459	0.000000	90.000000	180.000000	180.000000	180.000000	90.000000	180.000000	180.000000	178.695173	90.000000	
57.921533	73.876552	154.131627	180.000000	180.000000	90.000000	85.959388	5.766831	315.000000	0.000000	0.000000	0.000000	66.683201	0.000000	248.081791	146.863635	128.935186	180.000000	231.064814	180.000000	120.515382	270.000000	90.000000	90.000000	180.000000	180.000000	180.000000	34.132449	90.000000	0.000000	0.000000	0.000000	356.908654	0.000000	90.000000	180.000000	180.000000	180.000000	90.000000	180.000000	180.000000	178.721287	90.000000	
58.024928	73.928864	154.029083	180.000000	180.000000	90.000000	85.959388	356.065076	315.000000	0.000000	0.000000	0.000000	66.746763	0.000000	248.081791	146.863635	128.935186	180.000000	231.064814	180.000000	120.515382	270.000000	90.000000	90.000000	180.000000	180.000000	180.000000	34.100263	90.000000	0.000000	0.000000	0.000000	356.958854	0.000000	90.000000	180.000000	180.000000	180.000000	90.000000	180.000000	180.000000	178.746080	90.000000	
58.128917	73.981915	153.927223	180.000000	180.000000	90.000000	85.959388	5.742516	315.000000	0.000000	0.000000	0.000000	66.811055	0.000000	248.081791	146.863635	128.935186	180.000000	231.064814	180.000000	120.515382	270.000000	90.000000	90.000000	180.000000	180.000000	180.000000	34.065583	90.000000	0.000000	0.000000	0.000000	357.010052	0.000000	90.000000	180.000000	180.000000	180.000000	90.000000	180.000000	180.000000	178.769548	90.000000	
58.233502	74.035700	153.826070	180.000000	180.000000	90.000000	85.959388	356.091939	315.000000	0.000000	0.000000	0.000000	58.376437	0.000000	248.081791	146.863635	128.935186	180.000000	231.064814	180.000000	120.515382	270.000000	90.000000	90.000000	180.000000	180.000000	180.000000	34.031314	90.000000	0.000000	0.000000	0.000000	357.062240	0.000000	90.000000	180.000000	180.000000	180.000000	90.000000	180.000000	180.000000	178.791691	90.000000	
58.338680	74.090213	153.725647	180.000000	180.000000	90.000000	85.959388	5.721575	315.000000	0.000000	0.000000	0.000000	56.819865	0.000000	238.723751	146.863635	128.935186	180.000000	231.064814	180.000000	120.515382	270.000000	90.000000	90.000000	180.000000	180.000000	180.000000	33.998084	90.000000	0.000000	0.000000	0.000000	357.115411	0.000000	90.000000	180.000000	180.000000	180.000000	90.000000	180.000000	180.000000	182.620387	90.000000	
58.444454	74.145450	153.625976	180.000000	180.000000	90.000000	85.959388	356.123917	315.000000	0.000000	0.000000	0.000000	56.562069	0.000000	237.148905	146.863635	128.935186	180.000000	231.064814	180.000000	120.515382	270.000000	90.000000	90.000000	180.000000	180.000000	180.000000	33.966032	90.000000	0.000000	0.000000	0.000000	357.169556	0.000000	90.000000	180.000000	180.000000	180.000000	90.000000	180.000000	180.000000	183.334116	90.000000	
58.550822	74.201404	153.527082	180.000000	180.000000	90.000000	85.959388	5.704004	315.000000	0.000000	0.000000	0.000000	56.550955	0.000000	236.882760	146.863635	128.935186	180.000000	231.064814	180.000000	120.515382	270.000000	90.000000	90.000000	180.000000	180.000000	180.000000	33.935196	90.000000	0.000000	0.000000	0.000000	357.224669	0.000000	90.000000	180.000000	180.000000	180.000000	90.000000	180.000000	180.000000	183.482287	90.000000	
58.657786	74.258072	153.428986	180.000000	180.000000	90.000000	85.959388	356.160961	315.000000	0.000000	0.000000	0.000000	56.587645	0.000000	236.837776	146.863635	128.935186	180.000000	231.064814	180.000000	120.515382	270.000000	90.000000	90.000000	180.000000	180.000000	180.000000	33.905591	90.000000	0.000000	0.000000	0.000000	357.280743	0.000000	90.000000	180.000000	180.000000	180.000000	90.000000	180.000000	180.000000	183.526967	90.000000	
58.765345	74.315448	153.331710	180.000000	180.000000	90.000000	85.959388	5.689800	315.000000	0.000000	0.000000	0.000000	56.634608	0.000000	236.830172	146.863635	128.935186	180.000000	231.064814	180.000000	120.515382	270.000000	90.000000	90.000000	180.000000	180.000000	180.000000	33.877229	90.000000	0.000000	0.000000	0.000000	357.337769	0.000000	90.000000	180.000000	180.000000	180.000000	90.000000	180.000000	180.000000	183.551966	90.000000	
58.873500	74.373526	153.235279	180.000000	180.000000	90.000000	85.959388	356.203023	315.000000	0.000000	0.000000	0.000000	56.684764	0.000000	236.828887	146.863635	128.935186	180.000000	231.064814	180.000000	120.515382	270.000000	90.000000	90.000000	180.000000	180.000000	180.000000	33.850116	90.000000	0.000000	0.000000	0.000000	357.395740	0.000000	90.000000	180.000000	180.000000	180.000000	90.000000	180.000000	180.000000	183.572480	90.000000	
58.982251	74.432303	153.139714	180.000000	180.000000	90.000000	85.959388	5.678961	315.000000	0.000000	0.000000	0.000000	56.736767	0.000000	236.828670	146.863635	128.935186	180.000000	231.064814	180.000000	120.515382	270.000000	90.000000	90.000000	180.000000	180.000000	180.000000	33.824263	90.000000	0.000000	0.000000	0.000000	357.454649	0.000000	90.000000	180.000000	180.000000	180.000000	90.000000	180.000000	180.000000	183.591267	90.000000	
59.091599	74.491772	153.045038	180.000000	180.000000	90.000000	85.959388	356.250054	315.000000	0.000000	0.000000	0.000000	56.790351	0.000000	236.828633	146.863635	128.935186	180.000000	231.064814	180.000000	120.515382	270.000000	90.000000	90.000000	180.000000	180.000000	180.000000	33.799679	90.000000	0.000000	0.000000	0.000000	357.514489	0.000000	90.000000	180.000000	180.000000	180.000000	90.000000	180.000000	180.000000	183.608826	90.000000	
59.201544	74.551928	152.951273	180.000000	180.000000	90.000000	85.959388	5.671482	315.000000	0.000000	0.000000	0.000000	56.845452	0.000000	236.828627	146.863635	128.935186	180.000000	231.064814	180.000000	120.515382	270.000000	90.000000	90.000000	180.000000	180.000000	180.000000	33.776370	90.000000	0.000000	0.000000	0.000000	357.575252	0.000000	90.000000	180.000000	180.000000	180.000000	90.000000	180.000000	180.000000	183.625250	90.000000	
59.312087	74.612767	152.858442	180.000000	180.000000	90.000000	85.959388	356.302007	315.000000	0.000000	0.000000	0.000000	56.902044	0.000000	236.828626	146.863635	128.935186	180.000000	231.064814	180.000000	120.515382	270.000000	90.000000	90.000000	180.000000	180.000000	180.000000	33.754345	90.000000	0.000000	0.000000	0.000000	357.636931	0.000000	90.000000	180.000000	180.000000	180.000000	90.000000	180.000000	180.000000	183.640559	90.000000	
59.423228	74.674283	152.766567	180.000000	180.000000	90.000000	85.959388	5.667359	315.000000	0.000000	0.000000	0.000000	56.960110	0.000000	236.828626	146.863635	128.935186	180.000000	231.064814	180.000000	120.515382	270.000000	90.000000	90.000000	180.000000	180.000000	180.000000	33.733613	90.000000	0.000000	0.000000	0.000000	357.699519	0.000000	90.000000	180.000000	180.000000	180.000000	90.000000	180.000000	180.000000	183.654757	90.000000	
59.534967	74.736472	152.675671	180.000000	180.000000	90.000000	85.959388	356.358832	315.000000	0.000000	0.000000	0.000000	57.019632	0.000000	236.828626	146.863635	128.935186	180.000000	231.064814	180.000000	120.515382	270.000000	90.000000	90.000000	180.000000	180.000000	180.000000	33.714181	90.000000	0.000000	0.000000	0.000000	357.763007	0.000000	90.000000	180.000000	180.000000	180.000000	90.000000	180.000000	180.000000	183.667849	90.000000	
59.647306	74.799328	152.585775	180.000000	180.000000	90.000000	85.959388	5.666586	315.000000	0.000000	0.000000	0.000000	57.080595	0.000000	236.828626	146.863635	128.935186	180.000000	231.064814	180.000000	120.515382	270.000000	90.000000	90.000000	180.000000	180.000000	180.000000	33.696057	90.000000	0.000000	0.000000	0.000000	357.827390	0.000000	90.000000	180.000000	180.000000	180.000000	90.000000	180.000000	180.000000	183.679836	90.000000	
59.760245	74.862846	152.496901	180.000000	180.000000	90.000000	85.959388	356.420484	315.000000	0.000000	0.000000	0.000000	57.142982	0.000000	236.828626	146.863635	128.935186	180.000000	231.064814	180.000000	120.515382	270.000000	90.000000	90.000000	180.000000	180.000000	180.000000	33.679247	90.000000	0.000000	0.000000	0.000000	357.892660	0.000000	90.000000	180.000000	180.000000	180.000000	90.000000	180.000000	180.000000	183.690722	90.000000	
59.873785	74.927021	152.409071	180.000000	180.000000	90.000000	85.959388	5.669157	315.000000	0.000000	0.000000	0.000000	57.206779	0.000000	236.828626	146.863635	128.935186	180.000000	231.064814	180.000000	120.515382	270.000000	90.000000	90.000000	180.000000	180.000000	180.000000	33.663760	90.000000	0.000000	0.000000	0.000000	357.958809	0.000000	90.000000	180.000000	180.000000	180.000000	90.000000	180.000000	180.000000	183.700510	90.000000	
59.987927	74.991848	152.322308	180.000000	180.000000	90.000000	85.959388	356.486914	315.000000	0.000000	0.000000	0.000000	57.271970	0.000000	236.828626	146.863635	128.935186	180.000000	231.064814	180.000000	120.515382	270.000000	90.000000	90.000000	180.000000	180.000000	180.000000	33.649602	90.000000	0.000000	0.000000	0.000000	358.025831	0.000000	90.000000	180.000000	180.000000	180.000000	90.000000	180.000000	180.000000	183.709204	90.000000	
60.102671	75.057323	152.236632	180.000000	180.000000	90.000000	85.959388	5.675066	315.000000	0.000000	0.000000	0.000000	57.338542	0.000000	236.828626	146.863635	128.935186	180.000000	231.064814	180.000000	120.515382	270.000000	90.000000	90.000000	180.000000	180.000000	180.000000	50.510475	90.000000	0.000000	0.000000	0.000000	358.093718	0.000000	90.000000	180.000000	180.000000	180.000000	90.000000	180.000000	180.000000	183.716806	90.000000	
60.218018	75.123440	152.152064	180.000000	180.000000	90.000000	85.959388	7.194148	315.000000	0.000000	0.000000	0.000000	57.406480	0.000000	236.828626	146.863635	128.935186	180.000000	231.064814	180.000000	120.515382	270.000000	90.000000	90.000000	180.000000	180.000000	180.000000	54.138470	90.000000	0.000000	0.000000	0.000000	358.162464	0.000000	90.000000	180.000000	180.000000	180.000000	90.000000	180.000000	180.000000	183.723320	90.000000	
69.013154	75.190195	152.068627	180.000000	180.000000	90.000000	85.959388	356.801675	315.000000	0.000000	0.000000	0.000000	57.475770	0.000000	236.828626	146.863635	128.935186	180.000000	231.064814	180.000000	120.515382	270.000000	90.000000	90.000000	180.000000	180.000000	180.000000	54.896923	90.000000	0.000000	0.000000	0.000000	358.232061	0.000000	90.000000	180.000000	180.000000	180.000000	90.000000	180.000000	180.000000	183.728749	90.000000	
61.620602	66.852597	151.986341	180.000000	180.000000	90.000000	85.959388	5.695365	315.000000	0.000000	0.000000	0.000000	57.546399	0.000000	236.828626	146.863635	128.935186	180.000000	231.064814	180.000000	120.515382	270.000000	90.000000	90.000000	180.000000	180.000000	180.000000	55.023973	90.000000	0.000000	0.000000	0.000000	358.302502	0.000000	90.000000	180.000000	180.000000	180.000000	90.000000	180.000000	180.000000	183.733098	90.000000	
69.346103	65.362849	151.905228	180.000000	180.000000	90.000000	85.959388	7.167438	315.000000	0.000000	0.000000	0.000000	57.618353	0.000000	236.828626	146.863635	128.935186	180.000000	231.064814	180.000000	120.515382	270.000000	90.000000	90.000000	180.000000	180.000000	180.000000	55.012354	90.000000	0.000000	0.000000	0.000000	358.373780	0.000000	90.000000	180.000000	180.000000	180.000000	90.000000	180.000000	180.000000	183.736370	90.000000	
61.846820	65.134214	151.825307	180.000000	180.000000	90.000000	85.959388	356.876388	315.000000	0.000000	0.000000	0.000000	57.691620	0.000000	236.828626	146.863635	128.935186	180.000000	231.064814	180.000000	120.515382	270.000000	90.000000	90.000000	180.000000	180.000000	180.000000	54.970626	90.000000	0.000000	0.000000	0.000000	358.445889	0.000000	90.000000	180.000000	180.000000	180.000000	90.000000	180.000000	180.000000	183.738568	90.000000	
69.486751	65.139247	151.746599	180.000000	180.000000	90.000000	85.959388	5.681603	315.000000	0.000000	0.000000	0.000000	57.766188	0.000000	236.828626	146.863635	128.935186	180.000000	231.064814	180.000000	120.515382	270.000000	90.000000	90.000000	180.000000	180.000000	180.000000	54.922713	90.000000	0.000000	0.000000	0.000000	358.518821	0.000000	90.000000	180.000000	180.000000	180.000000	90.000000	180.000000	180.000000	183.739697	90.000000	
70.786338	65.188425	159.277450	180.000000	180.000000	90.000000	85.959388	7.141042	315.000000	0.000000	0.000000	0.000000	57.842043	0.000000	236.828626	146.863635	128.935186	180.000000	231.064814	180.000000	120.515382	270.000000	90.000000	90.000000	180.000000	180.000000	180.000000	54.873893	90.000000	0.000000	0.000000	0.000000	358.592569	0.000000	90.000000	180.000000	180.000000	180.000000	90.000000	180.000000	180.000000	183.739761	90.000000	
71.035574	65.246821	160.803337	180.000000	180.000000	90.000000	85.959388	7.362043	315.000000	0.000000	0.000000	0.000000	57.919176	0.000000	236.828626	146.863635	128.935186	180.000000	231.064814	180.000000	120.515382	270.000000	90.000000	90.000000	180.000000	180.000000	180.000000	54.825336	90.000000	0.000000	0.000000	0.000000	358.667127	0.000000	90.000000	180.000000	180.000000	180.000000	90.000000	180.000000	180.000000	183.738763	90.000000	
71.110885	65.307998	161.054458	180.000000	180.000000	90.000000	85.959388	7.374039	315.000000	0.000000	0.000000	0.000000	57.997573	0.000000	236.828626	146.863635	128.935186	180.000000	231.064814	180.000000	120.515382	270.000000	90.000000	90.000000	180.000000	180.000000	180.000000	54.777308	90.000000	0.000000	0.000000	0.000000	358.742488	0.000000	90.000000	180.000000	180.000000	180.000000	90.000000	180.000000	180.000000	183.736709	90.000000	
71.157988	65.370764	161.034298	180.000000	180.000000	90.000000	85.959388	7.351407	315.000000	0.000000	0.000000	0.000000	58.077224	0.000000	236.828626	146.863635	128.935186	180.000000	231.064814	180.000000	120.515382	270.000000	90.000000	90.000000	180.000000	180.000000	180.000000	54.729875	90.000000	0.000000	0.000000	0.000000	358.818645	0.000000	90.000000	180.000000	180.000000	180.000000	90.000000	180.000000	180.000000	183.733602	90.000000	
71.201090	65.434891	160.956663	180.000000	180.000000	90.000000	85.959388	7.323689	315.000000	0.000000	0.000000	0.000000	58.158118	0.000000	236.828626	146.863635	128.935186	180.000000	231.064814	180.000000	120.515382	270.000000	90.000000	90.000000	180.000000	180.000000	180.000000	54.683059	90.000000	0.000000	0.000000	0.000000	358.895591	0.000000	90.000000	180.000000	180.000000	180.000000	90.000000	180.000000	180.000000	183.729446	90.000000	
71.244205	65.500329	160.867171	180.000000	180.000000	90.000000	85.959388	7.295891	315.000000	0.000000	0.000000	0.000000	58.240245	0.000000	236.828626	146.863635	128.935186	180.000000	231.064814	180.000000	120.515382	270.000000	90.000000	90.000000	180.000000	180.000000	180.000000	54.636872	90.000000	0.000000	0.000000	0.000000	358.973320	0.000000	90.000000	180.000000	180.000000	180.000000	90.000000	180.000000	180.000000	183.724247	90.000000	
71.287998	65.567059	160.775582	180.000000	180.000000	90.000000	85.959388	7.268864	315.000000	0.000000	0.000000	0.000000	58.323594	0.000000	236.828626	146.863635	128.935186	180.000000	231.064814	180.000000	120.515382	270.000000	90.000000	90.000000	180.000000	180.000000	180.000000	54.591326	90.000000	0.000000	0.000000	0.000000	359.051825	0.000000	90.000000	180.000000	180.000000	180.000000	90.000000	180.000000	180.000000	183.718008	90.000000	
71.332578	65.635069	160.683996	180.000000	180.000000	90.000000	85.959388	7.242753	315.000000	0.000000	0.000000	0.000000	58.408156	0.000000	236.828626	146.863635	128.935186	180.000000	231.064814	180.000000	120.515382	270.000000	90.000000	90.000000	180.000000	180.000000	180.000000	54.546428	90.000000	0.000000	0.000000	0.000000	359.131100	0.000000	90.000000	180.000000	180.000000	180.000000	90.000000	180.000000	180.000000	183.710735	90.000000	
72.260340	65.704349	160.592875	180.000000	180.000000	90.000000	85.959388	7.217585	315.000000	0.000000	0.000000	0.000000	58.493921	0.000000	236.828626	146.863635	128.935186	180.000000	231.064814	180.000000	120.515382	270.000000	90.000000	90.000000	180.000000	180.000000	180.000000	54.502190	90.000000	0.000000	0.000000	0.000000	359.211137	0.000000	90.000000	180.000000	180.000000	180.000000	90.000000	180.000000	180.000000	183.702431	90.000000	
72.427425	65.774886	160.502335	180.000000	180.000000	90.000000	85.959388	7.193365	315.000000	0.000000	0.000000	0.000000	58.580879	0.000000	236.828626	146.863635	128.935186	180.000000	231.064814	180.000000	120.515382	270.000000	90.000000	90.000000	180.000000	180.000000	180.000000	54.458620	90.000000	0.000000	0.000000	0.000000	359.291931	0.000000	90.000000	180.000000	180.000000	180.000000	90.000000	180.000000	180.000000	183.693102	90.000000	
72.470320	65.846673	160.412412	180.000000	180.000000	90.000000	85.959388	7.170096	315.000000	0.000000	0.000000	0.000000	58.669021	0.000000	236.828626	146.863635	128.935186	180.000000	231.064814	180.000000	120.515382	270.000000	90.000000	90.000000	180.000000	180.000000	180.000000	54.415729	90.000000	0.000000	0.000000	0.000000	359.373474	0.000000	90.000000	180.000000	180.000000	180.000000	90.000000	180.000000	180.000000	183.682752	90.000000	
72.493460	65.919697	160.323129	180.000000	180.000000	90.000000	85.959388	7.147779	315.000000	0.000000	0.000000	0.000000	58.758340	0.000000	236.828626	146.863635	128.935186	180.000000	231.064814	180.000000	120.515382	270.000000	90.000000	90.000000	180.000000	180.000000	180.000000	54.373524	90.000000	0.000000	0.000000	0.000000	359.455761	0.000000	90.000000	180.000000	180.000000	180.000000	90.000000	180.000000	180.000000	183.671386	90.000000	
72.513961	65.993950	160.234505	180.000000	180.000000	90.000000	85.959388	7.126417	315.000000	0.000000	0.000000	0.000000	58.848825	0.000000	236.828626	146.863635	128.935186	180.000000	231.064814	180.000000	120.515382	270.000000	90.000000	90.000000	180.000000	180.000000	180.000000	54.332016	90.000000	0.000000	0.000000	0.000000	359.538785	0.000000	90.000000	180.000000	180.000000	180.000000	90.000000	180.000000	180.000000	183.659010	90.000000	
72.534622	66.069420	160.146557	180.000000	180.000000	90.000000	85.959388	7.106011	315.000000	0.000000	0.000000	0.000000	58.940470	0.000000	236.828626	146.863635	128.935186	180.000000	231.064814	180.000000	120.515382	270.000000	90.000000	90.000000	180.000000	180.000000	180.000000	54.291214	90.000000	0.000000	0.000000	0.000000	359.622540	0.000000	90.000000	180.000000	180.000000	180.000000	90.000000	180.000000	180.000000	183.645628	90.000000	
72.555898	66.146100	160.059303	180.000000	180.000000	90.000000	85.959388	7.086561	315.000000	0.000000	0.000000	0.000000	59.033266	0.000000	236.828626	146.863635	128.935186	180.000000	231.064814	180.000000	120.515382	270.000000	90.000000	90.000000	180.000000	180.000000	180.000000	54.251126	90.000000	0.000000	0.000000	0.000000	359.707019	0.000000	90.000000	180.000000	180.000000	180.000000	90.000000	180.000000	180.000000	183.631245	90.000000	
72.577862	66.223978	159.972761	180.000000	180.000000	90.000000	85.959388	7.068071	315.000000	0.000000	0.000000	0.000000	59.127205	0.000000	236.828626	146.863635	128.935186	180.000000	231.064814	180.000000	120.515382	270.000000	90.000000	90.000000	180.000000	180.000000	180.000000	54.211763	90.000000	0.000000	0.000000	0.000000	359.792215	0.000000	90.000000	180.000000	180.000000	180.000000	90.000000	180.000000	180.000000	183.615866	90.000000	
72.600523	66.303046	159.886946	180.000000	180.000000	90.000000	85.959388	7.050540	315.000000	0.000000	0.000000	0.000000	59.222281	0.000000	236.828626	146.863635	128.935186	180.000000	231.064814	180.000000	120.515382	270.000000	90.000000	90.000000	180.000000	180.000000	180.000000	54.173132	90.000000	0.000000	0.000000	0.000000	359.878124	0.000000	90.000000	180.000000	180.000000	180.000000	90.000000	180.000000	180.000000	183.599496	90.000000	
72.623880	66.383293	159.801878	180.000000	180.000000	90.000000	85.959388	7.033970	315.000000	0.000000	0.000000	0.000000	59.318485	0.000000	236.828626	146.863635	128.935186	180.000000	231.064814	180.000000	120.515382	270.000000	90.000000	90.000000	180.000000	180.000000	180.000000	54.135243	90.000000	0.000000	0.000000	0.000000	359.964739	0.000000	90.000000	180.000000	180.000000	180.000000	90.000000	180.000000	180.000000	183.582141	90.000000	
72.647930	66.464712	159.717572	180.000000	180.000000	90.000000	85.959388	7.018362	315.000000	0.000000	0.000000	0.000000	59.415811	0.000000	236.828626	146.863635	128.935186	180.000000	231.064814	180.000000	120.515382	270.000000	90.000000	90.000000	180.000000	180.000000	180.000000	54.098104	90.000000	0.000000	0.000000	0.000000	0.052053	0.000000	90.000000	180.000000	180.000000	180.000000	90.000000	180.000000	180.000000	183.563806	90.000000	
72.672670	66.547293	159.634047	180.000000	180.000000	90.000000	85.959388	7.003718	315.000000	0.000000	0.000000	0.000000	59.514253	0.000000	236.828626	146.863635	128.935186	180.000000	231.064814	180.000000	120.515382	270.000000	90.000000	90.000000	180.000000	180.000000	180.000000	54.061724	90.000000	0.000000	0.000000	0.000000	0.140060	0.000000	90.000000	180.000000	180.000000	180.000000	90.000000	180.000000	180.000000	183.544496	90.000000	
72.698098	66.631028	159.551318	180.000000	180.000000	90.000000	85.959388	0.318975	315.000000	0.000000	0.000000	0.000000	59.613803	0.000000	236.828626	146.863635	128.935186	180.000000	231.064814	180.000000	120.515382	270.000000	90.000000	90.000000	180.000000	180.000000	180.000000	54.026112	90.000000	0.000000	0.000000	0.000000	0.228754	0.000000	90.000000	180.000000	180.000000	180.000000	90.000000	180.000000	180.000000	183.524217	90.000000	
72.724210	66.715906	159.469403	180.000000	180.000000	90.000000	85.959388	359.217608	315.000000	0.000000	0.000000	0.000000	59.714456	0.000000	236.828626	146.863635	128.935186	180.000000	231.064814	180.000000	120.515382	270.000000	90.000000	90.000000	180.000000	180.000000	180.000000	53.991277	90.000000	0.000000	0.000000	0.000000	0.318130	0.000000	90.000000	180.000000	180.000000	180.000000	90.000000	180.000000	180.000000	183.502973	90.000000	
72.751004	66.801921	159.388318	180.000000	180.000000	90.000000	85.959388	359.028722	315.000000	0.000000	0.000000	0.000000	59.816205	0.000000	236.828626	146.863635	128.935186	180.000000	231.064814	180.000000	120.515382	270.000000	90.000000	90.000000	180.000000	180.000000	180.000000	53.957226	90.000000	0.000000	0.000000	0.000000	0.408182	0.000000	90.000000	180.000000	180.000000	180.000000	90.000000	180.000000	180.000000	183.519056	90.000000	
72.778476	66.889063	159.308079	180.000000	180.000000	90.000000	85.959388	358.989832	315.000000	0.000000	0.000000	0.000000	59.919046	0.000000	236.828626	146.863635	128.935186	180.000000	231.064814	180.000000	120.515382	270.000000	90.000000	90.000000	180.000000	180.000000	180.000000	53.923969	90.000000	0.000000	0.000000	0.000000	0.498902	0.000000	90.000000	180.000000	180.000000	180.000000	90.000000	180.000000	180.000000	183.597903	90.000000	
72.806623	66.977324	159.228704	180.000000	180.000000	90.000000	85.959388	358.976128	315.000000	0.000000	0.000000	0.000000	60.022971	0.000000	236.828626	146.863635	128.935186	180.000000	231.064814	180.000000	120.515382	270.000000	90.000000	90.000000	180.000000	180.000000	180.000000	53.891513	90.000000	0.000000	0.000000	0.000000	0.590286	0.000000	90.000000	180.000000	180.000000	180.000000	90.000000	180.000000	180.000000	183.686229	90.000000	
72.835442	67.066696	159.150208	180.000000	180.000000	90.000000	85.959388	358.967186	315.000000	0.000000	0.000000	0.000000	60.127976	0.000000	236.828626	146.863635	128.935186	180.000000	231.064814	180.000000	120.515382	270.000000	90.000000	90.000000	180.000000	180.000000	180.000000	53.859867	90.000000	0.000000	0.000000	0.000000	0.682328	0.000000	90.000000	180.000000	180.000000	180.000000	90.000000	180.000000	180.000000	183.774490	90.000000	
72.864929	67.157171	159.072607	180.000000	180.000000	90.000000	85.959388	358.959663	315.000000	0.000000	0.000000	0.000000	60.234056	0.000000	236.828626	146.863635	128.935186	180.000000	231.064814	180.000000	120.515382	270.000000	90.000000	90.000000	180.000000	180.000000	180.000000	53.829039	90.000000	0.000000	0.000000	0.000000	0.775021	0.000000	90.000000	180.000000	180.000000	180.000000	90.000000	180.000000	180.000000	183.860971	90.000000	
72.895082	67.248741	158.995918	180.000000	180.000000	90.000000	85.959388	358.953012	315.000000	0.000000	0.000000	0.000000	60.341206	0.000000	236.828626	146.863635	128.935186	180.000000	231.064814	180.000000	120.515382	270.000000	90.000000	90.000000	180.000000	180.000000	180.000000	53.799037	90.000000	0.000000	0.000000	0.000000	0.868361	0.000000	90.000000	180.000000	180.000000	180.000000	90.000000	180.000000	180.000000	183.945364	90.000000	
72.925897	67.341399	158.920155	180.000000	180.000000	90.000000	85.959388	358.947142	315.000000	0.000000	0.000000	0.000000	60.449421	0.000000	236.828626	146.863635	128.935186	180.000000	231.064814	180.000000	120.515382	270.000000	90.000000	90.000000	180.000000	180.000000	180.000000	53.769869	90.000000	0.000000	0.000000	0.000000	0.962340	0.000000	90.000000	180.000000	180.000000	180.000000	90.000000	180.000000	180.000000	184.027613	90.000000	
72.957372	67.435136	158.845335	180.000000	180.000000	90.000000	85.959388	358.942036	315.000000	0.000000	0.000000	0.000000	60.558696	0.000000	236.828626	146.863635	128.935186	180.000000	231.064814	180.000000	120.515382	270.000000	90.000000	90.000000	180.000000	180.000000	180.000000	53.741543	90.000000	0.000000	0.000000	0.000000	1.056954	0.000000	90.000000	180.000000	180.000000	180.000000	90.000000	180.000000	180.000000	184.107705	90.000000	
72.989502	67.529946	158.771472	180.000000	180.000000	90.000000	85.959388	358.937689	315.000000	0.000000	0.000000	0.000000	60.669028	0.000000	236.828626	146.863635	128.935186	180.000000	231.064814	180.000000	120.515382	270.000000	90.000000	90.000000	180.000000	180.000000	180.000000	53.714066	90.000000	0.000000	0.000000	0.000000	1.152198	0.000000	90.000000	180.000000	180.000000	180.000000	90.000000	180.000000	180.000000	184.185639	90.000000	
73.022284	67.625820	158.698583	180.000000	180.000000	90.000000	85.959388	358.934100	315.000000	0.000000	0.000000	0.000000	60.780411	0.000000	236.828626	146.863635	128.935186	180.000000	231.064814	180.000000	120.515382	270.000000	90.000000	90.000000	180.000000	180.000000	180.000000	53.687446	90.000000	0.000000	0.000000	0.000000	1.248064	0.000000	90.000000	180.000000	180.000000	180.000000	90.000000	180.000000	180.000000	184.261415	90.000000	
73.055715	67.722752	158.626681	180.000000	180.000000	90.000000	85.959388	358.875287	315.000000	0.000000	0.000000	0.000000	60.892842	0.000000	236.828626	146.863635	128.935186	180.000000	231.064814	180.000000	120.515382	270.000000	90.000000	90.000000	180.000000	180.000000	180.000000	53.661692	90.000000	0.000000	0.000000	0.000000	10.455243	0.000000	90.000000	180.000000	180.000000	180.000000	90.000000	180.000000	180.000000	184.335032	90.000000	
73.089792	67.820735	158.555782	180.000000	180.000000	90.000000	85.959388	358.774271	315.000000	0.000000	0.000000	0.000000	61.006318	0.000000	236.828626	146.863635	128.935186	180.000000	231.064814	180.000000	120.515382	270.000000	90.000000	90.000000	180.000000	180.000000	180.000000	53.636810	90.000000	0.000000	0.000000	0.000000	3.066757	0.000000	90.000000	180.000000	180.000000	180.000000	90.000000	180.000000	180.000000	184.406494	90.000000	
73.124511	67.919762	158.485901	180.000000	180.000000	90.000000	85.959388	358.667558	315.000000	0.000000	0.000000	0.000000	61.120833	0.000000	236.828626	146.863635	128.935186	180.000000	231.064814	180.000000	120.515382	270.000000	90.000000	90.000000	180.000000	180.000000	180.000000	53.612807	90.000000	0.000000	0.000000	0.000000	1.781176	0.000000	90.000000	180.000000	180.000000	180.000000	90.000000	180.000000	180.000000	184.475800	90.000000	
73.159870	68.019825	158.417051	180.000000	180.000000	90.000000	85.959388	358.561180	315.000000	0.000000	0.000000	0.000000	61.236386	0.000000	236.828626	146.863635	128.935186	180.000000	231.064814	180.000000	120.515382	270.000000	90.000000	90.000000	180.000000	180.000000	180.000000	53.589692	90.000000	0.000000	0.000000	0.000000	10.638185	0.000000	90.000000	180.000000	180.000000	180.000000	90.000000	180.000000	180.000000	184.542954	90.000000	
73.195863	81.553356	158.349247	180.000000	180.000000	90.000000	85.959388	358.456138	315.000000	0.000000	0.000000	0.000000	61.352972	0.000000	236.828626	146.863635	128.935186	180.000000	231.064814	180.000000	120.515382	270.000000	90.000000	90.000000	180.000000	180.000000	180.000000	53.567472	90.000000	0.000000	0.000000	0.000000	3.280601	0.000000	90.000000	180.000000	180.000000	180.000000	90.000000	180.000000	180.000000	184.607959	90.000000	
73.232489	70.517959	158.282502	180.000000	180.000000	90.000000	85.959388	358.352607	315.000000	0.000000	0.000000	0.000000	61.470589	0.000000	236.828626	146.863635	128.935186	180.000000	231.064814	180.000000	120.515382	270.000000	90.000000	90.000000	180.000000	180.000000	180.000000	53.546153	90.000000	0.000000	0.000000	0.000000	2.004310	0.000000	90.000000	180.000000	180.000000	180.000000	90.000000	180.000000	180.000000	184.670817	90.000000	
73.269743	68.660754	158.216832	180.000000	180.000000	90.000000	85.959388	358.250621	315.000000	0.000000	0.000000	0.000000	61.589233	0.000000	236.828626	146.863635	128.935186	180.000000	231.064814	180.000000	120.515382	270.000000	90.000000	90.000000	180.000000	180.000000	180.000000	53.525743	90.000000	0.000000	0.000000	0.000000	10.763624	0.000000	90.000000	180.000000	180.000000	180.000000	90.000000	180.000000	180.000000	184.731534	90.000000	
73.307622	81.713164	158.152248	180.000000	180.000000	90.000000	85.959388	358.150192	315.000000	0.000000	0.000000	0.000000	61.708902	0.000000	236.828626	146.863635	128.935186	180.000000	231.064814	180.000000	120.515382	270.000000	90.000000	90.000000	180.000000	180.000000	180.000000	53.506248	90.000000	0.000000	0.000000	0.000000	3.489168	0.000000	90.000000	180.000000	180.000000	180.000000	90.000000	180.000000	180.000000	184.790112	90.000000	
73.346123	70.727437	158.088764	180.000000	180.000000	90.000000	85.959388	358.051329	315.000000	0.000000	0.000000	0.000000	61.829593	0.000000	236.828626	146.863635	128.935186	180.000000	231.064814	180.000000	120.515382	270.000000	90.000000	90.000000	180.000000	180.000000	180.000000	53.487676	90.000000	0.000000	0.000000	0.000000	11.083172	0.000000	90.000000	180.000000	180.000000	180.000000	90.000000	180.000000	180.000000	184.846558	90.000000	
73.385242	68.887521	158.026394	180.000000	180.000000	90.000000	85.959388	357.954038	315.000000	0.000000	0.000000	0.000000	61.951303	0.000000	236.828626	146.863635	128.935186	180.000000	231.064814	180.000000	120.515382	270.000000	90.000000	90.000000	180.000000	180.000000	180.000000	53.470034	90.000000	0.000000	0.000000	0.000000	3.654637	0.000000	90.000000	180.000000	180.000000	180.000000	90.000000	180.000000	180.000000	184.900875	90.000000	
73.424976	81.801058	157.965150	180.000000	180.000000	90.000000	85.959388	357.858326	315.000000	0.000000	0.000000	0.000000	62.074030	0.000000	236.828626	146.863635	128.935186	180.000000	231.064814	180.000000	120.515382	270.000000	90.000000	90.000000	180.000000	180.000000	180.000000	53.453327	90.000000	0.000000	0.000000	0.000000	11.156278	0.000000	90.000000	180.000000	180.000000	180.000000	90.000000	180.000000	180.000000	184.953071	90.000000	
73.465321	70.933636	157.905045	180.000000	180.000000	90.000000	85.959388	357.764198	315.000000	0.000000	0.000000	0.000000	62.197771	0.000000	236.828626	146.863635	128.935186	180.000000	231.064814	180.000000	120.515382	270.000000	90.000000	90.000000	180.000000	180.000000	180.000000	53.437564	90.000000	0.000000	0.000000	0.000000	3.777274	0.000000	90.000000	180.000000	180.000000	180.000000	90.000000	180.000000	180.000000	185.003150	90.000000	
73.506273	82.197474	157.846090	180.000000	180.000000	90.000000	85.959388	357.671660	315.000000	0.000000	0.000000	0.000000	62.322525	0.000000	236.828626	146.863635	128.935186	180.000000	231.064814	180.000000	120.515382	270.000000	90.000000	90.000000	180.000000	180.000000	180.000000	53.422749	90.000000	0.000000	0.000000	0.000000	11.221462	0.000000	90.000000	180.000000	180.000000	180.000000	90.000000	180.000000	180.000000	185.051120	90.000000	
73.547829	71.111037	157.788299	180.000000	180.000000	90.000000	85.959388	357.580716	315.000000	0.000000	0.000000	0.000000	62.448290	0.000000	236.828626	146.863635	128.935186	180.000000	231.064814	180.000000	120.515382	270.000000	90.000000	90.000000	180.000000	180.000000	180.000000	53.408890	90.000000	0.000000	0.000000	0.000000	3.900867	0.000000	90.000000	180.000000	180.000000	180.000000	90.000000	180.000000	180.000000	185.096987	90.000000	
73.589986	82.243661	157.731683	180.000000	180.000000	90.000000	85.959388	357.491372	315.000000	0.000000	0.000000	0.000000	62.575064	0.000000	236.828626	146.863635	128.935186	180.000000	231.064814	180.000000	120.515382	270.000000	90.000000	90.000000	180.000000	180.000000	180.000000	53.395994	90.000000	0.000000	0.000000	0.000000	11.286909	0.000000	90.000000	180.000000	180.000000	180.000000	90.000000	180.000000	180.000000	185.140759	90.000000	
73.632740	71.232029	157.676253	180.000000	180.000000	90.000000	85.959388	357.403631	315.000000	0.000000	0.000000	0.000000	62.702844	0.000000	236.828626	146.863635	128.935186	180.000000	231.064814	180.000000	120.515382	270.000000	90.000000	90.000000	180.000000	180.000000	180.000000	53.384065	90.000000	0.000000	0.000000	0.000000	4.026883	0.000000	90.000000	180.000000	180.000000	180.000000	90.000000	180.000000	180.000000	185.182442	90.000000	
73.676086	82.282173	157.622021	180.000000	180.000000	90.000000	85.959388	357.317497	315.000000	0.000000	0.000000	0.000000	62.831629	0.000000	236.828626	146.863635	128.935186	180.000000	231.064814	180.000000	120.515382	270.000000	90.000000	90.000000	180.000000	180.000000	180.000000	53.373111	90.000000	0.000000	0.000000	0.000000	11.352884	0.000000	90.000000	180.000000	180.000000	180.000000	90.000000	180.000000	180.000000	185.222046	90.000000	
73.720023	71.356037	157.568997	180.000000	180.000000	90.000000	85.959388	357.232974	315.000000	0.000000	0.000000	0.000000	62.961419	0.000000	236.828626	146.863635	128.935186	180.000000	231.064814	180.000000	120.515382	270.000000	90.000000	90.000000	180.000000	180.000000	180.000000	53.363137	90.000000	0.000000	0.000000	0.000000	4.155336	0.000000	90.000000	180.000000	180.000000	180.000000	90.000000	180.000000	180.000000	185.259577	90.000000	
73.764546	82.324269	157.517194	180.000000	180.000000	90.000000	85.959388	357.150064	315.000000	0.000000	0.000000	0.000000	63.092210	0.000000	236.828626	146.863635	128.935186	180.000000	231.064814	180.000000	120.515382	270.000000	90.000000	90.000000	180.000000	180.000000	180.000000	53.354149	90.000000	0.000000	0.000000	0.000000	11.419381	0.000000	90.000000	180.000000	180.000000	180.000000	90.000000	180.000000	180.000000	185.295046	90.000000	
73.809651	71.484950	157.466620	180.000000	180.000000	90.000000	85.959388	357.068770	315.000000	0.000000	0.000000	0.000000	63.224003	0.000000	236.828626	146.863635	128.935186	180.000000	231.064814	180.000000	120.515382	270.000000	90.000000	90.000000	180.000000	180.000000	180.000000	53.346154	90.000000	0.000000	0.000000	0.000000	0.225744	0.000000	90.000000	180.000000	180.000000	180.000000	90.000000	180.000000	180.000000	185.328459	90.000000	
73.855335	82.370305	157.417288	180.000000	180.000000	90.000000	85.959388	356.989094	315.000000	0.000000	0.000000	0.000000	63.356796	0.000000	236.828626	146.863635	128.935186	180.000000	231.064814	180.000000	120.515382	270.000000	90.000000	90.000000	180.000000	180.000000	180.000000	53.339157	90.000000	0.000000	0.000000	0.000000	6.450827	0.000000	90.000000	180.000000	180.000000	180.000000	90.000000	180.000000	180.000000	185.359827	90.000000	
73.901595	71.618772	157.369205	180.000000	180.000000	90.000000	85.959388	356.911037	315.000000	0.000000	0.000000	0.000000	63.490588	0.000000	236.828626	146.863635	128.935186	180.000000	231.064814	180.000000	120.515382	270.000000	90.000000	90.000000	180.000000	180.000000	180.000000	53.333163	90.000000	0.000000	0.000000	0.000000	7.610941	0.000000	90.000000	180.000000	180.000000	180.000000	90.000000	180.000000	180.000000	185.389158	90.000000	
73.948427	82.420283	157.322383	198.261151	180.000000	90.000000	85.959388	356.834602	315.000000	0.000000	0.000000	0.000000	63.625379	0.000000	236.828626	146.863635	128.935186	180.000000	231.064814	180.000000	120.515382	270.000000	90.000000	90.000000	180.000000	180.000000	180.000000	53.328179	90.000000	0.000000	0.000000	0.000000	7.827544	0.000000	90.000000	180.000000	180.000000	180.000000	90.000000	180.000000	180.000000	185.416463	90.000000	
73.995826	71.757444	157.276831	201.299809	180.000000	90.000000	85.959388	356.759788	315.000000	0.000000	0.000000	0.000000	63.761166	0.000000	236.828626	146.863635	128.935186	180.000000	231.064814	180.000000	120.515382	270.000000	90.000000	90.000000	180.000000	180.000000	180.000000	53.324209	90.000000	0.000000	0.000000	0.000000	7.867991	0.000000	90.000000	180.000000	180.000000	180.000000	90.000000	180.000000	180.000000	185.441751	90.000000	
74.043790	82.474190	157.232558	201.813597	180.000000	90.000000	85.959388	356.686598	315.000000	0.000000	0.000000	0.000000	72.587321	0.000000	236.828626	146.863635	128.935186	180.000000	231.064814	180.000000	120.515382	270.000000	90.000000	90.000000	180.000000	180.000000	180.000000	53.321259	90.000000	0.000000	0.000000	0.000000	7.875544	0.000000	90.000000	180.000000	180.000000	180.000000	90.000000	180.000000	180.000000	185.465031	90.000000	
74.092315	71.900910	157.189573	201.900512	180.000000	90.000000	85.959388	356.615030	315.000000	0.000000	0.000000	0.000000	65.463298	0.000000	236.828626	146.863635	128.935186	180.000000	231.064814	180.000000	120.515382	270.000000	90.000000	90.000000	180.000000	180.000000	180.000000	53.319335	90.000000	0.000000	0.000000	0.000000	7.876954	0.000000	90.000000	180.000000	180.000000	180.000000	90.000000	180.000000	180.000000	185.486315	90.000000	
74.141398	82.532013	157.147885	201.915215	180.000000	90.000000	85.959388	356.545085	315.000000	0.000000	0.000000	0.000000	72.997310	0.000000	236.828626	146.863635	128.935186	180.000000	231.064814	180.000000	120.515382	270.000000	90.000000	90.000000	180.000000	180.000000	180.000000	53.318440	90.000000	0.000000	0.000000	0.000000	7.877217	0.000000	90.000000	180.000000	180.000000	180.000000	90.000000	180.000000	180.000000	185.505612	90.000000	
74.191034	72.049113	157.107502	201.917703	180.000000	90.000000	85.959388	356.476763	315.000000	0.000000	0.000000	0.000000	65.726502	0.000000	236.828626	146.863635	128.935186	180.000000	231.064814	180.000000	120.515382	270.000000	90.000000	90.000000	180.000000	180.000000	180.000000	53.318582	90.000000	0.000000	0.000000	0.000000	7.877267	0.000000	90.000000	180.000000	180.000000	180.000000	90.000000	180.000000	180.000000	185.522933	90.000000	
74.241221	82.593739	157.068432	201.918124	180.000000	90.000000	85.959388	356.410063	315.000000	0.000000	0.000000	0.000000	73.130377	0.000000	236.828626	146.863635	128.935186	180.000000	231.064814	180.000000	120.515382	270.000000	90.000000	90.000000	180.000000	180.000000	180.000000	53.319763	90.000000	0.000000	0.000000	0.000000	7.877276	0.000000	90.000000	180.000000	180.000000	180.000000	90.000000	180.000000	180.000000	185.538288	90.000000	
74.291954	72.201999	157.030684	201.918195	180.000000	90.000000	85.959388	356.344984	315.000000	0.000000	0.000000	0.000000	65.946806	0.000000	236.828626	146.863635	128.935186	180.000000	231.064814	180.000000	120.515382	270.000000	90.000000	90.000000	180.000000	180.000000	180.000000	53.321990	90.000000	0.000000	0.000000	0.000000	7.877278	0.000000	90.000000	180.000000	180.000000	180.000000	90.000000	180.000000	180.000000	185.551689	90.000000	
74.343230	82.659353	156.994264	201.918207	180.000000	90.000000	85.959388	356.281525	315.000000	0.000000	0.000000	0.000000	73.258586	0.000000	236.828626	146.863635	128.935186	180.000000	231.064814	180.000000	120.515382	270.000000	90.000000	90.000000	180.000000	180.000000	180.000000	53.325266	90.000000	0.000000	0.000000	0.000000	7.877278	0.000000	90.000000	180.000000	180.000000	180.000000	90.000000	180.000000	180.000000	185.563147	90.000000	
74.395045	72.359516	156.959181	201.918209	180.000000	90.000000	85.959388	356.219684	315.000000	0.000000	0.000000	0.000000	74.702453	0.000000	236.828626	146.863635	128.935186	180.000000	231.064814	180.000000	120.515382	270.000000	90.000000	90.000000	180.000000	180.000000	180.000000	53.329597	90.000000	0.000000	0.000000	0.000000	7.877278	0.000000	90.000000	180.000000	180.000000	180.000000	90.000000	180.000000	180.000000	185.572672	90.000000	
74.447396	82.728842	156.925441	201.918209	180.000000	90.000000	85.959388	356.159458	315.000000	0.000000	0.000000	0.000000	75.003304	0.000000	236.828626	146.863635	128.935186	180.000000	231.064814	180.000000	120.515382	270.000000	90.000000	90.000000	180.000000	180.000000	180.000000	53.334987	90.000000	0.000000	0.000000	0.000000	7.877278	0.000000	90.000000	180.000000	180.000000	180.000000	90.000000	180.000000	180.000000	185.580277	90.000000	
74.500280	72.521613	156.893051	201.918209	180.000000	90.000000	85.959388	356.100847	315.000000	0.000000	0.000000	0.000000	75.081843	0.000000	236.828626	146.863635	128.935186	180.000000	231.064814	180.000000	120.515382	270.000000	90.000000	90.000000	180.000000	180.000000	180.000000	53.341440	90.000000	0.000000	0.000000	0.000000	7.877278	0.000000	90.000000	180.000000	180.000000	180.000000	90.000000	180.000000	180.000000	185.585971	90.000000	
74.553692	82.802192	156.862018	201.918209	180.000000	90.000000	85.959388	356.043847	315.000000	0.000000	0.000000	0.000000	75.118057	0.000000	236.828626	146.863635	128.935186	180.000000	231.064814	180.000000	120.515382	270.000000	90.000000	90.000000	180.000000	180.000000	180.000000	53.348961	90.000000	0.000000	0.000000	0.000000	7.877278	0.000000	90.000000	180.000000	180.000000	180.000000	90.000000	180.000000	180.000000	185.589767	90.000000	
74.607629	72.688242	156.832349	201.918209	180.000000	90.000000	85.959388	355.988457	315.000000	0.000000	0.000000	0.000000	75.147104	0.000000	236.828626	146.863635	128.935186	180.000000	231.064814	180.000000	120.515382	270.000000	90.000000	90.000000	180.000000	180.000000	180.000000	53.357553	90.000000	0.000000	0.000000	0.000000	7.877278	0.000000	90.000000	180.000000	180.000000	180.000000	90.000000	180.000000	180.000000	185.591676	90.000000	
74.662088	82.879388	156.804048	201.918209	180.000000	90.000000	85.959388	355.934671	315.000000	0.000000	0.000000	0.000000	75.175844	0.000000	236.828626	146.863635	128.935186	180.000000	231.064814	180.000000	120.515382	270.000000	90.000000	90.000000	180.000000	180.000000	180.000000	53.367221	90.000000	0.000000	0.000000	0.000000	7.877278	0.000000	90.000000	180.000000	180.000000	180.000000	90.000000	180.000000	180.000000	185.591711	90.000000	
74.717065	84.804098	156.777122	201.918209	180.000000	90.000000	85.959388	355.882489	315.000000	0.000000	0.000000	0.000000	75.205610	0.000000	236.828626	146.863635	128.935186	180.000000	231.064814	180.000000	120.515382	270.000000	90.000000	90.000000	180.000000	180.000000	180.000000	53.377969	90.000000	0.000000	0.000000	0.000000	7.877278	0.000000	90.000000	180.000000	180.000000	180.000000	90.000000	180.000000	180.000000	185.589881	90.000000	
74.772556	73.231921	156.751577	201.918209	180.000000	90.000000	85.959388	355.831906	315.000000	0.000000	0.000000	0.000000	75.236661	0.000000	236.828626	146.863635	128.935186	180.000000	231.064814	180.000000	120.515382	270.000000	90.000000	90.000000	180.000000	180.000000	180.000000	53.389800	90.000000	0.000000	0.000000	0.000000	7.877278	0.000000	90.000000	180.000000	180.000000	180.000000	90.000000	180.000000	180.000000	185.586200	90.000000	
74.828558	83.022001	156.727418	201.918209	180.000000	90.000000	85.959388	355.782918	315.000000	0.000000	0.000000	0.000000	75.269044	0.000000	236.828626	146.863635	128.935186	180.000000	231.064814	180.000000	120.515382	270.000000	90.000000	90.000000	180.000000	180.000000	180.000000	53.402718	90.000000	0.000000	0.000000	0.000000	7.877278	0.000000	90.000000	180.000000	180.000000	180.000000	90.000000	180.000000	180.000000	185.580680	90.000000	
74.885068	84.871626	156.704649	201.918209	180.000000	90.000000	87.309658	355.735521	315.000000	0.000000	0.000000	0.000000	75.580246	0.000000	236.828626	146.863635	128.935186	180.000000	231.064814	180.000000	120.515382	270.000000	90.000000	90.000000	180.000000	180.000000	180.000000	53.416726	90.000000	0.000000	0.000000	0.000000	7.877278	0.000000	90.000000	180.000000	180.000000	180.000000	90.000000	180.000000	180.000000	185.573331	90.000000	
74.942081	85.216221	156.683276	201.918209	180.000000	90.000000	87.538305	355.689712	315.000000	0.000000	0.000000	0.000000	75.645280	0.000000	236.828626	146.863635	128.935186	180.000000	231.064814	180.000000	120.515382	270.000000	90.000000	90.000000	180.000000	180.000000	180.000000	53.431827	90.000000	0.000000	0.000000	0.000000	7.877278	0.000000	90.000000	180.000000	180.000000	180.000000	90.000000	180.000000	180.000000	185.564166	90.000000	
74.999595	85.274906	156.663303	201.918209	180.000000	90.000000	87.577028	355.645486	315.000000	0.000000	0.000000	0.000000	75.663974	0.000000	236.828626	146.863635	128.935186	180.000000	231.064814	180.000000	120.515382	270.000000	90.000000	90.000000	180.000000	180.000000	180.000000	53.448026	90.000000	0.000000	0.000000	0.000000	7.877278	0.000000	90.000000	180.000000	180.000000	180.000000	90.000000	180.000000	180.000000	185.553197	90.000000	
75.057606	85.280081	156.644735	201.918209	180.000000	90.000000	87.583586	355.602838	315.000000	0.000000	0.000000	0.000000	75.674728	0.000000	236.828626	146.863635	128.935186	180.000000	231.064814	180.000000	120.515382	270.000000	90.000000	90.000000	180.000000	180.000000	180.000000	53.465324	90.000000	0.000000	0.000000	0.000000	7.877278	0.000000	90.000000	180.000000	180.000000	180.000000	90.000000	180.000000	180.000000	185.540436	90.000000	
75.116111	85.276041	156.627575	201.918209	180.000000	90.000000	87.584697	355.561764	315.000000	0.000000	0.000000	0.000000	75.684910	0.000000	236.828626	146.863635	128.935186	180.000000	231.064814	180.000000	120.515382	270.000000	90.000000	90.000000	180.000000	180.000000	180.000000	53.483726	90.000000	0.000000	0.000000	0.000000	7.877278	0.000000	90.000000	180.000000	180.000000	180.000000	90.000000	180.000000	180.000000	185.525894	90.000000	
75.175105	85.271223	156.611826	201.918209	180.000000	90.000000	87.584885	355.522258	315.000000	0.000000	0.000000	0.000000	75.695928	0.000000	236.828626	146.863635	128.935186	180.000000	231.064814	180.000000	120.515382	270.000000	90.000000	90.000000	180.000000	180.000000	180.000000	53.503233	90.000000	0.000000	0.000000	0.000000	7.877278	0.000000	90.000000	180.000000	180.000000	180.000000	90.000000	180.000000	180.000000	185.509584	90.000000	
75.234586	85.267236	156.597494	201.918209	180.000000	90.000000	87.584917	355.484317	315.000000	0.000000	0.000000	0.000000	75.708049	0.000000	236.828626	146.863635	128.935186	180.000000	231.064814	180.000000	120.515382	270.000000	90.000000	90.000000	180.000000	180.000000	180.000000	53.523848	90.000000	0.000000	0.000000	0.000000	7.877278	0.000000	90.000000	180.000000	180.000000	180.000000	90.000000	180.000000	180.000000	185.491518	90.000000	
75.294551	85.264384	156.584580	201.918209	180.000000	90.000000	87.584922	355.447933	315.000000	0.000000	0.000000	0.000000	75.721320	0.000000	236.828626	146.863635	128.935186	180.000000	231.064814	180.000000	120.515382	270.000000	90.000000	90.000000	180.000000	180.000000	180.000000	53.545573	90.000000	0.000000	0.000000	0.000000	7.877278	0.000000	90.000000	180.000000	180.000000	180.000000	90.000000	180.000000	180.000000	185.471708	90.000000	
75.354995	85.262727	156.573089	201.918209	180.000000	90.000000	87.584923	355.413102	315.000000	0.000000	0.000000	0.000000	75.735746	0.000000	236.828626	146.863635	128.935186	180.000000	231.064814	180.000000	120.515382	270.000000	90.000000	90.000000	180.000000	180.000000	180.000000	53.568412	90.000000	0.000000	0.000000	0.000000	7.877278	0.000000	90.000000	180.000000	180.000000	180.000000	90.000000	180.000000	180.000000	185.450166	90.000000	
75.415915	85.262274	156.563022	201.918209	180.000000	90.000000	87.584923	355.379818	315.000000	0.000000	0.000000	0.000000	75.751324	0.000000	236.828626	146.863635	128.935186	180.000000	231.064814	180.000000	120.515382	270.000000	90.000000	90.000000	180.000000	180.000000	180.000000	53.592366	90.000000	0.000000	0.000000	0.000000	7.877278	0.000000	90.000000	180.000000	180.000000	180.000000	90.000000	180.000000	180.000000	185.426903	90.000000	
75.477308	85.263028	156.554382	201.918209	180.000000	90.000000	87.584923	355.348076	315.000000	0.000000	0.000000	0.000000	75.768048	0.000000	236.828626	146.863635	128.935186	180.000000	231.064814	180.000000	120.515382	270.000000	90.000000	90.000000	180.000000	180.000000	180.000000	53.617436	90.000000	0.000000	0.000000	0.000000	7.877278	0.000000	90.000000	180.000000	180.000000	180.000000	90.000000	180.000000	180.000000	185.401932	90.000000	
75.539171	85.264988	156.547172	201.918209	180.000000	90.000000	87.584923	355.317869	315.000000	0.000000	0.000000	0.000000	75.785915	0.000000	236.828626	146.863635	128.935186	180.000000	231.064814	180.000000	120.515382	270.000000	90.000000	90.000000	180.000000	180.000000	180.000000	53.643626	90.000000	0.000000	0.000000	0.000000	7.877278	0.000000	90.000000	180.000000	180.000000	180.000000	90.000000	180.000000	180.000000	185.375265	90.000000	
67.219530	85.268154	156.541394	201.918209	180.000000	90.000000	87.584923	355.289191	315.000000	0.000000	0.000000	0.000000	75.804917	0.000000	236.828626	146.863635	128.935186	180.000000	231.064814	180.000000	120.515382	270.000000	90.000000	90.000000	180.000000	180.000000	180.000000	53.670935	90.000000	0.000000	0.000000	0.000000	7.877278	0.000000	90.000000	180.000000	180.000000	180.000000	90.000000	180.000000	180.000000	185.346913	90.000000	
65.912749	85.272525	156.537049	201.918209	180.000000	90.000000	87.584923	355.262036	315.000000	0.000000	0.000000	0.000000	75.825050	0.000000	236.828626	146.863635	128.935186	180.000000	231.064814	180.000000	120.515382	270.000000	90.000000	90.000000	180.000000	180.000000	180.000000	53.699367	90.000000	0.000000	0.000000	0.000000	7.877278	0.000000	90.000000	180.000000	180.000000	180.000000	90.000000	180.000000	180.000000	185.316888	90.000000	
65.744714	85.278101	156.534139	201.918209	180.000000	90.000000	87.584923	355.236399	315.000000	0.000000	0.000000	0.000000	75.846309	0.000000	236.828626	146.863635	128.935186	180.000000	231.064814	180.000000	120.515382	270.000000	90.000000	90.000000	180.000000	180.000000	180.000000	53.728921	90.000000	0.000000	0.000000	0.000000	7.877278	0.000000	90.000000	180.000000	180.000000	180.000000	90.000000	180.000000	180.000000	185.285202	90.000000	
65.762736	85.284880	156.532666	201.918209	180.000000	90.000000	87.584923	355.212271	315.000000	0.000000	0.000000	0.000000	75.868687	0.000000	236.828626	146.863635	128.935186	180.000000	231.064814	180.000000	120.515382	270.000000	90.000000	90.000000	180.000000	180.000000	180.000000	53.759600	90.000000	0.000000	0.000000	0.000000	7.877278	0.000000	90.000000	180.000000	180.000000	180.000000	90.000000	180.000000	180.000000	185.251868	90.000000	
65.811838	85.292862	156.532631	201.918209	180.000000	90.000000	87.584923	355.189647	315.000000	0.000000	0.000000	0.000000	75.073318	0.000000	236.828626	146.863635	128.935186	180.000000	231.064814	180.000000	120.515382	270.000000	90.000000	90.000000	180.000000	180.000000	180.000000	53.791404	90.000000	0.000000	0.000000	0.000000	7.877278	0.000000	90.000000	180.000000	180.000000	180.000000	90.000000	180.000000	180.000000	185.216896	90.000000	
65.866832	85.302045	156.534035	201.918209	180.000000	90.000000	87.584923	355.168520	315.000000	0.000000	0.000000	0.000000	75.765885	0.000000	236.828626	146.863635	128.935186	180.000000	231.064814	180.000000	120.515382	270.000000	90.000000	90.000000	180.000000	180.000000	180.000000	53.824333	90.000000	0.000000	0.000000	0.000000	7.877278	0.000000	90.000000	180.000000	180.000000	180.000000	90.000000	180.000000	180.000000	185.180299	90.000000	
65.923622	85.312429	156.536878	201.918209	180.000000	90.000000	87.584923	355.148884	315.000000	0.000000	0.000000	0.000000	74.894911	0.000000	236.828626	146.863635	128.935186	180.000000	231.064814	180.000000	120.515382	270.000000	90.000000	90.000000	180.000000	180.000000	180.000000	53.858388	90.000000	0.000000	0.000000	0.000000	7.877278	0.000000	90.000000	180.000000	180.000000	180.000000	90.000000	180.000000	180.000000	176.413824	90.000000	
65.981536	85.324012	156.541162	201.918209	180.000000	90.000000	87.584923	355.130730	315.000000	0.000000	0.000000	0.000000	75.779867	0.000000	236.828626	146.863635	128.935186	180.000000	231.064814	180.000000	120.515382	270.000000	90.000000	90.000000	180.000000	180.000000	180.000000	53.893570	90.000000	0.000000	0.000000	0.000000	7.877278	0.000000	90.000000	180.000000	180.000000	180.000000	90.000000	180.000000	180.000000	183.607492	90.000000	
66.040462	85.336794	156.546886	201.918209	180.000000	90.000000	87.584923	355.114054	315.000000	0.000000	0.000000	0.000000	74.745685	0.000000	236.828626	146.863635	128.935186	180.000000	231.064814	180.000000	120.515382	270.000000	90.000000	90.000000	180.000000	180.000000	180.000000	53.929878	90.000000	0.000000	0.000000	0.000000	7.877278	0.000000	90.000000	180.000000	180.000000	180.000000	90.000000	180.000000	180.000000	184.864016	90.000000	
66.100374	85.350772	156.554051	201.918209	180.000000	90.000000	87.584923	355.098846	315.000000	0.000000	0.000000	0.000000	75.803841	0.000000	236.828626	146.863635	128.935186	180.000000	231.064814	180.000000	120.515382	270.000000	90.000000	90.000000	180.000000	180.000000	180.000000	53.967312	90.000000	0.000000	0.000000	0.000000	7.877278	0.000000	90.000000	180.000000	180.000000	180.000000	90.000000	180.000000	180.000000	176.433823	90.000000	
66.161262	85.309534	156.562656	201.918209	180.000000	90.000000	87.584923	355.085101	315.000000	0.000000	0.000000	0.000000	74.605027	0.000000	236.828626	146.863635	128.935186	180.000000	231.064814	180.000000	120.515382	270.000000	90.000000	90.000000	180.000000	180.000000	180.000000	54.005873	90.000000	0.000000	0.000000	0.000000	7.877278	0.000000	90.000000	180.000000	180.000000	180.000000	90.000000	180.000000	180.000000	183.575799	90.000000	
66.223119	85.211150	156.572702	201.918209	180.000000	90.000000	87.584923	355.072810	315.000000	0.000000	0.000000	0.000000	75.833867	0.000000	236.828626	146.863635	128.935186	180.000000	231.064814	180.000000	120.515382	270.000000	90.000000	90.000000	180.000000	180.000000	180.000000	54.045559	90.000000	0.000000	0.000000	0.000000	7.877278	0.000000	90.000000	180.000000	180.000000	180.000000	90.000000	180.000000	180.000000	176.264573	90.000000	
66.285939	85.103691	156.584188	201.918209	180.000000	90.000000	87.584923	355.061968	315.000000	0.000000	0.000000	0.000000	76.089922	0.000000	236.828626	146.863635	128.935186	180.000000	231.064814	180.000000	120.515382	270.000000	90.000000	90.000000	180.000000	180.000000	180.000000	54.086369	90.000000	0.000000	0.000000	0.000000	7.877278	0.000000	90.000000	180.000000	180.000000	180.000000	90.000000	180.000000	180.000000	183.538267	90.000000	
66.349713	81.663579	156.597113	201.918209	180.000000	90.000000	87.584923	355.052565	315.000000	0.000000	0.000000	0.000000	74.449661	0.000000	236.828626	146.863635	128.935186	180.000000	231.064814	180.000000	120.515382	270.000000	90.000000	90.000000	180.000000	180.000000	180.000000	54.128304	90.000000	0.000000	0.000000	0.000000	7.877278	0.000000	90.000000	180.000000	180.000000	180.000000	90.000000	180.000000	180.000000	176.320075	90.000000	
66.414436	81.422370	156.611477	201.918209	180.000000	90.000000	87.584923	355.044596	315.000000	0.000000	0.000000	0.000000	75.894357	0.000000	236.828626	146.863635	131.392419	180.000000	231.064814	180.000000	120.515382	270.000000	90.000000	90.000000	180.000000	180.000000	180.000000	54.171360	90.000000	0.000000	0.000000	0.000000	7.877278	0.000000	90.000000	180.000000	180.000000	180.000000	90.000000	180.000000	180.000000	183.534403	90.000000	
66.480102	81.382839	156.627278	201.918209	180.000000	90.000000	87.584923	355.038052	315.000000	0.000000	0.000000	0.000000	76.192355	0.000000	236.828626	146.863635	131.807487	180.000000	231.064814	180.000000	120.515382	270.000000	90.000000	90.000000	180.000000	180.000000	180.000000	54.215538	90.000000	0.000000	0.000000	0.000000	7.877278	0.000000	90.000000	180.000000	180.000000	180.000000	90.000000	180.000000	180.000000	176.378351	90.000000	
66.546702	81.381119	156.644515	201.918209	180.000000	90.000000	87.584923	355.032925	315.000000	0.000000	0.000000	0.000000	76.277525	0.000000	236.828626	146.863635	131.877622	180.000000	231.064814	180.000000	120.515382	270.000000	90.000000	90.000000	180.000000	180.000000	180.000000	54.260836	90.000000	0.000000	0.000000	0.000000	7.877278	0.000000	90.000000	180.000000	180.000000	180.000000	90.000000	180.000000	180.000000	183.524601	90.000000	
66.614232	81.387125	156.663188	201.918209	180.000000	90.000000	87.584923	355.029209	315.000000	0.000000	0.000000	0.000000	76.323915	0.000000	236.828626	146.863635	131.889473	180.000000	231.064814	180.000000	120.515382	270.000000	90.000000	90.000000	180.000000	180.000000	180.000000	54.307251	90.000000	0.000000	0.000000	0.000000	7.877278	0.000000	90.000000	180.000000	180.000000	180.000000	90.000000	180.000000	180.000000	176.432146	90.000000	
66.682684	80.492248	156.683294	201.918209	180.000000	90.000000	87.584923	355.026896	315.000000	0.000000	0.000000	0.000000	76.363929	0.000000	236.828626	146.863635	131.891476	180.000000	231.064814	180.000000	120.515382	270.000000	90.000000	90.000000	180.000000	180.000000	180.000000	54.354781	90.000000	0.000000	0.000000	0.000000	7.877278	0.000000	90.000000	180.000000	180.000000	180.000000	90.000000	180.000000	180.000000	183.507636	90.000000	
66.752053	80.237598	156.704831	201.918209	180.000000	90.000000	87.584923	355.025978	315.000000	0.000000	0.000000	0.000000	76.403587	0.000000	236.828626	146.863635	131.891814	180.000000	231.064814	180.000000	120.515382	270.000000	90.000000	90.000000	180.000000	180.000000	180.000000	54.403425	90.000000	0.000000	0.000000	0.000000	7.877278	0.000000	90.000000	180.000000	180.000000	180.000000	90.000000	180.000000	180.000000	176.481220	90.000000	
66.822333	80.104837	156.727799	201.918209	180.000000	90.000000	87.584923	355.026447	315.000000	0.000000	0.000000	0.000000	76.444001	0.000000	236.828626	146.863635	131.891871	180.000000	231.064814	180.000000	120.515382	270.000000	90.000000	90.000000	180.000000	180.000000	180.000000	54.453179	90.000000	0.000000	0.000000	0.000000	7.877278	0.000000	90.000000	180.000000	180.000000	180.000000	90.000000	180.000000	180.000000	183.483537	90.000000	
66.893516	79.996679	156.752195	201.918209	180.000000	90.000000	87.584923	355.028296	315.000000	0.000000	0.000000	0.000000	76.485373	0.000000	236.828626	146.863635	131.891881	180.000000	231.064814	180.000000	120.515382	270.000000	90.000000	90.000000	180.000000	180.000000	180.000000	54.504041	90.000000	0.000000	0.000000	0.000000	7.877278	0.000000	90.000000	180.000000	180.000000	180.000000	90.000000	180.000000	180.000000	176.525565	90.000000	
66.965598	79.894854	156.778016	201.918209	180.000000	90.000000	87.584923	355.031516	315.000000	0.000000	0.000000	0.000000	76.527734	0.000000	236.828626	146.863635	131.891883	180.000000	228.607581	180.000000	120.515382	270.000000	90.000000	90.000000	180.000000	180.000000	180.000000	54.556008	90.000000	0.000000	0.000000	0.000000	7.877278	0.000000	90.000000	180.000000	180.000000	180.000000	90.000000	180.000000	180.000000	183.452374	90.000000	
67.038572	79.795935	156.805260	201.918209	180.000000	90.000000	87.584923	355.036101	315.000000	0.000000	0.000000	0.000000	76.571084	0.000000	236.828626	146.863635	131.891883	180.000000	228.192513	180.000000	120.515382	270.000000	90.000000	90.000000	180.000000	180.000000	180.000000	54.609077	90.000000	0.000000	0.000000	0.000000	7.877278	0.000000	90.000000	180.000000	180.000000	180.000000	90.000000	180.000000	180.000000	176.565181	90.000000	
67.112432	79.699282	156.833925	201.918209	180.000000	90.000000	87.584923	355.042042	315.000000	0.000000	0.000000	0.000000	76.615418	0.000000	236.828626	146.863635	131.891883	180.000000	228.122378	180.000000	120.515382	270.000000	90.000000	90.000000	180.000000	180.000000	180.000000	54.663244	90.000000	0.000000	0.000000	0.000000	7.877278	0.000000	90.000000	180.000000	180.000000	180.000000	90.000000	180.000000	180.000000	183.414220	90.000000	
67.187173	79.604778	156.864009	201.918209	180.000000	90.000000	87.584923	355.049332	315.000000	0.000000	0.000000	0.000000	76.660729	0.000000	236.828626	146.863635	131.891883	180.000000	228.110527	180.000000	120.515382	270.000000	90.000000	90.000000	180.000000	180.000000	180.000000	54.718506	90.000000	0.000000	0.000000	0.000000	7.877278	0.000000	90.000000	180.000000	180.000000	180.000000	90.000000	180.000000	180.000000	176.600073	90.000000	
67.262789	79.512405	156.895508	201.918209	180.000000	90.000000	87.584923	355.057962	315.000000	0.000000	0.000000	0.000000	76.707009	0.000000	236.828626	146.863635	131.891883	180.000000	228.108524	180.000000	120.515382	270.000000	90.000000	90.000000	180.000000	180.000000	180.000000	54.774858	90.000000	0.000000	0.000000	0.000000	7.877278	0.000000	90.000000	180.000000	180.000000	180.000000	90.000000	180.000000	180.000000	183.369147	90.000000	
67.339275	79.422162	156.928419	201.918209	180.000000	90.000000	87.584923	355.067926	315.000000	0.000000	0.000000	0.000000	76.754253	0.000000	236.828626	146.863635	131.891883	180.000000	228.108186	180.000000	120.515382	270.000000	90.000000	90.000000	180.000000	180.000000	180.000000	54.832297	90.000000	0.000000	0.000000	0.000000	7.877278	0.000000	90.000000	180.000000	180.000000	180.000000	90.000000	180.000000	180.000000	176.630245	90.000000	
67.416625	79.334050	156.962740	201.918209	180.000000	90.000000	87.584923	355.079214	315.000000	0.000000	0.000000	0.000000	76.802452	0.000000	236.828626	146.863635	131.891883	180.000000	228.108129	180.000000	120.515382	270.000000	90.000000	90.000000	180.000000	180.000000	180.000000	54.890819	90.000000	0.000000	0.000000	0.000000	7.877278	0.000000	90.000000	180.000000	180.000000	180.000000	90.000000	180.000000	180.000000	183.317225	90.000000	
67.494834	79.248072	156.998466	201.918209	180.000000	90.000000	87.584923	355.091820	315.000000	0.000000	0.000000	0.000000	76.851599	0.000000	236.828626	146.863635	131.891883	180.000000	228.108119	180.000000	120.515382	270.000000	90.000000	90.000000	180.000000	180.000000	180.000000	62.010427	90.000000	0.000000	0.000000	0.000000	7.877278	0.000000	90.000000	180.000000	180.000000	180.000000	90.000000	180.000000	180.000000	176.655704	90.000000	
67.573896	79.164230	157.035596	201.918209	180.000000	90.000000	87.584923	355.105735	315.000000	0.000000	0.000000	0.000000	76.901688	0.000000	236.828626	146.863635	131.891883	180.000000	228.108117	180.000000	120.515382	270.000000	90.000000	90.000000	180.000000	180.000000	180.000000	63.381279	90.000000	0.000000	0.000000	0.000000	7.877278	0.000000	90.000000	180.000000	180.000000	180.000000	90.000000	180.000000	180.000000	183.258528	90.000000	
67.653805	79.082523	157.074125	201.918209	180.000000	90.000000	87.584923	355.120951	315.000000	0.000000	0.000000	0.000000	76.952711	0.000000	236.828626	146.863635	131.891883	180.000000	228.108117	180.000000	120.515382	270.000000	90.000000	90.000000	180.000000	180.000000	180.000000	63.660235	90.000000	0.000000	0.000000	0.000000	7.877278	0.000000	90.000000	180.000000	180.000000	180.000000	90.000000	180.000000	180.000000	176.676458	90.000000	
67.734558	79.002953	157.114050	201.918209	180.000000	90.000000	87.584923	355.137462	315.000000	0.000000	0.000000	0.000000	77.004662	0.000000	236.828626	146.863635	131.891883	180.000000	228.108117	180.000000	120.515382	270.000000	90.000000	90.000000	180.000000	180.000000	180.000000	63.732284	90.000000	0.000000	0.000000	0.000000	7.877278	0.000000	90.000000	180.000000	180.000000	180.000000	90.000000	180.000000	180.000000	175.503116	90.000000	
67.816149	78.925518	157.155367	201.918209	180.000000	90.000000	87.584923	355.155258	315.000000	0.000000	0.000000	0.000000	77.057532	0.000000	236.828626	146.863635	131.891883	180.000000	228.108117	180.000000	120.515382	270.000000	90.000000	90.000000	180.000000	180.000000	180.000000	63.765875	90.000000	0.000000	0.000000	0.000000	7.877278	0.000000	90.000000	180.000000	180.000000	180.000000	90.000000	180.000000	180.000000	182.981020	90.000000	
67.898572	78.850219	157.198072	201.918209	180.000000	90.000000	87.584923	355.174333	315.000000	0.000000	0.000000	0.000000	77.111315	0.000000	236.828626	146.863635	131.891883	180.000000	228.108117	180.000000	120.515382	270.000000	90.000000	90.000000	180.000000	180.000000	180.000000	63.793000	90.000000	0.000000	0.000000	0.000000	7.877278	0.000000	90.000000	180.000000	180.000000	180.000000	90.000000	180.000000	180.000000	176.691859	90.000000	
67.981824	78.777053	157.242162	201.918209	180.000000	90.000000	87.584923	355.194677	315.000000	0.000000	0.000000	0.000000	77.166004	0.000000	236.828626	146.863635	131.891883	180.000000	228.108117	180.000000	120.515382	270.000000	90.000000	90.000000	180.000000	180.000000	180.000000	63.819720	90.000000	0.000000	0.000000	0.000000	7.877278	0.000000	90.000000	180.000000	180.000000	180.000000	90.000000	180.000000	180.000000	175.569022	90.000000	
68.065898	78.706018	157.287632	201.918209	180.000000	90.000000	87.584923	355.216285	315.000000	0.000000	0.000000	0.000000	77.221591	0.000000	236.828626	146.863635	131.891883	180.000000	228.108117	180.000000	120.515382	270.000000	90.000000	90.000000	180.000000	180.000000	180.000000	63.847178	90.000000	0.000000	0.000000	0.000000	7.877278	0.000000	90.000000	180.000000	180.000000	180.000000	90.000000	180.000000	180.000000	175.397705	90.000000	
68.150791	78.637112	157.334478	201.918209	180.000000	90.000000	87.584923	355.239147	315.000000	0.000000	0.000000	0.000000	77.278069	0.000000	236.828626	141.954393	131.891883	180.000000	228.108117	180.000000	120.515382	270.000000	90.000000	90.000000	180.000000	180.000000	180.000000	63.875588	90.000000	0.000000	0.000000	0.000000	7.877278	0.000000	90.000000	180.000000	180.000000	180.000000	90.000000	180.000000	180.000000	175.401125	90.000000	
68.236497	78.570331	157.382696	201.918209	180.000000	90.000000	87.584923	6.788515	315.000000	0.000000	0.000000	0.000000	77.335432	0.000000	236.828626	141.214194	131.891883	180.000000	228.108117	180.000000	120.515382	270.000000	90.000000	90.000000	180.000000	180.000000	180.000000	63.904986	90.000000	0.000000	0.000000	0.000000	7.877278	0.000000	90.000000	180.000000	180.000000	180.000000	90.000000	180.000000	180.000000	175.435766	90.000000	
68.323013	78.505672	157.432282	201.918209	180.000000	90.000000	87.584923	357.119122	315.000000	0.000000	0.000000	0.000000	77.393671	0.000000	236.828626	141.102456	131.891883	180.000000	228.108117	180.000000	120.515382	270.000000	90.000000	90.000000	180.000000	180.000000	180.000000	63.935376	90.000000	0.000000	0.000000	0.000000	7.877278	0.000000	90.000000	180.000000	180.000000	180.000000	90.000000	180.000000	180.000000	175.475108	90.000000	
68.410332	78.443130	157.483231	201.918209	180.000000	90.000000	87.584923	355.539163	315.000000	0.000000	0.000000	0.000000	77.452780	0.000000	236.828626	141.085587	131.891883	180.000000	228.108117	180.000000	120.515382	270.000000	90.000000	90.000000	180.000000	180.000000	180.000000	63.966756	90.000000	0.000000	0.000000	0.000000	7.877278	0.000000	90.000000	180.000000	180.000000	180.000000	90.000000	180.000000	180.000000	175.514246	90.000000	
68.498452	78.382701	157.535538	201.918209	180.000000	90.000000	87.584923	6.775967	315.000000	0.000000	0.000000	0.000000	77.512752	0.000000	236.828626	141.083041	131.891883	180.000000	228.108117	180.000000	120.515382	270.000000	90.000000	90.000000	180.000000	180.000000	180.000000	63.999121	90.000000	0.000000	0.000000	0.000000	7.877278	0.000000	90.000000	180.000000	180.000000	180.000000	90.000000	180.000000	180.000000	175.552273	90.000000	
81.652423	78.324380	157.589200	201.918209	180.000000	90.000000	87.584923	357.105879	315.000000	0.000000	0.000000	0.000000	77.573579	0.000000	236.828626	141.082656	131.891883	180.000000	228.108117	180.000000	120.515382	270.000000	90.000000	90.000000	180.000000	180.000000	180.000000	64.032466	90.000000	0.000000	0.000000	0.000000	7.877278	0.000000	90.000000	180.000000	180.000000	180.000000	90.000000	180.000000	180.000000	175.589016	90.000000	
70.654411	78.268161	157.644211	201.918209	180.000000	90.000000	87.584923	355.530975	315.000000	0.000000	0.000000	0.000000	77.635255	0.000000	236.828626	141.082598	131.891883	180.000000	228.108117	180.000000	120.515382	270.000000	90.000000	90.000000	180.000000	180.000000	180.000000	64.066786	90.000000	0.000000	0.000000	0.000000	7.877278	0.000000	90.000000	180.000000	180.000000	180.000000	90.000000	180.000000	180.000000	175.624443	90.000000	
69.016129	78.214038	157.700566	201.918209	180.000000	90.000000	87.584923	6.717854	315.000000	0.000000	0.000000	0.000000	77.697772	0.000000	236.828626	141.082590	131.891883	180.000000	228.108117	180.000000	120.515382	270.000000	90.000000	90.000000	180.000000	180.000000	180.000000	64.102077	90.000000	0.000000	0.000000	0.000000	7.877278	0.000000	90.000000	180.000000	180.000000	180.000000	90.000000	180.000000	180.000000	175.658543	90.000000	
81.772941	78.162005	157.758262	201.918209	180.000000	90.000000	87.584923	357.095984	315.000000	0.000000	0.000000	0.000000	77.761123	0.000000	236.828626	141.082588	131.891883	180.000000	228.108117	180.000000	120.515382	270.000000	90.000000	90.000000	180.000000	180.000000	180.000000	64.138331	90.000000	0.000000	0.000000	0.000000	7.877278	0.000000	90.000000	180.000000	180.000000	180.000000	90.000000	180.000000	180.000000	180.228477	90.000000	
70.839573	78.112055	157.817292	201.918209	180.000000	90.000000	87.584923	6.922287	315.000000	0.000000	0.000000	0.000000	77.825301	0.000000	236.828626	141.082588	131.891883	180.000000	228.108117	180.000000	120.515382	270.000000	90.000000	90.000000	180.000000	180.000000	180.000000	64.175544	90.000000	0.000000	0.000000	0.000000	7.877278	0.000000	90.000000	180.000000	180.000000	180.000000	90.000000	180.000000	180.000000	181.079957	90.000000	
69.217839	78.064181	157.877652	201.918209	180.000000	90.000000	87.584923	357.108447	315.000000	0.000000	0.000000	0.000000	77.890299	0.000000	236.828626	141.082588	131.891883	180.000000	228.108117	180.000000	120.515382	270.000000	90.000000	90.000000	180.000000	180.000000	180.000000	64.213708	90.000000	0.000000	0.000000	0.000000	7.877278	0.000000	90.000000	180.000000	180.000000	180.000000	90.000000	180.000000	180.000000	181.258774	90.000000	
81.845315	78.018375	160.006946	201.918209	180.000000	90.000000	87.584923	6.872398	315.000000	0.000000	0.000000	0.000000	73.150284	0.000000	236.828626	141.082588	131.891883	180.000000	228.108117	180.000000	120.515382	270.000000	90.000000	90.000000	180.000000	180.000000	180.000000	64.252818	90.000000	0.000000	0.000000	0.000000	7.877278	0.000000	90.000000	180.000000	180.000000	180.000000	90.000000	180.000000	180.000000	181.315014	90.000000	
71.024563	77.974629	160.454240	201.918209	180.000000	90.000000	87.584923	357.084226	315.000000	0.000000	0.000000	0.000000	72.258519	0.000000	236.828626	141.082588	131.891883	180.000000	228.108117	180.000000	120.515382	270.000000	90.000000	90.000000	180.000000	180.000000	180.000000	64.292866	90.000000	0.000000	0.000000	0.000000	7.877278	0.000000	90.000000	180.000000	180.000000	180.000000	90.000000	180.000000	180.000000	181.348163	90.000000	
82.157160	77.932936	160.563960	201.918209	180.000000	90.000000	87.584923	6.818866	315.000000	0.000000	0.000000	0.000000	72.100512	0.000000	236.828626	141.082588	131.891883	180.000000	228.108117	180.000000	120.515382	270.000000	90.000000	90.000000	180.000000	180.000000	180.000000	64.333846	90.000000	0.000000	0.000000	0.000000	7.877278	0.000000	90.000000	180.000000	180.000000	180.000000	90.000000	180.000000	180.000000	181.376208	90.000000	
71.172035	77.893286	160.606778	201.918209	180.000000	90.000000	87.584923	357.064457	315.000000	0.000000	0.000000	0.000000	72.083786	0.000000	236.828626	141.082588	131.891883	180.000000	228.108117	180.000000	120.515382	270.000000	90.000000	90.000000	180.000000	180.000000	180.000000	64.375751	90.000000	0.000000	0.000000	0.000000	7.877278	0.000000	90.000000	180.000000	180.000000	180.000000	90.000000	180.000000	180.000000	181.402405	90.000000	
82.192176	77.855672	160.637120	201.918209	180.000000	90.000000	87.584923	6.768527	315.000000	0.000000	0.000000	0.000000	72.095530	0.000000	236.828626	141.082588	131.891883	180.000000	228.108117	180.000000	120.515382	270.000000	90.000000	90.000000	180.000000	180.000000	180.000000	64.418572	90.000000	0.000000	0.000000	0.000000	7.877278	0.000000	90.000000	180.000000	180.000000	180.000000	90.000000	180.000000	180.000000	181.427340	90.000000	
71.280354	77.820083	160.665908	201.918209	180.000000	90.000000	87.584923	357.050215	315.000000	0.000000	0.000000	0.000000	72.114271	0.000000	236.828626	141.082588	131.891883	180.000000	228.108117	180.000000	120.515382	270.000000	90.000000	90.000000	180.000000	180.000000	180.000000	64.462303	90.000000	0.000000	0.000000	0.000000	7.877278	0.000000	90.000000	180.000000	180.000000	180.000000	90.000000	180.000000	180.000000	181.451123	90.000000	
82.222985	77.786511	160.695328	201.918209	180.000000	90.000000	87.584923	6.721572	315.000000	0.000000	0.000000	0.000000	72.135913	0.000000	236.828626	141.082588	131.891883	180.000000	228.108117	180.000000	126.507465	270.000000	90.000000	90.000000	180.000000	180.000000	180.000000	64.506934	90.000000	0.000000	0.000000	0.000000	7.877278	0.000000	90.000000	180.000000	180.000000	180.000000	90.000000	180.000000	180.000000	181.473774	90.000000	
71.391439	77.754945	160.725812	201.918209	180.000000	90.000000	87.584923	357.041485	315.000000	0.000000	0.000000	0.000000	72.159664	0.000000	236.828626	141.082588	131.891883	180.000000	228.108117	180.000000	127.410432	270.000000	90.000000	90.000000	180.000000	180.000000	180.000000	64.552458	90.000000	0.000000	0.000000	0.000000	7.877278	0.000000	90.000000	180.000000	180.000000	180.000000	90.000000	180.000000	180.000000	181.495298	90.000000	
82.256658	77.725377	160.757441	201.918209	180.000000	90.000000	87.584923	6.678011	315.000000	0.000000	0.000000	0.000000	72.185362	0.000000	236.828626	141.082588	131.891883	180.000000	228.108117	180.000000	127.546743	270.000000	90.000000	90.000000	180.000000	180.000000	180.000000	64.598867	90.000000	0.000000	0.000000	0.000000	7.877278	0.000000	90.000000	180.000000	180.000000	180.000000	90.000000	180.000000	180.000000	181.515699	90.000000	
71.506334	77.697795	160.790226	201.918209	180.000000	90.000000	87.584923	357.038220	315.000000	0.000000	0.000000	0.000000	72.212964	0.000000	236.828626	141.082588	131.891883	180.000000	228.108117	180.000000	127.567322	270.000000	90.000000	90.000000	180.000000	180.000000	180.000000	64.646151	90.000000	0.000000	0.000000	0.000000	7.877278	0.000000	90.000000	180.000000	180.000000	180.000000	90.000000	180.000000	180.000000	181.534979	90.000000	
82.293369	77.672191	160.824164	201.918209	180.000000	90.000000	87.584923	6.637848	315.000000	0.000000	0.000000	0.000000	72.242448	0.000000	236.828626	141.082588	131.891883	180.000000	228.108117	180.000000	127.570428	270.000000	90.000000	90.000000	180.000000	180.000000	180.000000	64.694303	90.000000	0.000000	0.000000	0.000000	7.877278	0.000000	90.000000	180.000000	180.000000	180.000000	90.000000	180.000000	180.000000	181.553140	90.000000	
71.625027	77.648552	160.859249	201.918209	180.000000	90.000000	87.584923	357.040372	315.000000	0.000000	0.000000	0.000000	72.273799	0.000000	236.828626	141.082588	131.891883	180.000000	228.108117	180.000000	127.570898	270.000000	90.000000	90.000000	180.000000	180.000000	180.000000	64.743312	90.000000	0.000000	0.000000	0.000000	7.877278	0.000000	90.000000	180.000000	180.000000	180.000000	90.000000	180.000000	180.000000	181.570185	90.000000	
82.333118	77.626869	160.895475	201.918209	180.000000	90.000000	87.584923	6.601084	315.000000	0.000000	0.000000	0.000000	72.307000	0.000000	236.828626	141.082588	131.891883	180.000000	228.108117	180.000000	127.570968	270.000000	90.000000	90.000000	180.000000	180.000000	180.000000	64.793170	90.000000	0.000000	0.000000	0.000000	7.877278	0.000000	90.000000	180.000000	180.000000	180.000000	90.000000	180.000000	180.000000	181.586117	90.000000	
71.747478	77.607130	160.932834	201.918209	180.000000	90.000000	87.584923	357.047895	315.000000	0.000000	0.000000	0.000000	72.342036	0.000000	236.828626	141.082588	131.891883	180.000000	228.108117	180.000000	127.570979	270.000000	90.000000	90.000000	180.000000	180.000000	180.000000	64.843868	90.000000	0.000000	0.000000	0.000000	7.877278	0.000000	90.000000	180.000000	180.000000	180.000000	90.000000	180.000000	180.000000	181.600937	90.000000	
82.375897	77.589325	160.971320	201.918209	180.000000	90.000000	87.584923	6.567722	315.000000	0.000000	0.000000	0.000000	72.378893	0.000000	236.828626	141.082588	131.891883	180.000000	228.108117	180.000000	127.570981	270.000000	90.000000	90.000000	180.000000	180.000000	180.000000	64.895396	90.000000	0.000000	0.000000	0.000000	7.877278	0.000000	90.000000	180.000000	180.000000	180.000000	90.000000	180.000000	180.000000	181.614650	90.000000	
71.873648	77.573443	161.010925	201.918209	180.000000	90.000000	87.584923	357.060739	315.000000	0.000000	0.000000	0.000000	72.417555	0.000000	236.828626	141.082588	131.891883	180.000000	228.108117	180.000000	127.570981	270.000000	90.000000	90.000000	180.000000	180.000000	180.000000	64.947744	90.000000	0.000000	0.000000	0.000000	7.877278	0.000000	90.000000	180.000000	180.000000	180.000000	90.000000	180.000000	180.000000	181.627258	90.000000	
82.421699	77.559471	161.051643	201.918209	180.000000	90.000000	87.584923	6.537762	315.000000	0.000000	0.000000	0.000000	72.458008	0.000000	236.828626	141.082588	131.891883	180.000000	228.108117	180.000000	127.570981	270.000000	90.000000	90.000000	180.000000	180.000000	180.000000	65.000903	90.000000	0.000000	0.000000	0.000000	7.877278	0.000000	90.000000	180.000000	180.000000	180.000000	90.000000	180.000000	180.000000	181.638765	90.000000	
72.003499	77.547400	161.093465	201.918209	180.000000	90.000000	87.584923	357.078857	315.000000	0.000000	0.000000	0.000000	72.500235	0.000000	236.828626	141.082588	131.891883	180.000000	228.108117	180.000000	127.570981	270.000000	90.000000	90.000000	180.000000	180.000000	180.000000	65.054863	90.000000	0.000000	0.000000	0.000000	7.877278	0.000000	90.000000	180.000000	180.000000	180.000000	90.000000	180.000000	180.000000	181.649173	90.000000	
82.470515	77.537216	161.136385	201.918209	180.000000	90.000000	87.584923	6.511204	315.000000	0.000000	0.000000	0.000000	72.544223	0.000000	236.828626	141.082588	131.891883	180.000000	228.108117	180.000000	127.570981	270.000000	90.000000	90.000000	180.000000	180.000000	180.000000	65.109614	90.000000	0.000000	0.000000	0.000000	7.877278	0.000000	90.000000	180.000000	180.000000	180.000000	90.000000	180.000000	180.000000	181.658486	90.000000	
72.136996	77.528909	161.180395	201.918209	180.000000	90.000000	87.584923	357.102200	315.000000	0.000000	0.000000	0.000000	72.589958	0.000000	236.828626	141.082588	131.891883	180.000000	228.108117	180.000000	127.570981	270.000000	90.000000	90.000000	180.000000	180.000000	180.000000	65.165146	90.000000	0.000000	0.000000	0.000000	7.877278	0.000000	90.000000	180.000000	180.000000	180.000000	90.000000	180.000000	180.000000	181.666708	90.000000	
82.522338	77.522466	161.225487	201.918209	180.000000	90.000000	87.584923	6.488046	315.000000	0.000000	0.000000	0.000000	72.637424	0.000000	236.828626	141.082588	131.891883	180.000000	228.108117	180.000000	127.570981	270.000000	90.000000	90.000000	180.000000	180.000000	180.000000	65.221448	90.000000	0.000000	0.000000	0.000000	7.877278	0.000000	90.000000	180.000000	180.000000	180.000000	90.000000	180.000000	180.000000	181.673842	90.000000	
72.274101	77.517877	161.271655	201.918209	180.000000	90.000000	87.584923	357.130720	315.000000	0.000000	0.000000	0.000000	72.686607	0.000000	236.828626	141.082588	131.891883	180.000000	228.108117	180.000000	127.570981	270.000000	90.000000	90.000000	180.000000	180.000000	180.000000	65.278511	90.000000	0.000000	0.000000	0.000000	7.877278	0.000000	90.000000	180.000000	180.000000	180.000000	90.000000	180.000000	180.000000	181.679891	90.000000	
82.577159	77.515128	161.318889	201.918209	180.000000	90.000000	87.584923	6.468287	315.000000	0.000000	0.000000	0.000000	72.737493	0.000000	236.828626	141.082588	131.891883	180.000000	228.108117	180.000000	127.570981	270.000000	90.000000	90.000000	180.000000	180.000000	180.000000	65.336324	90.000000	0.000000	0.000000	0.000000	7.877278	0.000000	90.000000	180.000000	180.000000	180.000000	90.000000	180.000000	180.000000	181.684861	90.000000	
72.414780	77.514208	161.367183	201.918209	180.000000	90.000000	87.584923	357.164367	315.000000	0.000000	0.000000	0.000000	72.790068	0.000000	236.828626	141.082588	131.891883	180.000000	228.108117	180.000000	127.570981	270.000000	90.000000	90.000000	180.000000	180.000000	180.000000	65.394877	90.000000	0.000000	0.000000	0.000000	7.877278	0.000000	90.000000	180.000000	180.000000	180.000000	90.000000	180.000000	180.000000	181.688753	90.000000	
82.634969	77.515105	161.416528	201.918209	180.000000	90.000000	87.584923	6.451924	315.000000	0.000000	0.000000	0.000000	72.844319	0.000000	236.828626	141.082588	131.891883	180.000000	228.108117	180.000000	127.570981	270.000000	90.000000	90.000000	180.000000	180.000000	180.000000	65.454160	90.000000	0.000000	0.000000	0.000000	7.877278	0.000000	90.000000	180.000000	180.000000	180.000000	90.000000	180.000000	180.000000	181.691574	90.000000	
72.559001	77.517807	161.466917	201.918209	180.000000	90.000000	87.584923	357.203093	315.000000	0.000000	0.000000	0.000000	72.900231	0.000000	236.828626	141.082588	131.891883	180.000000	228.108117	180.000000	127.570981	270.000000	90.000000	90.000000	180.000000	180.000000	180.000000	65.514162	90.000000	0.000000	0.000000	0.000000	7.877278	0.000000	90.000000	180.000000	180.000000	180.000000	90.000000	180.000000	180.000000	181.693325	90.000000	
82.695761	77.522301	161.518342	201.918209	180.000000	90.000000	87.584923	6.438955	315.000000	0.000000	0.000000	0.000000	72.957790	0.000000	236.828626	141.082588	131.891883	180.000000	228.108117	180.000000	127.570981	270.000000	90.000000	90.000000	180.000000	180.000000	180.000000	65.574873	90.000000	0.000000	0.000000	0.000000	7.877278	0.000000	90.000000	180.000000	180.000000	180.000000	90.000000	180.000000	180.000000	181.694013	90.000000	
72.706730	77.528576	161.570794	201.918209	180.000000	90.000000	87.584923	357.246851	315.000000	0.000000	0.000000	0.000000	73.016984	0.000000	236.828626	141.082588	131.891883	180.000000	228.108117	180.000000	127.570981	270.000000	90.000000	90.000000	180.000000	180.000000	180.000000	65.636282	90.000000	0.000000	0.000000	0.000000	7.877278	0.000000	90.000000	180.000000	180.000000	180.000000	90.000000	180.000000	180.000000	181.693641	90.000000	
82.759524	77.536619	161.624266	201.918209	180.000000	90.000000	87.584923	6.429374	315.000000	0.000000	0.000000	0.000000	73.077799	0.000000	236.828626	141.082588	131.891883	180.000000	228.108117	180.000000	127.570981	270.000000	90.000000	90.000000	180.000000	180.000000	180.000000	55.734994	90.000000	0.000000	0.000000	0.000000	7.877278	0.000000	90.000000	180.000000	180.000000	180.000000	90.000000	180.000000	180.000000	181.692212	90.000000	
84.449720	77.546417	161.678749	201.918209	180.000000	90.000000	87.584923	357.295591	315.000000	0.000000	0.000000	0.000000	73.140221	0.000000	236.828626	141.082588	131.891883	180.000000	228.108117	180.000000	127.570981	270.000000	90.000000	90.000000	180.000000	180.000000	180.000000	53.891207	90.000000	0.000000	0.000000	0.000000	7.877278	0.000000	90.000000	180.000000	180.000000	180.000000	90.000000	180.000000	180.000000	181.689733	90.000000	
73.155237	77.557960	161.734236	201.918209	180.000000	90.000000	87.584923	6.423178	315.000000	0.000000	0.000000	0.000000	73.204239	0.000000	236.828626	141.082588	131.891883	180.000000	228.108117	180.000000	127.570981	270.000000	90.000000	90.000000	180.000000	180.000000	180.000000	53.582558	90.000000	0.000000	0.000000	0.000000	7.877278	0.000000	90.000000	180.000000	180.000000	180.000000	90.000000	180.000000	180.000000	181.686207	90.000000	
82.868344	77.571234	161.790719	201.918209	180.000000	90.000000	87.584923	357.349267	315.000000	0.000000	0.000000	0.000000	73.269838	0.000000	236.828626	141.082588	131.891883	180.000000	228.108117	180.000000	127.570981	270.000000	90.000000	90.000000	180.000000	180.000000	180.000000	53.568078	90.000000	0.000000	0.000000	0.000000	7.877278	0.000000	90.000000	180.000000	180.000000	180.000000	90.000000	180.000000	180.000000	181.681638	90.000000	
84.501919	77.586227	161.848188	201.918209	180.000000	90.000000	87.584923	6.420362	315.000000	0.000000	0.000000	0.000000	73.337007	0.000000	236.828626	141.082588	131.891883	180.000000	228.108117	180.000000	127.570981	270.000000	90.000000	90.000000	180.000000	180.000000	180.000000	53.610781	90.000000	0.000000	0.000000	0.000000	7.877278	0.000000	90.000000	180.000000	180.000000	180.000000	90.000000	180.000000	180.000000	181.676032	90.000000	
84.771939	77.602926	161.906636	201.918209	180.000000	90.000000	87.584923	357.407830	315.000000	0.000000	0.000000	0.000000	73.405732	0.000000	236.828626	141.082588	131.891883	180.000000	228.108117	180.000000	127.570981	270.000000	90.000000	90.000000	180.000000	180.000000	180.000000	53.665506	90.000000	0.000000	0.000000	0.000000	7.877278	0.000000	90.000000	180.000000	180.000000	180.000000	90.000000	180.000000	180.000000	181.669393	90.000000	
84.811339	77.621321	161.966055	201.918209	180.000000	90.000000	87.584923	6.420918	315.000000	0.000000	0.000000	0.000000	73.476002	0.000000	236.828626	141.082588	131.891883	180.000000	228.108117	180.000000	127.570981	270.000000	90.000000	90.000000	180.000000	180.000000	180.000000	53.723654	90.000000	0.000000	0.000000	0.000000	7.877278	0.000000	90.000000	180.000000	180.000000	180.000000	90.000000	180.000000	180.000000	181.661726	90.000000	
84.812389	77.641398	162.026436	201.918209	180.000000	90.000000	87.584923	7.907495	315.000000	0.000000	0.000000	0.000000	73.547804	0.000000	236.828626	141.082588	131.891883	180.000000	228.108117	180.000000	127.570981	270.000000	90.000000	90.000000	180.000000	180.000000	180.000000	53.783581	90.000000	0.000000	0.000000	0.000000	7.877278	0.000000	90.000000	180.000000	180.000000	180.000000	90.000000	180.000000	180.000000	181.653036	90.000000	
84.807712	77.663145	162.087771	201.918209	180.000000	90.000000	87.584923	357.707052	315.000000	0.000000	0.000000	0.000000	73.621126	0.000000	236.828626	141.082588	131.891883	180.000000	228.108117	180.000000	127.570981	270.000000	90.000000	90.000000	180.000000	180.000000	180.000000	53.844963	90.000000	0.000000	0.000000	0.000000	7.877278	0.000000	90.000000	180.000000	180.000000	180.000000	90.000000	180.000000	180.000000	181.643327	90.000000	
84.802843	77.686550	162.150052	201.918209	180.000000	90.000000	87.584923	6.433006	315.000000	0.000000	0.000000	0.000000	73.695957	0.000000	236.828626	141.082588	131.891883	180.000000	228.108117	180.000000	127.570981	270.000000	90.000000	90.000000	161.928641	180.000000	180.000000	53.907725	90.000000	0.000000	0.000000	0.000000	7.877278	0.000000	90.000000	180.000000	180.000000	180.000000	90.000000	180.000000	180.000000	181.632605	90.000000	
84.798719	77.711602	162.213270	201.918209	180.000000	90.000000	87.584923	7.873956	315.000000	0.000000	0.000000	0.000000	73.772284	0.000000	236.828626	141.082588	131.891883	180.000000	228.108117	180.000000	127.570981	270.000000	90.000000	90.000000	158.764736	180.000000	180.000000	53.971838	90.000000	0.000000	0.000000	0.000000	7.877278	0.000000	90.000000	180.000000	180.000000	180.000000	90.000000	180.000000	180.000000	181.620874	90.000000	
84.795500	77.738287	162.277417	201.918209	180.000000	90.000000	87.584923	357.770641	315.000000	0.000000	0.000000	0.000000	73.850096	0.000000	236.828626	141.082588	131.891883	180.000000	228.108117	180.000000	127.570981	270.000000	90.000000	90.000000	158.202128	180.000000	180.000000	54.037286	90.000000	0.000000	0.000000	0.000000	7.877278	0.000000	90.000000	180.000000	180.000000	180.000000	90.000000	180.000000	180.000000	181.608140	90.000000	
84.793211	77.766594	162.342485	201.918209	180.000000	90.000000	87.584923	6.411830	315.000000	0.000000	0.000000	0.000000	73.929382	0.000000	236.828626	141.082588	131.891883	180.000000	228.108117	180.000000	127.570981	270.000000	90.000000	90.000000	158.102033	180.000000	180.000000	54.104052	90.000000	0.000000	0.000000	0.000000	7.877278	0.000000	90.000000	180.000000	180.000000	180.000000	90.000000	180.000000	180.000000	181.594408	90.000000	
84.791858	77.796510	162.408466	201.918209	180.000000	90.000000	87.584923	7.840899	315.000000	0.000000	0.000000	0.000000	74.010131	0.000000	236.828626	141.082588	131.891883	180.000000	228.108117	180.000000	127.570981	270.000000	90.000000	90.000000	158.084224	180.000000	180.000000	54.172120	90.000000	0.000000	0.000000	0.000000	7.877278	0.000000	90.000000	180.000000	180.000000	180.000000	90.000000	180.000000	180.000000	181.579683	90.000000	
84.791441	77.828025	162.475351	201.918209	180.000000	90.000000	87.584923	8.055021	315.000000	0.000000	0.000000	0.000000	74.092330	0.000000	236.828626	141.082588	131.891883	180.000000	228.108117	180.000000	127.570981	270.000000	90.000000	90.000000	158.081056	180.000000	180.000000	54.241476	90.000000	0.000000	0.000000	0.000000	7.877278	0.000000	90.000000	180.000000	180.000000	180.000000	90.000000	180.000000	180.000000	181.563970	90.000000	
84.791960	77.861125	162.543131	201.918209	180.000000	90.000000	87.584923	8.064307	315.000000	0.000000	0.000000	0.000000	74.175971	0.000000	236.828626	141.082588	131.891883	180.000000	228.108117	180.000000	127.570981	270.000000	90.000000	90.000000	158.080492	180.000000	180.000000	54.312106	90.000000	0.000000	0.000000	0.000000	7.877278	0.000000	90.000000	180.000000	180.000000	180.000000	90.000000	180.000000	180.000000	181.547274	90.000000	
84.793414	77.895800	162.611800	201.918209	180.000000	90.000000	87.584923	8.039703	315.000000	0.000000	0.000000	0.000000	74.261041	0.000000	236.828626	141.082588	131.891883	180.000000	228.108117	180.000000	127.570981	270.000000	90.000000	90.000000	158.080391	180.000000	180.000000	54.383995	90.000000	0.000000	0.000000	0.000000	7.877278	0.000000	90.000000	180.000000	180.000000	180.000000	90.000000	180.000000	180.000000	181.529601	90.000000	
84.795803	77.932037	162.681347	201.918209	180.000000	90.000000	87.584923	8.010142	315.000000	0.000000	0.000000	0.000000	74.347530	0.000000	236.828626	141.082588	131.891883	180.000000	228.108117	180.000000	127.570981	270.000000	90.000000	90.000000	158.080374	180.000000	180.000000	54.457129	90.000000	0.000000	0.000000	0.000000	7.877278	0.000000	90.000000	180.000000	180.000000	180.000000	90.000000	180.000000	180.000000	181.510956	90.000000	
84.799127	77.969825	162.751765	201.918209	180.000000	90.000000	87.584923	7.980524	315.000000	0.000000	0.000000	0.000000	74.435428	0.000000	236.828626	141.082588	131.891883	180.000000	228.108117	180.000000	127.570981	270.000000	90.000000	90.000000	158.080370	180.000000	180.000000	54.531496	90.000000	0.000000	0.000000	0.000000	7.877278	0.000000	90.000000	180.000000	180.000000	180.000000	90.000000	180.000000	180.000000	181.491345	90.000000	
84.803384	78.009152	162.823047	201.918209	180.000000	90.000000	87.584923	7.951680	315.000000	0.000000	0.000000	0.000000	84.987584	0.000000	236.828626	141.082588	131.891883	180.000000	228.108117	180.000000	127.570981	270.000000	90.000000	90.000000	158.080370	180.000000	180.000000	54.607083	90.000000	0.000000	0.000000	0.000000	7.877278	0.000000	90.000000	180.000000	180.000000	180.000000	90.000000	180.000000	180.000000	181.470772	90.000000	
84.808574	78.050006	162.895183	201.918209	180.000000	90.000000	87.584923	7.923753	315.000000	0.000000	0.000000	0.000000	76.467202	0.000000	232.037847	141.082588	131.891883	180.000000	228.108117	180.000000	127.570981	270.000000	90.000000	90.000000	158.080370	180.000000	180.000000	54.683876	90.000000	0.000000	0.000000	0.000000	7.877278	0.000000	90.000000	180.000000	180.000000	180.000000	90.000000	180.000000	180.000000	181.490387	90.000000	
84.814698	78.092377	162.968165	201.918209	180.000000	90.000000	87.584923	7.896768	315.000000	0.000000	0.000000	0.000000	74.976089	0.000000	231.229234	141.082588	131.891883	180.000000	228.108117	180.000000	127.570981	270.000000	90.000000	90.000000	158.080370	180.000000	180.000000	54.761865	90.000000	0.000000	0.000000	0.000000	7.877278	0.000000	90.000000	180.000000	180.000000	180.000000	90.000000	180.000000	180.000000	181.569908	90.000000	
84.821752	78.136252	163.041985	201.918209	180.000000	90.000000	87.584923	7.870731	315.000000	0.000000	0.000000	0.000000	85.085757	0.000000	231.092599	141.082588	131.891883	180.000000	228.108117	180.000000	127.570981	270.000000	90.000000	90.000000	158.080370	180.000000	180.000000	54.841036	90.000000	0.000000	0.000000	0.000000	7.877278	0.000000	90.000000	180.000000	180.000000	180.000000	90.000000	180.000000	180.000000	181.658367	90.000000	
84.829738	78.181620	163.116636	201.918209	180.000000	90.000000	87.584923	7.845645	315.000000	0.000000	0.000000	0.000000	76.640219	0.000000	231.069509	141.082588	131.891883	180.000000	228.108117	180.000000	127.570981	270.000000	90.000000	90.000000	158.080370	180.000000	180.000000	54.921379	90.000000	0.000000	0.000000	0.000000	5.299082	0.000000	90.000000	180.000000	180.000000	180.000000	90.000000	180.000000	180.000000	181.746655	90.000000	
84.838654	78.228471	163.192108	201.918209	180.000000	90.000000	87.584923	7.821513	315.000000	0.000000	0.000000	0.000000	85.387391	0.000000	231.065607	141.082588	131.891883	180.000000	228.108117	180.000000	127.570981	270.000000	90.000000	90.000000	158.080370	180.000000	180.000000	55.002882	90.000000	0.000000	0.000000	0.000000	4.817895	0.000000	90.000000	180.000000	180.000000	180.000000	90.000000	180.000000	180.000000	181.833139	90.000000	
84.848500	78.276793	163.268395	201.918209	180.000000	90.000000	87.584923	7.798335	315.000000	0.000000	0.000000	0.000000	76.781240	0.000000	231.064948	141.082588	131.891883	180.000000	228.108117	180.000000	127.570981	270.000000	90.000000	90.000000	158.080370	180.000000	180.000000	55.085535	90.000000	0.000000	0.000000	0.000000	4.728055	0.000000	90.000000	180.000000	180.000000	180.000000	90.000000	180.000000	180.000000	181.917525	90.000000	
84.859273	78.326574	163.345487	201.918209	180.000000	90.000000	87.584923	7.776114	315.000000	0.000000	0.000000	0.000000	85.396467	0.000000	231.064836	141.082588	131.891883	180.000000	228.108117	180.000000	127.570981	270.000000	90.000000	90.000000	158.080370	180.000000	180.000000	55.169327	90.000000	0.000000	0.000000	0.000000	4.711280	0.000000	90.000000	180.000000	180.000000	180.000000	90.000000	180.000000	180.000000	181.999761	90.000000	
84.870974	78.377805	163.423378	201.918209	180.000000	90.000000	87.584923	7.754851	315.000000	0.000000	0.000000	0.000000	76.874656	0.000000	231.064818	141.082588	131.891883	180.000000	228.108117	180.000000	127.570981	270.000000	90.000000	90.000000	158.080370	180.000000	180.000000	55.254248	90.000000	0.000000	0.000000	0.000000	4.708148	0.000000	90.000000	180.000000	180.000000	180.000000	90.000000	180.000000	180.000000	182.079835	90.000000	
84.883602	78.430474	163.502059	201.918209	180.000000	90.000000	87.584923	7.734548	315.000000	0.000000	0.000000	0.000000	85.399948	0.000000	231.064814	141.082588	131.891883	180.000000	228.108117	180.000000	127.570981	270.000000	90.000000	90.000000	158.080370	180.000000	180.000000	55.340288	90.000000	0.000000	0.000000	0.000000	4.707563	0.000000	90.000000	180.000000	180.000000	180.000000	90.000000	180.000000	180.000000	182.157746	90.000000	
84.897154	90.844128	163.581521	201.918209	180.000000	90.000000	87.584923	7.715206	315.000000	0.000000	0.000000	0.000000	76.972822	0.000000	231.064814	141.082588	131.891883	180.000000	228.108117	180.000000	127.570981	270.000000	90.000000	90.000000	158.080370	180.000000	180.000000	55.427439	90.000000	0.000000	0.000000	0.000000	4.707454	0.000000	90.000000	180.000000	180.000000	180.000000	90.000000	180.000000	180.000000	182.233493	90.000000	
81.875599	80.709282	163.661759	201.918209	180.000000	90.000000	87.584923	7.696826	315.000000	0.000000	0.000000	0.000000	85.408038	0.000000	231.064814	141.082588	131.891883	180.000000	228.108117	180.000000	127.570981	270.000000	90.000000	90.000000	158.080370	180.000000	180.000000	55.515690	90.000000	0.000000	0.000000	0.000000	4.707433	0.000000	90.000000	180.000000	180.000000	180.000000	90.000000	180.000000	180.000000	182.307077	90.000000	
81.382010	78.906338	163.742763	201.918209	180.000000	90.000000	87.584923	7.679410	315.000000	0.000000	0.000000	0.000000	77.077520	0.000000	231.064814	141.082588	131.891883	180.000000	228.108117	180.000000	127.570981	270.000000	90.000000	90.000000	158.080370	180.000000	180.000000	55.605034	90.000000	0.000000	0.000000	0.000000	4.707430	0.000000	90.000000	180.000000	180.000000	180.000000	90.000000	180.000000	180.000000	182.378500	90.000000	
81.303365	90.892487	163.824525	201.918209	180.000000	90.000000	87.584923	0.846106	315.000000	0.000000	0.000000	0.000000	85.421089	0.000000	231.064814	141.082588	131.891883	180.000000	228.108117	180.000000	127.570981	270.000000	90.000000	90.000000	158.080370	180.000000	180.000000	55.695460	90.000000	0.000000	0.000000	0.000000	4.707429	0.000000	90.000000	180.000000	180.000000	180.000000	90.000000	180.000000	180.000000	182.447764	90.000000	
81.293348	80.771262	163.907039	201.918209	180.000000	90.000000	87.584923	359.719211	315.000000	0.000000	0.000000	0.000000	77.188738	0.000000	231.064814	141.082588	131.891883	180.000000	228.108117	180.000000	127.570981	270.000000	90.000000	90.000000	158.080370	180.000000	180.000000	55.786962	90.000000	0.000000	0.000000	0.000000	4.707429	0.000000	90.000000	180.000000	180.000000	180.000000	90.000000	180.000000	180.000000	182.514871	90.000000	
81.295205	78.978185	163.990297	201.918209	180.000000	90.000000	87.584923	359.524610	315.000000	0.000000	0.000000	0.000000	85.439099	0.000000	231.064814	141.082588	131.891883	180.000000	228.108117	180.000000	127.570981	270.000000	90.000000	90.000000	158.080370	180.000000	180.000000	55.879531	90.000000	0.000000	0.000000	0.000000	4.707429	0.000000	90.000000	180.000000	180.000000	180.000000	90.000000	180.000000	180.000000	182.579823	90.000000	
81.299641	90.872527	164.074291	201.918209	180.000000	90.000000	87.584923	359.483230	315.000000	0.000000	0.000000	0.000000	77.306398	0.000000	231.064814	141.082588	131.891883	180.000000	228.108117	180.000000	127.570981	270.000000	90.000000	90.000000	158.080370	180.000000	180.000000	55.973160	90.000000	0.000000	0.000000	0.000000	4.707429	0.000000	90.000000	180.000000	180.000000	180.000000	90.000000	180.000000	180.000000	182.642625	90.000000	
81.305131	80.833377	164.159014	201.918209	180.000000	90.000000	87.584923	359.467565	315.000000	0.000000	0.000000	0.000000	85.462053	0.000000	231.064814	141.082588	131.891883	180.000000	228.108117	180.000000	127.570981	270.000000	90.000000	90.000000	158.080370	180.000000	180.000000	56.067840	90.000000	0.000000	0.000000	0.000000	4.707429	0.000000	90.000000	180.000000	180.000000	180.000000	90.000000	180.000000	180.000000	182.703281	90.000000	
81.311426	91.175689	164.244458	201.918209	180.000000	90.000000	87.584923	359.456751	315.000000	0.000000	0.000000	0.000000	77.430425	0.000000	231.064814	141.082588	131.891883	180.000000	228.108117	180.000000	127.570981	270.000000	90.000000	90.000000	158.080370	180.000000	180.000000	56.163566	90.000000	0.000000	0.000000	0.000000	4.707429	0.000000	90.000000	180.000000	180.000000	180.000000	90.000000	180.000000	180.000000	182.761795	90.000000	
81.318481	80.909507	164.330616	201.918209	180.000000	90.000000	87.584923	359.447375	315.000000	0.000000	0.000000	0.000000	85.489935	0.000000	231.064814	141.082588	131.891883	180.000000	228.108117	180.000000	127.570981	270.000000	90.000000	90.000000	158.080370	180.000000	180.000000	56.260330	90.000000	0.000000	0.000000	0.000000	4.707429	0.000000	90.000000	180.000000	180.000000	180.000000	90.000000	180.000000	180.000000	182.818171	90.000000	
81.326289	91.151122	164.417480	201.918209	180.000000	90.000000	87.584923	359.438877	315.000000	0.000000	0.000000	0.000000	77.560744	0.000000	231.064814	141.082588	131.891883	180.000000	228.108117	180.000000	127.570981	270.000000	90.000000	90.000000	158.080370	180.000000	180.000000	56.358125	90.000000	0.000000	0.000000	0.000000	4.707429	0.000000	90.000000	180.000000	180.000000	180.000000	90.000000	180.000000	180.000000	182.872416	90.000000	
81.334844	80.932364	164.505044	201.918209	180.000000	90.000000	87.584923	359.431165	315.000000	0.000000	0.000000	0.000000	85.522728	0.000000	231.064814	141.082588	131.891883	180.000000	228.108117	180.000000	127.570981	270.000000	90.000000	90.000000	158.080370	180.000000	180.000000	56.456945	90.000000	0.000000	0.000000	0.000000	4.707429	0.000000	90.000000	180.000000	180.000000	180.000000	90.000000	180.000000	180.000000	182.924534	90.000000	
81.344144	91.119727	164.593301	201.918209	180.000000	90.000000	87.584923	359.424223	315.000000	0.000000	0.000000	0.000000	87.053572	0.000000	231.064814	141.082588	131.891883	180.000000	228.108117	180.000000	127.570981	270.000000	90.000000	90.000000	158.080370	180.000000	180.000000	56.556785	90.000000	0.000000	0.000000	0.000000	4.707429	0.000000	90.000000	180.000000	180.000000	180.000000	90.000000	180.000000	180.000000	182.974533	90.000000	
81.354187	80.959839	164.682243	201.918209	180.000000	90.000000	87.584923	359.418044	315.000000	0.000000	0.000000	0.000000	78.006646	0.000000	231.064814	141.082588	131.891883	180.000000	228.108117	180.000000	127.570981	270.000000	90.000000	90.000000	158.080370	180.000000	180.000000	56.657638	90.000000	0.000000	0.000000	0.000000	4.707429	0.000000	90.000000	180.000000	180.000000	180.000000	90.000000	180.000000	180.000000	183.022417	90.000000	
81.364970	91.092310	164.771863	201.918209	180.000000	90.000000	87.584923	359.412628	315.000000	0.000000	0.000000	0.000000	85.596640	0.000000	231.064814	141.082588	131.891883	180.000000	228.108117	180.000000	127.570981	270.000000	90.000000	90.000000	158.080370	180.000000	180.000000	56.759498	90.000000	0.000000	0.000000	0.000000	4.707429	0.000000	90.000000	180.000000	180.000000	180.000000	90.000000	180.000000	180.000000	183.068196	90.000000	
80.504715	80.993805	164.862154	201.918209	180.000000	90.000000	87.584923	359.407972	315.000000	0.000000	0.000000	0.000000	87.057428	0.000000	231.064814	141.082588	131.891883	180.000000	228.108117	180.000000	127.570981	270.000000	90.000000	90.000000	158.080370	180.000000	180.000000	56.862360	90.000000	0.000000	0.000000	0.000000	4.707429	0.000000	90.000000	180.000000	180.000000	180.000000	90.000000	180.000000	180.000000	183.111875	90.000000	
80.288282	91.069234	164.953111	201.918209	180.000000	90.000000	87.584923	359.404073	315.000000	0.000000	0.000000	0.000000	87.321526	0.000000	231.064814	141.082588	131.891883	180.000000	228.108117	180.000000	127.570981	270.000000	90.000000	90.000000	158.080370	180.000000	180.000000	56.966219	90.000000	0.000000	0.000000	0.000000	4.707429	0.000000	90.000000	180.000000	180.000000	180.000000	90.000000	180.000000	180.000000	183.153462	90.000000	
80.180316	81.034254	165.044725	201.918209	180.000000	90.000000	87.584923	359.362431	315.000000	0.000000	0.000000	0.000000	87.352257	0.000000	231.064814	141.082588	131.891883	180.000000	228.108117	180.000000	127.570981	270.000000	90.000000	90.000000	158.080370	180.000000	180.000000	57.071070	90.000000	0.000000	0.000000	0.000000	4.707429	0.000000	90.000000	180.000000	180.000000	180.000000	90.000000	180.000000	180.000000	183.192965	90.000000	
80.091755	91.050507	165.136990	201.918209	180.000000	90.000000	87.584923	359.263993	315.000000	0.000000	0.000000	0.000000	87.338433	0.000000	231.064814	141.082588	131.891883	180.000000	228.108117	180.000000	127.570981	270.000000	90.000000	90.000000	158.080370	180.000000	180.000000	57.176908	90.000000	0.000000	0.000000	0.000000	4.707429	0.000000	90.000000	180.000000	180.000000	180.000000	90.000000	180.000000	180.000000	183.230392	90.000000	
80.007778	81.081114	165.229900	201.918209	180.000000	90.000000	87.584923	359.157461	315.000000	0.000000	0.000000	0.000000	87.317062	0.000000	231.064814	141.082588	131.891883	180.000000	228.108117	180.000000	127.570981	270.000000	90.000000	90.000000	158.080370	180.000000	161.738849	57.283729	90.000000	0.000000	0.000000	0.000000	4.707429	0.000000	90.000000	180.000000	180.000000	180.000000	90.000000	180.000000	180.000000	183.265753	90.000000	
79.925918	91.036126	165.323448	201.918209	180.000000	90.000000	87.584923	359.050869	315.000000	0.000000	0.000000	0.000000	87.295394	0.000000	231.064814	141.082588	131.891883	180.000000	228.108117	180.000000	127.570981	270.000000	90.000000	90.000000	158.080370	180.000000	158.700191	57.391528	90.000000	0.000000	0.000000	0.000000	4.707429	0.000000	90.000000	180.000000	180.000000	180.000000	90.000000	180.000000	180.000000	183.299055	90.000000	
79.845768	81.134312	156.415613	201.918209	180.000000	90.000000	87.584923	358.945548	315.000000	0.000000	0.000000	0.000000	87.274852	0.000000	231.064814	141.082588	131.891883	180.000000	228.108117	180.000000	127.570981	270.000000	90.000000	90.000000	158.080370	180.000000	158.186403	57.500301	90.000000	0.000000	0.000000	0.000000	4.707429	0.000000	90.000000	180.000000	180.000000	180.000000	90.000000	180.000000	180.000000	183.330307	90.000000	
79.767262	91.026085	154.783344	201.918209	180.000000	90.000000	87.584923	358.841726	315.000000	0.000000	0.000000	0.000000	87.255715	0.000000	231.064814	141.082588	131.891883	180.000000	228.108117	180.000000	127.570981	270.000000	90.000000	90.000000	158.080370	180.000000	158.099488	57.610044	90.000000	0.000000	0.000000	0.000000	4.707429	0.000000	90.000000	180.000000	180.000000	180.000000	90.000000	180.000000	180.000000	183.359519	90.000000	
79.690389	81.193774	154.551549	201.918209	180.000000	90.000000	87.584923	358.739447	315.000000	0.000000	0.000000	0.000000	87.238038	0.000000	231.064814	141.082588	131.891883	180.000000	228.108117	180.000000	127.570981	270.000000	90.000000	90.000000	158.080370	180.000000	158.084785	57.720754	90.000000	0.000000	0.000000	0.000000	4.707429	0.000000	90.000000	180.000000	180.000000	180.000000	90.000000	180.000000	180.000000	183.386701	90.000000	
79.615150	91.020377	154.590797	201.918209	180.000000	90.000000	87.584923	358.638724	315.000000	0.000000	0.000000	0.000000	87.221833	0.000000	231.064814	141.082588	131.891883	180.000000	228.108117	180.000000	127.570981	270.000000	90.000000	90.000000	158.080370	180.000000	158.082297	57.832426	90.000000	0.000000	0.000000	0.000000	4.707429	0.000000	90.000000	180.000000	180.000000	180.000000	90.000000	180.000000	180.000000	183.411862	90.000000	
79.541546	81.259428	154.683322	201.918209	180.000000	90.000000	87.584923	358.539566	315.000000	0.000000	0.000000	0.000000	87.207103	0.000000	231.064814	141.082588	131.891883	180.000000	228.108117	180.000000	127.570981	270.000000	90.000000	90.000000	158.080370	180.000000	158.081876	57.945058	90.000000	0.000000	0.000000	0.000000	4.707429	0.000000	90.000000	180.000000	180.000000	180.000000	90.000000	180.000000	180.000000	183.435012	90.000000	
79.469577	91.018994	154.787186	201.918209	180.000000	90.000000	87.584923	358.441980	315.000000	0.000000	0.000000	0.000000	87.193849	0.000000	231.064814	141.082588	131.891883	180.000000	228.108117	180.000000	127.570981	270.000000	90.000000	90.000000	158.080370	180.000000	158.081805	58.058645	90.000000	0.000000	0.000000	0.000000	4.707429	0.000000	90.000000	180.000000	180.000000	180.000000	90.000000	180.000000	180.000000	183.456161	90.000000	
79.399243	81.331202	154.894315	201.918209	180.000000	90.000000	87.584923	358.345972	315.000000	0.000000	0.000000	0.000000	87.182070	0.000000	231.064814	141.082588	131.891883	180.000000	228.108117	180.000000	127.570981	270.000000	90.000000	90.000000	158.080370	180.000000	158.081793	58.173186	90.000000	0.000000	0.000000	0.000000	4.707429	0.000000	90.000000	180.000000	180.000000	180.000000	90.000000	180.000000	180.000000	183.475320	90.000000	
79.330546	91.021928	155.003149	201.918209	180.000000	90.000000	87.584923	358.251548	315.000000	0.000000	0.000000	0.000000	87.171767	0.000000	231.064814	141.082588	131.891883	180.000000	228.108117	180.000000	127.570981	270.000000	90.000000	90.000000	158.080370	180.000000	158.081791	58.288677	90.000000	0.000000	0.000000	0.000000	4.707429	0.000000	90.000000	180.000000	180.000000	180.000000	90.000000	180.000000	180.000000	183.492499	90.000000	
79.263485	81.409026	155.113383	201.918209	180.000000	90.000000	87.584923	358.158714	315.000000	0.000000	0.000000	0.000000	87.162941	0.000000	231.064814	141.082588	131.891883	180.000000	228.108117	180.000000	127.570981	270.000000	90.000000	90.000000	158.080370	180.000000	158.081791	58.405116	90.000000	0.000000	0.000000	0.000000	4.707429	0.000000	90.000000	180.000000	180.000000	180.000000	90.000000	180.000000	180.000000	183.507709	90.000000	
79.198058	91.029169	155.224949	201.918209	180.000000	90.000000	87.584923	358.067474	315.000000	0.000000	0.000000	0.000000	84.373314	0.000000	231.064814	141.082588	131.891883	180.000000	228.108117	180.000000	127.570981	270.000000	90.000000	90.000000	158.080370	180.000000	158.081791	58.522499	90.000000	0.000000	0.000000	0.000000	4.707429	0.000000	90.000000	180.000000	180.000000	180.000000	90.000000	180.000000	180.000000	183.520961	90.000000	
79.134266	81.492829	155.337828	201.918209	180.000000	90.000000	87.584923	357.977833	315.000000	0.000000	0.000000	0.000000	83.826009	0.000000	231.064814	141.082588	131.891883	180.000000	228.108117	180.000000	127.570981	270.000000	90.000000	90.000000	158.080370	180.000000	158.081791	58.640825	90.000000	0.000000	0.000000	0.000000	4.707429	0.000000	90.000000	180.000000	180.000000	180.000000	90.000000	180.000000	180.000000	183.532265	90.000000	
79.072106	91.040707	155.452009	201.918209	180.000000	90.000000	88.390350	357.889796	315.000000	0.000000	0.000000	0.000000	83.708671	0.000000	231.064814	141.082588	131.891883	180.000000	228.108117	180.000000	127.570981	270.000000	90.000000	90.000000	158.080370	180.000000	158.081791	58.760091	90.000000	0.000000	0.000000	0.000000	4.707429	0.000000	90.000000	180.000000	180.000000	180.000000	90.000000	180.000000	180.000000	183.541633	90.000000	
79.011578	81.582543	155.567482	201.918209	180.000000	90.000000	88.526739	357.803365	315.000000	0.000000	0.000000	0.000000	83.674588	0.000000	231.064814	141.082588	131.891883	180.000000	228.108117	180.000000	127.570981	270.000000	90.000000	90.000000	158.080370	180.000000	158.081791	58.880295	90.000000	0.000000	0.000000	0.000000	4.707429	0.000000	90.000000	180.000000	180.000000	180.000000	90.000000	180.000000	180.000000	183.549076	90.000000	
78.952679	91.056530	155.684238	201.918209	180.000000	90.000000	88.549836	357.718545	315.000000	0.000000	0.000000	0.000000	83.657429	0.000000	231.064814	141.082588	131.891883	180.000000	228.108117	180.000000	127.570981	270.000000	90.000000	90.000000	158.080370	180.000000	158.081791	59.001435	90.000000	0.000000	0.000000	0.000000	4.707429	0.000000	90.000000	180.000000	180.000000	180.000000	90.000000	180.000000	180.000000	183.554605	90.000000	
78.895407	81.678100	155.802269	201.918209	180.000000	90.000000	88.553748	357.635338	315.000000	0.000000	0.000000	0.000000	83.644511	0.000000	231.064814	141.082588	131.891883	180.000000	228.108117	180.000000	127.570981	270.000000	90.000000	90.000000	158.080370	180.000000	158.081791	59.123510	90.000000	0.000000	0.000000	0.000000	4.707429	0.000000	90.000000	180.000000	180.000000	180.000000	90.000000	180.000000	180.000000	183.558232	90.000000	
78.839760	91.076627	155.921567	201.918209	180.000000	90.000000	88.554411	357.553748	315.000000	0.000000	0.000000	0.000000	83.633407	0.000000	231.064814	141.082588	131.891883	180.000000	228.108117	180.000000	127.570981	270.000000	90.000000	90.000000	158.080370	180.000000	158.081791	59.246517	90.000000	0.000000	0.000000	0.000000	4.707429	0.000000	90.000000	180.000000	180.000000	180.000000	90.000000	180.000000	180.000000	183.559968	90.000000	
78.785734	81.779433	156.042124	201.918209	180.000000	90.000000	88.554523	357.473775	315.000000	0.000000	0.000000	0.000000	83.623652	0.000000	231.064814	141.082588	131.891883	180.000000	228.108117	180.000000	127.570981	270.000000	90.000000	90.000000	158.080370	180.000000	158.081791	59.370455	90.000000	0.000000	0.000000	0.000000	4.707429	0.000000	90.000000	180.000000	180.000000	180.000000	90.000000	180.000000	180.000000	183.559825	90.000000	
78.733327	91.100984	156.163933	201.918209	180.000000	90.000000	88.554542	357.395422	315.000000	0.000000	0.000000	0.000000	83.615154	0.000000	231.064814	141.082588	131.891883	180.000000	228.108117	180.000000	127.570981	270.000000	90.000000	90.000000	158.080370	180.000000	158.081791	59.495323	90.000000	0.000000	0.000000	0.000000	4.707429	0.000000	90.000000	180.000000	180.000000	180.000000	90.000000	180.000000	180.000000	183.557815	90.000000	
78.682536	92.828784	156.286985	201.918209	180.000000	90.000000	88.554545	357.318691	315.000000	0.000000	0.000000	0.000000	83.607892	0.000000	231.064814	141.082588	131.891883	180.000000	228.108117	180.000000	127.570981	270.000000	90.000000	90.000000	158.080370	180.000000	158.081791	59.621120	90.000000	0.000000	0.000000	0.000000	4.707429	0.000000	90.000000	180.000000	180.000000	180.000000	90.000000	180.000000	180.000000	183.553948	90.000000	
78.633356	82.204747	156.411274	201.918209	180.000000	90.000000	88.554546	357.243582	315.000000	0.000000	0.000000	0.000000	83.601859	0.000000	231.064814	141.082588	131.891883	180.000000	228.108117	180.000000	127.570981	270.000000	90.000000	90.000000	158.080370	180.000000	158.081791	59.747843	90.000000	0.000000	0.000000	0.000000	4.707429	0.000000	90.000000	180.000000	180.000000	180.000000	90.000000	180.000000	180.000000	183.548238	90.000000	
78.585784	91.160974	156.536792	201.918209	180.000000	90.000000	88.554546	357.170096	315.000000	0.000000	0.000000	0.000000	83.597050	0.000000	231.064814	141.082588	131.891883	180.000000	228.108117	180.000000	127.570981	270.000000	90.000000	90.000000	158.080370	180.000000	158.081791	59.875493	90.000000	0.000000	0.000000	0.000000	4.707429	0.000000	90.000000	180.000000	180.000000	180.000000	90.000000	180.000000	180.000000	183.540696	90.000000	
78.539816	92.822764	156.663532	201.918209	180.000000	90.000000	88.554546	357.098234	315.000000	0.000000	0.000000	0.000000	83.593462	0.000000	231.064814	141.082588	131.891883	180.000000	228.108117	180.000000	127.570981	270.000000	90.000000	90.000000	158.080370	180.000000	158.081791	60.004068	90.000000	0.000000	0.000000	0.000000	4.707429	0.000000	90.000000	180.000000	180.000000	180.000000	90.000000	180.000000	180.000000	183.531333	90.000000	
78.495447	82.330647	168.291597	201.918209	180.000000	90.000000	88.554546	357.027995	315.000000	0.000000	0.000000	0.000000	83.591090	0.000000	231.064814	141.082588	131.891883	180.000000	228.108117	180.000000	127.570981	270.000000	90.000000	90.000000	158.080370	180.000000	158.081791	60.133568	90.000000	0.000000	0.000000	0.000000	4.707429	0.000000	90.000000	180.000000	180.000000	180.000000	90.000000	180.000000	180.000000	183.520163	90.000000	
78.452673	91.172648	159.017672	211.276249	180.000000	90.000000	88.554546	356.959380	315.000000	0.000000	0.000000	0.000000	83.589930	0.000000	231.064814	141.082588	131.891883	180.000000	228.108117	180.000000	127.570981	270.000000	90.000000	90.000000	158.080370	180.000000	158.081791	60.263992	90.000000	0.000000	0.000000	0.000000	4.707429	0.000000	90.000000	180.000000	180.000000	180.000000	90.000000	180.000000	180.000000	183.507195	90.000000	
78.411489	92.815271	157.382957	212.851095	180.000000	90.000000	88.554546	356.892387	315.000000	0.000000	0.000000	0.000000	83.589977	0.000000	231.064814	141.082588	131.891883	180.000000	228.108117	180.000000	127.570981	270.000000	90.000000	90.000000	158.080370	180.000000	158.081791	60.395338	90.000000	0.000000	0.000000	0.000000	4.707429	0.000000	90.000000	180.000000	180.000000	180.000000	90.000000	180.000000	180.000000	183.492444	90.000000	
78.371890	93.102148	168.515361	213.117240	180.000000	90.000000	88.554546	356.827016	315.000000	0.000000	0.000000	0.000000	83.591226	0.000000	231.064814	141.082588	131.891883	180.000000	228.108117	180.000000	127.570981	270.000000	90.000000	90.000000	158.080370	180.000000	158.081791	60.527608	90.000000	0.000000	0.000000	0.000000	4.707429	0.000000	90.000000	180.000000	180.000000	180.000000	90.000000	180.000000	180.000000	183.475920	90.000000	
78.333871	93.133482	159.313083	213.162224	180.000000	90.000000	88.554546	356.763265	315.000000	0.000000	0.000000	341.738849	83.593673	0.000000	231.064814	141.082588	131.891883	180.000000	228.108117	180.000000	127.570981	270.000000	90.000000	90.000000	158.080370	180.000000	158.081791	60.660800	90.000000	0.000000	0.000000	0.000000	4.707429	0.000000	90.000000	180.000000	180.000000	180.000000	90.000000	180.000000	180.000000	183.457635	90.000000	
78.297426	93.117463	168.946124	213.169828	180.000000	90.000000	88.554546	356.701133	315.000000	0.000000	0.000000	338.700191	83.597313	0.000000	231.064814	141.082588	131.891883	180.000000	228.108117	180.000000	127.570981	270.000000	90.000000	90.000000	158.080370	180.000000	158.081791	60.794914	90.000000	0.000000	0.000000	0.000000	4.707429	0.000000	90.000000	180.000000	180.000000	180.000000	90.000000	180.000000	180.000000	183.437602	90.000000	
78.262550	93.093487	159.546928	213.171113	180.000000	90.000000	88.554546	356.640618	315.000000	0.000000	0.000000	338.186403	83.602141	0.000000	231.064814	141.082588	131.891883	180.000000	228.108117	180.000000	127.570981	270.000000	90.000000	90.000000	158.080370	180.000000	158.081791	60.929951	90.000000	0.000000	0.000000	0.000000	4.707429	0.000000	90.000000	180.000000	180.000000	180.000000	90.000000	180.000000	180.000000	183.415832	90.000000	
78.229237	93.069011	169.029376	213.171330	180.000000	90.000000	88.554546	356.581717	315.000000	0.000000	0.000000	338.099488	83.608152	0.000000	231.064814	141.082588	131.891883	180.000000	228.108117	180.000000	127.570981	270.000000	90.000000	90.000000	158.080370	180.000000	158.081791	61.065910	90.000000	0.000000	0.000000	0.000000	4.707429	0.000000	90.000000	180.000000	180.000000	180.000000	90.000000	180.000000	180.000000	183.392338	90.000000	
78.197481	93.045448	159.720974	213.171367	180.000000	90.000000	88.554546	356.524430	315.000000	0.000000	0.000000	338.084785	83.615340	0.000000	231.064814	141.082588	131.891883	180.000000	228.108117	180.000000	127.570981	270.000000	90.000000	90.000000	158.080370	180.000000	158.081791	61.202791	90.000000	0.000000	0.000000	0.000000	4.707429	0.000000	71.738849	180.000000	180.000000	180.000000	90.000000	180.000000	180.000000	183.367132	90.000000	
78.167277	93.023066	169.104063	213.171373	180.000000	90.000000	88.554546	356.468752	315.000000	0.000000	0.000000	338.082297	83.623701	0.000000	231.064814	141.082588	131.891883	180.000000	228.108117	180.000000	127.570981	270.000000	90.000000	90.000000	158.080370	180.000000	158.081791	61.340594	90.000000	0.000000	0.000000	0.000000	4.707429	0.000000	68.700191	180.000000	180.000000	180.000000	90.000000	180.000000	180.000000	183.340224	90.000000	
78.138617	93.001918	159.898279	213.171374	180.000000	90.000000	88.554546	356.414680	315.000000	0.000000	0.000000	338.081876	83.633229	0.000000	231.064814	141.082588	131.891883	180.000000	228.108117	180.000000	127.570981	270.000000	90.000000	90.000000	158.080370	180.000000	158.081791	61.479320	90.000000	0.000000	0.000000	0.000000	4.707429	0.000000	68.186403	180.000000	180.000000	180.000000	90.000000	180.000000	180.000000	183.311628	90.000000	
78.111495	92.982015	169.183257	213.171374	180.000000	90.000000	88.554546	356.362213	315.000000	0.000000	0.000000	338.081805	83.643918	0.000000	231.064814	141.082588	131.891883	180.000000	228.108117	180.000000	127.570981	270.000000	90.000000	90.000000	158.080370	180.000000	158.081791	70.597366	90.000000	0.000000	0.000000	0.000000	4.707429	0.000000	68.099488	180.000000	180.000000	180.000000	90.000000	180.000000	180.000000	175.028213	90.000000	
78.085906	92.963360	160.081208	213.171374	180.000000	90.000000	88.554546	356.311346	315.000000	0.000000	0.000000	338.081793	83.655762	0.000000	231.064814	141.082588	131.891883	180.000000	228.108117	180.000000	127.570981	270.000000	90.000000	90.000000	158.080370	180.000000	158.081791	63.217651	90.000000	0.000000	0.000000	0.000000	4.707429	0.000000	68.084785	180.000000	180.000000	180.000000	90.000000	180.000000	180.000000	181.833943	90.000000	
78.061841	92.945955	169.267439	213.171374	180.000000	90.000000	88.554546	356.262075	315.000000	0.000000	0.000000	338.081791	83.668758	0.000000	231.064814	141.082588	131.891883	180.000000	228.108117	180.000000	127.570981	270.000000	90.000000	90.000000	158.080370	180.000000	158.081791	71.035804	90.000000	0.000000	0.000000	0.000000	4.707429	0.000000	68.082297	180.000000	180.000000	180.000000	90.000000	180.000000	180.000000	183.030800	90.000000	
78.039294	92.929801	160.269788	213.171374	180.000000	90.000000	88.554546	356.214397	315.000000	0.000000	0.000000	338.081791	83.682897	0.000000	231.064814	141.082588	131.891883	180.000000	228.108117	180.000000	127.570981	270.000000	90.000000	90.000000	158.080370	180.000000	158.081791	63.494387	90.000000	0.000000	0.000000	0.000000	4.707429	0.000000	68.081876	180.000000	180.000000	180.000000	90.000000	180.000000	180.000000	175.064999	90.000000	
78.018260	92.914900	169.356608	213.171374	180.000000	90.000000	88.554546	356.168308	315.000000	0.000000	0.000000	338.081791	83.698175	0.000000	231.064814	141.082588	131.891883	180.000000	228.108117	180.000000	127.570981	270.000000	90.000000	90.000000	158.080370	180.000000	158.081791	71.191701	90.000000	0.000000	0.000000	0.000000	4.707429	0.000000	68.081805	180.000000	180.000000	180.000000	90.000000	180.000000	180.000000	181.822326	90.000000	
77.998729	92.901253	160.463961	213.171374	180.000000	90.000000	88.554546	356.123803	315.000000	0.000000	0.000000	338.081791	83.714586	0.000000	231.064814	141.082588	131.891883	180.000000	228.108117	180.000000	127.570981	270.000000	90.000000	90.000000	158.080370	180.000000	158.081791	63.727621	90.000000	0.000000	0.000000	0.000000	4.707429	0.000000	68.081793	180.000000	180.000000	180.000000	90.000000	180.000000	180.000000	174.916686	90.000000	
77.980695	92.888860	169.450742	213.171374	180.000000	90.000000	88.554546	356.080877	315.000000	0.000000	0.000000	338.081791	83.732124	0.000000	231.064814	141.082588	131.891883	180.000000	228.108117	180.000000	127.570981	270.000000	90.000000	90.000000	158.080370	180.000000	158.081791	71.342428	90.000000	0.000000	0.000000	0.000000	4.707429	0.000000	68.081791	180.000000	180.000000	180.000000	90.000000	180.000000	180.000000	181.799004	90.000000	
77.964152	92.877722	160.663666	213.171374	180.000000	90.000000	88.554546	356.039527	315.000000	0.000000	0.000000	338.081791	83.750782	0.000000	231.064814	141.082588	131.891883	180.000000	228.108117	180.000000	127.570981	270.000000	90.000000	90.000000	158.080370	180.000000	158.081791	72.860533	90.000000	0.000000	0.000000	0.000000	4.707429	0.000000	68.081791	180.000000	180.000000	180.000000	90.000000	180.000000	180.000000	174.980733	90.000000	
77.949091	92.867840	169.549817	213.171374	180.000000	90.000000	88.554546	355.999747	315.000000	0.000000	0.000000	338.081791	83.770555	0.000000	231.064814	141.082588	131.891883	180.000000	228.108117	180.000000	127.570981	270.000000	90.000000	90.000000	158.080370	180.000000	158.081791	73.187031	90.000000	0.000000	0.000000	0.000000	4.707429	0.000000	68.081791	180.000000	180.000000	180.000000	90.000000	180.000000	180.000000	181.807104	90.000000	
77.935505	92.859214	171.387451	213.171374	180.000000	90.000000	88.554546	355.961531	315.000000	0.000000	0.000000	338.081791	83.791436	0.000000	231.064814	141.082588	131.891883	180.000000	228.108117	180.000000	127.570981	270.000000	90.000000	90.000000	158.080370	180.000000	158.081791	73.280822	90.000000	0.000000	0.000000	0.000000	4.707429	0.000000	68.081791	180.000000	180.000000	180.000000	90.000000	180.000000	180.000000	175.047110	90.000000	
77.923386	92.851845	161.269270	213.171374	180.000000	90.000000	88.554546	355.924876	315.000000	0.000000	0.000000	338.081791	83.813419	0.000000	231.064814	141.082588	131.891883	180.000000	228.108117	180.000000	127.570981	270.000000	90.000000	90.000000	158.080370	180.000000	158.081791	73.330030	90.000000	0.000000	0.000000	0.000000	4.707429	0.000000	68.081791	180.000000	180.000000	180.000000	90.000000	180.000000	180.000000	181.809023	90.000000	
77.912728	87.608334	169.734933	213.171374	180.000000	90.000000	88.554546	355.889775	315.000000	0.000000	0.000000	338.081791	83.836498	0.000000	231.064814	141.082588	131.891883	180.000000	228.108117	180.000000	127.570981	270.000000	90.000000	90.000000	158.080370	180.000000	158.081791	73.371532	90.000000	0.000000	0.000000	0.000000	4.707429	0.000000	68.081791	180.000000	180.000000	180.000000	90.000000	180.000000	180.000000	175.108939	90.000000	
77.903522	86.642485	171.486336	213.171374	180.000000	90.000000	88.554546	355.856222	315.000000	0.000000	0.000000	338.081791	83.762237	0.000000	231.064814	141.082588	131.891883	180.000000	228.108117	180.000000	127.570981	270.000000	90.000000	90.000000	158.080370	180.000000	158.081791	73.412545	90.000000	0.000000	0.000000	0.000000	4.707429	0.000000	68.081791	180.000000	180.000000	180.000000	90.000000	180.000000	180.000000	181.803597	90.000000	
77.895760	86.459460	171.849461	213.171374	180.000000	90.000000	88.554546	355.824213	315.000000	0.000000	0.000000	338.081791	83.668677	0.000000	231.064814	141.082588	131.891883	180.000000	228.108117	180.000000	127.570981	270.000000	90.000000	90.000000	158.080370	180.000000	158.081791	73.454480	90.000000	0.000000	0.000000	0.000000	4.707429	0.000000	68.081791	180.000000	180.000000	180.000000	90.000000	180.000000	180.000000	175.165992	90.000000	
77.889436	86.420522	171.925487	213.171374	180.000000	90.000000	88.554546	355.793740	315.000000	0.000000	0.000000	338.081791	83.573432	0.000000	231.064814	141.082588	131.891883	180.000000	228.108117	180.000000	127.570981	270.000000	90.000000	90.000000	158.080370	180.000000	158.081791	73.497609	90.000000	0.000000	0.000000	0.000000	4.707429	0.000000	68.081791	180.000000	180.000000	180.000000	90.000000	180.000000	180.000000	181.790857	90.000000	
77.884540	86.408764	171.943145	213.171374	180.000000	90.000000	88.554546	355.764799	315.000000	0.000000	0.000000	338.081791	83.479835	0.000000	231.064814	141.082588	131.891883	180.000000	228.108117	180.000000	127.570981	270.000000	90.000000	90.000000	158.080370	180.000000	158.081791	73.541981	90.000000	0.000000	0.000000	0.000000	4.707429	0.000000	68.081791	180.000000	180.000000	180.000000	90.000000	180.000000	180.000000	175.218257	90.000000	
77.881065	86.402799	171.949925	213.171374	180.000000	90.000000	88.554546	355.737382	315.000000	0.000000	0.000000	338.081791	83.388520	0.000000	231.064814	141.082588	131.891883	180.000000	228.108117	180.000000	127.570981	270.000000	90.000000	90.000000	158.080370	180.000000	158.081791	73.587605	90.000000	0.000000	0.000000	0.000000	4.707429	0.000000	68.081791	180.000000	180.000000	180.000000	90.000000	180.000000	180.000000	181.770872	90.000000	
77.879003	86.398714	171.955682	213.171374	180.000000	90.000000	88.554546	355.711484	315.000000	0.000000	0.000000	338.081791	83.299610	0.000000	231.064814	141.082588	131.891883	180.000000	228.108117	180.000000	127.570981	270.000000	90.000000	90.000000	158.080370	180.000000	158.081791	73.993200	90.000000	0.000000	0.000000	0.000000	4.707429	0.000000	68.081791	180.000000	180.000000	180.000000	90.000000	180.000000	180.000000	175.265734	90.000000	
77.878346	86.395792	171.962457	213.171374	180.000000	90.000000	88.554546	355.687098	315.000000	0.000000	0.000000	338.081791	83.213129	0.000000	231.064814	141.082588	131.891883	180.000000	228.108117	180.000000	127.570981	270.000000	90.000000	90.000000	158.080370	180.000000	158.081791	74.084590	90.000000	0.000000	0.000000	0.000000	4.707429	0.000000	68.081791	180.000000	180.000000	180.000000	90.000000	180.000000	180.000000	181.743711	90.000000	
77.879086	86.393899	171.970673	213.171374	180.000000	90.000000	88.554546	355.664217	315.000000	0.000000	0.000000	338.081791	83.129082	0.000000	231.064814	141.082588	131.891883	180.000000	228.108117	180.000000	127.570981	270.000000	90.000000	90.000000	158.045701	180.000000	158.081791	74.116382	90.000000	0.000000	0.000000	0.000000	4.707429	0.000000	68.081791	180.000000	180.000000	180.000000	90.000000	180.000000	180.000000	175.308426	90.000000	
77.881215	86.393008	171.980415	213.171374	180.000000	90.000000	88.554546	355.642835	315.000000	0.000000	0.000000	338.081791	83.047471	0.000000	231.064814	141.082588	131.891883	180.000000	228.108117	180.000000	127.570981	270.000000	90.000000	90.000000	157.953694	180.000000	158.081791	74.137601	90.000000	0.000000	0.000000	0.000000	4.707429	0.000000	68.081791	180.000000	180.000000	180.000000	90.000000	180.000000	180.000000	181.709448	90.000000	
77.884725	86.393111	171.991701	213.171374	180.000000	90.000000	88.554546	355.622946	315.000000	0.000000	0.000000	338.081791	82.968296	0.000000	231.064814	141.082588	131.891883	180.000000	228.108117	180.000000	127.570981	270.000000	90.000000	90.000000	157.851310	180.000000	158.081791	74.157670	90.000000	0.000000	0.000000	0.000000	4.707429	0.000000	68.081791	180.000000	180.000000	180.000000	90.000000	180.000000	180.000000	175.346335	90.000000	
77.889607	86.394203	172.004531	213.171374	180.000000	90.000000	88.554546	355.604541	315.000000	0.000000	0.000000	338.081791	82.891555	0.000000	231.064814	141.082588	131.891883	180.000000	228.108117	180.000000	127.570981	270.000000	90.000000	90.000000	157.746994	180.000000	158.081791	74.178395	90.000000	0.000000	0.000000	0.000000	4.707429	0.000000	68.081791	180.000000	180.000000	180.000000	90.000000	180.000000	180.000000	181.668153	90.000000	
77.895854	86.325841	172.018904	213.171374	180.000000	90.000000	88.554546	355.587615	315.000000	0.000000	0.000000	338.081791	82.817247	0.000000	231.064814	141.082588	131.891883	180.000000	228.108117	180.000000	127.570981	270.000000	90.000000	90.000000	157.642282	180.000000	158.081791	74.200118	90.000000	0.000000	0.000000	0.000000	4.707429	0.000000	68.081791	180.000000	180.000000	180.000000	90.000000	180.000000	180.000000	175.379467	90.000000	
77.903457	86.216155	172.034818	213.171374	180.000000	90.000000	88.554546	355.572161	315.000000	0.000000	0.000000	338.081791	82.745369	0.000000	231.064814	141.082588	131.891883	180.000000	228.108117	180.000000	127.570981	270.000000	90.000000	90.000000	157.537459	180.000000	158.081791	74.222902	90.000000	0.000000	0.000000	0.000000	4.707429	0.000000	68.081791	180.000000	180.000000	180.000000	90.000000	180.000000	180.000000	174.265951	90.000000	
77.912409	86.100506	172.052271	213.171374	180.000000	90.000000	88.554546	355.558170	315.000000	0.000000	0.000000	338.081791	82.675919	0.000000	231.064814	141.082588	131.891883	180.000000	228.108117	180.000000	127.570981	270.000000	90.000000	90.000000	157.432590	180.000000	158.081791	74.246753	90.000000	0.000000	0.000000	0.000000	4.707429	0.000000	68.081791	180.000000	180.000000	180.000000	90.000000	180.000000	180.000000	181.424251	90.000000	
77.922700	85.985418	172.071259	213.171374	180.000000	90.000000	88.554546	355.545636	315.000000	0.000000	0.000000	338.081791	82.608891	0.000000	231.064814	141.082588	131.891883	180.000000	228.108117	180.000000	127.570981	270.000000	90.000000	90.000000	157.327698	180.000000	158.081791	74.271669	90.000000	0.000000	0.000000	0.000000	4.707429	0.000000	68.081791	180.000000	180.000000	180.000000	90.000000	180.000000	180.000000	175.413840	90.000000	
77.934324	85.872103	172.091781	213.171374	180.000000	90.000000	88.554546	355.534552	315.000000	0.000000	0.000000	338.081791	82.544281	0.000000	231.064814	141.082588	131.891883	180.000000	228.108117	180.000000	127.570981	270.000000	90.000000	90.000000	157.222798	180.000000	158.081791	74.297645	90.000000	0.000000	0.000000	0.000000	4.707429	0.000000	68.081791	180.000000	180.000000	180.000000	90.000000	180.000000	180.000000	174.347860	90.000000	
77.947271	85.760793	172.113833	213.171374	180.000000	90.000000	88.554546	355.524911	315.000000	0.000000	0.000000	338.081791	82.482085	0.000000	231.064814	141.082588	131.891883	180.000000	228.108117	180.000000	127.570981	270.000000	90.000000	90.000000	157.117906	180.000000	158.081791	74.324675	90.000000	0.000000	0.000000	0.000000	4.707429	0.000000	68.081791	180.000000	180.000000	180.000000	90.000000	180.000000	180.000000	174.190923	90.000000	
77.961533	85.651540	189.023571	213.171374	180.000000	90.000000	88.554546	355.516704	315.000000	0.000000	0.000000	338.081791	82.422296	0.000000	231.064814	141.082588	131.891883	180.000000	228.108117	180.000000	127.570981	270.000000	90.000000	90.000000	157.013035	180.000000	158.081791	74.352755	90.000000	0.000000	0.000000	0.000000	4.707429	0.000000	68.081791	180.000000	180.000000	180.000000	90.000000	180.000000	180.000000	174.200565	90.000000	
77.977103	85.544360	180.613879	213.171374	180.000000	90.000000	88.554546	355.509925	315.000000	0.000000	0.000000	338.081791	82.364909	0.000000	231.064814	141.082588	131.891883	180.000000	228.108117	180.000000	127.570981	270.000000	90.000000	90.000000	156.908201	180.000000	158.081791	74.381877	90.000000	0.000000	0.000000	0.000000	4.707429	0.000000	68.081791	180.000000	180.000000	180.000000	90.000000	180.000000	180.000000	174.239870	90.000000	
77.993972	85.439263	190.771449	213.171374	180.000000	90.000000	88.554546	355.504566	315.000000	0.000000	0.000000	338.081791	82.309915	0.000000	231.064814	141.082588	131.891883	180.000000	228.108117	180.000000	127.570981	270.000000	90.000000	90.000000	156.803419	180.000000	158.081791	74.412038	90.000000	0.000000	0.000000	0.000000	4.707429	0.000000	68.081791	180.000000	180.000000	180.000000	90.000000	180.000000	180.000000	174.283581	90.000000	
78.012132	85.336257	181.032097	213.171374	180.000000	90.000000	88.554546	355.500619	315.000000	0.000000	0.000000	338.081791	82.257309	0.000000	231.064814	141.082588	131.891883	180.000000	228.108117	180.000000	127.570981	270.000000	90.000000	90.000000	156.698703	180.000000	158.081791	74.443230	90.000000	0.000000	0.000000	0.000000	4.707429	0.000000	68.081791	180.000000	180.000000	180.000000	90.000000	180.000000	180.000000	174.327037	90.000000	
78.031575	85.235349	190.813294	213.171374	180.000000	90.000000	88.554546	355.498077	315.000000	0.000000	0.000000	338.081791	82.207081	0.000000	231.064814	141.082588	131.891883	180.000000	228.108117	180.000000	127.570981	270.000000	90.000000	90.000000	156.594070	180.000000	158.081791	74.475449	90.000000	0.000000	0.000000	0.000000	4.707429	0.000000	68.081791	180.000000	180.000000	180.000000	90.000000	180.000000	180.000000	174.369375	90.000000	
78.052293	85.136545	181.080492	213.171374	180.000000	90.000000	88.554546	355.496932	315.000000	0.000000	0.000000	338.081791	82.159224	0.000000	231.064814	141.082588	131.891883	180.000000	228.108117	180.000000	127.570981	270.000000	90.000000	90.000000	156.489534	180.000000	158.081791	74.508687	90.000000	0.000000	0.000000	0.000000	4.707429	0.000000	68.081791	180.000000	180.000000	180.000000	90.000000	180.000000	180.000000	174.410431	90.000000	
78.074277	85.039850	190.779528	213.171374	180.000000	90.000000	88.554546	355.497177	315.000000	0.000000	0.000000	338.081791	82.113728	0.000000	231.064814	141.082588	131.891883	180.000000	228.108117	180.000000	127.570981	270.000000	90.000000	90.000000	156.385112	180.000000	158.081791	74.542940	90.000000	0.000000	0.000000	0.000000	4.707429	0.000000	68.081791	180.000000	180.000000	180.000000	90.000000	180.000000	180.000000	174.450173	90.000000	
78.097520	84.945270	180.922844	213.171374	180.000000	90.000000	88.554546	355.498804	315.000000	0.000000	0.000000	338.081791	82.070585	0.000000	231.064814	141.082588	131.891883	180.000000	228.108117	180.000000	127.570981	270.000000	90.000000	90.000000	156.280820	180.000000	158.081791	74.578202	90.000000	0.000000	0.000000	0.000000	4.707429	0.000000	68.081791	180.000000	180.000000	180.000000	90.000000	180.000000	180.000000	174.488591	90.000000	
78.122013	84.852808	190.706016	213.171374	180.000000	90.000000	88.554546	355.501805	315.000000	0.000000	0.000000	338.081791	82.029784	0.000000	231.064814	141.082588	131.891883	180.000000	228.108117	180.000000	127.570981	270.000000	90.000000	90.000000	156.176672	180.000000	158.081791	74.614466	90.000000	0.000000	0.000000	0.000000	4.707429	0.000000	68.081791	180.000000	180.000000	180.000000	90.000000	180.000000	180.000000	179.334166	90.000000	
78.147749	84.762467	180.765400	213.171374	180.000000	90.000000	88.554546	355.506172	315.000000	0.000000	0.000000	338.081791	81.991315	0.000000	231.064814	141.082588	131.891883	180.000000	228.108117	180.000000	127.570981	270.000000	90.000000	90.000000	156.072687	180.000000	158.081791	74.651725	90.000000	0.000000	0.000000	0.000000	4.707429	0.000000	68.081791	180.000000	180.000000	180.000000	90.000000	180.000000	180.000000	180.236404	90.000000	
78.174719	84.674251	190.636800	213.171374	180.000000	90.000000	88.554546	355.511898	315.000000	0.000000	0.000000	338.081791	81.955169	0.000000	231.064814	141.082588	131.891883	180.000000	228.108117	180.000000	127.570981	270.000000	90.000000	90.000000	155.968879	180.000000	158.081791	74.689975	90.000000	0.000000	0.000000	0.000000	4.707429	0.000000	68.081791	180.000000	180.000000	180.000000	90.000000	180.000000	180.000000	180.426413	90.000000	
78.202916	84.588162	180.617058	213.171374	180.000000	90.000000	88.554546	355.518974	315.000000	0.000000	0.000000	338.081791	81.921333	0.000000	231.064814	141.082588	131.891883	180.000000	228.108117	180.000000	127.570981	270.000000	90.000000	90.000000	155.865266	180.000000	158.081791	74.729209	90.000000	0.000000	0.000000	0.000000	4.707429	0.000000	68.081791	180.000000	180.000000	180.000000	90.000000	180.000000	180.000000	180.486849	90.000000	
78.232331	84.504200	190.573800	213.171374	180.000000	90.000000	88.554546	355.527394	315.000000	0.000000	0.000000	338.081791	81.889798	0.000000	231.064814	141.082588	131.891883	180.000000	228.108117	180.000000	127.570981	270.000000	90.000000	90.000000	155.761864	180.000000	158.081791	74.769421	90.000000	0.000000	0.000000	0.000000	4.707429	0.000000	68.081791	180.000000	180.000000	180.000000	90.000000	180.000000	180.000000	180.522953	90.000000	
78.262957	84.422367	180.478237	213.171374	180.000000	90.000000	88.554546	355.537149	315.000000	0.000000	0.000000	338.081791	81.860550	0.000000	231.064814	141.082588	131.891883	180.000000	228.108117	180.000000	127.570981	270.000000	90.000000	90.000000	155.658691	180.000000	158.081791	74.810603	90.000000	0.000000	0.000000	0.000000	4.707429	0.000000	68.081791	180.000000	180.000000	180.000000	90.000000	180.000000	180.000000	180.553733	90.000000	
78.294785	84.342663	190.517118	213.171374	180.000000	90.000000	88.554546	355.548231	315.000000	0.000000	0.000000	338.081791	81.833579	0.000000	231.064814	141.082588	131.891883	180.000000	228.108117	180.000000	127.570981	270.000000	90.000000	90.000000	155.555762	180.000000	158.081791	74.852751	90.000000	0.000000	0.000000	0.000000	4.707429	0.000000	68.081791	180.000000	180.000000	180.000000	90.000000	180.000000	180.000000	180.582621	90.000000	
78.327809	84.265088	180.348979	213.171374	180.000000	90.000000	88.554546	355.560633	315.000000	0.000000	0.000000	338.081791	81.808873	0.000000	231.064814	141.082588	131.891883	180.000000	228.108117	180.000000	127.570981	270.000000	90.000000	90.000000	155.453096	180.000000	158.081791	74.895857	90.000000	0.000000	0.000000	0.000000	4.707429	0.000000	68.081791	180.000000	180.000000	180.000000	90.000000	180.000000	180.000000	180.610236	90.000000	
78.362020	84.189640	189.353882	213.171374	180.000000	90.000000	88.554546	355.574346	315.000000	0.000000	0.000000	338.081791	81.786419	0.000000	231.064814	141.082588	131.891883	180.000000	228.108117	180.000000	127.570981	270.000000	90.000000	90.000000	155.350709	180.000000	158.081791	74.939916	90.000000	0.000000	0.000000	0.000000	4.707429	0.000000	68.081791	180.000000	180.000000	180.000000	90.000000	180.000000	180.000000	180.636694	90.000000	
78.397410	84.116319	191.220613	213.171374	180.000000	90.000000	88.554546	355.589364	315.000000	0.000000	0.000000	338.081791	81.766204	0.000000	231.064814	141.082588	131.891883	180.000000	228.108117	180.000000	127.570981	270.000000	90.000000	90.000000	155.248620	180.000000	158.081791	74.984920	90.000000	0.000000	0.000000	0.000000	4.707429	0.000000	68.081791	180.000000	180.000000	180.000000	90.000000	180.000000	180.000000	180.662014	90.000000	
78.433972	84.045121	180.304731	213.171374	180.000000	90.000000	88.554546	355.605678	315.000000	0.000000	0.000000	338.081791	81.748216	0.000000	231.064814	141.082588	131.891883	180.000000	228.108117	180.000000	127.570981	270.000000	90.000000	90.000000	155.146844	180.000000	158.081791	75.030864	90.000000	0.000000	0.000000	0.000000	4.707429	0.000000	68.081791	180.000000	180.000000	180.000000	90.000000	180.000000	180.000000	180.686203	90.000000	
78.471698	83.976046	188.993865	213.171374	180.000000	90.000000	88.554546	355.623279	315.000000	0.000000	0.000000	338.081791	81.732441	0.000000	231.064814	141.082588	131.891883	180.000000	228.108117	180.000000	127.570981	270.000000	90.000000	90.000000	155.045401	180.000000	158.081791	75.077740	90.000000	0.000000	0.000000	0.000000	4.707429	0.000000	68.081791	180.000000	180.000000	180.000000	90.000000	180.000000	180.000000	180.709263	90.000000	
78.510581	83.909088	190.806370	213.171374	180.000000	90.000000	88.554546	355.642162	315.000000	0.000000	0.000000	338.081791	81.718867	0.000000	231.064814	141.082588	131.891883	180.000000	228.108117	180.000000	127.570981	270.000000	90.000000	90.000000	154.944308	180.000000	158.081791	75.125543	90.000000	0.000000	0.000000	0.000000	4.707429	0.000000	68.081791	180.000000	180.000000	180.000000	90.000000	180.000000	180.000000	180.731197	90.000000	
78.550612	83.844246	191.084971	213.171374	180.000000	90.000000	88.554546	355.662317	315.000000	0.000000	0.000000	338.081791	81.707480	0.000000	231.064814	141.082588	131.891883	180.000000	228.108117	180.000000	127.570981	270.000000	90.000000	90.000000	154.843582	180.000000	158.081791	75.174266	90.000000	0.000000	0.000000	0.000000	4.707429	0.000000	68.081791	180.000000	180.000000	180.000000	90.000000	180.000000	180.000000	180.752006	90.000000	
78.591785	83.781515	191.020615	213.171374	180.000000	90.000000	88.554546	355.683737	315.000000	0.000000	0.000000	338.081791	81.698266	0.000000	231.064814	141.082588	131.891883	180.000000	228.108117	180.000000	127.570981	270.000000	90.000000	90.000000	154.743241	180.000000	158.081791	75.223902	90.000000	0.000000	0.000000	0.000000	4.707429	0.000000	68.081791	180.000000	180.000000	180.000000	90.000000	180.000000	180.000000	180.771693	90.000000	
78.634092	83.720891	190.880257	213.171374	180.000000	90.000000	88.554546	7.111998	315.000000	0.000000	0.000000	338.081791	81.691212	0.000000	231.064814	141.082588	131.891883	180.000000	228.108117	180.000000	127.570981	270.000000	90.000000	90.000000	154.643305	180.000000	158.081791	75.274445	90.000000	0.000000	0.000000	0.000000	4.707429	0.000000	68.081791	180.000000	180.000000	180.000000	90.000000	180.000000	180.000000	180.790260	90.000000	
78.677526	83.662368	190.723888	213.171374	180.000000	90.000000	88.554546	357.542040	315.000000	0.000000	0.000000	338.081791	81.686304	0.000000	231.064814	141.082588	131.891883	180.000000	228.108117	180.000000	127.570981	270.000000	90.000000	90.000000	154.543789	180.000000	158.081791	75.325887	90.000000	0.000000	0.000000	0.000000	4.707429	0.000000	68.081791	180.000000	180.000000	180.000000	90.000000	180.000000	180.000000	180.807710	90.000000	
78.722078	83.605942	190.565049	213.171374	180.000000	90.000000	88.554546	355.976759	315.000000	0.000000	0.000000	338.081791	81.683528	0.000000	231.064814	141.082588	131.891883	180.000000	228.108117	180.000000	127.570981	270.000000	90.000000	90.000000	154.444714	180.000000	158.081791	75.378224	90.000000	0.000000	0.000000	0.000000	4.707429	0.000000	68.081791	180.000000	180.000000	180.000000	90.000000	180.000000	180.000000	180.824046	90.000000	
78.767743	83.551606	190.406834	213.171374	180.000000	90.000000	88.554546	7.096616	315.000000	0.000000	0.000000	338.081791	81.682870	0.000000	231.064814	141.082588	131.891883	180.000000	228.108117	180.000000	127.570981	270.000000	90.000000	90.000000	154.346096	180.000000	158.081791	75.431447	90.000000	0.000000	0.000000	0.000000	4.707429	0.000000	68.081791	180.000000	180.000000	180.000000	90.000000	180.000000	180.000000	180.839271	90.000000	
78.814513	83.499355	190.249982	213.171374	180.000000	90.000000	88.554546	357.525213	315.000000	0.000000	0.000000	338.081791	81.684315	0.000000	231.064814	141.082588	131.891883	180.000000	228.108117	180.000000	127.570981	270.000000	90.000000	90.000000	154.247955	180.000000	158.081791	75.485550	90.000000	0.000000	0.000000	0.000000	4.707429	0.000000	68.081791	180.000000	180.000000	180.000000	90.000000	180.000000	180.000000	180.853387	90.000000	
78.862379	83.449182	190.094701	213.171374	180.000000	90.000000	88.554546	355.964800	315.000000	0.000000	0.000000	338.081791	81.687850	0.000000	231.064814	141.082588	131.891883	180.000000	228.108117	180.000000	127.570981	270.000000	90.000000	90.000000	154.150308	180.000000	158.081791	75.540527	90.000000	0.000000	0.000000	0.000000	4.707429	0.000000	68.081791	180.000000	180.000000	180.000000	90.000000	180.000000	180.000000	180.866398	90.000000	
90.899400	83.401081	189.941076	213.171374	180.000000	90.000000	88.554546	7.036231	315.000000	0.000000	0.000000	338.081791	81.693460	0.000000	231.064814	141.082588	131.891883	180.000000	228.108117	180.000000	127.570981	270.000000	90.000000	90.000000	154.053175	180.000000	158.081791	75.596371	90.000000	0.000000	0.000000	0.000000	4.707429	0.000000	68.081791	180.000000	180.000000	180.000000	90.000000	180.000000	180.000000	180.878306	90.000000	
80.827037	83.355043	189.789166	213.171374	180.000000	90.000000	88.554546	357.511883	315.000000	0.000000	0.000000	338.081791	81.701131	0.000000	231.064814	141.082588	131.891883	180.000000	228.108117	180.000000	127.570981	270.000000	90.000000	90.000000	153.956573	180.000000	158.081791	75.653076	90.000000	0.000000	0.000000	0.000000	4.707429	0.000000	68.081791	180.000000	180.000000	180.000000	90.000000	180.000000	180.000000	180.889116	90.000000	
79.240011	83.311061	189.639021	213.171374	180.000000	90.000000	88.554546	7.236669	315.000000	0.000000	0.000000	338.081791	81.710847	0.000000	231.064814	141.082588	131.891883	180.000000	228.108117	180.000000	127.570981	270.000000	90.000000	90.000000	153.860520	180.000000	158.081791	75.710634	90.000000	0.000000	0.000000	0.000000	4.707429	0.000000	68.081791	180.000000	180.000000	180.000000	90.000000	180.000000	180.000000	180.898830	90.000000	
90.924891	83.269129	189.490690	213.171374	180.000000	90.000000	88.554546	357.521803	315.000000	0.000000	0.000000	338.081791	81.722596	0.000000	231.064814	141.082588	131.891883	180.000000	228.108117	180.000000	127.570981	270.000000	90.000000	90.000000	153.765036	180.000000	158.081791	75.769039	90.000000	0.000000	0.000000	0.000000	4.707429	0.000000	68.081791	180.000000	180.000000	180.000000	90.000000	180.000000	180.000000	180.907452	90.000000	
80.885603	83.229237	189.344218	213.171374	180.000000	90.000000	88.554546	7.185428	315.000000	0.000000	0.000000	338.081791	81.736362	0.000000	231.064814	141.082588	131.891883	180.000000	228.108117	180.000000	127.570981	270.000000	90.000000	90.000000	153.670140	180.000000	158.081791	75.828285	90.000000	0.000000	0.000000	0.000000	4.707429	0.000000	68.081791	180.000000	180.000000	180.000000	90.000000	180.000000	180.000000	180.914986	90.000000	
79.309500	83.191376	189.199653	213.171374	180.000000	90.000000	88.554546	357.495471	315.000000	0.000000	0.000000	338.081791	81.752131	0.000000	231.064814	141.082588	131.891883	180.000000	228.108117	180.000000	127.570981	270.000000	90.000000	90.000000	153.575848	180.000000	158.081791	75.888365	90.000000	0.000000	0.000000	0.000000	4.707429	0.000000	68.081791	180.000000	180.000000	180.000000	90.000000	180.000000	180.000000	180.921435	90.000000	
90.904669	83.155540	189.057037	213.171374	180.000000	90.000000	88.554546	7.130625	315.000000	0.000000	0.000000	338.081791	81.769888	0.000000	231.064814	141.082588	131.891883	180.000000	228.108117	180.000000	127.570981	270.000000	90.000000	90.000000	153.482181	180.000000	158.081791	75.949272	90.000000	0.000000	0.000000	0.000000	4.707429	0.000000	68.081791	180.000000	180.000000	180.000000	90.000000	180.000000	180.000000	180.926803	90.000000	
80.946623	83.121717	188.916416	213.171374	180.000000	90.000000	88.554546	357.473628	315.000000	0.000000	0.000000	338.081791	81.789619	0.000000	231.064814	141.082588	131.891883	180.000000	228.108117	180.000000	127.570981	270.000000	90.000000	90.000000	153.389156	180.000000	158.081791	76.011000	90.000000	0.000000	0.000000	0.000000	4.707429	0.000000	68.081791	180.000000	180.000000	180.000000	90.000000	180.000000	180.000000	180.931095	90.000000	
91.137454	83.089900	188.777830	213.171374	180.000000	90.000000	88.554546	7.079025	315.000000	0.000000	0.000000	338.081791	81.811309	0.000000	231.064814	141.082588	133.149645	180.000000	228.108117	180.000000	127.570981	270.000000	90.000000	90.000000	153.296792	180.000000	158.081791	76.073542	90.000000	0.000000	0.000000	0.000000	4.707429	0.000000	68.081791	180.000000	180.000000	180.000000	90.000000	180.000000	180.000000	180.934314	90.000000	
81.007034	83.060078	188.641321	213.171374	180.000000	90.000000	88.554546	357.457339	315.000000	0.000000	0.000000	338.081791	81.834944	0.000000	231.064814	141.082588	133.362143	180.000000	228.108117	180.000000	127.570981	270.000000	90.000000	90.000000	153.205108	180.000000	158.081791	76.136892	90.000000	0.000000	0.000000	0.000000	4.707429	0.000000	68.081791	180.000000	180.000000	180.000000	90.000000	180.000000	180.000000	180.936464	90.000000	
91.111586	83.032243	188.506928	213.171374	180.000000	90.000000	88.554546	7.030820	315.000000	0.000000	0.000000	338.081791	81.860509	0.000000	231.064814	141.082588	133.398048	180.000000	228.108117	180.000000	127.570981	270.000000	90.000000	90.000000	153.114122	180.000000	158.081791	76.201042	90.000000	0.000000	0.000000	0.000000	4.707429	0.000000	68.081791	180.000000	180.000000	180.000000	90.000000	180.000000	180.000000	180.937550	90.000000	
81.030646	83.006384	188.374690	213.171374	180.000000	90.000000	88.554546	357.446587	315.000000	0.000000	0.000000	338.081791	81.887990	0.000000	231.064814	141.082588	133.404115	180.000000	228.108117	180.000000	127.570981	270.000000	90.000000	90.000000	153.023852	180.000000	158.081791	76.265987	90.000000	0.000000	0.000000	0.000000	4.707429	0.000000	68.081791	180.000000	180.000000	180.000000	90.000000	180.000000	180.000000	180.937576	90.000000	
91.082069	82.982490	188.244643	213.171374	180.000000	90.000000	88.554546	6.986018	315.000000	0.000000	0.000000	338.081791	81.917372	0.000000	231.064814	141.082588	133.405140	180.000000	228.108117	180.000000	127.570981	270.000000	90.000000	90.000000	152.934317	180.000000	158.081791	76.331720	90.000000	0.000000	0.000000	0.000000	4.707429	0.000000	68.081791	180.000000	180.000000	180.000000	90.000000	180.000000	180.000000	180.936546	90.000000	
81.058267	82.960553	188.116824	213.171374	180.000000	90.000000	88.554546	357.441328	315.000000	0.000000	0.000000	338.081791	81.948642	0.000000	231.064814	141.082588	133.405313	180.000000	228.108117	180.000000	127.570981	270.000000	90.000000	90.000000	152.845536	180.000000	158.081791	76.398234	90.000000	0.000000	0.000000	0.000000	4.707429	0.000000	68.081791	180.000000	180.000000	180.000000	90.000000	180.000000	180.000000	180.934464	90.000000	
91.055688	82.940561	187.991267	213.171374	180.000000	90.000000	88.554546	6.944624	315.000000	0.000000	0.000000	338.081791	81.981784	0.000000	231.064814	141.082588	133.405343	180.000000	228.108117	180.000000	127.570981	270.000000	90.000000	90.000000	152.757527	180.000000	158.081791	76.465524	90.000000	0.000000	0.000000	0.000000	3.169085	0.000000	68.081791	180.000000	180.000000	180.000000	90.000000	180.000000	180.000000	180.931336	90.000000	
81.090931	82.922504	187.868005	213.171374	180.000000	90.000000	88.554546	357.441514	315.000000	0.000000	0.000000	338.081791	82.016785	0.000000	231.064814	141.082588	133.405348	180.000000	228.108117	180.000000	127.570981	270.000000	90.000000	90.000000	152.670307	180.000000	158.081791	70.040066	90.000000	0.000000	0.000000	0.000000	2.881928	0.000000	68.081791	180.000000	180.000000	180.000000	90.000000	180.000000	180.000000	180.927165	90.000000	
91.032623	82.906371	187.747069	213.171374	180.000000	90.000000	88.554546	6.906641	315.000000	0.000000	0.000000	338.081791	82.053630	0.000000	231.064814	141.082588	133.405348	180.000000	226.850355	180.000000	127.570981	270.000000	90.000000	90.000000	152.583896	180.000000	158.081791	68.831557	90.000000	0.000000	0.000000	0.000000	2.828317	0.000000	68.081791	180.000000	180.000000	180.000000	90.000000	180.000000	180.000000	180.921957	90.000000	
81.128616	82.892151	187.628490	213.171374	180.000000	90.000000	88.554546	357.447097	315.000000	0.000000	0.000000	338.081791	82.092306	0.000000	231.064814	141.082588	133.405349	180.000000	226.637857	180.000000	127.570981	270.000000	90.000000	90.000000	152.498311	180.000000	158.081791	68.628001	90.000000	0.000000	0.000000	0.000000	2.818307	0.000000	68.081791	180.000000	180.000000	180.000000	90.000000	180.000000	180.000000	180.915716	90.000000	
91.012878	82.879833	187.512297	213.171374	180.000000	90.000000	88.554546	6.872069	315.000000	0.000000	0.000000	338.081791	82.132798	0.000000	231.064814	141.082588	133.405349	180.000000	226.601952	180.000000	127.570981	270.000000	90.000000	90.000000	152.413570	180.000000	158.081791	68.619407	90.000000	0.000000	0.000000	0.000000	2.816438	0.000000	68.081791	180.000000	180.000000	180.000000	90.000000	180.000000	180.000000	180.908447	90.000000	
81.171273	82.869406	187.398516	213.171374	180.000000	90.000000	88.554546	357.458031	315.000000	0.000000	0.000000	338.081791	82.175092	0.000000	231.064814	141.082588	133.405349	180.000000	226.595885	180.000000	127.570981	270.000000	90.000000	90.000000	152.329692	180.000000	158.081791	68.649748	90.000000	0.000000	0.000000	0.000000	2.816089	0.000000	68.081791	180.000000	180.000000	180.000000	90.000000	180.000000	180.000000	180.900155	90.000000	
90.996453	82.860860	187.287175	213.171374	180.000000	90.000000	88.554546	6.840910	315.000000	0.000000	0.000000	338.081791	82.219175	0.000000	231.064814	141.082588	133.405349	180.000000	226.594860	180.000000	127.570981	270.000000	90.000000	90.000000	152.246694	180.000000	158.081791	68.688990	90.000000	0.000000	0.000000	0.000000	2.816024	0.000000	68.081791	180.000000	180.000000	180.000000	90.000000	180.000000	180.000000	180.890845	90.000000	
81.218851	82.854181	187.178298	213.171374	180.000000	90.000000	88.554546	357.474265	315.000000	0.000000	0.000000	338.081791	82.265032	0.000000	231.064814	141.082588	133.405349	180.000000	226.594687	180.000000	127.570981	270.000000	90.000000	90.000000	152.164594	180.000000	158.081791	68.731347	90.000000	0.000000	0.000000	0.000000	2.816012	0.000000	68.081791	180.000000	180.000000	180.000000	90.000000	180.000000	180.000000	180.880521	90.000000	
90.983345	82.849360	187.071908	213.171374	180.000000	90.000000	88.554546	6.813164	315.000000	0.000000	0.000000	338.081791	82.312650	0.000000	231.064814	141.082588	133.405349	180.000000	226.594657	180.000000	127.570981	270.000000	90.000000	90.000000	152.083411	180.000000	158.081791	68.775695	90.000000	0.000000	0.000000	0.000000	2.816010	0.000000	68.081791	180.000000	180.000000	180.000000	90.000000	180.000000	180.000000	180.869189	90.000000	
81.271301	82.846384	186.968028	213.171374	180.000000	90.000000	88.554546	357.495753	315.000000	0.000000	0.000000	338.081791	82.362015	0.000000	231.064814	141.082588	133.405349	180.000000	226.594652	180.000000	127.570981	270.000000	90.000000	90.000000	152.003160	180.000000	158.081791	68.821806	90.000000	0.000000	0.000000	0.000000	2.816009	0.000000	68.081791	180.000000	180.000000	180.000000	90.000000	180.000000	180.000000	180.856854	90.000000	
90.973552	82.845243	186.866677	213.171374	180.000000	90.000000	88.554546	6.788830	315.000000	0.000000	0.000000	338.081791	91.623095	0.000000	231.064814	141.082588	133.405349	180.000000	226.594652	180.000000	127.570981	270.000000	90.000000	90.000000	151.923861	180.000000	158.081791	68.869624	90.000000	0.000000	0.000000	0.000000	2.816009	0.000000	68.081791	180.000000	180.000000	180.000000	90.000000	180.000000	180.000000	180.843521	90.000000	
81.328574	82.845924	186.767874	213.171374	180.000000	90.000000	88.554546	357.522445	315.000000	0.000000	0.000000	338.081791	84.120412	0.000000	231.064814	141.082588	133.405349	180.000000	226.594651	180.000000	127.570981	270.000000	90.000000	90.000000	151.845530	180.000000	158.081791	68.919128	90.000000	0.000000	0.000000	0.000000	2.816009	0.000000	68.081791	180.000000	180.000000	180.000000	90.000000	180.000000	180.000000	180.829195	90.000000	
90.967069	82.848415	186.671639	213.171374	180.000000	90.000000	88.554546	6.767907	315.000000	0.000000	0.000000	338.081791	82.754968	0.000000	231.064814	141.082588	133.405349	180.000000	226.594651	180.000000	127.570981	270.000000	90.000000	90.000000	151.768185	180.000000	158.081791	68.970300	90.000000	0.000000	0.000000	0.000000	2.816009	0.000000	68.081791	180.000000	180.000000	180.000000	90.000000	180.000000	180.000000	180.813881	90.000000	
81.390620	82.852706	186.577987	213.171374	180.000000	90.000000	88.554546	357.554294	315.000000	0.000000	0.000000	338.081791	91.631283	0.000000	231.064814	141.082588	133.405349	180.000000	226.594651	180.000000	127.570981	270.000000	90.000000	90.000000	151.691842	180.000000	158.081791	69.023126	90.000000	0.000000	0.000000	0.000000	2.816009	0.000000	68.081791	180.000000	180.000000	180.000000	90.000000	180.000000	180.000000	180.797586	90.000000	
90.963894	82.858784	186.486933	213.171374	180.000000	90.000000	88.554546	6.750391	315.000000	0.000000	0.000000	338.081791	84.182872	0.000000	231.064814	141.082588	133.405349	180.000000	226.594651	180.000000	127.570981	270.000000	90.000000	90.000000	151.616519	180.000000	158.081791	69.077591	90.000000	0.000000	0.000000	0.000000	2.816009	0.000000	68.081791	180.000000	180.000000	180.000000	90.000000	180.000000	180.000000	180.780313	90.000000	
81.457390	82.866637	186.398491	213.171374	180.000000	90.000000	88.554546	357.591250	315.000000	0.000000	0.000000	338.081791	91.845613	0.000000	231.064814	141.082588	133.405349	180.000000	226.594651	180.000000	127.570981	270.000000	90.000000	90.000000	151.542233	180.000000	158.081791	69.133681	90.000000	0.000000	0.000000	0.000000	2.816009	0.000000	68.081791	180.000000	180.000000	180.000000	90.000000	180.000000	180.000000	180.762069	90.000000	
90.964020	82.876254	186.312673	213.171374	180.000000	90.000000	88.554546	6.736280	315.000000	0.000000	0.000000	338.081791	84.246181	0.000000	231.064814	141.082588	133.405349	180.000000	226.594651	180.000000	127.570981	270.000000	90.000000	90.000000	151.469000	180.000000	158.081791	69.191383	90.000000	0.000000	0.000000	0.000000	2.816009	0.000000	68.081791	180.000000	180.000000	180.000000	90.000000	180.000000	180.000000	180.742859	90.000000	
81.528837	82.887622	186.229492	213.171374	180.000000	90.000000	88.554546	357.633266	315.000000	0.000000	0.000000	338.081791	91.801211	0.000000	231.064814	141.082588	133.405349	180.000000	226.594651	180.000000	127.570981	270.000000	90.000000	90.000000	151.396837	180.000000	158.081791	69.250682	90.000000	0.000000	0.000000	0.000000	2.816009	0.000000	68.081791	180.000000	180.000000	180.000000	90.000000	180.000000	180.000000	180.722688	90.000000	
90.967443	82.900730	186.148957	213.171374	180.000000	90.000000	88.554546	6.725570	315.000000	0.000000	0.000000	338.081791	84.268078	0.000000	231.064814	141.082588	133.405349	180.000000	226.594651	180.000000	127.570981	270.000000	90.000000	90.000000	151.325760	180.000000	158.081791	69.311565	90.000000	0.000000	0.000000	0.000000	2.816009	0.000000	68.081791	180.000000	180.000000	180.000000	90.000000	180.000000	180.000000	180.743257	90.000000	
81.604914	82.915567	186.071076	213.171374	180.000000	90.000000	88.554546	357.680294	315.000000	0.000000	0.000000	338.081791	91.752582	0.000000	231.064814	141.082588	133.405349	180.000000	226.594651	180.000000	127.570981	270.000000	90.000000	90.000000	151.255786	180.000000	158.081791	69.374017	90.000000	0.000000	0.000000	0.000000	2.816009	0.000000	68.081791	180.000000	180.000000	180.000000	90.000000	180.000000	180.000000	180.823123	90.000000	
90.974157	82.932119	185.995858	213.171374	180.000000	90.000000	88.554546	6.718256	315.000000	0.000000	0.000000	338.081791	84.296101	0.000000	231.064814	141.082588	133.405349	180.000000	226.594651	180.000000	127.570981	270.000000	90.000000	90.000000	151.186930	180.000000	158.081791	69.438026	90.000000	0.000000	0.000000	0.000000	2.816009	0.000000	68.081791	180.000000	180.000000	180.000000	90.000000	180.000000	180.000000	180.911809	90.000000	
81.685574	82.950376	185.923309	213.171374	180.000000	90.000000	88.554546	357.732285	315.000000	0.000000	0.000000	338.081791	91.708903	0.000000	231.064814	141.082588	133.405349	180.000000	226.594651	180.000000	127.570981	270.000000	90.000000	90.000000	151.119209	180.000000	158.081791	69.503578	90.000000	0.000000	0.000000	0.000000	2.816009	0.000000	68.081791	180.000000	180.000000	180.000000	90.000000	180.000000	180.000000	181.000300	90.000000	
90.984155	82.970325	185.853433	213.171374	180.000000	90.000000	88.554546	6.714334	315.000000	0.000000	0.000000	338.081791	84.331880	0.000000	231.064814	141.082588	133.405349	180.000000	226.594651	180.000000	127.570981	270.000000	90.000000	90.000000	158.744010	180.000000	158.081791	69.570661	90.000000	0.000000	0.000000	0.000000	2.816009	0.000000	68.081791	180.000000	180.000000	180.000000	90.000000	180.000000	180.000000	181.086980	90.000000	
81.770771	82.991955	185.786236	213.171374	180.000000	90.000000	88.554546	357.789192	315.000000	0.000000	0.000000	338.081791	91.670503	0.000000	231.064814	141.082588	133.405349	180.000000	226.594651	180.000000	127.570981	270.000000	90.000000	90.000000	160.242888	180.000000	158.081791	69.639261	90.000000	0.000000	0.000000	0.000000	2.816009	0.000000	68.081791	180.000000	180.000000	180.000000	90.000000	180.000000	180.000000	181.171559	90.000000	
90.997431	83.015254	185.721720	213.171374	180.000000	90.000000	88.554546	6.713797	315.000000	0.000000	0.000000	338.081791	84.375390	0.000000	231.064814	141.082588	133.405349	180.000000	226.594651	180.000000	127.570981	270.000000	90.000000	90.000000	160.483662	180.000000	158.081791	69.709365	90.000000	0.000000	0.000000	0.000000	2.816009	0.000000	68.081791	180.000000	180.000000	180.000000	90.000000	180.000000	180.000000	181.253984	90.000000	
81.860459	83.040210	185.659887	213.171374	180.000000	90.000000	88.554546	8.184784	315.000000	0.000000	0.000000	338.081791	91.637391	0.000000	231.064814	141.082588	133.405349	180.000000	226.594651	180.000000	127.570981	270.000000	90.000000	90.000000	160.465450	180.000000	158.081791	69.780962	90.000000	0.000000	0.000000	0.000000	2.816009	0.000000	68.081791	180.000000	180.000000	180.000000	90.000000	180.000000	180.000000	181.334246	90.000000	
91.013977	83.066811	185.600738	213.171374	180.000000	90.000000	88.554546	358.083911	315.000000	0.000000	0.000000	338.081791	84.426547	0.000000	231.064814	141.082588	133.405349	180.000000	226.594651	180.000000	127.570981	270.000000	90.000000	90.000000	160.394196	180.000000	158.081791	69.854038	90.000000	0.000000	0.000000	0.000000	2.816009	0.000000	68.081791	180.000000	180.000000	180.000000	90.000000	180.000000	180.000000	181.412341	90.000000	
92.523217	83.095046	185.544272	213.171374	180.000000	90.000000	88.554546	6.724117	315.000000	0.000000	0.000000	338.081791	91.609560	0.000000	231.064814	141.082588	133.405349	180.000000	226.594651	180.000000	127.570981	270.000000	90.000000	90.000000	160.312401	180.000000	158.081791	69.928583	90.000000	0.000000	0.000000	0.000000	2.816009	0.000000	68.081791	180.000000	180.000000	180.000000	90.000000	180.000000	180.000000	181.488271	90.000000	
82.204623	83.124902	185.490490	213.171374	180.000000	90.000000	88.554546	8.149969	315.000000	0.000000	0.000000	338.081791	84.485265	0.000000	231.064814	141.082588	133.405349	180.000000	226.594651	180.000000	127.570981	270.000000	90.000000	90.000000	160.228857	180.000000	158.081791	70.004582	90.000000	0.000000	0.000000	0.000000	2.816009	0.000000	68.081791	180.000000	180.000000	180.000000	90.000000	180.000000	180.000000	181.562035	90.000000	
91.049620	83.156369	185.439388	213.171374	180.000000	90.000000	88.554546	358.145291	315.000000	0.000000	0.000000	338.081791	91.587003	0.000000	231.064814	141.082588	133.405349	180.000000	226.594651	180.000000	127.570981	270.000000	90.000000	90.000000	160.145392	180.000000	158.081791	70.082026	90.000000	0.000000	0.000000	0.000000	2.816009	0.000000	68.081791	180.000000	180.000000	180.000000	90.000000	180.000000	180.000000	181.633636	90.000000	
92.509349	83.189435	185.390964	213.171374	180.000000	90.000000	88.554546	6.701580	315.000000	0.000000	0.000000	338.081791	84.551459	0.000000	231.064814	141.082588	133.405349	180.000000	226.594651	180.000000	127.570981	270.000000	90.000000	90.000000	160.062396	180.000000	158.081791	70.160901	90.000000	0.000000	0.000000	0.000000	2.816009	0.000000	68.081791	180.000000	180.000000	180.000000	90.000000	180.000000	180.000000	181.703074	90.000000	
82.315766	83.224088	185.345215	213.171374	180.000000	90.000000	88.554546	8.115722	315.000000	0.000000	0.000000	338.081791	91.569710	0.000000	231.064814	141.082588	133.405349	180.000000	226.594651	180.000000	127.570981	270.000000	90.000000	90.000000	159.979963	180.000000	158.081791	70.241197	90.000000	0.000000	0.000000	0.000000	2.816009	0.000000	68.081791	180.000000	180.000000	180.000000	90.000000	180.000000	180.000000	181.770353	90.000000	
91.052585	94.534454	185.302134	213.171374	180.000000	90.000000	88.554546	8.327050	315.000000	0.000000	0.000000	338.081791	84.625042	0.000000	231.064814	141.082588	133.405349	180.000000	226.594651	180.000000	127.570981	270.000000	90.000000	90.000000	159.898121	180.000000	158.081791	70.322903	90.000000	0.000000	0.000000	0.000000	2.816009	0.000000	68.081791	180.000000	180.000000	180.000000	90.000000	180.000000	180.000000	181.835476	90.000000	
92.496075	85.283013	185.261718	213.171374	180.000000	90.000000	88.554546	8.335671	315.000000	0.000000	0.000000	338.081791	91.557668	0.000000	231.064814	141.082588	133.405349	180.000000	226.594651	180.000000	127.570981	270.000000	90.000000	90.000000	159.816889	180.000000	158.081791	70.406007	90.000000	0.000000	0.000000	0.000000	2.816009	0.000000	68.081791	180.000000	180.000000	180.000000	90.000000	180.000000	180.000000	181.898445	90.000000	
92.716824	83.615633	185.223959	213.171374	180.000000	90.000000	88.554546	8.310773	315.000000	0.000000	0.000000	338.081791	92.863912	0.000000	231.064814	141.082588	133.405349	180.000000	226.594651	180.000000	127.570981	270.000000	90.000000	90.000000	159.736282	180.000000	158.081791	70.490498	90.000000	0.000000	0.000000	0.000000	2.816009	0.000000	68.081791	180.000000	180.000000	180.000000	90.000000	180.000000	180.000000	181.959266	90.000000	
92.732419	94.543880	185.188850	213.171374	180.000000	90.000000	88.554546	8.280985	315.000000	0.000000	0.000000	338.081791	84.956722	0.000000	231.064814	141.082588	133.405349	180.000000	226.594651	180.000000	127.570981	270.000000	90.000000	90.000000	159.656313	180.000000	158.081791	70.576365	90.000000	0.000000	0.000000	0.000000	2.816009	0.000000	68.081791	180.000000	180.000000	180.000000	90.000000	180.000000	180.000000	182.017942	90.000000	
92.714256	85.296836	185.156384	213.171374	180.000000	90.000000	88.554546	8.251152	315.000000	0.000000	0.000000	338.081791	91.561244	0.000000	231.064814	141.082588	133.405349	180.000000	226.594651	180.000000	127.570981	270.000000	90.000000	90.000000	159.576997	180.000000	158.081791	70.663598	90.000000	0.000000	0.000000	0.000000	2.816009	0.000000	68.081791	180.000000	180.000000	180.000000	90.000000	180.000000	180.000000	182.074478	90.000000	
92.691205	83.636819	185.126552	213.171374	180.000000	90.000000	88.554546	8.222097	315.000000	0.000000	0.000000	338.081791	92.807509	0.000000	231.064814	141.082588	133.405349	180.000000	226.594651	180.000000	127.570981	270.000000	90.000000	90.000000	159.498348	180.000000	158.081791	70.752187	90.000000	0.000000	0.000000	0.000000	2.816009	0.000000	68.081791	180.000000	180.000000	180.000000	90.000000	180.000000	180.000000	182.128880	90.000000	
92.668129	94.491773	185.099345	213.171374	180.000000	90.000000	88.554546	8.193959	315.000000	0.000000	0.000000	338.081791	93.014274	0.000000	231.064814	141.082588	133.405349	180.000000	226.594651	180.000000	127.570981	270.000000	90.000000	90.000000	159.420379	180.000000	158.081791	70.842120	90.000000	0.000000	0.000000	0.000000	2.816009	0.000000	68.081791	180.000000	180.000000	180.000000	90.000000	180.000000	180.000000	182.181153	90.000000	
92.645849	85.312904	185.074754	213.171374	180.000000	90.000000	88.554546	8.166764	315.000000	0.000000	0.000000	338.081791	93.019885	0.000000	231.064814	141.082588	133.405349	180.000000	226.594651	180.000000	127.570981	270.000000	90.000000	90.000000	159.343105	180.000000	158.081791	70.933389	90.000000	0.000000	0.000000	0.000000	2.816009	0.000000	68.081791	180.000000	180.000000	180.000000	90.000000	180.000000	180.000000	182.231304	90.000000	
92.624504	94.746393	185.052767	213.171374	180.000000	90.000000	88.554546	8.140520	315.000000	0.000000	0.000000	338.081791	92.987524	0.000000	231.064814	141.082588	133.405349	180.000000	226.594651	180.000000	127.570981	270.000000	90.000000	90.000000	159.266539	180.000000	158.081791	71.025983	90.000000	0.000000	0.000000	0.000000	2.816009	0.000000	68.081791	180.000000	180.000000	180.000000	90.000000	180.000000	180.000000	182.279339	90.000000	
92.604119	85.354562	185.033375	213.171374	180.000000	90.000000	88.554546	8.115227	315.000000	0.000000	0.000000	338.081791	92.948960	0.000000	231.064814	141.082588	133.405349	180.000000	226.594651	180.000000	127.570981	270.000000	90.000000	90.000000	159.190695	180.000000	158.081791	71.119892	90.000000	0.000000	0.000000	0.000000	2.816009	0.000000	68.081791	180.000000	180.000000	180.000000	90.000000	180.000000	180.000000	182.325264	90.000000	
92.584698	94.701872	185.016564	213.171374	180.000000	90.000000	88.554546	8.090889	315.000000	0.000000	0.000000	338.081791	92.910381	0.000000	231.064814	141.082588	133.405349	180.000000	226.594651	180.000000	127.570981	270.000000	90.000000	90.000000	159.115586	180.000000	158.081791	71.215107	90.000000	0.000000	0.000000	0.000000	2.816009	0.000000	68.081791	180.000000	180.000000	180.000000	90.000000	180.000000	180.000000	182.369088	90.000000	
92.566244	85.348040	185.002324	213.171374	180.000000	90.000000	88.554546	8.067507	315.000000	0.000000	0.000000	338.081791	92.872995	0.000000	231.064814	141.082588	133.405349	180.000000	226.594651	180.000000	127.570981	270.000000	90.000000	90.000000	159.041226	180.000000	158.081791	71.311618	90.000000	0.000000	0.000000	0.000000	2.816009	0.000000	68.081791	180.000000	180.000000	180.000000	90.000000	180.000000	180.000000	182.410817	90.000000	
92.548757	94.651582	184.990642	213.171374	180.000000	90.000000	88.554546	8.045082	315.000000	0.000000	0.000000	338.081791	92.837040	0.000000	231.064814	141.082588	133.405349	180.000000	226.594651	180.000000	127.570981	270.000000	90.000000	90.000000	158.967627	180.000000	158.081791	83.350760	90.000000	0.000000	0.000000	0.000000	2.816009	0.000000	68.081791	180.000000	180.000000	180.000000	90.000000	180.000000	180.000000	182.450460	90.000000	
92.532239	85.346731	184.981505	213.171374	180.000000	90.000000	88.554546	8.023617	315.000000	0.000000	0.000000	338.081791	92.802565	0.000000	231.064814	138.569620	133.405349	180.000000	226.594651	180.000000	127.570981	270.000000	90.000000	90.000000	158.894804	180.000000	158.081791	73.638470	90.000000	0.000000	0.000000	0.000000	2.816009	0.000000	68.081791	180.000000	180.000000	180.000000	90.000000	180.000000	180.000000	182.488025	90.000000	
92.516691	94.605440	184.974899	213.171374	180.000000	90.000000	88.554546	8.003113	315.000000	0.000000	0.000000	338.081791	92.769582	0.000000	231.064814	138.190417	133.405349	180.000000	226.594651	180.000000	127.570981	270.000000	90.000000	90.000000	158.822768	180.000000	158.081791	71.928062	90.000000	0.000000	0.000000	0.000000	2.816009	0.000000	68.081791	180.000000	180.000000	180.000000	90.000000	180.000000	180.000000	182.523520	90.000000	
92.502113	85.352368	184.970811	213.171374	180.000000	90.000000	88.554546	7.983572	315.000000	0.000000	0.000000	338.081791	92.738095	0.000000	231.064814	138.133177	133.405349	180.000000	226.594651	180.000000	127.570981	270.000000	90.000000	90.000000	158.751534	180.000000	158.081791	83.487923	90.000000	0.000000	0.000000	0.000000	2.816009	0.000000	68.081791	180.000000	180.000000	180.000000	90.000000	180.000000	180.000000	182.556954	90.000000	
92.488506	94.563784	184.969227	213.171374	180.000000	90.000000	88.554546	7.964994	315.000000	0.000000	0.000000	338.081791	92.708107	0.000000	231.064814	138.124537	133.405349	180.000000	226.594651	180.000000	127.570981	270.000000	90.000000	90.000000	158.681113	180.000000	158.081791	73.834042	90.000000	0.000000	0.000000	0.000000	2.816009	0.000000	68.081791	180.000000	180.000000	180.000000	90.000000	180.000000	180.000000	182.588336	90.000000	
92.475871	85.364940	184.970131	213.171374	180.000000	90.000000	88.554546	7.947381	315.000000	0.000000	0.000000	338.081791	88.570435	0.000000	231.064814	138.123232	133.405349	180.000000	226.594651	180.000000	127.570981	270.000000	90.000000	90.000000	158.611518	180.000000	158.081791	83.853706	90.000000	0.000000	0.000000	0.000000	2.816009	0.000000	68.081791	180.000000	180.000000	180.000000	90.000000	180.000000	180.000000	182.617675	90.000000	
92.464208	94.526625	184.973510	213.171374	180.000000	90.000000	88.554546	1.024603	315.000000	0.000000	0.000000	338.081791	87.759192	0.000000	231.064814	138.123035	133.405349	180.000000	226.594651	180.000000	127.570981	270.000000	90.000000	90.000000	158.542762	180.000000	158.081791	73.995688	90.000000	0.000000	0.000000	0.000000	2.816009	0.000000	68.081791	180.000000	180.000000	180.000000	90.000000	180.000000	180.000000	182.644981	90.000000	
92.453518	85.384379	184.979347	213.171374	180.000000	90.000000	88.554546	359.883824	315.000000	0.000000	0.000000	338.081791	87.581941	0.000000	231.064814	138.123006	133.405349	180.000000	226.594651	180.000000	127.570981	270.000000	90.000000	90.000000	158.474857	180.000000	158.081791	83.880162	90.000000	0.000000	0.000000	0.000000	2.816009	0.000000	68.081791	180.000000	180.000000	180.000000	90.000000	180.000000	180.000000	182.670264	90.000000	
92.443801	94.493964	184.987628	213.171374	180.000000	90.000000	88.554546	359.687140	315.000000	0.000000	0.000000	338.081791	87.526452	0.000000	231.064814	138.123001	133.405349	180.000000	226.594651	180.000000	127.570981	270.000000	90.000000	90.000000	158.407815	180.000000	158.081791	74.100697	90.000000	0.000000	0.000000	0.000000	2.816009	0.000000	68.081791	180.000000	180.000000	180.000000	90.000000	180.000000	180.000000	182.693533	90.000000	
87.452031	85.410612	184.998337	213.171374	180.000000	90.000000	88.554546	359.645531	315.000000	0.000000	0.000000	338.081791	87.495173	0.000000	231.064814	138.123001	133.405349	180.000000	226.594651	180.000000	127.570981	270.000000	90.000000	90.000000	158.341649	180.000000	158.081791	83.898984	90.000000	0.000000	0.000000	0.000000	2.816009	0.000000	68.081791	180.000000	180.000000	180.000000	90.000000	180.000000	180.000000	182.714798	90.000000	
86.627821	94.465798	185.011458	213.171374	180.000000	90.000000	88.554546	359.629927	315.000000	0.000000	0.000000	338.081791	87.469533	0.000000	231.064814	138.123000	133.405349	180.000000	226.594651	180.000000	127.570981	270.000000	90.000000	90.000000	158.276370	180.000000	158.081791	74.209697	90.000000	0.000000	0.000000	0.000000	2.816009	0.000000	68.081791	180.000000	180.000000	180.000000	90.000000	180.000000	180.000000	182.734071	90.000000	
86.484386	85.443567	185.026975	213.171374	180.000000	90.000000	88.554546	359.619219	315.000000	0.000000	0.000000	338.081791	87.445994	0.000000	231.064814	138.123000	133.405349	180.000000	226.594651	180.000000	127.570981	270.000000	90.000000	90.000000	158.211990	180.000000	158.081791	83.922117	90.000000	0.000000	0.000000	0.000000	2.816009	0.000000	68.081791	180.000000	180.000000	180.000000	90.000000	180.000000	180.000000	182.751361	90.000000	
86.452825	94.442124	185.044872	213.171374	180.000000	90.000000	89.036716	359.609956	315.000000	0.000000	0.000000	338.081791	87.423882	0.000000	231.064814	138.123000	133.405349	180.000000	226.594651	180.000000	127.570981	270.000000	90.000000	90.000000	158.148521	180.000000	158.081791	74.324793	90.000000	0.000000	0.000000	0.000000	2.816009	0.000000	68.081791	180.000000	180.000000	180.000000	90.000000	180.000000	180.000000	182.766680	90.000000	
86.440198	85.483173	185.065131	213.171374	180.000000	90.000000	89.118367	359.601572	315.000000	0.000000	0.000000	338.081791	87.403068	0.000000	231.064814	138.123000	133.405349	180.000000	226.594651	180.000000	127.570981	270.000000	90.000000	90.000000	158.085973	180.000000	158.081791	83.949976	90.000000	0.000000	0.000000	0.000000	2.816009	0.000000	68.081791	180.000000	180.000000	180.000000	90.000000	180.000000	180.000000	182.780037	90.000000	
86.431326	94.422938	185.087737	213.171374	180.000000	90.000000	89.132195	359.593975	315.000000	0.000000	0.000000	338.081791	87.383523	0.000000	231.064814	138.123000	133.405349	180.000000	226.594651	180.000000	127.570981	270.000000	90.000000	90.000000	158.024359	180.000000	158.081791	74.445985	90.000000	0.000000	0.000000	0.000000	2.816009	0.000000	68.081791	180.000000	180.000000	180.000000	90.000000	180.000000	180.000000	182.791445	90.000000	
86.423729	85.529356	185.112673	213.171374	180.000000	90.000000	89.134537	359.587145	315.000000	0.000000	0.000000	338.081791	87.365241	0.000000	231.064814	138.123000	133.405349	180.000000	226.594651	180.000000	127.570981	270.000000	90.000000	90.000000	157.963689	180.000000	158.081791	83.982563	90.000000	0.000000	0.000000	0.000000	2.816009	0.000000	68.081791	180.000000	180.000000	180.000000	90.000000	180.000000	180.000000	182.800913	90.000000	
86.417003	94.408232	185.139922	213.171374	180.000000	90.000000	89.134933	359.581080	315.000000	0.000000	0.000000	338.081791	87.348218	0.000000	231.064814	138.123000	133.405349	180.000000	226.594651	180.000000	127.570981	270.000000	90.000000	90.000000	157.903974	180.000000	158.081791	74.573198	90.000000	0.000000	0.000000	0.000000	2.816009	0.000000	68.081791	180.000000	180.000000	180.000000	90.000000	180.000000	180.000000	182.808454	90.000000	
86.411077	85.582047	185.169466	213.171374	180.000000	90.000000	89.135000	359.575777	315.000000	0.000000	0.000000	338.081791	87.332450	0.000000	231.064814	138.123000	133.405349	180.000000	226.594651	180.000000	130.641131	270.000000	90.000000	90.000000	157.845225	180.000000	158.081791	84.019863	90.000000	0.000000	0.000000	0.000000	2.816009	0.000000	68.081791	180.000000	180.000000	180.000000	90.000000	180.000000	180.000000	182.814078	90.000000	
86.405942	94.398000	185.201290	213.171374	180.000000	90.000000	89.135012	359.571233	315.000000	0.000000	0.000000	338.081791	87.317933	0.000000	231.064814	138.123000	133.405349	180.000000	226.594651	180.000000	131.104346	270.000000	90.000000	90.000000	157.787452	180.000000	158.081791	74.706358	90.000000	0.000000	0.000000	0.000000	2.816009	0.000000	68.081791	180.000000	180.000000	180.000000	90.000000	180.000000	180.000000	182.817798	90.000000	
86.401591	85.641172	185.235375	213.171374	180.000000	90.000000	89.135014	359.567447	315.000000	0.000000	0.000000	338.081791	87.304665	0.000000	231.064814	138.123000	133.405349	180.000000	226.594651	180.000000	131.174268	270.000000	90.000000	90.000000	157.730666	180.000000	158.081791	84.061861	90.000000	0.000000	0.000000	0.000000	2.816009	0.000000	68.081791	180.000000	180.000000	180.000000	90.000000	180.000000	180.000000	182.819624	90.000000	
86.398023	94.392233	185.271706	213.171374	180.000000	90.000000	89.135014	359.505146	315.000000	0.000000	0.000000	338.081791	87.292642	0.000000	231.064814	138.123000	133.405349	180.000000	226.594651	180.000000	131.184823	270.000000	90.000000	90.000000	157.674877	180.000000	158.081791	74.845393	90.000000	0.000000	0.000000	0.000000	2.816009	0.000000	68.081791	180.000000	180.000000	180.000000	90.000000	180.000000	180.000000	182.819568	90.000000	
86.395235	85.706662	185.310264	213.171374	180.000000	90.000000	89.135014	359.403588	315.000000	0.000000	0.000000	338.081791	87.281860	0.000000	231.064814	138.123000	133.405349	180.000000	226.594651	180.000000	131.186417	270.000000	90.000000	90.000000	157.620095	180.000000	158.081791	84.108539	90.000000	0.000000	0.000000	0.000000	2.816009	0.000000	68.081791	180.000000	180.000000	180.000000	90.000000	180.000000	180.000000	182.817642	90.000000	
86.393226	94.390922	185.351032	213.171374	180.000000	90.000000	89.135014	359.296830	315.000000	0.000000	0.000000	338.081791	87.272314	0.000000	231.064814	138.123000	133.405349	180.000000	226.594651	180.000000	131.186657	270.000000	90.000000	90.000000	157.566330	180.000000	158.081791	74.990232	90.000000	0.000000	0.000000	0.000000	2.816009	0.000000	68.081791	180.000000	180.000000	180.000000	90.000000	180.000000	180.000000	182.813857	90.000000	
86.391993	85.778446	185.393994	213.171374	180.000000	90.000000	89.135014	359.190492	315.000000	0.000000	0.000000	338.081791	87.264002	0.000000	231.064814	138.123000	133.405349	180.000000	226.594651	180.000000	131.186694	270.000000	90.000000	90.000000	157.513591	180.000000	158.081791	84.159880	90.000000	0.000000	0.000000	0.000000	2.816009	0.000000	68.081791	180.000000	180.000000	180.000000	90.000000	180.000000	180.000000	182.808226	90.000000	
86.391533	94.394056	185.439132	213.171374	180.000000	90.000000	89.135014	359.085506	315.000000	0.000000	0.000000	338.081791	87.256918	0.000000	231.064814	138.123000	133.405349	180.000000	226.594651	180.000000	131.186699	270.000000	90.000000	90.000000	157.461888	180.000000	158.081791	75.140807	90.000000	0.000000	0.000000	0.000000	2.816009	0.000000	68.081791	180.000000	180.000000	180.000000	90.000000	180.000000	180.000000	182.800760	90.000000	
86.391845	95.976547	185.486430	213.171374	180.000000	90.000000	89.135014	358.982034	315.000000	0.000000	0.000000	338.081791	87.251058	0.000000	231.064814	138.123000	133.405349	180.000000	226.594651	180.000000	131.186700	270.000000	90.000000	90.000000	157.411230	180.000000	158.081791	84.215866	90.000000	0.000000	0.000000	0.000000	2.816009	0.000000	68.081791	180.000000	180.000000	180.000000	90.000000	180.000000	180.000000	182.791472	90.000000	
86.392925	86.140285	185.535869	213.171374	180.000000	90.000000	89.135014	358.880109	315.000000	0.000000	0.000000	338.081791	87.246419	0.000000	231.064814	138.123000	133.405349	180.000000	226.594651	180.000000	131.186700	270.000000	90.000000	90.000000	157.361626	180.000000	158.081791	75.297051	90.000000	0.000000	0.000000	0.000000	2.816009	0.000000	68.081791	180.000000	180.000000	180.000000	90.000000	180.000000	180.000000	182.780372	90.000000	
86.394772	94.420381	185.587434	213.171374	180.000000	90.000000	89.135014	358.779744	315.000000	0.000000	0.000000	338.081791	87.242994	0.000000	231.064814	138.123000	133.405349	180.000000	226.594651	180.000000	131.186700	270.000000	90.000000	90.000000	157.313085	180.000000	158.081791	84.276478	90.000000	0.000000	0.000000	0.000000	2.816009	0.000000	68.081791	180.000000	180.000000	180.000000	90.000000	180.000000	180.000000	182.767473	90.000000	
86.397383	95.943213	185.641108	213.171374	180.000000	90.000000	89.135014	358.680945	315.000000	0.000000	0.000000	338.081791	87.240780	0.000000	231.064814	138.123000	133.405349	180.000000	226.594651	180.000000	131.186700	270.000000	90.000000	90.000000	157.265616	180.000000	148.723751	86.032230	90.000000	0.000000	0.000000	0.000000	2.816009	0.000000	68.081791	180.000000	180.000000	180.000000	90.000000	180.000000	180.000000	182.752787	90.000000	
86.400754	86.224384	185.696872	213.171374	180.000000	90.000000	89.135014	358.583719	315.000000	0.000000	0.000000	338.081791	87.239772	0.000000	231.064814	138.123000	133.405349	180.000000	226.594651	180.000000	131.186700	270.000000	90.000000	90.000000	157.219226	180.000000	147.148905	75.815707	90.000000	0.000000	0.000000	0.000000	2.816009	0.000000	68.081791	180.000000	180.000000	180.000000	90.000000	180.000000	180.000000	182.736325	90.000000	
86.404885	94.402778	185.754712	213.171374	180.000000	90.000000	89.135014	358.488073	315.000000	0.000000	0.000000	338.081791	87.239964	0.000000	231.064814	138.123000	133.405349	180.000000	226.594651	180.000000	131.186700	270.000000	90.000000	90.000000	157.173925	180.000000	146.882760	84.396181	90.000000	0.000000	0.000000	0.000000	2.816009	0.000000	68.081791	180.000000	180.000000	180.000000	90.000000	180.000000	180.000000	182.718101	90.000000	
86.409771	95.909435	185.814609	213.171374	180.000000	90.000000	89.135014	358.394013	315.000000	0.000000	0.000000	338.081791	87.241352	0.000000	228.607581	138.123000	133.405349	180.000000	226.594651	180.000000	131.186700	270.000000	90.000000	90.000000	157.129720	180.000000	146.837776	86.075098	90.000000	0.000000	0.000000	0.000000	2.816009	0.000000	68.081791	180.000000	180.000000	180.000000	90.000000	180.000000	180.000000	182.698126	90.000000	
86.410500	96.163791	185.876548	213.171374	180.000000	90.000000	89.135014	358.301544	315.000000	0.000000	0.000000	338.081791	87.243930	0.000000	228.192513	138.123000	133.405349	180.000000	226.594651	180.000000	131.186700	270.000000	90.000000	90.000000	157.086619	180.000000	146.830172	86.393323	90.000000	0.000000	0.000000	0.000000	2.816009	0.000000	68.081791	180.000000	180.000000	180.000000	90.000000	180.000000	180.000000	182.676411	90.000000	
86.327352	96.183077	185.940512	213.171374	180.000000	90.000000	89.135014	358.210670	315.000000	0.000000	0.000000	338.081791	87.247693	0.000000	228.122378	138.123000	133.405349	180.000000	226.594651	180.000000	131.186700	270.000000	90.000000	90.000000	157.044630	180.000000	146.828887	86.443181	90.000000	0.000000	0.000000	0.000000	2.816009	0.000000	68.081791	180.000000	180.000000	180.000000	90.000000	180.000000	180.000000	182.652969	90.000000	
86.231808	96.159052	186.006485	213.171374	180.000000	90.000000	89.135014	358.121397	315.000000	0.000000	0.000000	338.081791	87.252637	0.000000	228.110527	138.123000	133.405349	180.000000	226.594651	180.000000	131.186700	270.000000	90.000000	90.000000	157.003761	180.000000	146.828670	86.441032	90.000000	0.000000	0.000000	0.000000	2.816009	0.000000	68.081791	180.000000	180.000000	180.000000	90.000000	180.000000	180.000000	182.627812	90.000000	
86.135557	96.127870	186.074451	213.171374	180.000000	90.000000	89.135014	358.033729	315.000000	0.000000	0.000000	338.081791	87.258754	0.000000	228.108524	138.123000	133.405349	180.000000	226.594651	180.000000	131.186700	270.000000	90.000000	90.000000	156.964017	180.000000	146.828633	86.429725	90.000000	0.000000	0.000000	0.000000	2.816009	0.000000	68.081791	180.000000	180.000000	180.000000	90.000000	180.000000	180.000000	182.600951	90.000000	
86.040514	96.096350	186.144393	213.171374	180.000000	90.000000	89.135014	357.947668	315.000000	0.000000	0.000000	338.081791	87.266040	0.000000	228.108186	138.123000	133.405349	180.000000	226.594651	180.000000	131.186700	270.000000	90.000000	90.000000	156.925408	180.000000	146.828627	86.417743	90.000000	0.000000	0.000000	0.000000	2.816009	0.000000	68.081791	180.000000	180.000000	180.000000	90.000000	180.000000	180.000000	174.529827	90.000000	
85.946999	96.065780	186.216295	213.171374	180.000000	90.000000	89.135014	357.863219	315.000000	0.000000	0.000000	338.081791	87.274490	0.000000	228.108129	138.123000	133.405349	180.000000	226.594651	180.000000	131.186700	270.000000	90.000000	90.000000	156.887938	180.000000	146.828626	86.406766	90.000000	0.000000	0.000000	0.000000	2.816009	0.000000	68.081791	180.000000	180.000000	180.000000	90.000000	180.000000	180.000000	181.162313	90.000000	
85.855069	96.036405	186.290143	213.171374	180.000000	90.000000	89.135014	357.780384	315.000000	0.000000	0.000000	338.081791	87.284097	0.000000	228.108119	138.123000	133.405349	180.000000	226.594651	180.000000	131.186700	270.000000	90.000000	90.000000	156.851616	180.000000	146.828626	86.397127	90.000000	0.000000	0.000000	0.000000	2.816009	0.000000	68.081791	180.000000	180.000000	180.000000	90.000000	180.000000	180.000000	182.330499	90.000000	
85.764737	96.008273	186.365920	213.171374	180.000000	90.000000	89.135014	357.699166	315.000000	0.000000	0.000000	338.081791	87.294855	0.000000	228.108117	138.123000	133.405349	180.000000	226.594651	180.000000	131.186700	270.000000	90.000000	90.000000	156.816447	180.000000	146.828626	86.388890	90.000000	0.000000	0.000000	0.000000	2.816009	0.000000	68.081791	180.000000	180.000000	180.000000	90.000000	180.000000	180.000000	174.570679	90.000000	
85.676009	95.981396	186.443610	213.171374	180.000000	90.000000	89.135014	357.619567	315.000000	0.000000	0.000000	338.081791	87.306759	0.000000	228.108117	138.123000	133.405349	180.000000	226.594651	180.000000	131.186700	270.000000	90.000000	90.000000	156.782438	180.000000	146.828626	86.382069	90.000000	0.000000	0.000000	0.000000	2.816009	0.000000	68.081791	180.000000	180.000000	180.000000	90.000000	180.000000	180.000000	181.154502	90.000000	
85.588891	95.955778	186.523199	213.171374	180.000000	90.000000	89.135014	357.541588	315.000000	0.000000	0.000000	338.081791	87.319802	0.000000	228.108117	138.123000	133.405349	180.000000	226.594651	180.000000	131.186700	270.000000	90.000000	90.000000	156.749594	180.000000	146.828626	86.376666	90.000000	0.000000	0.000000	0.000000	2.816009	0.000000	68.081791	180.000000	180.000000	180.000000	90.000000	180.000000	180.000000	174.429430	90.000000	
85.503386	95.931421	186.604672	213.171374	180.000000	90.000000	89.135014	357.465231	315.000000	0.000000	0.000000	338.081791	87.333980	0.000000	228.108117	138.123000	133.405349	180.000000	226.594651	180.000000	131.186700	270.000000	90.000000	90.000000	156.717922	180.000000	146.828626	86.372682	90.000000	0.000000	0.000000	0.000000	2.816009	0.000000	68.081791	180.000000	180.000000	180.000000	90.000000	180.000000	180.000000	181.134089	90.000000	
85.419497	95.908327	186.688013	213.171374	180.000000	90.000000	89.135014	357.390497	315.000000	0.000000	0.000000	338.081791	87.349284	0.000000	228.108117	138.123000	133.405349	180.000000	226.594651	180.000000	131.186700	270.000000	90.000000	90.000000	156.687428	180.000000	146.828626	86.370117	90.000000	0.000000	0.000000	0.000000	2.816009	0.000000	68.081791	180.000000	180.000000	180.000000	90.000000	180.000000	180.000000	174.495070	90.000000	
85.337229	95.886499	186.773208	213.171374	180.000000	90.000000	89.135014	357.317386	315.000000	0.000000	0.000000	338.081791	87.365711	0.000000	228.108117	138.123000	133.405349	180.000000	226.594651	180.000000	131.186700	270.000000	90.000000	90.000000	156.658116	180.000000	146.828626	86.368969	90.000000	0.000000	0.000000	0.000000	2.816009	0.000000	68.081791	180.000000	180.000000	180.000000	90.000000	180.000000	180.000000	181.144124	90.000000	
85.256584	95.865939	186.860242	213.171374	180.000000	90.000000	89.135014	357.245899	315.000000	0.000000	0.000000	338.081791	87.383252	0.000000	228.108117	138.123000	133.405349	180.000000	226.594651	180.000000	131.186700	270.000000	90.000000	90.000000	156.629991	180.000000	146.828626	86.369239	90.000000	0.000000	0.000000	0.000000	2.816009	0.000000	68.081791	180.000000	180.000000	180.000000	90.000000	180.000000	180.000000	174.562845	90.000000	
85.177564	95.846647	186.949101	213.171374	180.000000	90.000000	89.135014	357.176035	315.000000	0.000000	0.000000	338.081791	87.401902	0.000000	228.108117	138.123000	133.405349	180.000000	226.594651	180.000000	131.186700	270.000000	90.000000	90.000000	156.603060	180.000000	146.828626	86.370924	90.000000	0.000000	0.000000	0.000000	2.816009	0.000000	68.081791	180.000000	180.000000	180.000000	90.000000	180.000000	180.000000	181.147905	90.000000	
85.100171	95.828625	187.039770	213.171374	180.000000	90.000000	89.135014	357.107795	315.000000	0.000000	0.000000	338.081791	87.421655	0.000000	228.108117	138.123000	133.405349	180.000000	226.594651	180.000000	131.186700	270.000000	90.000000	90.000000	156.577326	180.000000	146.828626	86.374025	90.000000	0.000000	0.000000	0.000000	2.816009	0.000000	68.081791	180.000000	180.000000	180.000000	90.000000	180.000000	180.000000	174.626044	90.000000	
85.024408	89.841203	187.132236	213.171374	180.000000	90.000000	89.135014	357.041178	315.000000	0.000000	0.000000	338.081791	87.442503	0.000000	228.108117	138.123000	133.405349	180.000000	226.594651	180.000000	131.186700	270.000000	90.000000	90.000000	156.552795	180.000000	146.828626	86.378541	90.000000	0.000000	0.000000	0.000000	2.816009	0.000000	68.081791	180.000000	180.000000	180.000000	90.000000	180.000000	180.000000	181.144299	90.000000	
84.950274	88.736821	187.226485	213.171374	180.000000	90.000000	89.135014	356.976182	315.000000	0.000000	0.000000	338.081791	87.464441	0.000000	228.108117	138.123000	133.405349	180.000000	226.594651	180.000000	131.186700	270.000000	90.000000	90.000000	156.529470	180.000000	146.828626	86.384469	90.000000	0.000000	0.000000	0.000000	2.816009	0.000000	68.081791	180.000000	180.000000	180.000000	90.000000	180.000000	180.000000	174.684443	90.000000	
84.877771	88.523775	187.322502	213.171374	180.000000	90.000000	89.135014	356.912806	315.000000	0.000000	0.000000	338.081791	87.472367	0.000000	228.108117	138.123000	133.405349	180.000000	226.594651	180.000000	131.186700	270.000000	90.000000	90.000000	156.507357	180.000000	146.828626	83.301336	90.000000	0.000000	0.000000	0.000000	2.816009	0.000000	68.081791	180.000000	180.000000	180.000000	90.000000	180.000000	180.000000	181.133335	90.000000	
84.806900	88.474395	187.420276	213.171374	180.000000	90.000000	89.135014	356.851049	315.000000	0.000000	0.000000	338.081791	87.393617	0.000000	228.108117	138.123000	133.405349	180.000000	226.594651	180.000000	131.186700	270.000000	90.000000	90.000000	156.486458	180.000000	146.828626	82.705329	90.000000	0.000000	0.000000	0.000000	2.816009	0.000000	68.081791	180.000000	180.000000	180.000000	90.000000	180.000000	180.000000	174.738032	90.000000	
84.737661	88.455739	187.519791	213.171374	180.000000	90.000000	89.135014	356.790909	315.000000	0.000000	0.000000	338.081791	87.300531	0.000000	228.108117	138.123000	133.405349	180.000000	226.594651	180.000000	131.186700	270.000000	90.000000	90.000000	156.466779	180.000000	146.828626	82.588025	90.000000	0.000000	0.000000	0.000000	2.816009	0.000000	68.081791	180.000000	180.000000	180.000000	90.000000	180.000000	180.000000	181.115082	90.000000	
84.670053	88.443530	187.621037	213.171374	180.000000	90.000000	89.135014	356.732383	315.000000	0.000000	0.000000	338.081791	87.206720	0.000000	228.108117	138.123000	133.405349	180.000000	226.594651	180.000000	131.186700	270.000000	90.000000	90.000000	156.448322	180.000000	146.828626	82.563604	90.000000	0.000000	0.000000	0.000000	2.816009	0.000000	68.081791	180.000000	180.000000	180.000000	90.000000	180.000000	180.000000	174.786810	90.000000	
84.604076	88.433333	187.723998	213.171374	180.000000	90.000000	89.135014	356.675469	315.000000	0.000000	0.000000	338.081791	87.114750	0.000000	228.108117	138.123000	133.405349	180.000000	226.594651	180.000000	131.186700	270.000000	90.000000	90.000000	156.431092	180.000000	146.828626	82.557952	90.000000	0.000000	0.000000	0.000000	2.816009	0.000000	68.081791	180.000000	180.000000	180.000000	90.000000	180.000000	180.000000	181.089610	90.000000	
84.539730	88.424338	187.828664	213.171374	180.000000	90.000000	89.135014	356.620164	315.000000	0.000000	0.000000	338.081791	87.025106	0.000000	228.108117	138.123000	133.405349	180.000000	226.594651	180.000000	131.186700	270.000000	90.000000	90.000000	156.415090	180.000000	146.828626	82.556841	90.000000	0.000000	0.000000	0.000000	2.816009	0.000000	68.081791	180.000000	180.000000	180.000000	90.000000	180.000000	180.000000	174.830780	90.000000	
84.477012	88.416393	187.935020	213.171374	180.000000	90.000000	89.135014	356.566466	315.000000	0.000000	0.000000	328.723751	86.937881	0.000000	228.108117	138.123000	133.405349	180.000000	226.594651	180.000000	131.186700	270.000000	90.000000	90.000000	156.400322	180.000000	146.828626	82.557537	90.000000	0.000000	0.000000	0.000000	2.816009	0.000000	68.081791	180.000000	180.000000	180.000000	90.000000	180.000000	180.000000	181.056991	90.000000	
84.415922	88.409469	188.043056	213.171374	180.000000	90.000000	89.135014	356.514371	315.000000	0.000000	0.000000	327.148905	86.853094	0.000000	228.108117	138.123000	133.405349	180.000000	226.594651	180.000000	131.186700	270.000000	90.000000	90.000000	156.386788	180.000000	146.828626	82.559514	90.000000	0.000000	0.000000	0.000000	2.816009	0.000000	68.081791	180.000000	180.000000	180.000000	90.000000	180.000000	180.000000	174.869944	90.000000	
84.356457	88.403558	188.152759	213.171374	180.000000	90.000000	89.135014	356.463875	315.000000	0.000000	0.000000	326.882760	86.770748	0.000000	228.108117	138.123000	133.405349	180.000000	226.594651	180.000000	131.186700	270.000000	90.000000	90.000000	156.374493	180.000000	146.828626	82.562667	90.000000	0.000000	0.000000	0.000000	2.816009	0.000000	68.081791	180.000000	180.000000	180.000000	90.000000	180.000000	180.000000	181.017296	90.000000	
84.298616	88.398656	188.264118	213.171374	180.000000	90.000000	89.135014	356.414976	315.000000	0.000000	0.000000	326.837776	86.690844	0.000000	228.108117	138.123000	133.405349	180.000000	226.594651	180.000000	131.186700	270.000000	90.000000	90.000000	156.363439	180.000000	146.828626	82.566974	90.000000	0.000000	0.000000	0.000000	2.816009	0.000000	68.081791	180.000000	180.000000	180.000000	90.000000	180.000000	180.000000	174.904309	90.000000	
84.242397	88.394760	188.377120	213.171374	180.000000	90.000000	89.135014	356.367668	315.000000	0.000000	0.000000	326.830172	86.613380	0.000000	228.108117	138.123000	133.405349	180.000000	226.594651	180.000000	131.186700	270.000000	90.000000	90.000000	156.353628	180.000000	146.828626	82.572425	90.000000	0.000000	0.000000	0.000000	2.816009	0.000000	58.723751	180.000000	180.000000	180.000000	90.000000	180.000000	180.000000	173.823575	90.000000	
84.187796	88.391865	188.491754	213.171374	180.000000	90.000000	89.135014	356.321948	315.000000	0.000000	0.000000	326.828887	86.538354	0.000000	228.108117	138.123000	133.405349	180.000000	226.594651	180.000000	131.186700	270.000000	90.000000	90.000000	156.345062	180.000000	146.828626	82.579015	90.000000	0.000000	0.000000	0.000000	2.816009	0.000000	57.148905	180.000000	180.000000	180.000000	90.000000	180.000000	180.000000	180.780617	90.000000	
84.134811	88.389970	188.608009	213.171374	180.000000	90.000000	89.135014	356.277812	315.000000	0.000000	0.000000	326.828670	86.465765	0.000000	228.108117	138.123000	133.405349	180.000000	226.594651	180.000000	131.186700	270.000000	90.000000	90.000000	156.337744	180.000000	146.828626	82.586740	90.000000	0.000000	0.000000	0.000000	2.816009	0.000000	56.882760	180.000000	180.000000	180.000000	90.000000	180.000000	180.000000	174.940856	90.000000	
84.083438	88.389069	188.725874	213.171374	180.000000	90.000000	89.135014	356.235254	315.000000	0.000000	0.000000	326.828633	86.395609	0.000000	228.108117	138.123000	133.405349	180.000000	226.594651	180.000000	131.186700	270.000000	90.000000	90.000000	156.331674	180.000000	146.828626	82.595594	90.000000	0.000000	0.000000	0.000000	2.816009	0.000000	56.837776	180.000000	180.000000	180.000000	90.000000	180.000000	180.000000	173.906706	90.000000	
84.033675	88.389161	188.845337	213.171374	180.000000	90.000000	89.135014	356.194271	315.000000	0.000000	0.000000	326.828627	86.327882	0.000000	228.108117	138.123000	133.405349	180.000000	226.594651	180.000000	131.186700	270.000000	90.000000	90.000000	156.326856	180.000000	146.828626	82.605573	90.000000	0.000000	0.000000	0.000000	2.816009	0.000000	56.830172	180.000000	180.000000	180.000000	90.000000	180.000000	180.000000	173.755645	90.000000	
83.985517	88.381590	188.966390	213.171374	180.000000	90.000000	89.135014	356.154856	315.000000	0.000000	0.000000	326.828626	86.262580	0.000000	228.108117	138.123000	133.405349	180.000000	226.594651	180.000000	131.186700	270.000000	90.000000	90.000000	156.323290	180.000000	146.828626	82.616671	90.000000	0.000000	0.000000	0.000000	2.816009	0.000000	56.828887	180.000000	180.000000	180.000000	90.000000	180.000000	180.000000	173.766282	90.000000	
83.938961	88.282377	189.089020	213.171374	180.000000	90.000000	89.135014	356.117006	315.000000	0.000000	0.000000	326.828626	86.199697	0.000000	228.108117	138.123000	133.405349	180.000000	226.594651	180.000000	131.186700	270.000000	90.000000	90.000000	156.320978	180.000000	146.828626	82.544266	90.000000	0.000000	0.000000	0.000000	2.816009	0.000000	56.828670	180.000000	180.000000	180.000000	90.000000	180.000000	180.000000	173.805663	90.000000	
83.894003	88.168007	189.213218	213.171374	180.000000	90.000000	89.135014	356.080714	315.000000	0.000000	0.000000	326.828626	86.139228	0.000000	228.108117	138.123000	133.405349	180.000000	226.594651	180.000000	131.186700	270.000000	90.000000	90.000000	156.319920	180.000000	146.828626	82.437698	90.000000	0.000000	0.000000	0.000000	2.816009	0.000000	56.828633	180.000000	180.000000	180.000000	90.000000	180.000000	180.000000	173.849274	90.000000	
83.850637	88.052518	189.338973	213.171374	180.000000	90.000000	89.135014	356.045976	315.000000	0.000000	0.000000	326.828626	86.081167	0.000000	228.108117	138.123000	133.405349	180.000000	226.594651	180.000000	131.186700	270.000000	90.000000	90.000000	156.320119	180.000000	146.828626	82.326458	90.000000	0.000000	0.000000	0.000000	2.816009	0.000000	56.828627	180.000000	180.000000	180.000000	90.000000	180.000000	180.000000	173.892595	90.000000	
83.808861	87.938493	189.466276	213.171374	180.000000	90.000000	89.135014	356.012785	315.000000	0.000000	0.000000	326.828626	86.025507	0.000000	228.108117	138.123000	133.405349	180.000000	226.594651	180.000000	131.186700	270.000000	90.000000	90.000000	156.321574	180.000000	146.828626	82.216229	90.000000	0.000000	0.000000	0.000000	2.816009	0.000000	56.828626	180.000000	180.000000	180.000000	90.000000	180.000000	180.000000	173.934786	90.000000	
83.768668	87.826417	189.595117	213.171374	180.000000	90.000000	89.135014	355.981136	315.000000	0.000000	0.000000	326.828626	85.972240	0.000000	228.108117	138.123000	133.405349	180.000000	226.594651	180.000000	131.186700	270.000000	90.000000	90.000000	156.324287	180.000000	146.828626	82.108115	90.000000	0.000000	0.000000	0.000000	2.816009	0.000000	56.828626	180.000000	180.000000	180.000000	90.000000	180.000000	180.000000	173.975691	90.000000	
83.730054	87.716386	189.725487	213.171374	180.000000	90.000000	89.135014	355.951023	315.000000	0.000000	0.000000	326.828626	85.921360	0.000000	228.108117	138.123000	133.405349	180.000000	226.594651	180.000000	131.186700	270.000000	90.000000	90.000000	156.328257	180.000000	146.828626	82.002334	90.000000	0.000000	0.000000	0.000000	2.816009	0.000000	56.828626	180.000000	180.000000	180.000000	90.000000	180.000000	180.000000	178.924972	90.000000	
83.693014	87.608427	202.698293	213.171374	180.000000	90.000000	89.135014	355.922439	315.000000	0.000000	0.000000	326.828626	85.872856	0.000000	228.108117	138.123000	133.405349	180.000000	226.594651	180.000000	131.186700	270.000000	90.000000	90.000000	156.333486	180.000000	146.828626	81.898934	90.000000	0.000000	0.000000	0.000000	2.816009	0.000000	56.828626	180.000000	180.000000	180.000000	90.000000	180.000000	180.000000	179.846925	90.000000	
83.657542	87.502549	192.626823	213.171374	180.000000	90.000000	89.135014	355.895380	315.000000	0.000000	0.000000	326.828626	85.826722	0.000000	228.108117	138.123000	133.405349	180.000000	226.594651	180.000000	131.186700	270.000000	90.000000	90.000000	156.339974	180.000000	146.828626	81.797931	90.000000	0.000000	0.000000	0.000000	2.816009	0.000000	56.828626	180.000000	180.000000	180.000000	90.000000	180.000000	180.000000	180.041895	90.000000	
83.623633	87.398763	190.611163	213.171374	180.000000	90.000000	89.135014	355.869837	315.000000	0.000000	0.000000	326.828626	85.782948	0.000000	228.108117	138.123000	133.405349	180.000000	226.594651	180.000000	131.186700	270.000000	90.000000	90.000000	156.347720	180.000000	146.828626	81.699333	90.000000	0.000000	0.000000	0.000000	2.816009	0.000000	56.828626	180.000000	180.000000	180.000000	90.000000	180.000000	180.000000	180.104684	90.000000	
83.591282	87.297074	202.963029	213.171374	180.000000	90.000000	89.135014	355.845805	315.000000	0.000000	0.000000	326.828626	85.741523	0.000000	228.108117	138.123000	133.405349	180.000000	226.594651	180.000000	131.186700	270.000000	90.000000	90.000000	156.356725	180.000000	146.828626	81.603143	90.000000	0.000000	0.000000	0.000000	2.816009	0.000000	56.828626	180.000000	180.000000	180.000000	90.000000	180.000000	180.000000	180.142679	90.000000	
83.560482	87.197490	192.925660	213.171374	180.000000	90.000000	89.135014	355.823278	315.000000	0.000000	0.000000	326.828626	85.702439	0.000000	228.108117	138.123000	133.405349	180.000000	226.594651	180.000000	131.186700	270.000000	90.000000	90.000000	156.366989	180.000000	146.828626	81.509367	90.000000	0.000000	0.000000	0.000000	2.816009	0.000000	56.828626	180.000000	180.000000	180.000000	90.000000	180.000000	180.000000	180.175266	90.000000	
83.531227	87.100015	190.929814	217.962153	180.000000	90.000000	89.135014	355.802248	315.000000	0.000000	0.000000	326.828626	85.665685	0.000000	228.108117	138.123000	133.405349	180.000000	226.594651	180.000000	131.186700	270.000000	90.000000	90.000000	156.378510	180.000000	146.828626	81.418009	90.000000	0.000000	0.000000	0.000000	2.816009	0.000000	56.828626	180.000000	180.000000	180.000000	90.000000	180.000000	180.000000	180.205944	90.000000	
83.503512	87.004656	203.109829	218.770766	180.000000	90.000000	89.135014	355.782709	315.000000	0.000000	0.000000	326.828626	85.631251	0.000000	228.108117	138.123000	133.405349	180.000000	226.594651	180.000000	131.186700	270.000000	90.000000	90.000000	156.391289	180.000000	146.828626	81.329069	90.000000	0.000000	0.000000	0.000000	2.816009	0.000000	56.828626	180.000000	180.000000	180.000000	90.000000	180.000000	180.000000	180.235345	90.000000	
83.477330	86.911415	193.212422	218.907401	180.000000	90.000000	89.135014	355.764653	315.000000	0.000000	0.000000	326.828626	85.599124	0.000000	228.108117	138.123000	133.405349	180.000000	226.594651	180.000000	131.186700	270.000000	90.000000	90.000000	156.405324	180.000000	146.828626	81.242551	90.000000	0.000000	0.000000	0.000000	2.816009	0.000000	56.828626	180.000000	180.000000	180.000000	90.000000	180.000000	180.000000	180.263585	90.000000	
83.452675	86.820296	203.649916	218.930491	180.000000	90.000000	89.135014	355.748075	315.000000	0.000000	0.000000	326.828626	85.569295	0.000000	228.108117	138.123000	133.405349	180.000000	226.594651	180.000000	131.186700	270.000000	90.000000	90.000000	156.420616	180.000000	146.828626	81.158454	90.000000	0.000000	0.000000	0.000000	2.816009	0.000000	56.828626	180.000000	180.000000	180.000000	90.000000	180.000000	180.000000	180.290685	90.000000	
83.429539	86.731303	193.478313	218.934393	180.000000	90.000000	89.135014	355.732966	315.000000	0.000000	0.000000	326.828626	85.541751	0.000000	228.108117	138.123000	133.405349	180.000000	226.594651	180.000000	131.186700	270.000000	90.000000	90.000000	156.437162	180.000000	146.828626	81.076780	90.000000	0.000000	0.000000	0.000000	2.816009	0.000000	56.828626	180.000000	180.000000	180.000000	90.000000	180.000000	180.000000	180.316650	90.000000	
83.407918	86.644438	203.746883	218.935052	180.000000	90.000000	89.135014	355.719321	315.000000	0.000000	0.000000	326.828626	85.516480	0.000000	228.108117	138.123000	133.405349	180.000000	226.594651	180.000000	131.186700	270.000000	90.000000	90.000000	156.454963	180.000000	146.828626	80.997526	90.000000	0.000000	0.000000	0.000000	2.816009	0.000000	56.828626	180.000000	180.000000	180.000000	90.000000	180.000000	180.000000	180.341484	90.000000	
83.387803	86.559701	193.658000	218.935164	180.000000	90.000000	89.135014	355.707130	315.000000	0.000000	0.000000	326.828626	85.493471	0.000000	228.108117	138.123000	133.405349	180.000000	226.594651	180.000000	131.186700	270.000000	90.000000	90.000000	156.474017	180.000000	146.828626	80.920692	90.000000	0.000000	0.000000	0.000000	2.816009	0.000000	56.828626	180.000000	180.000000	180.000000	90.000000	180.000000	180.000000	180.365187	90.000000	
83.369188	86.477095	203.828464	218.935182	180.000000	90.000000	89.135014	355.696388	315.000000	0.000000	0.000000	326.828626	85.472710	0.000000	228.108117	138.123000	133.405349	180.000000	226.594651	180.000000	131.186700	270.000000	90.000000	90.000000	156.494322	180.000000	146.828626	80.846275	90.000000	0.000000	0.000000	0.000000	2.816009	0.000000	56.828626	180.000000	180.000000	180.000000	90.000000	180.000000	180.000000	180.387763	90.000000	
83.352066	86.396620	193.840332	218.935186	180.000000	90.000000	89.135014	355.687087	315.000000	0.000000	0.000000	326.828626	85.454186	0.000000	228.108117	138.123000	133.405349	180.000000	226.594651	180.000000	131.186700	270.000000	90.000000	90.000000	156.515878	180.000000	146.828626	80.774273	90.000000	0.000000	0.000000	0.000000	2.816009	0.000000	56.828626	180.000000	180.000000	180.000000	90.000000	180.000000	180.000000	180.409212	90.000000	
83.336430	86.318274	203.914392	218.935186	180.000000	90.000000	89.135014	355.679220	315.000000	0.000000	0.000000	326.828626	85.437886	0.000000	228.108117	138.123000	133.405349	180.000000	226.594651	180.000000	131.186700	270.000000	90.000000	90.000000	156.538682	180.000000	146.828626	80.704681	90.000000	0.000000	0.000000	0.000000	2.816009	0.000000	56.828626	180.000000	180.000000	180.000000	90.000000	180.000000	180.000000	180.429539	90.000000	
83.322272	86.242059	194.029321	218.935186	180.000000	90.000000	89.135014	355.672778	315.000000	0.000000	0.000000	326.828626	85.423796	0.000000	228.108117	138.123000	133.405349	180.000000	226.594651	180.000000	131.186700	270.000000	90.000000	90.000000	156.562733	180.000000	146.828626	80.637496	90.000000	0.000000	0.000000	0.000000	2.816009	0.000000	56.828626	180.000000	180.000000	180.000000	90.000000	180.000000	180.000000	180.448744	90.000000	
83.309587	86.167971	204.005581	218.935186	180.000000	90.000000	89.135014	355.667755	315.000000	0.000000	0.000000	326.828626	85.411903	0.000000	228.108117	138.123000	133.405349	180.000000	226.594651	180.000000	131.186700	270.000000	90.000000	90.000000	156.588030	180.000000	146.828626	80.572712	90.000000	0.000000	0.000000	0.000000	2.816009	0.000000	56.828626	180.000000	180.000000	180.000000	90.000000	180.000000	180.000000	180.466831	90.000000	
83.298365	86.096010	194.225083	218.935186	180.000000	90.000000	89.135014	355.664143	315.000000	0.000000	0.000000	326.828626	85.402195	0.000000	228.108117	138.123000	133.405349	180.000000	226.594651	180.000000	131.186700	270.000000	90.000000	90.000000	156.614569	180.000000	146.828626	80.510325	90.000000	0.000000	0.000000	0.000000	1.895874	0.000000	56.828626	180.000000	180.000000	180.000000	90.000000	180.000000	180.000000	180.483802	90.000000	
83.288600	86.026174	204.102081	218.935186	180.000000	90.000000	89.135014	355.661935	315.000000	0.000000	0.000000	326.828626	85.394657	0.000000	228.108117	138.123000	133.405349	180.000000	226.594651	180.000000	131.186700	270.000000	90.000000	90.000000	156.642350	180.000000	146.828626	80.450327	90.000000	0.000000	0.000000	0.000000	1.724105	0.000000	56.828626	180.000000	180.000000	180.000000	90.000000	180.000000	180.000000	180.499660	90.000000	
83.280285	85.958458	194.427557	218.935186	180.000000	90.000000	89.135014	355.661122	315.000000	0.000000	0.000000	326.828626	85.389275	0.000000	228.108117	138.123000	133.405349	180.000000	226.594651	180.000000	131.186700	270.000000	90.000000	90.000000	156.671370	180.000000	146.828626	80.392714	90.000000	0.000000	0.000000	0.000000	1.692036	0.000000	56.828626	180.000000	180.000000	180.000000	90.000000	180.000000	180.000000	180.514408	90.000000	
83.273411	85.892860	204.203901	218.935186	180.000000	90.000000	89.135014	355.661697	315.000000	0.000000	0.000000	326.828626	85.386037	0.000000	228.108117	138.123000	133.405349	180.000000	226.594651	180.000000	131.186700	270.000000	90.000000	90.000000	156.701627	180.000000	146.828626	80.337476	90.000000	0.000000	0.000000	0.000000	1.686049	0.000000	56.828626	180.000000	180.000000	180.000000	90.000000	180.000000	180.000000	180.528049	90.000000	
83.267972	85.829377	194.636678	218.935186	180.000000	90.000000	89.135014	355.663652	315.000000	0.000000	0.000000	326.828626	85.384927	0.000000	228.108117	138.123000	133.405349	180.000000	226.594651	180.000000	131.186700	270.000000	90.000000	90.000000	156.733118	180.000000	146.828626	80.284607	90.000000	0.000000	0.000000	0.000000	1.684931	0.000000	56.828626	180.000000	180.000000	180.000000	90.000000	180.000000	180.000000	180.540586	90.000000	
83.263960	85.768003	189.995532	218.935186	180.000000	90.000000	89.135014	355.666981	315.000000	0.000000	0.000000	326.828626	85.385933	0.000000	228.108117	138.123000	133.405349	180.000000	226.594651	180.000000	131.186700	270.000000	90.000000	90.000000	156.765842	180.000000	146.828626	80.234098	90.000000	0.000000	0.000000	0.000000	1.684722	0.000000	56.828626	180.000000	180.000000	180.000000	90.000000	180.000000	180.000000	180.552023	90.000000	
83.261366	85.708734	189.044169	218.935186	180.000000	90.000000	89.135014	355.671674	315.000000	0.000000	0.000000	326.828626	85.389040	0.000000	228.108117	138.123000	133.405349	180.000000	226.594651	180.000000	131.186700	270.000000	90.000000	90.000000	156.799795	180.000000	146.828626	80.185941	90.000000	0.000000	0.000000	0.000000	1.684683	0.000000	56.828626	180.000000	180.000000	180.000000	90.000000	180.000000	180.000000	180.562363	90.000000	
83.260184	85.651565	188.856327	218.935186	180.000000	90.000000	89.135014	355.677724	315.000000	0.000000	0.000000	326.828626	85.394234	0.000000	228.108117	138.123000	133.405349	180.000000	226.594651	180.000000	131.186700	270.000000	90.000000	90.000000	156.834976	180.000000	146.828626	80.140126	90.000000	0.000000	0.000000	0.000000	1.684676	0.000000	56.828626	180.000000	180.000000	180.000000	90.000000	180.000000	180.000000	180.571609	90.000000	
83.260405	85.596490	188.827233	218.935186	180.000000	90.000000	89.135014	355.685123	315.000000	0.000000	0.000000	326.828626	85.401500	0.000000	228.108117	138.123000	133.405349	180.000000	226.594651	180.000000	131.186700	270.000000	90.000000	90.000000	156.871380	180.000000	146.828626	80.096644	90.000000	0.000000	0.000000	0.000000	1.684675	0.000000	56.828626	180.000000	180.000000	180.000000	90.000000	180.000000	180.000000	180.579765	90.000000	
83.262022	85.543504	188.831900	218.935186	180.000000	90.000000	89.135014	355.693864	315.000000	0.000000	0.000000	326.828626	85.410825	0.000000	228.108117	138.123000	133.405349	180.000000	226.594651	180.000000	131.186700	270.000000	90.000000	90.000000	156.909006	180.000000	146.828626	80.055486	90.000000	0.000000	0.000000	0.000000	1.684675	0.000000	56.828626	180.000000	180.000000	180.000000	90.000000	180.000000	180.000000	180.586834	90.000000	
83.265028	85.492600	188.844533	218.935186	180.000000	90.000000	89.135014	355.703939	315.000000	0.000000	0.000000	326.828626	85.422194	0.000000	228.108117	138.123000	133.405349	180.000000	226.594651	180.000000	131.186700	270.000000	90.000000	90.000000	156.947851	180.000000	146.828626	80.016640	90.000000	0.000000	0.000000	0.000000	1.684675	0.000000	56.828626	180.000000	180.000000	180.000000	90.000000	180.000000	180.000000	180.592822	90.000000	
83.269413	85.443772	188.859813	218.935186	180.000000	90.000000	89.135014	355.715339	315.000000	0.000000	0.000000	326.828626	85.435593	0.000000	228.108117	138.123000	133.405349	180.000000	226.594651	180.000000	131.186700	270.000000	90.000000	90.000000	156.987911	180.000000	146.828626	79.980097	90.000000	0.000000	0.000000	0.000000	1.684675	0.000000	56.828626	180.000000	180.000000	180.000000	90.000000	180.000000	180.000000	180.597730	90.000000	
83.275170	85.397011	188.876645	218.935186	180.000000	90.000000	89.135014	355.728058	315.000000	0.000000	0.000000	326.828626	85.451007	0.000000	228.108117	138.123000	133.405349	180.000000	226.594651	180.000000	131.186700	270.000000	90.000000	90.000000	157.029184	180.000000	146.828626	79.945844	90.000000	0.000000	0.000000	0.000000	1.684675	0.000000	56.828626	180.000000	180.000000	180.000000	90.000000	180.000000	180.000000	180.601565	90.000000	
83.282292	85.352312	188.894800	218.935186	180.000000	90.000000	89.135014	355.742087	315.000000	0.000000	0.000000	326.828626	85.468423	0.000000	228.108117	138.123000	133.405349	180.000000	226.594651	180.000000	131.186700	270.000000	90.000000	90.000000	157.071666	180.000000	146.828626	79.913871	90.000000	0.000000	0.000000	0.000000	1.684675	0.000000	56.828626	180.000000	180.000000	180.000000	90.000000	180.000000	180.000000	180.604328	90.000000	
83.290770	85.309666	188.914227	218.935186	180.000000	90.000000	89.135014	355.757418	315.000000	0.000000	0.000000	326.828626	85.487824	0.000000	228.108117	138.123000	133.405349	180.000000	226.594651	180.000000	131.186700	270.000000	90.000000	90.000000	157.115355	180.000000	146.828626	79.884166	90.000000	0.000000	0.000000	0.000000	1.684675	0.000000	56.828626	180.000000	180.000000	180.000000	90.000000	180.000000	180.000000	180.606026	90.000000	
83.300597	85.269066	188.934914	218.935186	180.000000	90.000000	89.135014	355.774044	315.000000	0.000000	0.000000	326.828626	85.509198	0.000000	228.108117	138.123000	133.405349	180.000000	226.594651	180.000000	131.186700	270.000000	90.000000	90.000000	157.160246	180.000000	146.828626	79.856717	90.000000	0.000000	0.000000	0.000000	1.684675	0.000000	56.828626	180.000000	180.000000	180.000000	90.000000	180.000000	180.000000	180.606661	90.000000	
83.311764	85.230502	188.956853	218.935186	180.000000	90.000000	89.135014	355.791957	315.000000	0.000000	0.000000	326.828626	85.532530	0.000000	228.108117	138.123000	133.405349	180.000000	226.594651	180.000000	131.186700	270.000000	90.000000	90.000000	157.206337	180.000000	146.828626	79.831511	90.000000	0.000000	0.000000	0.000000	1.684675	0.000000	56.828626	180.000000	180.000000	180.000000	90.000000	180.000000	180.000000	180.606239	90.000000	
83.324264	85.193967	188.980041	218.935186	180.000000	90.000000	89.135014	355.811149	315.000000	0.000000	0.000000	326.828626	85.557806	0.000000	228.108117	138.123000	133.405349	180.000000	226.594651	180.000000	131.186700	270.000000	90.000000	90.000000	157.253623	180.000000	146.828626	79.808537	90.000000	0.000000	0.000000	0.000000	1.684675	0.000000	56.828626	180.000000	180.000000	180.000000	90.000000	180.000000	180.000000	180.604764	90.000000	
83.338089	85.159452	189.004473	218.935186	180.000000	90.000000	89.135014	355.831613	315.000000	0.000000	0.000000	326.828626	85.585010	0.000000	228.108117	138.123000	133.405349	180.000000	226.594651	180.000000	131.186700	270.000000	90.000000	90.000000	157.302103	180.000000	146.828626	79.787782	90.000000	0.000000	0.000000	0.000000	1.684675	0.000000	56.828626	180.000000	180.000000	180.000000	90.000000	180.000000	180.000000	180.602240	90.000000	
83.353230	85.126948	189.030143	218.935186	180.000000	90.000000	89.135014	7.224672	315.000000	0.000000	0.000000	326.828626	85.614130	0.000000	228.108117	138.123000	133.405349	180.000000	226.594651	180.000000	131.186700	270.000000	90.000000	90.000000	157.351771	180.000000	146.828626	79.769232	90.000000	0.000000	0.000000	0.000000	1.684675	0.000000	56.828626	180.000000	180.000000	180.000000	90.000000	180.000000	180.000000	180.598671	90.000000	
83.369681	85.096445	189.057047	218.935186	180.000000	90.000000	89.135014	357.682835	315.000000	0.000000	0.000000	326.828626	85.645149	0.000000	228.108117	138.123000	133.405349	180.000000	226.594651	180.000000	131.186700	270.000000	90.000000	90.000000	157.402625	180.000000	146.828626	79.752874	90.000000	0.000000	0.000000	0.000000	1.684675	0.000000	56.828626	180.000000	180.000000	180.000000	90.000000	180.000000	180.000000	180.594064	90.000000	
83.387432	85.067934	189.085179	218.935186	180.000000	90.000000	89.135014	356.121080	315.000000	0.000000	0.000000	326.828626	85.678055	0.000000	228.108117	138.123000	133.405349	180.000000	226.594651	180.000000	131.186700	270.000000	90.000000	90.000000	157.454660	180.000000	146.828626	79.738695	90.000000	0.000000	0.000000	0.000000	1.684675	0.000000	56.828626	180.000000	180.000000	180.000000	90.000000	180.000000	180.000000	180.588421	90.000000	
83.406476	85.041405	189.114535	218.935186	180.000000	90.000000	89.135014	7.207582	315.000000	0.000000	0.000000	326.828626	85.712834	0.000000	228.108117	138.123000	133.405349	180.000000	226.594651	180.000000	131.186700	270.000000	90.000000	90.000000	157.507873	180.000000	146.828626	79.726682	90.000000	0.000000	0.000000	0.000000	1.684675	0.000000	56.828626	180.000000	180.000000	180.000000	90.000000	180.000000	180.000000	180.581749	90.000000	
83.426806	85.016849	189.145109	218.935186	180.000000	90.000000	89.135014	357.663502	315.000000	0.000000	0.000000	326.828626	94.158278	0.000000	228.108117	138.123000	133.405349	180.000000	226.594651	180.000000	131.186700	270.000000	90.000000	90.000000	157.562261	180.000000	146.828626	79.716821	90.000000	0.000000	0.000000	0.000000	1.684675	0.000000	56.828626	180.000000	180.000000	180.000000	90.000000	180.000000	180.000000	180.574051	90.000000	
83.448413	84.994254	189.176895	218.935186	180.000000	90.000000	89.135014	356.106465	315.000000	0.000000	0.000000	326.828626	87.303023	0.000000	228.108117	138.123000	133.405349	180.000000	226.594651	180.000000	131.186700	270.000000	90.000000	90.000000	157.617819	180.000000	146.828626	79.709098	90.000000	0.000000	0.000000	0.000000	1.684675	0.000000	56.828626	180.000000	180.000000	180.000000	90.000000	180.000000	180.000000	180.565333	90.000000	
83.471289	84.973612	189.209888	218.935186	180.000000	90.000000	89.135014	7.145655	315.000000	0.000000	0.000000	326.828626	86.040376	0.000000	228.108117	138.123000	133.405349	180.000000	226.594651	180.000000	131.186700	270.000000	90.000000	90.000000	157.674543	180.000000	146.828626	79.703499	90.000000	0.000000	0.000000	0.000000	1.684675	0.000000	56.828626	180.000000	180.000000	180.000000	90.000000	180.000000	180.000000	180.555600	90.000000	
83.495427	84.954911	189.244081	218.935186	180.000000	90.000000	89.135014	357.647728	315.000000	0.000000	0.000000	326.828626	94.134490	0.000000	228.108117	138.123000	133.405349	180.000000	226.594651	180.000000	131.186700	270.000000	90.000000	90.000000	157.732429	180.000000	146.828626	79.700010	90.000000	0.000000	0.000000	0.000000	1.684675	0.000000	56.828626	180.000000	180.000000	180.000000	90.000000	180.000000	180.000000	180.544857	90.000000	
83.520818	84.938141	189.279470	218.935186	180.000000	90.000000	89.135014	7.344380	315.000000	0.000000	0.000000	326.828626	87.328063	0.000000	228.108117	138.123000	133.405349	180.000000	226.594651	180.000000	131.186700	270.000000	90.000000	90.000000	157.791474	180.000000	146.828626	79.698617	90.000000	0.000000	0.000000	0.000000	1.684675	0.000000	56.828626	180.000000	180.000000	180.000000	90.000000	180.000000	180.000000	180.533108	90.000000	
83.547456	84.923290	189.316047	218.935186	180.000000	90.000000	89.135014	357.655961	315.000000	0.000000	0.000000	326.828626	94.309650	0.000000	228.108117	138.123000	133.405349	180.000000	226.594651	180.000000	131.186700	270.000000	90.000000	90.000000	157.851674	180.000000	146.828626	79.699305	90.000000	0.000000	0.000000	0.000000	1.684675	0.000000	56.828626	180.000000	180.000000	180.000000	90.000000	180.000000	180.000000	180.520360	90.000000	
83.575331	84.910350	189.353807	218.935186	180.000000	90.000000	89.135014	7.292180	315.000000	0.000000	0.000000	326.828626	87.364572	0.000000	228.108117	138.123000	133.405349	180.000000	226.594651	180.000000	131.186700	270.000000	90.000000	90.000000	159.849142	180.000000	146.828626	79.702061	90.000000	0.000000	0.000000	0.000000	1.684675	0.000000	56.828626	180.000000	180.000000	180.000000	90.000000	180.000000	180.000000	180.506617	90.000000	
83.604437	84.899307	189.392744	218.935186	180.000000	90.000000	89.135014	357.628069	315.000000	0.000000	0.000000	326.828626	94.248799	0.000000	228.108117	138.123000	133.405349	180.000000	226.594651	180.000000	131.186700	270.000000	90.000000	90.000000	160.253396	180.000000	146.828626	79.706869	90.000000	0.000000	0.000000	0.000000	1.684675	0.000000	56.828626	180.000000	180.000000	180.000000	90.000000	180.000000	180.000000	180.491884	90.000000	
83.634766	84.890152	189.432850	218.935186	180.000000	90.000000	89.135014	7.236440	315.000000	0.000000	0.000000	326.828626	87.363964	0.000000	228.108117	138.123000	133.405349	180.000000	226.594651	180.000000	131.186700	270.000000	90.000000	90.000000	160.352032	180.000000	146.828626	79.713716	90.000000	0.000000	0.000000	0.000000	1.684675	0.000000	56.828626	180.000000	180.000000	180.000000	90.000000	180.000000	180.000000	180.476167	90.000000	
83.666310	84.882872	189.474119	218.935186	180.000000	90.000000	89.135014	357.604683	315.000000	0.000000	0.000000	326.828626	94.184619	0.000000	228.108117	138.123000	133.405349	180.000000	226.594651	180.000000	131.186700	270.000000	90.000000	90.000000	160.392789	180.000000	146.828626	79.722587	90.000000	0.000000	0.000000	0.000000	1.684675	0.000000	56.828626	180.000000	180.000000	180.000000	90.000000	180.000000	180.000000	180.459471	90.000000	
94.579563	84.877457	189.516545	218.935186	180.000000	90.000000	89.135014	7.183905	315.000000	0.000000	0.000000	326.828626	87.369988	0.000000	228.108117	138.123000	133.405349	180.000000	226.594651	180.000000	131.186700	270.000000	90.000000	90.000000	160.423276	180.000000	146.828626	79.733467	90.000000	0.000000	0.000000	0.000000	1.684675	0.000000	56.828626	180.000000	180.000000	180.000000	90.000000	180.000000	180.000000	180.441801	90.000000	
85.433025	84.873896	189.560120	218.935186	180.000000	90.000000	89.135014	357.586867	315.000000	0.000000	0.000000	326.828626	94.125529	0.000000	228.108117	138.123000	133.405349	180.000000	226.594651	180.000000	131.186700	270.000000	90.000000	90.000000	160.452623	180.000000	146.828626	79.746342	90.000000	0.000000	0.000000	0.000000	1.684675	0.000000	56.828626	180.000000	180.000000	180.000000	90.000000	180.000000	180.000000	180.423163	90.000000	
83.971247	84.872176	189.604839	218.935186	180.000000	90.000000	89.135014	7.134767	315.000000	0.000000	0.000000	326.828626	87.384144	0.000000	228.108117	138.123000	133.405349	180.000000	226.594651	180.000000	131.186700	270.000000	90.000000	90.000000	160.482577	180.000000	146.828626	79.761197	90.000000	0.000000	0.000000	0.000000	1.684675	0.000000	56.828626	180.000000	180.000000	180.000000	90.000000	180.000000	180.000000	180.403563	90.000000	
94.571035	84.872287	189.650693	218.935186	180.000000	90.000000	89.135014	357.574604	315.000000	0.000000	0.000000	326.828626	94.071837	0.000000	228.108117	138.123000	133.405349	180.000000	226.594651	180.000000	131.186700	270.000000	90.000000	90.000000	160.513467	180.000000	146.828626	79.778018	90.000000	0.000000	0.000000	0.000000	1.684675	0.000000	56.828626	180.000000	180.000000	180.000000	90.000000	180.000000	180.000000	180.388273	90.000000	
85.447743	84.874216	189.697676	218.935186	180.000000	90.000000	89.135014	7.089036	315.000000	0.000000	0.000000	326.828626	87.406406	0.000000	228.108117	138.123000	133.405349	180.000000	226.594651	180.000000	131.186700	270.000000	90.000000	90.000000	160.545351	180.000000	146.828626	79.796789	90.000000	0.000000	0.000000	0.000000	1.684675	0.000000	56.828626	180.000000	180.000000	180.000000	90.000000	180.000000	180.000000	180.462524	90.000000	
83.994701	84.877953	189.745780	218.935186	180.000000	90.000000	89.135014	357.567849	315.000000	0.000000	0.000000	326.828626	94.023554	0.000000	228.108117	138.123000	133.405349	180.000000	226.594651	180.000000	131.186700	270.000000	90.000000	90.000000	160.578236	180.000000	146.828626	79.817498	90.000000	0.000000	0.000000	0.000000	1.684675	0.000000	56.828626	180.000000	180.000000	180.000000	90.000000	180.000000	180.000000	180.550989	90.000000	
94.521587	84.883485	189.794999	218.935186	180.000000	90.000000	89.135014	7.046714	315.000000	0.000000	0.000000	326.828626	87.436691	0.000000	228.108117	138.123000	133.405349	180.000000	226.594651	180.000000	131.186700	270.000000	90.000000	90.000000	160.612120	180.000000	146.828626	79.840128	90.000000	0.000000	0.000000	0.000000	1.684675	0.000000	56.828626	180.000000	180.000000	180.000000	90.000000	180.000000	180.000000	180.640220	90.000000	
85.466427	84.890801	189.845324	218.935186	180.000000	90.000000	89.135014	357.566555	315.000000	0.000000	0.000000	326.828626	93.980677	0.000000	228.108117	138.123000	133.405349	180.000000	226.594651	180.000000	131.186700	270.000000	90.000000	90.000000	160.646997	180.000000	146.828626	79.864666	90.000000	0.000000	0.000000	0.000000	1.684675	0.000000	56.828626	180.000000	180.000000	180.000000	90.000000	180.000000	180.000000	180.727813	90.000000	
94.712708	84.899889	189.896749	218.935186	180.000000	90.000000	89.135014	7.007806	315.000000	0.000000	0.000000	326.828626	87.474914	0.000000	228.108117	138.123000	133.405349	180.000000	226.594651	180.000000	131.186700	270.000000	90.000000	90.000000	160.682861	180.000000	146.828626	79.891097	90.000000	0.000000	0.000000	0.000000	1.684675	0.000000	56.828626	180.000000	180.000000	180.000000	90.000000	180.000000	180.000000	180.813335	90.000000	
85.496041	84.910737	189.949266	218.935186	180.000000	90.000000	89.135014	357.570675	315.000000	0.000000	0.000000	326.828626	93.943201	0.000000	228.108117	138.123000	133.405349	180.000000	226.594651	180.000000	131.186700	270.000000	90.000000	90.000000	160.719708	180.000000	146.828626	79.919406	90.000000	0.000000	0.000000	0.000000	1.684675	0.000000	56.828626	180.000000	180.000000	180.000000	90.000000	180.000000	180.000000	180.896709	90.000000	
94.668814	84.923333	190.002868	218.935186	180.000000	90.000000	89.135014	6.972313	315.000000	0.000000	0.000000	326.828626	87.520990	0.000000	228.108117	138.123000	133.405349	180.000000	226.594651	180.000000	131.186700	270.000000	90.000000	90.000000	160.757530	180.000000	146.828626	79.949580	90.000000	0.000000	0.000000	0.000000	1.684675	0.000000	56.828626	180.000000	180.000000	180.000000	90.000000	180.000000	180.000000	180.977918	90.000000	
85.492619	84.937667	190.057546	218.935186	180.000000	90.000000	89.135014	357.580160	315.000000	0.000000	0.000000	326.828626	93.911119	0.000000	228.108117	138.123000	133.405349	180.000000	226.594651	180.000000	131.186700	270.000000	90.000000	90.000000	160.796324	180.000000	146.828626	79.981603	90.000000	0.000000	0.000000	0.000000	1.684675	0.000000	56.828626	180.000000	180.000000	180.000000	90.000000	180.000000	180.000000	181.056961	90.000000	
94.621973	84.953725	190.113293	218.935186	180.000000	90.000000	89.135014	6.940236	315.000000	0.000000	0.000000	326.828626	87.574833	0.000000	228.108117	138.123000	133.405349	180.000000	226.594651	180.000000	131.186700	270.000000	90.000000	90.000000	160.836081	180.000000	146.828626	80.015462	90.000000	0.000000	0.000000	0.000000	1.684675	0.000000	56.828626	180.000000	180.000000	180.000000	90.000000	180.000000	180.000000	181.133836	90.000000	
85.493655	84.971497	190.170101	218.935186	180.000000	90.000000	89.135014	357.594964	315.000000	0.000000	0.000000	326.828626	93.884420	0.000000	228.108117	138.123000	133.405349	180.000000	226.594651	180.000000	131.186700	270.000000	90.000000	90.000000	160.876798	180.000000	146.828626	80.051142	90.000000	0.000000	0.000000	0.000000	1.684675	0.000000	56.828626	180.000000	180.000000	180.000000	90.000000	180.000000	180.000000	181.208544	90.000000	
94.578384	84.990970	190.227963	218.935186	180.000000	90.000000	89.135014	6.911576	315.000000	0.000000	0.000000	326.828626	95.062851	0.000000	228.108117	138.123000	133.405349	180.000000	226.594651	180.000000	131.186700	270.000000	90.000000	90.000000	160.918466	180.000000	146.828626	80.088630	90.000000	0.000000	0.000000	0.000000	1.684675	0.000000	56.828626	180.000000	180.000000	180.000000	90.000000	180.000000	180.000000	181.281087	90.000000	
85.500104	85.012133	190.286870	218.935186	180.000000	90.000000	89.135014	357.615037	315.000000	0.000000	0.000000	326.828626	87.858433	0.000000	228.108117	138.123000	133.405349	180.000000	226.594651	180.000000	131.186700	270.000000	90.000000	90.000000	160.961082	180.000000	146.828626	80.127910	90.000000	0.000000	0.000000	0.000000	1.684675	0.000000	56.828626	180.000000	180.000000	180.000000	90.000000	180.000000	180.000000	181.351466	90.000000	
94.538219	85.034973	190.346815	218.935186	180.000000	90.000000	89.135014	6.886331	315.000000	0.000000	0.000000	326.828626	93.864467	0.000000	228.108117	138.123000	133.405349	180.000000	226.594651	180.000000	131.186700	270.000000	90.000000	90.000000	161.004637	180.000000	146.828626	80.168970	90.000000	0.000000	0.000000	0.000000	1.684675	0.000000	56.828626	180.000000	180.000000	180.000000	90.000000	180.000000	180.000000	181.419683	90.000000	
85.511944	85.059480	190.407790	218.935186	180.000000	90.000000	89.135014	357.640332	315.000000	0.000000	0.000000	326.828626	94.988070	0.000000	228.108117	138.123000	133.405349	180.000000	226.594651	180.000000	131.186700	270.000000	90.000000	90.000000	161.049127	180.000000	146.828626	80.211795	90.000000	0.000000	0.000000	0.000000	1.684675	0.000000	56.828626	180.000000	180.000000	180.000000	90.000000	180.000000	180.000000	181.485741	90.000000	
94.501482	85.085642	190.469786	218.935186	180.000000	90.000000	89.135014	6.864500	315.000000	0.000000	0.000000	326.828626	95.167086	0.000000	228.108117	138.123000	133.405349	180.000000	226.594651	180.000000	131.186700	270.000000	90.000000	90.000000	161.094545	180.000000	146.828626	80.256372	90.000000	0.000000	0.000000	0.000000	1.684675	0.000000	56.828626	180.000000	180.000000	180.000000	90.000000	180.000000	180.000000	181.549643	90.000000	
85.529126	85.113446	190.532796	218.935186	180.000000	90.000000	89.135014	357.670799	315.000000	0.000000	0.000000	326.828626	95.163977	0.000000	228.108117	138.123000	133.405349	180.000000	226.594651	180.000000	131.186700	270.000000	90.000000	90.000000	161.140884	180.000000	146.828626	80.302687	90.000000	0.000000	0.000000	0.000000	1.684675	0.000000	56.828626	180.000000	180.000000	180.000000	90.000000	180.000000	180.000000	181.611394	90.000000	
94.468177	95.936287	190.596811	218.935186	180.000000	90.000000	89.135014	6.846081	315.000000	0.000000	0.000000	326.828626	95.126710	0.000000	228.108117	138.123000	133.405349	180.000000	226.594651	180.000000	131.186700	270.000000	90.000000	90.000000	161.188138	180.000000	146.828626	80.350725	90.000000	0.000000	0.000000	0.000000	1.684675	0.000000	56.828626	180.000000	180.000000	180.000000	90.000000	180.000000	180.000000	181.670997	90.000000	
85.551601	87.075493	190.661824	218.935186	180.000000	90.000000	89.135014	357.706391	315.000000	0.000000	0.000000	326.828626	95.084007	0.000000	228.108117	138.123000	133.405349	180.000000	226.594651	180.000000	131.186700	270.000000	90.000000	90.000000	161.236301	180.000000	146.828626	80.400475	90.000000	0.000000	0.000000	0.000000	1.684675	0.000000	56.828626	180.000000	180.000000	180.000000	90.000000	180.000000	180.000000	181.728457	90.000000	
94.438302	85.471178	190.727827	218.935186	180.000000	90.000000	89.135014	6.831072	315.000000	0.000000	0.000000	326.828626	95.041448	0.000000	228.108117	138.123000	133.405349	180.000000	226.594651	180.000000	131.186700	270.000000	90.000000	90.000000	161.285367	180.000000	146.828626	80.451922	90.000000	0.000000	0.000000	0.000000	1.684675	0.000000	56.828626	180.000000	180.000000	180.000000	90.000000	180.000000	180.000000	181.783780	90.000000	
85.579320	95.931266	190.794810	218.935186	180.000000	90.000000	89.135014	357.747058	315.000000	0.000000	0.000000	326.828626	95.000118	0.000000	228.108117	138.123000	133.405349	180.000000	226.594651	180.000000	131.186700	270.000000	90.000000	90.000000	161.335329	180.000000	146.828626	80.505053	90.000000	0.000000	0.000000	0.000000	1.684675	0.000000	56.828626	180.000000	180.000000	180.000000	90.000000	180.000000	180.000000	181.836970	90.000000	
94.411859	87.072040	190.862767	218.935186	180.000000	90.000000	89.135014	6.819467	315.000000	0.000000	0.000000	326.828626	94.960232	0.000000	228.108117	138.123000	133.405349	180.000000	226.594651	180.000000	131.186700	270.000000	90.000000	90.000000	161.386180	180.000000	146.828626	91.266607	90.000000	0.000000	0.000000	0.000000	1.684675	0.000000	56.828626	180.000000	180.000000	180.000000	90.000000	180.000000	180.000000	181.888034	90.000000	
85.612234	85.474269	190.931688	218.935186	180.000000	90.000000	89.135014	357.792754	315.000000	0.000000	0.000000	326.828626	94.921835	0.000000	228.108117	138.123000	133.405349	180.000000	226.594651	180.000000	131.186700	270.000000	90.000000	90.000000	161.437914	180.000000	146.828626	82.563267	90.000000	0.000000	0.000000	0.000000	1.684675	0.000000	56.828626	180.000000	180.000000	180.000000	90.000000	180.000000	180.000000	181.936979	90.000000	
94.388845	95.867796	191.001567	218.935186	180.000000	90.000000	89.135014	6.811264	315.000000	0.000000	0.000000	326.828626	90.256798	0.000000	228.108117	138.123000	133.405349	180.000000	226.594651	180.000000	131.186700	270.000000	90.000000	90.000000	161.490525	180.000000	146.828626	80.959560	90.000000	0.000000	0.000000	0.000000	1.684675	0.000000	56.828626	180.000000	180.000000	180.000000	90.000000	180.000000	180.000000	181.983810	90.000000	
85.650293	87.071702	191.072394	218.935186	180.000000	90.000000	89.135014	357.843430	315.000000	0.000000	0.000000	326.828626	89.343361	0.000000	228.108117	138.123000	133.405349	180.000000	226.594651	180.000000	131.186700	270.000000	90.000000	90.000000	161.544005	180.000000	146.828626	91.301337	90.000000	0.000000	0.000000	0.000000	1.684675	0.000000	56.828626	180.000000	180.000000	180.000000	90.000000	180.000000	180.000000	182.028535	90.000000	
94.369258	96.102769	191.144161	218.935186	180.000000	90.000000	89.135014	6.806456	315.000000	0.000000	0.000000	326.828626	89.142910	0.000000	228.108117	138.123000	133.405349	180.000000	226.594651	180.000000	131.186700	270.000000	90.000000	90.000000	161.598349	180.000000	146.828626	82.629545	90.000000	0.000000	0.000000	0.000000	1.684675	0.000000	56.828626	180.000000	180.000000	180.000000	90.000000	180.000000	180.000000	182.071162	90.000000	
85.693449	87.100926	191.216861	218.935186	180.000000	90.000000	89.135014	357.899038	315.000000	0.000000	0.000000	326.828626	89.078961	0.000000	228.108117	138.123000	133.405349	180.000000	226.594651	180.000000	131.186700	270.000000	90.000000	90.000000	161.653549	180.000000	146.828626	81.038805	90.000000	0.000000	0.000000	0.000000	1.684675	0.000000	56.828626	180.000000	180.000000	180.000000	90.000000	180.000000	180.000000	182.111698	90.000000	
94.353096	96.051371	191.290485	218.935186	180.000000	90.000000	89.135014	6.805039	315.000000	0.000000	0.000000	326.828626	89.041980	0.000000	228.108117	138.123000	133.405349	180.000000	226.594651	180.000000	131.186700	270.000000	90.000000	90.000000	161.709599	180.000000	146.828626	91.271073	90.000000	0.000000	0.000000	0.000000	1.684675	0.000000	56.828626	180.000000	180.000000	180.000000	90.000000	180.000000	180.000000	182.150151	90.000000	
85.741654	87.084283	191.365025	218.935186	180.000000	90.000000	89.135014	8.272422	315.000000	0.000000	0.000000	326.828626	89.011159	0.000000	228.108117	138.123000	133.405349	180.000000	226.594651	180.000000	131.186700	270.000000	90.000000	90.000000	161.766493	180.000000	146.828626	82.697867	90.000000	0.000000	0.000000	0.000000	1.684675	0.000000	56.828626	180.000000	180.000000	180.000000	90.000000	180.000000	180.000000	182.186529	90.000000	
94.340355	95.994676	191.440472	218.935186	180.000000	90.000000	89.135014	358.191435	315.000000	0.000000	0.000000	326.828626	88.982544	0.000000	228.108117	138.123000	133.405349	180.000000	226.594651	180.000000	131.186700	270.000000	90.000000	90.000000	161.824223	180.000000	146.828626	91.544632	90.000000	0.000000	0.000000	0.000000	1.684675	0.000000	56.828626	180.000000	180.000000	180.000000	90.000000	180.000000	180.000000	182.220842	90.000000	
85.794857	87.073073	191.516820	218.935186	180.000000	90.000000	89.135014	6.814028	315.000000	0.000000	0.000000	326.828626	88.955384	0.000000	228.108117	138.123000	133.405349	180.000000	226.594651	180.000000	131.186700	270.000000	90.000000	90.000000	161.882783	180.000000	146.828626	82.778354	90.000000	0.000000	0.000000	0.000000	1.684675	0.000000	56.828626	180.000000	180.000000	180.000000	90.000000	180.000000	180.000000	182.253099	90.000000	
94.331029	95.942198	191.594059	218.935186	180.000000	90.000000	89.135014	8.236467	315.000000	0.000000	0.000000	326.828626	88.929535	0.000000	228.108117	138.123000	133.405349	180.000000	226.594651	180.000000	131.186700	270.000000	90.000000	90.000000	161.942166	180.000000	146.828626	91.515476	90.000000	0.000000	0.000000	0.000000	1.684675	0.000000	56.828626	180.000000	180.000000	180.000000	90.000000	180.000000	180.000000	182.283307	90.000000	
85.853012	87.068964	191.672182	218.935186	180.000000	90.000000	89.135014	358.250962	315.000000	0.000000	0.000000	326.828626	88.904967	0.000000	228.108117	138.123000	133.405349	180.000000	226.594651	180.000000	131.186700	270.000000	90.000000	90.000000	162.002366	180.000000	146.828626	82.808571	90.000000	0.000000	0.000000	0.000000	1.684675	0.000000	56.828626	180.000000	180.000000	180.000000	90.000000	180.000000	180.000000	182.311477	90.000000	
94.325115	95.894262	191.751181	218.935186	180.000000	90.000000	89.135014	6.790246	315.000000	0.000000	0.000000	326.828626	88.881673	0.000000	228.108117	138.123000	133.405349	180.000000	226.594651	180.000000	131.186700	270.000000	90.000000	90.000000	162.063375	180.000000	146.828626	91.480173	90.000000	0.000000	0.000000	0.000000	1.684675	0.000000	56.828626	180.000000	180.000000	180.000000	90.000000	180.000000	180.000000	182.337619	90.000000	
85.916070	87.071945	191.831047	218.935186	180.000000	90.000000	89.135014	8.201096	315.000000	0.000000	0.000000	326.828626	88.859649	0.000000	228.108117	138.123000	133.405349	180.000000	226.594651	180.000000	131.186700	270.000000	90.000000	90.000000	162.125188	180.000000	146.828626	82.844271	90.000000	0.000000	0.000000	0.000000	1.684675	0.000000	56.828626	180.000000	180.000000	180.000000	90.000000	180.000000	180.000000	182.361742	90.000000	
94.322606	95.850883	191.911773	218.935186	180.000000	90.000000	89.135014	8.411568	315.000000	0.000000	0.000000	326.828626	88.838892	0.000000	228.108117	138.123000	133.405349	180.000000	226.594651	180.000000	131.186700	270.000000	90.000000	90.000000	162.187797	180.000000	146.828626	91.449580	90.000000	0.000000	0.000000	0.000000	1.684675	0.000000	56.828626	180.000000	180.000000	180.000000	90.000000	180.000000	180.000000	182.383857	90.000000	
95.695297	87.081948	191.993351	218.935186	180.000000	90.000000	89.135014	8.419770	315.000000	0.000000	0.000000	326.828626	88.819400	0.000000	228.108117	138.123000	133.405349	180.000000	226.594651	180.000000	131.186700	270.000000	90.000000	90.000000	162.251196	180.000000	146.828626	82.887409	90.000000	0.000000	0.000000	0.000000	1.684675	0.000000	56.828626	180.000000	180.000000	180.000000	90.000000	180.000000	180.000000	182.403973	90.000000	
86.204181	95.812061	192.075773	218.935186	180.000000	90.000000	89.423578	8.394531	315.000000	0.000000	0.000000	326.828626	88.801169	0.000000	228.108117	138.123000	134.050696	180.000000	226.594651	180.000000	131.186700	270.000000	90.000000	90.000000	162.315378	180.000000	146.828626	91.424091	90.000000	0.000000	0.000000	0.000000	1.684675	0.000000	56.828626	180.000000	180.000000	180.000000	90.000000	180.000000	180.000000	182.422101	90.000000	
94.328664	87.098902	192.159031	218.935186	180.000000	90.000000	89.472444	8.364414	315.000000	0.000000	0.000000	326.828626	88.784196	0.000000	228.108117	138.123000	134.159732	180.000000	226.594651	180.000000	131.186700	270.000000	90.000000	90.000000	162.380337	180.000000	146.828626	82.937974	90.000000	0.000000	0.000000	0.000000	1.684675	0.000000	56.828626	180.000000	180.000000	180.000000	90.000000	180.000000	180.000000	182.438252	90.000000	
95.656871	95.777796	192.243117	218.935186	180.000000	90.000000	89.480719	8.334255	315.000000	0.000000	0.000000	326.828626	88.768477	0.000000	228.108117	138.123000	134.178156	180.000000	226.594651	180.000000	131.186700	270.000000	90.000000	90.000000	162.446065	180.000000	146.828626	91.403713	90.000000	0.000000	0.000000	0.000000	1.684675	0.000000	56.828626	180.000000	180.000000	180.000000	90.000000	180.000000	180.000000	182.452437	90.000000	
86.277545	87.122737	192.328023	218.935186	180.000000	90.000000	89.482121	8.304873	315.000000	0.000000	0.000000	326.828626	88.754010	0.000000	228.108117	138.123000	134.181269	180.000000	226.594651	180.000000	131.186700	270.000000	90.000000	90.000000	162.512556	180.000000	146.828626	82.995880	90.000000	0.000000	0.000000	0.000000	1.684675	0.000000	56.828626	180.000000	180.000000	180.000000	90.000000	180.000000	180.000000	182.464665	90.000000	
94.305330	95.748085	192.413743	218.935186	180.000000	90.000000	89.482358	8.276409	315.000000	0.000000	0.000000	326.828626	88.740790	0.000000	228.108117	138.123000	134.181795	180.000000	226.594651	180.000000	131.186700	270.000000	90.000000	90.000000	162.579804	180.000000	146.828626	91.388439	90.000000	0.000000	0.000000	0.000000	1.684675	0.000000	56.828626	180.000000	180.000000	180.000000	90.000000	180.000000	180.000000	182.474950	90.000000	
95.619736	87.153381	192.500268	218.935186	180.000000	90.000000	89.482398	8.248888	315.000000	0.000000	0.000000	326.828626	88.728814	0.000000	228.108117	138.123000	134.181884	180.000000	226.594651	180.000000	131.186700	270.000000	90.000000	90.000000	162.647801	180.000000	146.828626	83.061043	90.000000	0.000000	0.000000	0.000000	1.684675	0.000000	56.828626	180.000000	180.000000	180.000000	90.000000	180.000000	180.000000	182.483300	90.000000	
95.812508	95.722925	192.587590	218.935186	180.000000	90.000000	89.482405	8.222316	315.000000	0.000000	0.000000	326.828626	88.718077	0.000000	228.108117	138.123000	134.181899	180.000000	226.594651	180.000000	131.186700	270.000000	90.000000	90.000000	162.716542	180.000000	146.828626	91.378261	90.000000	0.000000	0.000000	0.000000	1.684675	0.000000	56.828626	180.000000	180.000000	180.000000	90.000000	180.000000	180.000000	182.489729	90.000000	
95.817915	87.190762	192.675703	218.935186	180.000000	90.000000	89.482406	8.196697	315.000000	0.000000	0.000000	326.828626	88.708575	0.000000	228.108117	138.123000	134.181901	180.000000	226.594651	180.000000	131.186700	270.000000	90.000000	90.000000	162.786019	180.000000	146.828626	83.133376	90.000000	0.000000	0.000000	0.000000	1.684675	0.000000	56.828626	180.000000	180.000000	180.000000	90.000000	180.000000	180.000000	182.494247	90.000000	
95.792688	95.702311	192.764598	218.935186	180.000000	90.000000	89.482406	8.172031	315.000000	0.000000	0.000000	326.828626	88.700304	0.000000	228.108117	138.123000	134.181902	180.000000	225.949304	180.000000	131.186700	270.000000	90.000000	90.000000	162.856226	180.000000	146.828626	91.373166	90.000000	0.000000	0.000000	0.000000	1.684675	0.000000	56.828626	180.000000	180.000000	180.000000	90.000000	180.000000	180.000000	182.496865	90.000000	
95.763121	87.234810	192.854269	218.935186	180.000000	90.000000	89.482406	8.148321	315.000000	0.000000	0.000000	326.828626	88.693260	0.000000	228.108117	138.123000	134.181902	180.000000	225.840268	180.000000	131.186700	270.000000	90.000000	90.000000	162.927157	180.000000	146.828626	83.212795	90.000000	0.000000	0.000000	0.000000	1.684675	0.000000	56.828626	180.000000	180.000000	180.000000	90.000000	180.000000	180.000000	182.497596	90.000000	
95.733628	95.686235	192.944708	218.935186	180.000000	90.000000	89.482406	8.125569	315.000000	0.000000	0.000000	326.828626	88.687438	0.000000	228.108117	138.123000	134.181902	180.000000	225.821844	180.000000	131.186700	270.000000	90.000000	90.000000	162.998805	180.000000	146.828626	91.373142	90.000000	0.000000	0.000000	0.000000	1.684675	0.000000	56.828626	180.000000	180.000000	180.000000	90.000000	180.000000	180.000000	182.496451	90.000000	
95.704953	87.285453	193.035907	218.935186	180.000000	90.000000	89.482406	8.103776	315.000000	0.000000	0.000000	326.828626	88.682833	0.000000	228.108117	138.123000	134.181902	180.000000	225.818731	180.000000	131.186700	270.000000	90.000000	90.000000	163.071163	180.000000	146.828626	83.299217	90.000000	0.000000	0.000000	0.000000	1.684675	0.000000	56.828626	180.000000	180.000000	180.000000	90.000000	180.000000	180.000000	182.493442	90.000000	
95.677220	95.674690	193.127861	218.935186	180.000000	90.000000	89.482406	8.082944	315.000000	0.000000	0.000000	326.828626	88.679441	0.000000	228.108117	138.123000	134.181902	180.000000	225.818205	180.000000	131.186700	270.000000	90.000000	90.000000	163.144226	180.000000	146.828626	91.378175	90.000000	0.000000	0.000000	0.000000	1.684675	0.000000	56.828626	180.000000	180.000000	180.000000	90.000000	180.000000	180.000000	182.488580	90.000000	
95.650453	87.342621	193.220561	218.935186	180.000000	90.000000	89.482406	8.063075	315.000000	0.000000	0.000000	326.828626	88.677257	0.000000	228.108117	138.123000	134.181902	180.000000	225.818116	180.000000	131.186700	270.000000	90.000000	90.000000	163.217986	180.000000	146.828626	83.392559	90.000000	0.000000	0.000000	0.000000	1.684675	0.000000	56.828626	180.000000	180.000000	180.000000	90.000000	180.000000	180.000000	182.481877	90.000000	
95.624657	95.667668	193.314000	218.935186	180.000000	90.000000	89.482406	8.044169	315.000000	0.000000	0.000000	326.828626	88.676276	0.000000	228.108117	138.123000	134.181902	180.000000	225.818101	180.000000	131.186700	270.000000	90.000000	90.000000	163.292437	180.000000	146.828626	91.388250	90.000000	0.000000	0.000000	0.000000	1.684675	0.000000	56.828626	180.000000	180.000000	180.000000	90.000000	180.000000	180.000000	182.473345	90.000000	
95.599835	87.406242	193.408172	218.935186	180.000000	90.000000	89.482406	8.026228	315.000000	0.000000	0.000000	326.828626	88.676492	0.000000	228.108117	138.123000	134.181902	180.000000	225.818099	180.000000	131.186700	270.000000	90.000000	90.000000	163.367574	180.000000	146.828626	92.921938	90.000000	0.000000	0.000000	0.000000	1.684675	0.000000	56.828626	180.000000	180.000000	180.000000	90.000000	180.000000	180.000000	182.462997	90.000000	
95.575987	95.665159	193.503069	218.935186	180.000000	90.000000	89.482406	1.086395	315.000000	0.000000	0.000000	326.828626	88.677900	0.000000	228.108117	138.123000	134.181902	180.000000	225.818098	180.000000	131.186700	270.000000	90.000000	90.000000	163.443389	180.000000	146.828626	83.789820	90.000000	0.000000	0.000000	0.000000	1.684675	0.000000	56.828626	180.000000	180.000000	180.000000	90.000000	180.000000	180.000000	182.450843	90.000000	
95.553117	97.177389	193.598686	218.935186	180.000000	90.000000	89.482406	359.942682	315.000000	0.000000	0.000000	326.828626	88.680496	0.000000	228.108117	138.123000	134.181902	180.000000	225.818098	180.000000	131.186700	270.000000	90.000000	90.000000	163.519877	180.000000	146.828626	91.428601	90.000000	0.000000	0.000000	0.000000	1.684675	0.000000	56.828626	180.000000	180.000000	180.000000	90.000000	180.000000	180.000000	182.436896	90.000000	
95.531225	87.745732	193.695014	218.935186	180.000000	90.000000	89.482406	359.745334	315.000000	0.000000	0.000000	326.828626	88.684273	0.000000	228.108117	138.123000	134.181902	180.000000	225.818098	180.000000	131.186700	270.000000	90.000000	90.000000	163.597031	180.000000	146.828626	92.895704	90.000000	0.000000	0.000000	0.000000	1.684675	0.000000	56.828626	180.000000	180.000000	180.000000	90.000000	180.000000	180.000000	182.421169	90.000000	
95.510313	95.682105	193.792048	218.935186	180.000000	90.000000	89.482406	359.703430	315.000000	0.000000	0.000000	326.828626	88.689226	0.000000	228.108117	138.123000	134.181902	180.000000	225.818098	180.000000	131.186700	270.000000	90.000000	90.000000	163.674845	180.000000	146.828626	93.153585	90.000000	0.000000	0.000000	0.000000	1.684675	0.000000	56.828626	180.000000	180.000000	180.000000	90.000000	180.000000	180.000000	182.403672	90.000000	
95.490381	97.137292	193.889782	218.935186	180.000000	90.000000	89.482406	359.687591	315.000000	0.000000	0.000000	326.828626	88.695350	0.000000	228.108117	138.123000	134.181902	180.000000	225.818098	180.000000	131.186700	270.000000	90.000000	90.000000	163.753313	180.000000	146.828626	93.174756	90.000000	0.000000	0.000000	0.000000	1.684675	0.000000	56.828626	180.000000	180.000000	180.000000	90.000000	180.000000	180.000000	182.384418	90.000000	
95.471432	97.377756	193.988207	218.935186	180.000000	90.000000	89.482406	359.676659	315.000000	0.000000	0.000000	326.828626	88.702638	0.000000	228.108117	138.123000	134.181902	180.000000	225.818098	180.000000	131.186700	270.000000	90.000000	90.000000	163.832429	180.000000	146.828626	93.150514	90.000000	0.000000	0.000000	0.000000	1.684675	0.000000	56.828626	180.000000	180.000000	180.000000	90.000000	180.000000	180.000000	182.363418	90.000000	
89.707115	97.390612	194.087319	218.935186	180.000000	90.000000	89.482406	359.667174	315.000000	0.000000	0.000000	326.828626	88.711086	0.000000	228.108117	138.123000	134.181902	180.000000	225.818098	180.000000	131.186700	270.000000	90.000000	90.000000	163.912186	180.000000	146.828626	93.118494	90.000000	0.000000	0.000000	0.000000	1.684675	0.000000	56.828626	180.000000	180.000000	180.000000	90.000000	180.000000	180.000000	182.340686	90.000000	
88.755038	97.361628	194.187111	218.935186	180.000000	90.000000	89.482406	359.658569	315.000000	0.000000	0.000000	326.828626	88.720687	0.000000	228.108117	138.123000	134.181902	180.000000	225.818098	180.000000	131.186700	270.000000	90.000000	90.000000	163.992580	180.000000	146.828626	93.086100	90.000000	0.000000	0.000000	0.000000	1.684675	0.000000	56.828626	180.000000	180.000000	180.000000	90.000000	180.000000	180.000000	182.316232	90.000000	
88.586620	97.325773	194.287577	218.935186	180.000000	90.000000	89.482406	359.650751	315.000000	0.000000	0.000000	326.828626	88.731435	0.000000	228.108117	138.123000	134.181902	180.000000	225.818098	180.000000	131.186700	270.000000	90.000000	90.000000	164.073603	180.000000	146.828626	93.054791	90.000000	0.000000	0.000000	0.000000	1.684675	0.000000	56.828626	180.000000	180.000000	180.000000	90.000000	180.000000	180.000000	174.303807	90.000000	
88.546594	97.289632	194.388710	218.935186	180.000000	90.000000	89.482406	359.643702	315.000000	0.000000	0.000000	326.828626	88.743324	0.000000	228.108117	138.123000	134.181902	180.000000	225.818098	180.000000	131.186700	270.000000	90.000000	90.000000	164.155251	180.000000	146.828626	93.024857	90.000000	0.000000	0.000000	0.000000	1.684675	0.000000	56.828626	180.000000	180.000000	180.000000	90.000000	180.000000	180.000000	180.891616	90.000000	
88.528162	97.254449	194.490505	218.935186	180.000000	90.000000	89.482406	359.637417	315.000000	0.000000	0.000000	326.828626	88.756349	0.000000	228.108117	138.123000	134.181902	180.000000	225.818098	180.000000	131.186700	270.000000	90.000000	90.000000	164.237516	180.000000	146.828626	92.996357	90.000000	0.000000	0.000000	0.000000	1.684675	0.000000	56.828626	180.000000	180.000000	180.000000	90.000000	180.000000	180.000000	182.054235	90.000000	
88.513921	97.220459	194.592955	218.935186	180.000000	90.000000	89.482406	359.631895	315.000000	0.000000	0.000000	326.828626	88.770502	0.000000	228.108117	138.123000	134.181902	180.000000	225.818098	180.000000	131.186700	270.000000	90.000000	90.000000	164.320394	180.000000	146.828626	92.969304	90.000000	0.000000	0.000000	0.000000	1.684675	0.000000	56.828626	180.000000	180.000000	180.000000	90.000000	180.000000	180.000000	174.349203	90.000000	
88.501035	97.187711	194.696055	218.935186	180.000000	90.000000	89.482406	359.627132	315.000000	0.000000	0.000000	326.828626	88.785779	0.000000	228.108117	138.123000	134.181902	180.000000	225.818098	180.000000	131.186700	270.000000	90.000000	90.000000	164.403879	180.000000	146.828626	92.943704	90.000000	0.000000	0.000000	0.000000	1.684675	0.000000	56.828626	180.000000	180.000000	180.000000	90.000000	180.000000	180.000000	180.890115	90.000000	
88.489043	97.156215	194.799800	218.935186	180.000000	90.000000	89.482406	359.623128	315.000000	0.000000	0.000000	326.828626	88.802172	0.000000	228.108117	138.123000	134.181902	180.000000	225.818098	180.000000	131.186700	270.000000	90.000000	90.000000	164.487965	180.000000	146.828626	92.919559	90.000000	0.000000	0.000000	0.000000	1.684675	0.000000	56.828626	180.000000	180.000000	180.000000	90.000000	180.000000	180.000000	174.212103	90.000000	
88.477866	97.125976	194.904183	218.935186	180.000000	90.000000	89.482406	359.583938	315.000000	0.000000	0.000000	326.828626	88.819675	0.000000	228.108117	138.123000	134.181902	180.000000	225.818098	180.000000	131.186700	270.000000	90.000000	90.000000	164.572646	180.000000	146.828626	92.896871	90.000000	0.000000	0.000000	0.000000	1.684675	0.000000	56.828626	180.000000	180.000000	180.000000	90.000000	180.000000	180.000000	180.873965	90.000000	
88.467491	97.096998	195.009198	218.935186	180.000000	90.000000	89.482406	359.485855	315.000000	0.000000	0.000000	326.828626	88.838281	0.000000	228.108117	138.123000	134.181902	180.000000	225.818098	180.000000	131.186700	270.000000	90.000000	90.000000	164.657917	180.000000	146.828626	92.875641	90.000000	0.000000	0.000000	0.000000	1.684675	0.000000	56.828626	180.000000	180.000000	180.000000	90.000000	180.000000	180.000000	174.280386	90.000000	
88.457914	97.069283	195.114842	218.935186	180.000000	90.000000	89.482406	359.379338	315.000000	0.000000	0.000000	326.828626	88.857986	0.000000	228.108117	138.123000	134.181902	180.000000	225.818098	180.000000	131.186700	270.000000	90.000000	90.000000	164.743773	180.000000	146.828626	92.855872	90.000000	0.000000	0.000000	0.000000	1.684675	0.000000	56.828626	180.000000	180.000000	180.000000	90.000000	180.000000	180.000000	180.887969	90.000000	
88.449133	97.042833	195.221107	218.935186	180.000000	90.000000	89.482406	359.272705	315.000000	0.000000	0.000000	326.828626	88.878781	0.000000	228.108117	138.123000	134.181902	180.000000	225.818098	180.000000	131.186700	270.000000	90.000000	90.000000	164.830207	180.000000	146.828626	88.183697	90.000000	0.000000	0.000000	0.000000	1.684675	0.000000	56.828626	180.000000	180.000000	180.000000	90.000000	180.000000	180.000000	174.350750	90.000000	
88.441145	97.017652	195.327989	218.935186	180.000000	90.000000	89.482406	359.167335	315.000000	0.000000	0.000000	326.828626	88.900660	0.000000	228.108117	138.123000	134.181902	180.000000	225.818098	180.000000	131.186700	270.000000	90.000000	90.000000	164.917215	180.000000	146.828626	87.273600	90.000000	0.000000	0.000000	0.000000	1.684675	0.000000	56.828626	180.000000	180.000000	180.000000	90.000000	180.000000	180.000000	180.895667	90.000000	
88.433949	96.993740	195.435483	218.935186	180.000000	90.000000	89.482406	359.063462	315.000000	0.000000	0.000000	326.828626	88.852257	0.000000	228.108117	138.123000	134.181902	180.000000	225.818098	180.000000	131.186700	270.000000	90.000000	90.000000	155.427428	180.000000	146.828626	87.084235	90.000000	0.000000	0.000000	0.000000	1.684675	0.000000	56.828626	180.000000	180.000000	180.000000	90.000000	180.000000	180.000000	174.416530	90.000000	
88.427543	96.971102	195.543583	218.935186	180.000000	90.000000	89.482406	358.961132	315.000000	0.000000	0.000000	326.828626	88.763808	0.000000	228.108117	138.123000	134.181902	180.000000	225.818098	180.000000	131.186700	270.000000	90.000000	90.000000	153.754589	180.000000	146.828626	87.033861	90.000000	0.000000	0.000000	0.000000	1.684675	0.000000	56.828626	180.000000	180.000000	180.000000	90.000000	180.000000	180.000000	180.895931	90.000000	
88.421925	90.716517	195.652285	218.935186	180.000000	90.000000	89.482406	358.860359	315.000000	0.000000	0.000000	326.828626	88.669812	0.000000	228.108117	138.123000	134.181902	180.000000	225.818098	180.000000	131.186700	270.000000	90.000000	90.000000	153.525352	180.000000	146.828626	87.011068	90.000000	0.000000	0.000000	0.000000	1.684675	0.000000	56.828626	180.000000	180.000000	180.000000	90.000000	180.000000	180.000000	174.477503	90.000000	
88.417091	89.561952	195.761583	218.935186	180.000000	90.000000	89.482406	358.761151	315.000000	0.000000	0.000000	326.828626	88.576752	0.000000	228.108117	138.123000	134.181902	180.000000	225.818098	180.000000	131.186700	270.000000	90.000000	90.000000	153.564213	180.000000	146.828626	86.994529	90.000000	0.000000	0.000000	0.000000	1.684675	0.000000	56.828626	180.000000	180.000000	180.000000	90.000000	180.000000	180.000000	180.888792	90.000000	
88.413041	89.337483	195.871474	218.935186	180.000000	90.000000	89.482406	358.663514	315.000000	0.000000	0.000000	326.828626	88.485852	0.000000	228.108117	138.123000	134.181902	180.000000	225.818098	180.000000	131.186700	270.000000	90.000000	90.000000	153.653586	180.000000	146.828626	86.980160	90.000000	0.000000	0.000000	0.000000	1.684675	0.000000	56.828626	180.000000	180.000000	180.000000	90.000000	180.000000	180.000000	174.533658	90.000000	
88.409771	89.283661	195.981951	218.935186	180.000000	90.000000	89.482406	358.567456	315.000000	0.000000	0.000000	326.828626	88.397343	0.000000	228.108117	138.123000	134.181902	180.000000	225.818098	180.000000	131.186700	270.000000	90.000000	90.000000	153.753242	180.000000	146.828626	86.967178	90.000000	0.000000	0.000000	0.000000	1.684675	0.000000	56.828626	180.000000	180.000000	180.000000	90.000000	180.000000	180.000000	180.874317	90.000000	
88.407280	89.261829	196.093012	218.935186	180.000000	90.000000	89.482406	358.472982	315.000000	0.000000	0.000000	326.828626	88.311270	0.000000	228.108117	138.123000	134.181902	180.000000	225.818098	180.000000	131.186700	270.000000	90.000000	90.000000	153.855749	180.000000	146.828626	86.955431	90.000000	0.000000	0.000000	0.000000	1.684675	0.000000	56.828626	180.000000	180.000000	180.000000	90.000000	180.000000	180.000000	174.584994	90.000000	
88.405565	89.246676	196.204650	218.935186	180.000000	90.000000	89.482406	358.380098	315.000000	0.000000	0.000000	326.828626	88.227641	0.000000	228.108117	138.123000	134.181902	180.000000	225.818098	180.000000	131.186700	270.000000	90.000000	90.000000	153.959729	180.000000	146.828626	86.944887	90.000000	0.000000	0.000000	0.000000	1.684675	0.000000	56.828626	180.000000	180.000000	180.000000	90.000000	180.000000	180.000000	180.852576	90.000000	
88.404624	89.233584	196.316862	218.935186	180.000000	90.000000	89.482406	358.288809	315.000000	0.000000	0.000000	326.828626	88.146459	0.000000	228.108117	138.123000	134.181902	180.000000	225.818098	180.000000	131.186700	270.000000	90.000000	90.000000	154.064921	180.000000	146.828626	86.935537	90.000000	0.000000	0.000000	0.000000	1.684675	0.000000	56.828626	180.000000	180.000000	180.000000	90.000000	180.000000	180.000000	174.631511	90.000000	
88.404454	89.221708	196.429643	218.935186	180.000000	90.000000	89.482406	358.199119	315.000000	0.000000	0.000000	326.828626	88.067723	0.000000	228.108117	138.123000	134.181902	180.000000	225.818098	180.000000	131.186700	270.000000	90.000000	90.000000	154.171271	180.000000	146.828626	86.927375	90.000000	0.000000	0.000000	0.000000	1.684675	0.000000	56.828626	180.000000	180.000000	180.000000	90.000000	180.000000	180.000000	180.823641	90.000000	
88.405052	89.210892	196.542990	218.935186	180.000000	90.000000	89.482406	358.111032	315.000000	0.000000	0.000000	326.828626	87.991431	0.000000	228.108117	138.123000	134.181902	180.000000	225.818098	180.000000	131.186700	270.000000	90.000000	90.000000	154.278763	180.000000	146.828626	86.920400	90.000000	0.000000	0.000000	0.000000	1.684675	0.000000	56.828626	180.000000	180.000000	180.000000	90.000000	180.000000	180.000000	174.673213	90.000000	
88.406417	89.201105	196.656898	218.935186	180.000000	90.000000	89.482406	358.024553	315.000000	0.000000	0.000000	326.828626	87.917581	0.000000	228.108117	138.123000	134.181902	180.000000	225.818098	180.000000	131.186700	270.000000	90.000000	90.000000	154.387388	180.000000	146.828626	86.914605	90.000000	0.000000	0.000000	0.000000	1.684675	0.000000	56.828626	180.000000	180.000000	180.000000	90.000000	180.000000	180.000000	180.787582	90.000000	
88.408545	89.192340	196.771362	218.935186	180.000000	90.000000	89.482406	357.939684	315.000000	0.000000	0.000000	326.828626	87.846170	0.000000	228.108117	138.123000	134.181902	180.000000	225.818098	180.000000	131.186700	270.000000	90.000000	90.000000	154.497138	180.000000	146.828626	86.909987	90.000000	0.000000	0.000000	0.000000	1.684675	0.000000	56.828626	180.000000	180.000000	180.000000	90.000000	180.000000	180.000000	174.710104	90.000000	
88.411434	89.184592	196.886380	218.935186	180.000000	90.000000	89.482406	357.856429	315.000000	0.000000	0.000000	326.828626	87.777194	0.000000	228.108117	138.123000	134.181902	180.000000	225.818098	180.000000	131.186700	270.000000	90.000000	90.000000	154.608005	180.000000	146.828626	86.906543	90.000000	0.000000	0.000000	0.000000	1.684675	0.000000	56.828626	180.000000	180.000000	180.000000	90.000000	180.000000	180.000000	173.637067	90.000000	
88.415082	89.177859	197.001946	218.935186	180.000000	90.000000	89.482406	357.774790	315.000000	0.000000	0.000000	326.828626	87.710650	0.000000	228.108117	138.123000	134.181902	180.000000	225.818098	180.000000	131.186700	270.000000	90.000000	90.000000	154.719983	180.000000	146.828626	86.904267	90.000000	0.000000	0.000000	0.000000	1.684675	0.000000	56.828626	180.000000	180.000000	180.000000	90.000000	180.000000	180.000000	180.557214	90.000000	
88.419485	89.172136	188.020441	218.935186	180.000000	90.000000	89.482406	357.694770	315.000000	0.000000	0.000000	326.828626	87.646532	0.000000	228.108117	138.123000	134.181902	180.000000	225.818098	180.000000	131.186700	270.000000	90.000000	90.000000	154.833065	180.000000	146.828626	86.903155	90.000000	0.000000	0.000000	0.000000	1.684675	0.000000	56.828626	180.000000	180.000000	180.000000	90.000000	180.000000	180.000000	174.750466	90.000000	
88.424641	89.167421	186.599690	218.935186	180.000000	90.000000	89.482406	357.616369	315.000000	0.000000	0.000000	326.828626	87.584835	0.000000	228.108117	138.123000	134.181902	180.000000	225.818098	180.000000	131.186700	270.000000	90.000000	90.000000	154.947243	180.000000	146.828626	86.903203	90.000000	0.000000	0.000000	0.000000	1.684675	0.000000	56.828626	180.000000	180.000000	180.000000	90.000000	180.000000	180.000000	173.723504	90.000000	
88.346343	89.163710	186.441957	218.935186	180.000000	90.000000	89.482406	357.539590	315.000000	0.000000	0.000000	326.828626	87.525553	0.000000	228.108117	138.123000	134.181902	180.000000	225.818098	180.000000	131.186700	270.000000	90.000000	90.000000	155.062512	180.000000	146.828626	86.904407	90.000000	0.000000	0.000000	0.000000	1.684675	0.000000	56.828626	180.000000	180.000000	180.000000	90.000000	180.000000	180.000000	173.574608	90.000000	
88.251697	89.161001	186.496002	218.935186	180.000000	90.000000	89.482406	357.464434	315.000000	0.000000	0.000000	326.828626	87.468679	0.000000	228.108117	138.123000	134.181902	180.000000	225.818098	180.000000	131.186700	270.000000	90.000000	90.000000	155.178865	180.000000	146.828626	86.906761	90.000000	0.000000	0.000000	0.000000	1.684675	0.000000	56.828626	180.000000	180.000000	180.000000	90.000000	180.000000	180.000000	173.586435	90.000000	
88.155710	89.159288	186.585742	218.935186	180.000000	90.000000	89.482406	357.390901	315.000000	0.000000	0.000000	326.828626	87.414207	0.000000	228.108117	138.123000	134.181902	180.000000	225.818098	180.000000	131.186700	270.000000	90.000000	90.000000	155.296296	180.000000	146.828626	86.910261	90.000000	0.000000	0.000000	0.000000	1.684675	0.000000	56.828626	180.000000	180.000000	180.000000	90.000000	180.000000	180.000000	173.626817	90.000000	
88.060834	89.158570	196.747753	218.935186	180.000000	90.000000	89.482406	357.318992	315.000000	0.000000	0.000000	326.828626	87.362128	0.000000	228.108117	138.123000	134.181902	180.000000	225.818098	180.000000	131.186700	270.000000	90.000000	90.000000	155.414798	180.000000	146.828626	86.914902	90.000000	0.000000	0.000000	0.000000	1.684675	0.000000	56.828626	180.000000	180.000000	180.000000	90.000000	180.000000	180.000000	173.671396	90.000000	
87.967473	89.158842	188.430760	218.935186	180.000000	90.000000	89.482406	357.248707	315.000000	0.000000	0.000000	326.828626	87.312435	0.000000	228.108117	138.123000	134.181902	180.000000	225.818098	180.000000	131.186700	270.000000	90.000000	90.000000	155.534366	180.000000	146.828626	86.920679	90.000000	0.000000	0.000000	0.000000	1.684675	0.000000	56.828626	180.000000	180.000000	180.000000	90.000000	180.000000	180.000000	173.715679	90.000000	
87.875697	89.103739	197.121094	218.935186	180.000000	90.000000	89.482406	357.180045	315.000000	0.000000	0.000000	326.828626	87.265119	0.000000	228.108117	138.123000	134.181902	180.000000	225.818098	180.000000	131.186700	270.000000	90.000000	90.000000	155.654994	180.000000	146.828626	86.927587	90.000000	0.000000	0.000000	0.000000	1.684675	0.000000	56.828626	180.000000	180.000000	180.000000	90.000000	180.000000	180.000000	173.758833	90.000000	
87.785522	88.996586	188.627853	218.935186	180.000000	90.000000	89.482406	357.113007	315.000000	0.000000	0.000000	326.828626	87.220172	0.000000	228.108117	138.123000	134.181902	180.000000	225.818098	180.000000	131.186700	270.000000	90.000000	90.000000	168.047499	180.000000	146.828626	86.935620	90.000000	0.000000	0.000000	0.000000	1.684675	0.000000	56.828626	180.000000	180.000000	180.000000	90.000000	180.000000	180.000000	173.800702	90.000000	
87.696955	88.881555	197.189760	218.935186	180.000000	90.000000	89.482406	357.047590	315.000000	0.000000	0.000000	326.828626	87.177583	0.000000	228.108117	138.123000	134.181902	180.000000	225.818098	180.000000	131.186700	270.000000	90.000000	90.000000	158.045952	180.000000	146.828626	86.944775	90.000000	0.000000	0.000000	0.000000	1.684675	0.000000	56.828626	180.000000	180.000000	180.000000	90.000000	180.000000	180.000000	173.841254	90.000000	
87.610000	88.766748	188.775424	218.935186	180.000000	90.000000	89.482406	356.983793	315.000000	0.000000	0.000000	326.828626	87.137343	0.000000	228.108117	138.123000	134.181902	180.000000	225.818098	180.000000	131.186700	270.000000	90.000000	90.000000	156.349635	180.000000	146.828626	86.955044	90.000000	0.000000	0.000000	0.000000	1.134581	0.000000	56.828626	180.000000	180.000000	180.000000	90.000000	180.000000	180.000000	178.845136	90.000000	
87.524661	88.653658	197.249143	218.935186	180.000000	90.000000	89.482406	356.921616	315.000000	0.000000	0.000000	326.828626	87.099442	0.000000	228.108117	138.123000	134.181902	180.000000	225.818098	180.000000	131.186700	270.000000	90.000000	90.000000	168.261082	180.000000	146.828626	86.966424	90.000000	0.000000	0.000000	0.000000	1.031890	0.000000	56.828626	180.000000	180.000000	180.000000	90.000000	180.000000	180.000000	179.776165	90.000000	
87.440942	88.542570	188.922455	218.935186	180.000000	90.000000	89.482406	356.861056	315.000000	0.000000	0.000000	326.828626	87.063870	0.000000	228.108117	138.123000	134.181902	180.000000	225.818098	180.000000	131.186700	270.000000	90.000000	90.000000	158.325643	180.000000	146.828626	86.924148	90.000000	0.000000	0.000000	0.000000	1.012718	0.000000	56.828626	180.000000	180.000000	180.000000	90.000000	180.000000	180.000000	179.972277	90.000000	
87.358846	88.433542	197.308306	218.935186	180.000000	90.000000	89.482406	356.802112	315.000000	0.000000	0.000000	326.828626	87.030615	0.000000	228.108117	138.123000	134.181902	180.000000	225.818098	180.000000	131.186700	270.000000	90.000000	90.000000	168.684974	180.000000	146.828626	86.824974	90.000000	0.000000	0.000000	0.000000	1.009139	0.000000	56.828626	180.000000	180.000000	180.000000	90.000000	180.000000	180.000000	180.034821	90.000000	
87.278375	88.326593	189.070427	218.935186	180.000000	90.000000	89.482406	356.744780	315.000000	0.000000	0.000000	326.828626	86.999667	0.000000	228.108117	138.123000	134.181902	180.000000	225.818098	180.000000	131.186700	270.000000	90.000000	90.000000	158.546679	180.000000	146.828626	86.716861	90.000000	0.000000	0.000000	0.000000	1.008471	0.000000	56.828626	180.000000	180.000000	180.000000	90.000000	180.000000	180.000000	180.072329	90.000000	
87.199532	88.221732	197.367519	218.935186	180.000000	90.000000	89.482406	356.689058	315.000000	0.000000	0.000000	326.828626	86.971013	0.000000	228.108117	138.123000	134.181902	180.000000	225.818098	180.000000	131.186700	270.000000	90.000000	90.000000	168.763608	180.000000	146.828626	86.608966	90.000000	0.000000	0.000000	0.000000	1.008346	0.000000	56.828626	180.000000	180.000000	180.000000	90.000000	180.000000	180.000000	180.104387	90.000000	
87.122319	88.118967	189.219362	218.935186	180.000000	90.000000	89.482406	356.634943	315.000000	0.000000	0.000000	326.828626	86.944643	0.000000	228.108117	138.123000	134.181902	180.000000	225.818098	180.000000	131.186700	270.000000	90.000000	90.000000	158.710555	180.000000	146.828626	86.503045	90.000000	0.000000	0.000000	0.000000	1.008322	0.000000	56.828626	180.000000	180.000000	180.000000	90.000000	180.000000	180.000000	180.134529	90.000000	
87.046737	88.018305	197.426782	218.935186	180.000000	90.000000	89.482406	356.582433	315.000000	0.000000	0.000000	326.828626	86.920544	0.000000	228.108117	138.123000	134.181902	180.000000	225.818098	180.000000	131.186700	270.000000	90.000000	90.000000	168.834258	180.000000	146.828626	86.399438	90.000000	0.000000	0.000000	0.000000	1.008318	0.000000	56.828626	180.000000	180.000000	180.000000	90.000000	180.000000	180.000000	180.163393	90.000000	
86.972786	87.919751	189.369243	218.935186	180.000000	90.000000	89.482406	356.531523	315.000000	0.000000	0.000000	326.828626	86.898704	0.000000	228.108117	138.123000	134.181902	180.000000	225.818098	180.000000	131.186700	270.000000	90.000000	90.000000	158.877295	180.000000	146.828626	86.298217	90.000000	0.000000	0.000000	0.000000	1.008317	0.000000	56.828626	180.000000	180.000000	180.000000	90.000000	180.000000	180.000000	180.191096	90.000000	
86.900469	87.823311	197.486086	218.935186	180.000000	90.000000	89.482406	356.482210	315.000000	0.000000	0.000000	326.828626	86.879111	0.000000	228.108117	138.123000	134.181902	180.000000	225.818098	180.000000	131.186700	270.000000	90.000000	90.000000	168.908861	180.000000	142.037847	86.199398	90.000000	0.000000	0.000000	0.000000	1.008317	0.000000	56.828626	180.000000	180.000000	180.000000	90.000000	180.000000	180.000000	180.217661	90.000000	
86.829785	87.728990	198.998996	218.935186	180.000000	90.000000	89.482406	356.434490	315.000000	0.000000	0.000000	326.828626	86.861751	0.000000	228.108117	138.123000	134.181902	180.000000	225.818098	180.000000	131.186700	270.000000	90.000000	90.000000	159.048961	180.000000	141.229234	86.102989	90.000000	0.000000	0.000000	0.000000	1.008317	0.000000	56.828626	180.000000	180.000000	180.000000	90.000000	180.000000	180.000000	180.243091	90.000000	
86.760735	87.636791	189.826132	218.935186	180.000000	90.000000	89.482406	356.388359	315.000000	0.000000	0.000000	326.828626	86.846612	0.000000	228.108117	138.123000	134.181902	180.000000	225.818098	180.000000	131.186700	270.000000	90.000000	90.000000	168.987823	180.000000	141.092599	86.008995	90.000000	0.000000	0.000000	0.000000	1.008317	0.000000	56.828626	180.000000	180.000000	180.000000	90.000000	180.000000	180.000000	180.267391	90.000000	
86.693318	87.546717	197.602172	218.935186	180.000000	90.000000	89.482406	356.343812	315.000000	0.000000	0.000000	326.828626	86.833681	0.000000	228.108117	138.123000	134.181902	180.000000	225.818098	180.000000	131.186700	270.000000	90.000000	90.000000	159.225572	180.000000	141.069509	85.917419	90.000000	0.000000	0.000000	0.000000	1.008317	0.000000	56.828626	180.000000	180.000000	180.000000	90.000000	180.000000	180.000000	180.290561	90.000000	
86.627534	87.458771	199.052198	218.935186	180.000000	90.000000	89.482406	356.300846	315.000000	0.000000	0.000000	326.828626	86.822944	0.000000	228.108117	138.123000	134.181902	180.000000	225.818098	180.000000	131.186700	270.000000	90.000000	90.000000	169.071141	180.000000	141.065607	85.828262	90.000000	0.000000	0.000000	0.000000	1.008317	0.000000	56.828626	180.000000	180.000000	180.000000	90.000000	180.000000	180.000000	180.312605	90.000000	
86.563381	87.372954	199.323373	218.935186	180.000000	90.000000	89.482406	356.259455	315.000000	0.000000	0.000000	326.828626	86.814388	0.000000	228.108117	138.123000	134.181902	180.000000	225.818098	180.000000	131.186700	270.000000	90.000000	90.000000	159.407076	180.000000	141.064948	85.741528	90.000000	0.000000	0.000000	0.000000	1.008317	0.000000	56.828626	180.000000	180.000000	180.000000	90.000000	180.000000	180.000000	180.333523	90.000000	
86.500859	87.289269	199.374095	218.935186	180.000000	90.000000	89.482406	356.219635	315.000000	0.000000	0.000000	326.828626	86.808000	0.000000	228.108117	138.123000	134.181902	180.000000	225.818098	180.000000	131.186700	270.000000	90.000000	90.000000	169.158798	180.000000	141.064836	85.657215	90.000000	0.000000	0.000000	0.000000	1.008317	0.000000	56.828626	180.000000	180.000000	180.000000	90.000000	180.000000	180.000000	180.353320	90.000000	
86.439966	87.207716	199.383583	218.935186	180.000000	90.000000	89.482406	356.181380	315.000000	0.000000	0.000000	326.828626	86.803765	0.000000	228.108117	138.123000	134.181902	180.000000	225.818098	180.000000	131.186700	270.000000	90.000000	90.000000	159.593419	180.000000	141.064818	85.575324	90.000000	0.000000	0.000000	0.000000	1.008317	0.000000	56.828626	180.000000	180.000000	180.000000	90.000000	180.000000	180.000000	180.371996	90.000000	
86.380700	87.128294	199.385358	218.935186	180.000000	90.000000	89.482406	356.144685	315.000000	0.000000	0.000000	326.828626	86.801671	0.000000	228.108117	138.123000	134.181902	180.000000	225.818098	180.000000	131.186700	270.000000	90.000000	90.000000	169.250778	180.000000	141.064814	85.495855	90.000000	0.000000	0.000000	0.000000	1.008317	0.000000	56.828626	180.000000	180.000000	180.000000	90.000000	180.000000	180.000000	180.389556	90.000000	
86.323059	87.051003	199.385690	218.935186	180.000000	90.000000	89.482406	356.109545	315.000000	0.000000	0.000000	326.828626	86.801702	0.000000	228.108117	138.123000	134.181902	180.000000	225.818098	180.000000	131.186700	270.000000	90.000000	90.000000	159.784552	180.000000	141.064814	85.418805	90.000000	0.000000	0.000000	0.000000	1.008317	0.000000	56.828626	180.000000	180.000000	180.000000	90.000000	180.000000	180.000000	180.406000	90.000000	
86.267041	86.975843	199.385752	218.935186	180.000000	90.000000	89.482406	356.075954	315.000000	0.000000	0.000000	326.828626	86.803845	0.000000	228.108117	138.123000	134.181902	180.000000	225.818098	180.000000	131.186700	270.000000	90.000000	90.000000	169.347062	180.000000	141.064814	85.344173	90.000000	0.000000	0.000000	0.000000	1.008317	0.000000	56.828626	180.000000	180.000000	180.000000	90.000000	180.000000	180.000000	180.421334	90.000000	
86.212642	86.902811	199.385764	218.935186	180.000000	90.000000	89.482406	356.043907	315.000000	0.000000	0.000000	326.828626	86.808086	0.000000	226.850355	138.123000	134.181902	180.000000	225.818098	180.000000	131.186700	270.000000	90.000000	90.000000	159.980427	180.000000	141.064814	85.271955	90.000000	0.000000	0.000000	0.000000	1.008317	0.000000	56.828626	180.000000	180.000000	180.000000	90.000000	180.000000	180.000000	180.435558	90.000000	
86.159861	86.831906	199.385766	218.935186	180.000000	90.000000	89.482406	356.013397	315.000000	0.000000	0.000000	326.828626	86.814411	0.000000	226.637857	136.832092	134.181902	180.000000	225.818098	180.000000	131.186700	270.000000	90.000000	90.000000	169.447631	180.000000	141.064814	85.202149	90.000000	0.000000	0.000000	0.000000	1.008317	0.000000	56.828626	180.000000	180.000000	180.000000	90.000000	180.000000	180.000000	180.448678	90.000000	
86.108693	86.763125	199.385766	218.935186	180.000000	90.000000	89.482406	355.984418	315.000000	0.000000	0.000000	326.828626	86.822805	0.000000	226.601952	136.637253	134.181902	180.000000	225.818098	180.000000	131.186700	270.000000	90.000000	90.000000	171.327357	180.000000	141.064814	85.134749	90.000000	0.000000	0.000000	0.000000	1.008317	0.000000	56.828626	180.000000	180.000000	180.000000	90.000000	180.000000	180.000000	180.460695	90.000000	
86.059136	86.696464	199.385766	218.935186	180.000000	90.000000	89.482406	355.956965	315.000000	0.000000	0.000000	326.828626	86.833255	0.000000	226.595885	136.607843	134.181902	180.000000	225.818098	180.000000	131.186700	270.000000	90.000000	90.000000	160.571626	180.000000	141.064814	85.069751	90.000000	0.000000	0.000000	0.000000	1.008317	0.000000	56.828626	180.000000	180.000000	180.000000	90.000000	180.000000	180.000000	180.471613	90.000000	
86.011186	86.631921	199.385766	218.935186	180.000000	90.000000	89.482406	355.931031	315.000000	0.000000	0.000000	326.828626	86.845745	0.000000	226.594860	136.603403	134.181902	180.000000	225.818098	180.000000	131.186700	270.000000	90.000000	90.000000	169.630352	180.000000	141.064814	85.007149	90.000000	0.000000	0.000000	0.000000	1.008317	0.000000	56.828626	180.000000	180.000000	180.000000	90.000000	180.000000	180.000000	180.481436	90.000000	
85.964838	86.569491	199.385766	218.935186	180.000000	90.000000	89.482406	355.906609	315.000000	0.000000	0.000000	326.828626	86.860262	0.000000	226.594687	136.602733	134.181902	180.000000	225.818098	180.000000	131.186700	270.000000	90.000000	90.000000	171.429387	180.000000	141.064814	84.946939	90.000000	0.000000	0.000000	0.000000	1.008317	0.000000	56.828626	180.000000	180.000000	180.000000	90.000000	180.000000	180.000000	180.490167	90.000000	
85.920089	86.509169	199.385766	218.935186	180.000000	90.000000	89.482406	355.883693	315.000000	0.000000	0.000000	326.828626	86.876791	0.000000	226.594657	136.602632	134.181902	180.000000	225.818098	180.000000	131.186700	270.000000	90.000000	90.000000	171.789068	180.000000	141.064814	84.889112	90.000000	0.000000	0.000000	0.000000	1.008317	0.000000	56.828626	180.000000	180.000000	180.000000	90.000000	180.000000	180.000000	180.497810	90.000000	
85.876934	86.450951	199.385766	218.935186	180.000000	90.000000	89.482406	355.862277	315.000000	0.000000	0.000000	326.828626	86.895317	0.000000	226.594652	136.602616	134.181902	180.000000	225.818098	180.000000	131.186700	270.000000	90.000000	90.000000	171.863046	180.000000	141.064814	84.833663	90.000000	0.000000	0.000000	0.000000	1.008317	0.000000	56.828626	180.000000	180.000000	180.000000	90.000000	180.000000	180.000000	180.504369	90.000000	
85.835369	86.394832	199.385766	218.935186	180.000000	90.000000	89.482406	355.842353	315.000000	0.000000	0.000000	326.828626	86.915827	0.000000	226.594652	136.602614	134.181902	180.000000	225.818098	180.000000	131.186700	270.000000	90.000000	90.000000	171.881211	180.000000	141.064814	84.780583	90.000000	0.000000	0.000000	0.000000	1.008317	0.000000	56.828626	180.000000	180.000000	180.000000	90.000000	180.000000	180.000000	180.509847	90.000000	
85.795389	86.340805	199.385766	218.935186	180.000000	90.000000	89.482406	355.823916	315.000000	0.000000	0.000000	326.828626	86.938306	0.000000	226.594651	136.602614	134.181902	180.000000	225.818098	180.000000	131.186700	270.000000	90.000000	90.000000	171.889357	180.000000	141.064814	84.729865	90.000000	0.000000	0.000000	0.000000	1.008317	0.000000	56.828626	180.000000	180.000000	180.000000	90.000000	180.000000	180.000000	180.514249	90.000000	
85.756989	86.288865	199.385766	218.935186	180.000000	90.000000	89.482406	355.806956	315.000000	0.000000	0.000000	326.828626	86.962739	0.000000	226.594651	136.602614	134.181902	180.000000	225.818098	180.000000	131.186700	270.000000	90.000000	90.000000	171.896598	180.000000	141.064814	84.681499	90.000000	0.000000	0.000000	0.000000	1.008317	0.000000	56.828626	180.000000	180.000000	180.000000	90.000000	180.000000	180.000000	180.517578	90.000000	
85.720165	86.239004	199.385766	218.935186	180.000000	90.000000	89.482406	355.791469	315.000000	0.000000	0.000000	326.828626	86.989112	0.000000	226.594651	136.602614	134.181902	180.000000	225.818098	180.000000	131.186700	270.000000	90.000000	90.000000	171.904749	180.000000	141.064814	84.635479	90.000000	0.000000	0.000000	0.000000	1.008317	0.000000	56.828626	180.000000	180.000000	180.000000	90.000000	180.000000	180.000000	180.519839	90.000000	
85.684909	86.191217	199.385766	218.935186	180.000000	90.000000	89.482406	355.777447	315.000000	0.000000	0.000000	326.828626	87.017412	0.000000	226.594651	136.602614	134.181902	180.000000	225.818098	180.000000	131.186700	270.000000	90.000000	90.000000	171.914168	180.000000	141.064814	84.591793	90.000000	0.000000	0.000000	0.000000	1.008317	0.000000	56.828626	180.000000	180.000000	180.000000	90.000000	180.000000	180.000000	180.521035	90.000000	
85.651218	86.145496	199.385766	218.935186	180.000000	90.000000	89.482406	355.764882	315.000000	0.000000	0.000000	326.828626	95.130515	0.000000	226.594651	136.602614	134.181902	180.000000	225.818098	180.000000	131.186700	270.000000	90.000000	90.000000	171.924926	180.000000	141.064814	84.550432	90.000000	0.000000	0.000000	0.000000	1.008317	0.000000	56.828626	180.000000	180.000000	180.000000	90.000000	180.000000	180.000000	180.521172	90.000000	
85.619085	86.101833	199.385766	218.935186	180.000000	90.000000	89.482406	355.753767	315.000000	0.000000	0.000000	326.828626	88.537519	0.000000	226.594651	136.602614	134.181902	180.000000	225.818098	180.000000	131.186700	270.000000	90.000000	90.000000	171.937035	180.000000	141.064814	84.511386	90.000000	0.000000	0.000000	0.000000	1.008317	0.000000	56.828626	180.000000	180.000000	180.000000	90.000000	180.000000	180.000000	180.520254	90.000000	
85.588505	86.060221	199.385766	218.935186	180.000000	90.000000	89.482406	355.744095	315.000000	0.000000	0.000000	326.828626	87.316861	0.000000	226.594651	136.602614	134.181902	180.000000	225.818098	180.000000	131.186700	270.000000	90.000000	90.000000	171.950496	180.000000	141.064814	84.474646	90.000000	0.000000	0.000000	0.000000	1.008317	0.000000	56.828626	180.000000	180.000000	180.000000	90.000000	180.000000	180.000000	180.518284	90.000000	
85.559471	86.020651	199.385766	218.935186	180.000000	90.000000	89.482406	355.735858	315.000000	0.000000	0.000000	326.828626	95.093194	0.000000	226.594651	136.602614	134.181902	180.000000	225.818098	180.000000	131.186700	270.000000	90.000000	90.000000	171.965308	180.000000	141.064814	84.440199	90.000000	0.000000	0.000000	0.000000	1.008317	0.000000	56.828626	180.000000	180.000000	180.000000	90.000000	180.000000	180.000000	180.515268	90.000000	
85.531979	85.983116	199.385766	218.935186	180.000000	90.000000	89.482406	355.729050	315.000000	0.000000	0.000000	326.828626	88.546317	0.000000	226.594651	136.602614	134.181902	180.000000	225.818098	180.000000	132.764496	270.000000	90.000000	90.000000	171.981470	180.000000	141.064814	84.408035	90.000000	0.000000	0.000000	0.000000	1.008317	0.000000	56.828626	180.000000	180.000000	180.000000	90.000000	180.000000	180.000000	180.511211	90.000000	
85.506020	85.947606	199.385766	218.935186	180.000000	90.000000	89.482406	355.723662	315.000000	0.000000	0.000000	326.828626	95.252111	0.000000	226.594651	136.602614	134.181902	180.000000	225.818098	180.000000	133.002630	270.000000	90.000000	90.000000	171.998979	180.000000	141.064814	84.378143	90.000000	0.000000	0.000000	0.000000	1.008317	0.000000	56.828626	180.000000	180.000000	180.000000	90.000000	180.000000	180.000000	180.506116	90.000000	
85.481590	85.914112	199.385766	218.935186	180.000000	90.000000	89.482406	355.719687	315.000000	0.000000	0.000000	326.828626	88.571356	0.000000	226.594651	136.602614	134.181902	180.000000	225.818098	180.000000	133.038576	270.000000	90.000000	90.000000	172.017833	180.000000	141.064814	84.350511	90.000000	0.000000	0.000000	0.000000	1.008317	0.000000	56.828626	180.000000	180.000000	180.000000	90.000000	180.000000	180.000000	180.499989	90.000000	
85.458681	85.882626	199.385766	218.935186	180.000000	90.000000	89.482406	355.717118	315.000000	0.000000	0.000000	326.828626	95.184326	0.000000	226.594651	136.602614	134.181902	180.000000	225.818098	180.000000	133.044003	270.000000	90.000000	90.000000	172.038031	180.000000	141.064814	84.325126	90.000000	0.000000	0.000000	0.000000	1.008317	0.000000	56.828626	180.000000	180.000000	180.000000	90.000000	180.000000	180.000000	180.492835	90.000000	
85.437286	85.853139	199.385766	218.935186	180.000000	90.000000	89.482406	355.715947	315.000000	0.000000	0.000000	326.828626	88.561063	0.000000	226.594651	136.602614	134.181902	180.000000	225.818098	180.000000	133.044822	270.000000	90.000000	90.000000	172.059569	180.000000	141.064814	84.301977	90.000000	0.000000	0.000000	0.000000	1.008317	0.000000	52.037847	180.000000	180.000000	180.000000	90.000000	180.000000	180.000000	180.484658	90.000000	
85.417400	85.825639	199.385766	218.935186	180.000000	90.000000	89.482406	355.716165	315.000000	0.000000	0.000000	326.828626	95.113579	0.000000	226.594651	136.602614	134.181902	180.000000	225.818098	180.000000	133.044945	270.000000	90.000000	90.000000	172.082446	180.000000	141.064814	84.281052	90.000000	0.000000	0.000000	0.000000	1.008317	0.000000	51.229234	180.000000	180.000000	180.000000	90.000000	180.000000	180.000000	180.475463	90.000000	
85.399016	85.800118	199.385766	218.935186	180.000000	90.000000	89.482406	355.717767	315.000000	0.000000	0.000000	326.828626	88.557605	0.000000	226.594651	136.602614	134.181902	180.000000	225.818098	180.000000	133.044964	270.000000	90.000000	90.000000	172.055332	180.000000	141.064814	84.262337	90.000000	0.000000	0.000000	0.000000	1.008317	0.000000	51.092599	180.000000	180.000000	180.000000	90.000000	180.000000	180.000000	180.465256	90.000000	
85.382126	85.776566	199.385766	218.935186	180.000000	90.000000	89.482406	355.720742	315.000000	0.000000	0.000000	326.828626	95.047977	0.000000	226.594651	136.602614	134.181902	180.000000	225.818098	180.000000	133.044967	270.000000	90.000000	90.000000	171.962104	180.000000	141.064814	84.245820	90.000000	0.000000	0.000000	0.000000	1.008317	0.000000	51.069509	180.000000	180.000000	180.000000	90.000000	180.000000	180.000000	180.454041	90.000000	
85.366723	85.754973	199.385766	218.935186	180.000000	90.000000	89.482406	355.725085	315.000000	0.000000	0.000000	326.828626	88.562429	0.000000	226.594651	136.602614	134.181902	180.000000	225.818098	180.000000	133.044967	270.000000	90.000000	90.000000	188.764548	180.000000	141.064814	84.231488	90.000000	0.000000	0.000000	0.000000	1.008317	0.000000	51.065607	180.000000	180.000000	180.000000	90.000000	180.000000	180.000000	180.441823	90.000000	
85.352800	85.735327	199.385766	218.935186	180.000000	90.000000	89.482406	355.730787	315.000000	0.000000	0.000000	326.828626	94.987818	0.000000	226.594651	136.602614	134.181902	180.000000	225.818098	180.000000	133.044967	270.000000	90.000000	90.000000	179.375302	180.000000	141.064814	84.219328	90.000000	0.000000	0.000000	0.000000	1.008317	0.000000	51.064948	180.000000	180.000000	180.000000	90.000000	180.000000	180.000000	180.428609	90.000000	
85.340351	85.717619	199.385766	218.935186	180.000000	90.000000	89.482406	355.737841	315.000000	0.000000	0.000000	326.828626	88.575506	0.000000	226.594651	136.602614	134.181902	180.000000	225.818098	180.000000	133.044967	270.000000	90.000000	90.000000	190.066553	180.000000	141.064814	84.209326	90.000000	0.000000	0.000000	0.000000	1.008317	0.000000	51.064836	180.000000	180.000000	180.000000	90.000000	180.000000	180.000000	180.414402	90.000000	
85.329367	85.701839	199.385766	218.935186	180.000000	90.000000	89.482406	355.746238	315.000000	0.000000	0.000000	326.828626	94.933115	0.000000	226.594651	136.602614	134.181902	180.000000	225.818098	180.000000	133.044967	270.000000	90.000000	90.000000	179.481582	180.000000	141.064814	84.201469	90.000000	0.000000	0.000000	0.000000	1.008317	0.000000	51.064818	180.000000	180.000000	180.000000	90.000000	180.000000	180.000000	180.399209	90.000000	
85.319842	85.687974	199.385766	218.935186	180.000000	90.000000	89.482406	355.755971	315.000000	0.000000	0.000000	326.828626	88.596757	0.000000	226.594651	136.602614	134.181902	180.000000	225.818098	180.000000	133.044967	270.000000	90.000000	90.000000	189.867504	180.000000	141.064814	84.195743	90.000000	0.000000	0.000000	0.000000	1.008317	0.000000	51.064814	180.000000	180.000000	180.000000	90.000000	180.000000	180.000000	180.383033	90.000000	
85.311768	85.676015	199.385766	218.935186	180.000000	90.000000	89.482406	355.767032	315.000000	0.000000	0.000000	326.828626	94.883866	0.000000	226.594651	136.602614	134.181902	180.000000	225.818098	180.000000	133.044967	270.000000	90.000000	90.000000	179.304832	180.000000	141.064814	84.192134	90.000000	0.000000	0.000000	0.000000	1.008317	0.000000	51.064814	180.000000	180.000000	180.000000	90.000000	180.000000	180.000000	180.365882	90.000000	
85.305138	85.665950	199.385766	218.935186	180.000000	90.000000	89.482406	355.779414	315.000000	0.000000	0.000000	326.828626	88.626096	0.000000	226.594651	136.602614	134.181902	180.000000	225.818098	180.000000	133.044967	270.000000	90.000000	90.000000	189.611808	180.000000	141.064814	84.190630	90.000000	0.000000	0.000000	0.000000	1.008317	0.000000	51.064814	180.000000	180.000000	180.000000	90.000000	180.000000	180.000000	180.347760	90.000000	
85.299944	85.657769	199.385766	218.935186	180.000000	90.000000	89.482406	355.793107	315.000000	0.000000	0.000000	326.828626	94.840069	0.000000	226.594651	136.602614	134.181902	180.000000	225.818098	180.000000	133.044967	270.000000	90.000000	90.000000	179.125621	180.000000	141.064814	84.191214	90.000000	0.000000	0.000000	0.000000	1.008317	0.000000	51.064814	180.000000	180.000000	180.000000	90.000000	180.000000	180.000000	180.328673	90.000000	
85.296178	85.651459	199.385766	218.935186	180.000000	90.000000	89.482406	355.808106	315.000000	0.000000	0.000000	326.828626	88.663438	0.000000	226.594651	136.602614	134.181902	180.000000	225.818098	180.000000	133.044967	270.000000	90.000000	90.000000	189.358207	180.000000	141.064814	84.193875	90.000000	0.000000	0.000000	0.000000	1.008317	0.000000	51.064814	180.000000	180.000000	180.000000	90.000000	180.000000	180.000000	180.308625	90.000000	
85.293833	85.647010	199.385766	218.935186	180.000000	90.000000	89.482406	355.824401	315.000000	0.000000	0.000000	326.828626	94.801716	0.000000	226.594651	136.602614	134.181902	180.000000	225.818098	180.000000	133.044967	270.000000	90.000000	90.000000	178.955389	180.000000	141.064814	84.198597	90.000000	0.000000	0.000000	0.000000	1.008317	0.000000	51.064814	180.000000	180.000000	180.000000	90.000000	180.000000	180.000000	180.342532	90.000000	
85.292902	85.644410	199.385766	218.935186	180.000000	90.000000	89.482406	355.841985	315.000000	0.000000	0.000000	326.828626	88.708699	0.000000	226.594651	136.602614	134.181902	180.000000	225.818098	180.000000	133.044967	270.000000	90.000000	90.000000	189.109336	180.000000	141.064814	84.205367	90.000000	0.000000	0.000000	0.000000	1.008317	0.000000	51.064814	180.000000	180.000000	180.000000	90.000000	180.000000	180.000000	180.424667	90.000000	
85.293376	85.643649	199.385766	218.935186	180.000000	90.000000	89.482406	355.860850	315.000000	0.000000	0.000000	326.828626	94.768800	0.000000	226.594651	136.602614	134.181902	180.000000	225.818098	180.000000	133.044967	270.000000	90.000000	90.000000	178.794667	180.000000	141.064814	84.214170	90.000000	0.000000	0.000000	0.000000	1.008317	0.000000	51.064814	180.000000	180.000000	180.000000	90.000000	180.000000	180.000000	180.513642	90.000000	
85.295248	85.644713	199.385766	218.935186	180.000000	90.000000	89.482406	355.880989	315.000000	0.000000	0.000000	326.828626	95.896231	0.000000	226.594651	136.602614	134.181902	180.000000	225.818098	180.000000	133.044967	270.000000	90.000000	90.000000	188.865538	180.000000	141.064814	84.224992	90.000000	0.000000	0.000000	0.000000	1.008317	0.000000	51.064814	180.000000	180.000000	180.000000	90.000000	180.000000	180.000000	180.602065	90.000000	
85.298510	85.647592	199.385766	218.935186	180.000000	90.000000	89.482406	7.262302	315.000000	0.000000	0.000000	326.828626	88.972084	0.000000	226.594651	136.602614	134.181902	180.000000	225.818098	180.000000	133.044967	270.000000	90.000000	90.000000	178.643531	180.000000	141.064814	84.237819	90.000000	0.000000	0.000000	0.000000	1.008317	0.000000	51.064814	180.000000	180.000000	180.000000	90.000000	180.000000	180.000000	180.688612	90.000000	
85.303154	85.652275	199.385766	218.935186	180.000000	90.000000	89.482406	357.729839	315.000000	0.000000	0.000000	326.828626	94.738971	0.000000	226.594651	136.602614	134.181902	180.000000	225.818098	180.000000	133.044967	270.000000	90.000000	90.000000	188.627053	180.000000	141.064814	84.252637	90.000000	0.000000	0.000000	0.000000	1.008317	0.000000	51.064814	180.000000	180.000000	180.000000	90.000000	180.000000	180.000000	180.773045	90.000000	
85.309173	85.658749	199.385766	218.935186	180.000000	90.000000	89.482406	356.169255	315.000000	0.000000	0.000000	326.828626	95.813713	0.000000	226.594651	136.602614	134.181902	180.000000	225.818098	180.000000	133.044967	270.000000	90.000000	90.000000	190.652784	180.000000	141.064814	84.269430	90.000000	0.000000	0.000000	0.000000	1.008317	0.000000	51.064814	180.000000	180.000000	180.000000	90.000000	180.000000	180.000000	180.855321	90.000000	
85.316558	85.667002	199.385766	218.935186	180.000000	90.000000	89.482406	7.244636	315.000000	0.000000	0.000000	326.828626	95.981653	0.000000	226.594651	136.602614	134.181902	180.000000	225.818098	180.000000	133.044967	270.000000	90.000000	90.000000	178.816825	180.000000	141.064814	84.288186	90.000000	0.000000	0.000000	0.000000	1.008317	0.000000	51.064814	180.000000	180.000000	180.000000	90.000000	180.000000	180.000000	180.935431	90.000000	
85.325302	85.677024	199.385766	218.935186	180.000000	90.000000	89.482406	357.709657	315.000000	0.000000	0.000000	326.828626	95.975003	0.000000	226.594651	136.602614	134.181902	180.000000	225.818098	180.000000	133.044967	270.000000	90.000000	90.000000	188.330871	180.000000	141.064814	84.308890	90.000000	0.000000	0.000000	0.000000	1.008317	0.000000	51.064814	180.000000	180.000000	180.000000	90.000000	180.000000	180.000000	181.013373	90.000000	
85.335397	85.688802	199.385766	218.935186	180.000000	90.000000	89.482406	356.153740	315.000000	0.000000	0.000000	326.828626	95.935696	0.000000	226.594651	136.602614	134.181902	180.000000	225.818098	180.000000	133.044967	270.000000	90.000000	90.000000	190.270950	180.000000	141.064814	84.331526	90.000000	0.000000	0.000000	0.000000	1.008317	0.000000	51.064814	180.000000	180.000000	180.000000	90.000000	180.000000	180.000000	181.089148	90.000000	
85.346835	85.702325	199.385766	218.935186	180.000000	90.000000	89.482406	7.182186	315.000000	0.000000	0.000000	326.828626	95.891253	0.000000	226.594651	136.602614	134.181902	180.000000	225.818098	180.000000	133.044967	270.000000	90.000000	90.000000	190.570425	180.000000	141.064814	84.356082	90.000000	0.000000	0.000000	0.000000	1.008317	0.000000	51.064814	180.000000	180.000000	180.000000	90.000000	180.000000	180.000000	181.162756	90.000000	
85.359608	85.717580	199.385766	221.392419	180.000000	90.000000	89.482406	357.693054	315.000000	0.000000	0.000000	326.828626	95.847014	0.000000	226.594651	136.602614	134.181902	180.000000	225.818098	180.000000	133.044967	270.000000	90.000000	90.000000	190.513394	180.000000	141.064814	84.382543	90.000000	0.000000	0.000000	0.000000	1.008317	0.000000	51.064814	180.000000	180.000000	180.000000	90.000000	180.000000	180.000000	181.234200	90.000000	
85.373709	85.734557	199.385766	221.807487	180.000000	90.000000	89.482406	7.380335	315.000000	0.000000	0.000000	326.828626	95.804018	0.000000	226.594651	136.602614	134.181902	180.000000	225.818098	180.000000	133.044967	270.000000	90.000000	90.000000	190.379519	180.000000	141.064814	84.410895	90.000000	0.000000	0.000000	0.000000	1.008317	0.000000	51.064814	180.000000	180.000000	180.000000	90.000000	180.000000	180.000000	181.303479	90.000000	
85.389128	85.753243	199.385766	221.877622	180.000000	90.000000	89.482406	357.700716	315.000000	0.000000	0.000000	326.828626	95.762471	0.000000	226.594651	136.602614	134.181902	180.000000	225.818098	180.000000	133.044967	270.000000	90.000000	90.000000	190.229846	180.000000	141.064814	84.441124	90.000000	0.000000	0.000000	0.000000	1.008317	0.000000	51.064814	180.000000	180.000000	180.000000	90.000000	180.000000	180.000000	181.370599	90.000000	
85.405859	85.773626	199.385766	221.889473	180.000000	90.000000	89.482406	7.327810	315.000000	0.000000	0.000000	326.828626	90.898218	0.000000	226.594651	136.602614	134.181902	180.000000	225.818098	180.000000	133.044967	270.000000	90.000000	90.000000	190.077755	180.000000	141.064814	84.473215	90.000000	0.000000	0.000000	0.000000	1.008317	0.000000	51.064814	180.000000	180.000000	180.000000	90.000000	180.000000	180.000000	181.435560	90.000000	
85.423894	85.795696	199.385766	221.891476	180.000000	90.000000	89.482406	357.672294	315.000000	0.000000	0.000000	326.828626	89.946381	0.000000	226.594651	136.602614	134.181902	180.000000	225.818098	180.000000	133.044967	270.000000	90.000000	90.000000	189.926208	180.000000	141.064814	84.507154	90.000000	0.000000	0.000000	0.000000	1.008317	0.000000	51.064814	180.000000	180.000000	180.000000	90.000000	180.000000	180.000000	181.498368	90.000000	
85.443225	85.819440	199.385766	221.891814	180.000000	90.000000	89.482406	7.271752	315.000000	0.000000	0.000000	326.828626	89.737233	0.000000	226.594651	136.602614	134.181902	180.000000	225.818098	180.000000	133.044967	270.000000	90.000000	90.000000	189.775893	180.000000	141.064814	84.542928	90.000000	0.000000	0.000000	0.000000	1.008317	0.000000	51.064814	180.000000	180.000000	180.000000	90.000000	180.000000	180.000000	181.559026	90.000000	
85.463843	85.844846	199.385766	221.891871	180.000000	90.000000	89.482406	357.648386	315.000000	0.000000	0.000000	326.828626	89.670101	0.000000	226.594651	136.602614	134.181902	180.000000	225.818098	180.000000	133.044967	270.000000	90.000000	90.000000	189.626992	180.000000	141.064814	94.362960	90.000000	0.000000	0.000000	0.000000	1.008317	0.000000	51.064814	180.000000	180.000000	180.000000	90.000000	180.000000	180.000000	181.617538	90.000000	
85.485742	96.469876	199.385766	221.891881	180.000000	90.000000	89.482406	7.218901	315.000000	0.000000	0.000000	326.828626	89.630962	0.000000	226.594651	136.602614	134.181902	180.000000	225.818098	180.000000	133.044967	270.000000	90.000000	90.000000	189.479579	180.000000	141.064814	86.404558	90.000000	0.000000	0.000000	0.000000	1.008317	0.000000	51.064814	180.000000	180.000000	180.000000	90.000000	180.000000	180.000000	181.673910	90.000000	
85.508913	87.768026	199.385766	221.891883	180.000000	90.000000	89.482406	357.630051	315.000000	0.000000	0.000000	326.828626	89.598176	0.000000	226.594651	136.602614	134.181902	180.000000	225.818098	180.000000	133.044967	270.000000	90.000000	90.000000	189.333705	180.000000	141.064814	84.918859	90.000000	0.000000	0.000000	0.000000	1.008317	0.000000	51.064814	180.000000	180.000000	180.000000	90.000000	180.000000	180.000000	181.728146	90.000000	
85.533348	86.189991	199.385766	221.891883	180.000000	90.000000	89.482406	7.169447	315.000000	0.000000	0.000000	326.828626	89.567635	0.000000	226.594651	136.602614	134.181902	180.000000	225.818098	180.000000	133.044967	270.000000	90.000000	90.000000	189.189411	180.000000	141.064814	94.359847	90.000000	0.000000	0.000000	0.000000	1.008317	0.000000	51.064814	180.000000	180.000000	180.000000	90.000000	180.000000	180.000000	181.780253	90.000000	
95.967630	96.459740	199.385766	221.891883	180.000000	90.000000	89.482406	357.617275	315.000000	0.000000	0.000000	326.828626	89.538559	0.000000	226.594651	136.602614	134.181902	180.000000	225.818098	180.000000	133.044967	270.000000	90.000000	90.000000	189.046738	180.000000	141.064814	86.425323	90.000000	0.000000	0.000000	0.000000	1.008317	0.000000	51.064814	180.000000	180.000000	180.000000	90.000000	180.000000	180.000000	181.830237	90.000000	
87.214118	87.758715	199.385766	221.891883	180.000000	90.000000	89.482406	7.123401	315.000000	0.000000	0.000000	326.828626	89.510798	0.000000	226.594651	136.602614	134.181902	180.000000	225.818098	180.000000	133.044967	270.000000	90.000000	90.000000	188.905726	180.000000	141.064814	84.950614	90.000000	0.000000	0.000000	0.000000	1.008317	0.000000	51.064814	180.000000	180.000000	180.000000	90.000000	180.000000	180.000000	181.878104	90.000000	
85.807134	86.186977	199.385766	221.891883	180.000000	90.000000	89.482406	357.610013	315.000000	0.000000	0.000000	326.828626	89.484322	0.000000	226.594651	136.602614	134.181902	180.000000	225.818098	180.000000	133.044967	270.000000	90.000000	90.000000	188.766414	180.000000	141.064814	94.298218	90.000000	0.000000	0.000000	0.000000	1.008317	0.000000	51.064814	180.000000	180.000000	180.000000	90.000000	180.000000	180.000000	181.923861	90.000000	
95.945117	96.392415	199.385766	221.891883	180.000000	90.000000	89.482406	7.080765	315.000000	0.000000	0.000000	326.828626	89.459124	0.000000	226.594651	136.602614	134.181902	180.000000	225.818098	180.000000	133.044967	270.000000	90.000000	90.000000	188.628840	180.000000	141.064814	86.450239	90.000000	0.000000	0.000000	0.000000	1.008317	0.000000	51.064814	180.000000	180.000000	180.000000	90.000000	180.000000	180.000000	181.967515	90.000000	
87.210590	87.752856	199.385766	221.891883	180.000000	90.000000	89.482406	357.608217	315.000000	0.000000	0.000000	326.828626	89.435201	0.000000	226.594651	136.602614	134.181902	180.000000	225.818098	180.000000	133.044967	270.000000	90.000000	90.000000	188.493040	180.000000	141.064814	94.526382	90.000000	0.000000	0.000000	0.000000	1.008317	0.000000	51.064814	180.000000	180.000000	180.000000	90.000000	180.000000	180.000000	182.009075	90.000000	
85.811440	96.619893	199.385766	221.891883	180.000000	90.000000	89.482406	7.041543	315.000000	0.000000	0.000000	326.828626	89.412548	0.000000	226.594651	136.602614	134.181902	180.000000	225.818098	180.000000	133.044967	270.000000	90.000000	90.000000	188.359051	180.000000	141.064814	86.498603	90.000000	0.000000	0.000000	0.000000	1.008317	0.000000	51.064814	180.000000	180.000000	180.000000	90.000000	180.000000	180.000000	182.048548	90.000000	
95.883799	87.777809	199.385766	221.891883	180.000000	90.000000	89.482406	357.611840	315.000000	0.000000	0.000000	326.828626	89.391165	0.000000	226.594651	136.602614	134.181902	180.000000	225.818098	180.000000	133.044967	270.000000	90.000000	90.000000	188.226908	180.000000	141.064814	94.477821	90.000000	0.000000	0.000000	0.000000	1.008317	0.000000	51.064814	180.000000	180.000000	180.000000	90.000000	180.000000	180.000000	182.085942	90.000000	
87.211660	96.566203	199.385766	221.891883	180.000000	90.000000	89.482406	7.005738	315.000000	0.000000	0.000000	326.828626	89.371047	0.000000	226.594651	136.602614	134.181902	180.000000	225.818098	180.000000	133.044967	270.000000	90.000000	90.000000	188.096644	180.000000	141.064814	86.501579	90.000000	0.000000	0.000000	0.000000	1.008317	0.000000	51.064814	180.000000	180.000000	180.000000	90.000000	180.000000	180.000000	182.121266	90.000000	
96.057544	87.757840	199.385766	221.891883	180.000000	90.000000	89.482406	357.620835	315.000000	0.000000	0.000000	326.828626	89.352193	0.000000	226.594651	136.602614	134.181902	180.000000	225.818098	180.000000	133.044967	270.000000	90.000000	90.000000	187.968293	180.000000	141.064814	94.424159	90.000000	0.000000	0.000000	0.000000	1.008317	0.000000	51.064814	180.000000	180.000000	180.000000	90.000000	180.000000	180.000000	182.154528	90.000000	
87.228626	96.507409	199.385766	221.891883	180.000000	90.000000	89.482406	6.973350	315.000000	0.000000	0.000000	326.828626	89.334597	0.000000	226.594651	136.602614	134.181902	180.000000	225.818098	180.000000	133.044967	270.000000	90.000000	90.000000	187.841886	180.000000	141.064814	86.510639	90.000000	0.000000	0.000000	0.000000	1.008317	0.000000	51.064814	180.000000	180.000000	180.000000	90.000000	180.000000	180.000000	182.185738	90.000000	
96.006445	87.743384	199.385766	221.891883	180.000000	90.000000	89.482406	357.635153	315.000000	0.000000	0.000000	326.828626	89.318258	0.000000	226.594651	136.602614	134.181902	180.000000	225.818098	180.000000	133.044967	270.000000	90.000000	90.000000	187.717454	180.000000	141.064814	94.375379	90.000000	0.000000	0.000000	0.000000	1.008317	0.000000	51.064814	180.000000	180.000000	180.000000	90.000000	180.000000	180.000000	182.214905	90.000000	
87.214206	96.452859	199.385766	221.891883	180.000000	90.000000	89.482406	6.944379	315.000000	0.000000	0.000000	326.828626	89.303171	0.000000	226.594651	136.602614	134.181902	180.000000	225.818098	180.000000	133.044967	270.000000	90.000000	90.000000	187.595028	180.000000	141.064814	86.527592	90.000000	0.000000	0.000000	0.000000	1.008317	0.000000	51.064814	180.000000	180.000000	180.000000	90.000000	180.000000	180.000000	182.242038	90.000000	
95.952697	87.736082	199.385766	221.891883	180.000000	90.000000	89.482406	357.654746	315.000000	0.000000	0.000000	326.828626	89.289333	0.000000	226.594651	136.602614	134.181902	180.000000	225.818098	180.000000	133.044967	270.000000	90.000000	90.000000	187.474636	180.000000	141.064814	94.331850	90.000000	0.000000	0.000000	0.000000	1.008317	0.000000	51.064814	180.000000	180.000000	180.000000	90.000000	180.000000	180.000000	182.267147	90.000000	
87.204420	96.402875	199.385766	221.891883	180.000000	90.000000	89.482406	6.918825	315.000000	0.000000	0.000000	326.828626	89.276740	0.000000	226.594651	136.602614	134.181902	180.000000	225.818098	180.000000	133.044967	270.000000	90.000000	90.000000	187.356304	180.000000	141.064814	86.552423	90.000000	0.000000	0.000000	0.000000	1.008317	0.000000	51.064814	180.000000	180.000000	180.000000	90.000000	180.000000	180.000000	182.290243	90.000000	
95.902248	87.735923	199.385766	221.891883	180.000000	90.000000	89.482406	357.679566	315.000000	0.000000	0.000000	326.828626	89.265388	0.000000	226.594651	136.602614	134.181902	180.000000	225.818098	180.000000	133.044967	270.000000	90.000000	90.000000	187.240061	180.000000	141.064814	94.293582	90.000000	0.000000	0.000000	0.000000	1.008317	0.000000	51.064814	180.000000	180.000000	180.000000	90.000000	180.000000	180.000000	182.311335	90.000000	
87.200184	96.357470	199.385766	221.891883	180.000000	90.000000	89.655083	6.896687	315.000000	0.000000	0.000000	326.828626	89.255272	0.000000	226.594651	136.602614	134.181902	180.000000	225.818098	180.000000	133.044967	270.000000	90.000000	90.000000	187.125932	180.000000	141.064814	86.585050	90.000000	0.000000	0.000000	0.000000	1.008317	0.000000	51.064814	180.000000	180.000000	180.000000	90.000000	180.000000	180.000000	182.330434	90.000000	
95.855262	87.742840	199.385766	221.891883	180.000000	90.000000	89.684325	357.709564	315.000000	0.000000	0.000000	326.828626	89.246390	0.000000	226.594651	136.602614	134.181902	180.000000	225.818098	180.000000	133.044967	270.000000	90.000000	90.000000	187.013940	180.000000	141.064814	94.260573	90.000000	0.000000	0.000000	0.000000	1.008317	0.000000	51.064814	180.000000	180.000000	180.000000	90.000000	180.000000	180.000000	182.347550	90.000000	
87.201477	96.316646	199.385766	221.891883	180.000000	90.000000	89.689277	6.877962	315.000000	0.000000	0.000000	326.828626	89.238735	0.000000	226.594651	136.602614	134.181902	180.000000	225.818098	180.000000	133.044967	270.000000	90.000000	90.000000	186.904108	180.000000	141.064814	86.625386	90.000000	0.000000	0.000000	0.000000	1.008317	0.000000	51.064814	180.000000	180.000000	180.000000	90.000000	180.000000	180.000000	182.362693	90.000000	
95.811746	87.756763	199.385766	221.891883	180.000000	90.000000	89.690115	357.744692	315.000000	0.000000	0.000000	326.828626	89.232303	0.000000	226.594651	136.602614	134.181902	180.000000	225.818098	180.000000	133.044967	270.000000	90.000000	90.000000	186.796460	180.000000	141.064814	94.232816	90.000000	0.000000	0.000000	0.000000	1.008317	0.000000	51.064814	180.000000	180.000000	180.000000	90.000000	180.000000	180.000000	182.375876	90.000000	
87.208252	96.280403	199.385766	221.891883	180.000000	90.000000	89.690258	6.862648	315.000000	0.000000	0.000000	326.828626	89.227091	0.000000	226.594651	136.602614	134.181902	180.000000	225.818098	180.000000	133.044967	270.000000	90.000000	90.000000	186.691016	180.000000	141.064814	86.673347	90.000000	0.000000	0.000000	0.000000	1.008317	0.000000	51.064814	180.000000	180.000000	180.000000	90.000000	180.000000	180.000000	182.387109	90.000000	
95.771704	87.777621	199.385766	221.891883	180.000000	90.000000	89.690282	357.784902	315.000000	0.000000	0.000000	326.828626	89.223092	0.000000	226.594651	136.602614	134.181902	180.000000	225.818098	180.000000	133.044967	270.000000	90.000000	90.000000	186.587795	180.000000	141.064814	94.210303	90.000000	0.000000	0.000000	0.000000	1.008317	0.000000	51.064814	180.000000	180.000000	180.000000	90.000000	180.000000	180.000000	182.396402	90.000000	
87.220461	96.248738	199.385766	221.891883	180.000000	90.000000	89.690286	6.850740	315.000000	0.000000	0.000000	326.828626	89.220303	0.000000	226.594651	136.602614	134.181902	180.000000	225.818098	180.000000	133.044967	270.000000	90.000000	90.000000	186.486817	180.000000	141.064814	86.728847	90.000000	0.000000	0.000000	0.000000	1.008317	0.000000	51.064814	180.000000	180.000000	180.000000	90.000000	180.000000	180.000000	182.403767	90.000000	
95.735137	87.805343	199.385766	221.891883	180.000000	90.000000	89.690286	357.830146	315.000000	0.000000	0.000000	326.828626	89.218718	0.000000	226.594651	136.602614	134.181902	180.000000	225.818098	180.000000	133.044967	270.000000	90.000000	90.000000	186.388098	180.000000	141.064814	94.193025	90.000000	0.000000	0.000000	341.738849	1.008317	0.000000	51.064814	180.000000	180.000000	180.000000	90.000000	180.000000	180.000000	182.409216	90.000000	
87.238055	96.221649	199.385766	221.891883	180.000000	90.000000	89.690286	6.842235	315.000000	0.000000	0.000000	326.828626	89.218332	0.000000	226.594651	136.602614	134.181902	180.000000	225.818098	180.000000	133.044967	270.000000	90.000000	90.000000	186.291657	180.000000	141.064814	86.791801	90.000000	0.000000	0.000000	338.700191	1.008317	0.000000	51.064814	180.000000	180.000000	180.000000	90.000000	180.000000	180.000000	182.412760	90.000000	
95.702046	87.839859	199.385766	221.891883	180.000000	90.000000	89.690286	357.880375	315.000000	0.000000	0.000000	326.828626	89.219140	0.000000	226.594651	136.602614	134.181902	180.000000	225.818098	180.000000	133.044967	270.000000	90.000000	90.000000	186.197507	180.000000	141.064814	94.180969	90.000000	0.000000	0.000000	338.186403	1.008317	0.000000	51.064814	180.000000	180.000000	180.000000	90.000000	180.000000	180.000000	182.414410	90.000000	
87.260986	96.199130	199.385766	221.891883	180.000000	90.000000	89.690286	6.837127	315.000000	0.000000	0.000000	326.828626	89.221136	0.000000	226.594651	136.602614	134.181902	180.000000	225.818098	180.000000	133.044967	270.000000	90.000000	90.000000	186.105664	180.000000	141.064814	95.584621	90.000000	0.000000	0.000000	338.099488	1.008317	0.000000	51.064814	180.000000	180.000000	180.000000	90.000000	180.000000	180.000000	182.414178	90.000000	
95.672431	87.881096	199.385766	221.891883	180.000000	90.000000	89.690286	357.935542	315.000000	0.000000	0.000000	326.828626	89.224315	0.000000	226.594651	136.602614	134.181902	180.000000	225.818098	180.000000	133.044967	270.000000	90.000000	90.000000	186.016140	180.000000	141.064814	87.125791	90.000000	0.000000	0.000000	338.084785	1.008317	0.000000	51.064814	180.000000	180.000000	180.000000	90.000000	180.000000	180.000000	182.412076	90.000000	
87.289205	96.181175	199.385766	221.891883	180.000000	90.000000	89.690286	6.835411	315.000000	0.000000	0.000000	326.828626	89.228671	0.000000	226.594651	136.602614	134.181902	180.000000	225.818098	180.000000	133.044967	270.000000	90.000000	90.000000	185.928949	180.000000	141.064814	94.186509	90.000000	0.000000	0.000000	338.082297	1.008317	0.000000	51.064814	180.000000	180.000000	180.000000	90.000000	180.000000	180.000000	182.408115	90.000000	
95.646291	87.928983	199.385766	221.891883	180.000000	90.000000	89.690286	357.995600	315.000000	0.000000	0.000000	326.828626	89.234200	0.000000	226.594651	136.602614	134.181902	180.000000	225.818098	180.000000	133.044967	270.000000	90.000000	90.000000	185.844100	180.000000	141.064814	95.529809	90.000000	0.000000	0.000000	338.081876	1.008317	0.000000	51.064814	180.000000	180.000000	180.000000	90.000000	180.000000	180.000000	182.402307	90.000000	
87.322663	96.167776	199.385766	221.891883	180.000000	90.000000	89.690286	6.837081	315.000000	0.000000	0.000000	326.828626	89.240895	0.000000	226.594651	136.602614	134.181902	180.000000	225.818098	180.000000	133.044967	270.000000	90.000000	90.000000	185.761605	180.000000	141.064814	95.756444	90.000000	0.000000	0.000000	338.081805	1.008317	0.000000	51.064814	180.000000	180.000000	180.000000	90.000000	180.000000	180.000000	182.394665	90.000000	
95.623623	87.983451	199.385766	221.891883	180.000000	90.000000	89.690286	8.295054	315.000000	0.000000	0.000000	326.828626	89.248750	0.000000	226.594651	136.602614	134.181902	180.000000	225.818098	180.000000	133.044967	270.000000	90.000000	90.000000	185.681473	180.000000	141.064814	95.765344	90.000000	0.000000	0.000000	338.081793	1.008317	0.000000	51.064814	180.000000	180.000000	180.000000	90.000000	180.000000	180.000000	182.385199	90.000000	
87.361312	96.158926	199.385766	221.891883	180.000000	90.000000	89.690286	358.292900	315.000000	0.000000	0.000000	326.828626	89.257760	0.000000	226.594651	136.602614	134.181902	180.000000	225.818098	180.000000	133.044967	270.000000	90.000000	90.000000	185.603711	180.000000	141.064814	95.732710	90.000000	0.000000	0.000000	338.081791	1.008317	0.000000	51.064814	180.000000	180.000000	180.000000	90.000000	180.000000	180.000000	182.373923	90.000000	
95.604424	88.044429	199.385766	221.891883	180.000000	90.000000	89.690286	6.850512	315.000000	0.000000	0.000000	326.828626	89.267918	0.000000	226.594651	136.602614	134.181902	180.000000	225.818098	180.000000	133.044967	270.000000	90.000000	90.000000	185.528326	180.000000	141.064814	95.693087	90.000000	0.000000	0.000000	338.081791	1.008317	0.000000	51.064814	180.000000	180.000000	180.000000	90.000000	180.000000	180.000000	182.360847	90.000000	
87.405103	96.154614	199.385766	221.891883	180.000000	90.000000	89.690286	8.263388	315.000000	0.000000	0.000000	326.828626	89.279219	0.000000	226.594651	136.602614	134.181902	180.000000	225.818098	180.000000	133.044967	270.000000	90.000000	90.000000	185.455326	180.000000	141.064814	95.653252	90.000000	0.000000	0.000000	338.081791	1.008317	0.000000	51.064814	180.000000	180.000000	180.000000	90.000000	180.000000	180.000000	182.345984	90.000000	
95.588692	97.637931	199.385766	221.891883	180.000000	90.000000	89.690286	8.473309	315.000000	0.000000	0.000000	326.828626	89.291657	0.000000	226.594651	136.602614	134.181902	180.000000	225.818098	180.000000	133.044967	270.000000	90.000000	90.000000	185.384715	180.000000	141.064814	95.614535	90.000000	0.000000	0.000000	338.081791	1.008317	0.000000	51.064814	180.000000	180.000000	180.000000	90.000000	180.000000	180.000000	182.329346	90.000000	
87.453987	88.375710	199.385766	221.891883	180.000000	90.000000	89.690286	8.480545	315.000000	0.000000	0.000000	326.828626	89.305224	0.000000	226.594651	136.602614	134.181902	180.000000	225.818098	180.000000	133.044967	270.000000	90.000000	90.000000	185.316498	180.000000	141.064814	95.577203	90.000000	0.000000	0.000000	338.081791	1.008317	0.000000	51.064814	180.000000	180.000000	180.000000	90.000000	180.000000	180.000000	182.310944	90.000000	
95.576421	96.168481	199.385766	221.891883	180.000000	90.000000	89.690286	8.454273	315.000000	0.000000	0.000000	326.828626	89.319916	0.000000	226.594651	136.602614	134.181902	180.000000	225.818098	180.000000	133.044967	270.000000	90.000000	90.000000	185.250678	180.000000	141.064814	95.541309	90.000000	0.000000	0.000000	338.081791	1.008317	0.000000	51.064814	180.000000	180.000000	180.000000	90.000000	180.000000	180.000000	182.290792	90.000000	
87.507917	97.595772	193.060720	221.891883	180.000000	90.000000	89.690286	8.423110	315.000000	0.000000	0.000000	326.828626	89.335726	0.000000	226.594651	136.602614	134.181902	180.000000	225.818098	180.000000	133.044967	270.000000	90.000000	90.000000	185.187258	180.000000	141.064814	95.506868	90.000000	0.000000	0.000000	338.081791	1.008317	0.000000	51.064814	180.000000	180.000000	180.000000	90.000000	180.000000	180.000000	182.268900	90.000000	
95.567607	97.830613	191.881948	221.891883	180.000000	90.000000	89.690286	8.391900	315.000000	0.000000	0.000000	326.828626	89.352648	0.000000	226.594651	136.602614	134.181902	180.000000	225.818098	180.000000	133.044967	270.000000	90.000000	90.000000	185.126239	180.000000	141.064814	95.473885	90.000000	0.000000	0.000000	338.081791	1.008317	0.000000	51.064814	180.000000	180.000000	180.000000	90.000000	180.000000	180.000000	182.245281	90.000000	
96.878766	97.842171	191.661842	221.891883	180.000000	90.000000	89.690286	8.361465	315.000000	0.000000	0.000000	326.828626	89.370674	0.000000	226.594651	136.602614	134.181902	180.000000	225.818098	180.000000	133.044967	270.000000	90.000000	90.000000	185.067623	180.000000	141.064814	95.442364	90.000000	0.000000	0.000000	338.081791	1.008317	0.000000	51.064814	180.000000	180.000000	180.000000	90.000000	180.000000	180.000000	182.219946	90.000000	
87.774709	97.812732	191.620738	221.891883	180.000000	90.000000	89.690286	8.331945	315.000000	0.000000	0.000000	326.828626	89.389800	0.000000	226.594651	136.602614	134.181902	180.000000	225.818098	180.000000	133.044967	270.000000	90.000000	90.000000	185.011410	180.000000	141.064814	95.412308	90.000000	0.000000	0.000000	338.081791	1.008317	0.000000	51.064814	180.000000	180.000000	180.000000	90.000000	180.000000	180.000000	174.254569	90.000000	
95.563803	97.776586	191.613061	221.891883	180.000000	90.000000	89.690286	8.303366	315.000000	0.000000	0.000000	326.828626	89.410017	0.000000	226.594651	136.602614	134.181902	180.000000	225.818098	180.000000	133.044967	270.000000	90.000000	90.000000	184.957598	180.000000	141.064814	95.383719	90.000000	0.000000	0.000000	338.081791	1.008317	0.000000	51.064814	180.000000	180.000000	180.000000	90.000000	180.000000	180.000000	180.801875	90.000000	
96.832562	97.740189	191.611628	221.891883	180.000000	90.000000	89.690286	8.275734	315.000000	0.000000	0.000000	326.828626	89.431320	0.000000	226.594651	136.602614	134.181902	180.000000	225.818098	180.000000	133.044967	270.000000	90.000000	90.000000	184.906186	180.000000	141.064814	90.079798	90.000000	0.000000	0.000000	338.081791	1.008317	0.000000	51.064814	180.000000	180.000000	180.000000	90.000000	180.000000	180.000000	181.956568	90.000000	
87.835596	97.704758	191.611360	221.891883	180.000000	90.000000	89.690286	8.249051	315.000000	0.000000	0.000000	326.828626	89.405030	0.000000	226.594651	136.602614	134.181902	180.000000	225.818098	180.000000	133.044967	270.000000	90.000000	90.000000	184.857173	180.000000	141.064814	89.047583	90.000000	0.000000	0.000000	338.081791	1.008317	0.000000	51.064814	180.000000	180.000000	180.000000	90.000000	180.000000	180.000000	174.298607	90.000000	
95.532168	97.670525	191.611310	221.891883	180.000000	90.000000	89.690286	8.223321	315.000000	0.000000	0.000000	326.828626	89.320128	0.000000	226.594651	136.602614	134.181902	180.000000	225.818098	180.000000	133.044967	270.000000	90.000000	90.000000	184.810554	180.000000	141.064814	88.831289	90.000000	0.000000	0.000000	338.081791	1.008317	0.000000	51.064814	180.000000	180.000000	180.000000	90.000000	180.000000	180.000000	180.797748	90.000000	
96.787971	97.637536	191.611301	221.891883	180.000000	90.000000	89.690286	8.198545	315.000000	0.000000	0.000000	326.828626	89.226194	0.000000	226.594651	136.602614	134.181902	197.863541	225.818098	180.000000	133.044967	270.000000	90.000000	90.000000	184.766328	180.000000	141.064814	88.771857	90.000000	0.000000	0.000000	338.081791	1.008317	0.000000	51.064814	180.000000	180.000000	180.000000	90.000000	180.000000	180.000000	174.161619	90.000000	
96.969130	97.605802	191.611299	221.891883	180.000000	90.000000	89.690286	8.174725	315.000000	0.000000	0.000000	326.828626	89.132546	0.000000	226.594651	136.602614	134.181902	201.143176	225.818098	180.000000	133.044967	270.000000	90.000000	90.000000	184.724488	180.000000	141.064814	88.743370	90.000000	0.000000	0.000000	338.081791	1.008317	0.000000	51.064814	180.000000	180.000000	180.000000	90.000000	180.000000	180.000000	180.779953	90.000000	
96.971094	97.575329	191.611299	221.891883	180.000000	90.000000	89.690286	8.151862	315.000000	0.000000	0.000000	326.828626	89.040935	0.000000	226.594651	136.602614	134.181902	201.754432	225.818098	180.000000	133.044967	270.000000	90.000000	90.000000	184.685031	180.000000	141.064814	88.721777	90.000000	0.000000	0.000000	338.081791	1.008317	0.000000	51.064814	180.000000	180.000000	180.000000	90.000000	180.000000	180.000000	174.228798	90.000000	
96.943842	97.546118	191.611299	221.891883	180.000000	90.000000	89.690286	8.129959	315.000000	0.000000	0.000000	326.828626	88.951694	0.000000	226.594651	136.602614	134.181902	201.868419	225.818098	180.000000	133.044967	270.000000	90.000000	90.000000	184.647951	180.000000	141.064814	88.702485	90.000000	0.000000	0.000000	338.081791	1.008317	0.000000	51.064814	180.000000	180.000000	180.000000	90.000000	180.000000	180.000000	180.792111	90.000000	
96.912499	97.518174	191.611299	221.891883	180.000000	90.000000	89.690286	8.109016	315.000000	0.000000	0.000000	326.828626	88.864887	0.000000	226.594651	136.602614	134.181902	201.889677	225.818098	180.000000	133.044967	270.000000	90.000000	90.000000	184.613242	180.000000	141.064814	88.684614	90.000000	0.000000	0.000000	338.081791	1.008317	0.000000	51.064814	180.000000	180.000000	180.000000	90.000000	180.000000	180.000000	174.298013	90.000000	
96.881274	97.491499	191.611299	221.891883	180.000000	90.000000	89.690286	8.089036	315.000000	0.000000	0.000000	326.828626	88.780526	0.000000	226.594651	136.602614	134.181902	201.893642	225.818098	180.000000	133.044967	270.000000	90.000000	90.000000	184.580896	180.000000	141.064814	88.667996	90.000000	0.000000	0.000000	338.081791	1.008317	0.000000	51.064814	180.000000	180.000000	180.000000	90.000000	180.000000	180.000000	180.797970	90.000000	
96.850877	97.466094	191.611299	221.891883	180.000000	90.000000	89.690286	8.070019	315.000000	0.000000	0.000000	326.828626	88.698613	0.000000	226.594651	136.602614	134.181902	201.894381	225.818098	180.000000	133.044967	270.000000	90.000000	90.000000	184.550907	180.000000	141.064814	88.652594	90.000000	0.000000	0.000000	338.081791	1.008317	0.000000	51.064814	180.000000	180.000000	180.000000	90.000000	180.000000	180.000000	174.362638	90.000000	
96.821426	97.441963	191.611299	221.891883	180.000000	90.000000	89.690286	8.051968	315.000000	0.000000	0.000000	326.828626	88.619148	0.000000	226.594651	136.602614	134.181902	201.894519	225.818098	180.000000	133.044967	270.000000	90.000000	90.000000	184.523267	180.000000	141.064814	88.638399	90.000000	0.000000	0.000000	338.081791	1.008317	0.000000	51.064814	180.000000	180.000000	180.000000	90.000000	180.000000	180.000000	180.796408	90.000000	
96.792944	91.066432	191.611299	221.891883	180.000000	90.000000	89.690286	1.106700	315.000000	0.000000	0.000000	326.828626	88.542130	0.000000	226.594651	136.602614	134.181902	201.894545	225.818098	180.000000	133.044967	270.000000	90.000000	90.000000	184.497967	180.000000	141.064814	88.625408	90.000000	0.000000	0.000000	338.081791	1.008317	0.000000	51.064814	180.000000	180.000000	180.000000	90.000000	180.000000	180.000000	174.422451	90.000000	
96.765437	89.889761	191.611299	221.891883	180.000000	90.000000	89.690286	359.962047	315.000000	0.000000	0.000000	326.828626	88.467556	0.000000	226.594651	136.602614	134.181902	201.894550	225.818098	180.000000	133.044967	270.000000	90.000000	90.000000	184.474999	180.000000	141.064814	88.613616	90.000000	0.000000	0.000000	338.081791	1.008317	0.000000	51.064814	180.000000	180.000000	180.000000	90.000000	180.000000	180.000000	180.787455	90.000000	
96.738906	89.660678	191.611299	221.891883	180.000000	90.000000	89.690286	359.764482	315.000000	0.000000	0.000000	326.828626	88.395425	0.000000	226.594651	136.602614	134.181902	201.894550	225.818098	180.000000	133.044967	270.000000	90.000000	90.000000	184.454353	180.000000	141.064814	88.603020	90.000000	0.000000	0.000000	338.081791	1.008317	0.000000	51.064814	180.000000	180.000000	180.000000	90.000000	180.000000	180.000000	174.477443	90.000000	
96.713354	89.605362	191.611299	221.891883	180.000000	90.000000	89.690286	359.722478	315.000000	0.000000	0.000000	326.828626	88.325732	0.000000	226.594651	136.602614	134.181902	201.894551	225.818098	180.000000	133.044967	270.000000	90.000000	90.000000	184.436020	180.000000	141.064814	88.593615	90.000000	0.000000	0.000000	338.081791	1.008317	0.000000	51.064814	180.000000	180.000000	180.000000	90.000000	180.000000	180.000000	180.771180	90.000000	
96.688782	89.582594	191.611299	221.891883	180.000000	90.000000	89.690286	359.706559	315.000000	0.000000	0.000000	326.828626	88.258474	0.000000	226.594651	136.602614	134.181902	201.894551	225.818098	180.000000	133.044967	270.000000	90.000000	90.000000	184.419990	180.000000	141.064814	88.585399	90.000000	0.000000	0.000000	338.081791	1.008317	0.000000	51.064814	180.000000	180.000000	180.000000	90.000000	180.000000	180.000000	174.527612	90.000000	
96.665192	89.566605	191.611299	221.891883	180.000000	90.000000	89.690286	359.695551	315.000000	0.000000	0.000000	326.828626	88.193645	0.000000	226.594651	136.602614	134.181902	201.894551	225.818098	180.000000	133.044967	270.000000	90.000000	90.000000	184.406251	180.000000	141.064814	88.578367	90.000000	0.000000	0.000000	338.081791	1.008317	0.000000	51.064814	180.000000	180.000000	180.000000	90.000000	180.000000	180.000000	180.747652	90.000000	
96.642586	89.552698	191.611299	221.891883	180.000000	90.000000	89.690286	359.685990	315.000000	0.000000	0.000000	326.828626	88.131240	0.000000	226.594651	136.602614	134.181902	201.894551	225.818098	180.000000	133.044967	270.000000	90.000000	90.000000	184.394794	180.000000	141.064814	88.572514	90.000000	0.000000	0.000000	338.081791	0.678376	0.000000	51.064814	180.000000	180.000000	180.000000	90.000000	180.000000	180.000000	174.572959	90.000000	
90.585402	89.540011	191.611299	221.891883	180.000000	90.000000	89.690286	359.677309	315.000000	0.000000	0.000000	326.828626	88.071255	0.000000	226.594651	136.602614	134.181902	201.894551	225.818098	180.000000	133.044967	270.000000	90.000000	90.000000	184.385606	180.000000	141.064814	88.567838	90.000000	0.000000	0.000000	338.081791	0.616780	0.000000	51.064814	180.000000	180.000000	180.000000	90.000000	180.000000	180.000000	180.716944	90.000000	
89.585025	89.528388	191.611299	221.891883	180.000000	90.000000	89.690286	359.669415	315.000000	0.000000	0.000000	326.828626	88.013681	0.000000	226.594651	136.602614	134.181902	201.894551	225.818098	180.000000	133.044967	270.000000	90.000000	90.000000	184.378677	180.000000	141.064814	88.564332	90.000000	0.000000	0.000000	338.081791	0.605281	0.000000	51.064814	180.000000	180.000000	180.000000	90.000000	180.000000	180.000000	174.613489	90.000000	
89.407069	89.517796	191.611299	221.891883	180.000000	90.000000	89.690286	359.662290	315.000000	0.000000	0.000000	326.828626	87.958512	0.000000	226.594651	136.602614	134.181902	201.894551	225.818098	180.000000	133.044967	270.000000	90.000000	90.000000	184.373994	180.000000	141.064814	88.561994	90.000000	0.000000	0.000000	338.081791	0.603133	0.000000	51.064814	180.000000	180.000000	180.000000	90.000000	180.000000	180.000000	180.679126	90.000000	
89.363694	89.508228	191.611299	221.891883	180.000000	90.000000	89.690286	359.655931	315.000000	0.000000	0.000000	326.828626	87.905742	0.000000	226.594651	136.602614	134.181902	201.894551	225.818098	180.000000	133.044967	270.000000	90.000000	90.000000	184.371546	180.000000	141.064814	88.560818	90.000000	0.000000	0.000000	338.081791	0.602732	0.000000	51.064814	180.000000	180.000000	180.000000	90.000000	180.000000	180.000000	174.649206	90.000000	
89.342902	89.499679	191.611299	221.891883	180.000000	90.000000	89.690286	359.650333	315.000000	0.000000	0.000000	326.828626	87.855361	0.000000	226.594651	136.602614	134.181902	201.894551	225.818098	180.000000	133.044967	270.000000	90.000000	90.000000	184.371319	180.000000	141.064814	88.560800	90.000000	0.000000	0.000000	338.081791	0.602658	0.000000	51.064814	180.000000	180.000000	180.000000	90.000000	180.000000	180.000000	173.584310	90.000000	
89.326464	89.492147	191.611299	221.891883	180.000000	90.000000	89.690286	359.645496	315.000000	0.000000	0.000000	326.828626	87.807361	0.000000	226.594651	136.602614	134.181902	201.894551	225.818098	180.000000	133.044967	270.000000	90.000000	90.000000	184.373301	180.000000	141.064814	88.561935	90.000000	0.000000	0.000000	338.081791	0.602644	0.000000	51.064814	180.000000	180.000000	180.000000	90.000000	180.000000	180.000000	180.447499	90.000000	
89.311410	89.485628	191.611299	221.891883	180.000000	90.000000	89.690286	359.641417	315.000000	0.000000	0.000000	326.828626	87.761734	0.000000	226.594651	136.602614	134.181902	201.894551	225.818098	180.000000	133.044967	270.000000	90.000000	90.000000	184.377480	180.000000	141.064814	88.564218	90.000000	0.000000	0.000000	338.081791	0.602641	0.000000	51.064814	180.000000	180.000000	180.000000	90.000000	180.000000	180.000000	174.687917	90.000000	
89.297258	89.480119	191.611299	221.891883	180.000000	90.000000	89.690286	359.610168	315.000000	0.000000	0.000000	326.828626	87.718470	0.000000	226.594651	136.602614	134.181902	201.894551	225.818098	180.000000	133.044967	270.000000	90.000000	90.000000	184.383841	180.000000	141.064814	88.567645	90.000000	0.000000	0.000000	338.081791	0.602641	0.000000	51.064814	180.000000	180.000000	180.000000	90.000000	180.000000	180.000000	173.669049	90.000000	
89.283927	89.475617	191.611299	221.891883	180.000000	90.000000	89.690286	359.513277	315.000000	0.000000	0.000000	326.828626	87.677560	0.000000	226.594651	136.602614	134.181902	201.894551	225.818098	180.000000	133.044967	270.000000	90.000000	90.000000	184.392372	180.000000	141.064814	88.572210	90.000000	0.000000	0.000000	338.081791	0.602640	0.000000	51.064814	180.000000	180.000000	180.000000	90.000000	180.000000	180.000000	173.521086	90.000000	
89.271402	89.472119	191.611299	221.891883	180.000000	90.000000	89.690286	359.406843	315.000000	0.000000	0.000000	326.828626	87.638994	0.000000	226.594651	136.602614	134.181902	201.894551	225.818098	180.000000	133.044967	270.000000	90.000000	90.000000	184.403059	180.000000	141.064814	88.577908	90.000000	0.000000	0.000000	338.081791	0.602640	0.000000	51.064814	180.000000	180.000000	180.000000	90.000000	180.000000	180.000000	173.532523	90.000000	
89.259681	89.469620	191.611299	221.891883	180.000000	90.000000	89.690286	359.300109	315.000000	0.000000	0.000000	326.828626	87.602760	0.000000	226.594651	136.602614	134.181902	201.894551	225.818098	180.000000	133.044967	270.000000	90.000000	90.000000	184.415888	180.000000	141.064814	88.584734	90.000000	0.000000	0.000000	338.081791	0.602640	0.000000	51.064814	180.000000	180.000000	180.000000	90.000000	180.000000	180.000000	173.572269	90.000000	
89.248760	89.468119	191.611299	221.891883	180.000000	90.000000	89.690286	359.194607	315.000000	0.000000	0.000000	326.828626	87.568849	0.000000	226.594651	136.602614	134.181902	201.894551	225.818098	180.000000	133.044967	270.000000	90.000000	90.000000	184.430846	180.000000	141.064814	88.592683	90.000000	0.000000	0.000000	338.081791	0.602640	0.000000	51.064814	180.000000	180.000000	180.000000	90.000000	180.000000	180.000000	173.616163	90.000000	
89.238638	89.467610	191.611299	221.891883	180.000000	90.000000	89.690286	359.090597	315.000000	0.000000	0.000000	326.828626	87.537249	0.000000	226.594651	136.602614	134.181902	201.894551	225.818098	180.000000	133.044967	270.000000	90.000000	90.000000	184.447918	180.000000	141.064814	88.601750	90.000000	0.000000	0.000000	338.081791	0.602640	0.000000	51.064814	180.000000	180.000000	180.000000	90.000000	180.000000	180.000000	173.659750	90.000000	
89.229313	89.468090	191.611299	221.891883	180.000000	90.000000	89.690286	358.988128	315.000000	0.000000	0.000000	326.828626	87.507950	0.000000	226.594651	136.602614	134.181902	201.894551	225.818098	180.000000	133.044967	270.000000	90.000000	90.000000	184.467091	180.000000	141.064814	88.611928	90.000000	0.000000	0.000000	338.081791	0.602640	0.000000	51.064814	180.000000	180.000000	180.000000	90.000000	180.000000	180.000000	173.702204	90.000000	
89.220782	89.378285	191.611299	221.891883	180.000000	90.000000	89.690286	358.887215	315.000000	0.000000	0.000000	326.828626	87.480938	0.000000	226.594651	136.602614	134.181902	201.894551	225.818098	180.000000	133.044967	270.000000	90.000000	90.000000	184.488350	180.000000	141.064814	88.623214	90.000000	0.000000	0.000000	338.081791	0.602640	0.000000	51.064814	180.000000	180.000000	180.000000	90.000000	180.000000	180.000000	173.743370	90.000000	
89.213045	89.265332	191.611299	221.891883	180.000000	90.000000	89.690286	358.787866	315.000000	0.000000	0.000000	326.828626	87.456203	0.000000	226.594651	136.602614	134.181902	201.894551	225.818098	180.000000	133.044967	270.000000	90.000000	90.000000	184.511680	180.000000	141.064814	88.538305	90.000000	0.000000	0.000000	338.081791	0.602640	0.000000	51.064814	180.000000	180.000000	180.000000	90.000000	180.000000	180.000000	173.743370	90.000000	
89.206098	89.149802	191.611299	221.891883	180.000000	90.000000	89.690286	358.690089	315.000000	0.000000	0.000000	326.828626	87.433732	0.000000	226.594651	136.602614	134.181902	201.894551	225.818098	180.000000	133.044967	270.000000	90.000000	90.000000	184.537068	180.000000	141.064814	88.431838	90.000000	0.000000	0.000000	338.081791	0.602640	0.000000	51.064814	180.000000	180.000000	180.000000	90.000000	180.000000	180.000000	173.743370	90.000000	
89.199940	89.035473	191.611299	221.891883	180.000000	90.000000	89.690286	358.593889	315.000000	0.000000	0.000000	326.828626	87.413513	0.000000	226.594651	136.602614	134.512913	201.894551	225.818098	180.000000	133.044967	270.000000	90.000000	90.000000	184.564499	180.000000	141.064814	88.323193	90.000000	0.000000	0.000000	338.081791	0.602640	0.000000	51.064814	180.000000	180.000000	180.000000	90.000000	180.000000	180.000000	173.743370	90.000000	
89.194568	88.923044	191.611299	221.891883	180.000000	90.000000	89.690286	358.499273	315.000000	0.000000	0.000000	326.828626	87.395532	0.000000	226.594651	136.602614	134.568841	201.894551	225.818098	180.000000	133.044967	270.000000	90.000000	90.000000	184.593958	180.000000	141.064814	88.216067	90.000000	0.000000	0.000000	338.081791	0.602640	0.000000	51.064814	180.000000	180.000000	180.000000	90.000000	180.000000	180.000000	173.743370	90.000000	
89.189981	88.812654	191.611299	221.891883	180.000000	90.000000	89.690286	358.406247	315.000000	0.000000	0.000000	326.828626	87.379778	0.000000	226.594651	136.602614	134.578291	201.894551	225.818098	180.000000	133.044967	270.000000	90.000000	90.000000	184.625432	180.000000	141.064814	88.111169	90.000000	0.000000	0.000000	338.081791	0.602640	0.000000	51.064814	180.000000	180.000000	180.000000	90.000000	180.000000	180.000000	173.743370	90.000000	
89.186175	88.704334	191.611299	221.891883	180.000000	90.000000	89.690286	358.314814	315.000000	0.000000	0.000000	326.828626	87.366237	0.000000	226.594651	136.602614	134.579888	201.894551	225.818098	180.000000	133.044967	270.000000	90.000000	90.000000	184.658904	180.000000	141.064814	88.008641	90.000000	0.000000	0.000000	338.081791	0.602640	0.000000	51.064814	180.000000	180.000000	180.000000	90.000000	180.000000	180.000000	173.743370	90.000000	
89.183149	88.598097	191.611299	221.891883	180.000000	90.000000	89.690286	358.224981	315.000000	0.000000	0.000000	326.828626	87.354896	0.000000	226.594651	136.602614	134.580157	201.894551	225.818098	180.000000	133.044967	270.000000	90.000000	90.000000	184.694361	180.000000	141.064814	87.908514	90.000000	0.000000	0.000000	338.081791	0.602640	0.000000	51.064814	180.000000	180.000000	180.000000	90.000000	180.000000	180.000000	173.743370	90.000000	
89.180900	88.493952	191.611299	221.891883	180.000000	90.000000	89.690286	358.136751	315.000000	0.000000	0.000000	326.828626	87.345741	0.000000	226.594651	136.602614	134.580203	201.894551	225.818098	180.000000	133.044967	270.000000	90.000000	90.000000	184.731789	180.000000	141.064814	87.810799	90.000000	0.000000	0.000000	338.081791	0.602640	0.000000	51.064814	180.000000	180.000000	180.000000	90.000000	180.000000	180.000000	173.743370	90.000000	
89.179426	88.391906	191.611299	221.891883	180.000000	90.000000	89.690286	358.050128	315.000000	0.000000	0.000000	326.828626	87.338759	0.000000	226.594651	136.602614	134.580211	201.894551	225.818098	180.000000	133.044967	270.000000	90.000000	90.000000	184.771172	180.000000	141.064814	87.715500	90.000000	0.000000	0.000000	338.081791	0.602640	0.000000	51.064814	180.000000	180.000000	180.000000	90.000000	180.000000	180.000000	173.743370	90.000000	
89.178724	88.291966	191.611299	221.891883	180.000000	90.000000	89.690286	357.965115	315.000000	0.000000	0.000000	326.828626	87.333937	0.000000	226.594651	136.602614	134.580212	201.894551	225.818098	180.000000	133.044967	270.000000	90.000000	90.000000	184.812495	180.000000	141.064814	87.622621	90.000000	0.000000	0.000000	338.081791	0.602640	0.000000	51.064814	180.000000	180.000000	180.000000	90.000000	180.000000	180.000000	173.743370	90.000000	
89.178792	88.194137	191.611299	221.891883	180.000000	90.000000	89.690286	357.881715	315.000000	0.000000	0.000000	326.828626	87.331259	0.000000	226.594651	136.602614	134.580212	201.894551	225.487087	180.000000	133.044967	270.000000	90.000000	90.000000	184.855746	180.000000	141.064814	87.532165	90.000000	0.000000	0.000000	338.081791	0.602640	0.000000	51.064814	180.000000	180.000000	180.000000	90.000000	180.000000	180.000000	173.743370	90.000000	
89.179627	88.098424	191.611299	221.891883	180.000000	90.000000	89.690286	357.799932	315.000000	0.000000	0.000000	326.828626	87.330714	0.000000	226.594651	136.602614	134.580212	201.894551	225.431159	180.000000	133.044967	270.000000	90.000000	90.000000	184.900908	180.000000	141.064814	87.444134	90.000000	0.000000	0.000000	338.081791	0.602640	0.000000	51.064814	180.000000	180.000000	180.000000	90.000000	180.000000	180.000000	173.743370	90.000000	
89.181226	88.004832	191.611299	221.891883	180.000000	90.000000	89.690286	357.719767	315.000000	0.000000	0.000000	326.828626	87.332286	0.000000	226.594651	136.602614	134.580212	201.894551	225.421709	180.000000	133.044967	270.000000	90.000000	90.000000	184.947967	180.000000	141.064814	87.358528	90.000000	0.000000	0.000000	338.081791	0.602640	0.000000	51.064814	180.000000	180.000000	180.000000	90.000000	180.000000	180.000000	173.743370	90.000000	
89.183588	87.913364	191.611299	221.891883	180.000000	90.000000	89.690286	357.641221	315.000000	0.000000	0.000000	326.828626	87.335962	0.000000	226.594651	136.602614	134.580212	201.894551	225.420112	180.000000	133.044967	270.000000	90.000000	90.000000	184.996909	180.000000	141.064814	87.275348	90.000000	0.000000	0.000000	338.081791	0.602640	0.000000	51.064814	180.000000	180.000000	180.000000	90.000000	180.000000	180.000000	173.743370	90.000000	
89.186709	87.824022	191.611299	221.891883	180.000000	90.000000	89.690286	357.564298	315.000000	0.000000	0.000000	326.828626	87.341727	0.000000	226.594651	136.602614	134.580212	201.894551	225.419843	180.000000	133.044967	270.000000	90.000000	90.000000	185.047720	180.000000	141.064814	87.194593	90.000000	0.000000	0.000000	338.081791	0.602640	0.000000	51.064814	180.000000	180.000000	180.000000	90.000000	180.000000	180.000000	173.743370	90.000000	
89.190586	87.736810	191.611299	221.891883	180.000000	90.000000	89.690286	357.488996	315.000000	0.000000	0.000000	326.828626	87.349567	0.000000	226.594651	136.602614	134.580212	201.894551	225.419797	180.000000	133.044967	270.000000	90.000000	90.000000	185.100385	180.000000	141.064814	87.116262	90.000000	0.000000	0.000000	338.081791	0.602640	0.000000	51.064814	180.000000	180.000000	180.000000	90.000000	180.000000	180.000000	173.743370	90.000000	
89.195217	87.651729	191.611299	221.891883	180.000000	90.000000	89.690286	357.415319	315.000000	0.000000	0.000000	326.828626	87.359467	0.000000	226.594651	136.602614	134.580212	201.894551	225.419789	180.000000	133.044967	270.000000	90.000000	90.000000	185.154890	180.000000	141.064814	87.040353	90.000000	0.000000	0.000000	338.081791	0.602640	0.000000	51.064814	180.000000	180.000000	180.000000	90.000000	180.000000	180.000000	173.743370	90.000000	
89.144748	87.568779	191.611299	221.891883	180.000000	90.000000	89.690286	357.343265	315.000000	0.000000	0.000000	326.828626	87.371415	0.000000	226.594651	136.602614	134.580212	201.894551	225.419788	180.000000	133.044967	270.000000	90.000000	90.000000	185.211220	180.000000	141.064814	86.966864	90.000000	0.000000	0.000000	338.081791	0.602640	0.000000	51.064814	180.000000	180.000000	180.000000	90.000000	180.000000	180.000000	173.743370	90.000000	
89.054163	87.487962	191.611299	221.891883	180.000000	90.000000	89.690286	357.272834	315.000000	0.000000	0.000000	326.828626	87.385394	0.000000	226.594651	136.602614	134.580212	201.894551	225.419788	180.000000	133.044967	270.000000	90.000000	90.000000	185.269363	180.000000	141.064814	86.895791	90.000000	0.000000	0.000000	338.081791	0.602640	0.000000	51.064814	180.000000	180.000000	180.000000	90.000000	180.000000	180.000000	173.743370	90.000000	
88.958376	87.409278	191.611299	221.891883	180.000000	90.000000	89.690286	357.204028	315.000000	0.000000	0.000000	326.828626	87.401391	0.000000	226.594651	136.602614	134.580212	201.894551	225.419788	180.000000	133.044967	270.000000	90.000000	90.000000	185.329303	180.000000	141.064814	86.827130	90.000000	0.000000	0.000000	338.081791	0.602640	0.000000	51.064814	180.000000	180.000000	180.000000	90.000000	180.000000	180.000000	173.743370	90.000000	
88.863071	87.332725	191.611299	221.891883	180.000000	90.000000	89.690286	357.136844	315.000000	0.000000	0.000000	326.828626	87.419392	0.000000	226.594651	136.602614	134.580212	201.894551	225.419788	180.000000	133.044967	270.000000	90.000000	90.000000	185.391027	180.000000	141.064814	86.760877	90.000000	0.000000	0.000000	338.081791	0.602640	0.000000	51.064814	180.000000	180.000000	180.000000	90.000000	180.000000	180.000000	173.743370	90.000000	
88.769178	87.258302	191.611299	221.891883	180.000000	90.000000	89.690286	357.071282	315.000000	0.000000	0.000000	326.828626	87.439382	0.000000	226.594651	136.602614	134.580212	201.894551	225.419788	180.000000	133.044967	270.000000	90.000000	90.000000	185.454521	180.000000	141.064814	86.697026	90.000000	0.000000	0.000000	338.081791	0.602640	0.000000	51.064814	180.000000	180.000000	180.000000	90.000000	180.000000	180.000000	173.743370	90.000000	
88.676854	87.186007	191.611299	221.891883	180.000000	90.000000	89.690286	357.007342	315.000000	0.000000	0.000000	326.828626	87.461346	0.000000	226.594651	136.602614	134.580212	201.894551	225.419788	180.000000	133.044967	270.000000	90.000000	90.000000	185.519771	180.000000	141.064814	86.635573	90.000000	0.000000	0.000000	338.081791	0.602640	0.000000	51.064814	180.000000	180.000000	180.000000	90.000000	180.000000	180.000000	173.743370	90.000000	
88.586129	87.115839	191.611299	221.891883	180.000000	90.000000	89.690286	356.945020	315.000000	0.000000	0.000000	326.828626	87.485270	0.000000	226.594651	136.602614	134.580212	201.894551	225.419788	180.000000	133.044967	270.000000	90.000000	90.000000	185.586765	180.000000	141.064814	86.576510	90.000000	0.000000	0.000000	338.081791	0.602640	0.000000	51.064814	180.000000	180.000000	180.000000	90.000000	180.000000	180.000000	173.743370	90.000000	
88.497010	87.047795	191.611299	221.891883	180.000000	90.000000	89.690286	356.884316	315.000000	0.000000	0.000000	326.828626	87.511140	0.000000	226.594651	136.602614	134.580212	201.894551	225.419788	180.000000	133.044967	270.000000	90.000000	90.000000	185.655487	180.000000	141.064814	86.519831	90.000000	0.000000	0.000000	338.081791	0.602640	0.000000	51.064814	180.000000	180.000000	180.000000	90.000000	180.000000	180.000000	173.743370	90.000000	
88.409504	86.981870	191.611299	221.891883	180.000000	90.000000	89.690286	356.825227	315.000000	0.000000	0.000000	326.828626	87.538942	0.000000	226.594651	136.602614	134.580212	201.894551	225.419788	180.000000	133.044967	270.000000	90.000000	90.000000	185.725926	180.000000	141.064814	86.465528	90.000000	0.000000	0.000000	338.081791	0.602640	0.000000	51.064814	180.000000	180.000000	180.000000	90.000000	180.000000	180.000000	173.743370	90.000000	
88.323614	86.918062	191.611299	221.891883	180.000000	90.000000	89.690286	356.767752	315.000000	0.000000	0.000000	326.828626	95.484260	0.000000	226.594651	136.602614	134.580212	201.894551	225.419788	180.000000	133.044967	270.000000	90.000000	90.000000	185.798067	180.000000	141.064814	86.413595	90.000000	0.000000	0.000000	338.081791	0.602640	0.000000	51.064814	180.000000	180.000000	180.000000	90.000000	180.000000	180.000000	173.743370	90.000000	
88.239345	86.856366	191.611299	221.891883	180.000000	90.000000	89.690286	356.711886	315.000000	0.000000	0.000000	326.828626	89.028153	0.000000	226.594651	136.602614	134.580212	201.894551	225.419788	180.000000	133.044967	270.000000	90.000000	90.000000	185.871898	180.000000	141.064814	86.364022	90.000000	0.000000	0.000000	338.081791	0.602640	0.000000	51.064814	180.000000	180.000000	180.000000	90.000000	180.000000	180.000000	173.743370	90.000000	
88.156698	86.796777	191.611299	221.891883	180.000000	90.000000	89.690286	356.657629	315.000000	0.000000	0.000000	326.828626	87.832257	0.000000	226.594651	136.602614	134.580212	201.894551	225.419788	180.000000	133.044967	270.000000	90.000000	90.000000	185.947406	180.000000	141.064814	86.316801	90.000000	0.000000	0.000000	338.081791	0.602640	0.000000	51.064814	180.000000	180.000000	180.000000	90.000000	180.000000	180.000000	173.743370	90.000000	
88.075678	86.739291	191.611299	221.891883	180.000000	90.000000	89.690286	356.604975	315.000000	0.000000	0.000000	326.828626	95.445165	0.000000	226.594651	136.602614	134.580212	201.894551	225.419788	180.000000	133.044967	270.000000	90.000000	90.000000	186.024578	180.000000	141.064814	86.271924	90.000000	0.000000	0.000000	338.081791	0.602640	0.000000	51.064814	180.000000	180.000000	180.000000	90.000000	180.000000	180.000000	173.743370	90.000000	
87.996286	86.683902	191.611299	221.891883	180.000000	90.000000	89.690286	356.553923	315.000000	0.000000	0.000000	326.828626	89.036385	0.000000	226.594651	136.602614	134.580212	201.894551	225.419788	180.000000	133.044967	270.000000	90.000000	90.000000	186.103402	180.000000	141.064814	86.229379	90.000000	0.000000	0.000000	338.081791	0.602640	0.000000	51.064814	180.000000	180.000000	180.000000	90.000000	180.000000	180.000000	173.743370	90.000000	
87.918524	86.630604	191.611299	221.891883	180.000000	90.000000	89.690286	356.504467	315.000000	0.000000	0.000000	326.828626	95.599124	0.000000	226.594651	136.602614	134.580212	201.894551	225.419788	180.000000	133.044967	270.000000	90.000000	90.000000	186.183864	180.000000	141.064814	86.189159	90.000000	0.000000	0.000000	338.081791	0.602640	0.000000	51.064814	180.000000	180.000000	180.000000	90.000000	180.000000	180.000000	173.743370	90.000000	
87.842394	86.579391	191.611299	221.891883	180.000000	90.000000	89.690286	356.456606	315.000000	0.000000	0.000000	326.828626	89.060674	0.000000	226.594651	136.602614	134.580212	201.894551	225.419788	180.000000	133.044967	270.000000	90.000000	90.000000	186.265953	180.000000	141.064814	86.151252	90.000000	0.000000	0.000000	338.081791	0.602640	0.000000	51.064814	180.000000	180.000000	180.000000	90.000000	180.000000	180.000000	173.743370	90.000000	
87.767897	86.530256	191.611299	221.891883	180.000000	90.000000	89.690286	356.410333	315.000000	0.000000	0.000000	326.828626	95.531109	0.000000	226.594651	136.602614	134.580212	201.894551	225.419788	180.000000	133.044967	270.000000	90.000000	90.000000	186.349655	180.000000	141.064814	86.115647	90.000000	0.000000	0.000000	338.081791	0.602640	0.000000	51.064814	180.000000	180.000000	180.000000	90.000000	180.000000	180.000000	173.743370	90.000000	
87.695034	86.483192	191.611299	221.891883	180.000000	90.000000	89.690286	356.365646	315.000000	0.000000	0.000000	326.828626	89.050504	0.000000	226.594651	136.602614	134.580212	201.894551	225.419788	180.000000	133.044967	270.000000	90.000000	90.000000	186.434960	180.000000	141.064814	86.082335	90.000000	0.000000	0.000000	338.081791	0.602640	0.000000	51.064814	180.000000	180.000000	180.000000	90.000000	180.000000	180.000000	173.743370	90.000000	
87.623806	86.438193	191.611299	221.891883	180.000000	90.000000	89.690286	356.322539	315.000000	0.000000	0.000000	326.828626	95.460317	0.000000	226.594651	136.602614	134.580212	201.894551	225.419788	180.000000	133.044967	270.000000	90.000000	90.000000	186.521855	180.000000	141.064814	86.051303	90.000000	0.000000	0.000000	338.081791	0.602640	0.000000	51.064814	180.000000	180.000000	180.000000	90.000000	180.000000	180.000000	173.743370	90.000000	
87.554212	86.395249	191.611299	221.891883	180.000000	90.000000	89.690286	356.281008	315.000000	0.000000	0.000000	326.828626	89.047217	0.000000	226.594651	136.602614	134.580212	201.894551	225.419788	180.000000	133.044967	270.000000	90.000000	90.000000	186.610329	180.000000	141.064814	86.022541	90.000000	0.000000	0.000000	338.081791	0.602640	0.000000	51.064814	180.000000	180.000000	180.000000	90.000000	180.000000	180.000000	173.743370	90.000000	
87.486253	86.354354	191.611299	221.891883	180.000000	90.000000	89.690286	356.241048	315.000000	0.000000	0.000000	326.828626	95.394697	0.000000	226.594651	136.602614	134.580212	201.894551	225.419788	180.000000	133.044967	270.000000	90.000000	90.000000	186.700369	180.000000	141.064814	85.996036	90.000000	0.000000	0.000000	338.081791	0.602640	0.000000	51.064814	180.000000	180.000000	180.000000	90.000000	180.000000	180.000000	173.743370	90.000000	
87.419928	86.315499	191.611299	221.891883	180.000000	90.000000	89.690286	356.202654	315.000000	0.000000	0.000000	326.828626	89.052233	0.000000	226.594651	136.602614	134.580212	201.894551	225.419788	180.000000	133.044967	270.000000	90.000000	90.000000	186.791965	180.000000	141.064814	85.971777	90.000000	0.000000	0.000000	338.081791	0.602640	0.000000	51.064814	180.000000	180.000000	180.000000	90.000000	180.000000	180.000000	173.743370	90.000000	
87.355236	86.278677	191.611299	221.891883	180.000000	90.000000	89.690286	356.165821	315.000000	0.000000	0.000000	326.828626	95.334539	0.000000	226.594651	136.602614	134.580212	201.894551	225.419788	180.000000	133.044967	270.000000	90.000000	90.000000	186.885104	180.000000	141.064814	85.949751	90.000000	0.000000	0.000000	338.081791	0.602640	0.000000	51.064814	180.000000	180.000000	180.000000	90.000000	180.000000	180.000000	173.743370	90.000000	
87.292176	86.243877	191.611299	221.891883	180.000000	90.000000	89.690286	356.130543	315.000000	0.000000	0.000000	326.828626	89.065523	0.000000	226.594651	136.602614	134.580212	201.894551	225.419788	180.000000	133.044967	270.000000	90.000000	90.000000	186.979776	180.000000	141.064814	85.929946	90.000000	0.000000	0.000000	338.081791	0.602640	0.000000	51.064814	180.000000	180.000000	180.000000	90.000000	180.000000	180.000000	173.743370	90.000000	
87.230747	86.211091	191.611299	221.891883	180.000000	90.000000	89.690286	356.096814	315.000000	0.000000	0.000000	326.828626	95.279857	0.000000	226.594651	136.602614	134.580212	201.894551	225.419788	180.000000	133.044967	270.000000	90.000000	90.000000	187.075970	180.000000	141.064814	85.912349	90.000000	0.000000	0.000000	338.081791	0.602640	0.000000	51.064814	180.000000	180.000000	180.000000	90.000000	180.000000	180.000000	173.743370	90.000000	
87.170947	86.180310	191.611299	221.891883	180.000000	90.000000	89.690286	356.064630	315.000000	0.000000	0.000000	326.828626	89.087006	0.000000	226.594651	136.602614	134.580212	201.894551	225.419788	180.000000	133.044967	270.000000	90.000000	90.000000	187.173675	180.000000	141.064814	85.896948	90.000000	0.000000	0.000000	338.081791	0.602640	0.000000	51.064814	180.000000	180.000000	180.000000	90.000000	180.000000	180.000000	173.743370	90.000000	
87.112773	86.151524	191.611299	221.891883	180.000000	90.000000	89.690286	356.033983	315.000000	0.000000	0.000000	326.828626	95.230648	0.000000	226.594651	136.602614	134.580212	201.894551	225.419788	180.000000	133.044967	270.000000	90.000000	90.000000	187.272880	180.000000	141.064814	85.883728	90.000000	0.000000	0.000000	338.081791	0.602640	0.000000	51.064814	180.000000	180.000000	180.000000	90.000000	180.000000	180.000000	173.743370	90.000000	
87.056224	86.124724	191.611299	221.891883	180.000000	90.000000	89.690286	356.004869	315.000000	0.000000	0.000000	326.828626	89.116598	0.000000	226.594651	136.602614	134.580212	201.894551	225.419788	180.000000	133.044967	270.000000	90.000000	90.000000	187.373575	180.000000	141.064814	85.872678	90.000000	0.000000	0.000000	338.081791	0.602640	0.000000	51.064814	180.000000	180.000000	180.000000	90.000000	180.000000	180.000000	173.743370	90.000000	
87.001297	86.099900	191.611299	221.891883	180.000000	90.000000	89.690286	355.977280	315.000000	0.000000	0.000000	326.828626	95.186908	0.000000	226.594651	136.602614	134.580212	201.894551	225.419788	180.000000	133.044967	270.000000	90.000000	90.000000	187.475749	180.000000	141.064814	85.863783	90.000000	0.000000	0.000000	338.081791	0.602640	0.000000	51.064814	180.000000	180.000000	180.000000	90.000000	180.000000	180.000000	173.743370	90.000000	
86.947989	86.077041	191.611299	221.891883	180.000000	90.000000	89.690286	355.951211	315.000000	0.000000	0.000000	326.828626	89.154213	0.000000	226.594651	136.602614	134.580212	201.894551	225.419788	180.000000	133.044967	270.000000	90.000000	90.000000	187.579392	180.000000	141.064814	85.857031	90.000000	0.000000	0.000000	338.081791	0.602640	0.000000	51.064814	180.000000	180.000000	180.000000	90.000000	180.000000	180.000000	173.743370	90.000000	
86.896297	86.056138	191.611299	221.891883	180.000000	90.000000	89.690286	355.926655	315.000000	0.000000	0.000000	326.828626	95.148631	0.000000	226.594651	136.602614	134.580212	201.894551	225.419788	180.000000	133.044967	270.000000	90.000000	90.000000	187.684494	180.000000	141.064814	85.852406	90.000000	0.000000	0.000000	338.081791	0.602640	0.000000	51.064814	180.000000	180.000000	180.000000	90.000000	180.000000	180.000000	173.743370	90.000000	
86.846218	86.037180	191.611299	221.891883	180.000000	90.000000	89.690286	355.903606	315.000000	0.000000	0.000000	326.828626	96.260939	0.000000	226.594651	136.602614	134.580212	201.894551	225.419788	180.000000	133.044967	270.000000	90.000000	90.000000	187.791045	180.000000	141.064814	85.849897	90.000000	0.000000	0.000000	338.081791	0.602640	0.000000	51.064814	180.000000	180.000000	180.000000	90.000000	180.000000	180.000000	173.743370	90.000000	
86.797747	86.020157	191.611299	221.891883	180.000000	90.000000	89.690286	355.882057	315.000000	0.000000	0.000000	326.828626	89.404408	0.000000	226.594651	136.602614	134.580212	201.894551	225.419788	180.000000	133.044967	270.000000	90.000000	90.000000	187.899036	180.000000	141.064814	85.849489	90.000000	0.000000	0.000000	338.081791	0.602640	0.000000	51.064814	180.000000	180.000000	180.000000	90.000000	180.000000	180.000000	173.743370	90.000000	
86.750882	86.005058	191.611299	221.891883	180.000000	90.000000	89.690286	355.862001	315.000000	0.000000	0.000000	326.828626	95.110685	0.000000	226.594651	136.602614	134.580212	201.894551	225.419788	180.000000	133.044967	270.000000	71.370334	90.000000	188.008456	180.000000	141.064814	85.851168	90.000000	0.000000	0.000000	338.081791	0.602640	0.000000	51.064814	180.000000	180.000000	180.000000	90.000000	180.000000	180.000000	173.743370	90.000000	
86.705618	85.991872	191.611299	221.891883	180.000000	90.000000	89.690286	355.843432	315.000000	0.000000	0.000000	326.828626	96.171396	0.000000	226.594651	136.602614	134.580212	201.894551	225.419788	180.000000	133.044967	270.000000	68.603331	90.000000	188.119296	180.000000	141.064814	85.854920	90.000000	0.000000	0.000000	338.081791	0.602640	0.000000	51.064814	180.000000	180.000000	180.000000	90.000000	180.000000	180.000000	173.743370	90.000000	
86.661950	85.980589	191.611299	221.891883	180.000000	90.000000	89.690286	355.826342	315.000000	0.000000	0.000000	326.828626	96.334848	0.000000	226.594651	136.602614	134.580212	201.894551	225.419788	180.000000	133.044967	270.000000	68.185355	90.000000	188.231548	180.000000	141.064814	85.860731	90.000000	0.000000	0.000000	338.081791	0.602640	0.000000	51.064814	180.000000	180.000000	180.000000	90.000000	180.000000	180.000000	173.743370	90.000000	
86.619875	85.971196	191.611299	221.891883	180.000000	90.000000	89.690286	355.810724	315.000000	0.000000	0.000000	326.828626	96.325662	0.000000	226.594651	136.602614	134.580212	201.894551	225.419788	180.000000	133.044967	270.000000	68.122191	90.000000	188.345202	180.000000	141.064814	85.868587	90.000000	0.000000	0.000000	338.081791	0.602640	0.000000	51.064814	180.000000	180.000000	180.000000	90.000000	180.000000	180.000000	173.743370	90.000000	
86.579388	85.963684	191.611299	221.891883	180.000000	90.000000	89.690286	355.796572	315.000000	0.000000	0.000000	326.828626	96.284214	0.000000	226.594651	136.602614	134.580212	201.894551	225.419788	180.000000	133.044967	270.000000	68.112645	90.000000	188.460248	180.000000	141.064814	85.878474	90.000000	0.000000	0.000000	338.081791	0.602640	0.000000	51.064814	180.000000	180.000000	180.000000	90.000000	180.000000	180.000000	173.743370	90.000000	
86.540483	85.958040	191.611299	221.891883	180.000000	90.000000	89.690286	355.783878	315.000000	0.000000	0.000000	326.828626	96.237707	0.000000	226.594651	136.602614	134.580212	201.894551	225.419788	180.000000	133.044967	270.000000	68.111202	90.000000	188.576679	180.000000	141.064814	85.890377	90.000000	0.000000	0.000000	338.081791	0.602640	0.000000	51.064814	180.000000	180.000000	180.000000	90.000000	180.000000	180.000000	173.743370	90.000000	
86.503156	85.954254	191.611299	221.891883	180.000000	90.000000	89.690286	355.772635	315.000000	0.000000	0.000000	326.828626	96.191415	0.000000	226.594651	136.602614	134.580212	201.894551	225.419788	180.000000	133.044967	270.000000	68.110984	90.000000	188.694485	180.000000	141.064814	85.904283	90.000000	0.000000	0.000000	338.081791	0.602640	0.000000	51.064814	180.000000	180.000000	180.000000	90.000000	180.000000	180.000000	173.743370	90.000000	
86.467402	85.952313	191.611299	221.891883	180.000000	90.000000	89.690286	355.762835	315.000000	0.000000	0.000000	326.828626	96.146366	0.000000	226.594651	136.602614	134.580212	201.894551	225.419788	180.000000	133.044967	270.000000	68.110951	90.000000	188.813658	180.000000	141.064814	85.920176	90.000000	0.000000	0.000000	338.081791	0.602640	0.000000	51.064814	180.000000	180.000000	180.000000	90.000000	180.000000	180.000000	173.743370	90.000000	
86.433214	85.952208	191.611299	221.891883	180.000000	90.000000	89.690286	355.754472	315.000000	0.000000	0.000000	326.828626	96.102763	0.000000	226.594651	136.602614	134.580212	201.894551	225.419788	180.000000	133.044967	270.000000	68.110946	90.000000	188.934190	180.000000	141.064814	85.938044	90.000000	0.000000	0.000000	338.081791	0.602640	0.000000	51.064814	180.000000	180.000000	180.000000	90.000000	180.000000	180.000000	173.743370	90.000000	
86.400588	85.953925	191.611299	221.891883	180.000000	90.000000	89.690286	355.747537	315.000000	0.000000	0.000000	326.828626	91.177794	0.000000	226.594651	136.602614	134.580212	201.894551	225.419788	180.000000	133.044967	270.000000	68.110946	90.000000	202.882471	180.000000	141.064814	85.957871	90.000000	0.000000	0.000000	338.081791	0.602640	0.000000	51.064814	180.000000	180.000000	180.000000	90.000000	180.000000	180.000000	173.743370	90.000000	
86.369517	85.957454	191.611299	221.891883	180.000000	90.000000	89.690286	355.742024	315.000000	0.000000	0.000000	326.828626	90.213440	0.000000	226.594651	136.602614	134.580212	201.894551	225.419788	180.000000	133.044967	270.000000	68.110946	90.000000	191.921518	180.000000	141.064814	85.979644	90.000000	0.000000	0.000000	338.081791	0.602640	0.000000	51.064814	180.000000	180.000000	180.000000	90.000000	180.000000	180.000000	173.743370	90.000000	
86.339996	85.962783	191.611299	221.891883	180.000000	90.000000	89.690286	355.737924	315.000000	0.000000	0.000000	326.828626	90.000689	0.000000	226.594651	136.602614	134.580212	201.894551	225.419788	180.000000	133.044967	270.000000	68.110946	90.000000	189.792157	180.000000	141.064814	86.003348	90.000000	0.000000	0.000000	338.081791	0.602640	0.000000	51.064814	180.000000	180.000000	180.000000	90.000000	180.000000	180.000000	173.743370	90.000000	
86.312019	85.969900	191.611299	221.891883	180.000000	90.000000	89.690286	355.735231	315.000000	0.000000	0.000000	326.828626	89.931616	0.000000	226.594651	136.602614	134.580212	201.894551	225.419788	180.000000	133.044967	270.000000	68.110946	90.000000	203.128176	180.000000	141.064814	86.028969	90.000000	0.000000	0.000000	338.081791	0.602640	0.000000	51.064814	180.000000	180.000000	180.000000	90.000000	180.000000	180.000000	173.743370	90.000000	
86.285580	85.978793	191.611299	221.891883	180.000000	90.000000	89.690286	355.733936	315.000000	0.000000	0.000000	326.828626	89.890847	0.000000	226.594651	136.602614	134.580212	201.894551	225.419788	180.000000	133.044967	270.000000	68.110946	90.000000	192.192091	180.000000	141.064814	86.056493	90.000000	0.000000	0.000000	338.081791	0.602640	0.000000	51.064814	180.000000	180.000000	180.000000	90.000000	180.000000	180.000000	173.743370	90.000000	
86.260672	85.989451	191.611299	221.891883	180.000000	90.000000	89.690286	355.734032	315.000000	0.000000	0.000000	326.828626	89.856491	0.000000	226.594651	136.602614	134.580212	201.894551	225.419788	180.000000	133.044967	270.000000	68.110946	90.000000	190.080397	180.000000	141.064814	86.085906	90.000000	0.000000	0.000000	338.081791	0.602640	0.000000	51.064814	180.000000	180.000000	180.000000	90.000000	180.000000	180.000000	173.743370	90.000000	
86.237288	86.001862	191.611299	221.891883	180.000000	90.000000	89.690286	355.735511	315.000000	0.000000	0.000000	326.828626	89.824392	0.000000	226.594651	136.602614	134.580212	201.894551	225.419788	180.000000	133.044967	270.000000	68.110946	90.000000	203.259386	180.000000	141.064814	95.506710	90.000000	0.000000	0.000000	338.081791	0.602640	0.000000	51.064814	180.000000	180.000000	180.000000	90.000000	180.000000	180.000000	173.743370	90.000000	
86.215423	86.016015	191.611299	221.891883	180.000000	90.000000	89.690286	355.738366	315.000000	0.000000	0.000000	326.828626	89.793763	0.000000	226.594651	136.602614	134.580212	201.894551	225.419788	180.000000	133.044967	270.000000	68.110946	90.000000	192.450971	180.000000	141.064814	87.864699	90.000000	0.000000	0.000000	338.081791	0.602640	0.000000	51.064814	180.000000	180.000000	180.000000	90.000000	180.000000	180.000000	173.743370	90.000000	
86.195069	86.031897	191.611299	221.891883	180.000000	90.000000	89.690286	355.742588	315.000000	0.000000	0.000000	326.828626	89.764452	0.000000	226.594651	136.602614	134.580212	201.894551	225.419788	180.000000	133.044967	270.000000	68.110946	90.000000	203.793983	180.000000	141.064814	86.431531	90.000000	0.000000	0.000000	338.081791	0.602640	0.000000	51.064814	180.000000	180.000000	180.000000	90.000000	180.000000	180.000000	173.743370	90.000000	
86.176220	86.049497	191.611299	221.891883	180.000000	90.000000	89.690286	355.748171	315.000000	0.000000	0.000000	326.828626	89.736428	0.000000	226.594651	136.602614	134.580212	201.894551	225.419788	180.000000	133.044967	270.000000	68.110946	90.000000	192.695278	180.000000	141.064814	95.489979	90.000000	0.000000	0.000000	338.081791	0.602640	0.000000	51.064814	180.000000	180.000000	180.000000	90.000000	180.000000	180.000000	173.743370	90.000000	
86.158868	86.068803	191.611299	221.891883	180.000000	90.000000	89.690286	355.755105	315.000000	0.000000	0.000000	326.828626	89.709685	0.000000	226.594651	136.602614	134.580212	201.894551	225.419788	180.000000	133.044967	270.000000	68.110946	90.000000	203.878912	180.000000	138.607581	87.869588	90.000000	0.000000	0.000000	338.081791	0.602640	0.000000	51.064814	180.000000	180.000000	180.000000	90.000000	180.000000	180.000000	173.743370	90.000000	
86.143008	86.089804	191.611299	221.891883	180.000000	90.000000	89.690286	355.763384	315.000000	0.000000	0.000000	326.828626	89.684219	0.000000	226.594651	136.602614	134.580212	201.894551	225.419788	180.000000	133.044967	270.000000	68.110946	90.000000	192.854884	180.000000	138.192513	86.446792	90.000000	0.000000	0.000000	338.081791	0.602640	0.000000	51.064814	180.000000	180.000000	180.000000	90.000000	180.000000	180.000000	173.743370	90.000000	
86.128632	86.112487	191.611299	221.891883	180.000000	90.000000	89.690286	355.773000	315.000000	0.000000	0.000000	326.828626	89.660029	0.000000	226.594651	136.602614	134.580212	201.894551	225.419788	180.000000	133.044967	270.000000	68.110946	90.000000	203.949037	180.000000	138.122378	95.417552	90.000000	0.000000	0.000000	338.081791	0.602640	0.000000	51.064814	180.000000	180.000000	180.000000	90.000000	180.000000	180.000000	173.743370	90.000000	
86.115732	86.136841	191.611299	221.891883	180.000000	90.000000	89.690286	355.783944	315.000000	0.000000	0.000000	326.828626	89.637110	0.000000	226.594651	136.602614	134.580212	201.894551	225.419788	180.000000	133.044967	270.000000	68.110946	90.000000	193.016831	180.000000	138.110527	87.879465	90.000000	0.000000	0.000000	338.081791	0.602640	0.000000	51.064814	180.000000	180.000000	180.000000	90.000000	180.000000	180.000000	173.743370	90.000000	
86.104302	96.683015	191.611299	221.891883	180.000000	90.000000	89.690286	355.796209	315.000000	0.000000	0.000000	326.828626	89.615460	0.000000	226.594651	136.602614	134.580212	201.894551	225.419788	180.000000	133.044967	270.000000	68.110946	90.000000	204.022953	180.000000	138.108524	95.628022	90.000000	0.000000	0.000000	338.081791	0.602640	0.000000	51.064814	180.000000	180.000000	180.000000	90.000000	180.000000	180.000000	173.743370	90.000000	
86.094333	88.044372	191.611299	221.891883	180.000000	90.000000	89.690286	355.809787	315.000000	0.000000	0.000000	326.828626	89.595078	0.000000	226.594651	136.602614	134.580212	201.894551	225.419788	180.000000	133.044967	270.000000	68.110946	90.000000	193.184763	180.000000	138.108186	87.916552	90.000000	0.000000	0.000000	338.081791	0.602640	0.000000	51.064814	180.000000	180.000000	180.000000	90.000000	180.000000	180.000000	173.743370	108.038413	
86.085820	86.476707	191.611299	221.891883	180.000000	90.000000	89.690286	355.824671	315.000000	0.000000	0.000000	326.828626	89.575958	0.000000	226.594651	136.602614	134.580212	201.894551	225.419788	180.000000	133.044967	270.000000	68.110946	90.000000	204.101459	180.000000	138.108129	95.572924	90.000000	0.000000	0.000000	338.081791	0.602640	0.000000	51.064814	180.000000	180.000000	180.000000	90.000000	180.000000	180.000000	173.743370	111.196655	
86.078754	96.670689	191.611299	221.891883	180.000000	90.000000	89.690286	355.840852	315.000000	0.000000	0.000000	326.828626	89.558098	0.000000	226.594651	136.602614	134.580212	201.894551	225.419788	180.000000	133.044967	270.000000	68.110946	90.000000	193.358771	180.000000	138.108119	87.910370	90.000000	0.000000	0.000000	338.081791	0.602640	0.000000	51.064814	180.000000	180.000000	180.000000	90.000000	180.000000	180.000000	173.743370	111.758242	
86.073128	88.032484	191.611299	221.891883	180.000000	90.000000	89.690286	355.858323	315.000000	0.000000	0.000000	326.828626	89.541496	0.000000	226.594651	136.602614	134.580212	201.894551	225.419788	180.000000	133.044967	270.000000	68.110946	90.000000	204.184595	180.000000	138.108117	95.513171	90.000000	0.000000	0.000000	338.081791	0.602640	0.000000	51.064814	180.000000	180.000000	180.000000	90.000000	180.000000	180.000000	173.743370	111.858153	
86.068934	86.471000	191.611299	221.891883	180.000000	90.000000	89.690286	355.877076	315.000000	0.000000	0.000000	326.828626	89.526146	0.000000	226.594651	136.602614	134.580212	201.894551	225.419788	180.000000	133.044967	270.000000	68.110946	90.000000	193.538798	180.000000	138.108117	87.910491	90.000000	0.000000	0.000000	338.081791	0.602640	0.000000	51.064814	180.000000	180.000000	180.000000	90.000000	180.000000	180.000000	173.743370	111.875928	
86.066165	96.601678	191.611299	221.891883	180.000000	90.000000	89.690286	355.897103	315.000000	0.000000	0.000000	326.828626	89.512046	0.000000	226.594651	136.602614	134.580212	201.894551	225.419788	180.000000	133.044967	270.000000	68.110946	90.000000	204.272369	180.000000	138.108117	95.458370	90.000000	0.000000	0.000000	338.081791	0.602640	0.000000	51.064814	180.000000	180.000000	180.000000	90.000000	180.000000	180.000000	173.743370	111.879091	
86.064813	88.024184	191.611299	221.891883	180.000000	90.000000	89.690286	7.274642	315.000000	0.000000	0.000000	326.828626	89.499191	0.000000	226.594651	136.602614	134.580212	201.894551	225.419788	180.000000	133.044967	270.000000	68.110946	90.000000	193.724781	180.000000	138.108117	87.918657	90.000000	0.000000	0.000000	338.081791	0.602640	0.000000	51.064814	180.000000	180.000000	180.000000	90.000000	180.000000	180.000000	173.743370	111.879654	
86.064871	96.826078	191.611299	221.891883	180.000000	90.000000	89.690286	357.745180	315.000000	0.000000	0.000000	326.828626	89.487578	0.000000	226.594651	136.602614	134.580212	201.894551	225.419788	180.000000	133.044967	270.000000	68.110946	90.000000	204.364787	180.000000	138.108117	95.408875	90.000000	0.000000	0.000000	338.081791	0.602640	0.000000	51.064814	180.000000	180.000000	180.000000	90.000000	180.000000	180.000000	173.743370	111.879754	
86.066330	88.047282	191.611299	221.891883	180.000000	90.000000	89.690286	356.184962	315.000000	0.000000	0.000000	326.828626	89.477202	0.000000	225.949304	136.602614	134.580212	201.894551	225.419788	180.000000	133.044967	270.000000	68.110946	90.000000	193.916662	180.000000	138.108117	87.934854	90.000000	0.000000	0.000000	338.081791	0.602640	0.000000	51.064814	180.000000	180.000000	180.000000	90.000000	180.000000	180.000000	173.743370	111.879772	
86.069183	96.771382	191.611299	221.891883	180.000000	90.000000	89.690286	7.256778	315.000000	0.000000	0.000000	326.828626	89.468060	0.000000	225.840268	136.602614	134.580212	201.894551	225.419788	180.000000	133.044967	270.000000	68.110946	90.000000	204.461855	180.000000	138.108117	95.364698	90.000000	0.000000	0.000000	338.081791	0.602640	0.000000	51.064814	180.000000	180.000000	180.000000	90.000000	180.000000	180.000000	173.743370	111.879775	
86.073422	88.025834	191.611299	221.891883	180.000000	90.000000	89.690286	357.724704	315.000000	0.000000	0.000000	326.828626	89.460146	0.000000	225.821844	136.602614	134.580212	201.894551	225.419788	180.000000	133.044967	270.000000	68.110946	90.000000	194.114382	180.000000	138.108117	87.958998	90.000000	0.000000	0.000000	338.081791	0.602640	0.000000	51.064814	180.000000	180.000000	180.000000	90.000000	180.000000	180.000000	173.743370	111.879776	
86.079040	96.711657	191.611299	221.891883	180.000000	90.000000	89.690286	356.169136	315.000000	0.000000	0.000000	326.828626	89.453456	0.000000	225.818731	136.602614	134.580212	201.894551	225.419788	180.000000	133.044967	270.000000	68.110946	90.000000	204.563579	180.000000	138.108117	95.325837	90.000000	0.000000	0.000000	338.081791	0.602640	0.000000	51.064814	180.000000	180.000000	180.000000	90.000000	180.000000	180.000000	173.743370	111.879776	
86.086029	88.009934	191.611299	221.891883	180.000000	90.000000	89.690286	7.194149	315.000000	0.000000	0.000000	326.828626	89.447985	0.000000	225.818205	136.602614	134.580212	201.894551	225.419788	180.000000	133.044967	270.000000	68.110946	90.000000	194.317884	180.000000	138.108117	87.991006	90.000000	0.000000	0.000000	338.081791	0.602640	0.000000	51.064814	180.000000	180.000000	180.000000	90.000000	180.000000	180.000000	173.743370	111.879776	
86.094380	96.656187	191.611299	221.891883	180.000000	90.000000	89.690286	357.707816	315.000000	0.000000	0.000000	326.828626	89.443730	0.000000	225.818116	136.602614	134.580212	201.894551	225.419788	180.000000	133.044967	270.000000	68.110946	90.000000	204.669963	180.000000	138.108117	95.292288	90.000000	0.000000	0.000000	338.081791	0.602640	0.000000	51.064814	180.000000	180.000000	180.000000	90.000000	180.000000	180.000000	173.743370	111.879776	
86.104086	88.001210	191.611299	221.891883	180.000000	90.000000	89.690286	7.392105	315.000000	0.000000	0.000000	326.828626	89.440684	0.000000	225.818101	136.602614	134.580212	201.894551	225.419788	180.000000	133.044967	270.000000	68.110946	90.000000	194.527116	180.000000	138.108117	88.030792	90.000000	0.000000	0.000000	338.081791	0.602640	0.000000	51.064814	180.000000	180.000000	180.000000	90.000000	180.000000	180.000000	173.743370	111.879776	
86.115139	96.605293	191.611299	221.891883	180.000000	90.000000	89.690286	357.715280	315.000000	0.000000	0.000000	326.828626	89.438843	0.000000	225.818099	136.602614	134.580212	201.894551	225.419788	180.000000	133.044967	270.000000	68.110946	90.000000	189.963214	180.000000	138.108117	95.264044	90.000000	0.000000	0.000000	338.081791	0.602640	0.000000	51.064814	180.000000	180.000000	180.000000	90.000000	180.000000	180.000000	173.743370	111.879776	
86.127531	87.999652	191.611299	221.891883	180.000000	90.000000	89.793613	7.339468	315.000000	0.000000	0.000000	326.828626	89.438201	0.000000	225.818098	136.602614	134.580212	201.894551	225.419788	180.000000	133.044967	270.000000	68.110946	90.000000	189.073723	180.000000	138.108117	88.078272	90.000000	0.000000	0.000000	338.081791	0.602640	0.000000	51.064814	180.000000	180.000000	180.000000	90.000000	180.000000	180.000000	173.743370	111.879776	
86.141254	96.558986	187.815558	221.891883	180.000000	90.000000	89.811110	357.686676	315.000000	0.000000	0.000000	326.828626	89.438754	0.000000	225.818098	136.602614	134.580212	201.894551	225.419788	180.000000	133.044967	270.000000	68.110946	90.000000	188.910022	180.000000	138.108117	95.241094	90.000000	0.000000	0.000000	338.081791	0.602640	0.000000	51.064814	180.000000	180.000000	180.000000	90.000000	180.000000	180.000000	173.743370	111.879776	
86.156301	88.005193	187.107377	221.891883	180.000000	90.000000	89.814073	7.283300	315.000000	0.000000	0.000000	326.828626	89.440496	0.000000	225.818098	136.602614	134.580212	201.894551	225.419788	180.000000	133.044967	270.000000	68.110946	90.000000	188.890348	180.000000	138.108117	88.133360	90.000000	0.000000	0.000000	338.081791	0.602640	0.000000	51.064814	180.000000	180.000000	180.000000	90.000000	180.000000	180.000000	173.743370	111.879776	
86.172664	96.517270	186.975154	221.891883	180.000000	90.000000	89.814575	357.662586	315.000000	0.000000	0.000000	326.828626	89.443422	0.000000	225.818098	136.602614	134.580212	201.894551	225.419788	180.000000	133.044967	270.000000	68.110946	90.000000	188.899925	180.000000	138.108117	95.223430	90.000000	0.000000	0.000000	338.081791	0.602640	0.000000	51.064814	180.000000	180.000000	180.000000	90.000000	180.000000	180.000000	173.743370	111.879776	
86.190334	88.017762	186.950465	221.891883	180.000000	90.000000	89.814660	7.230340	315.000000	0.000000	0.000000	326.828626	89.447525	0.000000	225.818098	136.602614	134.580212	201.894551	225.419788	180.000000	133.044967	270.000000	68.110946	90.000000	188.916141	180.000000	138.108117	96.565891	90.000000	0.000000	0.000000	338.081791	0.602640	0.000000	51.064814	180.000000	180.000000	180.000000	90.000000	180.000000	180.000000	173.743370	111.879776	
86.209304	96.480145	186.945855	221.891883	180.000000	90.000000	89.814675	357.644072	315.000000	0.000000	0.000000	326.828626	89.452802	0.000000	225.818098	136.602614	134.580212	201.894551	225.419788	180.000000	133.044967	270.000000	68.110946	90.000000	188.934547	180.000000	138.108117	88.446425	90.000000	0.000000	0.000000	338.081791	0.602640	0.000000	51.064814	180.000000	180.000000	180.000000	90.000000	180.000000	180.000000	173.743370	111.879776	
86.229566	88.037289	186.944994	221.891883	180.000000	90.000000	89.814677	7.180776	315.000000	0.000000	0.000000	326.828626	89.459245	0.000000	225.818098	136.602614	134.580212	201.894551	225.419788	180.000000	133.044967	270.000000	68.110946	90.000000	188.954263	180.000000	138.108117	95.219735	90.000000	0.000000	0.000000	338.081791	0.602640	0.000000	51.064814	180.000000	180.000000	180.000000	90.000000	180.000000	180.000000	173.743370	111.879776	
86.251113	96.447607	186.944833	221.891883	180.000000	90.000000	89.814677	357.631119	315.000000	0.000000	0.000000	326.828626	89.466849	0.000000	225.818098	136.602614	134.580212	201.894551	225.419788	180.000000	133.044967	270.000000	68.110946	90.000000	188.975117	180.000000	138.108117	96.504280	90.000000	0.000000	0.000000	338.081791	0.602640	0.000000	51.064814	180.000000	180.000000	180.000000	90.000000	180.000000	180.000000	173.743370	111.879776	
86.273935	88.063704	186.944803	221.891883	180.000000	90.000000	89.814677	7.134620	315.000000	0.000000	0.000000	326.828626	89.475608	0.000000	225.818098	136.602614	134.580212	201.894551	225.419788	180.000000	133.044967	270.000000	68.110946	90.000000	188.997070	180.000000	138.108117	96.718052	90.000000	0.000000	0.000000	338.081791	0.602640	0.000000	51.064814	180.000000	180.000000	180.000000	90.000000	180.000000	180.000000	173.743370	111.879776	
96.493866	96.419655	186.944798	221.891883	180.000000	90.000000	89.814677	357.623680	315.000000	0.000000	0.000000	326.828626	89.485517	0.000000	225.818098	136.602614	134.580212	201.894551	225.419788	180.000000	133.044967	270.000000	68.110946	90.000000	189.020112	180.000000	138.108117	96.723361	90.000000	0.000000	0.000000	338.081791	0.602640	0.000000	51.064814	180.000000	180.000000	180.000000	90.000000	180.000000	180.000000	173.743370	111.879776	
87.918450	88.096935	186.944796	221.891883	180.000000	90.000000	89.814677	7.091876	315.000000	0.000000	0.000000	326.828626	89.496568	0.000000	225.818098	136.602614	134.580212	201.894551	225.419788	180.000000	133.044967	270.000000	68.110946	90.000000	189.044238	180.000000	138.108117	96.689010	90.000000	0.000000	0.000000	338.081791	0.602640	0.000000	51.064814	180.000000	180.000000	180.000000	90.000000	180.000000	180.000000	173.743370	111.879776	
86.538322	96.396284	186.944796	221.891883	180.000000	90.000000	89.814677	357.621711	315.000000	0.000000	0.000000	326.828626	89.508757	0.000000	225.818098	136.602614	134.580212	201.894551	225.419788	180.000000	133.044967	270.000000	68.110946	90.000000	189.069445	180.000000	138.108117	96.648051	90.000000	0.000000	0.000000	338.081791	0.602640	0.000000	48.607581	180.000000	180.000000	180.000000	90.000000	180.000000	180.000000	173.743370	111.879776	
96.467858	88.136911	186.944796	221.891883	180.000000	90.000000	89.814677	7.052546	315.000000	0.000000	0.000000	326.828626	89.522077	0.000000	225.818098	136.602614	134.580212	201.894551	225.419788	180.000000	133.044967	270.000000	68.110946	90.000000	189.095727	180.000000	138.108117	96.606958	90.000000	0.000000	0.000000	338.081791	0.602640	0.000000	48.192513	180.000000	180.000000	180.000000	90.000000	180.000000	180.000000	173.743370	111.879776	
87.911191	96.377486	186.944796	221.891883	180.000000	90.000000	89.814677	357.625162	315.000000	0.000000	0.000000	326.828626	89.536521	0.000000	225.818098	136.602614	134.580212	201.894551	225.419788	180.000000	133.044967	270.000000	68.110946	90.000000	189.123080	180.000000	138.108117	96.567005	90.000000	0.000000	0.000000	338.081791	0.602640	0.000000	48.122378	180.000000	180.000000	180.000000	90.000000	180.000000	180.000000	173.743370	111.879776	
86.538770	88.183562	186.944796	221.891883	180.000000	90.000000	89.814677	7.016632	315.000000	0.000000	0.000000	326.828626	89.552084	0.000000	225.818098	136.602614	134.580212	201.894551	225.419788	180.000000	133.044967	270.000000	68.110946	90.000000	189.151501	180.000000	138.108117	96.528443	90.000000	0.000000	0.000000	338.081791	0.602640	0.000000	48.110527	180.000000	180.000000	180.000000	90.000000	180.000000	180.000000	173.743370	111.879776	
96.403997	96.363256	186.944796	221.891883	180.000000	90.000000	89.814677	357.633986	315.000000	0.000000	0.000000	326.828626	89.568759	0.000000	225.818098	136.602614	134.580212	201.894551	225.419788	180.000000	133.044967	270.000000	68.110946	90.000000	189.180985	180.000000	138.108117	96.491326	90.000000	0.000000	0.000000	338.081791	0.602640	18.261151	48.108524	180.000000	180.000000	180.000000	90.000000	180.000000	180.000000	173.743370	111.879776	
87.908754	88.236817	186.944796	221.891883	180.000000	90.000000	89.814677	6.984136	315.000000	0.000000	0.000000	326.828626	89.586540	0.000000	225.818098	136.602614	134.580212	201.894551	225.419788	180.000000	133.044967	270.000000	68.110946	90.000000	189.211527	180.000000	138.108117	96.455666	90.000000	0.000000	0.000000	338.081791	0.602640	21.299809	48.108186	180.000000	180.000000	180.000000	90.000000	180.000000	180.000000	173.743370	111.879776	
96.571707	96.353583	186.944796	221.891883	180.000000	90.000000	89.814677	357.648136	315.000000	0.000000	0.000000	326.828626	89.605420	0.000000	225.818098	136.602614	134.580212	201.894551	225.419788	180.000000	133.044967	270.000000	68.110946	90.000000	189.243123	180.000000	138.108117	96.421469	90.000000	0.000000	0.000000	338.081791	0.602640	21.813597	48.108129	180.000000	180.000000	180.000000	90.000000	180.000000	180.000000	173.743370	111.879776	
87.922967	88.296604	186.944796	221.891883	180.000000	90.000000	89.814677	6.955058	315.000000	0.000000	0.000000	326.828626	89.625393	0.000000	225.818098	136.602614	134.580212	201.894551	225.419788	180.000000	133.044967	270.000000	68.110946	90.000000	189.275767	180.000000	138.108117	96.388739	90.000000	0.000000	0.000000	338.081791	0.602640	21.900512	48.108119	180.000000	180.000000	180.000000	90.000000	180.000000	180.000000	173.743370	111.879776	
96.519184	96.348460	186.944796	221.891883	180.000000	90.000000	89.814677	357.667563	315.000000	0.000000	0.000000	326.828626	89.646452	0.000000	225.818098	136.602614	134.580212	201.894551	225.419788	180.000000	133.044967	270.000000	68.110946	90.000000	189.309455	180.000000	138.108117	90.851285	90.000000	0.000000	0.000000	338.081791	0.602640	21.915215	48.108117	180.000000	180.000000	180.000000	90.000000	180.000000	180.000000	173.743370	111.879776	
87.906537	97.820407	186.944796	221.891883	180.000000	90.000000	89.814677	6.929397	315.000000	0.000000	0.000000	326.828626	89.628942	0.000000	225.818098	136.602614	134.580212	201.894551	225.419788	180.000000	133.044967	270.000000	68.110946	90.000000	189.344183	180.000000	138.108117	89.773421	90.000000	0.000000	0.000000	338.081791	0.602640	21.917703	48.108117	180.000000	180.000000	198.629666	90.000000	180.000000	180.000000	173.743370	111.879776	
96.464150	88.624449	186.944796	221.891883	180.000000	90.000000	89.814677	357.692218	315.000000	0.000000	0.000000	326.828626	89.545432	0.000000	225.818098	136.602614	134.580212	201.894551	225.419788	180.000000	133.044967	270.000000	68.110946	90.000000	189.379945	180.000000	138.108117	89.546455	90.000000	0.000000	0.000000	338.081791	0.602640	21.918124	48.108117	180.000000	180.000000	201.396669	90.000000	180.000000	180.000000	173.743370	111.879776	
87.894792	96.360970	186.944796	221.891883	180.000000	90.000000	89.814677	6.907153	315.000000	0.000000	0.000000	326.828626	89.451507	0.000000	225.818098	136.602614	134.580212	201.894551	225.419788	180.000000	133.044967	270.000000	68.110946	90.000000	189.416736	180.000000	138.108117	89.482906	90.000000	0.000000	0.000000	338.081791	0.602640	21.918195	48.108117	180.000000	180.000000	201.814645	90.000000	180.000000	180.000000	173.743370	111.879776	
96.412436	97.777302	186.944796	221.891883	180.000000	90.000000	89.814677	357.722054	315.000000	0.000000	0.000000	326.828626	89.357607	0.000000	225.818098	135.940502	134.580212	201.894551	225.419788	180.000000	133.044967	270.000000	68.110946	90.000000	189.454550	180.000000	138.108117	89.451534	90.000000	0.000000	0.000000	338.081791	0.602640	21.918207	48.108117	180.000000	180.000000	201.877809	90.000000	180.000000	180.000000	173.743370	111.879776	
87.888631	98.009902	186.944796	221.891883	180.000000	90.000000	89.814677	6.888321	315.000000	0.000000	0.000000	326.828626	89.265698	0.000000	225.818098	135.840563	134.580212	201.894551	225.419788	180.000000	133.044967	270.000000	68.110946	90.000000	189.493383	180.000000	138.108117	89.427292	90.000000	0.000000	0.000000	338.081791	0.602640	21.918209	48.108117	180.000000	180.000000	201.887355	90.000000	180.000000	180.000000	173.743370	111.879776	
96.364202	98.020912	186.944796	221.891883	180.000000	90.000000	89.814677	357.757022	315.000000	0.000000	0.000000	326.828626	89.176149	0.000000	225.818098	135.825477	134.580212	201.894551	225.419788	180.000000	133.044967	270.000000	68.110946	90.000000	189.533230	180.000000	138.108117	89.405400	90.000000	0.000000	0.000000	338.081791	0.602640	21.918209	48.108117	180.000000	180.000000	201.888798	90.000000	180.000000	180.000000	173.743370	111.879776	
87.888033	97.991252	186.944796	221.891883	180.000000	90.000000	89.814677	6.872901	315.000000	0.000000	0.000000	326.828626	89.089034	0.000000	225.818098	135.823200	134.580212	201.894551	225.419788	180.000000	133.044967	270.000000	68.110946	90.000000	189.574084	180.000000	138.108117	89.384943	90.000000	0.000000	0.000000	338.081791	0.602640	21.918209	48.108117	180.000000	180.000000	201.889016	90.000000	180.000000	180.000000	173.743370	111.879776	
96.319458	97.954950	186.944796	221.891883	180.000000	90.000000	89.814677	357.797073	315.000000	0.000000	0.000000	326.828626	89.004364	0.000000	225.818098	135.822856	134.580212	201.894551	225.419788	180.000000	133.044967	270.000000	68.110946	90.000000	189.615940	180.000000	138.108117	89.365746	90.000000	0.000000	0.000000	338.081791	0.405634	21.918209	48.108117	180.000000	180.000000	201.889049	90.000000	180.000000	180.000000	173.743370	111.879776	
87.892952	97.918410	186.944796	221.891883	180.000000	90.000000	89.814677	6.860888	315.000000	0.000000	0.000000	326.828626	88.922145	0.000000	225.818098	135.822804	134.580212	201.894551	225.419788	180.000000	133.044967	270.000000	68.110946	90.000000	189.658793	180.000000	138.108117	89.347773	90.000000	0.000000	0.000000	338.081791	0.368856	21.918209	48.108117	180.000000	180.000000	201.889054	90.000000	180.000000	180.000000	173.743370	111.879776	
96.278205	97.882840	186.944796	221.891883	180.000000	90.000000	89.814677	357.842160	315.000000	0.000000	0.000000	326.828626	88.842374	0.000000	225.818098	135.822797	134.580212	201.894551	225.419788	180.000000	133.044967	270.000000	68.110946	90.000000	189.702637	180.000000	138.108117	89.331014	90.000000	0.000000	0.000000	338.081791	0.361990	21.918209	48.108117	180.000000	180.000000	201.889054	90.000000	180.000000	180.000000	173.743370	111.879776	
87.903340	97.848469	186.944796	221.891883	180.000000	90.000000	89.814677	6.852278	315.000000	0.000000	0.000000	326.828626	88.765051	0.000000	225.818098	135.822795	134.580212	201.894551	225.419788	180.000000	133.044967	270.000000	68.110946	90.000000	189.747466	180.000000	138.108117	89.315465	90.000000	0.000000	0.000000	338.081791	0.360708	21.918209	48.108117	180.000000	180.000000	201.889054	90.000000	180.000000	180.000000	173.743370	111.879776	
96.240446	97.815343	186.944796	221.891883	180.000000	90.000000	89.814677	357.892234	315.000000	0.000000	0.000000	326.828626	88.690174	0.000000	225.818098	135.822795	134.580212	201.894551	225.419788	180.000000	133.044967	270.000000	68.110946	90.000000	189.793275	180.000000	138.108117	89.301123	90.000000	0.000000	0.000000	338.081791	0.360468	21.918209	48.108117	180.000000	180.000000	201.889054	90.000000	180.000000	180.000000	173.743370	111.879776	
87.919148	97.783474	186.944796	221.891883	180.000000	90.000000	89.814677	6.847066	315.000000	0.000000	0.000000	326.828626	88.617740	0.000000	225.818098	135.822795	134.580212	201.894551	225.419788	180.000000	133.044967	270.000000	68.110946	90.000000	189.840057	180.000000	138.108117	89.287983	90.000000	0.000000	0.000000	338.081791	0.360424	21.918209	48.108117	180.000000	180.000000	201.889054	90.000000	180.000000	180.000000	173.743370	111.879776	
96.206182	97.752866	186.944796	221.891883	180.000000	90.000000	89.814677	357.947248	315.000000	0.000000	0.000000	326.828626	88.547746	0.000000	225.818098	135.822795	134.580212	201.894551	225.419788	180.000000	133.044967	270.000000	68.110946	90.000000	189.887807	180.000000	138.108117	89.276043	90.000000	0.000000	0.000000	338.081791	0.360415	21.918209	48.108117	180.000000	180.000000	201.889054	90.000000	180.000000	180.000000	173.743370	111.879776	
87.940329	97.723522	186.944796	221.891883	180.000000	90.000000	89.814677	6.845246	315.000000	0.000000	0.000000	326.828626	88.480187	0.000000	225.818098	135.822795	134.580212	201.894551	225.419788	180.000000	133.044967	270.000000	68.110946	90.000000	189.936519	180.000000	138.108117	89.265299	90.000000	0.000000	0.000000	338.081791	0.360414	21.918209	48.108117	180.000000	180.000000	201.889054	90.000000	180.000000	180.000000	173.743370	111.879776	
96.175411	97.695445	186.944796	221.891883	180.000000	90.000000	89.814677	358.007154	315.000000	0.000000	0.000000	326.828626	88.415060	0.000000	225.818098	135.822795	134.580212	201.894551	225.419788	180.000000	133.044967	270.000000	68.110946	90.000000	189.986186	180.000000	138.108117	89.255746	90.000000	0.000000	0.000000	338.081791	0.360414	21.918209	48.108117	180.000000	180.000000	201.889054	90.000000	180.000000	180.000000	173.743370	111.879776	
87.966833	97.668638	186.944796	223.149645	180.000000	90.000000	89.814677	6.846813	315.000000	0.000000	0.000000	326.828626	88.352359	0.000000	225.818098	135.822795	134.580212	201.894551	225.419788	180.000000	133.044967	270.000000	68.110946	90.000000	190.036803	180.000000	138.108117	89.247382	90.000000	0.000000	0.000000	338.081791	0.360414	21.918209	48.108117	180.000000	180.000000	201.889054	90.000000	180.000000	180.000000	173.743370	111.879776	
96.148134	97.643104	186.944796	223.362143	180.000000	90.000000	89.814677	8.304425	315.000000	0.000000	0.000000	326.828626	88.292077	0.000000	225.818098	135.822795	134.580212	201.894551	225.419788	180.000000	133.044967	270.000000	68.110946	90.000000	190.088364	180.000000	138.108117	89.240201	90.000000	0.000000	0.000000	338.081791	0.360414	21.918209	48.108117	180.000000	180.000000	201.889054	90.000000	180.000000	180.000000	173.743370	111.879776	
87.998613	97.618843	186.944796	223.398048	180.000000	90.000000	89.814677	358.304192	315.000000	0.000000	0.000000	326.828626	88.234210	0.000000	225.818098	135.822795	134.580212	201.894551	225.419788	180.000000	133.044967	270.000000	68.110946	90.000000	190.140862	180.000000	138.108117	89.234200	90.000000	0.000000	0.000000	338.081791	0.360414	21.918209	48.108117	180.000000	180.000000	201.889054	90.000000	180.000000	180.000000	173.743370	111.879776	
96.124348	71.194023	186.944796	223.404115	180.000000	90.000000	89.814677	6.860089	315.000000	0.000000	0.000000	326.828626	88.178749	0.000000	225.818098	135.822795	134.580212	211.056066	225.419788	180.000000	133.853618	270.000000	68.110946	90.000000	190.194291	180.000000	138.108117	89.229375	90.000000	0.000000	0.000000	338.081791	0.360414	21.918209	48.108117	180.000000	180.000000	201.889054	90.000000	180.000000	180.000000	173.743370	111.879776	
88.035620	66.884456	186.944796	223.405140	180.000000	90.000000	89.814677	8.272625	315.000000	0.000000	0.000000	326.828626	88.125688	0.000000	225.818098	135.822795	134.580212	212.756003	225.419788	180.000000	133.975676	270.000000	68.110946	90.000000	190.248645	180.000000	138.108117	89.225721	90.000000	0.000000	0.000000	338.081791	0.360414	21.918209	48.108117	180.000000	180.000000	201.889054	90.000000	180.000000	180.000000	173.743370	111.879776	
96.104051	66.197513	186.944796	223.405313	180.000000	90.000000	89.814677	8.482452	315.000000	0.000000	0.000000	326.828626	88.075018	0.000000	225.818098	135.822795	134.580212	213.072684	225.419788	180.000000	133.994101	270.000000	68.110946	90.000000	190.303918	180.000000	138.108117	89.223233	90.000000	0.000000	0.000000	338.081791	0.360414	21.918209	48.108117	180.000000	180.000000	201.889054	90.000000	180.000000	180.000000	173.743370	111.879776	
88.077804	66.127341	186.944796	223.405343	180.000000	90.000000	89.814677	8.489640	315.000000	0.000000	0.000000	326.828626	88.026731	0.000000	225.818098	135.822795	134.580212	213.131688	225.419788	180.000000	133.996882	270.000000	68.110946	90.000000	190.360103	180.000000	138.108117	89.221908	90.000000	0.000000	0.000000	338.081791	0.360414	21.918209	48.108117	180.000000	180.000000	201.889054	90.000000	180.000000	180.000000	173.743370	111.879776	
96.087237	66.162584	186.944796	223.405348	180.000000	90.000000	89.814677	8.463327	315.000000	0.000000	0.000000	326.828626	87.980819	0.000000	225.818098	135.822795	134.580212	213.142682	225.419788	180.000000	133.997302	270.000000	68.110946	90.000000	190.417194	180.000000	138.108117	89.221740	90.000000	0.000000	0.000000	338.081791	0.360414	21.918209	48.108117	180.000000	180.000000	201.889054	90.000000	180.000000	180.000000	173.743370	111.879776	
88.125119	66.216218	186.944796	223.405348	180.000000	90.000000	89.814677	8.432125	315.000000	0.000000	0.000000	326.828626	87.937272	0.000000	225.818098	135.822795	134.580212	213.144731	225.419788	180.000000	133.997365	270.000000	68.110946	90.000000	190.475185	180.000000	138.108117	89.222725	90.000000	0.000000	0.000000	338.081791	0.360414	21.918209	48.108117	180.000000	180.000000	201.889054	90.000000	180.000000	180.000000	173.743370	111.879776	
96.073904	66.273440	186.944796	223.405349	180.000000	90.000000	89.814677	8.400876	315.000000	0.000000	0.000000	326.828626	87.896081	0.000000	225.818098	135.822795	134.580212	213.145113	225.419788	180.000000	133.997375	270.000000	68.110946	90.000000	190.534069	180.000000	138.108117	89.224857	90.000000	0.000000	0.000000	338.081791	0.360414	21.918209	48.108117	180.000000	180.000000	201.889054	90.000000	180.000000	180.000000	173.743370	111.879776	
88.177515	66.331730	186.944796	223.405349	180.000000	90.000000	89.814677	8.370401	315.000000	0.000000	0.000000	326.828626	87.857235	0.000000	225.818098	135.822795	134.580212	213.145184	225.419788	180.000000	133.997376	270.000000	68.110946	90.000000	190.593840	180.000000	138.108117	89.228132	90.000000	0.000000	0.000000	338.081791	0.360414	21.918209	48.108117	180.000000	180.000000	201.889054	90.000000	180.000000	180.000000	173.743370	111.879776	
96.064046	66.390655	186.944796	223.405349	180.000000	90.000000	89.814677	8.340842	315.000000	0.000000	0.000000	326.828626	87.820724	0.000000	225.818098	135.822795	134.580212	213.145197	225.419788	180.000000	133.997376	270.000000	68.110946	90.000000	190.654491	180.000000	138.108117	89.232545	90.000000	0.000000	0.000000	338.081791	0.360414	21.918209	48.108117	180.000000	180.000000	201.889054	90.000000	180.000000	180.000000	173.743370	111.879776	
97.345659	66.450140	186.944796	223.405349	180.000000	90.000000	89.814677	8.312223	315.000000	0.000000	0.000000	326.828626	87.786537	0.000000	225.818098	135.822795	134.580212	213.145200	225.419788	180.000000	133.997376	270.000000	68.110946	90.000000	190.716016	180.000000	138.108117	89.238091	90.000000	0.000000	0.000000	338.081791	0.360414	21.918209	48.108117	180.000000	180.000000	201.889054	90.000000	180.000000	180.000000	173.743370	111.879776	
88.438076	66.510167	186.944796	223.405349	180.000000	90.000000	89.814677	8.284552	315.000000	0.000000	0.000000	326.828626	87.754664	0.000000	225.818098	135.822795	134.580212	213.145200	225.419788	180.000000	133.997376	270.000000	68.110946	90.000000	190.778408	180.000000	138.108117	89.244764	90.000000	0.000000	0.000000	338.081791	0.360414	21.918209	48.108117	180.000000	180.000000	201.889054	90.000000	180.000000	180.000000	173.743370	111.879776	
96.058452	66.570731	186.944796	223.405349	180.000000	90.000000	89.814677	8.257830	315.000000	0.000000	0.000000	326.828626	87.725093	0.000000	225.818098	135.822795	134.580212	213.145200	225.419788	180.000000	133.997376	270.000000	68.110946	90.000000	190.841661	180.000000	138.108117	89.252559	90.000000	0.000000	0.000000	338.081791	0.360414	21.918209	48.108117	180.000000	180.000000	201.889054	90.000000	180.000000	180.000000	173.743370	111.879776	
97.298433	66.631826	186.944796	223.405349	180.000000	90.000000	89.814677	8.232060	315.000000	0.000000	0.000000	326.828626	87.697812	0.000000	225.818098	135.822795	134.580212	213.145200	225.419788	180.000000	133.997376	270.000000	68.110946	90.000000	190.905768	180.000000	138.108117	89.261471	90.000000	0.000000	0.000000	338.081791	0.360414	21.918209	48.108117	180.000000	180.000000	201.889054	90.000000	180.000000	180.000000	173.743370	111.879776	
97.474629	66.693448	186.944796	223.405349	180.000000	90.000000	89.814677	8.207245	315.000000	0.000000	0.000000	326.828626	87.672810	0.000000	225.818098	135.822795	134.580212	213.145200	225.419788	180.000000	133.997376	270.000000	68.110946	90.000000	190.970724	180.000000	138.108117	89.271494	90.000000	0.000000	0.000000	338.081791	0.360414	21.918209	48.108117	180.000000	180.000000	201.889054	90.000000	180.000000	180.000000	173.743370	111.879776	
97.473585	76.014120	186.944796	223.405349	180.000000	90.000000	89.814677	8.183385	315.000000	0.000000	0.000000	326.828626	87.650074	0.000000	225.818098	135.822795	134.580212	213.145200	225.419788	180.000000	133.997376	270.000000	68.110946	90.000000	191.036521	180.000000	138.108117	89.271436	90.000000	0.000000	0.000000	338.081791	0.360414	21.918209	48.108117	180.000000	180.000000	201.889054	90.000000	180.000000	180.000000	173.743370	111.879776	
97.443672	68.334636	186.944796	223.405349	180.000000	90.000000	89.814677	8.160483	315.000000	0.000000	0.000000	326.828626	87.629592	0.000000	225.818098	135.822795	134.580212	213.145200	225.419788	180.000000	133.997376	270.000000	68.110946	90.000000	191.103152	180.000000	138.108117	89.179386	90.000000	0.000000	0.000000	338.081791	0.360414	21.918209	48.108117	180.000000	180.000000	201.889054	90.000000	180.000000	180.000000	173.743370	111.879776	
97.409725	67.092513	186.944796	223.405349	180.000000	90.000000	89.814677	8.138539	315.000000	0.000000	0.000000	326.828626	87.611351	0.000000	225.818098	135.822795	134.580212	213.145200	225.419788	180.000000	133.997376	270.000000	68.110946	90.000000	191.170612	180.000000	138.108117	89.071773	90.000000	0.000000	0.000000	338.081791	0.360414	21.918209	48.108117	180.000000	180.000000	201.889054	90.000000	180.000000	180.000000	173.743370	111.879776	
97.375904	76.132752	186.944796	223.405349	180.000000	90.000000	89.814677	8.117557	315.000000	0.000000	0.000000	326.828626	87.595338	0.000000	225.818098	135.822795	134.580212	213.145200	225.419788	180.000000	133.997376	270.000000	68.110946	90.000000	191.238894	180.000000	138.108117	88.963129	90.000000	0.000000	0.000000	338.081791	0.360414	21.918209	48.108117	180.000000	180.000000	201.889054	90.000000	180.000000	180.000000	173.743370	111.879776	
97.342907	68.466753	186.944796	223.405349	180.000000	90.000000	89.814677	8.097537	315.000000	0.000000	0.000000	326.828626	87.581541	0.000000	225.818098	135.822795	134.580212	213.145200	225.419788	180.000000	133.997376	270.000000	68.110946	90.000000	191.307991	180.000000	138.108117	88.856225	90.000000	0.000000	0.000000	338.081791	0.360414	21.918209	48.108117	180.000000	180.000000	201.889054	90.000000	180.000000	180.000000	173.743370	111.879776	
97.310854	67.230357	186.944796	223.405349	180.000000	90.000000	89.814677	8.078481	315.000000	0.000000	0.000000	326.828626	87.569946	0.000000	225.818098	135.822795	134.580212	213.145200	225.419788	180.000000	133.997376	270.000000	68.110946	90.000000	191.377897	180.000000	138.108117	88.751595	90.000000	0.000000	0.000000	338.081791	0.360414	21.918209	48.108117	180.000000	180.000000	201.889054	90.000000	180.000000	180.000000	173.743370	111.879776	
97.279766	76.207670	186.944796	223.405349	180.000000	90.000000	89.814677	8.060390	315.000000	0.000000	0.000000	326.828626	87.560540	0.000000	225.818098	135.822795	134.580212	213.145200	225.419788	180.000000	133.997376	270.000000	68.110946	90.000000	191.448605	180.000000	138.108117	88.649346	90.000000	0.000000	0.000000	338.081791	0.360414	21.918209	48.108117	180.000000	180.000000	201.889054	90.000000	180.000000	180.000000	173.743370	111.879776	
97.249650	68.596070	186.944796	223.405349	180.000000	90.000000	89.814677	1.113464	315.000000	0.000000	0.000000	326.828626	87.553309	0.000000	225.818098	135.822795	134.580212	213.145200	225.419788	180.000000	133.997376	270.000000	68.110946	90.000000	191.520109	180.000000	138.108117	88.549503	90.000000	0.000000	0.000000	338.081791	0.360414	21.918209	48.108117	180.000000	180.000000	201.889054	90.000000	180.000000	180.000000	173.743370	111.879776	
97.220507	76.463097	186.944796	223.405349	180.000000	90.000000	89.814677	359.968517	315.000000	0.000000	0.000000	326.828626	87.548240	0.000000	225.818098	135.822795	134.580212	213.145200	225.419788	180.000000	133.997376	270.000000	68.110946	90.000000	191.592403	180.000000	138.108117	88.452074	90.000000	0.000000	0.000000	338.081791	0.360414	21.918209	48.108117	180.000000	180.000000	201.889054	90.000000	180.000000	180.000000	173.743370	111.879776	
97.192340	68.704097	186.944796	223.405349	180.000000	90.000000	89.814677	359.770881	315.000000	0.000000	0.000000	326.828626	87.545318	0.000000	225.818098	135.822795	134.580212	213.145200	225.419788	180.000000	133.997376	270.000000	68.110946	90.000000	191.665479	180.000000	138.108117	88.357064	90.000000	0.000000	0.000000	338.081791	0.360414	21.918209	48.108117	180.000000	180.000000	201.889054	90.000000	180.000000	180.000000	173.743370	111.879776	
97.165150	76.507244	186.944796	223.405349	180.000000	90.000000	89.814677	359.728842	315.000000	0.000000	0.000000	326.828626	87.544531	0.000000	225.818098	135.822795	134.580212	213.145200	225.419788	180.000000	133.997376	270.000000	68.110946	90.000000	191.739333	180.000000	138.108117	88.264477	90.000000	0.000000	0.000000	338.081791	0.360414	21.918209	48.108117	180.000000	180.000000	201.889054	90.000000	180.000000	180.000000	173.743370	111.879776	
97.138941	68.778841	186.944796	223.405349	180.000000	90.000000	89.814677	359.712894	315.000000	0.000000	0.000000	326.828626	87.545863	0.000000	225.818098	135.822795	134.580212	213.145200	225.419788	180.000000	133.997376	270.000000	68.110946	90.000000	191.813956	180.000000	138.108117	88.174314	90.000000	0.000000	0.000000	338.081791	0.360414	21.918209	48.108117	180.000000	180.000000	201.889054	90.000000	180.000000	180.000000	173.743370	111.879776	
97.113713	76.545824	186.944796	223.405349	180.000000	90.000000	89.814677	359.701856	315.000000	0.000000	0.000000	326.828626	87.549301	0.000000	225.818098	135.822795	134.580212	213.145200	225.419788	180.000000	133.997376	270.000000	68.110946	90.000000	191.889343	180.000000	138.108117	88.086579	90.000000	0.000000	0.000000	338.081791	0.360414	21.918209	48.108117	180.000000	180.000000	201.889054	90.000000	180.000000	180.000000	173.743370	111.879776	
97.089469	68.854722	186.944796	223.405349	180.000000	90.000000	89.814677	359.692267	315.000000	0.000000	0.000000	326.828626	87.554831	0.000000	225.818098	135.822795	134.580212	213.145200	225.419788	180.000000	133.997376	270.000000	68.110946	90.000000	191.965487	180.000000	138.108117	88.001271	90.000000	0.000000	0.000000	338.081791	0.360414	21.918209	48.108117	180.000000	180.000000	201.889054	90.000000	180.000000	180.000000	173.743370	111.879776	
90.929213	76.584623	186.944796	223.405349	180.000000	90.000000	89.814677	359.683559	315.000000	0.000000	0.000000	326.828626	87.562438	0.000000	225.818098	135.822795	134.580212	213.145200	225.419788	180.000000	133.997376	270.000000	68.110946	90.000000	192.042383	180.000000	138.108117	87.918391	90.000000	0.000000	0.000000	338.081791	0.360414	21.918209	48.108117	180.000000	180.000000	201.889054	90.000000	180.000000	180.000000	173.743370	111.879776	
89.911564	68.932683	186.944796	223.405349	180.000000	90.000000	89.814677	359.675637	315.000000	0.000000	0.000000	326.828626	87.572108	0.000000	225.818098	135.822795	134.580212	213.145200	225.419788	180.000000	133.997376	270.000000	68.110946	90.000000	192.120023	180.000000	138.108117	87.837938	90.000000	0.000000	0.000000	338.081791	0.360414	21.918209	48.108117	180.000000	180.000000	201.889054	90.000000	180.000000	180.000000	173.743370	111.879776	
89.729945	76.623794	186.944796	223.405349	180.000000	90.000000	89.814677	359.668484	315.000000	0.000000	0.000000	326.828626	87.583828	0.000000	225.818098	135.822795	134.580212	213.145200	225.419788	180.000000	133.997376	270.000000	68.110946	90.000000	192.198402	180.000000	138.108117	87.759910	90.000000	0.000000	0.000000	338.081791	0.360414	21.918209	48.108117	180.000000	180.000000	201.889054	90.000000	180.000000	180.000000	173.743370	111.879776	
89.685082	69.012724	186.944796	223.405349	180.000000	90.000000	89.814677	359.662096	315.000000	0.000000	0.000000	326.828626	87.597582	0.000000	225.818098	135.822795	134.580212	213.145200	225.419788	180.000000	133.997376	270.000000	68.110946	90.000000	192.277513	180.000000	138.108117	87.684306	90.000000	0.000000	0.000000	338.081791	0.360414	21.918209	48.108117	180.000000	180.000000	201.889054	90.000000	180.000000	180.000000	173.743370	111.879776	
89.663153	76.663331	186.944796	223.405349	180.000000	90.000000	89.814677	359.656471	315.000000	0.000000	0.000000	326.828626	87.613356	0.000000	225.818098	135.822795	134.580212	213.145200	225.419788	180.000000	133.997376	270.000000	68.110946	90.000000	192.357351	180.000000	138.108117	87.611123	90.000000	0.000000	0.000000	338.081791	0.360414	21.918209	48.108117	180.000000	180.000000	201.889054	90.000000	180.000000	180.000000	173.743370	111.879776	
89.645634	69.094820	186.944796	223.405349	180.000000	90.000000	89.814677	359.651607	315.000000	0.000000	0.000000	326.828626	87.631135	0.000000	225.818098	135.822795	134.580212	213.145200	225.419788	180.000000	133.997376	270.000000	68.110946	90.000000	192.437908	180.000000	138.108117	87.540357	90.000000	0.000000	0.000000	338.081791	0.360414	21.918209	48.108117	180.000000	180.000000	201.889054	90.000000	180.000000	180.000000	173.743370	111.879776	
89.629511	76.703226	186.944796	223.405349	180.000000	90.000000	89.814677	359.647500	315.000000	0.000000	0.000000	326.828626	87.650906	0.000000	225.818098	135.822795	134.580212	213.145200	225.419788	180.000000	133.997376	270.000000	68.110946	90.000000	192.519179	180.000000	138.108117	87.472005	90.000000	0.000000	0.000000	338.081791	0.360414	21.918209	48.108117	180.000000	180.000000	201.889054	90.000000	180.000000	180.000000	173.743370	111.879776	
89.614293	69.178944	186.944796	223.405349	180.000000	90.000000	89.814677	359.619220	315.000000	0.000000	0.000000	326.828626	87.672654	0.000000	225.818098	135.822795	134.580212	213.145200	225.419788	180.000000	133.997376	270.000000	68.110946	90.000000	192.601159	180.000000	138.108117	87.406062	90.000000	0.000000	0.000000	338.081791	0.360414	21.918209	48.108117	180.000000	180.000000	201.889054	90.000000	180.000000	180.000000	173.743370	111.879776	
89.599898	76.743469	186.944796	223.405349	180.000000	90.000000	89.814677	359.522776	315.000000	0.000000	0.000000	326.828626	87.696365	0.000000	225.818098	135.822795	134.580212	213.145200	225.419788	180.000000	133.997376	270.000000	68.110946	90.000000	192.683840	180.000000	138.108117	87.342522	90.000000	0.000000	0.000000	338.081791	0.360414	21.918209	48.108117	180.000000	180.000000	201.889054	90.000000	180.000000	180.000000	173.743370	111.879776	
89.586312	69.263159	186.944796	223.405349	180.000000	90.000000	89.814677	359.416372	315.000000	0.000000	0.000000	326.828626	87.722024	0.000000	225.818098	135.822795	134.580212	213.145200	225.419788	180.000000	133.997376	270.000000	68.110946	90.000000	192.767217	180.000000	138.108117	87.281380	90.000000	0.000000	0.000000	338.081791	0.360414	21.918209	48.108117	180.000000	180.000000	201.889054	90.000000	180.000000	180.000000	173.743370	111.879776	
89.573532	76.710356	186.944796	223.405349	180.000000	90.000000	89.814677	359.309600	315.000000	0.000000	0.000000	326.828626	95.637189	0.000000	225.818098	135.822795	134.580212	213.145200	225.419788	180.000000	133.997376	270.000000	68.110946	90.000000	192.851283	180.000000	138.108117	87.222630	90.000000	0.000000	0.000000	338.081791	0.360414	21.918209	48.108117	180.000000	180.000000	201.889054	90.000000	180.000000	180.000000	173.743370	111.879776	
89.561555	69.215753	186.944796	223.405349	180.000000	90.000000	89.814677	359.204049	315.000000	0.000000	0.000000	326.828626	89.202260	0.000000	225.818098	135.822795	134.580212	213.145200	225.419788	180.000000	133.997376	270.000000	68.110946	90.000000	192.936034	180.000000	138.108117	87.166264	90.000000	0.000000	0.000000	338.081791	0.360414	21.918209	48.108117	180.000000	180.000000	201.889054	90.000000	180.000000	180.000000	173.743370	111.879776	
89.550379	76.608735	186.944796	223.405349	180.000000	90.000000	89.814677	359.099988	315.000000	0.000000	0.000000	326.828626	88.008293	0.000000	225.818098	135.822795	134.580212	213.145200	225.419788	180.000000	133.997376	270.000000	68.110946	90.000000	193.021463	180.000000	138.108117	87.112275	90.000000	0.000000	0.000000	338.081791	0.360414	21.918209	48.108117	180.000000	180.000000	201.889054	90.000000	180.000000	180.000000	173.743370	111.879776	
89.540002	69.162799	186.944796	223.405349	180.000000	90.000000	89.814677	358.997467	315.000000	0.000000	0.000000	326.828626	95.594097	0.000000	225.818098	135.822795	134.580212	213.145200	225.419788	180.000000	133.997376	270.000000	68.110946	90.000000	193.107565	180.000000	138.108117	87.060656	90.000000	0.000000	0.000000	338.081791	0.360414	21.918209	48.108117	180.000000	180.000000	201.889054	90.000000	180.000000	180.000000	173.743370	111.879776	
89.530423	76.509125	186.944796	223.405349	180.000000	90.000000	89.814677	358.896501	315.000000	0.000000	0.000000	326.828626	89.204808	0.000000	225.818098	135.822795	134.580212	213.145200	225.419788	180.000000	133.997376	270.000000	68.110946	90.000000	193.194333	180.000000	138.108117	87.011399	90.000000	0.000000	0.000000	338.081791	0.360414	21.918209	48.108117	180.000000	180.000000	201.889054	90.000000	180.000000	180.000000	173.743370	111.879776	
89.521639	69.116182	186.944796	223.405349	180.000000	90.000000	89.814677	358.797100	315.000000	0.000000	0.000000	326.828626	95.744813	0.000000	225.818098	135.822795	134.580212	213.145200	225.419788	180.000000	133.997376	270.000000	68.110946	90.000000	193.281762	180.000000	138.108117	86.964493	90.000000	0.000000	0.000000	338.081791	0.360414	21.918209	48.108117	180.000000	180.000000	201.889054	90.000000	180.000000	180.000000	173.743370	111.879776	
89.513648	76.413572	186.944796	223.405349	180.000000	90.000000	89.814677	358.699270	315.000000	0.000000	0.000000	326.828626	89.225291	0.000000	225.818098	135.822795	134.580212	213.145200	225.419788	180.000000	133.997376	270.000000	68.110946	90.000000	193.369847	180.000000	138.108117	86.919932	90.000000	0.000000	0.000000	338.081791	0.360414	21.918209	48.108117	180.000000	180.000000	201.889054	90.000000	180.000000	180.000000	173.743370	111.879776	
89.506449	69.076174	186.944796	223.405349	180.000000	90.000000	89.814677	358.603017	315.000000	0.000000	0.000000	326.828626	95.674391	0.000000	225.818098	135.822795	134.580212	213.145200	225.419788	180.000000	133.997376	270.000000	68.110946	90.000000	193.458581	180.000000	138.108117	86.877704	90.000000	0.000000	0.000000	338.081791	0.360414	21.918209	48.108117	180.000000	180.000000	201.889054	90.000000	180.000000	180.000000	173.743370	111.879776	
89.500039	76.322119	186.944796	223.405349	180.000000	90.000000	89.814677	358.508349	315.000000	0.000000	0.000000	326.828626	89.211499	0.000000	225.818098	135.822795	134.580212	213.145200	225.419788	180.000000	133.997376	270.000000	68.110946	90.000000	193.547960	180.000000	138.108117	86.837800	90.000000	0.000000	0.000000	338.081791	0.360414	21.918209	48.108117	180.000000	180.000000	201.889054	90.000000	180.000000	180.000000	173.743370	111.879776	
89.494416	69.042705	186.944796	223.405349	180.000000	90.000000	89.814677	358.415269	315.000000	0.000000	0.000000	326.828626	95.601227	0.000000	225.818098	135.822795	134.580212	213.145200	225.419788	180.000000	133.997376	270.000000	68.110946	90.000000	193.637978	180.000000	138.108117	86.800209	90.000000	0.000000	0.000000	338.081791	0.360414	21.918209	48.108117	180.000000	180.000000	201.889054	90.000000	180.000000	180.000000	173.743370	111.879776	
89.489578	76.234753	186.944796	223.405349	180.000000	90.000000	89.814677	358.323783	315.000000	0.000000	0.000000	326.828626	89.204636	0.000000	225.818098	135.822795	134.580212	213.145200	225.419788	180.000000	133.997376	270.000000	68.110946	90.000000	193.728629	180.000000	138.108117	86.764922	90.000000	0.000000	0.000000	338.081791	0.360414	21.918209	48.108117	180.000000	180.000000	201.889054	90.000000	180.000000	180.000000	173.743370	111.879776	
89.485522	77.416604	186.944796	223.405349	180.000000	90.000000	89.814677	358.233896	315.000000	0.000000	0.000000	326.828626	95.533239	0.000000	225.818098	135.822795	134.580212	213.145200	225.419788	180.000000	133.997376	270.000000	68.110946	90.000000	193.819909	180.000000	138.108117	86.731927	90.000000	0.000000	0.000000	338.081791	0.360414	21.918209	48.108117	180.000000	180.000000	201.889054	90.000000	180.000000	180.000000	173.743370	111.879776	
89.482246	69.175379	186.944796	223.405349	180.000000	90.000000	89.814677	358.145612	315.000000	0.000000	0.000000	326.828626	89.206118	0.000000	225.818098	135.822795	134.580212	213.145200	225.419788	180.000000	133.997376	270.000000	68.110946	90.000000	193.911811	180.000000	138.108117	86.701213	90.000000	0.000000	0.000000	338.081791	0.360414	21.918209	48.108117	180.000000	180.000000	201.889054	90.000000	180.000000	180.000000	173.743370	111.879776	
89.479748	76.113446	186.944796	223.405349	180.000000	90.000000	89.814677	358.058935	315.000000	0.000000	0.000000	326.828626	95.470720	0.000000	225.818098	135.822795	134.580212	213.145200	225.419788	180.000000	133.997376	270.000000	68.110946	90.000000	194.004332	180.000000	138.108117	86.672769	90.000000	0.000000	0.000000	338.081791	0.360414	21.918209	48.108117	180.000000	180.000000	201.889054	90.000000	180.000000	180.000000	173.743370	111.879776	
89.478025	77.255469	186.944796	223.405349	180.000000	90.000000	89.814677	357.973869	315.000000	0.000000	0.000000	326.828626	89.215915	0.000000	225.818098	135.822795	134.580212	213.145200	225.419788	180.000000	133.997376	270.000000	68.110946	90.000000	194.097465	180.000000	138.108117	86.646582	90.000000	0.000000	0.000000	338.081791	0.360414	21.918209	48.108117	180.000000	180.000000	201.889054	90.000000	180.000000	180.000000	173.743370	111.879776	
89.477075	77.391157	186.944796	223.405349	180.000000	90.000000	89.814677	357.890415	315.000000	0.000000	0.000000	326.828626	95.413681	0.000000	225.818098	135.822795	134.580212	213.145200	225.419788	180.000000	133.997376	270.000000	68.110946	90.000000	194.191205	180.000000	138.108117	86.622641	90.000000	0.000000	0.000000	338.081791	0.360414	21.918209	48.108117	180.000000	180.000000	201.889054	90.000000	180.000000	180.000000	173.743370	111.879776	
89.476895	77.352421	186.944796	223.405349	180.000000	90.000000	89.814677	357.808578	315.000000	0.000000	0.000000	326.828626	89.233948	0.000000	225.818098	135.822795	134.580212	213.145200	225.419788	180.000000	133.997376	270.000000	68.110946	90.000000	194.285548	180.000000	138.108117	86.600933	90.000000	0.000000	0.000000	338.081791	0.360414	21.918209	48.108117	180.000000	180.000000	201.889054	90.000000	180.000000	180.000000	173.743370	111.879776	
89.477483	77.284178	186.944796	223.405349	180.000000	90.000000	89.814677	357.728358	315.000000	0.000000	0.000000	326.828626	95.362123	0.000000	225.818098	135.822795	134.580212	213.145200	225.419788	180.000000	133.997376	270.000000	68.110946	90.000000	194.380489	180.000000	138.108117	86.581446	90.000000	0.000000	0.000000	338.081791	0.360414	21.918209	48.108117	180.000000	180.000000	201.889054	90.000000	180.000000	180.000000	173.743370	111.879776	
89.478836	77.211688	186.944796	223.405349	180.000000	90.000000	89.814677	357.649759	315.000000	0.000000	0.000000	326.828626	89.260133	0.000000	225.818098	135.822795	134.580212	213.145200	225.419788	180.000000	133.997376	270.000000	68.110946	90.000000	194.476022	180.000000	138.108117	86.564167	90.000000	0.000000	0.000000	338.081791	0.360414	21.918209	48.108117	180.000000	180.000000	201.889054	90.000000	180.000000	180.000000	173.743370	111.879776	
89.480951	77.139356	186.944796	223.405349	180.000000	90.000000	89.814677	357.572781	315.000000	0.000000	0.000000	326.828626	95.316042	0.000000	225.818098	135.822795	134.580212	213.145200	225.419788	180.000000	133.997376	270.000000	68.110946	90.000000	194.572144	180.000000	138.108117	86.549084	90.000000	0.000000	0.000000	338.081791	0.360414	21.918209	48.108117	180.000000	180.000000	201.889054	90.000000	180.000000	180.000000	173.743370	111.879776	
89.483827	77.067955	186.944796	223.405349	180.000000	90.000000	89.814677	357.497426	315.000000	0.000000	0.000000	326.828626	89.294384	0.000000	225.818098	135.822795	134.580212	213.145200	225.419788	180.000000	133.997376	270.000000	68.110946	90.000000	194.668849	180.000000	138.108117	86.536182	90.000000	0.000000	0.000000	338.081791	0.360414	21.918209	48.108117	180.000000	180.000000	201.889054	90.000000	180.000000	180.000000	173.743370	111.879776	
89.487460	76.997619	186.944796	223.405349	180.000000	90.000000	89.814677	357.423694	315.000000	0.000000	0.000000	326.828626	95.275433	0.000000	225.818098	135.822795	134.580212	213.145200	225.419788	180.000000	133.997376	270.000000	68.110946	90.000000	194.766132	180.000000	138.108117	86.525450	90.000000	0.000000	0.000000	338.081791	0.360414	21.918209	48.108117	180.000000	180.000000	201.889054	90.000000	180.000000	180.000000	173.743370	111.879776	
89.491846	76.928376	186.944796	223.405349	180.000000	90.000000	89.814677	357.351585	315.000000	0.000000	0.000000	326.828626	96.384081	0.000000	225.818098	135.822795	134.580212	213.145200	225.419788	180.000000	133.997376	270.000000	68.110946	90.000000	194.863990	180.000000	138.108117	86.516874	90.000000	0.000000	0.000000	338.081791	0.360414	21.918209	48.108117	180.000000	180.000000	201.889054	90.000000	180.000000	180.000000	173.743370	111.879776	
89.454825	76.860232	186.944796	223.405349	180.000000	90.000000	89.814677	357.281101	315.000000	0.000000	0.000000	326.828626	89.539249	0.000000	225.818098	135.822795	134.580212	213.145200	225.419788	180.000000	133.997376	270.000000	68.110946	90.000000	194.962417	180.000000	138.108117	86.510439	90.000000	0.000000	0.000000	338.081791	0.360414	21.918209	48.108117	180.000000	180.000000	201.889054	90.000000	180.000000	180.000000	173.743370	111.879776	
89.366183	76.793189	186.944796	223.405349	180.000000	90.000000	89.814677	357.212240	315.000000	0.000000	0.000000	326.828626	95.233995	0.000000	225.818098	135.822795	134.580212	213.145200	225.419788	180.000000	133.997376	270.000000	68.110946	90.000000	195.061408	180.000000	138.108117	86.506134	90.000000	0.000000	0.000000	338.081791	0.360414	21.918209	48.108117	180.000000	180.000000	201.889054	90.000000	180.000000	180.000000	173.743370	111.879776	
89.270473	76.727250	186.944796	223.405349	180.000000	90.000000	89.814677	357.145002	315.000000	0.000000	0.000000	326.828626	96.291450	0.000000	225.818098	135.822795	134.580212	213.145200	225.419788	180.000000	133.997376	270.000000	68.110946	90.000000	195.160961	180.000000	138.108117	86.503943	90.000000	0.000000	0.000000	338.081791	0.360414	21.918209	48.108117	180.000000	180.000000	201.889054	90.000000	180.000000	180.000000	173.743370	111.879776	
89.174941	76.662416	186.944796	223.405349	180.000000	90.000000	89.814677	357.079387	315.000000	0.000000	0.000000	326.828626	96.453459	0.000000	225.818098	135.822795	134.580212	213.145200	225.419788	180.000000	133.997376	270.000000	68.110946	90.000000	195.261070	180.000000	138.108117	86.503853	90.000000	0.000000	0.000000	338.081791	0.360414	21.918209	48.108117	180.000000	180.000000	201.889054	90.000000	180.000000	180.000000	173.743370	111.879776	
89.080772	76.598689	186.944796	223.405349	180.000000	90.000000	89.814677	357.015392	315.000000	0.000000	0.000000	326.828626	96.443223	0.000000	225.818098	135.822795	134.580212	213.145200	225.419788	180.000000	133.997376	270.000000	68.110946	90.000000	195.361731	180.000000	138.108117	86.505850	90.000000	0.000000	0.000000	338.081791	0.360414	21.918209	48.108117	180.000000	180.000000	201.889054	90.000000	180.000000	180.000000	173.743370	111.879776	
88.988164	76.536069	186.944796	223.405349	180.000000	90.000000	89.814677	356.953016	315.000000	0.000000	0.000000	326.828626	96.400805	0.000000	225.818098	135.822795	134.580212	213.145200	225.419788	180.000000	133.997376	270.000000	68.110946	90.000000	195.462940	180.000000	138.108117	86.509920	90.000000	0.000000	0.000000	338.081791	0.360414	21.918209	48.108117	180.000000	180.000000	201.889054	90.000000	180.000000	180.000000	173.743370	111.879776	
88.897152	76.474560	186.944796	223.405349	180.000000	90.000000	89.814677	356.892258	315.000000	0.000000	0.000000	326.828626	96.353343	0.000000	225.818098	135.822795	134.580212	213.145200	225.419788	180.000000	133.997376	270.000000	68.110946	90.000000	195.564693	180.000000	138.108117	86.516049	90.000000	0.000000	0.000000	338.081791	0.360414	21.918209	48.108117	180.000000	180.000000	201.889054	90.000000	180.000000	180.000000	173.743370	111.879776	
88.807748	76.414160	186.944796	223.405349	180.000000	90.000000	89.814677	356.833116	315.000000	0.000000	0.000000	326.828626	96.306097	0.000000	225.818098	135.822795	134.580212	213.145200	225.419788	180.000000	133.997376	270.000000	68.110946	90.000000	195.666986	180.000000	138.108117	86.524223	90.000000	0.000000	0.000000	338.081791	0.360414	21.918209	48.108117	180.000000	180.000000	201.889054	90.000000	180.000000	180.000000	173.743370	111.879776	
88.719955	76.354871	186.944796	223.405349	180.000000	90.000000	89.814677	356.775586	315.000000	0.000000	0.000000	326.828626	96.260092	0.000000	225.818098	135.822795	134.580212	213.145200	225.419788	180.000000	133.997376	270.000000	68.110946	90.000000	195.769815	180.000000	138.108117	86.534428	90.000000	0.000000	0.000000	338.081791	0.360414	21.918209	48.108117	180.000000	180.000000	201.889054	90.000000	180.000000	180.000000	173.743370	111.879776	
88.633779	76.296693	186.944796	223.405349	180.000000	90.000000	89.814677	356.719667	315.000000	0.000000	0.000000	326.828626	96.215531	0.000000	225.818098	135.822795	134.580212	213.145200	225.419788	180.000000	133.997376	270.000000	68.110946	90.000000	195.873175	180.000000	138.108117	86.546650	90.000000	0.000000	0.000000	338.081791	0.360414	21.918209	48.108117	180.000000	180.000000	201.889054	90.000000	180.000000	180.000000	173.743370	111.879776	
88.549223	76.239628	186.944796	223.405349	180.000000	90.000000	89.814677	356.665356	315.000000	0.000000	0.000000	326.828626	91.277686	0.000000	225.818098	135.822795	134.580212	213.145200	225.419788	180.000000	133.997376	270.000000	68.110946	90.000000	195.977064	180.000000	138.108117	86.560874	90.000000	0.000000	0.000000	338.081791	0.360414	21.918209	48.108117	180.000000	180.000000	201.889054	90.000000	180.000000	180.000000	173.743370	111.879776	
88.466291	76.183674	186.944796	223.405349	180.000000	90.000000	89.814677	356.612649	315.000000	0.000000	0.000000	326.828626	90.310285	0.000000	225.818098	135.822795	134.580212	213.145200	225.419788	180.000000	133.997376	270.000000	68.110946	90.000000	196.081478	180.000000	138.108117	86.577086	90.000000	0.000000	0.000000	338.081791	0.360414	21.918209	48.108117	180.000000	180.000000	201.889054	90.000000	180.000000	180.000000	173.743370	111.879776	
88.384984	76.128833	186.944796	223.405349	180.000000	90.000000	89.814677	356.561543	315.000000	0.000000	0.000000	326.828626	90.096314	0.000000	225.818098	135.822795	134.580212	213.145200	225.419788	180.000000	133.997376	270.000000	68.110946	90.000000	196.186412	180.000000	138.108117	86.595273	90.000000	0.000000	0.000000	338.081791	0.360414	21.918209	48.108117	180.000000	180.000000	201.889054	90.000000	180.000000	180.000000	173.743370	111.879776	
88.305306	76.075104	186.944796	223.405349	180.000000	90.000000	89.814677	356.512035	315.000000	0.000000	0.000000	326.828626	90.026364	0.000000	225.818098	135.822795	134.580212	213.145200	225.419788	180.000000	133.997376	270.000000	68.110946	90.000000	196.291864	180.000000	138.108117	86.615419	90.000000	0.000000	0.000000	338.081791	0.360414	21.918209	48.108117	180.000000	180.000000	201.889054	90.000000	180.000000	180.000000	173.743370	111.879776	
88.227258	76.022487	186.944796	223.405349	180.000000	90.000000	89.814677	356.464120	315.000000	0.000000	0.000000	326.828626	89.984785	0.000000	225.818098	135.822795	134.580212	213.145200	225.419788	180.000000	133.997376	270.000000	68.110946	90.000000	196.397829	180.000000	138.108117	86.637510	90.000000	0.000000	0.000000	338.081791	0.360414	21.918209	48.108117	180.000000	180.000000	201.889054	90.000000	180.000000	180.000000	173.743370	111.879776	
88.150843	75.970981	186.944796	223.405349	180.000000	90.000000	89.814677	356.417795	315.000000	0.000000	0.000000	326.828626	89.949630	0.000000	225.818098	135.822795	134.580212	213.145200	225.419788	180.000000	133.997376	270.000000	68.110946	90.000000	196.504305	180.000000	138.108117	86.661533	90.000000	0.000000	0.000000	338.081791	0.360414	21.918209	48.108117	180.000000	180.000000	201.889054	90.000000	180.000000	180.000000	173.743370	111.879776	
88.076061	75.920586	186.944796	223.405349	180.000000	90.000000	89.814677	356.373055	315.000000	0.000000	0.000000	326.828626	89.916737	0.000000	225.818098	135.822795	134.580212	213.145200	225.419788	180.000000	133.997376	270.000000	68.110946	90.000000	196.611287	180.000000	138.108117	86.687473	90.000000	0.000000	0.000000	338.081791	0.360414	21.918209	48.108117	180.000000	180.000000	201.889054	90.000000	180.000000	180.000000	173.743370	111.879776	
88.002914	75.871300	186.944796	223.405349	180.000000	90.000000	89.814677	356.329896	315.000000	0.000000	0.000000	326.828626	89.885314	0.000000	225.818098	135.822795	134.580212	213.145200	225.419788	180.000000	133.997376	270.000000	68.110946	90.000000	196.718773	180.000000	138.108117	86.715316	90.000000	0.000000	0.000000	338.081791	0.360414	21.918209	48.108117	180.000000	180.000000	201.889054	90.000000	180.000000	180.000000	173.743370	111.879776	
87.931402	75.823124	186.944796	223.405349	180.000000	90.000000	89.814677	356.288312	315.000000	0.000000	0.000000	326.828626	89.855211	0.000000	225.818098	135.822795	134.580212	213.145200	225.419788	180.000000	133.997376	270.000000	68.110946	90.000000	196.826760	180.000000	138.108117	95.955634	90.000000	0.000000	0.000000	338.081791	0.360414	21.918209	48.108117	180.000000	180.000000	201.889054	90.000000	180.000000	180.000000	173.743370	111.879776	
87.861525	75.776056	186.944796	223.405349	180.000000	90.000000	89.814677	356.248300	315.000000	0.000000	0.000000	326.828626	89.826397	0.000000	225.818098	135.822795	134.580212	213.145200	225.419788	180.000000	133.997376	270.000000	68.110946	90.000000	196.935244	180.000000	138.108117	88.458603	90.000000	0.000000	0.000000	338.081791	0.360414	21.918209	48.108117	180.000000	180.000000	201.889054	90.000000	180.000000	180.000000	173.743370	111.879776	
87.793283	75.730095	186.944796	223.405349	180.000000	90.000000	89.814677	356.209854	315.000000	0.000000	0.000000	326.828626	89.798864	0.000000	225.818098	135.822795	134.580212	213.145200	225.419788	180.000000	133.997376	270.000000	68.110946	90.000000	197.044222	180.000000	138.108117	87.051016	90.000000	0.000000	0.000000	338.081791	0.360414	21.918209	48.108117	180.000000	180.000000	201.889054	90.000000	180.000000	180.000000	173.743370	111.879776	
87.726675	75.685239	186.944796	223.405349	180.000000	90.000000	89.814677	356.172969	315.000000	0.000000	0.000000	326.828626	89.772610	0.000000	225.818098	135.822795	134.580212	213.145200	225.419788	180.000000	133.997376	270.000000	68.110946	90.000000	197.153692	180.000000	138.108117	95.935131	90.000000	0.000000	0.000000	338.081791	0.360414	21.918209	48.108117	180.000000	180.000000	201.889054	90.000000	180.000000	180.000000	173.743370	111.879776	
87.661702	75.641487	186.944796	223.405349	180.000000	90.000000	89.814677	356.137639	315.000000	0.000000	0.000000	326.828626	89.747633	0.000000	225.818098	135.822795	134.580212	213.145200	225.419788	180.000000	133.997376	270.000000	68.110946	90.000000	197.263649	180.000000	138.108117	88.459957	90.000000	0.000000	0.000000	338.081791	0.360414	21.918209	48.108117	180.000000	180.000000	201.889054	90.000000	180.000000	180.000000	173.743370	111.879776	
87.598361	75.598838	186.944796	223.405349	180.000000	90.000000	89.814677	356.103859	315.000000	0.000000	0.000000	326.828626	89.723929	0.000000	225.818098	135.822795	134.580212	213.145200	225.419788	180.000000	133.997376	270.000000	68.110946	90.000000	187.999671	180.000000	138.108117	96.134387	90.000000	0.000000	0.000000	338.081791	0.360414	21.918209	48.108117	180.000000	180.000000	201.889054	90.000000	180.000000	180.000000	173.743370	111.879776	
87.536652	75.557289	186.944796	223.405349	180.000000	90.000000	89.814677	356.071623	315.000000	0.000000	0.000000	326.828626	89.701497	0.000000	225.818098	135.822795	134.750016	213.145200	225.419788	180.000000	133.997376	270.000000	68.110946	90.000000	186.603785	180.000000	138.108117	88.482938	90.000000	0.000000	0.000000	338.081791	0.360414	21.918209	48.108117	180.000000	180.000000	201.889054	90.000000	180.000000	180.000000	173.743370	111.879776	
87.476572	75.516838	186.944796	223.405349	180.000000	90.000000	89.814677	356.040926	315.000000	0.000000	0.000000	326.828626	89.680333	0.000000	225.818098	135.822795	134.778706	213.145200	225.419788	180.000000	133.997376	270.000000	68.110946	90.000000	186.457984	180.000000	138.108117	96.070417	90.000000	0.000000	0.000000	338.081791	0.360414	21.918209	48.108117	180.000000	180.000000	201.889054	90.000000	180.000000	180.000000	173.743370	111.879776	
87.418120	75.477484	186.944796	223.405349	180.000000	90.000000	89.814677	356.011761	315.000000	0.000000	0.000000	326.828626	89.660434	0.000000	225.818098	135.822795	134.783554	213.145200	225.419788	180.000000	133.997376	270.000000	68.110946	90.000000	197.144132	180.000000	138.108117	88.463165	90.000000	0.000000	0.000000	338.081791	0.360414	21.918209	48.108117	180.000000	180.000000	201.889054	90.000000	180.000000	180.000000	173.743370	111.879776	
87.361293	75.439225	186.944796	223.405349	180.000000	90.000000	89.814677	355.984121	315.000000	0.000000	0.000000	326.828626	89.641797	0.000000	225.818098	135.822795	134.784373	213.176016	225.419788	180.000000	133.997376	270.000000	68.110946	90.000000	188.258739	180.000000	138.108117	96.001892	90.000000	0.000000	0.000000	338.081791	0.360414	21.918209	48.108117	180.000000	180.000000	201.889054	90.000000	180.000000	180.000000	173.743370	111.879776	
87.306090	75.402057	186.944796	223.405349	180.000000	90.000000	89.814677	355.958002	315.000000	0.000000	0.000000	326.828626	89.624419	0.000000	225.818098	135.822795	134.784511	213.266999	225.419788	180.000000	133.997376	270.000000	68.110946	90.000000	197.493231	180.000000	138.108117	88.449861	90.000000	0.000000	0.000000	338.081791	0.360414	21.918209	48.108117	180.000000	180.000000	201.889054	90.000000	180.000000	180.000000	173.743370	111.879776	
87.252506	75.365980	186.944796	223.405349	180.000000	90.000000	89.814677	355.933396	315.000000	0.000000	0.000000	326.828626	89.608296	0.000000	225.818098	135.822795	134.784534	213.369443	225.419788	180.000000	133.997376	270.000000	68.110946	90.000000	188.441116	180.000000	138.108117	95.938334	90.000000	0.000000	0.000000	338.081791	0.360414	21.918209	48.108117	180.000000	180.000000	201.889054	90.000000	180.000000	180.000000	173.743370	111.879776	
87.200539	75.330989	186.944796	223.405349	180.000000	90.000000	89.814677	355.910297	315.000000	0.000000	0.000000	326.828626	89.593425	0.000000	225.818098	135.822795	134.784538	213.474186	225.419788	180.000000	133.997376	270.000000	68.110946	90.000000	197.557329	180.000000	138.108117	88.444758	90.000000	0.000000	0.000000	338.081791	0.360414	21.918209	48.108117	180.000000	180.000000	201.889054	90.000000	180.000000	180.000000	173.743370	111.879776	
87.150186	75.297083	186.944796	223.405349	180.000000	90.000000	89.814677	355.888698	315.000000	0.000000	0.000000	326.828626	89.579802	0.000000	225.818098	135.822795	134.784539	213.579492	225.419788	180.000000	133.997376	270.000000	68.110946	90.000000	188.579443	180.000000	138.108117	95.880100	90.000000	0.000000	0.000000	338.081791	0.360414	21.918209	48.108117	180.000000	180.000000	201.889054	90.000000	180.000000	180.000000	173.743370	111.879776	
87.101443	75.264258	186.944796	223.405349	180.000000	90.000000	89.814677	355.868592	315.000000	0.000000	0.000000	326.828626	89.567423	0.000000	225.818098	135.822795	134.784539	213.685021	225.249984	180.000000	133.997376	270.000000	68.110946	90.000000	197.613570	180.000000	138.108117	88.447842	90.000000	0.000000	0.000000	338.081791	0.360414	21.918209	48.108117	180.000000	180.000000	201.889054	90.000000	180.000000	180.000000	173.743370	111.879776	
87.054306	75.232512	184.671460	223.405349	180.000000	90.000000	89.814677	355.849974	315.000000	0.000000	0.000000	326.828626	89.556283	0.000000	225.818098	135.822795	134.784539	213.790698	225.221294	180.000000	133.997376	270.000000	68.110946	90.000000	188.717423	180.000000	138.108117	95.827205	90.000000	0.000000	0.000000	338.081791	0.360414	21.918209	48.108117	180.000000	180.000000	201.889054	90.000000	180.000000	180.000000	173.743370	111.879776	
87.008772	75.201842	184.247143	223.405349	180.000000	90.000000	89.814677	355.832835	315.000000	0.000000	0.000000	326.828626	89.546380	0.000000	225.818098	135.822795	134.784539	213.896497	225.216446	180.000000	133.997376	270.000000	68.110946	90.000000	197.669660	180.000000	138.108117	88.459033	90.000000	0.000000	0.000000	338.081791	0.360414	21.918209	48.108117	180.000000	180.000000	201.889054	90.000000	180.000000	180.000000	173.743370	111.879776	
86.964836	75.172244	184.167921	223.405349	180.000000	90.000000	89.814677	355.817168	315.000000	0.000000	0.000000	326.828626	89.537707	0.000000	225.818098	135.822795	134.784539	214.002402	225.215627	180.000000	133.997376	270.000000	68.110946	90.000000	188.856251	180.000000	138.108117	95.779652	90.000000	0.000000	0.000000	338.081791	0.360414	21.918209	48.108117	180.000000	180.000000	201.889054	90.000000	180.000000	180.000000	173.743370	111.879776	
86.922493	75.143716	184.153130	223.405349	180.000000	90.000000	89.814677	355.802968	315.000000	0.000000	0.000000	326.828626	89.530262	0.000000	225.818098	135.822795	134.784539	214.108396	225.215489	180.000000	133.997376	270.000000	68.110946	90.000000	197.725805	180.000000	138.108117	88.478247	90.000000	0.000000	0.000000	338.081791	0.360414	21.918209	48.108117	180.000000	180.000000	201.889054	90.000000	180.000000	180.000000	173.743370	111.879776	
86.881739	75.116254	184.150368	223.405349	180.000000	90.000000	89.814677	355.790225	315.000000	0.000000	0.000000	326.828626	89.524038	0.000000	225.818098	135.822795	134.784539	214.214465	225.215466	180.000000	133.997376	270.000000	68.110946	90.000000	188.995943	180.000000	138.108117	95.737438	90.000000	0.000000	0.000000	338.081791	0.360414	21.918209	48.108117	180.000000	180.000000	201.889054	90.000000	180.000000	180.000000	173.743370	111.879776	
86.842569	75.089855	184.149852	223.405349	180.000000	90.000000	89.814677	355.778934	315.000000	0.000000	0.000000	326.828626	89.519033	0.000000	225.818098	135.822795	134.784539	214.320594	225.215462	180.000000	133.997376	270.000000	68.110946	90.000000	197.782005	180.000000	138.108117	88.505400	90.000000	0.000000	0.000000	338.081791	0.360414	21.918209	48.108117	180.000000	180.000000	201.889054	90.000000	180.000000	180.000000	173.743370	111.879776	
86.804978	75.064515	184.149756	223.405349	180.000000	90.000000	89.814677	355.769087	315.000000	0.000000	0.000000	326.828626	89.515240	0.000000	225.818098	135.822795	134.784539	214.426767	225.215461	180.000000	133.997376	270.000000	68.110946	90.000000	189.136480	180.000000	138.108117	95.700559	90.000000	0.000000	0.000000	338.081791	0.360414	21.918209	48.108117	180.000000	180.000000	201.889054	90.000000	180.000000	180.000000	173.743370	111.879776	
86.768961	75.040230	184.149738	223.405349	180.000000	90.000000	89.814677	355.760676	315.000000	0.000000	0.000000	326.828626	89.512654	0.000000	225.818098	135.822795	134.784539	214.532968	225.215461	180.000000	133.997376	270.000000	68.110946	90.000000	197.838253	180.000000	138.108117	88.540408	90.000000	0.000000	0.000000	338.081791	0.360414	21.918209	48.108117	180.000000	180.000000	201.889054	90.000000	180.000000	180.000000	173.743370	111.879776	
86.734513	75.016998	184.149734	223.405349	180.000000	90.000000	89.814677	355.753694	315.000000	0.000000	0.000000	326.828626	89.511272	0.000000	225.818098	135.822795	134.784539	214.639182	225.215461	180.000000	133.997376	270.000000	68.110946	90.000000	189.277846	180.000000	138.108117	95.669009	90.000000	0.000000	0.000000	338.081791	0.360414	21.918209	48.108117	180.000000	180.000000	201.889054	90.000000	180.000000	180.000000	173.743370	111.879776	
86.701627	74.994813	184.149734	223.405349	180.000000	90.000000	89.814677	355.748134	315.000000	0.000000	0.000000	326.828626	89.511086	0.000000	225.818098	135.822795	134.784539	214.745393	225.215461	180.000000	133.997376	270.000000	68.110946	90.000000	197.894540	180.000000	138.108117	88.583186	90.000000	0.000000	0.000000	338.081791	0.360414	21.918209	48.108117	180.000000	180.000000	201.889054	90.000000	180.000000	180.000000	173.743370	111.879776	
86.670298	74.973673	184.149734	223.405349	180.000000	90.000000	89.814677	355.743988	315.000000	0.000000	0.000000	326.828626	89.512093	0.000000	225.818098	135.822795	134.784539	214.851583	225.215461	180.000000	133.997376	270.000000	68.110946	90.000000	199.426044	180.000000	138.108117	95.642780	90.000000	0.000000	0.000000	338.081791	0.360414	21.918209	48.108117	180.000000	180.000000	201.889054	90.000000	180.000000	180.000000	173.743370	111.879776	
86.640521	74.953573	184.149734	223.405349	180.000000	90.000000	89.814677	355.741248	315.000000	0.000000	0.000000	326.828626	89.514287	0.000000	225.818098	135.822795	134.784539	214.957736	225.215461	180.000000	133.997376	270.000000	68.110946	90.000000	189.712881	180.000000	138.108117	88.633649	90.000000	0.000000	0.000000	338.081791	0.360414	21.918209	48.108117	180.000000	180.000000	201.889054	90.000000	180.000000	180.000000	173.743370	111.879776	
86.612289	74.934510	184.149734	223.405349	180.000000	90.000000	89.814677	355.739907	315.000000	0.000000	0.000000	326.828626	89.517662	0.000000	225.818098	135.822795	134.784539	215.063835	225.215461	180.000000	133.997376	270.000000	68.110946	90.000000	198.002610	180.000000	138.108117	95.621862	90.000000	0.000000	0.000000	338.081791	0.360414	21.918209	48.108117	180.000000	180.000000	201.889054	90.000000	180.000000	180.000000	173.743370	111.879776	
86.585596	74.916478	184.149734	223.405349	180.000000	90.000000	89.814677	355.739957	315.000000	0.000000	0.000000	326.828626	89.522213	0.000000	225.818098	135.822795	134.784539	215.169863	225.215461	180.000000	133.997376	270.000000	68.110946	90.000000	199.476641	180.000000	138.108117	96.942923	90.000000	0.000000	0.000000	338.081791	0.360414	21.918209	48.108117	180.000000	180.000000	201.889054	90.000000	180.000000	180.000000	173.743370	111.879776	
86.560435	74.899475	184.149734	223.405349	180.000000	90.000000	89.814677	355.741390	315.000000	0.000000	0.000000	326.828626	89.527935	0.000000	225.818098	135.822795	134.784539	215.275803	225.215461	180.000000	133.997376	270.000000	68.110946	90.000000	199.739614	180.000000	138.108117	88.936768	90.000000	0.000000	0.000000	338.081791	0.360414	21.918209	48.108117	180.000000	180.000000	201.889054	90.000000	180.000000	180.000000	173.743370	111.879776	
86.536801	74.883495	184.149734	223.405349	180.000000	90.000000	89.814677	355.744200	315.000000	0.000000	0.000000	326.828626	89.534820	0.000000	225.818098	135.822795	134.784539	215.381636	225.215461	180.000000	133.997376	270.000000	68.110946	90.000000	199.786536	180.000000	138.108117	95.613048	90.000000	0.000000	0.000000	338.081791	0.360414	21.918209	48.108117	180.000000	180.000000	201.889054	90.000000	180.000000	180.000000	173.743370	111.879776	
86.514687	74.868535	184.149734	223.405349	180.000000	90.000000	89.814677	355.748377	315.000000	0.000000	0.000000	326.828626	89.542864	0.000000	225.818098	135.822795	134.784539	215.487346	225.215461	180.000000	133.997376	270.000000	68.110946	90.000000	199.794909	180.000000	138.108117	96.877213	90.000000	0.000000	0.000000	338.081791	0.360414	21.918209	48.108117	180.000000	180.000000	201.889054	90.000000	180.000000	180.000000	173.743370	111.879776	
86.494086	74.854590	184.149734	223.405349	180.000000	90.000000	89.876505	355.753914	315.000000	0.000000	0.000000	326.828626	89.552061	0.000000	225.818098	135.822795	134.784539	215.592914	225.215461	180.000000	133.997376	270.000000	68.110946	90.000000	199.796403	180.000000	138.108117	97.086067	90.000000	0.000000	0.000000	338.081791	0.360414	21.918209	48.108117	180.000000	180.000000	201.889054	90.000000	180.000000	180.000000	173.743370	111.879776	
86.474991	74.841656	184.149734	223.405349	180.000000	90.000000	89.886975	355.760804	315.000000	0.000000	0.000000	326.828626	89.562405	0.000000	225.818098	135.822795	134.784539	215.698322	225.215461	180.000000	133.997376	270.000000	68.110946	90.000000	199.796670	180.000000	138.108117	97.089594	90.000000	0.000000	0.000000	338.081791	0.360414	21.918209	48.108117	180.000000	180.000000	201.889054	90.000000	180.000000	180.000000	173.743370	111.879776	
86.457396	74.829727	184.149734	223.405349	180.000000	90.000000	89.888748	355.769039	315.000000	0.000000	0.000000	326.828626	89.573889	0.000000	225.818098	135.822795	134.784539	215.803551	225.215461	180.000000	133.997376	270.000000	68.110946	90.000000	199.796717	180.000000	138.108117	97.054094	90.000000	0.000000	0.000000	338.081791	0.360414	21.918209	48.108117	180.000000	180.000000	201.889054	90.000000	180.000000	180.000000	173.743370	111.879776	
86.441294	74.818800	184.149734	223.405349	180.000000	90.000000	89.889048	355.778610	315.000000	0.000000	0.000000	326.828626	89.586508	0.000000	225.818098	135.822795	134.784539	215.908583	225.215461	180.000000	133.997376	270.000000	68.110946	90.000000	199.796726	180.000000	138.108117	97.012114	90.000000	0.000000	0.000000	338.081791	0.360414	21.918209	48.108117	180.000000	180.000000	201.889054	90.000000	180.000000	180.000000	173.743370	121.152696	
86.426677	74.808870	184.149734	223.405349	180.000000	90.000000	89.889099	355.789511	315.000000	0.000000	0.000000	326.828626	89.600255	0.000000	225.818098	135.822795	134.784539	216.013399	225.215461	180.000000	133.997376	270.000000	68.110946	90.000000	199.796727	180.000000	138.108117	96.970027	90.000000	0.000000	0.000000	338.081791	0.360414	21.918209	48.108117	180.000000	180.000000	201.889054	90.000000	180.000000	180.000000	173.743370	122.794053	
86.413539	74.799932	184.149734	223.405349	180.000000	90.000000	89.889108	355.801733	315.000000	0.000000	0.000000	326.828626	89.615124	0.000000	225.818098	135.822795	134.784539	216.117980	225.215461	180.000000	133.997376	270.000000	68.110946	90.000000	199.796728	180.000000	138.108117	96.929083	90.000000	0.000000	0.000000	338.081791	0.360414	21.918209	48.108117	180.000000	180.000000	201.889054	90.000000	180.000000	180.000000	173.743370	123.085775	
86.401871	74.791981	184.149734	223.405349	180.000000	90.000000	89.889109	355.815268	315.000000	0.000000	0.000000	326.828626	89.631109	0.000000	225.818098	135.822795	134.784539	216.222307	225.215461	180.000000	133.997376	270.000000	68.110946	90.000000	199.796728	180.000000	138.108117	96.889533	90.000000	0.000000	0.000000	338.081791	0.360414	21.918209	48.108117	180.000000	180.000000	201.889054	90.000000	180.000000	180.000000	173.743370	123.137632	
86.391668	74.785013	184.149734	223.405349	180.000000	90.000000	89.889109	355.830109	315.000000	0.000000	0.000000	326.828626	89.648203	0.000000	225.818098	135.822795	134.784539	216.326361	225.215461	180.000000	133.997376	270.000000	68.110946	90.000000	199.796728	180.000000	138.108117	96.851427	90.000000	0.000000	0.000000	338.081791	0.360414	21.918209	48.108117	180.000000	180.000000	201.889054	90.000000	180.000000	180.000000	173.743370	123.146850	
86.382921	74.779023	184.149734	223.405349	180.000000	90.000000	89.889109	355.846247	315.000000	0.000000	0.000000	326.828626	89.666401	0.000000	225.818098	135.822795	134.784539	216.430122	225.215461	180.000000	133.997376	270.000000	68.110946	90.000000	199.796728	180.000000	138.108117	96.814779	90.000000	0.000000	0.000000	338.081791	0.360414	21.918209	48.108117	180.000000	180.000000	201.889054	90.000000	180.000000	180.000000	173.743370	123.148489	
86.375624	74.774005	184.149734	223.405349	180.000000	90.000000	89.889109	355.863676	315.000000	0.000000	0.000000	326.828626	89.685695	0.000000	225.818098	135.822795	134.784539	216.533570	225.215461	180.000000	133.997376	270.000000	68.110946	90.000000	199.796728	180.000000	138.108117	96.779595	90.000000	0.000000	0.000000	338.081791	0.360414	21.918209	48.108117	180.000000	180.000000	201.889054	90.000000	180.000000	180.000000	173.743370	123.148780	
86.369768	74.769955	184.149734	223.405349	180.000000	90.000000	89.889109	355.882387	315.000000	0.000000	0.000000	326.828626	89.706079	0.000000	225.818098	135.822795	134.784539	216.636686	225.215461	180.000000	133.997376	270.000000	68.110946	90.000000	199.796728	180.000000	138.108117	91.174041	90.000000	0.000000	0.000000	338.081791	0.242709	21.918209	48.108117	180.000000	180.000000	201.889054	90.000000	180.000000	180.000000	173.743370	123.148832	
86.365346	74.766868	184.149734	223.405349	180.000000	90.000000	89.889109	355.902372	315.000000	0.000000	0.000000	326.828626	89.727546	0.000000	225.818098	135.822795	134.784539	216.739450	225.215461	180.000000	133.997376	270.000000	68.110946	90.000000	199.796728	180.000000	138.108117	90.081866	90.000000	0.000000	0.000000	338.081791	0.220735	21.918209	48.108117	180.000000	180.000000	201.889054	90.000000	180.000000	180.000000	173.743370	123.148841	
86.362351	74.764738	184.149734	223.405349	180.000000	90.000000	89.889109	7.278735	315.000000	0.000000	0.000000	326.828626	89.668211	0.000000	225.818098	135.822795	134.784539	216.841842	225.215461	180.000000	133.997376	270.000000	68.110946	90.000000	199.796728	180.000000	138.108117	89.850686	90.000000	0.000000	0.000000	338.081791	0.216633	21.918209	48.108117	180.000000	180.000000	201.889054	90.000000	180.000000	180.000000	173.743370	123.148843	
86.360775	74.763562	184.149734	223.405349	180.000000	90.000000	89.889109	357.750197	315.000000	0.000000	0.000000	326.828626	89.577659	0.000000	225.818098	135.822795	134.784539	216.943842	225.215461	180.000000	133.997376	270.000000	68.110946	90.000000	199.796728	180.000000	138.108117	89.784837	90.000000	0.000000	0.000000	338.081791	0.215867	21.918209	48.108117	180.000000	180.000000	201.889054	90.000000	180.000000	180.000000	173.743370	123.148843	
86.360610	74.763333	184.149734	223.405349	180.000000	90.000000	89.889109	356.190084	315.000000	0.000000	0.000000	326.828626	89.483225	0.000000	225.818098	135.822795	134.784539	217.045429	225.215461	180.000000	133.997376	270.000000	58.560762	90.000000	199.796728	180.000000	138.108117	89.751532	90.000000	0.000000	0.000000	338.081791	0.215724	21.918209	48.108117	180.000000	180.000000	201.889054	90.000000	180.000000	180.000000	173.743370	123.148843	
86.361849	74.764046	184.149734	223.405349	180.000000	90.000000	89.889109	7.260798	315.000000	0.000000	0.000000	326.828626	89.390045	0.000000	225.818098	135.822795	134.784539	217.146584	225.215461	180.000000	133.997376	270.000000	57.125332	90.000000	199.796728	180.000000	138.108117	89.725428	90.000000	0.000000	0.000000	338.081791	0.215697	21.918209	48.108117	180.000000	180.000000	201.889054	90.000000	180.000000	180.000000	173.743370	123.148843	
86.364483	74.765696	184.149734	223.405349	180.000000	90.000000	89.889109	357.729611	315.000000	0.000000	0.000000	326.828626	89.299087	0.000000	225.818098	135.822795	134.784539	217.247285	225.215461	180.000000	133.997376	270.000000	56.908621	90.000000	199.796728	180.000000	138.108117	89.701691	90.000000	0.000000	0.000000	338.081791	0.215692	21.918209	48.108117	180.000000	180.000000	201.889054	90.000000	180.000000	180.000000	173.743370	123.148843	
86.368506	74.768278	184.149734	223.405349	180.000000	90.000000	89.889109	356.174140	315.000000	0.000000	0.000000	326.828626	89.210535	0.000000	225.818098	135.822795	134.784539	217.347512	225.215461	180.000000	133.997376	270.000000	56.875900	90.000000	199.796728	180.000000	138.108117	89.679397	90.000000	0.000000	0.000000	338.081791	0.215691	21.918209	48.108117	180.000000	180.000000	201.889054	90.000000	180.000000	180.000000	173.743370	123.148843	
86.373909	74.771787	184.149734	223.405349	180.000000	90.000000	89.889109	7.198101	315.000000	0.000000	0.000000	326.828626	89.124425	0.000000	225.818098	135.822795	134.784539	217.447245	225.215461	180.000000	133.997376	270.000000	56.870959	90.000000	199.796728	180.000000	138.108117	89.658366	90.000000	0.000000	0.000000	338.081791	0.215691	21.918209	48.108117	180.000000	180.000000	201.889054	90.000000	180.000000	180.000000	173.743370	123.148843	
86.380684	74.776217	184.149734	223.405349	180.000000	90.000000	89.889109	357.712614	315.000000	0.000000	0.000000	326.828626	89.040764	0.000000	225.818098	135.822795	134.784539	217.546463	225.215461	180.000000	133.997376	270.000000	56.870213	90.000000	199.796728	180.000000	138.108117	89.638564	90.000000	0.000000	0.000000	338.081791	0.215691	21.918209	48.108117	180.000000	180.000000	201.889054	90.000000	180.000000	180.000000	173.743370	123.148843	
86.388824	74.781563	184.149734	223.405349	180.000000	90.000000	89.889109	7.395990	315.000000	0.000000	0.000000	326.828626	88.959552	0.000000	225.818098	135.822795	134.784539	217.645145	225.215461	180.000000	133.997376	270.000000	56.870100	90.000000	199.796728	180.000000	138.108117	89.619980	90.000000	0.000000	0.000000	338.081791	0.215691	21.918209	48.108117	180.000000	180.000000	201.889054	90.000000	180.000000	180.000000	173.743370	123.148843	
86.398321	74.787819	184.149734	223.405349	180.000000	90.000000	89.889109	357.720005	315.000000	0.000000	0.000000	326.828626	88.880789	0.000000	225.818098	135.822795	134.784539	217.743271	225.215461	180.000000	133.997376	270.000000	56.870083	90.000000	199.796728	180.000000	138.108117	89.602611	90.000000	0.000000	0.000000	338.081791	0.215691	21.918209	48.108117	180.000000	180.000000	201.889054	90.000000	180.000000	180.000000	173.743370	123.148843	
86.409167	74.794981	184.149734	223.405349	180.000000	90.000000	89.889109	7.343311	315.000000	0.000000	0.000000	326.828626	88.804473	0.000000	225.818098	135.822795	134.784539	217.840819	225.215461	180.000000	133.997376	270.000000	56.870080	90.000000	199.796728	180.000000	138.108117	89.586453	90.000000	0.000000	0.000000	338.081791	0.215691	21.918209	48.108117	180.000000	180.000000	201.889054	90.000000	180.000000	180.000000	173.743370	123.148843	
86.421354	74.803043	184.149734	223.405349	180.000000	90.000000	89.889109	357.691331	315.000000	0.000000	0.000000	326.828626	88.730603	0.000000	225.818098	135.822795	134.784539	217.937770	225.215461	180.000000	133.997376	270.000000	56.870080	90.000000	199.796728	180.000000	138.108117	89.571504	90.000000	0.000000	0.000000	338.081791	0.215691	21.918209	48.108117	180.000000	180.000000	201.889054	90.000000	180.000000	180.000000	173.743370	123.148843	
86.434874	74.811998	184.149734	223.405349	180.000000	90.000000	89.889109	7.287101	315.000000	0.000000	0.000000	326.828626	88.659175	0.000000	225.818098	135.822795	134.784539	218.034101	225.215461	180.000000	133.997376	270.000000	56.870080	90.000000	199.796728	180.000000	138.108117	89.557759	90.000000	0.000000	0.000000	338.081791	0.215691	21.918209	48.108117	180.000000	180.000000	201.889054	90.000000	180.000000	180.000000	173.743370	123.148843	
86.449719	74.821843	184.149734	223.405349	180.000000	90.000000	89.889109	357.667173	315.000000	0.000000	0.000000	326.828626	88.590185	0.000000	225.818098	135.822795	134.784539	218.129792	225.215461	180.000000	133.997376	270.000000	56.870080	90.000000	199.796728	180.000000	138.108117	89.545215	90.000000	0.000000	0.000000	338.081791	0.215691	21.918209	48.108117	180.000000	180.000000	201.889054	90.000000	180.000000	180.000000	173.743370	123.148843	
86.465882	74.832571	184.149734	223.405349	180.000000	90.000000	89.889109	7.234099	315.000000	0.000000	0.000000	326.828626	88.523629	0.000000	225.818098	135.822795	134.784539	218.224822	225.215461	180.000000	133.997376	270.000000	56.870080	90.000000	199.796728	180.000000	138.108117	89.533868	90.000000	0.000000	0.000000	338.081791	0.215691	21.918209	48.108117	180.000000	180.000000	201.889054	90.000000	180.000000	180.000000	173.743370	123.148843	
86.483355	74.844176	184.149734	223.405349	180.000000	90.000000	89.889109	357.648591	315.000000	0.000000	0.000000	326.828626	88.459503	0.000000	225.818098	135.822795	134.784539	218.319170	225.215461	180.000000	133.997376	270.000000	56.870080	90.000000	199.796728	180.000000	138.108117	89.523716	90.000000	0.000000	0.000000	338.081791	0.215691	21.918209	48.108117	180.000000	180.000000	201.889054	90.000000	180.000000	180.000000	173.743370	123.148843	
86.502130	74.856654	184.149734	223.405349	180.000000	90.000000	89.889109	7.184494	315.000000	0.000000	0.000000	326.828626	88.397801	0.000000	225.818098	135.822795	134.784539	218.412816	225.215461	180.000000	133.997376	270.000000	56.870080	90.000000	199.796728	180.000000	138.108117	89.514753	90.000000	0.000000	0.000000	338.081791	0.215691	21.918209	48.108117	180.000000	180.000000	201.889054	90.000000	180.000000	180.000000	173.743370	123.148843	
86.522198	74.869999	184.149734	223.405349	180.000000	90.000000	89.889109	357.635570	315.000000	0.000000	0.000000	326.828626	88.338516	0.000000	225.818098	135.822795	134.784539	218.505738	225.215461	180.000000	133.997376	270.000000	56.870080	90.000000	199.796728	180.000000	138.108117	89.506975	90.000000	0.000000	0.000000	338.081791	0.215691	21.918209	48.108117	180.000000	180.000000	201.889054	90.000000	180.000000	180.000000	173.743370	123.148843	
86.543553	74.884204	184.149734	223.405349	180.000000	90.000000	89.889109	7.138297	315.000000	0.000000	0.000000	326.828626	88.281643	0.000000	225.818098	135.822795	134.784539	218.597916	225.215461	180.000000	133.997376	270.000000	56.870080	90.000000	199.796728	180.000000	138.108117	89.500380	90.000000	0.000000	0.000000	338.081791	0.215691	21.918209	48.108117	180.000000	180.000000	201.889054	90.000000	180.000000	180.000000	173.743370	123.148843	
96.697049	74.899265	184.149734	223.405349	180.000000	90.000000	89.889109	357.628065	315.000000	0.000000	0.000000	326.828626	88.227173	0.000000	225.818098	135.822795	134.784539	218.689329	225.215461	180.000000	133.997376	270.000000	56.870080	90.000000	199.796728	180.000000	138.108117	89.494962	90.000000	0.000000	0.000000	338.081791	0.215691	21.918209	48.108117	180.000000	180.000000	201.889054	90.000000	180.000000	180.000000	173.743370	123.148843	
88.175331	74.915176	184.149734	223.405349	180.000000	90.000000	89.889109	7.095511	315.000000	0.000000	0.000000	326.828626	88.175101	0.000000	225.818098	135.822795	134.784539	218.779956	225.215461	180.000000	133.997376	270.000000	56.870080	90.000000	199.796728	180.000000	138.108117	89.490717	90.000000	0.000000	0.000000	338.081791	0.215691	21.918209	48.108117	180.000000	180.000000	201.889054	90.000000	180.000000	180.000000	173.743370	123.148843	
86.802256	74.931931	184.149734	223.405349	180.000000	90.000000	89.889109	357.626029	315.000000	0.000000	0.000000	326.828626	88.125416	0.000000	225.818098	135.822795	134.784539	218.869776	225.215461	180.000000	133.997376	270.000000	56.870080	90.000000	199.796728	180.000000	138.108117	89.487640	90.000000	0.000000	0.000000	338.081791	0.215691	21.918209	48.108117	180.000000	180.000000	201.889054	90.000000	180.000000	180.000000	173.743370	123.148843	
96.668330	74.949524	184.149734	223.405349	180.000000	90.000000	89.889109	7.056140	315.000000	0.000000	0.000000	326.828626	88.078111	0.000000	225.818098	135.822795	134.784539	218.958769	225.215461	180.000000	133.997376	270.000000	56.870080	90.000000	199.796728	180.000000	138.108117	89.485727	90.000000	0.000000	0.000000	338.081791	0.215691	21.918209	48.108117	180.000000	180.000000	201.889054	90.000000	180.000000	180.000000	173.743370	123.148843	
88.164270	74.967951	184.149734	223.405349	180.000000	90.000000	89.889109	357.629415	315.000000	0.000000	0.000000	326.828626	88.033178	0.000000	225.818098	135.822795	134.784539	219.046915	225.215461	180.000000	133.997376	270.000000	56.870080	90.000000	199.796728	180.000000	138.108117	89.484974	90.000000	0.000000	0.000000	338.081791	0.215691	21.918209	48.108117	180.000000	180.000000	201.889054	90.000000	180.000000	180.000000	173.743370	123.148843	
86.798699	74.987205	184.149734	223.405349	180.000000	90.000000	89.889109	7.020185	315.000000	0.000000	0.000000	326.828626	87.990605	0.000000	225.818098	135.822795	134.784539	219.134192	225.215461	180.000000	133.997376	270.000000	56.870080	90.000000	199.796728	180.000000	138.108117	89.485376	90.000000	0.000000	0.000000	338.081791	0.215691	21.918209	48.108117	180.000000	180.000000	201.889054	90.000000	180.000000	180.000000	173.743370	123.148843	
96.602058	61.021872	184.149734	223.405349	180.000000	90.000000	89.889109	357.638174	315.000000	0.000000	0.000000	326.828626	87.950385	0.000000	225.818098	135.822795	134.784539	219.220580	225.215461	180.000000	133.997376	270.000000	56.870080	90.000000	199.796728	180.000000	138.108117	89.486927	90.000000	0.000000	0.000000	338.081791	0.215691	21.918209	48.108117	180.000000	180.000000	201.889054	90.000000	180.000000	180.000000	173.743370	123.148843	
88.158135	62.577750	184.149734	223.405349	180.000000	90.000000	89.889109	6.987648	315.000000	0.000000	0.000000	326.828626	87.912506	0.000000	225.818098	135.822795	134.784539	219.306060	225.215461	180.000000	133.997376	270.000000	56.870080	90.000000	199.796728	180.000000	138.108117	89.489623	90.000000	0.000000	0.000000	338.081791	0.215691	21.918209	48.108117	180.000000	180.000000	201.889054	90.000000	180.000000	180.000000	173.743370	123.148843	
96.766878	62.840783	184.149734	223.405349	180.000000	90.000000	89.889109	357.652260	315.000000	0.000000	0.000000	326.828626	87.876957	0.000000	225.818098	135.822795	134.784539	219.390611	225.215461	180.000000	133.997376	270.000000	56.870080	90.000000	199.796728	180.000000	138.108117	89.493459	90.000000	0.000000	0.000000	338.081791	0.215691	21.918209	48.108117	180.000000	180.000000	201.889054	90.000000	180.000000	180.000000	173.743370	123.148843	
88.169782	62.885258	184.149734	223.405349	180.000000	90.000000	89.889109	6.958529	315.000000	0.000000	0.000000	326.828626	87.843729	0.000000	225.818098	135.822795	134.784539	219.474213	225.215461	180.000000	133.997376	270.000000	56.870080	90.000000	199.796728	180.000000	136.850355	89.498429	90.000000	0.000000	0.000000	338.081791	0.215691	21.918209	48.108117	180.000000	180.000000	201.889054	90.000000	180.000000	180.000000	173.743370	123.148843	
96.712868	62.892778	184.149734	223.405349	180.000000	90.000000	89.889109	357.671624	315.000000	0.000000	0.000000	326.828626	87.812810	0.000000	225.818098	135.822795	134.784539	219.556845	225.215461	180.000000	133.997376	270.000000	56.870080	90.000000	199.796728	180.000000	136.637857	89.504530	90.000000	0.000000	0.000000	338.081791	0.215691	21.918209	48.108117	180.000000	180.000000	201.889054	90.000000	180.000000	180.000000	173.743370	123.148843	
88.151018	62.894049	184.149734	223.405349	180.000000	90.000000	89.889109	6.932827	315.000000	0.000000	0.000000	326.828626	87.784189	0.000000	225.818098	135.822795	134.784539	219.638489	225.215461	180.000000	133.997376	270.000000	56.870080	90.000000	199.796728	180.000000	136.601952	89.511754	90.000000	0.000000	0.000000	338.081791	0.215691	21.918209	48.108117	180.000000	180.000000	201.889054	90.000000	180.000000	180.000000	173.743370	123.148843	
96.656387	62.894264	184.149734	223.405349	180.000000	90.000000	89.889109	357.696217	315.000000	0.000000	0.000000	326.828626	87.757853	0.000000	225.818098	135.822795	134.784539	219.719124	225.215461	180.000000	133.997376	270.000000	56.870080	90.000000	199.796728	180.000000	136.595885	89.520097	90.000000	0.000000	0.000000	338.081791	0.215691	21.918209	48.108117	180.000000	180.000000	201.889054	90.000000	180.000000	180.000000	173.743370	123.148843	
88.136968	62.894301	184.149734	223.405349	180.000000	90.000000	89.889109	6.910542	315.000000	0.000000	0.000000	326.828626	87.733791	0.000000	225.818098	135.822795	134.784539	219.798732	225.215461	180.000000	133.997376	270.000000	56.870080	90.000000	199.796728	180.000000	136.594860	89.529554	90.000000	0.000000	0.000000	338.081791	0.215691	31.276249	48.108117	180.000000	180.000000	201.889054	90.000000	180.000000	180.000000	173.743370	123.148843	
96.603232	62.894307	184.149734	223.405349	180.000000	90.000000	89.889109	357.725990	315.000000	0.000000	0.000000	326.828626	87.711990	0.000000	225.818098	135.822795	134.784539	219.877292	225.215461	180.000000	133.997376	270.000000	56.870080	90.000000	199.796728	180.000000	136.594687	89.540119	90.000000	0.000000	0.000000	338.081791	0.215691	32.851095	48.108117	180.000000	180.000000	201.889054	90.000000	180.000000	180.000000	173.743370	123.148843	
88.128529	62.894308	184.149734	223.405349	180.000000	90.000000	89.889109	6.891670	315.000000	0.000000	0.000000	326.828626	87.692438	0.000000	225.818098	135.822795	134.784539	219.954786	225.215461	180.000000	133.997376	270.000000	56.870080	90.000000	199.796728	180.000000	136.594657	89.476792	90.000000	0.000000	0.000000	338.081791	0.215691	33.117240	48.108117	180.000000	180.000000	201.889054	90.000000	180.000000	180.000000	173.743370	123.148843	
96.553563	62.894308	184.149734	223.405349	180.000000	90.000000	89.889109	357.760897	315.000000	0.000000	0.000000	326.828626	87.675123	0.000000	225.818098	135.822795	134.784539	220.031194	225.215461	180.000000	133.997376	270.000000	56.870080	90.000000	199.796728	180.000000	136.594652	89.373861	90.000000	0.000000	0.000000	338.081791	0.215691	33.162224	48.108117	180.000000	180.000000	201.889054	90.000000	180.000000	180.000000	173.743370	123.148843	
88.125678	62.894308	184.149734	223.405349	180.000000	90.000000	89.889109	6.876209	315.000000	0.000000	0.000000	326.828626	87.660030	0.000000	225.818098	135.822795	134.784539	220.106497	225.215461	180.000000	133.997376	270.000000	56.870080	90.000000	199.796728	180.000000	136.594652	89.265329	90.000000	0.000000	0.000000	338.081791	0.215691	33.169828	48.108117	180.000000	180.000000	201.889054	90.000000	180.000000	180.000000	173.743370	123.148843	
96.507387	62.894308	184.149734	223.405349	180.000000	90.000000	89.889109	357.800887	315.000000	0.000000	0.000000	326.828626	87.647148	0.000000	225.818098	135.822795	134.784539	220.180678	225.215461	180.000000	133.997376	270.000000	56.870080	90.000000	199.796728	180.000000	136.594651	89.157666	90.000000	0.000000	0.000000	338.081791	0.215691	33.171113	48.108117	180.000000	180.000000	201.889054	90.000000	180.000000	180.000000	173.743370	123.148843	
88.128369	62.894308	184.149734	223.405349	180.000000	90.000000	89.889109	6.864156	315.000000	0.000000	0.000000	326.828626	87.636462	0.000000	225.818098	135.822795	134.784539	220.253717	225.215461	180.000000	133.997376	270.000000	56.870080	90.000000	199.796728	180.000000	136.594651	89.052110	90.000000	0.000000	0.000000	338.081791	0.215691	33.171330	48.108117	180.000000	180.000000	201.889054	90.000000	180.000000	180.000000	173.743370	123.148843	
96.464710	62.894308	184.149734	223.405349	180.000000	90.000000	89.889109	357.845914	315.000000	0.000000	0.000000	326.828626	87.627960	0.000000	225.818098	135.822795	134.784539	220.325596	225.215461	180.000000	133.997376	270.000000	56.870080	90.000000	199.796728	180.000000	136.594651	88.948901	90.000000	0.000000	0.000000	338.081791	0.215691	33.171367	48.108117	180.000000	180.000000	201.889054	90.000000	180.000000	180.000000	173.743370	123.148843	
88.136554	62.894308	184.149734	223.405349	180.000000	90.000000	89.889109	6.855506	315.000000	0.000000	0.000000	326.828626	87.621628	0.000000	225.818098	135.822795	134.784539	220.396297	225.215461	180.000000	133.997376	270.000000	56.870080	90.000000	199.796728	180.000000	136.594651	88.848091	90.000000	0.000000	0.000000	338.081791	0.215691	33.171373	48.108117	180.000000	180.000000	201.889054	90.000000	180.000000	180.000000	173.743370	123.148843	
96.425532	62.894308	184.149734	223.405349	180.000000	90.000000	89.889109	357.895929	315.000000	0.000000	0.000000	326.828626	87.617452	0.000000	225.818098	135.822795	134.784539	220.465802	225.215461	180.000000	133.997376	270.000000	56.870080	90.000000	199.796728	180.000000	136.594651	88.749694	90.000000	0.000000	0.000000	338.081791	0.215691	33.171374	48.108117	180.000000	180.000000	201.889054	90.000000	180.000000	180.000000	173.743370	123.148843	
88.150187	62.894308	184.149734	223.405349	180.000000	90.000000	89.889109	6.850254	315.000000	0.000000	0.000000	326.828626	87.615419	0.000000	225.487087	135.822795	134.784539	220.534094	225.215461	180.000000	133.997376	270.000000	56.870080	90.000000	199.796728	180.000000	136.594651	88.653714	90.000000	0.000000	0.000000	338.081791	0.215691	33.171374	48.108117	180.000000	180.000000	201.889054	90.000000	180.000000	180.000000	173.743370	123.148843	
96.389855	62.894308	184.149734	223.405349	180.000000	90.000000	89.889109	357.950885	315.000000	0.000000	0.000000	326.828626	87.615513	0.000000	225.431159	135.822795	134.784539	220.601155	225.215461	180.000000	133.997376	270.000000	56.870080	90.000000	199.796728	180.000000	136.594651	88.560157	90.000000	0.000000	0.000000	338.081791	0.215691	33.171374	48.108117	180.000000	180.000000	201.889054	90.000000	180.000000	180.000000	173.743370	123.148843	
88.169218	62.894308	184.149734	223.405349	180.000000	90.000000	89.889109	6.848395	315.000000	0.000000	0.000000	326.828626	87.617722	0.000000	225.421709	135.822795	134.784539	220.666968	225.215461	180.000000	133.997376	270.000000	56.870080	90.000000	199.796728	180.000000	136.594651	88.469026	90.000000	0.000000	0.000000	338.081791	0.215691	33.171374	48.108117	180.000000	180.000000	201.889054	90.000000	180.000000	180.000000	173.743370	123.148843	
96.357678	62.894308	184.149734	223.405349	180.000000	90.000000	89.889109	358.010734	315.000000	0.000000	0.000000	326.828626	87.622031	0.000000	225.420112	135.822795	134.784539	220.731515	225.215461	180.000000	133.997376	270.000000	56.870080	90.000000	199.796728	180.000000	136.594651	88.380321	90.000000	0.000000	0.000000	338.081791	0.215691	33.171374	48.108117	180.000000	180.000000	201.889054	90.000000	180.000000	180.000000	173.743370	123.148843	
88.193599	62.894308	184.149734	223.405349	180.000000	90.000000	89.889109	6.849922	315.000000	0.000000	0.000000	326.828626	87.628427	0.000000	225.419843	135.822795	134.784539	220.794781	225.215461	180.000000	133.997376	270.000000	56.870080	90.000000	199.796728	180.000000	136.594651	88.294044	90.000000	0.000000	0.000000	338.081791	0.215691	33.171374	48.108117	180.000000	180.000000	201.889054	90.000000	180.000000	180.000000	173.743370	123.148843	
96.329002	62.894308	184.149734	223.405349	180.000000	90.000000	89.889109	8.307435	315.000000	0.000000	0.000000	326.828626	87.636894	0.000000	225.419797	135.822795	134.784539	220.856748	225.215461	180.000000	133.997376	270.000000	56.870080	90.000000	199.796728	180.000000	136.594651	88.210196	90.000000	0.000000	0.000000	338.081791	0.215691	33.171374	48.108117	180.000000	180.000000	201.889054	90.000000	180.000000	180.000000	173.743370	123.148843	
88.223282	62.894308	184.149734	223.405349	180.000000	90.000000	89.889109	358.307677	315.000000	0.000000	0.000000	326.828626	87.647418	0.000000	225.419789	135.822795	134.784539	220.917400	225.215461	180.000000	133.997376	270.000000	56.870080	90.000000	199.796728	180.000000	136.594651	88.128776	90.000000	0.000000	0.000000	338.081791	0.215691	33.171374	48.108117	180.000000	180.000000	201.889054	90.000000	180.000000	180.000000	173.743370	123.148843	
96.303824	62.894308	184.149734	223.405349	180.000000	90.000000	89.889109	6.863139	315.000000	0.000000	0.000000	326.828626	87.659986	0.000000	225.419788	135.822795	134.784539	220.976721	225.215461	180.000000	133.997376	270.000000	56.870080	90.000000	199.796728	180.000000	136.594651	88.049783	90.000000	0.000000	0.000000	338.081791	0.215691	33.171374	48.108117	180.000000	180.000000	201.889054	90.000000	180.000000	180.000000	173.743370	123.148843	
88.258218	62.894308	184.149734	223.405349	180.000000	90.000000	89.889109	8.275582	315.000000	0.000000	0.000000	326.828626	87.674582	0.000000	225.419788	135.822795	134.784539	221.034696	225.215461	180.000000	133.997376	270.000000	56.870080	90.000000	199.796728	180.000000	136.594651	87.973216	90.000000	0.000000	0.000000	338.081791	0.215691	33.171374	48.108117	180.000000	180.000000	201.889054	90.000000	180.000000	180.000000	173.743370	123.148843	
96.282142	62.894308	184.149734	223.405349	180.000000	90.000000	89.889109	8.485380	315.000000	0.000000	0.000000	326.828626	87.691193	0.000000	225.419788	135.822795	134.784539	221.091308	225.215461	180.000000	133.997376	270.000000	56.870080	90.000000	199.796728	180.000000	136.594651	87.899071	90.000000	0.000000	0.000000	338.081791	0.215691	33.171374	48.108117	180.000000	180.000000	201.889054	90.000000	180.000000	180.000000	173.743370	123.148843	
88.298358	62.894308	184.149734	223.405349	180.000000	90.000000	89.889109	8.492550	315.000000	0.000000	0.000000	326.828626	87.709804	0.000000	225.419788	135.822795	134.784539	221.146543	225.215461	180.000000	133.997376	270.000000	56.870080	90.000000	199.796728	180.000000	136.594651	87.827346	90.000000	0.000000	0.000000	338.081791	0.215691	33.171374	48.108117	180.000000	180.000000	201.889054	90.000000	180.000000	180.000000	173.743370	123.148843	
96.263952	62.894308	184.149734	223.405349	180.000000	90.000000	89.889109	8.466221	315.000000	0.000000	0.000000	326.828626	87.730401	0.000000	225.419788	135.822795	134.784539	221.200385	225.215461	180.000000	133.997376	270.000000	56.870080	90.000000	199.796728	180.000000	136.594651	87.758037	90.000000	0.000000	0.000000	338.081791	0.215691	33.171374	48.108117	180.000000	180.000000	201.889054	90.000000	180.000000	180.000000	173.743370	123.148843	
88.343655	62.894308	184.149734	223.405349	180.000000	90.000000	89.889109	8.435003	315.000000	0.000000	0.000000	326.828626	87.752968	0.000000	225.419788	135.822795	134.784539	221.252819	225.215461	180.000000	133.997376	270.000000	56.870080	90.000000	199.796728	180.000000	136.594651	87.691139	90.000000	0.000000	0.000000	338.081791	0.215691	33.171374	48.108117	180.000000	180.000000	201.889054	90.000000	180.000000	180.000000	173.743370	123.148843	
96.249249	62.894308	184.149734	223.405349	180.000000	90.000000	89.889109	8.403738	315.000000	0.000000	0.000000	326.828626	87.777493	0.000000	225.419788	135.822795	134.784539	221.303832	225.215461	180.000000	133.997376	270.000000	56.870080	90.000000	199.796728	180.000000	136.594651	87.626648	90.000000	0.000000	0.000000	338.081791	0.215691	33.171374	48.108117	180.000000	180.000000	201.889054	90.000000	180.000000	180.000000	173.743370	123.148843	
88.394060	62.894308	184.149734	223.405349	180.000000	90.000000	89.889109	8.373248	315.000000	0.000000	0.000000	326.828626	87.803960	0.000000	225.419788	135.822795	134.784539	221.353408	225.215461	180.000000	133.997376	270.000000	56.870080	90.000000	199.796728	180.000000	136.594651	87.564558	90.000000	0.000000	0.000000	338.081791	0.215691	33.171374	48.108117	180.000000	180.000000	201.889054	90.000000	180.000000	180.000000	173.743370	123.148843	
96.238030	62.894308	184.149734	223.405349	180.000000	90.000000	89.889109	8.343672	315.000000	0.000000	0.000000	326.828626	95.679389	0.000000	225.419788	135.822795	134.784539	221.401534	225.215461	180.000000	133.997376	270.000000	56.870080	90.000000	199.796728	180.000000	136.594651	87.504862	90.000000	0.000000	0.000000	338.081791	0.215691	33.171374	48.108117	180.000000	180.000000	201.889054	90.000000	180.000000	180.000000	173.743370	123.148843	
97.511843	62.894308	184.149734	223.405349	180.000000	90.000000	89.889109	8.315038	315.000000	0.000000	0.000000	326.828626	89.278423	0.000000	225.419788	135.822795	134.784539	221.448196	225.215461	180.000000	133.997376	270.000000	56.870080	90.000000	199.796728	180.000000	136.594651	87.447555	90.000000	0.000000	0.000000	338.081791	0.215691	33.171374	48.108117	180.000000	180.000000	201.889054	90.000000	180.000000	180.000000	173.743370	123.148843	
88.650740	62.894308	184.149734	223.405349	180.000000	90.000000	89.889109	8.287351	315.000000	0.000000	0.000000	326.828626	88.091464	0.000000	225.419788	135.822795	134.784539	209.864000	225.215461	180.000000	133.997376	270.000000	56.870080	90.000000	199.796728	180.000000	136.594651	87.392629	90.000000	0.000000	0.000000	338.081791	0.215691	33.171374	48.108117	180.000000	180.000000	201.889054	90.000000	180.000000	180.000000	173.743370	123.148843	
96.230364	62.894308	184.149734	223.405349	180.000000	90.000000	89.889109	8.260613	315.000000	0.000000	0.000000	326.828626	95.637539	0.000000	225.419788	135.822795	134.784539	207.366604	225.215461	180.000000	133.997376	270.000000	56.870080	90.000000	199.796728	180.000000	136.594651	87.340076	90.000000	0.000000	0.000000	338.081791	0.215691	33.171374	46.850355	180.000000	180.000000	201.889054	90.000000	180.000000	180.000000	173.743370	123.148843	
97.462878	62.894308	184.149734	223.405349	180.000000	90.000000	89.889109	8.234828	315.000000	0.000000	0.000000	326.828626	89.283362	0.000000	225.419788	135.822795	134.784539	206.871984	225.215461	180.000000	133.997376	270.000000	56.870080	90.000000	199.796728	180.000000	136.594651	87.289888	90.000000	0.000000	0.000000	338.081791	0.215691	33.171374	46.637857	180.000000	180.000000	201.889054	90.000000	180.000000	180.000000	173.743370	123.148843	
97.637389	62.894308	184.149734	223.405349	180.000000	90.000000	89.889109	8.209996	315.000000	0.000000	0.000000	326.828626	95.788145	0.000000	225.419788	135.822795	134.784539	206.821590	225.215461	180.000000	133.997376	270.000000	56.870080	90.000000	199.796728	180.000000	136.594651	87.242057	90.000000	0.000000	0.000000	338.081791	0.215691	33.171374	46.601952	180.000000	180.000000	211.439238	90.000000	180.000000	180.000000	173.743370	123.148843	
97.635671	62.894308	184.149734	223.405349	180.000000	90.000000	89.889109	8.186121	315.000000	0.000000	0.000000	326.828626	89.305330	0.000000	225.419788	135.822795	134.784539	206.869413	225.215461	180.000000	133.997376	270.000000	56.870080	90.000000	199.796728	180.000000	136.594651	87.196574	90.000000	0.000000	0.000000	338.081791	0.215691	33.171374	46.595885	180.000000	180.000000	212.874668	90.000000	180.000000	180.000000	173.743370	123.148843	
97.605260	62.894308	184.149734	223.405349	180.000000	90.000000	89.889109	8.163202	315.000000	0.000000	0.000000	326.828626	95.718740	0.000000	225.419788	135.822795	134.784539	206.938561	225.215461	180.000000	133.997376	270.000000	56.870080	90.000000	199.796728	180.000000	136.594651	87.153429	90.000000	0.000000	0.000000	338.081791	0.215691	33.171374	46.594860	180.000000	180.000000	213.091379	90.000000	180.000000	180.000000	173.743370	123.148843	
97.570845	62.894308	184.149734	223.405349	180.000000	90.000000	89.889109	8.141243	315.000000	0.000000	0.000000	326.828626	89.293219	0.000000	225.419788	135.822795	134.784539	207.011925	225.215461	180.000000	133.997376	270.000000	56.870080	90.000000	199.796728	180.000000	136.594651	87.112613	90.000000	0.000000	0.000000	338.081791	0.215691	33.171374	46.594687	180.000000	180.000000	213.124100	90.000000	180.000000	180.000000	173.743370	123.148843	
97.536561	62.894308	184.149734	223.405349	180.000000	90.000000	89.889109	8.120245	315.000000	0.000000	0.000000	326.828626	95.646636	0.000000	225.419788	135.822795	134.784539	207.085688	225.215461	180.000000	133.997376	270.000000	56.870080	90.000000	199.796728	180.000000	136.594651	87.074116	90.000000	0.000000	0.000000	338.081791	0.215691	33.171374	46.594657	180.000000	180.000000	213.129041	90.000000	180.000000	180.000000	173.743370	123.148843	
97.503102	62.894308	184.149734	223.405349	180.000000	90.000000	89.889109	8.100209	315.000000	0.000000	0.000000	326.828626	89.288031	0.000000	225.419788	135.822795	134.784539	207.158987	225.215461	180.000000	133.997376	270.000000	56.870080	90.000000	199.796728	180.000000	136.594651	87.037926	90.000000	0.000000	0.000000	338.081791	0.215691	33.171374	46.594652	180.000000	180.000000	213.129787	90.000000	180.000000	180.000000	173.743370	123.148843	
97.470586	62.894308	184.149734	223.405349	180.000000	90.000000	89.889109	8.081137	315.000000	0.000000	0.000000	326.828626	95.579714	0.000000	225.419788	135.822795	134.784539	207.231619	225.215461	180.000000	133.997376	270.000000	56.870080	90.000000	199.796728	180.000000	136.594651	87.004034	90.000000	0.000000	0.000000	338.081791	0.215691	33.171374	46.594652	180.000000	180.000000	213.129900	90.000000	180.000000	180.000000	173.743370	123.148843	
97.439036	62.894308	184.149734	223.405349	180.000000	90.000000	89.889109	8.063030	315.000000	0.000000	0.000000	326.828626	89.291176	0.000000	225.419788	135.822795	134.784539	207.303526	225.215461	180.000000	133.997376	270.000000	56.870080	90.000000	199.796728	180.000000	136.594651	86.972428	90.000000	0.000000	0.000000	338.081791	0.215691	33.171374	46.594651	180.000000	180.000000	213.129917	90.000000	180.000000	180.000000	173.743370	123.148843	
97.408456	62.894308	184.149734	223.405349	180.000000	90.000000	89.889109	1.115705	315.000000	0.000000	0.000000	326.828626	95.518264	0.000000	225.419788	135.822795	134.784539	207.374683	225.215461	180.000000	133.997376	270.000000	56.870080	90.000000	199.796728	180.000000	136.594651	86.943096	90.000000	0.000000	0.000000	338.081791	0.215691	33.171374	46.594651	180.000000	180.000000	213.129920	90.000000	180.000000	180.000000	173.743370	123.148843	
97.378850	62.894308	184.149734	223.405349	180.000000	90.000000	89.889109	359.970682	315.000000	0.000000	0.000000	326.828626	89.302624	0.000000	225.419788	135.822795	134.784539	207.445075	225.215461	180.000000	133.997376	270.000000	56.870080	90.000000	199.796728	180.000000	136.594651	86.916028	90.000000	0.000000	0.000000	338.081791	0.215691	33.171374	46.594651	180.000000	180.000000	213.129920	90.000000	180.000000	180.000000	173.743370	123.148843	
97.350219	62.894308	184.149734	223.405349	180.000000	90.000000	89.889109	359.773022	315.000000	0.000000	0.000000	326.828626	95.462299	0.000000	225.419788	135.822795	134.784539	207.514684	225.215461	180.000000	133.997376	270.000000	56.870080	90.000000	199.796728	180.000000	136.594651	86.891211	90.000000	0.000000	0.000000	338.081791	0.215691	33.171374	46.594651	180.000000	180.000000	213.129920	90.000000	180.000000	180.000000	173.743370	123.148843	
97.322566	62.894308	184.149734	223.405349	180.000000	90.000000	89.889109	359.730969	315.000000	0.000000	0.000000	326.828626	89.322294	0.000000	225.419788	135.822795	134.784539	207.583496	225.215461	180.000000	133.997376	270.000000	56.870080	90.000000	199.796728	180.000000	136.594651	86.868633	90.000000	0.000000	0.000000	338.081791	0.215691	33.171374	46.594651	180.000000	180.000000	213.129920	90.000000	180.000000	180.000000	173.743370	123.148843	
97.295894	62.894308	184.149734	223.405349	180.000000	90.000000	89.889109	359.715008	315.000000	0.000000	0.000000	326.828626	95.411817	0.000000	225.419788	135.822795	134.784539	207.651497	225.215461	180.000000	133.997376	270.000000	56.870080	90.000000	199.796728	180.000000	136.594651	86.848281	90.000000	0.000000	0.000000	338.081791	0.215691	33.171374	46.594651	180.000000	180.000000	213.129920	90.000000	180.000000	180.000000	173.743370	123.148843	
97.270202	62.894308	184.149734	223.405349	180.000000	90.000000	89.889109	359.703959	315.000000	0.000000	0.000000	326.828626	89.350103	0.000000	225.419788	135.822795	134.784539	207.718672	225.215461	180.000000	133.997376	270.000000	56.870080	90.000000	199.796728	180.000000	136.594651	86.830144	90.000000	0.000000	0.000000	338.081791	0.215691	33.171374	46.594651	180.000000	180.000000	213.129920	90.000000	180.000000	180.000000	173.743370	123.148843	
97.245495	62.894308	184.149734	223.405349	180.000000	90.000000	89.889109	359.694358	315.000000	0.000000	0.000000	326.828626	95.366814	0.000000	225.419788	135.822795	134.784539	207.785005	225.215461	180.000000	133.997376	270.000000	56.870080	90.000000	199.796728	180.000000	136.594651	86.814207	90.000000	0.000000	0.000000	338.081791	0.215691	33.171374	46.594651	180.000000	180.000000	213.129920	90.000000	180.000000	180.000000	173.743370	123.148843	
91.045762	62.894308	184.149734	223.405349	180.000000	90.000000	89.889109	359.685637	315.000000	0.000000	0.000000	326.828626	89.385965	0.000000	225.419788	135.822795	134.784539	207.850484	225.215461	180.000000	133.997376	270.000000	56.870080	90.000000	199.796728	180.000000	136.594651	86.800459	90.000000	0.000000	0.000000	338.081791	0.215691	33.171374	46.594651	180.000000	180.000000	213.129920	90.000000	180.000000	180.000000	173.743370	123.148843	
90.021655	62.894308	184.149734	223.405349	180.000000	90.000000	89.889109	359.677703	315.000000	0.000000	0.000000	326.828626	95.327285	0.000000	225.419788	135.822795	134.784539	207.915094	225.215461	180.000000	133.997376	270.000000	56.870080	90.000000	199.796728	180.000000	136.594651	86.788886	90.000000	0.000000	0.000000	338.081791	0.215691	33.171374	46.594651	180.000000	180.000000	213.129920	90.000000	180.000000	180.000000	173.743370	123.148843	
89.838782	62.894308	184.149734	223.405349	180.000000	90.000000	89.889109	359.670538	315.000000	0.000000	0.000000	326.828626	96.428804	0.000000	225.419788	135.822795	134.784539	207.978820	225.215461	180.000000	133.997376	270.000000	56.870080	90.000000	199.796728	180.000000	136.594651	86.779474	90.000000	0.000000	0.000000	338.081791	0.215691	33.171374	46.594651	180.000000	180.000000	213.129920	90.000000	180.000000	180.000000	173.743370	123.148843	
89.793491	62.894308	184.149734	223.405349	180.000000	90.000000	89.889109	359.664139	315.000000	0.000000	0.000000	326.828626	89.631965	0.000000	225.419788	135.822795	134.784539	208.041649	225.215461	180.000000	133.997376	270.000000	56.870080	90.000000	199.796728	180.000000	136.594651	86.772211	90.000000	0.000000	0.000000	338.081791	0.215691	33.171374	46.594651	180.000000	180.000000	213.129920	90.000000	180.000000	180.000000	173.743370	123.148843	
89.771266	62.894308	184.149734	223.405349	180.000000	90.000000	89.889109	359.658502	315.000000	0.000000	0.000000	326.828626	95.287349	0.000000	225.419788	135.822795	134.784539	208.103567	225.215461	180.000000	133.997376	270.000000	56.870080	90.000000	199.796728	180.000000	136.594651	86.767082	90.000000	0.000000	0.000000	338.081791	0.215691	33.171374	46.594651	180.000000	180.000000	213.129920	90.000000	180.000000	180.000000	173.743370	123.148843	
89.753473	62.894308	184.149734	223.405349	180.000000	90.000000	89.889109	359.653625	315.000000	0.000000	0.000000	326.828626	96.337722	0.000000	225.419788	135.822795	134.784539	208.164560	225.215461	180.000000	133.997376	270.000000	56.870080	90.000000	199.796728	180.000000	136.594651	86.764074	90.000000	0.000000	0.000000	338.081791	0.215691	33.171374	46.594651	180.000000	180.000000	213.129920	90.000000	180.000000	180.000000	173.743370	123.148843	
89.737080	62.894308	184.149734	223.405349	180.000000	90.000000	89.889109	359.649507	315.000000	0.000000	0.000000	326.828626	96.498865	0.000000	225.419788	135.822795	134.784539	208.224616	225.215461	180.000000	133.997376	270.000000	56.870080	90.000000	199.796728	180.000000	136.594651	86.763174	90.000000	0.000000	0.000000	338.081791	0.215691	33.171374	46.594651	180.000000	180.000000	213.129920	90.000000	180.000000	180.000000	173.743370	123.148843	
89.721593	62.894308	184.149734	223.405349	180.000000	90.000000	89.889109	359.622534	315.000000	0.000000	0.000000	326.828626	96.488967	0.000000	225.419788	135.822795	134.784539	208.283720	225.215461	180.000000	133.997376	270.000000	56.870080	90.000000	199.796728	180.000000	136.594651	86.764367	90.000000	0.000000	0.000000	338.081791	0.215691	33.171374	46.594651	180.000000	180.000000	213.129920	90.000000	180.000000	180.000000	173.743370	123.148843	
89.706930	62.894308	184.149734	223.405349	180.000000	90.000000	89.889109	359.526287	315.000000	0.000000	0.000000	326.828626	96.447124	0.000000	225.419788	135.822795	134.784539	208.341859	225.215461	180.000000	133.997376	270.000000	56.870080	90.000000	199.796728	180.000000	136.594651	86.767639	90.000000	0.000000	0.000000	338.081791	0.215691	33.171374	46.594651	180.000000	180.000000	213.129920	90.000000	180.000000	180.000000	173.743370	123.148843	
89.693076	62.894308	184.149734	224.050696	180.000000	90.000000	89.889109	359.419897	315.000000	0.000000	0.000000	326.828626	96.400284	0.000000	225.419788	135.822795	134.784539	208.399021	225.215461	180.000000	133.997376	270.000000	56.870080	90.000000	199.796728	180.000000	136.594651	86.772977	90.000000	0.000000	0.000000	338.081791	0.215691	33.171374	46.594651	180.000000	180.000000	213.129920	90.000000	180.000000	180.000000	173.743370	123.148843	
89.680028	62.894308	184.149734	224.159732	180.000000	90.000000	89.889109	359.313109	315.000000	0.000000	0.000000	326.828626	96.353673	0.000000	225.419788	135.822795	134.784539	208.455193	225.215461	180.000000	133.997376	270.000000	56.870080	90.000000	199.796728	180.000000	136.594651	86.780366	90.000000	0.000000	0.000000	338.081791	0.215691	33.171374	46.594651	180.000000	180.000000	213.129920	90.000000	180.000000	180.000000	173.743370	123.148843	
89.667784	62.894308	184.149734	224.178156	180.000000	90.000000	89.889109	359.207536	315.000000	0.000000	0.000000	326.828626	96.308308	0.000000	225.419788	135.822795	134.784539	208.510362	225.215461	180.000000	133.997376	270.000000	56.870080	90.000000	199.796728	180.000000	136.594651	86.789792	90.000000	0.000000	0.000000	338.081791	0.215691	33.171374	46.594651	180.000000	180.000000	213.129920	90.000000	180.000000	180.000000	173.743370	123.148843	
89.656342	62.894308	184.149734	224.181269	180.000000	90.000000	89.889109	359.103452	315.000000	0.000000	0.000000	326.828626	96.264388	0.000000	225.419788	135.822795	134.784539	208.564517	225.215461	180.000000	133.997376	270.000000	56.870080	90.000000	199.796728	180.000000	136.594651	86.801242	90.000000	0.000000	0.000000	338.081791	0.215691	33.171374	46.594651	180.000000	180.000000	213.129920	90.000000	180.000000	180.000000	173.743370	123.148843	
89.645700	62.894308	184.149734	224.181795	180.000000	90.000000	89.889109	359.000908	315.000000	0.000000	0.000000	326.828626	91.294038	0.000000	225.419788	135.822795	134.784539	208.617643	225.215461	180.000000	133.997376	270.000000	56.870080	90.000000	173.755794	180.000000	136.594651	86.814700	90.000000	0.000000	0.000000	338.081791	0.215691	33.171374	46.594651	180.000000	180.000000	213.129920	90.000000	180.000000	180.000000	173.743370	123.148843	
89.635855	62.894308	184.149734	224.181884	180.000000	90.000000	89.889109	358.899920	315.000000	0.000000	0.000000	326.828626	90.321269	0.000000	225.419788	135.822795	134.784539	208.669731	225.215461	180.000000	133.997376	270.000000	56.870080	90.000000	169.269087	180.000000	136.594651	86.830152	90.000000	0.000000	0.000000	338.081791	0.215691	33.171374	46.594651	180.000000	180.000000	213.129920	90.000000	180.000000	180.000000	173.743370	123.148843	
89.626807	62.894308	184.149734	224.181899	180.000000	90.000000	89.889109	358.800495	315.000000	0.000000	0.000000	326.828626	90.106897	0.000000	225.419788	135.822795	134.784539	208.720767	225.215461	180.000000	133.997376	270.000000	56.870080	90.000000	168.470534	180.000000	136.594651	86.847586	90.000000	0.000000	0.000000	338.081791	0.215691	33.171374	46.594651	180.000000	180.000000	213.129920	90.000000	180.000000	180.000000	173.743370	123.148843	
89.618553	62.894308	184.149734	224.181901	180.000000	90.000000	89.889109	358.702642	315.000000	0.000000	0.000000	326.828626	90.037456	0.000000	225.419788	135.822795	134.784539	208.770741	225.215461	180.000000	133.997376	270.000000	56.870080	90.000000	168.328264	180.000000	136.594651	86.866985	90.000000	0.000000	0.000000	338.081791	0.215691	33.171374	46.594651	180.000000	180.000000	213.129920	90.000000	180.000000	180.000000	173.743370	123.148843	
89.611091	62.894308	184.149734	224.181902	180.000000	90.000000	89.889109	358.606366	315.000000	0.000000	0.000000	326.828626	89.996551	0.000000	225.419788	135.822795	134.784539	208.819640	225.215461	180.000000	133.997376	270.000000	56.870080	90.000000	168.302915	180.000000	136.594651	86.888336	90.000000	0.000000	0.000000	338.081791	0.215691	33.171374	46.594651	180.000000	180.000000	213.129920	90.000000	180.000000	180.000000	173.743370	123.148843	
89.604418	62.894308	184.149734	224.181902	180.000000	90.000000	89.889109	358.511674	315.000000	0.000000	0.000000	326.828626	89.962102	0.000000	225.419788	135.822795	134.784539	208.867453	225.215461	180.000000	133.997376	270.000000	56.870080	90.000000	168.298399	180.000000	136.594651	86.911625	90.000000	0.000000	0.000000	338.081791	0.215691	33.171374	46.594651	180.000000	180.000000	213.129920	90.000000	180.000000	180.000000	173.743370	123.148843	
89.598533	62.894308	184.149734	224.181902	180.000000	90.000000	89.889109	358.418571	315.000000	0.000000	0.000000	326.828626	89.929918	0.000000	225.419788	135.822795	134.784539	208.914171	225.215461	180.000000	133.997376	270.000000	56.870080	90.000000	168.297594	180.000000	136.594651	86.936837	90.000000	0.000000	0.000000	338.081791	0.215691	33.171374	46.594651	180.000000	180.000000	213.129920	90.000000	180.000000	180.000000	173.743370	123.148843	
89.593434	62.894308	184.149734	224.181902	180.000000	90.000000	89.889109	358.327062	315.000000	0.000000	0.000000	326.828626	89.899205	0.000000	225.419788	135.822795	134.784539	208.959781	225.215461	180.000000	133.997376	270.000000	56.870080	90.000000	168.297450	180.000000	136.594651	86.963959	90.000000	0.000000	0.000000	338.081791	0.215691	33.171374	46.594651	180.000000	180.000000	213.129920	90.000000	180.000000	180.000000	173.743370	123.148843	
89.589118	62.894308	184.149734	224.181902	180.000000	90.000000	89.889109	358.237151	315.000000	0.000000	0.000000	326.828626	89.869810	0.000000	225.419788	135.822795	134.784539	209.004272	225.215461	180.000000	133.997376	270.000000	56.870080	90.000000	168.297425	180.000000	136.594651	96.133548	90.000000	0.000000	0.000000	338.081791	0.215691	33.171374	46.594651	180.000000	180.000000	213.129920	90.000000	180.000000	180.000000	173.743370	123.148843	
89.585582	62.894308	184.149734	224.181902	180.000000	90.000000	89.889109	358.148844	315.000000	0.000000	0.000000	326.828626	89.841704	0.000000	225.419788	135.822795	134.784539	209.047636	225.215461	180.000000	133.997376	270.000000	56.870080	90.000000	168.297420	180.000000	136.594651	88.693161	90.000000	0.000000	0.000000	338.081791	0.215691	33.171374	46.594651	180.000000	180.000000	213.129920	90.000000	180.000000	180.000000	173.743370	123.148843	
89.582825	62.894308	184.149734	224.181902	180.000000	90.000000	89.889109	358.062143	315.000000	0.000000	0.000000	326.828626	89.814878	0.000000	225.419788	135.822795	134.784539	209.089861	225.215461	180.000000	133.997376	270.000000	56.870080	90.000000	168.297419	180.000000	136.594651	87.295476	90.000000	0.000000	0.000000	338.081791	0.215691	33.171374	46.594651	180.000000	180.000000	213.129920	90.000000	180.000000	180.000000	173.743370	123.148843	
89.580844	62.894308	184.149734	224.181902	180.000000	90.000000	89.889109	357.977053	315.000000	0.000000	0.000000	326.828626	89.789330	0.000000	225.419788	135.822795	134.784539	209.130937	225.215461	180.000000	133.997376	270.000000	56.870080	90.000000	168.297419	180.000000	136.594651	96.111390	90.000000	0.000000	0.000000	338.081791	0.215691	33.171374	46.594651	180.000000	180.000000	213.129920	90.000000	180.000000	180.000000	173.743370	123.148843	
89.579637	62.894308	184.149734	224.181902	180.000000	90.000000	89.889109	357.893575	315.000000	0.000000	0.000000	326.828626	89.765057	0.000000	225.419788	135.822795	134.784539	209.170856	225.215461	180.000000	133.997376	270.000000	56.870080	90.000000	168.297419	180.000000	136.594651	88.692856	90.000000	0.000000	0.000000	338.081791	0.215691	33.171374	46.594651	180.000000	180.000000	213.129920	90.000000	180.000000	180.000000	173.743370	123.148843	
89.579200	62.894308	164.644103	224.181902	180.000000	90.000000	89.889109	357.811714	315.000000	0.000000	0.000000	326.828626	89.742057	0.000000	225.419788	135.822795	134.784539	209.209606	225.215461	180.000000	133.997376	270.000000	56.870080	90.000000	168.297419	180.000000	136.594651	96.307944	90.000000	0.000000	0.000000	338.081791	0.215691	33.171374	46.594651	180.000000	180.000000	213.129920	90.000000	180.000000	180.000000	173.743370	123.148843	
89.579532	62.894308	161.072923	224.181902	180.000000	90.000000	89.889109	357.731471	315.000000	0.000000	0.000000	326.828626	89.720325	0.000000	225.419788	135.482445	134.784539	209.247179	225.215461	180.000000	133.997376	270.000000	56.870080	90.000000	168.297419	180.000000	136.594651	88.714561	90.000000	0.000000	0.000000	338.081791	0.215691	33.171374	46.594651	180.000000	180.000000	213.129920	90.000000	180.000000	180.000000	173.743370	123.148843	
89.580630	62.894308	160.407239	224.181902	180.000000	90.000000	89.889109	357.652848	315.000000	0.000000	0.000000	326.828626	89.699861	0.000000	225.419788	135.431071	134.784539	209.283565	225.215461	180.000000	133.997376	270.000000	56.870080	90.000000	168.297419	180.000000	136.594651	96.243295	90.000000	0.000000	0.000000	338.081791	0.215691	33.171374	46.594651	180.000000	180.000000	213.129920	90.000000	180.000000	180.000000	173.743370	123.148843	
89.582492	62.894308	160.283073	224.181902	180.000000	90.000000	89.889109	357.575846	315.000000	0.000000	0.000000	326.828626	89.680660	0.000000	225.419788	135.423316	134.784539	209.318757	225.215461	180.000000	133.997376	270.000000	56.870080	90.000000	168.297419	180.000000	136.594651	88.693894	90.000000	0.000000	0.000000	338.081791	0.215691	33.171374	46.594651	180.000000	180.000000	213.129920	90.000000	180.000000	180.000000	173.743370	123.148843	
89.585114	62.894308	160.259911	224.181902	180.000000	90.000000	89.889109	357.500467	315.000000	0.000000	0.000000	326.828626	89.662719	0.000000	225.419788	135.422145	134.784539	209.352744	225.215461	180.000000	133.997376	270.000000	56.870080	90.000000	168.297419	180.000000	136.594651	96.174172	90.000000	0.000000	0.000000	338.081791	0.215691	33.171374	46.594651	180.000000	180.000000	213.129920	90.000000	180.000000	180.000000	173.743370	123.148843	
89.588493	62.894308	160.255591	224.181902	180.000000	90.000000	89.889109	357.426711	315.000000	0.000000	0.000000	326.828626	89.646035	0.000000	225.419788	135.421968	134.784539	209.385519	225.215461	180.000000	133.997376	270.000000	56.870080	90.000000	168.297419	180.000000	136.594651	88.679727	90.000000	0.000000	0.000000	338.081791	0.215691	33.171374	46.594651	180.000000	180.000000	213.129920	90.000000	180.000000	180.000000	173.743370	123.148843	
89.592628	62.894308	160.254785	224.181902	180.000000	90.000000	89.889109	357.354579	315.000000	0.000000	0.000000	326.828626	89.630605	0.000000	225.419788	135.421942	134.784539	209.417074	225.215461	180.000000	133.997376	270.000000	56.870080	90.000000	168.297419	180.000000	136.594651	96.110028	90.000000	0.000000	0.000000	338.081791	0.215691	33.171374	46.594651	180.000000	180.000000	213.129920	90.000000	180.000000	180.000000	173.743370	123.148843	
89.579416	62.894308	160.254634	224.181902	180.000000	90.000000	89.889109	357.284071	315.000000	0.000000	0.000000	326.828626	89.616424	0.000000	225.419788	135.421938	134.784539	209.447400	225.215461	180.000000	133.997376	270.000000	56.870080	90.000000	168.297419	180.000000	136.594651	88.673780	90.000000	0.000000	0.000000	338.081791	0.215691	33.171374	46.594651	180.000000	180.000000	213.129920	90.000000	180.000000	180.000000	173.743370	123.148843	
89.494265	62.894308	160.254606	224.181902	180.000000	90.000000	89.889109	357.215186	315.000000	0.000000	0.000000	326.828626	89.603489	0.000000	225.419788	135.421937	134.784539	209.476489	225.215461	180.000000	133.997376	270.000000	56.870080	90.000000	168.297419	180.000000	136.594651	96.051216	90.000000	0.000000	0.000000	338.081791	0.215691	33.171374	46.594651	180.000000	180.000000	213.129920	90.000000	180.000000	180.000000	173.743370	123.148843	
89.398746	62.894308	160.254601	224.181902	180.000000	90.000000	89.889109	357.147924	315.000000	0.000000	0.000000	326.828626	89.591795	0.000000	225.419788	135.421937	134.784539	209.504335	225.215461	180.000000	133.997376	270.000000	56.870080	90.000000	168.297419	180.000000	136.594651	88.676037	90.000000	0.000000	0.000000	338.081791	0.215691	33.171374	46.594651	180.000000	180.000000	213.129920	90.000000	180.000000	180.000000	173.743370	123.148843	
89.302868	62.894308	160.254600	224.181902	180.000000	90.000000	89.889109	357.082285	315.000000	0.000000	0.000000	326.828626	89.581339	0.000000	225.419788	135.421937	134.784539	209.530929	225.215461	180.000000	133.997376	270.000000	56.870080	90.000000	168.297419	180.000000	136.594651	95.997754	90.000000	0.000000	0.000000	338.081791	0.215691	33.171374	46.594651	180.000000	180.000000	213.129920	90.000000	180.000000	180.000000	173.743370	123.148843	
89.208265	62.894308	160.254600	224.181902	180.000000	90.000000	89.889109	357.018266	315.000000	0.000000	0.000000	326.828626	89.572116	0.000000	225.419788	135.421937	134.784539	209.556264	225.215461	180.000000	133.997376	270.000000	56.870080	90.000000	168.297419	180.000000	136.594651	88.686419	90.000000	0.000000	0.000000	338.081791	0.215691	33.171374	46.594651	180.000000	180.000000	213.129920	90.000000	180.000000	180.000000	173.743370	123.148843	
89.115206	62.894308	160.254600	224.181902	180.000000	90.000000	89.889109	356.955867	315.000000	0.000000	0.000000	326.828626	89.564122	0.000000	225.419788	135.421937	134.784539	209.580335	225.215461	180.000000	133.997376	270.000000	56.870080	90.000000	168.297419	180.000000	136.594651	95.949641	90.000000	0.000000	0.000000	338.081791	0.215691	33.171374	46.594651	180.000000	180.000000	213.129920	90.000000	180.000000	180.000000	173.743370	123.148843	
89.023741	62.894308	160.254600	224.181902	180.000000	90.000000	89.889109	356.895085	315.000000	0.000000	0.000000	326.828626	89.557353	0.000000	225.419788	135.421937	134.784539	209.603133	225.215461	180.000000	133.997376	270.000000	56.870080	90.000000	168.297419	180.000000	136.594651	88.704842	90.000000	0.000000	0.000000	338.081791	0.215691	33.171374	46.594651	180.000000	180.000000	213.129920	90.000000	180.000000	180.000000	173.743370	123.148843	
88.933882	62.894308	160.254600	224.181902	180.000000	90.000000	89.889109	356.835919	315.000000	0.000000	0.000000	326.828626	89.551802	0.000000	225.419788	135.421937	134.784539	209.624652	225.215461	180.000000	133.997376	270.000000	56.870080	90.000000	168.297419	180.000000	136.594651	95.906878	90.000000	0.000000	0.000000	338.081791	0.215691	33.171374	46.594651	180.000000	180.000000	213.129920	90.000000	180.000000	180.000000	173.743370	123.148843	
88.845633	62.894308	160.254600	224.181902	180.000000	90.000000	89.889109	356.778366	315.000000	0.000000	0.000000	326.828626	89.547467	0.000000	225.419788	135.421937	134.784539	209.644887	225.215461	180.000000	133.997376	270.000000	56.870080	90.000000	168.297419	180.000000	136.594651	88.731223	90.000000	0.000000	0.000000	338.081791	0.215691	33.171374	46.594651	180.000000	180.000000	213.129920	90.000000	180.000000	180.000000	173.743370	123.148843	
88.759000	62.894308	160.254600	224.181902	180.000000	90.000000	89.889109	356.722423	315.000000	0.000000	0.000000	326.828626	89.544342	0.000000	225.419788	135.421937	134.784539	209.663831	225.215461	180.000000	134.411784	270.000000	56.870080	90.000000	168.297419	180.000000	136.594651	95.869458	90.000000	0.000000	0.000000	338.081791	0.215691	33.171374	46.594651	180.000000	180.000000	213.129920	90.000000	180.000000	180.000000	173.743370	123.148843	
88.673987	62.894308	160.254600	224.181902	180.000000	90.000000	89.889109	356.668088	315.000000	0.000000	0.000000	326.828626	89.542421	0.000000	225.419788	135.421937	134.784539	209.681478	225.215461	180.000000	134.474335	270.000000	56.870080	90.000000	168.297419	180.000000	136.594651	88.765477	90.000000	0.000000	0.000000	338.081791	0.215691	33.171374	46.594651	180.000000	180.000000	213.129920	90.000000	180.000000	180.000000	173.743370	123.148843	
88.590596	62.894308	160.254600	224.181902	180.000000	90.000000	89.889109	356.615358	315.000000	0.000000	0.000000	326.828626	89.541700	0.000000	225.419788	135.421937	134.784539	209.697824	225.215461	180.000000	134.483777	270.000000	56.870080	90.000000	168.297419	180.000000	136.594651	95.837378	90.000000	0.000000	0.000000	338.081791	0.215691	33.171374	46.594651	180.000000	180.000000	213.129920	90.000000	180.000000	180.000000	173.743370	123.148843	
88.508830	62.894308	160.254600	224.181902	180.000000	90.000000	89.889109	356.564229	315.000000	0.000000	0.000000	326.828626	89.542174	0.000000	225.419788	135.421937	134.784539	209.712861	225.215461	180.000000	134.485202	270.000000	56.870080	90.000000	168.297419	180.000000	136.594651	88.807519	90.000000	0.000000	0.000000	338.081791	0.215691	33.171374	46.594651	180.000000	180.000000	213.129920	90.000000	180.000000	180.000000	173.743370	123.148843	
88.428693	62.894308	160.254600	224.181902	180.000000	90.000000	89.889109	356.514697	315.000000	0.000000	0.000000	326.828626	89.543837	0.000000	225.419788	135.421937	134.784539	209.726587	225.215461	180.000000	134.485418	270.000000	56.870080	90.000000	168.297419	180.000000	136.594651	95.810627	90.000000	0.000000	0.000000	338.081791	0.215691	33.171374	46.594651	180.000000	180.000000	213.129920	90.000000	180.000000	180.000000	173.743370	123.148843	
88.350186	62.894308	160.254600	224.181902	180.000000	90.000000	89.889109	356.466759	315.000000	0.000000	0.000000	326.828626	89.546684	0.000000	225.419788	135.421937	134.784539	209.738994	225.215461	180.000000	134.485450	270.000000	56.870080	90.000000	168.297419	180.000000	136.594651	88.857264	90.000000	0.000000	0.000000	338.081791	0.215691	33.171374	46.594651	180.000000	180.000000	213.129920	90.000000	180.000000	180.000000	173.743370	123.148843	
88.273310	62.894308	160.254600	224.181902	180.000000	90.000000	89.889109	356.420410	315.000000	0.000000	0.000000	326.828626	89.550709	0.000000	225.419788	135.421937	134.784539	209.750080	225.215461	180.000000	134.485455	270.000000	56.870080	90.000000	168.297419	180.000000	136.594651	95.789198	90.000000	0.000000	0.000000	338.081791	0.215691	33.171374	46.594651	180.000000	180.000000	213.129920	90.000000	180.000000	180.000000	173.743370	123.148843	
88.198069	62.894308	160.254600	224.181902	180.000000	90.000000	89.889109	356.375647	315.000000	0.000000	0.000000	326.828626	89.555906	0.000000	225.419788	135.421937	134.784539	209.759838	225.215461	180.000000	134.485456	270.000000	56.870080	90.000000	168.297419	180.000000	136.594651	97.099045	90.000000	0.000000	0.000000	338.081791	0.215691	33.171374	46.594651	180.000000	180.000000	213.129920	90.000000	180.000000	180.000000	173.743370	123.148843	
88.124461	62.894308	160.254600	224.181902	180.000000	90.000000	89.889109	356.332464	315.000000	0.000000	0.000000	326.828626	89.562271	0.000000	225.419788	135.421937	134.784539	209.768266	225.215461	180.000000	134.485456	270.000000	56.870080	90.000000	168.297419	180.000000	136.594651	89.157556	90.000000	0.000000	0.000000	338.081791	0.215691	33.171374	46.594651	180.000000	180.000000	213.129920	90.000000	180.000000	180.000000	173.743370	123.148843	
88.052489	62.894308	160.254600	224.181902	180.000000	90.000000	89.889109	356.290858	315.000000	0.000000	0.000000	326.828626	89.569796	0.000000	225.419788	135.421937	134.784539	209.775359	225.215461	180.000000	134.485456	270.000000	56.870080	90.000000	168.297419	180.000000	136.594651	95.779457	90.000000	0.000000	0.000000	338.081791	0.215691	33.171374	46.594651	180.000000	180.000000	213.129920	90.000000	180.000000	180.000000	173.743370	123.148843	
87.982152	62.894308	160.254600	224.181902	180.000000	90.000000	89.889109	356.250823	315.000000	0.000000	0.000000	326.828626	89.578477	0.000000	225.419788	135.421937	134.784539	209.781113	225.215461	180.000000	134.485456	270.000000	56.870080	90.000000	168.297419	180.000000	136.594651	97.032793	90.000000	0.000000	0.000000	338.081791	0.215691	33.171374	46.594651	180.000000	180.000000	213.129920	90.000000	180.000000	180.000000	173.743370	123.148843	
87.913451	62.894308	160.254600	224.181902	180.000000	90.000000	89.889109	356.212354	315.000000	0.000000	0.000000	326.828626	89.588307	0.000000	225.419788	135.421937	134.784539	209.785524	225.215461	180.000000	134.485456	270.000000	56.870080	90.000000	168.297419	180.000000	136.594651	97.239482	90.000000	0.000000	0.000000	338.081791	0.215691	33.171374	46.594651	180.000000	180.000000	213.129920	90.000000	180.000000	180.000000	173.743370	123.148843	
87.846384	62.894308	160.254600	224.181902	180.000000	90.000000	89.889109	356.175446	315.000000	0.000000	0.000000	326.828626	89.599280	0.000000	225.419788	135.421937	134.784539	209.788590	225.215461	180.000000	134.485456	270.000000	56.870080	90.000000	168.297419	180.000000	136.594651	97.242579	90.000000	0.000000	0.000000	338.081791	0.215691	33.171374	46.594651	180.000000	180.000000	213.129920	90.000000	180.000000	180.000000	173.743370	123.148843	
87.780952	62.894308	160.254600	224.181902	180.000000	90.000000	89.889109	356.140093	315.000000	0.000000	0.000000	326.828626	89.611391	0.000000	225.419788	135.421937	134.784539	209.790307	225.215461	180.000000	134.485456	270.000000	56.870080	90.000000	168.297419	180.000000	136.594651	97.206999	90.000000	0.000000	0.000000	338.081791	0.145109	33.171374	46.594651	180.000000	180.000000	213.129920	90.000000	180.000000	180.000000	173.743370	123.148843	
87.717153	62.894308	160.254600	224.181902	180.000000	90.000000	89.889109	356.106290	315.000000	0.000000	0.000000	326.828626	89.624632	0.000000	225.419788	135.421937	134.784539	209.790672	225.215461	180.000000	134.485456	270.000000	56.870080	90.000000	168.297419	180.000000	136.594651	97.165009	90.000000	0.000000	0.000000	338.081791	0.131932	33.171374	46.594651	180.000000	180.000000	213.129920	90.000000	180.000000	180.000000	173.743370	123.148843	
87.654986	62.894308	160.254600	224.181902	180.000000	90.000000	89.889109	356.074032	315.000000	0.000000	0.000000	326.828626	89.638999	0.000000	225.419788	135.421937	134.784539	209.789682	225.215461	180.000000	134.485456	270.000000	56.870080	90.000000	168.297419	180.000000	136.594651	97.122927	90.000000	0.000000	0.000000	338.081791	0.129472	33.171374	46.594651	180.000000	180.000000	213.129920	90.000000	180.000000	180.000000	173.743370	123.148843	
87.594449	62.894308	160.254600	224.181902	180.000000	90.000000	89.889109	356.043312	315.000000	0.000000	0.000000	326.828626	89.654484	0.000000	225.419788	135.421937	134.784539	209.787334	225.215461	180.000000	134.485456	270.000000	56.870080	90.000000	168.297419	180.000000	136.594651	97.081993	90.000000	0.000000	0.000000	338.081791	0.129012	33.171374	46.594651	180.000000	180.000000	213.129920	90.000000	180.000000	180.000000	173.743370	123.148843	
87.535541	62.894308	160.254600	224.181902	180.000000	90.000000	89.889109	356.014124	315.000000	0.000000	0.000000	326.828626	89.671081	0.000000	225.419788	135.421937	134.784539	209.783628	225.215461	180.000000	134.485456	270.000000	56.870080	90.000000	168.297419	180.000000	136.594651	97.042454	90.000000	0.000000	0.000000	338.081791	0.128926	33.171374	46.594651	180.000000	180.000000	213.129920	90.000000	180.000000	180.000000	173.743370	123.148843	
87.478259	62.894308	160.254600	224.181902	180.000000	90.000000	89.889109	355.986463	315.000000	0.000000	0.000000	326.828626	89.688783	0.000000	225.419788	135.421937	134.784539	209.778559	225.215461	180.000000	134.485456	270.000000	56.870080	90.000000	168.297419	180.000000	136.594651	97.004361	90.000000	0.000000	0.000000	338.081791	0.128910	33.171374	46.594651	180.000000	180.000000	213.129920	90.000000	180.000000	180.000000	173.743370	123.148843	
87.422601	62.894308	160.254600	224.181902	180.000000	90.000000	89.926105	355.960321	315.000000	0.000000	0.000000	326.828626	89.707586	0.000000	225.419788	135.421937	134.784539	209.772127	225.215461	180.000000	134.485456	270.000000	56.870080	90.000000	168.297419	180.000000	136.594651	96.967727	90.000000	0.000000	0.000000	338.081791	0.128907	33.171374	46.594651	180.000000	180.000000	213.129920	90.000000	180.000000	180.000000	173.743370	123.148843	
87.368564	62.894308	160.254600	224.181902	180.000000	90.000000	89.932370	355.935693	315.000000	0.000000	0.000000	326.828626	89.727481	0.000000	225.419788	135.421937	134.784539	209.764330	225.215461	180.000000	134.485456	270.000000	56.870080	90.000000	168.297419	180.000000	136.594651	96.932559	90.000000	0.000000	0.000000	338.081791	0.128907	33.171374	46.594651	180.000000	180.000000	213.129920	90.000000	180.000000	180.000000	173.743370	123.148843	
87.316145	62.894308	160.254600	224.181902	180.000000	90.000000	89.933431	355.912572	315.000000	0.000000	0.000000	326.828626	89.748462	0.000000	225.419788	135.421937	134.784539	209.755165	225.215461	180.000000	134.485456	270.000000	56.870080	90.000000	168.297419	180.000000	136.594651	91.274934	90.000000	0.000000	0.000000	338.081791	0.128907	33.171374	46.594651	180.000000	180.000000	213.129920	90.000000	180.000000	180.000000	173.743370	123.148843	
87.265340	62.894308	160.254600	224.181902	180.000000	90.000000	89.933610	355.890951	315.000000	0.000000	0.000000	326.828626	89.731490	0.000000	225.419788	135.421937	134.784539	209.744633	225.215461	180.000000	134.485456	270.000000	56.870080	90.000000	168.297419	180.000000	136.594651	90.173388	90.000000	0.000000	0.000000	338.081791	0.128907	33.171374	46.594651	180.000000	180.000000	213.129920	90.000000	180.000000	180.000000	173.743370	123.148843	
87.216147	62.894308	160.254600	224.181902	180.000000	90.000000	89.933641	355.870824	315.000000	0.000000	0.000000	326.828626	89.648031	0.000000	225.419788	135.421937	134.784539	209.732731	225.215461	180.000000	134.485456	270.000000	56.870080	90.000000	168.297419	180.000000	136.594651	89.940672	90.000000	0.000000	0.000000	338.081791	0.128907	33.171374	46.594651	180.000000	180.000000	213.129920	90.000000	180.000000	180.000000	173.743370	123.148843	
87.168562	62.894308	160.254600	224.181902	180.000000	90.000000	89.933646	355.852183	315.000000	0.000000	0.000000	326.828626	89.554066	0.000000	225.419788	135.421937	134.784539	209.719459	225.215461	180.000000	134.485456	270.000000	56.870080	90.000000	168.297419	180.000000	136.594651	89.874729	90.000000	0.000000	0.000000	338.081791	0.128907	33.171374	46.594651	180.000000	180.000000	213.129920	90.000000	180.000000	180.000000	173.743370	123.148843	
87.122580	62.894308	160.254600	224.181902	180.000000	90.000000	89.933647	355.835023	315.000000	0.000000	0.000000	326.828626	89.460109	0.000000	225.419788	135.421937	134.784539	209.704816	225.215461	180.000000	134.485456	270.000000	56.870080	90.000000	168.297419	180.000000	136.594651	89.841595	90.000000	0.000000	0.000000	338.081791	0.128907	33.171374	46.594651	180.000000	180.000000	213.129920	90.000000	180.000000	180.000000	173.743370	123.148843	
87.078197	62.894308	160.254600	224.181902	180.000000	90.000000	89.933647	355.819335	315.000000	0.000000	0.000000	326.828626	89.368140	0.000000	225.419788	135.421937	134.784539	209.688801	225.215461	180.000000	134.485456	270.000000	56.870080	90.000000	168.297419	180.000000	136.594651	89.815712	90.000000	0.000000	0.000000	338.081791	0.128907	33.171374	46.594651	180.000000	180.000000	213.129920	90.000000	180.000000	180.000000	173.743370	123.148843	
87.035410	62.894308	160.254600	224.181902	180.000000	90.000000	89.933647	355.805113	315.000000	0.000000	0.000000	326.828626	89.278533	0.000000	225.419788	135.421937	134.784539	209.671415	225.215461	180.000000	134.485456	270.000000	56.870080	90.000000	168.297419	180.000000	136.594651	89.792203	90.000000	0.000000	0.000000	338.081791	0.128907	33.171374	46.594651	180.000000	180.000000	213.129920	90.000000	180.000000	180.000000	173.743370	123.148843	
86.994213	62.894308	160.254600	224.181902	180.000000	90.000000	89.933647	355.792349	315.000000	0.000000	0.000000	326.828626	89.191358	0.000000	225.419788	135.421937	134.784539	209.652657	225.215461	180.000000	134.485456	270.000000	56.870080	90.000000	168.297419	180.000000	136.594651	89.770138	90.000000	0.000000	0.000000	338.081791	0.128907	33.171374	46.594651	180.000000	180.000000	213.129920	90.000000	180.000000	180.000000	173.743370	123.148843	
86.954601	62.894308	160.254600	224.181902	180.000000	90.000000	89.933647	355.781037	315.000000	0.000000	0.000000	326.828626	89.106630	0.000000	225.419788	135.421937	134.784539	209.632527	225.215461	180.000000	134.485456	270.000000	56.870080	90.000000	168.297419	180.000000	136.594651	89.749337	90.000000	0.000000	0.000000	338.081791	0.128907	33.171374	46.594651	180.000000	180.000000	213.129920	90.000000	180.000000	180.000000	173.743370	123.148843	
86.916570	62.894308	160.254600	224.181902	180.000000	90.000000	89.933647	355.771168	315.000000	0.000000	0.000000	326.828626	89.024352	0.000000	225.419788	135.421937	134.784539	209.611026	225.215461	180.000000	134.485456	270.000000	56.870080	90.000000	168.297419	180.000000	136.594651	89.729764	90.000000	0.000000	0.000000	338.081791	0.128907	33.171374	46.594651	180.000000	180.000000	213.129920	90.000000	180.000000	180.000000	173.743370	123.148843	
86.880115	62.894308	160.254600	224.181902	180.000000	90.000000	89.933647	355.762737	315.000000	0.000000	0.000000	326.828626	88.944523	0.000000	225.419788	135.421937	134.784539	209.588153	225.215461	180.000000	134.485456	270.000000	56.870080	90.000000	168.297419	180.000000	136.594651	89.711409	90.000000	0.000000	0.000000	338.081791	0.128907	33.171374	46.594651	180.000000	180.000000	213.129920	90.000000	180.000000	180.000000	173.743370	123.148843	
86.845230	62.894308	160.254600	224.181902	180.000000	90.000000	89.933647	355.755734	315.000000	0.000000	0.000000	326.828626	88.867143	0.000000	225.419788	135.421937	134.784539	209.563910	225.215461	180.000000	134.485456	270.000000	56.870080	90.000000	168.297419	180.000000	136.594651	89.694268	90.000000	0.000000	0.000000	338.081791	0.128907	33.171374	46.594651	180.000000	180.000000	213.129920	90.000000	180.000000	180.000000	173.743370	123.148843	
86.811909	62.894308	160.254600	224.181902	180.000000	90.000000	89.933647	355.750153	315.000000	0.000000	0.000000	326.828626	88.792209	0.000000	225.419788	135.421937	134.784539	209.538297	225.215461	180.000000	134.485456	270.000000	56.870080	90.000000	168.297419	180.000000	136.594651	89.678337	90.000000	0.000000	0.000000	338.081791	0.128907	33.171374	46.594651	180.000000	180.000000	213.129920	90.000000	180.000000	180.000000	173.743370	123.148843	
86.780147	62.894308	160.254600	224.181902	180.000000	90.000000	89.933647	355.745986	315.000000	0.000000	0.000000	326.828626	88.719718	0.000000	225.419788	135.421937	134.784539	209.511315	225.215461	180.000000	134.485456	270.000000	56.870080	90.000000	168.297419	180.000000	136.594651	89.663614	90.000000	0.000000	0.000000	338.081791	0.128907	33.171374	46.594651	180.000000	180.000000	213.129920	90.000000	180.000000	180.000000	173.743370	123.148843	
86.749938	62.894308	160.254600	224.181902	180.000000	90.000000	89.933647	355.743226	315.000000	0.000000	0.000000	326.828626	88.649668	0.000000	225.419788	135.421937	134.784539	209.482966	225.215461	180.000000	134.485456	270.000000	56.870080	90.000000	168.297419	180.000000	136.594651	89.650095	90.000000	0.000000	0.000000	338.081791	0.128907	33.171374	46.594651	180.000000	180.000000	213.129920	90.000000	180.000000	180.000000	173.743370	123.148843	
86.721277	62.894308	160.254600	224.181902	180.000000	90.000000	89.933647	355.741864	315.000000	0.000000	0.000000	326.828626	88.582054	0.000000	225.419788	135.421937	134.784539	209.453251	225.215461	180.000000	134.485456	270.000000	56.870080	90.000000	168.297419	180.000000	136.594651	89.637777	90.000000	0.000000	0.000000	338.081791	0.128907	33.171374	46.594651	180.000000	180.000000	213.129920	90.000000	180.000000	180.000000	173.743370	123.148843	
86.694156	62.894308	160.254600	224.181902	180.000000	90.000000	89.933647	355.741894	315.000000	0.000000	0.000000	326.828626	88.516872	0.000000	225.419788	135.421937	134.784539	209.422171	225.215461	180.000000	134.485456	270.000000	56.870080	90.000000	168.297419	180.000000	136.594651	89.626655	90.000000	0.000000	0.000000	338.081791	0.128907	33.171374	46.594651	180.000000	180.000000	213.129920	90.000000	180.000000	180.000000	173.743370	123.148843	
86.668570	62.894308	160.254600	224.181902	180.000000	90.000000	89.933647	355.743308	315.000000	0.000000	0.000000	326.828626	88.454116	0.000000	225.419788	135.421937	134.784539	209.389728	225.215461	180.000000	134.485456	270.000000	56.870080	90.000000	168.297419	180.000000	136.594651	89.616726	90.000000	0.000000	0.000000	338.081791	0.128907	33.171374	46.594651	180.000000	180.000000	213.129920	90.000000	180.000000	180.000000	173.743370	123.148843	
86.644512	62.894308	160.254600	224.181902	180.000000	90.000000	89.933647	355.746097	315.000000	0.000000	0.000000	326.828626	88.393781	0.000000	225.419788	135.421937	134.784539	209.355924	225.215461	180.000000	134.485456	270.000000	56.870080	90.000000	168.297419	180.000000	136.594651	89.607986	90.000000	0.000000	0.000000	338.081791	0.128907	33.171374	46.594651	180.000000	180.000000	213.129920	90.000000	180.000000	180.000000	173.743370	123.148843	
86.621977	62.894308	160.254600	224.181902	180.000000	90.000000	89.933647	355.750254	315.000000	0.000000	0.000000	326.828626	88.335860	0.000000	225.419788	135.421937	134.784539	209.320761	225.215461	180.000000	134.485456	270.000000	56.870080	90.000000	168.297419	180.000000	136.594651	89.600431	90.000000	0.000000	0.000000	338.081791	0.128907	33.171374	46.594651	180.000000	180.000000	213.129920	90.000000	180.000000	180.000000	173.743370	123.148843	
86.600956	62.894308	160.254600	224.181902	180.000000	90.000000	89.933647	355.755772	315.000000	0.000000	0.000000	326.828626	88.280347	0.000000	225.419788	135.421937	134.784539	209.284242	225.215461	180.000000	134.485456	270.000000	56.870080	90.000000	168.297419	180.000000	136.594651	89.594056	90.000000	0.000000	0.000000	338.081791	0.128907	33.171374	46.594651	180.000000	180.000000	213.129920	90.000000	180.000000	180.000000	173.743370	123.148843	
86.581444	62.894308	160.254600	224.181902	180.000000	90.000000	89.933647	355.762642	315.000000	0.000000	0.000000	326.828626	88.227233	0.000000	225.419788	135.421937	134.784539	209.246368	225.215461	180.000000	134.485456	270.000000	56.870080	90.000000	168.297419	180.000000	136.594651	89.588858	90.000000	0.000000	0.000000	338.081791	0.128907	33.171374	46.594651	180.000000	180.000000	213.129920	90.000000	180.000000	180.000000	173.743370	123.148843	
86.563433	62.894308	160.254600	224.181902	180.000000	90.000000	89.933647	355.770857	315.000000	0.000000	0.000000	326.828626	88.176511	0.000000	225.419788	135.421937	134.784539	209.207142	225.215461	180.000000	134.485456	270.000000	56.870080	90.000000	168.297419	180.000000	136.594651	89.584833	90.000000	0.000000	0.000000	338.081791	0.128907	33.171374	46.594651	180.000000	180.000000	213.129920	90.000000	180.000000	180.000000	173.743370	123.148843	
86.546918	62.894308	160.254600	224.181902	180.000000	90.000000	89.933647	355.780409	315.000000	0.000000	0.000000	326.828626	88.128173	0.000000	225.419788	135.421937	134.784539	209.166567	225.215461	180.000000	134.485456	270.000000	56.870080	90.000000	168.297419	180.000000	136.594651	89.581974	90.000000	0.000000	0.000000	338.081791	0.128907	33.171374	46.594651	180.000000	180.000000	213.129920	90.000000	180.000000	180.000000	173.743370	123.148843	
86.531890	62.894308	160.254600	224.181902	180.000000	90.000000	89.933647	355.791290	315.000000	0.000000	0.000000	326.828626	88.082210	0.000000	225.419788	135.421937	134.784539	209.124646	225.215461	180.000000	134.485456	270.000000	56.870080	90.000000	168.297419	180.000000	136.594651	89.580279	90.000000	0.000000	0.000000	338.081791	0.128907	33.171374	46.594651	180.000000	180.000000	213.129920	90.000000	180.000000	180.000000	173.743370	123.148843	
86.518342	62.894308	160.254600	224.181902	180.000000	90.000000	89.933647	355.803493	315.000000	0.000000	0.000000	326.828626	88.038613	0.000000	225.419788	135.421937	134.784539	209.081382	225.215461	180.000000	134.485456	270.000000	56.870080	90.000000	168.297419	180.000000	136.594651	89.579742	90.000000	0.000000	0.000000	338.081791	0.128907	33.171374	46.594651	180.000000	180.000000	213.129920	90.000000	180.000000	180.000000	173.743370	123.148843	
86.506268	62.894308	160.254600	224.181902	180.000000	90.000000	89.933647	355.817009	315.000000	0.000000	0.000000	326.828626	87.997372	0.000000	225.419788	135.421937	134.784539	209.036778	225.215461	180.000000	134.485456	270.000000	56.870080	90.000000	168.297419	180.000000	136.594651	89.580359	90.000000	0.000000	0.000000	338.081791	0.128907	33.171374	46.594651	180.000000	180.000000	213.129920	90.000000	180.000000	180.000000	173.743370	123.148843	
86.495661	62.894308	160.254600	224.181902	180.000000	90.000000	89.933647	355.831831	315.000000	0.000000	0.000000	326.828626	87.958477	0.000000	225.419788	135.421937	134.784539	208.990837	225.215461	180.000000	134.485456	270.000000	56.870080	90.000000	168.297419	180.000000	136.594651	89.582124	90.000000	0.000000	0.000000	338.081791	0.128907	33.171374	46.594651	180.000000	180.000000	213.129920	90.000000	180.000000	180.000000	173.743370	123.148843	
86.486512	62.894308	160.254600	224.181902	180.000000	90.000000	89.933647	355.847950	315.000000	0.000000	0.000000	326.828626	87.921918	0.000000	225.419788	135.421937	134.784539	208.943563	225.215461	180.000000	134.485456	270.000000	56.870080	90.000000	168.297419	180.000000	136.594651	89.585033	90.000000	0.000000	0.000000	338.081791	0.128907	33.171374	46.594651	180.000000	180.000000	213.129920	90.000000	180.000000	180.000000	173.743370	123.148843	
86.478814	62.894308	160.254600	224.181902	180.000000	90.000000	89.933647	355.865360	315.000000	0.000000	0.000000	326.828626	87.887683	0.000000	225.419788	135.421937	134.784539	208.894960	225.215461	180.000000	134.485456	270.000000	56.870080	90.000000	168.297419	180.000000	136.594651	89.589081	90.000000	0.000000	0.000000	338.081791	0.128907	33.171374	46.594651	180.000000	180.000000	213.129920	90.000000	180.000000	180.000000	173.743370	123.148843	
86.472560	62.894308	160.254600	224.181902	180.000000	90.000000	89.933647	355.884052	315.000000	0.000000	0.000000	326.828626	87.855763	0.000000	225.419788	135.421937	134.784539	208.845030	225.215461	180.000000	134.485456	270.000000	56.870080	90.000000	168.297419	180.000000	136.594651	89.594263	90.000000	0.000000	0.000000	338.081791	0.128907	33.171374	46.594651	180.000000	180.000000	213.129920	90.000000	180.000000	180.000000	173.743370	123.148843	
86.467743	62.894308	160.254600	224.181902	180.000000	90.000000	89.933647	355.904019	315.000000	0.000000	0.000000	326.828626	87.826145	0.000000	225.419788	135.421937	134.784539	208.793780	225.215461	180.000000	134.485456	270.000000	56.870080	90.000000	168.297419	180.000000	136.594651	89.600572	90.000000	0.000000	0.000000	338.081791	0.128907	33.171374	46.594651	180.000000	180.000000	213.129920	90.000000	180.000000	180.000000	173.743370	123.148843	
86.464355	62.894308	160.254600	224.181902	180.000000	90.000000	89.933647	7.280075	315.000000	0.000000	0.000000	326.828626	87.798818	0.000000	225.419788	135.421937	134.784539	208.741211	225.215461	180.000000	134.485456	270.000000	56.870080	90.000000	168.297419	180.000000	136.594651	89.608005	90.000000	0.000000	0.000000	338.081791	0.128907	33.171374	46.594651	180.000000	180.000000	213.129920	90.000000	180.000000	180.000000	173.743370	123.148843	
86.462388	62.894308	160.254600	224.181902	180.000000	90.000000	89.933647	357.751768	315.000000	0.000000	0.000000	326.828626	87.773770	0.000000	225.419788	135.421937	134.784539	208.687329	225.215461	180.000000	134.485456	270.000000	56.870080	90.000000	168.297419	180.000000	136.594651	89.616556	90.000000	0.000000	0.000000	338.081791	0.128907	33.171374	46.594651	180.000000	180.000000	213.129920	108.261151	180.000000	180.000000	173.743370	123.148843	
86.461835	62.894308	160.254600	224.181902	180.000000	90.000000	89.933647	356.191672	315.000000	0.000000	0.000000	326.828626	87.750989	0.000000	225.419788	135.421937	134.784539	208.632138	225.215461	180.000000	134.485456	270.000000	56.870080	90.000000	168.297419	180.000000	136.594651	89.626218	90.000000	0.000000	0.000000	338.081791	0.128907	33.171374	46.594651	180.000000	180.000000	213.129920	111.299809	180.000000	180.000000	173.743370	123.148843	
86.462688	62.894308	160.254600	224.181902	180.000000	90.000000	89.933647	7.262106	315.000000	0.000000	0.000000	326.828626	87.730463	0.000000	225.419788	135.421937	134.871867	208.575641	225.215461	180.000000	134.485456	270.000000	56.870080	90.000000	168.297419	180.000000	136.594651	89.636988	90.000000	0.000000	0.000000	338.081791	0.128907	33.171374	46.594651	180.000000	180.000000	213.129920	111.813597	180.000000	180.000000	173.743370	123.148843	
86.464938	62.894308	160.254600	224.181902	180.000000	90.000000	89.933647	357.731133	315.000000	0.000000	0.000000	326.828626	87.712178	0.000000	225.419788	135.421937	134.886622	208.517845	225.215461	180.000000	134.485456	270.000000	56.870080	90.000000	168.297419	180.000000	136.594651	89.549771	90.000000	0.000000	0.000000	338.081791	0.128907	33.171374	46.594651	180.000000	180.000000	213.129920	111.900512	180.000000	180.000000	173.743370	123.148843	
86.468580	62.894308	160.254600	224.181902	180.000000	90.000000	89.933647	356.175675	315.000000	0.000000	0.000000	326.828626	87.696122	0.000000	225.419788	135.421937	134.889115	208.458754	225.215461	180.000000	134.485456	270.000000	56.870080	90.000000	168.297419	180.000000	136.594651	89.442731	90.000000	0.000000	0.000000	338.081791	0.128907	33.171374	46.594651	180.000000	180.000000	213.129920	111.915215	180.000000	180.000000	173.743370	123.148843	
86.473604	62.894308	160.254600	224.181902	180.000000	90.000000	89.933647	7.199380	315.000000	0.000000	0.000000	326.828626	87.682283	0.000000	225.419788	135.421937	134.889537	208.398371	225.215461	180.000000	134.485456	270.000000	56.870080	90.000000	168.297419	180.000000	136.594651	89.333853	90.000000	0.000000	0.000000	338.081791	0.128907	33.171374	46.594651	180.000000	180.000000	213.129920	111.917703	180.000000	180.000000	173.743370	123.148843	
86.480003	62.894308	160.254600	224.181902	180.000000	90.000000	89.933647	357.714087	315.000000	0.000000	0.000000	326.828626	87.670646	0.000000	225.419788	135.421937	134.889608	208.336703	225.215461	180.000000	134.485456	270.000000	56.870080	90.000000	168.247202	180.000000	136.594651	89.226561	90.000000	0.000000	0.000000	338.081791	0.128907	33.171374	46.594651	180.000000	180.000000	213.129920	111.918124	180.000000	180.000000	173.743370	123.148843	
86.487768	62.894308	160.254600	224.181902	180.000000	90.000000	89.933647	7.397243	315.000000	0.000000	0.000000	326.828626	87.661198	0.000000	225.419788	135.421937	134.889620	208.273754	225.215461	180.000000	134.485456	270.000000	56.870080	90.000000	168.149294	180.000000	136.594651	89.121515	90.000000	0.000000	0.000000	338.081791	0.128907	33.171374	46.594651	180.000000	180.000000	213.129920	111.918195	180.000000	180.000000	173.743370	123.148843	
86.496894	62.894308	160.254600	224.181902	180.000000	90.000000	89.933647	357.721445	315.000000	0.000000	0.000000	326.828626	87.653926	0.000000	225.419788	135.421937	134.889622	208.209530	225.215461	180.000000	134.485456	270.000000	56.870080	90.000000	168.042791	180.000000	136.594651	89.018844	90.000000	0.000000	0.000000	338.081791	0.128907	33.171374	46.594651	180.000000	180.000000	213.129920	111.918207	180.000000	180.000000	173.743370	123.148843	
86.507370	62.894308	160.254600	224.181902	180.000000	90.000000	89.933647	7.344545	315.000000	0.000000	0.000000	326.828626	87.648817	0.000000	225.419788	135.421937	134.889622	208.144036	225.215461	180.000000	134.485456	270.000000	56.870080	90.000000	167.934754	180.000000	136.594651	88.918578	90.000000	0.000000	0.000000	338.081791	0.128907	33.171374	46.594651	180.000000	180.000000	213.129920	111.918209	180.000000	180.000000	173.743370	127.896806	
86.519190	62.894308	160.254600	224.181902	180.000000	90.000000	89.933647	357.692740	315.000000	0.000000	0.000000	326.828626	87.645856	0.000000	225.419788	135.421937	134.889622	208.077276	225.128133	180.000000	134.485456	270.000000	56.870080	90.000000	167.826471	180.000000	136.594651	88.820727	90.000000	0.000000	0.000000	338.081791	0.128907	33.171374	46.594651	180.000000	180.000000	213.129920	111.918209	180.000000	180.000000	173.743370	128.739639	
86.532346	62.894308	160.254600	224.181902	180.000000	90.000000	89.933647	7.288316	315.000000	0.000000	0.000000	326.828626	87.645029	0.000000	225.419788	135.421937	134.889622	203.931903	225.113378	180.000000	134.485456	270.000000	56.870080	90.000000	167.718189	180.000000	136.594651	88.725295	90.000000	0.000000	0.000000	338.081791	0.128907	33.171374	46.594651	180.000000	180.000000	213.129920	111.918209	180.000000	180.000000	173.743370	128.889418	
86.546829	62.894308	160.254600	224.181902	180.000000	90.000000	89.933647	357.668550	315.000000	0.000000	0.000000	326.828626	87.646323	0.000000	225.419788	135.421937	134.889622	203.079806	225.110885	180.000000	134.485456	270.000000	56.870080	90.000000	167.609965	180.000000	136.594651	88.632287	90.000000	0.000000	0.000000	338.081791	0.128907	33.171374	46.594651	180.000000	180.000000	213.129920	111.918209	180.000000	180.000000	173.743370	128.916037	
86.562633	62.894308	160.254600	224.181902	180.000000	90.000000	89.933647	7.235295	315.000000	0.000000	0.000000	326.828626	87.649723	0.000000	225.419788	135.421937	134.889622	202.887042	225.110463	180.000000	134.485456	270.000000	56.870080	90.000000	167.501825	180.000000	136.594651	88.541705	90.000000	0.000000	0.000000	338.081791	0.128907	33.171374	46.594651	180.000000	180.000000	213.129920	111.918209	180.000000	180.000000	173.743370	128.920768	
86.579748	62.894308	160.254600	224.181902	180.000000	90.000000	89.933647	357.649937	315.000000	0.000000	0.000000	326.828626	87.655216	0.000000	225.419788	135.421937	134.889622	202.825432	225.110392	180.000000	134.485456	270.000000	56.870080	90.000000	167.393785	180.000000	136.594651	88.453551	90.000000	0.000000	0.000000	338.081791	0.128907	33.171374	46.594651	180.000000	180.000000	213.129920	111.918209	180.000000	180.000000	173.743370	128.921609	
86.598168	62.894308	160.254600	224.181902	180.000000	90.000000	89.933647	7.185672	315.000000	0.000000	0.000000	326.828626	87.662787	0.000000	225.419788	135.421937	134.889622	202.789117	225.110380	180.000000	134.485456	270.000000	56.870080	90.000000	167.285863	180.000000	136.594651	88.367825	90.000000	0.000000	0.000000	338.081791	0.128907	33.171374	46.594651	180.000000	180.000000	213.129920	111.918209	180.000000	180.000000	173.743370	128.921759	
86.617884	62.894308	160.254600	224.181902	180.000000	90.000000	89.933647	357.636885	315.000000	0.000000	0.000000	326.828626	87.672421	0.000000	225.419788	135.421937	134.889622	202.756923	225.110378	180.000000	134.485456	270.000000	56.870080	90.000000	167.178076	180.000000	136.594651	88.284528	90.000000	0.000000	0.000000	338.081791	0.128907	33.171374	46.594651	180.000000	180.000000	213.129920	111.918209	180.000000	180.000000	173.743370	128.921785	
86.638888	62.894308	160.254600	224.181902	180.000000	90.000000	89.933647	7.139455	315.000000	0.000000	0.000000	326.828626	87.684105	0.000000	225.419788	135.421937	134.889622	202.724627	225.110378	180.000000	134.485456	270.000000	56.870080	90.000000	167.070441	180.000000	136.594651	88.203660	90.000000	0.000000	0.000000	338.081791	0.128907	33.171374	46.594651	180.000000	180.000000	213.129920	111.918209	180.000000	180.000000	173.743370	128.921790	
96.766375	62.894308	160.254600	224.181902	180.000000	90.000000	89.933647	357.629350	315.000000	0.000000	0.000000	326.828626	87.697825	0.000000	225.419788	135.421937	134.889622	202.691392	225.110378	180.000000	134.485456	270.000000	56.870080	90.000000	166.962974	180.000000	136.594651	88.125218	90.000000	0.000000	0.000000	338.081791	0.128907	33.171374	46.594651	180.000000	180.000000	213.129920	111.918209	180.000000	180.000000	173.743370	128.921791	
88.266022	62.894308	160.254600	224.181902	180.000000	90.000000	89.933647	7.096651	315.000000	0.000000	0.000000	326.828626	87.713564	0.000000	225.419788	135.421937	134.889622	202.657055	225.110378	180.000000	134.485456	270.000000	56.870080	90.000000	166.855695	180.000000	136.594651	88.049202	90.000000	0.000000	0.000000	338.081791	0.128907	33.171374	46.594651	180.000000	180.000000	213.129920	111.918209	180.000000	180.000000	173.743370	128.921791	
86.896011	62.894308	160.254600	224.181902	180.000000	90.000000	89.933647	357.627284	315.000000	0.000000	0.000000	326.828626	87.731311	0.000000	225.419788	135.421937	134.889622	202.621590	225.110378	180.000000	134.485456	270.000000	56.870080	90.000000	166.748619	180.000000	136.594651	87.975608	90.000000	0.000000	0.000000	338.081791	0.128907	33.171374	46.594651	180.000000	180.000000	213.129920	111.918209	180.000000	180.000000	173.743370	128.921791	
96.736977	62.894308	160.254600	224.181902	180.000000	90.000000	89.933647	7.057260	315.000000	0.000000	0.000000	326.828626	87.751049	0.000000	225.419788	135.421937	134.889622	202.584997	225.110378	180.000000	134.485456	270.000000	56.870080	90.000000	166.641766	180.000000	136.594651	87.904433	90.000000	0.000000	0.000000	338.081791	0.128907	33.171374	46.594651	180.000000	180.000000	213.129920	111.918209	180.000000	180.000000	173.743370	128.921791	
88.254093	62.894308	160.254600	224.181902	180.000000	90.000000	89.933647	357.630640	315.000000	0.000000	0.000000	326.828626	87.772765	0.000000	225.419788	135.421937	134.889622	202.547281	225.110378	180.000000	134.485456	270.000000	56.870080	90.000000	166.535153	180.000000	136.594651	87.835674	90.000000	0.000000	0.000000	338.081791	0.128907	33.171374	46.594651	180.000000	180.000000	213.129920	111.918209	180.000000	180.000000	173.743370	128.921791	
86.891544	62.894308	160.254600	224.181902	180.000000	90.000000	89.933647	7.021287	315.000000	0.000000	0.000000	326.828626	87.796444	0.000000	225.419788	135.421937	134.889622	202.508448	225.110378	180.000000	134.485456	270.000000	56.870080	90.000000	166.428798	180.000000	136.594651	87.769325	90.000000	0.000000	0.000000	338.081791	0.128907	33.171374	46.594651	180.000000	180.000000	213.129920	111.918209	180.000000	180.000000	173.743370	128.921791	
96.670141	62.894308	160.254600	224.181902	180.000000	90.000000	89.933647	357.639370	315.000000	0.000000	0.000000	326.828626	87.822071	0.000000	225.419788	135.421937	134.889622	202.468507	225.110378	180.000000	134.485456	270.000000	56.870080	90.000000	166.322720	180.000000	136.594651	87.705381	90.000000	0.000000	0.000000	338.081791	0.128907	33.171374	46.594651	180.000000	180.000000	213.129920	111.918209	180.000000	180.000000	173.743370	128.921791	
88.247120	62.894308	160.254600	224.181902	180.000000	90.000000	89.933647	6.988731	315.000000	0.000000	0.000000	326.828626	95.703768	0.000000	225.419788	135.421937	134.889622	202.427462	225.110378	180.000000	134.485456	270.000000	56.870080	90.000000	166.216937	180.000000	136.594651	87.643838	90.000000	0.000000	0.000000	338.081791	0.128907	33.171374	46.594651	180.000000	180.000000	213.129920	111.918209	180.000000	180.000000	173.743370	128.921791	
96.834070	62.894308	160.248607	224.181902	180.000000	90.000000	89.933647	357.653427	315.000000	0.000000	0.000000	326.828626	89.296256	0.000000	225.419788	135.421937	134.889622	202.385323	225.110378	180.000000	134.485456	270.000000	56.870080	90.000000	166.111468	180.000000	136.594651	87.584688	90.000000	0.000000	0.000000	338.081791	0.128907	33.171374	46.594651	180.000000	180.000000	213.129920	111.918209	180.000000	180.000000	173.743370	128.921791	
88.258164	62.894308	160.155098	224.181902	180.000000	90.000000	89.933647	6.959593	315.000000	0.000000	0.000000	326.828626	88.107319	0.000000	225.419788	135.421937	134.889622	202.342096	225.110378	180.000000	134.485456	270.000000	56.870080	90.000000	166.006331	180.000000	136.594651	87.527925	90.000000	0.000000	0.000000	338.081791	0.128907	33.171374	46.594651	180.000000	180.000000	213.129920	111.918209	180.000000	180.000000	173.743370	128.921791	
96.779723	62.894308	160.045061	224.181902	180.000000	90.000000	89.933647	357.672762	315.000000	0.000000	0.000000	326.828626	95.660448	0.000000	225.419788	135.421937	134.889622	202.297789	225.110378	180.000000	134.485456	270.000000	56.870080	90.000000	165.901545	180.000000	136.594651	87.473541	90.000000	0.000000	0.000000	338.081791	0.128907	33.171374	46.594651	180.000000	180.000000	213.129920	111.918209	180.000000	180.000000	173.743370	128.921791	
88.238887	62.894308	159.931886	224.181902	180.000000	90.000000	89.933647	6.933873	315.000000	0.000000	0.000000	326.828626	89.298882	0.000000	225.419788	135.421937	134.889622	202.252410	225.110378	180.000000	134.485456	270.000000	56.870080	90.000000	165.797130	180.000000	136.594651	87.421529	90.000000	0.000000	0.000000	338.081791	0.128907	33.171374	46.594651	180.000000	180.000000	213.129920	111.918209	180.000000	180.000000	173.743370	128.921791	
96.722922	62.894308	159.818117	224.181902	180.000000	90.000000	89.933647	357.697326	315.000000	0.000000	0.000000	326.828626	95.810257	0.000000	225.419788	135.421937	134.889622	202.205966	225.110378	180.000000	134.485456	270.000000	56.870080	90.000000	165.693104	180.000000	136.594651	87.371881	90.000000	0.000000	0.000000	338.081791	0.128907	33.171374	46.594651	180.000000	180.000000	213.129920	111.918209	180.000000	180.000000	173.743370	128.921791	
88.224334	62.894308	159.704252	224.181902	180.000000	90.000000	89.933647	6.911569	315.000000	0.000000	0.000000	326.828626	89.319343	0.000000	225.419788	135.421937	134.889622	202.158465	225.110378	180.000000	134.485456	270.000000	56.870080	90.000000	165.589487	180.000000	136.594651	87.324588	90.000000	0.000000	0.000000	338.081791	0.128907	33.171374	46.594651	180.000000	180.000000	213.129920	111.918209	180.000000	180.000000	173.743370	128.921791	
96.669449	62.894308	159.590400	224.181902	180.000000	90.000000	89.933647	357.727071	315.000000	0.000000	0.000000	326.828626	95.739872	0.000000	225.419788	135.421937	134.889622	202.109915	225.110378	180.000000	134.485456	270.000000	56.870080	90.000000	165.486298	180.000000	136.594651	87.279641	90.000000	0.000000	0.000000	338.081791	0.128907	33.171374	46.594651	180.000000	180.000000	213.129920	111.918209	180.000000	180.000000	173.743370	128.921791	
88.215397	62.894308	159.476596	224.181902	180.000000	90.000000	89.933647	6.892679	315.000000	0.000000	0.000000	326.828626	89.305703	0.000000	225.419788	135.421937	134.889622	202.060326	225.110378	180.000000	134.485456	270.000000	56.870080	90.000000	165.383556	180.000000	136.594651	87.237031	90.000000	0.000000	0.000000	338.081791	0.128907	33.171374	46.594651	180.000000	180.000000	213.129920	111.918209	180.000000	180.000000	173.743370	128.921791	
96.619465	62.894308	159.362864	224.181902	180.000000	90.000000	89.933647	357.761950	315.000000	0.000000	0.000000	326.828626	95.666781	0.000000	225.419788	135.421937	134.889622	202.009704	225.110378	180.000000	134.485456	270.000000	56.870080	90.000000	165.281281	180.000000	136.594651	87.196747	90.000000	0.000000	0.000000	338.081791	0.128907	33.171374	46.594651	180.000000	180.000000	213.129920	111.918209	180.000000	180.000000	173.743370	128.921791	
88.212054	62.894308	159.249222	224.181902	180.000000	90.000000	89.933647	6.877200	315.000000	0.000000	0.000000	326.828626	89.299000	0.000000	225.419788	135.421937	134.889622	201.958058	225.110378	180.000000	134.485456	270.000000	56.870080	90.000000	165.179493	180.000000	136.594651	87.158779	90.000000	0.000000	0.000000	338.081791	0.128907	33.171374	46.594651	180.000000	180.000000	213.129920	111.918209	180.000000	180.000000	173.743370	128.921791	
96.572976	62.894308	159.135690	224.181902	180.000000	90.000000	89.933647	357.801913	315.000000	0.000000	0.000000	326.828626	95.598871	0.000000	225.419788	135.421937	134.889622	201.905397	225.110378	180.000000	134.485456	270.000000	56.870080	90.000000	165.078211	180.000000	136.594651	87.123117	90.000000	0.000000	0.000000	338.081791	0.128907	33.171374	46.594651	180.000000	180.000000	213.129920	111.918209	180.000000	180.000000	173.743370	128.921791	
88.214261	62.894308	159.022287	224.181902	180.000000	90.000000	89.933647	6.865128	315.000000	0.000000	0.000000	326.828626	89.300644	0.000000	225.419788	135.421937	134.889622	201.851730	225.110378	180.000000	134.485456	270.000000	56.870080	90.000000	164.977456	180.000000	136.594651	87.089751	90.000000	0.000000	0.000000	338.081791	0.128907	33.171374	46.594651	180.000000	180.000000	213.129920	111.918209	180.000000	180.000000	173.743370	128.921791	
96.529987	62.894308	158.909034	224.181902	180.000000	90.000000	89.933647	357.846912	315.000000	0.000000	0.000000	326.828626	95.536434	0.000000	225.419788	135.421937	134.889622	201.797064	225.110378	180.000000	134.485456	270.000000	56.870080	90.000000	164.877246	180.000000	136.594651	87.058668	90.000000	0.000000	0.000000	338.081791	0.128907	33.171374	46.594651	180.000000	180.000000	213.129920	111.918209	180.000000	180.000000	173.743370	128.921791	
88.221968	62.894308	158.795951	224.181902	180.000000	90.000000	89.933647	6.856459	315.000000	0.000000	0.000000	326.828626	89.310608	0.000000	225.419788	135.421937	134.889622	201.741410	225.110378	180.000000	134.485456	270.000000	56.870080	90.000000	164.777602	180.000000	136.594651	87.029858	90.000000	0.000000	0.000000	338.081791	0.128907	33.171374	46.594651	180.000000	180.000000	213.129920	111.918209	180.000000	180.000000	173.743370	128.921791	
96.490500	62.894308	158.683057	224.181902	180.000000	90.000000	89.933647	357.896900	315.000000	0.000000	0.000000	326.828626	95.479482	0.000000	225.419788	135.421937	134.889622	201.684775	225.110378	180.000000	134.485456	270.000000	56.870080	90.000000	164.678544	180.000000	136.594651	87.003308	90.000000	0.000000	0.000000	338.081791	0.128907	33.171374	46.594651	180.000000	180.000000	213.129920	111.918209	180.000000	180.000000	173.743370	128.921791	
88.235129	62.894308	158.570374	224.181902	180.000000	90.000000	89.933647	6.851189	315.000000	0.000000	0.000000	326.828626	89.328809	0.000000	225.419788	135.421937	134.889622	201.627168	225.110378	180.000000	134.485456	270.000000	56.870080	90.000000	164.580091	180.000000	136.594651	86.979007	90.000000	0.000000	0.000000	338.081791	0.128907	33.171374	46.594651	180.000000	180.000000	213.129920	111.918209	180.000000	180.000000	173.743370	128.921791	
96.454516	62.894308	158.457922	224.181902	180.000000	90.000000	89.933647	357.951829	315.000000	0.000000	0.000000	326.828626	95.428013	0.000000	225.419788	135.421937	134.889622	201.568599	225.110378	180.000000	134.485456	270.000000	56.870080	90.000000	164.482264	180.000000	136.594651	86.956942	90.000000	0.000000	0.000000	338.081791	0.128907	33.171374	46.594651	180.000000	180.000000	213.129920	111.918209	180.000000	180.000000	173.743370	128.921791	
88.253695	62.894308	158.345723	224.181902	180.000000	90.000000	89.933647	6.849311	315.000000	0.000000	0.000000	326.828626	89.355164	0.000000	225.419788	135.421937	134.889622	201.509077	225.110378	180.000000	134.485456	270.000000	56.870080	90.000000	164.385083	180.000000	136.594651	86.937101	90.000000	0.000000	0.000000	338.081791	0.128907	33.171374	46.594651	180.000000	180.000000	213.129920	111.918209	180.000000	180.000000	173.743370	128.921791	
96.422036	55.651701	158.233796	224.181902	180.000000	90.000000	89.933647	358.011651	315.000000	0.000000	0.000000	326.828626	95.382026	0.000000	225.419788	135.421937	134.889622	201.448610	225.110378	180.000000	134.485456	270.000000	56.870080	90.000000	164.288567	180.000000	136.594651	86.919472	90.000000	0.000000	0.000000	338.081791	0.128907	33.171374	46.594651	180.000000	180.000000	213.129920	111.918209	180.000000	180.000000	173.743370	128.921791	
88.277618	54.430919	158.122163	224.181902	180.000000	90.000000	89.933647	6.850820	315.000000	0.000000	0.000000	326.828626	89.389588	0.000000	225.419788	135.421937	134.889622	201.387208	225.110378	180.000000	134.485456	270.000000	56.870080	90.000000	164.192738	180.000000	136.594651	86.904041	90.000000	0.000000	0.000000	338.081791	0.128907	33.171374	46.594651	180.000000	180.000000	213.129920	111.918209	180.000000	180.000000	173.743370	128.921791	
96.393058	54.224629	158.010847	224.181902	180.000000	90.000000	89.933647	8.308321	315.000000	0.000000	0.000000	326.828626	95.341513	0.000000	225.419788	135.421937	134.889622	201.324880	225.110378	180.000000	134.485456	270.000000	56.870080	90.000000	164.097614	180.000000	136.594651	86.890795	90.000000	0.000000	0.000000	338.081791	0.128907	33.171374	46.594651	180.000000	180.000000	213.129920	111.918209	180.000000	180.000000	173.743370	128.921791	
88.306849	54.189766	157.899868	224.181902	180.000000	90.000000	89.933647	358.308556	315.000000	0.000000	0.000000	326.828626	96.444611	0.000000	225.419788	135.421937	134.889622	201.261635	225.110378	180.000000	134.485456	270.000000	56.870080	90.000000	164.003216	180.000000	136.594651	86.879722	90.000000	0.000000	0.000000	338.081791	0.128907	33.171374	46.594651	180.000000	180.000000	213.129920	111.918209	180.000000	180.000000	173.743370	128.921791	
96.367580	54.183873	157.789249	224.181902	180.000000	90.000000	89.933647	6.864011	315.000000	0.000000	0.000000	326.828626	89.633811	0.000000	225.419788	135.421937	134.889622	201.197483	225.110378	180.000000	134.485456	270.000000	56.870080	90.000000	163.909565	180.000000	136.594651	86.870808	90.000000	0.000000	0.000000	338.081791	0.128907	33.171374	46.594651	180.000000	180.000000	213.129920	111.918209	180.000000	180.000000	173.743370	128.921791	
88.341340	54.182878	157.679010	224.181902	180.000000	90.000000	89.933647	8.276444	315.000000	0.000000	0.000000	326.828626	95.300146	0.000000	225.419788	135.421937	134.889622	201.132432	225.110378	180.000000	134.485456	270.000000	56.870080	90.000000	163.816679	180.000000	136.594651	86.864039	90.000000	0.000000	0.000000	338.081791	0.128907	33.171374	46.594651	180.000000	180.000000	213.129920	111.918209	180.000000	180.000000	173.743370	128.921791	
96.345601	54.182709	157.569176	224.181902	180.000000	90.000000	89.933647	8.486233	315.000000	0.000000	0.000000	326.828626	96.352184	0.000000	225.419788	135.421937	134.889622	201.066492	225.110378	180.000000	134.485456	270.000000	56.870080	90.000000	163.724580	180.000000	136.594651	86.859402	90.000000	0.000000	0.000000	338.081791	0.128907	33.171374	46.594651	180.000000	180.000000	213.129920	111.918209	180.000000	180.000000	173.743370	128.921791	
88.381043	54.182681	157.459767	224.181902	180.000000	90.000000	89.933647	8.493395	315.000000	0.000000	0.000000	326.828626	96.513262	0.000000	225.419788	135.421937	134.889622	200.999672	225.110378	180.000000	134.485456	270.000000	56.870080	90.000000	163.633286	180.000000	136.594651	86.856883	90.000000	0.000000	0.000000	338.081791	0.128907	33.171374	46.594651	180.000000	180.000000	213.129920	111.918209	180.000000	180.000000	173.743370	128.921791	
96.327117	54.182676	157.350806	224.181902	180.000000	90.000000	89.933647	8.467058	315.000000	0.000000	0.000000	326.828626	96.502974	0.000000	225.419788	135.421937	134.889622	200.931982	225.110378	180.000000	134.485456	270.000000	56.870080	90.000000	163.542819	180.000000	136.594651	86.856468	90.000000	0.000000	0.000000	338.081791	0.128907	33.171374	46.594651	180.000000	180.000000	213.129920	111.918209	180.000000	180.000000	173.743370	128.921791	
88.425908	54.182675	157.242316	224.181902	180.000000	90.000000	89.933647	8.435832	315.000000	0.000000	0.000000	326.828626	96.460677	0.000000	225.419788	135.421937	134.889622	200.863430	225.110378	180.000000	134.485456	270.000000	56.870080	90.000000	167.498349	180.000000	136.594651	86.858144	90.000000	0.000000	0.000000	338.081791	0.128907	33.171374	46.594651	180.000000	180.000000	213.129920	111.918209	180.000000	180.000000	173.743370	128.921791	
96.312123	54.182675	157.134319	224.181902	180.000000	90.000000	89.933647	8.404560	315.000000	0.000000	0.000000	326.828626	96.413371	0.000000	225.419788	135.421937	134.889622	200.794026	225.110378	180.000000	134.485456	270.000000	56.870080	90.000000	168.199941	180.000000	136.594651	86.861897	90.000000	0.000000	0.000000	338.081791	0.128907	33.171374	46.594651	180.000000	180.000000	213.129920	111.918209	180.000000	180.000000	173.743370	128.921791	
88.475889	54.182675	157.026838	224.181902	180.000000	90.000000	89.933647	8.374061	315.000000	0.000000	0.000000	326.828626	96.366290	0.000000	225.419788	135.421937	134.889622	200.723780	225.110378	180.000000	134.485456	270.000000	56.870080	90.000000	168.259787	180.000000	136.594651	86.867712	90.000000	0.000000	0.000000	338.081791	0.128907	33.171374	46.594651	180.000000	180.000000	213.129920	111.918209	180.000000	180.000000	173.743370	128.921791	
96.300615	54.182675	156.919896	224.181902	180.000000	90.000000	89.933647	8.344478	315.000000	0.000000	0.000000	326.828626	96.320452	0.000000	225.419788	135.421937	134.889622	200.652701	225.110378	180.000000	134.485456	270.000000	56.870080	90.000000	168.193056	180.000000	136.594651	86.875575	90.000000	0.000000	0.000000	338.081791	0.128907	33.171374	46.594651	180.000000	180.000000	213.129920	111.918209	180.000000	180.000000	173.743370	128.921791	
97.571064	54.182675	156.813515	224.181902	180.000000	90.000000	89.933647	8.315836	315.000000	0.000000	0.000000	326.828626	96.276058	0.000000	225.419788	135.421937	134.889622	200.580797	225.110378	180.000000	134.485456	270.000000	56.870080	90.000000	168.101569	180.000000	136.594651	86.885472	90.000000	0.000000	0.000000	338.081791	0.128907	33.171374	46.594651	180.000000	180.000000	213.129920	111.918209	180.000000	180.000000	173.743370	128.921791	
88.731506	54.182675	156.707719	224.181902	180.000000	90.000000	89.933647	8.288141	315.000000	0.000000	0.000000	326.828626	91.313938	0.000000	225.419788	135.421937	134.889622	200.508078	225.110378	180.000000	134.485456	270.000000	56.870080	90.000000	168.005489	180.000000	136.594651	86.897390	90.000000	0.000000	0.000000	338.081791	0.128907	33.171374	46.594651	180.000000	180.000000	213.129920	111.918209	180.000000	180.000000	173.743370	128.921791	
96.292495	54.182675	156.602531	224.181902	180.000000	90.000000	89.933647	8.261396	315.000000	0.000000	0.000000	326.828626	90.342291	0.000000	225.419788	135.421937	134.889622	200.434554	225.110378	180.000000	134.485456	270.000000	56.870080	90.000000	167.908826	180.000000	136.594651	86.911313	90.000000	0.000000	0.000000	338.081791	0.128907	33.171374	46.594651	180.000000	180.000000	213.129920	111.918209	180.000000	180.000000	173.743370	128.921791	
97.521754	54.182675	156.497973	224.181902	180.000000	90.000000	89.933647	8.235602	315.000000	0.000000	0.000000	326.828626	90.127748	0.000000	225.419788	135.421937	134.889622	200.360233	225.110378	180.000000	134.485456	270.000000	56.870080	90.000000	167.812389	180.000000	136.594651	86.927228	90.000000	0.000000	0.000000	338.081791	0.128907	33.171374	46.594651	180.000000	180.000000	213.129920	111.918209	180.000000	180.000000	173.743370	128.921791	
97.695646	54.182675	156.394069	224.181902	180.000000	90.000000	89.933647	8.210763	315.000000	0.000000	0.000000	326.828626	90.057902	0.000000	225.419788	135.421937	134.889622	200.285125	225.110378	180.000000	134.485456	270.000000	56.870080	90.000000	167.716349	180.000000	136.594651	86.945121	90.000000	0.000000	0.000000	338.081791	0.128907	33.171374	46.594651	180.000000	180.000000	213.129920	111.918209	180.000000	180.000000	173.743370	128.921791	
97.693766	54.182675	156.290842	224.181902	180.000000	90.000000	89.933647	8.186879	315.000000	0.000000	0.000000	326.828626	90.016549	0.000000	225.419788	135.421937	134.889622	200.209238	225.110378	180.000000	134.485456	270.000000	51.959399	90.000000	167.620756	180.000000	136.594651	86.964976	90.000000	0.000000	0.000000	338.081791	0.128907	37.962153	46.594651	180.000000	180.000000	213.129920	111.918209	180.000000	180.000000	173.743370	128.921791	
97.663272	54.182675	156.188315	224.181902	180.000000	90.000000	89.933647	8.163953	315.000000	0.000000	0.000000	326.828626	89.981644	0.000000	225.419788	135.421937	134.889622	200.132582	225.110378	180.000000	134.485456	270.000000	51.218986	90.000000	167.525629	180.000000	136.594651	86.986781	90.000000	0.000000	0.000000	338.081791	0.128907	38.770766	46.594651	180.000000	180.000000	213.129920	111.918209	180.000000	180.000000	173.743370	128.921791	
97.628787	54.182675	156.086512	224.181902	180.000000	90.000000	89.933647	8.141986	315.000000	0.000000	0.000000	326.828626	89.949004	0.000000	225.419788	135.421937	134.889622	200.055166	225.110378	180.000000	134.485456	270.000000	51.107216	90.000000	167.430987	180.000000	136.594651	87.010521	90.000000	0.000000	0.000000	338.081791	0.128907	38.907401	46.594651	180.000000	180.000000	213.129920	111.918209	180.000000	180.000000	173.743370	128.921791	
97.594436	54.182675	155.985455	224.181902	180.000000	90.000000	89.933647	8.120980	315.000000	0.000000	0.000000	326.828626	89.917835	0.000000	225.419788	135.421937	134.889622	199.976998	225.110378	180.000000	134.485456	270.000000	51.090343	90.000000	167.336845	180.000000	136.594651	87.036181	90.000000	0.000000	0.000000	338.081791	0.128907	38.930491	46.594651	180.000000	180.000000	213.129920	111.918209	180.000000	180.000000	173.743370	128.921791	
97.560910	54.182675	155.885168	224.181902	180.000000	90.000000	89.933647	8.100936	315.000000	0.000000	0.000000	326.828626	89.887986	0.000000	225.419788	135.421937	134.889622	199.898088	225.110378	180.000000	134.485456	270.000000	51.087795	90.000000	167.243218	180.000000	136.594651	96.200610	90.000000	0.000000	0.000000	338.081791	0.128907	38.934393	46.594651	180.000000	180.000000	213.129920	111.918209	180.000000	180.000000	173.743370	128.921791	
97.528328	54.182675	155.785674	224.181902	180.000000	90.000000	89.933647	8.081856	315.000000	0.000000	0.000000	326.828626	89.859425	0.000000	225.419788	135.421937	134.889622	208.891392	225.110378	180.000000	134.485456	270.000000	51.087411	90.000000	167.150123	180.000000	135.949304	88.762116	90.000000	0.000000	0.000000	338.081791	0.128907	38.935052	46.594651	180.000000	180.000000	213.129920	111.918209	180.000000	180.000000	173.743370	128.921791	
97.496711	54.182675	155.686995	224.181902	180.000000	90.000000	89.933647	8.063741	315.000000	0.000000	0.000000	326.828626	89.832146	0.000000	225.419788	135.421937	134.889622	201.351232	225.110378	180.000000	134.485456	270.000000	51.087353	90.000000	167.057575	180.000000	135.840268	87.363355	90.000000	0.000000	0.000000	338.081791	0.128907	38.935164	46.594651	180.000000	180.000000	213.129920	111.918209	180.000000	180.000000	173.743370	128.921791	
97.466065	54.182675	155.589156	224.181902	180.000000	90.000000	89.933647	1.116436	315.000000	0.000000	0.000000	326.828626	89.806145	0.000000	225.419788	135.421937	134.889622	209.103074	225.110378	180.000000	134.485456	270.000000	51.087344	90.000000	166.965589	180.000000	135.821844	96.175857	90.000000	0.000000	0.000000	338.081791	0.128907	38.935182	46.594651	180.000000	180.000000	213.129920	111.918209	180.000000	180.000000	173.743370	128.921791	
97.436392	54.182675	155.492179	224.181902	180.000000	90.000000	89.933647	359.971408	315.000000	0.000000	0.000000	326.828626	89.781419	0.000000	225.419788	135.421937	134.889622	201.226148	225.110378	180.000000	134.485456	270.000000	51.087343	90.000000	166.874181	180.000000	135.818731	88.757872	90.000000	0.000000	0.000000	338.081791	0.128907	38.935186	46.594651	180.000000	180.000000	213.129920	111.918209	180.000000	180.000000	173.743370	128.921791	
97.407696	54.182675	155.396087	224.181902	180.000000	90.000000	89.933647	359.773741	315.000000	0.000000	0.000000	326.828626	89.757967	0.000000	225.419788	135.421937	134.889622	209.000353	225.110378	180.000000	134.485456	270.000000	51.087342	90.000000	166.783366	180.000000	135.818205	87.369160	90.000000	0.000000	0.000000	338.081791	0.128907	38.935186	46.594651	180.000000	180.000000	213.129920	111.918209	180.000000	180.000000	173.743370	128.921791	
97.379978	54.182675	155.300903	224.181902	180.000000	90.000000	89.933647	359.731682	315.000000	0.000000	0.000000	326.828626	89.735786	0.000000	225.419788	135.421937	134.889622	201.042015	225.110378	180.000000	134.485456	270.000000	51.087342	90.000000	166.693160	180.000000	135.818116	96.097232	90.000000	0.000000	0.000000	338.081791	0.128907	38.935186	46.594651	180.000000	180.000000	213.129920	111.918209	180.000000	180.000000	173.743370	128.921791	
97.353239	54.182675	155.206651	224.181902	180.000000	90.000000	89.933647	359.715714	315.000000	0.000000	0.000000	326.828626	89.714873	0.000000	225.419788	135.421937	134.889622	208.881084	225.110378	180.000000	134.485456	270.000000	51.087342	90.000000	166.603577	180.000000	135.818101	88.759137	90.000000	0.000000	0.000000	338.081791	0.128907	38.935186	46.594651	180.000000	180.000000	213.129920	111.918209	180.000000	180.000000	173.743370	128.921791	
97.327483	54.182675	155.113351	224.181902	180.000000	90.000000	89.933647	359.704658	315.000000	0.000000	0.000000	326.828626	89.695224	0.000000	225.419788	135.421937	134.889622	200.852345	225.110378	180.000000	134.485456	270.000000	51.087342	90.000000	166.514634	180.000000	135.818099	96.296801	90.000000	0.000000	0.000000	338.081791	0.128907	38.935186	46.594651	180.000000	180.000000	213.129920	111.918209	180.000000	180.000000	173.743370	128.921791	
97.302710	54.182675	155.021029	224.181902	180.000000	90.000000	89.933647	359.695050	315.000000	0.000000	0.000000	326.828626	89.676836	0.000000	225.419788	135.421937	134.889622	208.755836	225.110378	180.000000	134.485456	270.000000	51.087342	90.000000	166.426345	180.000000	135.818098	88.789703	90.000000	0.000000	0.000000	338.081791	0.128907	38.935186	46.594651	180.000000	180.000000	213.129920	111.918209	180.000000	180.000000	173.743370	128.921791	
70.757337	54.182675	154.929705	224.181902	180.000000	90.000000	89.933647	359.686323	315.000000	0.000000	0.000000	326.828626	89.659707	0.000000	225.419788	135.421937	134.889622	200.659079	225.110378	180.000000	134.485456	270.000000	51.087342	90.000000	166.338725	180.000000	135.818098	96.237998	90.000000	0.000000	0.000000	338.081791	0.128907	38.935186	46.594651	180.000000	180.000000	213.129920	111.918209	180.000000	180.000000	173.743370	128.921791	
66.883723	54.182675	154.839402	224.181902	180.000000	90.000000	89.933647	359.678382	315.000000	0.000000	0.000000	326.828626	89.643832	0.000000	225.419788	135.421937	134.889622	208.625091	225.110378	180.000000	134.485456	270.000000	51.087342	90.000000	166.251789	180.000000	135.818098	88.778370	90.000000	0.000000	0.000000	338.081791	0.128907	38.935186	46.594651	180.000000	180.000000	213.129920	111.918209	180.000000	180.000000	173.743370	128.921791	
66.332427	54.182675	154.750144	224.181902	180.000000	90.000000	89.933647	359.671210	315.000000	0.000000	0.000000	326.828626	89.629208	0.000000	225.419788	135.421937	134.889622	200.462350	225.110378	180.000000	134.485456	270.000000	51.087342	90.000000	166.165553	180.000000	135.818098	96.174830	90.000000	0.000000	0.000000	338.081791	0.128907	38.935186	46.594651	180.000000	180.000000	213.129920	111.918209	180.000000	180.000000	173.743370	128.921791	
66.287375	54.182675	154.661951	224.181902	180.000000	90.000000	89.933647	359.664804	315.000000	0.000000	0.000000	326.828626	89.615831	0.000000	225.419788	135.421937	134.889622	208.488975	225.110378	180.000000	134.485456	270.000000	51.087342	90.000000	166.080030	180.000000	135.818098	88.773470	90.000000	0.000000	0.000000	338.081791	0.128907	38.935186	46.594651	180.000000	180.000000	213.129920	111.918209	180.000000	180.000000	173.743370	128.921791	
66.319801	54.182675	154.574847	224.181902	180.000000	90.000000	89.933647	359.659160	315.000000	0.000000	0.000000	326.828626	89.603697	0.000000	225.419788	135.421937	134.889622	200.262226	225.110378	180.000000	134.485456	270.000000	51.087342	90.000000	165.995236	180.000000	135.818098	96.116655	90.000000	0.000000	0.000000	338.081791	0.128907	38.935186	46.594651	180.000000	180.000000	213.129920	111.918209	180.000000	180.000000	173.743370	128.921791	
66.364407	54.182675	154.488852	224.181902	180.000000	90.000000	89.933647	359.654277	315.000000	0.000000	0.000000	326.828626	89.592803	0.000000	225.249984	135.421937	134.889622	208.347599	225.110378	180.000000	134.485456	270.000000	51.087342	90.000000	165.911185	180.000000	135.818098	88.776704	90.000000	0.000000	0.000000	338.081791	0.128907	38.935186	46.594651	180.000000	180.000000	213.129920	111.918209	180.000000	180.000000	173.743370	128.921791	
66.411250	54.182675	154.403989	224.181902	180.000000	90.000000	89.933647	359.650152	315.000000	0.000000	0.000000	326.828626	89.583143	0.000000	225.221294	135.421937	134.889622	209.823262	225.110378	180.000000	134.485456	270.000000	51.087342	90.000000	165.827892	180.000000	135.818098	96.063820	90.000000	0.000000	0.000000	338.081791	0.128907	38.935186	46.594651	180.000000	180.000000	213.129920	111.918209	180.000000	180.000000	173.743370	128.921791	
66.458817	54.182675	154.320279	224.181902	180.000000	90.000000	89.933647	359.623933	315.000000	0.000000	0.000000	326.828626	89.574713	0.000000	225.216446	135.421937	134.889622	210.029121	225.110378	180.000000	134.485456	270.000000	51.087342	90.000000	165.745371	180.000000	135.818098	88.788054	90.000000	0.000000	0.000000	338.081791	0.128907	38.935186	46.594651	180.000000	180.000000	213.129920	111.918209	180.000000	180.000000	173.743370	128.921791	
66.506873	54.182675	161.088359	224.181902	180.000000	90.000000	89.933647	359.527799	315.000000	0.000000	0.000000	326.828626	89.567510	0.000000	225.215627	135.421937	134.889622	209.989883	225.110378	180.000000	134.485456	270.000000	51.087342	90.000000	165.663636	180.000000	135.818098	96.016339	90.000000	0.000000	0.000000	338.081791	0.128907	38.935186	46.594651	180.000000	180.000000	213.129920	111.918209	180.000000	180.000000	173.743370	128.921791	
66.555380	54.182675	162.438501	224.181902	180.000000	90.000000	89.933647	359.421417	315.000000	0.000000	0.000000	326.828626	89.561527	0.000000	225.215489	135.421937	134.889622	209.902536	225.110378	180.000000	134.485456	270.000000	51.087342	90.000000	165.582701	180.000000	135.818098	88.807440	90.000000	0.000000	0.000000	338.081791	0.128907	38.935186	46.594651	180.000000	180.000000	213.129920	111.918209	180.000000	180.000000	173.743370	128.921791	
66.604331	54.182675	162.647464	224.181902	180.000000	90.000000	89.933647	359.314619	315.000000	0.000000	0.000000	326.828626	89.556761	0.000000	225.215466	135.421937	134.889622	209.804893	225.110378	180.000000	134.485456	270.000000	51.087342	90.000000	165.502581	180.000000	135.818098	95.974210	90.000000	0.000000	0.000000	338.081791	0.128907	38.935186	46.594651	180.000000	180.000000	213.129920	111.918209	180.000000	180.000000	173.743370	128.921791	
66.653722	54.182675	162.615601	224.181902	180.000000	90.000000	89.933647	359.209034	315.000000	0.000000	0.000000	326.828626	89.553207	0.000000	225.215462	135.421937	134.889622	209.704207	225.110378	180.000000	134.485456	270.000000	51.087342	90.000000	165.423288	180.000000	135.818098	88.834777	90.000000	0.000000	0.000000	338.081791	0.128907	38.935186	46.594651	180.000000	180.000000	213.129920	111.918209	180.000000	180.000000	173.743370	128.921791	
66.703548	54.182675	162.533162	224.181902	180.000000	90.000000	89.933647	359.104937	315.000000	0.000000	0.000000	326.828626	89.550859	0.000000	225.215461	135.421937	134.889622	209.601874	225.110378	180.000000	134.485456	270.000000	51.087342	90.000000	165.344838	180.000000	135.818098	95.937429	90.000000	0.000000	0.000000	338.081791	0.128907	38.935186	46.594651	180.000000	180.000000	213.129920	111.918209	180.000000	180.000000	173.743370	128.921791	
66.753808	54.182675	162.440411	224.181902	180.000000	90.000000	89.933647	359.002380	315.000000	0.000000	0.000000	326.828626	89.549713	0.000000	225.215461	135.421937	134.889622	209.498170	225.110378	180.000000	134.485456	270.000000	51.087342	90.000000	165.267242	180.000000	135.818098	88.869982	90.000000	0.000000	0.000000	338.081791	0.128907	38.935186	46.594651	180.000000	180.000000	213.129920	111.918209	180.000000	180.000000	173.743370	128.921791	
66.804498	54.182675	162.345892	224.181902	180.000000	90.000000	89.933647	358.901378	315.000000	0.000000	0.000000	326.828626	89.549764	0.000000	225.215461	135.421937	134.889622	209.393155	225.110378	180.000000	134.485456	270.000000	51.087342	90.000000	165.190516	180.000000	135.818098	95.905989	90.000000	0.000000	0.000000	338.081791	0.128907	38.935186	46.594651	180.000000	180.000000	213.129920	111.918209	180.000000	180.000000	173.743370	128.921791	
66.855615	54.182675	162.251432	224.181902	180.000000	90.000000	89.933647	358.801941	315.000000	0.000000	0.000000	326.828626	89.551005	0.000000	225.215461	135.421937	134.889622	209.286849	225.110378	180.000000	134.485456	270.000000	51.087342	90.000000	165.114671	180.000000	135.818098	88.912969	90.000000	0.000000	0.000000	338.081791	0.128907	38.935186	46.594651	180.000000	180.000000	213.129920	111.918209	180.000000	180.000000	173.743370	128.921791	
66.907156	54.182675	162.157435	224.181902	180.000000	90.000000	89.933647	358.704074	315.000000	0.000000	0.000000	326.828626	89.553432	0.000000	225.215461	135.421937	134.889622	209.179264	225.110378	180.000000	134.485456	270.000000	51.087342	90.000000	165.039721	180.000000	135.818098	95.879883	90.000000	0.000000	0.000000	338.081791	0.086766	38.935186	46.594651	180.000000	180.000000	213.129920	111.918209	180.000000	180.000000	173.743370	128.921791	
66.959119	54.182675	162.063998	224.181902	180.000000	90.000000	89.933647	358.607785	315.000000	0.000000	0.000000	326.828626	89.557039	0.000000	225.215461	135.421937	134.889622	209.070408	225.110378	180.000000	134.485456	270.000000	51.087342	90.000000	164.965678	180.000000	135.818098	88.963654	90.000000	0.000000	0.000000	338.081791	0.078898	38.935186	46.594651	180.000000	180.000000	213.129920	111.918209	180.000000	180.000000	173.743370	128.921791	
67.011500	54.182675	161.971159	224.181902	180.000000	90.000000	89.933647	358.513079	315.000000	0.000000	0.000000	326.828626	89.561821	0.000000	225.215461	135.421937	134.889622	208.960292	225.110378	180.000000	134.485456	270.000000	51.087342	90.000000	164.892556	180.000000	135.818098	95.859099	90.000000	0.000000	0.000000	338.081791	0.077430	38.935186	46.594651	180.000000	180.000000	213.129920	111.918209	180.000000	180.000000	173.743370	128.921791	
67.064296	54.182675	161.878939	224.181902	180.000000	90.000000	89.933647	358.419962	315.000000	0.000000	0.000000	326.828626	89.567772	0.000000	225.215461	135.421937	134.889622	208.848924	225.110378	180.000000	134.485456	270.000000	51.087342	90.000000	164.820367	180.000000	135.818098	97.162134	90.000000	0.000000	0.000000	338.081791	0.077155	38.935186	46.594651	180.000000	180.000000	213.129920	111.918209	180.000000	180.000000	173.743370	128.921791	
67.117504	54.182675	161.787356	224.181902	180.000000	90.000000	89.933647	358.328440	315.000000	0.000000	0.000000	326.828626	89.574886	0.000000	225.215461	135.421937	134.889622	208.736312	225.110378	180.000000	134.485456	270.000000	51.087342	90.000000	164.749123	180.000000	135.818098	89.264154	90.000000	0.000000	0.000000	338.081791	0.077104	38.935186	46.594651	180.000000	180.000000	213.129920	111.918209	180.000000	180.000000	173.743370	128.921791	
67.171122	54.182675	161.696429	224.181902	180.000000	90.000000	89.933647	358.238516	315.000000	0.000000	0.000000	326.828626	89.583157	0.000000	225.215461	135.421937	134.889622	208.622466	225.110378	180.000000	134.485456	270.000000	51.087342	90.000000	164.678837	180.000000	135.818098	95.850204	90.000000	0.000000	0.000000	338.081791	0.077095	38.935186	46.594651	180.000000	180.000000	213.129920	111.918209	180.000000	180.000000	173.743370	128.921791	
67.225146	54.182675	161.606175	224.181902	180.000000	90.000000	89.933647	358.150195	315.000000	0.000000	0.000000	326.828626	89.592580	0.000000	225.215461	135.421937	134.889622	208.507393	225.110378	180.000000	134.485456	270.000000	51.087342	90.000000	164.609520	180.000000	135.818098	97.096838	90.000000	0.000000	0.000000	338.081791	0.077093	38.935186	46.594651	180.000000	180.000000	213.129920	111.918209	180.000000	180.000000	173.743370	128.921791	
76.020307	54.182675	161.516613	224.181902	180.000000	90.000000	89.933647	358.063480	315.000000	0.000000	0.000000	326.828626	89.603148	0.000000	225.215461	135.421937	134.889622	208.391100	225.110378	180.000000	134.485456	270.000000	51.087342	90.000000	164.541184	180.000000	135.818098	97.302540	90.000000	0.000000	0.000000	338.081791	0.077093	38.935186	45.949304	180.000000	180.000000	213.129920	111.918209	180.000000	180.000000	173.743370	128.921791	
68.611853	54.182675	161.427760	224.181902	180.000000	90.000000	89.933647	357.978376	315.000000	0.000000	0.000000	326.828626	89.614855	0.000000	225.215461	135.421937	134.889622	208.273597	225.110378	180.000000	134.485456	270.000000	51.087342	90.000000	164.473841	180.000000	135.818098	97.305780	90.000000	0.000000	0.000000	338.081791	0.077093	38.935186	45.840268	180.000000	180.000000	213.129920	111.918209	180.000000	179.993099	173.743370	128.921791	
67.543994	54.182675	161.339634	224.181902	180.000000	90.000000	89.933647	357.894886	315.000000	0.000000	0.000000	326.828626	89.627696	0.000000	225.215461	135.421937	134.889622	208.154889	225.110378	180.000000	134.485456	270.000000	51.087342	90.000000	164.407503	180.000000	135.818098	97.270567	90.000000	0.000000	0.000000	338.081791	0.077093	38.935186	45.821844	180.000000	180.000000	213.129920	111.918209	180.000000	179.897420	173.743370	128.921791	
76.111305	54.182675	161.252252	224.181902	180.000000	90.000000	89.933647	357.813011	315.000000	0.000000	0.000000	326.828626	89.641663	0.000000	225.215461	135.421937	134.889622	208.034984	225.110378	180.000000	134.485456	270.000000	51.087342	90.000000	164.342179	180.000000	135.818098	97.228991	90.000000	0.000000	0.000000	338.081791	0.077093	38.935186	45.818731	180.000000	180.000000	213.129920	111.918209	180.000000	179.785001	173.743370	128.921791	
68.728006	54.182675	161.165631	224.181902	180.000000	90.000000	89.933647	357.732754	315.000000	0.000000	0.000000	326.828626	89.656751	0.000000	225.215461	135.421937	134.889622	207.913889	225.110378	180.000000	134.485456	270.000000	51.087342	90.000000	164.277882	180.000000	135.818098	97.187333	90.000000	0.000000	0.000000	338.081791	0.077093	38.935186	45.818205	180.000000	180.000000	213.129920	111.918209	180.000000	179.669493	173.743370	128.921791	
67.666457	54.182675	161.079790	224.181902	180.000000	90.000000	89.933647	357.654117	315.000000	0.000000	0.000000	326.828626	89.672954	0.000000	225.215461	135.421937	134.889622	207.791610	225.110378	180.000000	134.485456	270.000000	51.087342	90.000000	164.214622	180.000000	135.818098	97.146828	90.000000	0.000000	0.000000	338.081791	0.077093	38.935186	45.818116	180.000000	180.000000	213.129920	111.918209	180.000000	179.553505	173.743370	128.921791	
76.172879	54.182675	160.994745	224.181902	180.000000	90.000000	89.933647	357.577101	315.000000	0.000000	0.000000	326.828626	89.690265	0.000000	225.215461	135.421937	134.889622	207.668155	225.110378	180.000000	134.485456	270.000000	51.087342	90.000000	164.152410	180.000000	135.818098	97.107719	90.000000	0.000000	0.000000	338.081791	0.077093	38.935186	45.818101	180.000000	180.000000	213.129920	111.918209	180.000000	179.437551	173.743370	128.921791	
68.843336	54.182675	160.910513	224.181902	180.000000	90.000000	89.933647	357.501708	315.000000	0.000000	0.000000	326.828626	89.708677	0.000000	225.215461	135.421937	134.889622	207.543528	225.110378	180.000000	134.485456	270.000000	51.087342	90.000000	164.091257	180.000000	135.818098	97.070059	90.000000	0.000000	0.000000	338.081791	0.077093	38.935186	45.818099	180.000000	180.000000	213.129920	111.918209	180.000000	179.321745	173.743370	128.921791	
76.371282	54.182675	160.827112	224.181902	180.000000	90.000000	89.933647	357.427939	315.000000	0.000000	0.000000	326.828626	89.728184	0.000000	225.215461	135.421937	134.889622	207.417737	225.110378	180.000000	134.485456	270.000000	51.087342	90.000000	164.031171	180.000000	135.818098	97.033860	90.000000	0.000000	0.000000	338.081791	0.077093	38.935186	45.818098	180.000000	180.000000	213.129920	111.918209	180.000000	179.206128	173.743370	128.921791	
68.932978	54.182675	160.744558	224.181902	180.000000	90.000000	89.933647	357.355793	315.000000	0.000000	0.000000	326.828626	89.748781	0.000000	225.215461	135.421937	134.889622	207.290786	225.110378	180.000000	134.485456	270.000000	51.087342	90.000000	163.972164	180.000000	135.818098	91.369240	90.000000	0.000000	0.000000	338.081791	0.077093	38.935186	45.818098	180.000000	180.000000	213.129920	111.918209	180.000000	179.090726	173.743370	128.921791	
76.406387	54.182675	160.662868	224.181902	180.000000	90.000000	89.933647	357.285271	315.000000	0.000000	0.000000	326.828626	89.766382	0.000000	225.215461	135.421937	134.889622	207.162682	225.110378	180.000000	134.485456	270.000000	51.087342	90.000000	163.914245	180.000000	135.818098	90.265588	90.000000	0.000000	0.000000	338.081791	0.077093	38.935186	45.818098	180.000000	180.000000	213.129920	111.918209	180.000000	178.975561	173.743370	128.921791	
68.999858	54.182675	160.582058	224.181902	180.000000	90.000000	89.933647	357.216373	315.000000	0.000000	0.000000	326.828626	89.688714	0.000000	225.215461	135.421937	134.889622	207.033430	225.110378	180.000000	134.485456	270.000000	51.087342	90.000000	163.857423	180.000000	135.818098	90.031747	90.000000	0.000000	0.000000	338.081791	0.077093	38.935186	45.818098	180.000000	180.000000	213.129920	111.918209	180.000000	178.860657	173.743370	128.921791	
76.438080	54.182675	160.502145	224.181902	180.000000	90.000000	89.933647	357.149097	315.000000	0.000000	0.000000	326.828626	89.595140	0.000000	225.215461	135.421937	134.889622	206.903035	225.110378	180.000000	134.485456	270.000000	51.087342	90.000000	163.801709	180.000000	135.818098	89.964880	90.000000	0.000000	0.000000	338.081791	0.077093	38.935186	45.818098	180.000000	180.000000	213.129920	111.918209	180.000000	178.746036	173.743370	128.921791	
69.067869	54.182675	160.423145	224.181902	180.000000	90.000000	89.933647	357.083444	315.000000	0.000000	0.000000	326.828626	89.500560	0.000000	225.215461	135.421937	134.889622	206.771502	225.110378	180.000000	134.485456	270.000000	51.087342	90.000000	163.747110	180.000000	135.818098	89.930865	90.000000	0.000000	0.000000	338.081791	0.077093	38.935186	45.818098	180.000000	180.000000	213.129920	111.918209	180.000000	178.631722	173.743370	128.921791	
76.469949	54.182675	160.345074	224.181902	180.000000	90.000000	89.933647	357.019412	315.000000	0.000000	0.000000	326.828626	89.407776	0.000000	225.215461	135.421937	134.889622	206.638835	225.110378	180.000000	134.485456	270.000000	51.087342	90.000000	163.693636	180.000000	135.818098	89.904111	90.000000	0.000000	0.000000	338.081791	0.077093	38.935186	45.818098	180.000000	180.000000	213.129920	111.918209	180.000000	178.517739	173.743370	128.921791	
69.137532	54.182675	160.267947	224.181902	180.000000	90.000000	89.933647	356.956999	315.000000	0.000000	0.000000	326.828626	89.317316	0.000000	225.215461	135.421937	134.889622	206.505040	225.110378	180.000000	134.485456	270.000000	51.087342	90.000000	163.641296	180.000000	135.818098	89.879735	90.000000	0.000000	0.000000	338.081791	0.077093	38.935186	45.818098	180.000000	180.000000	213.129920	111.918209	180.000000	178.404109	173.743370	128.921791	
76.502069	54.182675	160.191782	224.181902	180.000000	90.000000	89.955784	356.896203	315.000000	0.000000	0.000000	326.828626	89.229282	0.000000	225.215461	135.421937	134.889622	206.370121	225.110378	180.000000	134.485456	270.000000	51.087342	90.000000	163.590097	180.000000	135.818098	89.856804	90.000000	0.000000	0.000000	338.081791	0.077093	38.935186	45.818098	180.000000	180.000000	213.129920	111.918209	180.000000	178.290857	173.743370	128.921791	
69.208840	54.182675	160.116592	224.181902	180.000000	90.000000	89.959532	356.837023	315.000000	0.000000	0.000000	326.828626	89.143693	0.000000	225.215461	135.421937	134.889622	206.234082	225.110378	180.000000	134.485456	270.000000	51.087342	90.000000	163.540049	180.000000	135.818098	89.835140	90.000000	0.000000	0.000000	338.081791	0.077093	38.935186	45.818098	180.000000	180.000000	213.129920	111.918209	180.000000	178.157692	173.743370	128.921791	
76.534434	54.182675	160.042393	224.181902	180.000000	90.000000	89.960167	356.779457	315.000000	0.000000	0.000000	326.828626	89.060554	0.000000	225.215461	135.421937	134.889622	206.096926	225.110378	180.000000	134.485456	270.000000	51.087342	90.000000	163.491159	180.000000	135.818098	89.814705	90.000000	0.000000	0.000000	338.081791	0.077093	38.935186	45.818098	180.000000	180.000000	213.129920	111.918209	180.000000	178.038227	173.743370	128.921791	
69.281773	54.182675	159.969201	224.181902	180.000000	90.000000	89.960275	356.723501	315.000000	0.000000	0.000000	326.828626	88.979865	0.000000	225.215461	135.421937	134.889622	205.958659	225.110378	180.000000	134.485456	270.000000	51.087342	90.000000	163.443435	180.000000	135.818098	89.795490	90.000000	0.000000	0.000000	338.081791	0.077093	38.935186	45.818098	180.000000	180.000000	213.129920	111.918209	180.000000	177.921558	173.743370	128.921791	
76.567038	54.182675	159.897030	224.181902	180.000000	90.000000	89.960293	356.669152	315.000000	0.000000	0.000000	326.828626	88.901624	0.000000	225.215461	135.421937	134.889622	205.819283	225.110378	180.000000	134.485456	270.000000	51.087342	90.000000	163.396884	180.000000	135.818098	89.777492	90.000000	0.000000	0.000000	338.081791	0.077093	38.935186	45.818098	180.000000	180.000000	213.129920	111.918209	180.000000	177.805570	173.743370	128.921791	
69.356316	54.182675	159.825895	224.181902	180.000000	90.000000	89.960296	356.616408	315.000000	0.000000	0.000000	326.828626	88.825831	0.000000	225.215461	135.421937	134.889622	194.972655	225.110378	180.000000	134.485456	270.000000	51.087342	90.000000	163.351514	180.000000	135.818098	89.760706	90.000000	0.000000	0.000000	338.081791	0.077093	38.935186	45.818098	180.000000	180.000000	213.129920	111.918209	180.000000	177.689865	173.743370	128.921791	
76.599874	54.182675	159.755810	224.181902	180.000000	90.000000	89.960296	356.565265	315.000000	0.000000	0.000000	326.828626	88.752482	0.000000	225.215461	135.421937	134.889622	203.632420	225.110378	180.000000	134.485456	270.000000	51.087342	90.000000	163.307333	180.000000	135.818098	89.745130	90.000000	0.000000	0.000000	338.081791	0.077093	38.935186	45.818098	180.000000	180.000000	213.129920	111.918209	180.000000	177.574381	173.743370	128.921791	
69.432449	54.182675	159.686790	224.181902	180.000000	90.000000	89.960297	356.515720	315.000000	0.000000	0.000000	326.828626	88.681575	0.000000	225.215461	135.421937	134.889622	194.462144	225.110378	180.000000	134.485456	270.000000	51.087342	90.000000	163.264345	180.000000	135.818098	89.730761	90.000000	0.000000	0.000000	338.081791	0.077093	38.935186	45.818098	180.000000	180.000000	218.040601	111.918209	180.000000	177.459119	173.743370	128.921791	
76.632936	54.182675	159.618848	224.181902	180.000000	90.000000	89.960297	356.467769	315.000000	0.000000	0.000000	326.828626	88.613106	0.000000	225.215461	135.421937	134.889622	203.358564	225.110378	180.000000	134.485456	270.000000	51.087342	90.000000	163.222560	180.000000	135.818098	89.717594	90.000000	0.000000	0.000000	338.081791	0.077093	38.935186	45.818098	180.000000	180.000000	218.781014	111.918209	180.000000	177.344096	173.743370	128.921791	
69.510154	54.182675	159.551999	224.181902	180.000000	90.000000	89.960297	356.421407	315.000000	0.000000	0.000000	326.828626	88.547070	0.000000	225.215461	135.421937	134.889622	194.344145	225.110378	180.000000	134.485456	270.000000	51.087342	90.000000	163.181982	180.000000	135.818098	89.705627	90.000000	0.000000	0.000000	338.081791	0.077093	38.935186	45.818098	180.000000	180.000000	218.892784	111.918209	180.000000	177.229329	173.743370	128.921791	
76.666216	54.182675	159.486255	224.181902	180.000000	90.000000	89.960297	356.376630	315.000000	0.000000	0.000000	326.828626	88.483462	0.000000	225.215461	135.421937	134.889622	203.151763	225.110378	180.000000	134.485456	270.000000	51.087342	90.000000	163.142618	180.000000	135.818098	89.694855	90.000000	0.000000	0.000000	338.081791	0.077093	38.935186	45.818098	180.000000	180.000000	218.909657	111.918209	180.000000	177.114837	173.743370	128.921791	
69.589414	54.182675	159.421631	224.181902	180.000000	90.000000	89.960297	356.333434	315.000000	0.000000	0.000000	326.828626	88.422278	0.000000	225.215461	135.421937	134.889622	194.236267	225.110378	180.000000	134.485456	270.000000	51.087342	90.000000	163.104474	180.000000	135.818098	89.685275	90.000000	0.000000	0.000000	338.081791	0.077093	38.935186	45.818098	180.000000	180.000000	218.912205	111.918209	180.000000	177.000640	173.743370	128.921791	
76.699707	54.182675	159.358139	224.181902	180.000000	90.000000	89.960297	356.291814	315.000000	0.000000	0.000000	326.828626	88.363509	0.000000	225.215461	135.421937	134.889622	202.942583	225.110378	180.000000	134.485456	270.000000	51.087342	90.000000	163.067557	180.000000	135.818098	89.676883	90.000000	0.000000	0.000000	338.081791	0.077093	38.935186	45.818098	180.000000	180.000000	218.912589	111.918209	180.000000	176.886757	173.743370	128.921791	
69.670212	54.182675	159.295792	224.181902	180.000000	90.000000	89.960297	356.251766	315.000000	0.000000	0.000000	326.828626	88.307151	0.000000	225.215461	135.421937	134.889622	194.124123	225.110378	180.000000	134.485456	270.000000	51.036231	90.000000	163.031870	180.000000	135.818098	89.669674	90.000000	0.000000	0.000000	338.081791	0.077093	38.935186	45.818098	180.000000	180.000000	218.912647	111.918209	180.000000	176.773207	173.743370	128.921791	
76.733404	54.182675	159.234603	224.181902	180.000000	90.000000	89.960297	356.213284	315.000000	0.000000	0.000000	326.828626	88.253195	0.000000	225.215461	135.421937	134.889622	202.728460	225.110378	180.000000	134.485456	270.000000	50.945236	90.000000	162.997421	180.000000	135.818098	89.663645	90.000000	0.000000	0.000000	338.081791	0.077093	38.935186	45.818098	180.000000	180.000000	218.912656	111.918209	180.000000	176.660010	173.743370	128.921791	
69.752530	54.182675	159.174584	224.181902	180.000000	90.000000	89.960297	356.176363	315.000000	0.000000	0.000000	326.828626	88.201634	0.000000	225.215461	135.421937	134.889622	194.007194	225.110378	180.000000	134.485456	270.000000	50.848507	90.000000	162.964213	180.000000	135.818098	89.658791	90.000000	0.000000	0.000000	338.081791	0.077093	38.935186	45.818098	180.000000	180.000000	218.912657	111.918209	180.000000	176.547184	173.743370	128.921791	
76.767298	54.182675	159.115747	224.181902	180.000000	90.000000	89.960297	356.140997	315.000000	0.000000	0.000000	326.828626	88.152460	0.000000	225.215461	135.421937	134.889622	202.509340	225.110378	180.000000	134.485456	270.000000	50.751290	90.000000	162.932252	180.000000	135.818098	89.655108	90.000000	0.000000	0.000000	338.081791	0.077093	38.935186	45.818098	180.000000	180.000000	218.912658	111.918209	180.000000	176.434750	173.743370	128.921791	
69.836351	54.182675	159.058103	224.181902	180.000000	90.000000	89.960297	356.107181	315.000000	0.000000	0.000000	326.828626	88.105664	0.000000	225.215461	135.421937	134.889622	193.885481	225.110378	180.000000	134.485456	270.000000	50.654399	90.000000	162.901542	180.000000	135.818098	89.652590	90.000000	0.000000	0.000000	338.081791	0.077093	38.935186	45.818098	180.000000	180.000000	218.912658	111.918209	180.000000	176.322727	173.743370	128.921791	
76.801383	54.182675	159.001665	224.181902	180.000000	90.000000	89.960297	356.074910	315.000000	0.000000	0.000000	326.828626	88.061237	0.000000	225.215461	135.421937	134.889622	192.092249	225.110378	180.000000	134.485456	270.000000	50.557967	90.000000	162.872089	180.000000	135.818098	89.651235	90.000000	0.000000	0.000000	338.081791	0.077093	38.935186	45.818098	180.000000	180.000000	218.912658	111.918209	180.000000	176.211135	173.743370	128.921791	
69.921657	54.182675	158.946444	224.181902	180.000000	90.000000	89.960297	356.044177	315.000000	0.000000	0.000000	326.828626	88.019169	0.000000	225.215461	135.421937	134.889622	201.887351	225.110378	180.000000	134.485456	270.000000	50.462020	90.000000	162.843895	180.000000	135.818098	89.651036	90.000000	0.000000	0.000000	338.081791	0.077093	38.935186	45.818098	180.000000	180.000000	218.912658	111.918209	180.000000	176.099993	173.743370	128.921791	
76.835653	54.182675	158.892451	224.181902	180.000000	90.000000	89.960297	356.014976	315.000000	0.000000	0.000000	326.828626	87.979451	0.000000	225.215461	135.421937	134.889622	193.666676	225.110378	180.000000	134.485456	270.000000	50.340849	90.000000	162.816966	180.000000	135.818098	89.651989	90.000000	0.000000	0.000000	338.081791	0.077093	38.935186	45.818098	180.000000	180.000000	218.912658	111.918209	180.000000	175.989321	173.743370	128.921791	
70.008433	54.182675	158.839696	224.181902	180.000000	90.000000	89.960297	355.987302	315.000000	0.000000	0.000000	326.828626	87.942073	0.000000	225.215461	135.421937	134.889622	191.956947	225.110378	180.000000	134.485456	270.000000	50.178105	90.000000	162.791306	180.000000	135.818098	89.654089	90.000000	0.000000	0.000000	338.081791	0.077093	38.935186	45.818098	180.000000	180.000000	218.912658	111.918209	180.000000	175.879139	173.743370	128.921791	
76.870100	54.182675	158.788190	224.181902	180.000000	90.000000	89.960297	355.961148	315.000000	0.000000	0.000000	326.828626	87.907023	0.000000	225.215461	135.421937	134.889622	191.591691	225.110378	180.000000	134.485456	270.000000	50.008746	90.000000	162.766916	180.000000	135.818098	89.657332	90.000000	0.000000	0.000000	338.081791	0.077093	38.935186	45.818098	180.000000	180.000000	218.912658	111.918209	180.000000	175.769467	173.743370	128.921791	
77.908379	54.182675	158.737943	224.181902	180.000000	90.000000	89.960297	355.936507	315.000000	0.000000	0.000000	326.828626	87.874292	0.000000	225.215461	135.421937	134.889622	191.504023	225.110378	180.000000	134.485456	270.000000	49.838221	90.000000	162.743803	180.000000	135.818098	89.661711	90.000000	0.000000	0.000000	338.081791	0.077093	38.935186	45.818098	180.000000	180.000000	218.912658	111.918209	180.000000	175.660324	173.743370	128.921791	
70.274187	54.182675	158.688965	224.181902	180.000000	90.000000	89.960297	355.913373	315.000000	0.000000	0.000000	326.828626	87.843866	0.000000	225.215461	135.421937	134.889622	191.472680	225.110378	180.000000	134.485456	270.000000	49.667401	90.000000	162.721967	180.000000	135.818098	89.667222	90.000000	0.000000	0.000000	338.081791	0.077093	38.935186	45.818098	180.000000	180.000000	218.912658	111.918209	180.000000	175.551731	173.743370	128.921791	
76.931440	54.182675	158.641266	224.181902	180.000000	90.000000	89.960297	355.891739	315.000000	0.000000	0.000000	326.828626	87.815736	0.000000	225.215461	135.421937	134.889622	191.451801	225.110378	180.000000	134.485456	270.000000	49.496443	90.000000	162.701413	180.000000	135.818098	89.673860	90.000000	0.000000	0.000000	338.081791	0.077093	38.935186	45.818098	180.000000	180.000000	218.912658	111.918209	180.000000	175.443706	173.743370	128.921791	
77.939075	54.182675	158.594856	224.181902	180.000000	90.000000	89.960297	355.871599	315.000000	0.000000	0.000000	326.828626	87.789890	0.000000	225.215461	135.421937	134.889622	191.431887	225.110378	180.000000	134.485456	270.000000	49.325398	90.000000	162.682144	180.000000	135.818098	89.681620	90.000000	0.000000	0.000000	338.081791	0.077093	38.935186	45.818098	180.000000	180.000000	218.912658	111.918209	180.000000	175.336269	173.743370	128.921791	
70.389154	54.182675	158.549743	224.181902	180.000000	90.000000	89.960297	355.852947	315.000000	0.000000	0.000000	326.828626	87.766314	0.000000	225.215461	135.421937	134.889622	191.410975	225.110378	180.000000	134.485456	270.000000	49.154296	90.000000	162.664161	180.000000	135.818098	89.690495	90.000000	0.000000	0.000000	338.081791	0.077093	38.935186	45.818098	180.000000	180.000000	218.912658	111.918209	180.000000	175.229441	173.743370	128.921791	
76.969981	54.182675	158.505936	224.181902	180.000000	90.000000	89.960297	355.835773	315.000000	0.000000	0.000000	326.828626	87.744998	0.000000	225.215461	135.421937	134.889622	191.388663	225.110378	180.000000	134.485456	270.000000	48.983166	90.000000	162.647468	180.000000	135.818098	89.700481	90.000000	0.000000	0.000000	338.081791	0.077093	38.935186	45.818098	180.000000	180.000000	218.912658	111.918209	180.000000	175.123241	173.743370	128.921791	
77.966248	54.182675	158.463444	224.181902	180.000000	90.000000	89.960297	355.820073	315.000000	0.000000	0.000000	326.828626	87.725927	0.000000	225.215461	135.421937	134.889622	191.364868	225.110378	180.000000	134.485456	270.000000	48.812036	90.000000	162.632067	180.000000	135.818098	89.680912	90.000000	0.000000	0.000000	338.081791	0.077093	38.935186	45.818098	180.000000	180.000000	218.912658	111.918209	180.000000	175.017689	173.743370	128.921791	
78.117397	54.182675	158.422275	224.181902	180.000000	90.000000	89.960297	355.805839	315.000000	0.000000	0.000000	326.828626	87.709090	0.000000	225.215461	135.421937	134.889622	191.339577	225.110378	180.000000	134.485456	270.000000	48.640936	90.000000	162.617959	180.000000	135.818098	89.585420	90.000000	0.000000	0.000000	338.081791	0.077093	38.935186	45.818098	180.000000	180.000000	218.912658	111.918209	180.000000	174.912803	173.743370	128.921791	
78.140331	54.182675	158.382438	224.181902	180.000000	90.000000	89.960297	355.793063	315.000000	0.000000	0.000000	326.828626	87.694474	0.000000	225.215461	135.421937	134.889622	191.312789	225.110378	180.000000	134.485456	270.000000	48.469894	90.000000	162.605148	180.000000	135.818098	89.477426	90.000000	0.000000	0.000000	338.081791	0.077093	38.935186	45.818098	180.000000	180.000000	218.912658	111.918209	180.000000	174.808604	173.743370	128.921791	
78.143811	54.182675	158.343939	224.181902	180.000000	90.000000	89.960297	355.781738	315.000000	0.000000	0.000000	326.828626	87.682066	0.000000	225.215461	135.421937	134.889622	191.284508	225.110378	180.000000	134.485456	270.000000	48.298940	90.000000	162.593633	180.000000	135.818098	89.368988	90.000000	0.000000	0.000000	338.081791	0.077093	38.935186	45.818098	180.000000	180.000000	218.912658	111.918209	180.000000	174.705110	173.743370	128.921791	
78.144339	54.182675	158.306787	224.181902	180.000000	90.000000	89.960297	355.771858	315.000000	0.000000	0.000000	326.828626	87.671851	0.000000	225.215461	135.421937	134.889622	191.254735	225.110378	180.000000	134.485456	270.000000	48.128104	90.000000	162.583418	180.000000	135.818098	89.262404	90.000000	0.000000	0.000000	338.081791	0.077093	38.935186	45.818098	180.000000	180.000000	218.912658	111.918209	180.000000	174.602342	173.743370	128.921791	
78.144419	54.182675	158.270989	224.181902	180.000000	90.000000	89.960297	355.763414	315.000000	0.000000	0.000000	326.828626	87.663817	0.000000	225.215461	135.421937	134.889622	191.223474	225.110378	180.000000	134.485456	270.000000	47.957415	90.000000	162.574502	180.000000	135.818098	89.158118	90.000000	0.000000	0.000000	338.081791	0.077093	38.935186	45.818098	180.000000	180.000000	218.912658	111.918209	180.000000	174.500318	173.743370	128.921791	
78.144431	54.182675	158.236551	224.181902	180.000000	90.000000	89.960297	355.756399	315.000000	0.000000	0.000000	326.828626	87.657950	0.000000	225.215461	135.421937	134.889622	191.194195	225.110378	180.000000	134.485456	270.000000	47.786904	90.000000	162.566889	180.000000	135.818098	89.056220	90.000000	0.000000	0.000000	338.081791	0.077093	38.935186	45.818098	180.000000	180.000000	218.912658	111.918209	180.000000	174.399057	173.743370	128.921791	
78.144433	54.182675	158.203481	224.181902	180.000000	90.000000	89.960297	355.750806	315.000000	0.000000	0.000000	326.828626	87.654236	0.000000	225.215461	135.421937	134.889622	192.367430	225.110378	180.000000	134.485456	270.000000	47.616601	90.000000	162.560577	180.000000	135.818098	88.956731	90.000000	0.000000	0.000000	338.081791	0.077093	38.935186	45.818098	180.000000	180.000000	218.912658	111.918209	180.000000	174.298579	173.743370	128.921791	
78.144433	54.182675	158.171785	224.181902	180.000000	90.000000	89.960297	355.746628	315.000000	0.000000	0.000000	326.828626	87.652662	0.000000	225.215461	135.421937	134.889622	192.477870	225.110378	180.000000	134.485456	270.000000	47.446536	90.000000	162.555569	180.000000	135.818098	88.859658	90.000000	0.000000	0.000000	338.081791	0.077093	38.935186	45.818098	180.000000	180.000000	218.912658	111.918209	180.000000	174.198902	173.743370	128.921791	
78.144433	54.182675	158.141469	224.181902	180.000000	90.000000	89.960297	355.743855	315.000000	0.000000	0.000000	326.828626	87.653213	0.000000	225.215461	135.421937	134.889622	192.491605	225.110378	180.000000	134.485456	270.000000	47.276741	90.000000	162.551865	180.000000	135.818098	88.765007	90.000000	0.000000	0.000000	338.081791	0.077093	38.935186	45.818098	180.000000	180.000000	218.912658	111.918209	180.000000	174.100045	173.743370	128.921791	
78.144433	54.182675	158.112538	224.181902	180.000000	90.000000	89.960297	355.742482	315.000000	0.000000	0.000000	326.828626	87.655876	0.000000	225.215461	135.421937	134.889622	192.484846	225.110378	180.000000	134.485456	270.000000	47.107245	90.000000	162.549465	180.000000	135.818098	88.672780	90.000000	0.000000	0.000000	338.081791	0.077093	38.935186	45.818098	180.000000	180.000000	218.912658	111.918209	180.000000	174.002026	173.743370	128.921791	
78.144433	54.182675	158.085000	224.181902	180.000000	90.000000	89.960297	355.742500	315.000000	0.000000	0.000000	326.828626	87.660636	0.000000	225.215461	135.421937	134.889622	192.472958	225.110378	180.000000	134.485456	270.000000	46.938081	90.000000	162.548370	180.000000	135.818098	88.582980	90.000000	0.000000	0.000000	338.081791	0.077093	38.935186	45.818098	180.000000	180.000000	218.912658	111.918209	180.000000	173.904864	173.743370	128.921791	
78.144433	54.182675	158.058858	224.181902	180.000000	90.000000	89.960297	355.743902	315.000000	0.000000	0.000000	326.828626	87.667479	0.000000	225.215461	135.421937	134.889622	192.459039	225.110378	180.000000	134.485456	270.000000	46.769278	90.000000	162.548580	180.000000	135.818098	88.495609	90.000000	0.000000	0.000000	338.081791	0.077093	38.935186	45.818098	180.000000	180.000000	218.912658	111.918209	180.000000	173.808577	173.743370	128.921791	
78.144433	54.182675	158.034118	224.181902	180.000000	90.000000	89.960297	355.746680	315.000000	0.000000	0.000000	326.828626	87.676391	0.000000	225.215461	135.421937	134.889622	192.443717	225.110378	180.000000	134.485456	270.000000	46.600869	90.000000	162.550095	180.000000	135.818098	88.410667	90.000000	0.000000	0.000000	338.081791	0.077093	38.935186	45.818098	180.000000	180.000000	218.912658	111.918209	180.000000	173.713184	173.743370	128.921791	
78.144433	54.182675	158.010784	224.181902	180.000000	90.000000	89.960297	355.750826	315.000000	0.000000	0.000000	326.828626	87.687358	0.000000	225.215461	135.421937	134.889622	192.427123	225.110378	180.000000	134.485456	270.000000	46.432884	90.000000	162.552915	180.000000	135.818098	88.328153	90.000000	0.000000	0.000000	338.081791	0.077093	38.935186	45.818098	180.000000	180.000000	218.912658	111.918209	180.000000	173.618702	173.743370	128.921791	
78.144433	54.182675	157.988863	224.181902	180.000000	90.000000	89.960297	355.756332	315.000000	0.000000	0.000000	326.828626	87.700364	0.000000	225.215461	135.421937	134.889622	192.409288	225.110378	180.000000	134.485456	270.000000	46.265355	90.000000	162.557039	180.000000	135.818098	88.248068	90.000000	0.000000	0.000000	338.081791	0.077093	38.935186	45.818098	180.000000	180.000000	218.912658	111.918209	180.000000	173.525148	173.743370	128.921791	
78.144433	54.182675	157.968356	224.181902	180.000000	90.000000	89.960297	355.763191	315.000000	0.000000	0.000000	326.828626	87.715397	0.000000	225.215461	135.421937	134.889622	192.390223	225.110378	180.000000	134.485456	270.000000	46.098312	90.000000	162.562468	180.000000	135.818098	88.170409	90.000000	0.000000	0.000000	338.081791	0.077093	38.935186	45.818098	180.000000	180.000000	218.912658	111.918209	180.000000	173.432542	173.743370	128.921791	
78.144433	54.182675	157.949270	224.181902	180.000000	90.000000	89.960297	355.771395	315.000000	0.000000	0.000000	326.828626	87.732441	0.000000	225.215461	135.421937	134.889622	192.369935	225.110378	180.000000	134.485456	270.000000	45.931788	90.000000	162.569200	180.000000	135.818098	88.095175	90.000000	0.000000	0.000000	338.081791	0.077093	38.935186	45.818098	180.000000	180.000000	218.912658	111.918209	180.000000	173.340899	173.743370	128.921791	
78.144433	54.182675	157.931607	224.181902	180.000000	90.000000	89.960297	355.780935	315.000000	0.000000	0.000000	326.828626	87.751482	0.000000	225.215461	135.421937	134.889622	192.348430	225.110378	180.000000	134.485456	270.000000	45.765813	90.000000	162.577235	180.000000	135.818098	88.022363	90.000000	0.000000	0.000000	338.081791	0.077093	38.935186	45.818098	180.000000	180.000000	218.912658	111.918209	180.000000	173.250237	173.743370	128.921791	
78.144433	54.182675	157.915372	224.181902	180.000000	90.000000	89.960297	355.791805	315.000000	0.000000	0.000000	326.828626	87.772505	0.000000	225.215461	135.421937	134.889622	192.325715	225.110378	180.000000	134.485456	270.000000	45.600419	90.000000	162.586571	180.000000	135.818098	87.951969	90.000000	0.000000	0.000000	338.081791	0.077093	38.935186	45.818098	180.000000	180.000000	218.912658	111.918209	180.000000	173.160573	173.743370	128.921791	
78.144433	54.182675	157.900566	224.181902	180.000000	90.000000	89.960297	355.803997	315.000000	0.000000	0.000000	326.828626	87.795497	0.000000	225.215461	135.421937	134.889622	192.301796	225.110378	180.000000	134.485456	270.000000	45.435637	90.000000	162.597209	180.000000	135.818098	87.883989	90.000000	0.000000	0.000000	338.081791	0.077093	38.935186	45.818098	180.000000	180.000000	218.912658	111.918209	180.000000	173.071924	173.743370	128.921791	
78.144433	54.182675	157.887195	224.181902	180.000000	90.000000	89.960297	355.817502	315.000000	0.000000	0.000000	326.828626	87.820443	0.000000	225.215461	135.421937	134.889622	192.276680	225.110378	180.000000	134.485456	270.000000	45.271498	90.000000	162.609147	180.000000	135.818098	87.818418	90.000000	0.000000	0.000000	338.081791	0.077093	38.935186	45.818098	180.000000	180.000000	218.912658	111.918209	180.000000	172.984307	173.743370	128.921791	
78.144433	54.182675	157.875259	224.181902	180.000000	90.000000	89.960297	355.832313	315.000000	0.000000	0.000000	326.828626	95.712737	0.000000	225.215461	135.421937	134.889622	192.250373	225.110378	180.000000	134.485456	270.000000	48.371131	90.000000	162.622383	180.000000	135.818098	87.755251	90.000000	0.000000	0.000000	338.081791	0.077093	38.935186	45.818098	180.000000	180.000000	218.912658	111.918209	180.000000	172.897737	173.743370	128.921791	
78.144433	54.182675	157.864763	224.181902	180.000000	90.000000	89.960297	355.848422	315.000000	0.000000	0.000000	326.828626	89.295386	0.000000	225.215461	135.421937	134.889622	192.222882	225.110378	180.000000	134.485456	270.000000	45.484994	90.000000	162.636916	180.000000	135.818098	87.694482	90.000000	0.000000	0.000000	338.081791	0.077093	38.935186	45.818098	180.000000	180.000000	218.912658	111.918209	180.000000	172.812231	173.743370	128.921791	
78.144433	54.182675	157.855708	224.181902	180.000000	90.000000	89.960297	355.865821	315.000000	0.000000	0.000000	326.828626	88.104010	0.000000	225.215461	135.421937	134.889622	192.194213	225.110378	180.000000	134.485456	270.000000	48.287438	90.000000	162.652746	180.000000	135.818098	87.636105	90.000000	0.000000	0.000000	338.081791	0.077093	38.935186	45.818098	180.000000	180.000000	218.912658	111.918209	180.000000	172.727804	173.743370	128.921791	
78.144433	54.182675	157.848096	224.181902	180.000000	90.000000	89.960297	355.884502	315.000000	0.000000	0.000000	326.828626	95.668253	0.000000	225.215461	135.421937	134.889622	192.164374	225.110378	180.000000	134.485456	270.000000	45.184758	90.000000	162.669869	180.000000	135.818098	87.580113	90.000000	0.000000	0.000000	338.081791	0.077093	38.935186	45.818098	180.000000	180.000000	218.912658	111.918209	180.000000	172.644472	173.743370	128.921791	
78.144433	54.182675	157.841929	224.181902	180.000000	90.000000	89.960297	355.904458	315.000000	0.000000	0.000000	326.828626	89.296106	0.000000	225.215461	135.421937	134.889622	192.133372	225.110378	180.000000	134.485456	270.000000	48.120388	90.000000	162.688285	180.000000	135.818098	87.526498	90.000000	0.000000	0.000000	338.081791	0.077093	38.935186	45.818098	180.000000	180.000000	218.912658	111.918209	180.000000	172.562251	173.743370	128.921791	
78.144433	54.182675	157.837210	224.181902	180.000000	90.000000	89.960297	7.280496	315.000000	0.000000	0.000000	326.828626	95.817558	0.000000	225.215461	135.421937	134.889622	192.101213	225.110378	180.000000	134.485456	270.000000	44.871920	90.000000	162.707991	180.000000	135.818098	87.475252	90.000000	0.000000	0.000000	338.081791	0.077093	38.935186	45.818098	180.000000	180.000000	218.912658	111.918209	180.000000	172.481155	173.743370	128.921791	
78.144433	54.182675	157.833939	224.181902	180.000000	90.000000	89.960297	357.752188	315.000000	0.000000	0.000000	326.828626	89.315338	0.000000	225.215461	135.421937	134.889622	192.067905	225.110378	180.000000	134.485456	270.000000	44.178424	90.000000	162.728986	180.000000	135.818098	87.426368	90.000000	0.000000	0.000000	338.081791	0.077093	38.935186	45.818098	180.000000	180.000000	218.912658	111.918209	180.000000	172.401200	173.743370	128.921791	
78.144433	54.182675	157.832117	224.181902	180.000000	90.000000	89.960297	356.192080	315.000000	0.000000	0.000000	326.828626	95.746366	0.000000	225.215461	135.247550	134.889622	192.033453	225.110378	180.000000	134.485456	270.000000	43.927789	90.000000	162.751267	180.000000	135.818098	87.379836	90.000000	0.000000	0.000000	338.081791	0.077093	38.935186	45.818098	180.000000	180.000000	218.912658	111.918209	180.000000	172.322400	173.743370	128.921791	
78.144433	54.182675	157.831746	224.181902	180.000000	90.000000	89.960297	7.262510	315.000000	0.000000	0.000000	326.828626	89.300422	0.000000	225.215461	135.221228	134.889622	191.997867	225.110378	180.000000	134.485456	270.000000	43.754834	90.000000	162.774833	180.000000	135.818098	87.335647	90.000000	0.000000	0.000000	338.081791	0.077093	38.935186	45.818098	180.000000	180.000000	218.912658	111.918209	180.000000	172.244769	173.743370	128.921791	
78.144433	54.182675	157.832827	224.181902	180.000000	90.000000	89.960297	357.731524	315.000000	0.000000	0.000000	326.828626	95.672457	0.000000	225.215461	135.217254	134.889622	191.961153	225.110378	180.000000	134.485456	270.000000	43.596192	90.000000	162.799681	180.000000	135.818098	87.293791	90.000000	0.000000	0.000000	338.081791	0.077093	38.935186	45.818098	180.000000	180.000000	218.912658	111.918209	180.000000	172.168321	173.743370	128.921791	
78.144433	54.182675	157.835359	224.181902	180.000000	90.000000	89.960297	356.176053	315.000000	0.000000	0.000000	326.828626	89.292453	0.000000	225.215461	135.216655	134.889622	191.923317	225.110378	180.000000	134.485456	270.000000	43.440862	90.000000	162.825808	180.000000	135.818098	87.254259	90.000000	0.000000	0.000000	338.081791	0.077093	38.935186	45.818098	180.000000	180.000000	218.912658	111.918209	180.000000	172.093070	173.743370	128.921791	
78.144433	54.182675	157.839344	224.181902	180.000000	90.000000	89.960297	7.199765	315.000000	0.000000	0.000000	326.828626	95.603729	0.000000	225.215461	135.216564	134.889622	191.884368	225.110378	180.000000	134.485456	270.000000	43.286946	90.000000	162.853213	180.000000	135.818098	87.217041	90.000000	0.000000	0.000000	338.081791	0.077093	38.935186	45.818098	180.000000	180.000000	218.912658	111.918209	180.000000	172.019030	173.743370	128.921791	
78.144433	54.182675	157.844781	224.181902	180.000000	90.000000	89.960297	357.714450	315.000000	0.000000	0.000000	326.828626	89.292843	0.000000	225.215461	135.216550	134.889622	191.844313	225.110378	180.000000	134.485456	270.000000	43.134138	90.000000	162.881893	180.000000	135.818098	87.182125	90.000000	0.000000	0.000000	338.081791	0.077093	38.935186	45.818098	180.000000	180.000000	218.912658	111.918209	180.000000	171.946213	173.743370	128.921791	
78.144433	54.182675	157.851670	224.181902	180.000000	90.000000	89.960297	7.397617	315.000000	0.000000	0.000000	326.828626	95.540471	0.000000	225.215461	135.216548	134.889622	191.803159	225.110378	180.000000	134.485456	270.000000	42.982406	90.000000	162.911844	180.000000	135.818098	87.149500	90.000000	0.000000	0.000000	338.081791	0.077093	38.935186	45.818098	180.000000	180.000000	218.912658	121.276249	180.000000	171.874633	173.743370	128.921791	
78.144433	54.182675	157.860011	224.181902	180.000000	90.000000	89.960297	357.721789	315.000000	0.000000	0.000000	326.828626	89.301564	0.000000	225.215461	135.216548	134.889622	191.760914	225.110378	180.000000	134.485456	270.000000	42.831768	90.000000	162.943065	180.000000	135.818098	87.119156	90.000000	0.000000	0.000000	338.081791	0.077093	38.935186	45.818098	180.000000	180.000000	218.912658	122.851095	180.000000	171.804302	173.743370	128.921791	
78.144433	54.182675	157.869805	224.181902	180.000000	90.000000	89.960297	7.344908	315.000000	0.000000	0.000000	326.828626	95.482698	0.000000	225.215461	135.216548	134.889622	191.717585	225.110378	180.000000	134.485456	270.000000	42.682247	90.000000	162.975552	180.000000	135.818098	87.091081	90.000000	0.000000	0.000000	338.081791	0.077093	38.935186	45.818098	180.000000	180.000000	218.912658	123.117240	180.000000	171.735233	173.743370	128.921791	
78.144433	54.182675	157.881049	224.181902	180.000000	90.000000	89.960297	357.693065	315.000000	0.000000	0.000000	326.828626	89.318534	0.000000	225.215461	135.216548	134.889622	191.673179	225.110378	180.000000	134.485456	270.000000	42.533872	90.000000	163.009303	180.000000	135.818098	87.065263	90.000000	0.000000	0.000000	338.081791	0.077093	38.935186	45.818098	180.000000	180.000000	218.912658	123.162224	180.000000	171.667437	173.743370	128.921791	
78.144433	54.182675	157.893743	224.181902	180.000000	90.000000	89.960297	7.288668	315.000000	0.000000	0.000000	326.828626	95.430409	0.000000	225.215461	135.216548	134.889622	191.627705	225.110378	180.000000	134.485456	270.000000	42.386668	90.000000	163.044315	180.000000	135.818098	87.041689	90.000000	0.000000	0.000000	338.081791	0.077093	38.935186	45.818098	180.000000	180.000000	218.912658	123.169828	180.000000	171.600927	173.743370	128.921791	
78.144433	54.182675	157.907887	224.181902	180.000000	90.000000	89.960297	357.668856	315.000000	0.000000	0.000000	326.828626	89.343671	0.000000	225.215461	135.216548	134.889622	191.581169	225.110378	180.000000	134.485456	270.000000	42.240662	90.000000	163.080584	180.000000	135.818098	87.020349	90.000000	0.000000	0.000000	338.081791	0.077093	38.935186	45.818098	180.000000	180.000000	218.912658	123.171113	180.000000	171.535713	173.743370	128.921791	
78.144433	54.182675	157.923479	224.181902	180.000000	90.000000	89.960297	7.235636	315.000000	0.000000	0.000000	326.828626	95.383601	0.000000	225.215461	135.216548	134.889622	195.205236	225.110378	180.000000	134.485456	270.000000	42.095877	90.000000	163.118108	180.000000	135.818098	87.001228	90.000000	0.000000	0.000000	338.081791	0.077093	38.935186	45.818098	180.000000	180.000000	218.912658	123.171330	180.000000	171.471807	173.743370	128.921791	
78.144433	54.182675	157.940517	224.181902	180.000000	90.000000	89.960297	357.650225	315.000000	0.000000	0.000000	326.828626	89.376890	0.000000	225.215461	135.216548	134.889622	195.975730	225.110378	180.000000	134.485456	270.000000	41.952340	90.000000	163.156883	180.000000	135.818098	86.984315	90.000000	0.000000	0.000000	338.081791	0.077093	38.935186	45.818098	180.000000	180.000000	218.912658	123.171367	180.000000	171.409219	173.743370	128.921791	
78.144433	54.182675	157.959000	224.181902	180.000000	90.000000	89.960297	7.186001	315.000000	0.000000	0.000000	326.828626	95.342269	0.000000	225.215461	135.216548	134.889622	196.159403	225.110378	180.000000	134.485456	270.000000	41.810076	90.000000	163.196906	180.000000	135.818098	86.969596	90.000000	0.000000	0.000000	338.081791	0.077093	38.935186	45.818098	180.000000	180.000000	218.912658	123.171373	180.000000	171.347961	173.743370	128.921791	
78.144433	54.182675	157.978927	224.181902	180.000000	90.000000	89.960297	357.637155	315.000000	0.000000	0.000000	326.828626	89.418106	0.000000	225.215461	135.216548	134.889622	196.220737	225.110378	180.000000	134.485456	270.000000	41.669107	90.000000	163.238174	180.000000	135.818098	86.957059	90.000000	0.000000	0.000000	338.081791	0.077093	38.935186	45.818098	180.000000	180.000000	218.912658	123.171374	180.000000	171.288043	173.743370	128.921791	
78.144433	54.182675	158.000295	224.181902	180.000000	90.000000	89.960297	7.139773	315.000000	0.000000	0.000000	326.828626	95.306405	0.000000	225.215461	135.216548	134.889622	196.254983	225.110378	180.000000	134.698377	270.000000	41.529458	90.000000	163.280683	162.136459	135.818098	86.946690	90.000000	0.000000	0.000000	338.081791	0.077093	38.935186	45.818098	180.000000	180.000000	218.912658	123.171374	180.000000	171.229474	173.743370	128.921791	
78.144433	54.182675	158.023103	224.181902	180.000000	90.000000	89.960297	357.629602	315.000000	0.000000	0.000000	326.828626	96.399429	0.000000	225.215461	135.216548	134.889622	196.281678	225.110378	180.000000	134.730517	270.000000	41.391152	90.000000	163.324430	158.856824	135.818098	86.938475	90.000000	0.000000	0.000000	338.081791	0.077093	38.935186	45.818098	180.000000	180.000000	218.912658	123.171374	180.000000	171.172264	173.743370	128.921791	
78.144433	54.182675	158.047348	224.181902	180.000000	90.000000	89.960297	7.096957	315.000000	0.000000	0.000000	326.828626	89.670301	0.000000	225.215461	135.216548	134.889622	196.304836	225.110378	180.000000	134.735368	270.000000	41.254212	90.000000	163.369412	158.245568	135.818098	86.932402	90.000000	0.000000	0.000000	338.081791	0.077093	38.935186	45.818098	180.000000	180.000000	218.912658	123.171374	180.000000	171.116422	173.743370	128.921791	
78.144433	54.182675	158.073028	224.181902	180.000000	90.000000	89.960297	357.627518	315.000000	0.000000	0.000000	326.828626	95.271770	0.000000	225.215461	135.216548	134.889622	196.325292	225.110378	180.000000	134.736100	270.000000	41.118658	90.000000	163.415624	158.131581	135.818098	86.928457	90.000000	0.000000	0.000000	338.081791	0.077093	38.935186	45.818098	180.000000	180.000000	218.912658	123.171374	180.000000	171.061958	173.743370	128.921791	
78.144433	54.182675	158.100140	224.181902	180.000000	90.000000	89.960297	7.057556	315.000000	0.000000	0.000000	326.828626	96.313398	0.000000	225.215461	135.216548	134.889622	196.343230	225.110378	180.000000	134.736211	270.000000	40.984514	90.000000	163.463064	158.110323	135.818098	86.926625	90.000000	0.000000	0.000000	338.081791	0.077093	38.935186	45.818098	180.000000	180.000000	218.912658	123.171374	180.000000	171.008880	173.743370	128.921791	
78.144433	54.182675	158.128682	224.181902	180.000000	90.000000	89.960297	357.630856	315.000000	0.000000	0.000000	326.828626	96.474331	0.000000	225.215461	135.216548	134.889622	196.358701	225.110378	180.000000	134.736228	270.000000	40.851800	90.000000	163.511728	158.106358	135.818098	86.926894	90.000000	0.000000	0.000000	338.081791	0.077093	38.935186	45.818098	180.000000	180.000000	218.912658	123.171374	180.000000	170.957197	173.743370	128.921791	
78.144433	54.182675	158.158651	224.181902	180.000000	90.000000	89.960297	7.021571	315.000000	0.000000	0.000000	326.828626	96.465848	0.000000	225.215461	135.216548	134.889622	196.371729	225.110378	180.000000	134.736230	270.000000	40.720536	90.000000	163.763189	158.105619	135.818098	86.929248	90.000000	0.000000	0.000000	338.081791	0.077093	38.935186	45.818098	180.000000	180.000000	218.912658	123.171374	180.000000	170.906916	173.743370	128.921791	
78.144433	54.182675	158.190044	224.181902	180.000000	90.000000	89.960297	357.639568	315.000000	0.000000	0.000000	326.828626	96.425735	0.000000	225.215461	135.216548	134.889622	196.382333	225.110378	180.000000	134.736230	270.000000	40.590742	90.000000	163.827097	158.105481	135.818098	86.933675	90.000000	0.000000	0.000000	338.081791	0.077093	38.935186	45.818098	180.000000	180.000000	218.912658	123.171374	180.000000	170.858047	173.743370	128.921791	
78.144433	54.182675	158.222858	224.181902	180.000000	90.000000	89.960297	6.989004	315.000000	0.000000	0.000000	326.828626	96.380691	0.000000	225.215461	135.216548	134.889622	196.390530	225.110378	180.000000	134.736231	270.000000	40.462439	90.000000	163.855691	158.105455	135.818098	86.940160	90.000000	0.000000	0.000000	338.081791	0.077093	38.935186	45.818098	180.000000	180.000000	218.912658	123.171374	180.000000	170.810595	173.743370	128.921791	
78.144433	54.182675	158.257089	224.181902	180.000000	90.000000	89.960297	357.653607	315.000000	0.000000	0.000000	326.828626	96.335894	0.000000	225.215461	135.216548	134.889622	196.396339	225.110378	180.000000	134.736231	270.000000	40.335644	90.000000	163.878341	158.105450	135.818098	86.948689	90.000000	0.000000	0.000000	338.081791	0.077093	38.935186	45.818098	180.000000	180.000000	218.912658	123.171374	180.000000	170.764569	173.743370	128.921791	
78.144433	54.182675	158.292735	224.181902	180.000000	90.000000	89.960297	6.959855	315.000000	0.000000	0.000000	326.828626	91.371738	0.000000	225.215461	135.216548	134.889622	196.399777	225.110378	180.000000	134.736231	270.000000	40.210376	90.000000	163.900700	158.105450	135.818098	86.959248	90.000000	0.000000	0.000000	338.081791	0.077093	38.935186	45.818098	180.000000	180.000000	218.912658	123.171374	180.000000	170.719975	173.743370	128.921791	
78.144433	54.182675	158.329792	224.181902	180.000000	90.000000	89.960297	357.672925	315.000000	0.000000	0.000000	326.828626	90.399203	0.000000	225.215461	135.216548	134.889622	196.400861	225.110378	180.000000	134.736231	270.000000	40.086652	90.000000	163.923856	158.105449	135.818098	86.971823	90.000000	0.000000	0.000000	338.081791	0.077093	38.935186	45.818098	180.000000	180.000000	218.912658	123.171374	180.000000	170.676820	173.743370	128.921791	
78.144433	54.182675	158.368256	224.181902	180.000000	90.000000	89.960297	6.934123	315.000000	0.000000	0.000000	326.828626	90.183995	0.000000	225.215461	135.216548	134.889622	196.399611	225.110378	180.000000	134.736231	270.000000	39.964490	90.000000	163.948010	158.105449	135.818098	86.986399	90.000000	0.000000	0.000000	338.081791	0.077093	38.935186	45.818098	180.000000	180.000000	218.912658	123.171374	180.000000	170.635110	173.743370	128.921791	
78.144433	54.182675	158.408124	224.181902	180.000000	90.000000	89.960297	357.697472	315.000000	0.000000	0.000000	326.828626	90.113529	0.000000	225.215461	135.216548	134.889622	196.396043	225.110378	180.000000	134.736231	270.000000	39.843907	90.000000	163.973200	158.105449	135.818098	87.002962	90.000000	0.000000	0.000000	338.081791	0.077093	38.935186	45.818098	180.000000	180.000000	218.912658	123.171374	180.000000	170.594852	173.743370	128.921791	
78.144433	54.182675	158.449392	224.181902	180.000000	90.000000	89.960297	6.911808	315.000000	0.000000	0.000000	326.828626	90.071567	0.000000	225.215461	135.216548	134.889622	196.390176	225.110378	180.000000	134.736231	270.000000	39.724918	90.000000	163.999426	158.105449	135.818098	87.021498	90.000000	0.000000	0.000000	338.081791	0.077093	38.935186	45.818098	180.000000	180.000000	218.912658	123.171374	180.000000	170.556051	173.743370	128.921791	
78.144433	54.182675	158.492056	224.181902	180.000000	90.000000	89.960297	357.727200	315.000000	0.000000	0.000000	326.828626	90.036056	0.000000	225.215461	135.216548	134.889622	196.382028	225.110378	180.000000	134.736231	270.000000	39.607539	90.000000	164.026686	158.105449	135.818098	87.041993	90.000000	0.000000	0.000000	338.081791	0.077093	38.935186	45.818098	180.000000	180.000000	218.912658	123.171374	180.000000	170.518713	173.743370	128.921791	
78.144433	54.182675	158.536112	224.181902	180.000000	90.000000	89.960297	6.892907	315.000000	0.000000	0.000000	326.828626	90.002810	0.000000	225.215461	135.216548	134.889622	196.371618	225.110378	180.000000	134.736231	270.000000	39.491785	90.000000	164.054975	158.105449	135.818098	87.064433	90.000000	0.000000	0.000000	338.081791	0.077093	38.935186	45.818098	180.000000	180.000000	218.912658	123.171374	180.000000	170.482843	173.743370	128.921791	
0.000000	0.000000	0.000000	0.000000	0.000000	0.000000	0.000000	0.000000	0.000000	0.000000	0.000000	0.000000	0.000000	0.000000	0.000000	0.000000	0.000000	0.000000	0.000000	0.000000	0.000000	0.000000	0.000000	0.000000	0.000000	0.000000	0.000000	0.000000	0.000000	0.000000	0.000000	0.000000	0.000000	0.000000	0.000000	0.000000	0.000000	0.000000	0.000000	0.000000	0.000000	0.000000	0.000000	
