0.000000	0.000000	0.000000	0.000000	0.000000	0.000000	0.000000	0.000000	0.000000	0.000000	0.000000	0.000000	0.000000	0.000000	0.000000	0.000000	0.000000	0.000000	0.000000	0.000000	0.000000	0.000000	0.000000	0.000000	0.000000	0.000000	0.000000	0.000000	0.000000	0.000000	0.000000	0.000000	0.000000	0.000000	0.000000	0.000000	0.000000	0.000000	0.000000	0.000000	0.000000	0.000000	0.000000	
90.000000	0.000000	0.000000	0.000000	0.000000	0.000000	0.000000	0.000000	0.000000	0.000000	0.000000	0.000000	0.000000	0.000000	0.000000	0.000000	0.000000	0.000000	0.000000	0.000000	0.000000	0.000000	0.000000	0.000000	0.000000	0.000000	0.000000	0.000000	0.000000	0.000000	0.000000	0.000000	0.000000	0.000000	0.000000	0.000000	0.000000	0.000000	0.000000	0.000000	0.000000	0.000000	0.000000	
78.111342	0.000000	0.000000	0.000000	0.000000	0.000000	0.000000	0.000000	0.000000	0.000000	0.000000	0.000000	0.000000	0.000000	0.000000	0.000000	0.000000	0.000000	0.000000	0.000000	0.000000	0.000000	0.000000	0.000000	0.000000	0.000000	0.000000	0.000000	0.000000	0.000000	0.000000	0.000000	0.000000	0.000000	0.000000	0.000000	0.000000	0.000000	0.000000	0.000000	0.000000	0.000000	0.000000	
75.171554	0.000000	0.000000	0.000000	0.000000	0.000000	0.000000	0.000000	0.000000	0.000000	0.000000	0.000000	0.000000	0.000000	0.000000	0.000000	0.000000	0.000000	0.000000	0.000000	0.000000	0.000000	0.000000	0.000000	0.000000	0.000000	0.000000	0.000000	0.000000	0.000000	0.000000	0.000000	0.000000	0.000000	0.000000	0.000000	0.000000	0.000000	0.000000	0.000000	0.000000	0.000000	0.000000	
65.971497	0.000000	0.000000	0.000000	0.000000	0.000000	0.000000	0.000000	0.000000	0.000000	0.000000	0.000000	0.000000	0.000000	0.000000	0.000000	0.000000	0.000000	0.000000	0.000000	0.000000	0.000000	0.000000	0.000000	0.000000	0.000000	0.000000	0.000000	0.000000	0.000000	0.000000	0.000000	0.000000	0.000000	0.000000	0.000000	0.000000	0.000000	0.000000	0.000000	0.000000	0.000000	0.000000	
63.562592	90.000000	0.000000	0.000000	0.000000	0.000000	0.000000	0.000000	0.000000	0.000000	0.000000	0.000000	0.000000	0.000000	0.000000	0.000000	0.000000	0.000000	0.000000	0.000000	0.000000	0.000000	0.000000	0.000000	0.000000	0.000000	0.000000	0.000000	0.000000	0.000000	0.000000	0.000000	0.000000	0.000000	0.000000	0.000000	0.000000	0.000000	0.000000	0.000000	0.000000	0.000000	0.000000	
63.017746	78.206570	0.000000	0.000000	0.000000	0.000000	0.000000	0.000000	0.000000	0.000000	0.000000	0.000000	0.000000	0.000000	0.000000	0.000000	0.000000	0.000000	0.000000	0.000000	0.000000	0.000000	0.000000	0.000000	0.000000	0.000000	0.000000	0.000000	0.000000	0.000000	0.000000	0.000000	0.000000	0.000000	0.000000	0.000000	0.000000	0.000000	0.000000	0.000000	0.000000	0.000000	0.000000	
62.986843	74.995279	0.000000	0.000000	0.000000	0.000000	0.000000	0.000000	0.000000	0.000000	0.000000	0.000000	0.000000	0.000000	0.000000	0.000000	0.000000	0.000000	0.000000	0.000000	0.000000	0.000000	0.000000	0.000000	0.000000	0.000000	0.000000	0.000000	0.000000	0.000000	0.000000	0.000000	0.000000	0.000000	0.000000	0.000000	0.000000	0.000000	0.000000	0.000000	0.000000	0.000000	0.000000	
63.099048	74.205361	0.000000	0.000000	0.000000	0.000000	0.000000	0.000000	0.000000	0.000000	0.000000	0.000000	0.000000	0.000000	0.000000	0.000000	0.000000	0.000000	0.000000	0.000000	0.000000	0.000000	0.000000	0.000000	0.000000	0.000000	0.000000	0.000000	0.000000	0.000000	0.000000	0.000000	0.000000	0.000000	0.000000	0.000000	0.000000	0.000000	0.000000	0.000000	0.000000	0.000000	0.000000	
63.252696	74.102008	180.000000	0.000000	0.000000	0.000000	0.000000	0.000000	0.000000	0.000000	0.000000	0.000000	0.000000	0.000000	0.000000	0.000000	0.000000	0.000000	0.000000	0.000000	0.000000	0.000000	0.000000	0.000000	0.000000	0.000000	0.000000	0.000000	0.000000	0.000000	0.000000	0.000000	0.000000	0.000000	0.000000	0.000000	0.000000	0.000000	0.000000	0.000000	0.000000	0.000000	0.000000	
63.419955	74.193917	180.000000	0.000000	0.000000	0.000000	0.000000	0.000000	0.000000	0.000000	0.000000	0.000000	0.000000	0.000000	0.000000	0.000000	0.000000	0.000000	0.000000	0.000000	0.000000	0.000000	0.000000	0.000000	0.000000	0.000000	0.000000	0.000000	0.000000	0.000000	0.000000	0.000000	0.000000	0.000000	0.000000	0.000000	0.000000	0.000000	0.000000	0.000000	0.000000	0.000000	0.000000	
63.593197	74.342214	180.000000	0.000000	0.000000	0.000000	0.000000	0.000000	0.000000	0.000000	0.000000	0.000000	0.000000	0.000000	0.000000	0.000000	0.000000	0.000000	0.000000	0.000000	0.000000	0.000000	0.000000	0.000000	0.000000	0.000000	0.000000	0.000000	0.000000	0.000000	0.000000	0.000000	0.000000	0.000000	0.000000	0.000000	0.000000	0.000000	0.000000	0.000000	0.000000	0.000000	0.000000	
63.770319	65.350325	180.000000	0.000000	0.000000	0.000000	0.000000	0.000000	0.000000	0.000000	0.000000	0.000000	0.000000	0.000000	0.000000	0.000000	0.000000	0.000000	0.000000	0.000000	0.000000	0.000000	0.000000	0.000000	0.000000	0.000000	0.000000	0.000000	0.000000	0.000000	0.000000	0.000000	0.000000	0.000000	0.000000	0.000000	0.000000	0.000000	0.000000	0.000000	0.000000	0.000000	0.000000	
63.950726	62.818211	180.000000	180.000000	0.000000	0.000000	0.000000	0.000000	0.000000	0.000000	0.000000	0.000000	0.000000	0.000000	0.000000	0.000000	0.000000	0.000000	0.000000	0.000000	0.000000	0.000000	0.000000	0.000000	0.000000	0.000000	0.000000	0.000000	0.000000	0.000000	0.000000	0.000000	0.000000	0.000000	0.000000	0.000000	0.000000	0.000000	0.000000	0.000000	0.000000	0.000000	0.000000	
64.134231	62.215626	180.000000	180.000000	0.000000	0.000000	0.000000	0.000000	0.000000	0.000000	0.000000	0.000000	0.000000	0.000000	0.000000	0.000000	0.000000	0.000000	0.000000	0.000000	0.000000	0.000000	0.000000	0.000000	0.000000	0.000000	0.000000	0.000000	0.000000	0.000000	0.000000	0.000000	0.000000	0.000000	0.000000	0.000000	0.000000	0.000000	0.000000	0.000000	0.000000	0.000000	0.000000	
64.320761	62.191255	180.000000	180.000000	0.000000	0.000000	0.000000	0.000000	0.000000	0.000000	0.000000	0.000000	0.000000	0.000000	0.000000	0.000000	0.000000	0.000000	0.000000	0.000000	0.000000	0.000000	0.000000	0.000000	0.000000	0.000000	0.000000	0.000000	0.000000	0.000000	0.000000	0.000000	0.000000	0.000000	0.000000	0.000000	0.000000	0.000000	0.000000	0.000000	0.000000	0.000000	0.000000	
64.510275	62.341542	180.000000	180.000000	0.000000	0.000000	0.000000	0.000000	0.000000	0.000000	0.000000	0.000000	0.000000	0.000000	0.000000	0.000000	0.000000	0.000000	0.000000	0.000000	0.000000	0.000000	0.000000	0.000000	0.000000	0.000000	0.000000	0.000000	0.000000	0.000000	0.000000	0.000000	0.000000	0.000000	0.000000	0.000000	0.000000	0.000000	0.000000	0.000000	0.000000	0.000000	0.000000	
64.702742	62.546253	180.000000	180.000000	180.000000	0.000000	0.000000	0.000000	0.000000	0.000000	0.000000	0.000000	0.000000	0.000000	0.000000	0.000000	0.000000	0.000000	0.000000	0.000000	0.000000	0.000000	0.000000	0.000000	0.000000	0.000000	0.000000	0.000000	0.000000	0.000000	0.000000	0.000000	0.000000	0.000000	0.000000	0.000000	0.000000	0.000000	0.000000	0.000000	0.000000	0.000000	0.000000	
64.898132	62.769627	180.000000	180.000000	180.000000	0.000000	0.000000	0.000000	0.000000	0.000000	0.000000	0.000000	0.000000	0.000000	0.000000	0.000000	0.000000	0.000000	0.000000	0.000000	0.000000	0.000000	0.000000	0.000000	0.000000	0.000000	0.000000	0.000000	0.000000	0.000000	0.000000	0.000000	0.000000	0.000000	0.000000	0.000000	0.000000	0.000000	0.000000	0.000000	0.000000	0.000000	0.000000	
65.096419	63.001034	180.000000	180.000000	180.000000	0.000000	0.000000	0.000000	0.000000	0.000000	0.000000	0.000000	0.000000	0.000000	0.000000	0.000000	0.000000	0.000000	0.000000	0.000000	0.000000	0.000000	0.000000	0.000000	0.000000	0.000000	0.000000	0.000000	0.000000	0.000000	0.000000	0.000000	0.000000	0.000000	0.000000	0.000000	0.000000	0.000000	0.000000	0.000000	0.000000	0.000000	0.000000	
65.297578	63.237304	180.000000	180.000000	180.000000	0.000000	0.000000	0.000000	0.000000	0.000000	0.000000	0.000000	0.000000	0.000000	0.000000	0.000000	0.000000	0.000000	0.000000	0.000000	0.000000	0.000000	0.000000	0.000000	0.000000	0.000000	0.000000	0.000000	0.000000	0.000000	0.000000	0.000000	0.000000	0.000000	0.000000	0.000000	0.000000	0.000000	0.000000	0.000000	0.000000	0.000000	0.000000	
76.297731	63.477479	180.000000	180.000000	180.000000	90.000000	0.000000	0.000000	0.000000	0.000000	0.000000	0.000000	0.000000	0.000000	0.000000	0.000000	0.000000	0.000000	0.000000	0.000000	0.000000	0.000000	0.000000	0.000000	0.000000	0.000000	0.000000	0.000000	0.000000	0.000000	0.000000	0.000000	0.000000	0.000000	0.000000	0.000000	0.000000	0.000000	0.000000	0.000000	0.000000	0.000000	0.000000	
68.497573	74.347896	180.000000	180.000000	180.000000	90.000000	0.000000	0.000000	0.000000	0.000000	0.000000	0.000000	0.000000	0.000000	0.000000	0.000000	0.000000	0.000000	0.000000	0.000000	0.000000	0.000000	0.000000	0.000000	0.000000	0.000000	0.000000	0.000000	0.000000	0.000000	0.000000	0.000000	0.000000	0.000000	0.000000	0.000000	0.000000	0.000000	0.000000	0.000000	0.000000	0.000000	0.000000	
66.574643	66.985904	180.000000	180.000000	180.000000	90.000000	0.000000	0.000000	0.000000	0.000000	0.000000	0.000000	0.000000	0.000000	0.000000	0.000000	0.000000	0.000000	0.000000	0.000000	0.000000	0.000000	0.000000	0.000000	0.000000	0.000000	0.000000	0.000000	0.000000	0.000000	0.000000	0.000000	0.000000	0.000000	0.000000	0.000000	0.000000	0.000000	0.000000	0.000000	0.000000	0.000000	0.000000	
76.798105	75.561816	180.000000	180.000000	180.000000	90.000000	0.000000	0.000000	0.000000	0.000000	0.000000	0.000000	0.000000	0.000000	0.000000	0.000000	0.000000	0.000000	0.000000	0.000000	0.000000	0.000000	0.000000	0.000000	0.000000	0.000000	0.000000	0.000000	0.000000	0.000000	0.000000	0.000000	0.000000	0.000000	0.000000	0.000000	0.000000	0.000000	0.000000	0.000000	0.000000	0.000000	0.000000	
69.003557	67.599294	180.000000	180.000000	180.000000	90.000000	90.000000	0.000000	0.000000	0.000000	0.000000	0.000000	0.000000	0.000000	0.000000	0.000000	0.000000	0.000000	0.000000	0.000000	0.000000	0.000000	0.000000	0.000000	0.000000	0.000000	0.000000	0.000000	0.000000	0.000000	0.000000	0.000000	0.000000	0.000000	0.000000	0.000000	0.000000	0.000000	0.000000	0.000000	0.000000	0.000000	0.000000	
77.569842	75.846758	180.000000	180.000000	180.000000	90.000000	90.000000	0.000000	0.000000	0.000000	0.000000	0.000000	0.000000	0.000000	0.000000	0.000000	0.000000	0.000000	0.000000	0.000000	0.000000	0.000000	0.000000	0.000000	0.000000	0.000000	0.000000	0.000000	0.000000	0.000000	0.000000	0.000000	0.000000	0.000000	0.000000	0.000000	0.000000	0.000000	0.000000	0.000000	0.000000	0.000000	0.000000	
69.438779	67.953811	180.000000	180.000000	180.000000	90.000000	90.000000	0.000000	0.000000	0.000000	0.000000	0.000000	0.000000	0.000000	0.000000	0.000000	0.000000	0.000000	0.000000	0.000000	0.000000	0.000000	0.000000	0.000000	0.000000	0.000000	0.000000	0.000000	0.000000	0.000000	0.000000	0.000000	0.000000	0.000000	0.000000	0.000000	0.000000	0.000000	0.000000	0.000000	0.000000	0.000000	0.000000	
77.765555	76.057679	180.000000	180.000000	180.000000	90.000000	90.000000	0.000000	0.000000	0.000000	0.000000	0.000000	0.000000	0.000000	0.000000	0.000000	0.000000	0.000000	0.000000	0.000000	0.000000	0.000000	0.000000	0.000000	0.000000	0.000000	0.000000	0.000000	0.000000	0.000000	0.000000	0.000000	0.000000	0.000000	0.000000	0.000000	0.000000	0.000000	0.000000	0.000000	0.000000	0.000000	0.000000	
69.731882	68.298902	180.000000	180.000000	180.000000	90.000000	90.000000	0.000000	0.000000	0.000000	0.000000	0.000000	0.000000	0.000000	0.000000	0.000000	0.000000	0.000000	0.000000	0.000000	0.000000	0.000000	0.000000	0.000000	0.000000	0.000000	0.000000	0.000000	0.000000	0.000000	0.000000	0.000000	0.000000	0.000000	0.000000	0.000000	0.000000	0.000000	0.000000	0.000000	0.000000	0.000000	0.000000	
77.927771	76.275494	180.000000	180.000000	180.000000	90.000000	90.000000	0.000000	0.000000	0.000000	0.000000	0.000000	0.000000	0.000000	0.000000	0.000000	0.000000	0.000000	0.000000	0.000000	0.000000	0.000000	0.000000	0.000000	0.000000	0.000000	0.000000	0.000000	0.000000	0.000000	0.000000	0.000000	0.000000	0.000000	0.000000	0.000000	0.000000	0.000000	0.000000	0.000000	0.000000	0.000000	0.000000	
70.026268	68.657838	180.000000	180.000000	180.000000	90.000000	90.000000	0.000000	0.000000	0.000000	0.000000	0.000000	0.000000	0.000000	0.000000	0.000000	0.000000	0.000000	0.000000	0.000000	0.000000	0.000000	0.000000	0.000000	0.000000	0.000000	0.000000	0.000000	0.000000	0.000000	0.000000	0.000000	0.000000	0.000000	0.000000	0.000000	0.000000	0.000000	0.000000	0.000000	0.000000	0.000000	0.000000	
78.098494	76.507685	180.000000	180.000000	180.000000	90.000000	90.000000	0.000000	0.000000	0.000000	0.000000	0.000000	0.000000	0.000000	0.000000	0.000000	0.000000	0.000000	0.000000	0.000000	0.000000	0.000000	0.000000	0.000000	0.000000	0.000000	0.000000	0.000000	0.000000	0.000000	0.000000	0.000000	0.000000	0.000000	0.000000	0.000000	0.000000	0.000000	0.000000	0.000000	0.000000	0.000000	0.000000	
80.457555	79.050601	180.000000	180.000000	180.000000	90.000000	90.000000	0.000000	270.000000	0.000000	0.000000	0.000000	0.000000	0.000000	0.000000	0.000000	0.000000	0.000000	0.000000	0.000000	0.000000	0.000000	0.000000	0.000000	0.000000	0.000000	0.000000	0.000000	0.000000	0.000000	0.000000	0.000000	0.000000	0.000000	0.000000	0.000000	0.000000	0.000000	0.000000	0.000000	0.000000	0.000000	0.000000	
71.037622	79.880436	180.000000	180.000000	180.000000	90.000000	90.000000	0.000000	289.059596	0.000000	0.000000	0.000000	0.000000	0.000000	0.000000	0.000000	0.000000	0.000000	0.000000	0.000000	0.000000	0.000000	0.000000	0.000000	0.000000	0.000000	0.000000	0.000000	0.000000	0.000000	0.000000	0.000000	0.000000	0.000000	0.000000	0.000000	0.000000	0.000000	0.000000	0.000000	0.000000	0.000000	0.000000	
78.486911	80.158136	180.000000	180.000000	180.000000	90.000000	90.000000	0.000000	294.532353	0.000000	0.000000	0.000000	0.000000	0.000000	0.000000	0.000000	0.000000	0.000000	0.000000	0.000000	0.000000	0.000000	0.000000	0.000000	0.000000	0.000000	0.000000	0.000000	0.000000	0.000000	0.000000	0.000000	0.000000	0.000000	0.000000	0.000000	0.000000	0.000000	0.000000	0.000000	0.000000	0.000000	0.000000	
80.666171	80.260173	180.000000	180.000000	180.000000	90.000000	90.000000	0.000000	296.126943	0.000000	0.000000	0.000000	0.000000	0.000000	0.000000	0.000000	0.000000	0.000000	0.000000	0.000000	0.000000	0.000000	0.000000	0.000000	0.000000	0.000000	0.000000	0.000000	0.000000	0.000000	0.000000	0.000000	0.000000	0.000000	0.000000	0.000000	0.000000	0.000000	0.000000	0.000000	0.000000	0.000000	0.000000	
81.306915	80.308567	180.000000	180.000000	180.000000	90.000000	90.000000	0.000000	296.592164	0.000000	0.000000	0.000000	0.000000	0.000000	0.000000	0.000000	0.000000	0.000000	0.000000	0.000000	0.000000	0.000000	0.000000	0.000000	0.000000	0.000000	0.000000	0.000000	0.000000	0.000000	0.000000	0.000000	0.000000	0.000000	0.000000	0.000000	0.000000	0.000000	0.000000	0.000000	0.000000	0.000000	0.000000	
81.499338	80.342826	180.000000	180.000000	180.000000	90.000000	90.000000	0.000000	296.727923	0.000000	0.000000	0.000000	0.000000	0.000000	0.000000	0.000000	0.000000	0.000000	0.000000	0.000000	0.000000	0.000000	0.000000	0.000000	0.000000	0.000000	0.000000	0.000000	0.000000	0.000000	0.000000	0.000000	0.000000	0.000000	0.000000	0.000000	0.000000	0.000000	0.000000	0.000000	0.000000	0.000000	0.000000	
81.563059	80.375722	180.000000	180.000000	180.000000	90.000000	90.000000	0.000000	296.767545	0.000000	0.000000	0.000000	0.000000	0.000000	0.000000	0.000000	0.000000	0.000000	0.000000	0.000000	0.000000	0.000000	0.000000	0.000000	0.000000	0.000000	0.000000	0.000000	0.000000	0.000000	0.000000	0.000000	0.000000	0.000000	0.000000	0.000000	0.000000	0.000000	0.000000	0.000000	0.000000	0.000000	0.000000	
81.591739	80.263529	180.000000	180.000000	180.000000	90.000000	90.000000	0.000000	296.779111	0.000000	0.000000	0.000000	0.000000	0.000000	0.000000	0.000000	0.000000	0.000000	0.000000	0.000000	0.000000	0.000000	0.000000	0.000000	0.000000	0.000000	0.000000	0.000000	0.000000	0.000000	0.000000	0.000000	0.000000	0.000000	0.000000	0.000000	0.000000	0.000000	0.000000	0.000000	0.000000	0.000000	0.000000	
81.612795	80.080054	180.000000	180.000000	180.000000	90.000000	90.000000	0.000000	296.782487	0.000000	0.000000	0.000000	0.000000	0.000000	0.000000	0.000000	0.000000	0.000000	0.000000	0.000000	0.000000	0.000000	0.000000	0.000000	0.000000	0.000000	0.000000	0.000000	0.000000	0.000000	0.000000	0.000000	0.000000	0.000000	0.000000	0.000000	0.000000	0.000000	0.000000	0.000000	0.000000	0.000000	0.000000	
81.634245	80.381702	180.000000	180.000000	180.000000	90.000000	90.000000	0.000000	296.783473	0.000000	0.000000	0.000000	0.000000	0.000000	0.000000	0.000000	0.000000	0.000000	0.000000	0.000000	0.000000	0.000000	0.000000	0.000000	0.000000	0.000000	0.000000	0.000000	0.000000	0.000000	0.000000	0.000000	0.000000	0.000000	0.000000	0.000000	0.000000	0.000000	0.000000	0.000000	0.000000	0.000000	0.000000	
81.658427	79.836788	180.000000	180.000000	180.000000	90.000000	90.000000	0.000000	296.783761	0.000000	0.000000	0.000000	0.000000	0.000000	0.000000	0.000000	0.000000	0.000000	0.000000	0.000000	0.000000	0.000000	0.000000	0.000000	0.000000	0.000000	0.000000	0.000000	0.000000	0.000000	0.000000	0.000000	0.000000	0.000000	0.000000	0.000000	0.000000	0.000000	0.000000	0.000000	0.000000	0.000000	0.000000	
81.686015	80.384420	180.000000	180.000000	180.000000	90.000000	90.000000	0.000000	296.783845	0.000000	0.000000	0.000000	0.000000	0.000000	0.000000	0.000000	0.000000	0.000000	0.000000	0.000000	0.000000	0.000000	0.000000	0.000000	0.000000	0.000000	0.000000	0.000000	0.000000	0.000000	0.000000	0.000000	0.000000	0.000000	0.000000	0.000000	0.000000	0.000000	0.000000	0.000000	0.000000	0.000000	0.000000	
81.717202	80.600609	180.000000	180.000000	180.000000	90.000000	90.000000	0.000000	296.783869	0.000000	0.000000	0.000000	0.000000	0.000000	0.000000	0.000000	0.000000	0.000000	0.000000	0.000000	0.000000	0.000000	0.000000	0.000000	0.000000	0.000000	0.000000	0.000000	0.000000	0.000000	0.000000	0.000000	0.000000	0.000000	0.000000	0.000000	0.000000	0.000000	0.000000	0.000000	0.000000	0.000000	0.000000	
81.752036	80.713784	180.000000	180.000000	180.000000	90.000000	90.000000	0.000000	296.783876	0.000000	0.000000	0.000000	0.000000	0.000000	0.000000	0.000000	0.000000	0.000000	0.000000	0.000000	0.000000	0.000000	0.000000	0.000000	0.000000	0.000000	0.000000	0.000000	0.000000	0.000000	0.000000	0.000000	0.000000	0.000000	0.000000	0.000000	0.000000	0.000000	0.000000	0.000000	0.000000	0.000000	0.000000	
81.756800	79.016305	180.000000	180.000000	180.000000	90.000000	90.000000	0.000000	296.783878	0.000000	0.000000	0.000000	0.000000	0.000000	0.000000	0.000000	0.000000	0.000000	0.000000	0.000000	0.000000	0.000000	0.000000	0.000000	0.000000	0.000000	0.000000	0.000000	0.000000	0.000000	0.000000	0.000000	0.000000	0.000000	0.000000	0.000000	0.000000	0.000000	0.000000	0.000000	0.000000	0.000000	0.000000	
81.629805	78.505579	180.000000	180.000000	180.000000	90.000000	90.000000	0.000000	296.783879	0.000000	0.000000	0.000000	0.000000	0.000000	0.000000	0.000000	0.000000	0.000000	0.000000	0.000000	0.000000	0.000000	0.000000	0.000000	0.000000	0.000000	0.000000	0.000000	0.000000	0.000000	0.000000	0.000000	0.000000	0.000000	0.000000	0.000000	0.000000	0.000000	0.000000	0.000000	0.000000	0.000000	0.000000	
79.543254	78.368595	180.000000	180.000000	180.000000	90.000000	90.000000	0.000000	296.783879	0.000000	0.000000	0.000000	90.000000	0.000000	0.000000	0.000000	0.000000	0.000000	0.000000	0.000000	0.000000	0.000000	0.000000	0.000000	0.000000	0.000000	0.000000	0.000000	0.000000	0.000000	0.000000	0.000000	0.000000	0.000000	0.000000	0.000000	0.000000	0.000000	0.000000	0.000000	0.000000	0.000000	0.000000	
79.325814	78.350893	180.000000	180.000000	180.000000	90.000000	90.000000	0.000000	296.783879	0.000000	0.000000	0.000000	71.276154	0.000000	0.000000	0.000000	0.000000	0.000000	0.000000	0.000000	0.000000	0.000000	0.000000	0.000000	0.000000	0.000000	0.000000	0.000000	0.000000	0.000000	0.000000	0.000000	0.000000	0.000000	0.000000	0.000000	0.000000	0.000000	0.000000	0.000000	0.000000	0.000000	0.000000	
79.277183	78.372940	180.000000	180.000000	180.000000	90.000000	90.000000	0.000000	296.783879	0.000000	0.000000	0.000000	65.656781	0.000000	0.000000	0.000000	0.000000	0.000000	0.000000	0.000000	0.000000	0.000000	0.000000	0.000000	0.000000	0.000000	0.000000	0.000000	0.000000	0.000000	0.000000	0.000000	0.000000	0.000000	0.000000	0.000000	0.000000	0.000000	0.000000	0.000000	0.000000	0.000000	0.000000	
79.278550	78.409902	180.000000	180.000000	180.000000	90.000000	90.000000	0.000000	296.783879	0.000000	0.000000	0.000000	63.947068	0.000000	0.000000	0.000000	0.000000	0.000000	0.000000	0.000000	0.000000	0.000000	0.000000	0.000000	0.000000	0.000000	0.000000	0.000000	0.000000	0.000000	0.000000	0.000000	0.000000	0.000000	0.000000	0.000000	0.000000	0.000000	0.000000	0.000000	0.000000	0.000000	0.000000	
79.296205	78.454023	180.000000	180.000000	180.000000	90.000000	90.000000	0.000000	296.783879	0.000000	0.000000	0.000000	63.426184	0.000000	0.000000	0.000000	0.000000	0.000000	0.000000	0.000000	0.000000	0.000000	0.000000	0.000000	0.000000	0.000000	0.000000	0.000000	0.000000	0.000000	0.000000	0.000000	0.000000	0.000000	0.000000	0.000000	0.000000	0.000000	0.000000	0.000000	0.000000	0.000000	0.000000	
79.320584	78.502868	180.000000	180.000000	180.000000	90.000000	90.000000	0.000000	296.783879	0.000000	0.000000	0.000000	63.267451	0.000000	0.000000	0.000000	0.000000	0.000000	0.000000	0.000000	0.000000	0.000000	0.000000	0.000000	0.000000	0.000000	0.000000	0.000000	0.000000	0.000000	0.000000	0.000000	0.000000	0.000000	0.000000	0.000000	0.000000	0.000000	0.000000	0.000000	0.000000	0.000000	0.000000	
79.348968	78.555654	180.000000	180.000000	180.000000	90.000000	90.000000	0.000000	296.783879	0.000000	0.000000	0.000000	63.219072	0.000000	0.000000	0.000000	0.000000	0.000000	0.000000	0.000000	0.000000	0.000000	0.000000	0.000000	0.000000	0.000000	0.000000	0.000000	0.000000	0.000000	0.000000	0.000000	0.000000	0.000000	0.000000	0.000000	0.000000	0.000000	0.000000	0.000000	0.000000	0.000000	0.000000	
79.380571	75.724033	180.000000	180.000000	180.000000	90.000000	90.000000	0.000000	296.783879	0.000000	0.000000	0.000000	63.204324	0.000000	0.000000	0.000000	0.000000	0.000000	0.000000	0.000000	0.000000	0.000000	0.000000	0.000000	0.000000	0.000000	0.000000	0.000000	0.000000	0.000000	0.000000	0.000000	0.000000	0.000000	0.000000	0.000000	0.000000	0.000000	0.000000	0.000000	0.000000	0.000000	0.000000	
79.415157	74.732390	180.000000	180.000000	180.000000	90.000000	90.000000	0.000000	296.783879	0.000000	0.000000	0.000000	63.199828	0.000000	270.000000	0.000000	0.000000	0.000000	0.000000	0.000000	0.000000	0.000000	0.000000	0.000000	0.000000	0.000000	0.000000	0.000000	0.000000	0.000000	0.000000	0.000000	0.000000	0.000000	0.000000	0.000000	0.000000	0.000000	0.000000	0.000000	0.000000	0.000000	0.000000	
79.452640	74.342384	180.000000	180.000000	180.000000	90.000000	90.000000	0.000000	296.783879	0.000000	0.000000	0.000000	63.198457	0.000000	270.000000	0.000000	0.000000	0.000000	0.000000	0.000000	0.000000	0.000000	0.000000	0.000000	0.000000	0.000000	0.000000	0.000000	0.000000	0.000000	0.000000	0.000000	0.000000	0.000000	0.000000	0.000000	0.000000	0.000000	0.000000	0.000000	0.000000	0.000000	0.000000	
79.492979	74.153022	180.000000	180.000000	180.000000	90.000000	90.000000	0.000000	296.783879	0.000000	0.000000	0.000000	63.198039	0.000000	270.000000	0.000000	0.000000	0.000000	0.000000	0.000000	0.000000	0.000000	0.000000	0.000000	0.000000	0.000000	0.000000	0.000000	0.000000	0.000000	0.000000	0.000000	0.000000	0.000000	0.000000	0.000000	0.000000	0.000000	0.000000	0.000000	0.000000	0.000000	0.000000	
79.536146	74.034334	180.000000	180.000000	180.000000	90.000000	90.000000	0.000000	296.783879	0.000000	0.000000	0.000000	63.197912	0.000000	270.000000	0.000000	0.000000	0.000000	0.000000	0.000000	0.000000	0.000000	0.000000	0.000000	0.000000	0.000000	0.000000	0.000000	0.000000	0.000000	0.000000	0.000000	0.000000	0.000000	0.000000	0.000000	0.000000	0.000000	0.000000	0.000000	0.000000	0.000000	0.000000	
77.393204	73.944170	180.000000	180.000000	180.000000	90.000000	90.000000	0.000000	296.783879	0.000000	0.000000	0.000000	63.197873	0.000000	270.000000	180.000000	0.000000	0.000000	0.000000	0.000000	0.000000	0.000000	0.000000	0.000000	0.000000	0.000000	0.000000	0.000000	0.000000	0.000000	0.000000	0.000000	0.000000	0.000000	0.000000	0.000000	0.000000	0.000000	0.000000	0.000000	0.000000	0.000000	0.000000	
76.686702	73.868829	180.000000	180.000000	180.000000	90.000000	90.000000	0.000000	296.783879	0.000000	0.000000	0.000000	63.197861	0.000000	270.000000	180.000000	0.000000	0.000000	0.000000	0.000000	0.000000	0.000000	0.000000	0.000000	0.000000	0.000000	0.000000	0.000000	0.000000	0.000000	0.000000	0.000000	0.000000	0.000000	0.000000	0.000000	0.000000	0.000000	0.000000	0.000000	0.000000	0.000000	0.000000	
76.402769	73.803823	180.000000	180.000000	180.000000	90.000000	90.000000	0.000000	296.783879	0.000000	0.000000	0.000000	63.197858	0.000000	270.000000	180.000000	0.000000	0.000000	0.000000	0.000000	0.000000	0.000000	0.000000	0.000000	0.000000	0.000000	0.000000	0.000000	0.000000	0.000000	0.000000	0.000000	0.000000	0.000000	0.000000	0.000000	0.000000	0.000000	0.000000	0.000000	0.000000	0.000000	0.000000	
76.246497	73.747640	180.000000	180.000000	180.000000	90.000000	90.000000	0.000000	296.783879	0.000000	0.000000	0.000000	63.197856	0.000000	270.000000	180.000000	0.000000	0.000000	0.000000	0.000000	0.000000	0.000000	0.000000	0.000000	0.000000	0.000000	0.000000	0.000000	0.000000	0.000000	0.000000	0.000000	0.000000	0.000000	0.000000	0.000000	0.000000	0.000000	0.000000	0.000000	0.000000	0.000000	0.000000	
76.132033	73.699733	180.000000	180.000000	180.000000	90.000000	90.000000	0.000000	296.783879	0.000000	0.000000	0.000000	63.197856	0.000000	270.000000	180.000000	90.000000	0.000000	0.000000	0.000000	0.000000	0.000000	0.000000	0.000000	0.000000	0.000000	0.000000	0.000000	0.000000	0.000000	0.000000	0.000000	0.000000	0.000000	0.000000	0.000000	0.000000	0.000000	0.000000	0.000000	0.000000	0.000000	0.000000	
76.034363	73.659861	180.000000	180.000000	180.000000	90.000000	90.000000	0.000000	296.783879	0.000000	0.000000	0.000000	63.197856	0.000000	270.000000	180.000000	90.000000	0.000000	0.000000	0.000000	0.000000	0.000000	0.000000	0.000000	0.000000	0.000000	0.000000	0.000000	0.000000	0.000000	0.000000	0.000000	0.000000	0.000000	0.000000	0.000000	0.000000	0.000000	0.000000	0.000000	0.000000	0.000000	0.000000	
75.946181	73.627881	180.000000	180.000000	180.000000	90.000000	90.000000	0.000000	296.783879	0.000000	0.000000	0.000000	63.197856	0.000000	270.000000	180.000000	90.000000	0.000000	0.000000	0.000000	0.000000	0.000000	0.000000	0.000000	0.000000	0.000000	0.000000	0.000000	0.000000	0.000000	0.000000	0.000000	0.000000	0.000000	0.000000	0.000000	0.000000	0.000000	0.000000	0.000000	0.000000	0.000000	0.000000	
75.865333	73.603682	180.000000	180.000000	180.000000	90.000000	90.000000	0.000000	296.783879	0.000000	0.000000	0.000000	63.197856	0.000000	270.000000	180.000000	90.000000	0.000000	0.000000	0.000000	0.000000	0.000000	0.000000	0.000000	0.000000	0.000000	0.000000	0.000000	0.000000	0.000000	0.000000	0.000000	0.000000	0.000000	0.000000	0.000000	0.000000	0.000000	0.000000	0.000000	0.000000	0.000000	0.000000	
75.791158	73.587157	180.000000	180.000000	180.000000	90.000000	90.000000	0.000000	296.783879	0.000000	0.000000	0.000000	63.197856	0.000000	270.000000	180.000000	90.000000	180.000000	0.000000	0.000000	0.000000	0.000000	0.000000	0.000000	0.000000	0.000000	0.000000	0.000000	0.000000	0.000000	0.000000	0.000000	0.000000	0.000000	0.000000	0.000000	0.000000	0.000000	0.000000	0.000000	0.000000	0.000000	0.000000	
75.723433	73.578206	180.000000	180.000000	180.000000	90.000000	90.000000	0.000000	296.783879	0.000000	0.000000	0.000000	63.197856	0.000000	270.000000	180.000000	90.000000	180.000000	0.000000	0.000000	0.000000	0.000000	0.000000	0.000000	0.000000	0.000000	0.000000	0.000000	0.000000	0.000000	0.000000	0.000000	0.000000	0.000000	0.000000	0.000000	0.000000	0.000000	0.000000	0.000000	0.000000	0.000000	0.000000	
75.662055	73.576726	180.000000	180.000000	180.000000	90.000000	90.000000	0.000000	296.783879	0.000000	0.000000	0.000000	63.197856	0.000000	270.000000	180.000000	90.000000	180.000000	0.000000	0.000000	0.000000	0.000000	0.000000	0.000000	0.000000	0.000000	0.000000	0.000000	0.000000	0.000000	0.000000	0.000000	0.000000	0.000000	0.000000	0.000000	0.000000	0.000000	0.000000	0.000000	0.000000	0.000000	0.000000	
75.606957	73.582612	180.000000	180.000000	180.000000	90.000000	90.000000	0.000000	296.783879	0.000000	0.000000	0.000000	63.197856	0.000000	270.000000	180.000000	90.000000	180.000000	0.000000	0.000000	0.000000	0.000000	0.000000	0.000000	0.000000	0.000000	0.000000	0.000000	0.000000	0.000000	0.000000	0.000000	0.000000	0.000000	0.000000	0.000000	0.000000	0.000000	0.000000	0.000000	0.000000	0.000000	0.000000	
75.558079	73.595761	180.000000	180.000000	180.000000	90.000000	90.000000	0.000000	296.783879	0.000000	0.000000	0.000000	63.197856	0.000000	270.000000	180.000000	90.000000	180.000000	270.000000	0.000000	0.000000	0.000000	0.000000	0.000000	0.000000	0.000000	0.000000	0.000000	0.000000	0.000000	0.000000	0.000000	0.000000	0.000000	0.000000	0.000000	0.000000	0.000000	0.000000	0.000000	0.000000	0.000000	0.000000	
75.515363	73.616068	180.000000	180.000000	180.000000	90.000000	90.000000	0.000000	296.783879	0.000000	0.000000	0.000000	63.197856	0.000000	270.000000	180.000000	90.000000	180.000000	270.000000	0.000000	0.000000	0.000000	0.000000	0.000000	0.000000	0.000000	0.000000	0.000000	0.000000	0.000000	0.000000	0.000000	0.000000	0.000000	0.000000	0.000000	0.000000	0.000000	0.000000	0.000000	0.000000	0.000000	0.000000	
75.478750	73.643428	180.000000	180.000000	180.000000	90.000000	90.000000	0.000000	296.783879	0.000000	0.000000	0.000000	63.197856	0.000000	270.000000	180.000000	90.000000	180.000000	270.000000	0.000000	0.000000	0.000000	0.000000	0.000000	0.000000	0.000000	0.000000	0.000000	0.000000	0.000000	0.000000	0.000000	0.000000	0.000000	0.000000	0.000000	0.000000	0.000000	0.000000	0.000000	0.000000	0.000000	0.000000	
75.448179	73.677736	180.000000	180.000000	180.000000	90.000000	90.000000	0.000000	296.783879	0.000000	0.000000	0.000000	63.197856	0.000000	270.000000	180.000000	90.000000	180.000000	270.000000	0.000000	0.000000	0.000000	0.000000	0.000000	0.000000	0.000000	0.000000	0.000000	0.000000	0.000000	0.000000	0.000000	0.000000	0.000000	0.000000	0.000000	0.000000	0.000000	0.000000	0.000000	0.000000	0.000000	0.000000	
75.423587	73.718889	180.000000	180.000000	180.000000	90.000000	90.000000	0.000000	296.783879	0.000000	0.000000	0.000000	63.197856	0.000000	270.000000	180.000000	90.000000	180.000000	270.000000	180.000000	0.000000	0.000000	0.000000	0.000000	0.000000	0.000000	0.000000	0.000000	0.000000	0.000000	0.000000	0.000000	0.000000	0.000000	0.000000	0.000000	0.000000	0.000000	0.000000	0.000000	0.000000	0.000000	0.000000	
75.404910	73.766782	180.000000	180.000000	180.000000	90.000000	90.000000	0.000000	296.783879	0.000000	0.000000	0.000000	63.197856	0.000000	270.000000	180.000000	90.000000	180.000000	270.000000	180.000000	0.000000	0.000000	0.000000	0.000000	0.000000	0.000000	0.000000	0.000000	0.000000	0.000000	0.000000	0.000000	0.000000	0.000000	0.000000	0.000000	0.000000	0.000000	0.000000	0.000000	0.000000	0.000000	0.000000	
75.392083	73.821312	180.000000	180.000000	180.000000	90.000000	90.000000	0.000000	296.783879	0.000000	0.000000	0.000000	63.197856	0.000000	270.000000	180.000000	90.000000	180.000000	270.000000	180.000000	0.000000	0.000000	0.000000	0.000000	0.000000	0.000000	0.000000	0.000000	0.000000	0.000000	0.000000	0.000000	0.000000	0.000000	0.000000	0.000000	0.000000	0.000000	0.000000	0.000000	0.000000	0.000000	0.000000	
75.385041	73.882376	180.000000	180.000000	180.000000	90.000000	90.000000	0.000000	296.783879	0.000000	0.000000	0.000000	63.197856	0.000000	270.000000	180.000000	90.000000	180.000000	270.000000	180.000000	0.000000	0.000000	0.000000	0.000000	0.000000	0.000000	0.000000	0.000000	0.000000	0.000000	0.000000	0.000000	0.000000	0.000000	0.000000	0.000000	0.000000	0.000000	0.000000	0.000000	0.000000	0.000000	0.000000	
75.383716	73.949872	180.000000	180.000000	180.000000	90.000000	90.000000	0.000000	296.783879	0.000000	0.000000	0.000000	63.197856	0.000000	270.000000	180.000000	90.000000	180.000000	270.000000	180.000000	90.000000	0.000000	0.000000	0.000000	0.000000	0.000000	0.000000	0.000000	0.000000	0.000000	0.000000	0.000000	0.000000	0.000000	0.000000	0.000000	0.000000	0.000000	0.000000	0.000000	0.000000	0.000000	0.000000	
75.388041	74.023702	180.000000	180.000000	180.000000	90.000000	90.000000	0.000000	296.783879	0.000000	0.000000	0.000000	63.197856	0.000000	270.000000	180.000000	90.000000	180.000000	270.000000	180.000000	90.000000	0.000000	0.000000	0.000000	0.000000	0.000000	0.000000	0.000000	0.000000	0.000000	0.000000	0.000000	0.000000	0.000000	0.000000	0.000000	0.000000	0.000000	0.000000	0.000000	0.000000	0.000000	0.000000	
75.397947	74.103765	180.000000	180.000000	180.000000	90.000000	90.000000	0.000000	296.783879	0.000000	0.000000	0.000000	63.197856	0.000000	270.000000	180.000000	90.000000	180.000000	270.000000	180.000000	90.000000	0.000000	0.000000	0.000000	0.000000	0.000000	0.000000	0.000000	0.000000	0.000000	0.000000	0.000000	0.000000	0.000000	0.000000	0.000000	0.000000	0.000000	0.000000	0.000000	0.000000	0.000000	0.000000	
75.413368	74.189963	180.000000	180.000000	180.000000	90.000000	90.000000	0.000000	296.783879	0.000000	0.000000	0.000000	63.197856	0.000000	270.000000	180.000000	90.000000	180.000000	270.000000	180.000000	90.000000	0.000000	0.000000	0.000000	0.000000	0.000000	0.000000	0.000000	0.000000	0.000000	0.000000	0.000000	0.000000	0.000000	0.000000	0.000000	0.000000	0.000000	0.000000	0.000000	0.000000	0.000000	0.000000	
75.434233	74.282202	180.000000	180.000000	180.000000	90.000000	90.000000	0.000000	296.783879	0.000000	0.000000	0.000000	63.197856	0.000000	270.000000	180.000000	90.000000	180.000000	270.000000	180.000000	90.000000	270.000000	0.000000	0.000000	0.000000	0.000000	0.000000	0.000000	0.000000	0.000000	0.000000	0.000000	0.000000	0.000000	0.000000	0.000000	0.000000	0.000000	0.000000	0.000000	0.000000	0.000000	0.000000	
75.460476	74.380385	180.000000	180.000000	180.000000	90.000000	90.000000	0.000000	296.783879	0.000000	0.000000	0.000000	63.197856	0.000000	270.000000	180.000000	90.000000	180.000000	270.000000	180.000000	90.000000	270.000000	0.000000	0.000000	0.000000	0.000000	0.000000	0.000000	0.000000	0.000000	0.000000	0.000000	0.000000	0.000000	0.000000	0.000000	0.000000	0.000000	0.000000	0.000000	0.000000	0.000000	0.000000	
75.492026	74.484420	180.000000	180.000000	180.000000	90.000000	90.000000	0.000000	296.783879	0.000000	0.000000	0.000000	63.197856	0.000000	270.000000	180.000000	90.000000	180.000000	270.000000	180.000000	90.000000	270.000000	0.000000	0.000000	0.000000	0.000000	0.000000	0.000000	0.000000	0.000000	0.000000	0.000000	0.000000	0.000000	0.000000	0.000000	0.000000	0.000000	0.000000	0.000000	0.000000	0.000000	0.000000	
75.528816	74.594216	180.000000	180.000000	180.000000	90.000000	90.000000	0.000000	296.783879	0.000000	0.000000	0.000000	63.197856	0.000000	270.000000	180.000000	90.000000	180.000000	270.000000	180.000000	90.000000	270.000000	0.000000	0.000000	0.000000	0.000000	0.000000	0.000000	0.000000	0.000000	0.000000	0.000000	0.000000	0.000000	0.000000	0.000000	0.000000	0.000000	0.000000	0.000000	0.000000	0.000000	0.000000	
75.570778	74.709684	180.000000	180.000000	180.000000	90.000000	90.000000	0.000000	296.783879	0.000000	0.000000	0.000000	63.197856	0.000000	270.000000	180.000000	90.000000	180.000000	270.000000	180.000000	90.000000	270.000000	0.000000	0.000000	0.000000	0.000000	0.000000	0.000000	0.000000	0.000000	0.000000	0.000000	0.000000	0.000000	0.000000	0.000000	0.000000	0.000000	0.000000	0.000000	0.000000	0.000000	0.000000	
75.617844	74.830734	180.000000	180.000000	180.000000	90.000000	90.000000	0.000000	303.119438	0.000000	0.000000	0.000000	63.197856	0.000000	270.000000	180.000000	90.000000	180.000000	270.000000	180.000000	90.000000	270.000000	0.000000	0.000000	0.000000	0.000000	0.000000	0.000000	0.000000	0.000000	0.000000	0.000000	0.000000	0.000000	0.000000	0.000000	0.000000	0.000000	0.000000	0.000000	0.000000	0.000000	0.000000	
75.669946	74.957282	180.000000	180.000000	180.000000	90.000000	90.000000	0.000000	304.956026	0.000000	0.000000	0.000000	63.197856	0.000000	270.000000	180.000000	90.000000	180.000000	270.000000	180.000000	90.000000	270.000000	0.000000	0.000000	0.000000	0.000000	0.000000	0.000000	0.000000	0.000000	0.000000	0.000000	0.000000	0.000000	0.000000	0.000000	0.000000	0.000000	0.000000	0.000000	0.000000	0.000000	0.000000	
75.727019	75.089244	180.000000	180.000000	180.000000	90.000000	90.000000	0.000000	305.489304	0.000000	0.000000	0.000000	63.197856	0.000000	270.000000	180.000000	90.000000	180.000000	270.000000	180.000000	90.000000	270.000000	0.000000	0.000000	0.000000	0.000000	0.000000	0.000000	0.000000	0.000000	0.000000	0.000000	0.000000	0.000000	0.000000	0.000000	0.000000	0.000000	0.000000	0.000000	0.000000	0.000000	0.000000	
75.788995	86.124717	180.000000	180.000000	180.000000	90.000000	90.000000	0.000000	305.644181	0.000000	0.000000	0.000000	63.197856	0.000000	270.000000	180.000000	90.000000	180.000000	270.000000	180.000000	90.000000	270.000000	0.000000	0.000000	0.000000	0.000000	0.000000	0.000000	0.000000	0.000000	0.000000	0.000000	0.000000	0.000000	0.000000	0.000000	0.000000	0.000000	0.000000	0.000000	0.000000	0.000000	0.000000	
75.855809	78.614488	180.000000	180.000000	180.000000	90.000000	90.000000	0.000000	305.689165	0.000000	0.000000	0.000000	63.197856	0.000000	270.000000	180.000000	90.000000	180.000000	270.000000	180.000000	90.000000	270.000000	0.000000	0.000000	0.000000	0.000000	0.000000	0.000000	0.000000	0.000000	0.000000	0.000000	0.000000	0.000000	0.000000	0.000000	0.000000	0.000000	0.000000	0.000000	0.000000	0.000000	0.000000	
75.927397	76.381732	180.000000	180.000000	180.000000	90.000000	90.000000	0.000000	305.702232	0.000000	0.000000	0.000000	63.197856	0.000000	270.000000	180.000000	90.000000	180.000000	270.000000	180.000000	90.000000	270.000000	0.000000	0.000000	0.000000	0.000000	0.000000	0.000000	0.000000	0.000000	0.000000	0.000000	0.000000	0.000000	0.000000	0.000000	0.000000	0.000000	0.000000	0.000000	0.000000	0.000000	0.000000	
76.003694	86.510626	180.000000	180.000000	180.000000	90.000000	90.000000	0.000000	305.706028	0.000000	0.000000	0.000000	63.197856	0.000000	270.000000	180.000000	90.000000	180.000000	270.000000	180.000000	90.000000	270.000000	0.000000	0.000000	0.000000	0.000000	0.000000	0.000000	0.000000	0.000000	0.000000	0.000000	0.000000	0.000000	0.000000	0.000000	0.000000	0.000000	0.000000	0.000000	0.000000	0.000000	0.000000	
76.084637	78.902898	180.000000	180.000000	180.000000	90.000000	90.000000	0.000000	305.707130	0.000000	0.000000	0.000000	63.197856	0.000000	270.000000	180.000000	90.000000	180.000000	270.000000	180.000000	90.000000	270.000000	0.000000	0.000000	0.000000	0.000000	0.000000	0.000000	0.000000	0.000000	0.000000	0.000000	0.000000	0.000000	0.000000	0.000000	0.000000	0.000000	0.000000	0.000000	0.000000	0.000000	0.000000	
76.170165	87.271960	180.000000	180.000000	180.000000	90.000000	90.000000	0.000000	305.707451	0.000000	0.000000	0.000000	63.197856	0.000000	270.000000	180.000000	90.000000	180.000000	270.000000	180.000000	90.000000	270.000000	0.000000	0.000000	0.000000	0.000000	0.000000	0.000000	0.000000	0.000000	0.000000	0.000000	0.000000	0.000000	0.000000	0.000000	0.000000	0.000000	0.000000	0.000000	0.000000	0.000000	0.000000	
76.260215	79.223493	180.000000	180.000000	180.000000	90.000000	90.000000	0.000000	305.707544	0.000000	0.000000	0.000000	63.197856	0.000000	270.000000	180.000000	90.000000	180.000000	270.000000	180.000000	90.000000	270.000000	0.000000	0.000000	0.000000	0.000000	0.000000	0.000000	0.000000	0.000000	0.000000	0.000000	0.000000	0.000000	0.000000	0.000000	0.000000	0.000000	0.000000	0.000000	0.000000	0.000000	0.000000	
76.354727	87.339418	180.000000	180.000000	180.000000	90.000000	90.000000	0.000000	305.707571	0.000000	0.000000	0.000000	63.197856	0.000000	270.000000	180.000000	90.000000	180.000000	270.000000	180.000000	90.000000	270.000000	0.000000	0.000000	0.000000	0.000000	0.000000	0.000000	0.000000	0.000000	0.000000	0.000000	0.000000	0.000000	0.000000	0.000000	0.000000	0.000000	0.000000	0.000000	0.000000	0.000000	0.000000	
76.453643	79.348070	180.000000	180.000000	180.000000	90.000000	90.000000	0.000000	305.707579	0.000000	0.000000	0.000000	63.197856	0.000000	270.000000	180.000000	90.000000	180.000000	270.000000	180.000000	90.000000	270.000000	0.000000	0.000000	0.000000	0.000000	0.000000	0.000000	0.000000	0.000000	0.000000	0.000000	0.000000	0.000000	0.000000	0.000000	0.000000	0.000000	0.000000	0.000000	0.000000	0.000000	0.000000	
76.556902	87.354753	180.000000	180.000000	180.000000	90.000000	90.000000	0.000000	305.707581	0.000000	0.000000	0.000000	63.197856	0.000000	270.000000	180.000000	90.000000	180.000000	270.000000	180.000000	90.000000	270.000000	0.000000	0.000000	0.000000	0.000000	0.000000	0.000000	0.000000	0.000000	0.000000	0.000000	0.000000	0.000000	0.000000	0.000000	0.000000	0.000000	0.000000	0.000000	0.000000	0.000000	0.000000	
76.664448	79.474808	180.000000	180.000000	180.000000	90.000000	90.000000	0.000000	305.707582	0.000000	0.000000	0.000000	56.970967	0.000000	270.000000	180.000000	90.000000	180.000000	270.000000	180.000000	90.000000	270.000000	0.000000	0.000000	0.000000	0.000000	0.000000	0.000000	0.000000	0.000000	0.000000	0.000000	0.000000	0.000000	0.000000	0.000000	0.000000	0.000000	0.000000	0.000000	0.000000	0.000000	0.000000	
87.428781	87.381578	180.000000	180.000000	180.000000	90.000000	90.000000	0.000000	305.707582	0.000000	0.000000	0.000000	55.085931	0.000000	270.000000	180.000000	90.000000	180.000000	270.000000	180.000000	90.000000	270.000000	0.000000	0.000000	0.000000	0.000000	0.000000	0.000000	0.000000	0.000000	0.000000	0.000000	0.000000	0.000000	0.000000	0.000000	0.000000	0.000000	0.000000	0.000000	0.000000	0.000000	0.000000	
79.758893	79.622860	180.000000	180.000000	180.000000	90.000000	90.000000	0.000000	305.707582	0.000000	0.000000	0.000000	54.514398	0.000000	270.000000	180.000000	90.000000	180.000000	270.000000	180.000000	90.000000	270.000000	0.000000	0.000000	0.000000	0.000000	0.000000	0.000000	0.000000	0.000000	0.000000	0.000000	0.000000	0.000000	0.000000	0.000000	0.000000	0.000000	0.000000	0.000000	0.000000	0.000000	0.000000	
77.690233	87.426049	180.000000	180.000000	180.000000	90.000000	90.000000	0.000000	305.707582	0.000000	0.000000	0.000000	54.341074	0.000000	270.000000	180.000000	90.000000	180.000000	270.000000	180.000000	90.000000	270.000000	0.000000	0.000000	0.000000	0.000000	0.000000	0.000000	0.000000	0.000000	0.000000	0.000000	0.000000	0.000000	0.000000	0.000000	0.000000	0.000000	0.000000	0.000000	0.000000	0.000000	0.000000	
87.682870	79.793653	180.000000	180.000000	180.000000	90.000000	90.000000	0.000000	305.707582	0.000000	0.000000	0.000000	54.288506	0.000000	270.000000	180.000000	90.000000	180.000000	270.000000	180.000000	90.000000	270.000000	0.000000	0.000000	0.000000	0.000000	0.000000	0.000000	0.000000	0.000000	0.000000	0.000000	0.000000	0.000000	0.000000	0.000000	0.000000	0.000000	0.000000	0.000000	0.000000	0.000000	0.000000	
79.968137	87.488618	180.000000	180.000000	180.000000	90.000000	90.000000	0.000000	305.707582	0.000000	0.000000	0.000000	54.272562	0.000000	270.000000	180.000000	90.000000	180.000000	270.000000	180.000000	90.000000	270.000000	0.000000	0.000000	0.000000	0.000000	0.000000	0.000000	0.000000	0.000000	0.000000	0.000000	0.000000	0.000000	0.000000	0.000000	0.000000	0.000000	0.000000	0.000000	0.000000	0.000000	0.000000	
88.288494	79.986875	180.000000	180.000000	180.000000	90.000000	90.000000	0.000000	305.707582	0.000000	0.000000	0.000000	54.267725	0.000000	270.000000	180.000000	90.000000	180.000000	270.000000	180.000000	90.000000	270.000000	0.000000	0.000000	0.000000	0.000000	0.000000	0.000000	0.000000	0.000000	0.000000	0.000000	0.000000	0.000000	0.000000	0.000000	0.000000	0.000000	0.000000	0.000000	0.000000	0.000000	0.000000	
80.204096	87.569160	180.000000	180.000000	180.000000	90.000000	90.000000	0.000000	305.707582	0.000000	0.000000	0.000000	54.266258	0.000000	270.000000	180.000000	90.000000	180.000000	270.000000	180.000000	90.000000	270.000000	0.000000	0.000000	0.000000	0.000000	0.000000	0.000000	0.000000	0.000000	0.000000	0.000000	0.000000	0.000000	0.000000	0.000000	0.000000	0.000000	0.000000	0.000000	0.000000	0.000000	0.000000	
88.312410	89.964878	180.000000	180.000000	180.000000	90.000000	90.000000	0.000000	305.707582	0.000000	0.000000	0.000000	54.265813	0.000000	270.000000	180.000000	90.000000	180.000000	270.000000	180.000000	90.000000	270.000000	0.000000	0.000000	0.000000	0.000000	0.000000	0.000000	0.000000	0.000000	0.000000	0.000000	0.000000	0.000000	0.000000	0.000000	0.000000	0.000000	0.000000	0.000000	0.000000	0.000000	0.000000	
80.292750	80.961342	180.000000	180.000000	180.000000	90.000000	90.000000	0.000000	305.707582	0.000000	0.000000	0.000000	54.265677	0.000000	270.000000	180.000000	90.000000	180.000000	270.000000	180.000000	90.000000	270.000000	0.000000	0.000000	0.000000	0.000000	0.000000	0.000000	0.000000	0.000000	0.000000	0.000000	0.000000	0.000000	0.000000	0.000000	0.000000	0.000000	0.000000	0.000000	0.000000	0.000000	0.000000	
88.302343	87.871111	180.000000	180.000000	180.000000	90.000000	90.000000	0.000000	305.707582	0.000000	0.000000	0.000000	54.265636	0.000000	270.000000	180.000000	90.000000	180.000000	270.000000	180.000000	90.000000	270.000000	0.000000	0.000000	0.000000	0.000000	0.000000	0.000000	0.000000	0.000000	0.000000	0.000000	0.000000	0.000000	0.000000	0.000000	0.000000	0.000000	0.000000	0.000000	0.000000	0.000000	0.000000	
80.386977	90.058802	180.000000	180.000000	180.000000	90.000000	90.000000	0.000000	305.707582	0.000000	0.000000	0.000000	54.265624	0.000000	270.000000	180.000000	90.000000	180.000000	270.000000	180.000000	90.000000	270.000000	0.000000	0.000000	0.000000	0.000000	0.000000	0.000000	0.000000	0.000000	0.000000	0.000000	0.000000	0.000000	0.000000	0.000000	0.000000	0.000000	0.000000	0.000000	0.000000	0.000000	0.000000	
88.302620	90.729262	180.000000	180.000000	180.000000	90.000000	90.000000	0.000000	305.707582	0.000000	0.000000	0.000000	54.265620	0.000000	270.000000	180.000000	90.000000	180.000000	270.000000	180.000000	90.000000	270.000000	0.000000	0.000000	0.000000	0.000000	0.000000	0.000000	0.000000	0.000000	0.000000	0.000000	0.000000	0.000000	0.000000	0.000000	0.000000	0.000000	0.000000	0.000000	0.000000	0.000000	0.000000	
80.498807	90.913541	180.000000	180.000000	180.000000	90.000000	90.000000	0.000000	305.707582	0.000000	0.000000	0.000000	54.265619	0.000000	270.000000	180.000000	90.000000	180.000000	270.000000	180.000000	90.000000	270.000000	0.000000	0.000000	0.000000	0.000000	0.000000	0.000000	0.000000	0.000000	0.000000	0.000000	0.000000	0.000000	0.000000	0.000000	0.000000	0.000000	0.000000	0.000000	0.000000	0.000000	0.000000	
88.316748	90.944340	180.000000	180.000000	180.000000	90.000000	90.000000	0.000000	305.707582	0.000000	0.000000	0.000000	54.265619	0.000000	270.000000	180.000000	90.000000	180.000000	270.000000	180.000000	90.000000	270.000000	0.000000	0.000000	0.000000	0.000000	0.000000	0.000000	0.000000	0.000000	0.000000	0.000000	0.000000	0.000000	0.000000	0.000000	0.000000	0.000000	0.000000	0.000000	0.000000	0.000000	0.000000	
80.628882	90.929024	180.000000	180.000000	180.000000	90.000000	90.000000	0.000000	305.707582	0.000000	0.000000	0.000000	54.265619	0.000000	270.000000	180.000000	90.000000	180.000000	270.000000	180.000000	90.000000	270.000000	0.000000	0.000000	0.000000	0.000000	0.000000	0.000000	0.000000	0.000000	0.000000	0.000000	0.000000	0.000000	0.000000	0.000000	0.000000	0.000000	0.000000	0.000000	0.000000	0.000000	0.000000	
88.344919	90.902238	180.000000	180.000000	180.000000	90.000000	90.000000	0.000000	305.707582	0.000000	0.000000	0.000000	54.265619	0.000000	270.000000	180.000000	90.000000	180.000000	270.000000	180.000000	90.000000	270.000000	0.000000	0.000000	0.000000	0.000000	0.000000	0.000000	0.000000	0.000000	0.000000	0.000000	0.000000	0.000000	0.000000	0.000000	0.000000	0.000000	0.000000	0.000000	0.000000	0.000000	0.000000	
80.776929	90.875163	180.000000	180.000000	180.000000	90.000000	90.000000	0.000000	305.707582	0.000000	0.000000	0.000000	54.265619	0.000000	270.000000	180.000000	90.000000	180.000000	270.000000	180.000000	90.000000	270.000000	0.000000	0.000000	0.000000	0.000000	0.000000	0.000000	0.000000	0.000000	0.000000	0.000000	0.000000	0.000000	0.000000	0.000000	0.000000	0.000000	0.000000	0.000000	0.000000	0.000000	0.000000	
88.387051	90.851409	180.000000	180.000000	180.000000	90.000000	90.000000	0.000000	305.707582	0.000000	0.000000	0.000000	54.265619	0.000000	270.000000	180.000000	90.000000	180.000000	270.000000	180.000000	90.000000	270.000000	0.000000	0.000000	0.000000	0.000000	0.000000	0.000000	0.000000	0.000000	0.000000	0.000000	0.000000	0.000000	0.000000	0.000000	0.000000	0.000000	0.000000	0.000000	0.000000	0.000000	0.000000	
80.942612	90.832142	180.000000	180.000000	180.000000	90.000000	90.000000	0.000000	305.707582	0.000000	0.000000	0.000000	54.265619	0.000000	270.000000	180.000000	90.000000	180.000000	270.000000	180.000000	90.000000	270.000000	0.000000	0.000000	0.000000	0.000000	0.000000	0.000000	0.000000	0.000000	0.000000	0.000000	0.000000	0.000000	0.000000	0.000000	0.000000	0.000000	0.000000	0.000000	0.000000	0.000000	0.000000	
88.443036	90.817741	180.000000	180.000000	180.000000	90.000000	90.000000	0.000000	305.707582	0.000000	0.000000	0.000000	54.265619	0.000000	270.000000	180.000000	90.000000	180.000000	270.000000	180.000000	90.000000	270.000000	0.000000	0.000000	0.000000	0.000000	0.000000	0.000000	0.000000	0.000000	0.000000	0.000000	0.000000	0.000000	0.000000	0.000000	0.000000	0.000000	0.000000	0.000000	0.000000	0.000000	0.000000	
90.582668	90.808329	180.000000	180.000000	180.000000	90.000000	90.000000	0.000000	305.707582	0.000000	0.000000	0.000000	54.265619	0.000000	270.000000	180.000000	90.000000	180.000000	270.000000	180.000000	90.000000	270.000000	0.000000	0.000000	0.000000	0.000000	0.000000	0.000000	0.000000	0.000000	0.000000	0.000000	0.000000	0.000000	0.000000	0.000000	0.000000	0.000000	0.000000	0.000000	0.000000	0.000000	0.000000	
81.741676	90.803945	180.000000	180.000000	180.000000	90.000000	90.000000	0.000000	305.707582	0.000000	0.000000	0.000000	54.265619	0.000000	270.000000	180.000000	90.000000	180.000000	270.000000	180.000000	106.208152	270.000000	0.000000	0.000000	0.000000	0.000000	0.000000	0.000000	0.000000	0.000000	0.000000	0.000000	0.000000	0.000000	0.000000	0.000000	0.000000	0.000000	0.000000	0.000000	0.000000	0.000000	0.000000	
88.652195	69.957706	180.000000	180.000000	180.000000	90.000000	90.000000	0.000000	305.707582	0.000000	0.000000	0.000000	54.265619	0.000000	270.000000	180.000000	90.000000	180.000000	270.000000	180.000000	110.430589	270.000000	0.000000	0.000000	0.000000	0.000000	0.000000	0.000000	0.000000	0.000000	0.000000	0.000000	0.000000	0.000000	0.000000	0.000000	0.000000	0.000000	0.000000	0.000000	0.000000	0.000000	0.000000	
90.627268	64.067021	180.000000	180.000000	180.000000	90.000000	90.000000	0.000000	305.707582	0.000000	0.000000	0.000000	54.265619	0.000000	270.000000	180.000000	90.000000	180.000000	270.000000	180.000000	111.542866	270.000000	0.000000	0.000000	0.000000	0.000000	0.000000	0.000000	0.000000	0.000000	0.000000	0.000000	0.000000	0.000000	0.000000	0.000000	0.000000	0.000000	0.000000	0.000000	0.000000	0.000000	0.000000	
91.168288	62.443223	180.000000	180.000000	180.000000	90.000000	90.000000	0.000000	305.707582	0.000000	0.000000	0.000000	54.265619	0.000000	270.000000	180.000000	90.000000	180.000000	270.000000	180.000000	111.836102	270.000000	0.000000	0.000000	0.000000	0.000000	0.000000	0.000000	0.000000	0.000000	0.000000	0.000000	0.000000	0.000000	0.000000	0.000000	0.000000	0.000000	0.000000	0.000000	0.000000	0.000000	0.000000	
91.293667	62.062882	180.000000	180.000000	180.000000	90.000000	90.000000	0.000000	305.707582	0.000000	0.000000	0.000000	54.265619	0.000000	270.000000	180.000000	90.000000	180.000000	270.000000	180.000000	111.913420	270.000000	0.000000	0.000000	0.000000	0.000000	0.000000	0.000000	0.000000	0.000000	0.000000	0.000000	0.000000	0.000000	0.000000	0.000000	0.000000	0.000000	0.000000	0.000000	0.000000	0.000000	0.000000	
91.300532	62.045919	180.000000	180.000000	180.000000	90.000000	90.000000	0.000000	305.707582	0.000000	0.000000	0.000000	54.265619	0.000000	270.000000	180.000000	90.000000	180.000000	270.000000	180.000000	111.933807	270.000000	0.000000	0.000000	0.000000	0.000000	0.000000	0.000000	0.000000	0.000000	0.000000	0.000000	0.000000	0.000000	0.000000	0.000000	0.000000	0.000000	0.000000	0.000000	0.000000	0.000000	0.000000	
91.275579	62.136050	180.000000	180.000000	180.000000	90.000000	90.000000	0.000000	305.707582	0.000000	0.000000	0.000000	54.265619	0.000000	270.000000	180.000000	90.000000	180.000000	270.000000	180.000000	111.939184	270.000000	0.000000	0.000000	0.000000	0.000000	0.000000	0.000000	0.000000	0.000000	0.000000	0.000000	0.000000	0.000000	0.000000	0.000000	0.000000	0.000000	0.000000	0.000000	0.000000	0.000000	0.000000	
91.244104	62.188523	180.000000	180.000000	180.000000	90.000000	90.000000	0.000000	305.707582	0.000000	0.000000	0.000000	54.265619	0.000000	270.000000	180.000000	90.000000	180.000000	270.000000	180.000000	111.940602	270.000000	0.000000	0.000000	0.000000	0.000000	0.000000	0.000000	0.000000	0.000000	0.000000	0.000000	0.000000	0.000000	0.000000	0.000000	0.000000	0.000000	0.000000	0.000000	0.000000	0.000000	0.000000	
91.213490	62.212752	180.000000	180.000000	180.000000	90.000000	90.000000	0.000000	305.707582	0.000000	0.000000	0.000000	54.265619	0.000000	270.000000	180.000000	90.000000	180.000000	270.000000	180.000000	111.940976	270.000000	0.000000	0.000000	0.000000	0.000000	0.000000	0.000000	0.000000	0.000000	0.000000	0.000000	0.000000	0.000000	0.000000	0.000000	0.000000	0.000000	0.000000	0.000000	0.000000	0.000000	0.000000	
91.185895	62.232901	180.000000	180.000000	180.000000	90.000000	90.000000	0.000000	305.707582	0.000000	0.000000	0.000000	54.265619	0.000000	270.000000	180.000000	90.000000	180.000000	270.000000	180.000000	111.941074	270.000000	0.000000	0.000000	0.000000	0.000000	0.000000	0.000000	0.000000	0.000000	0.000000	0.000000	0.000000	0.000000	0.000000	0.000000	0.000000	0.000000	0.000000	0.000000	0.000000	0.000000	0.000000	
91.161949	62.256079	180.000000	180.000000	180.000000	90.000000	90.000000	0.000000	305.707582	0.000000	0.000000	0.000000	54.265619	0.000000	270.000000	180.000000	90.000000	180.000000	270.000000	180.000000	111.941100	270.000000	0.000000	0.000000	0.000000	0.000000	0.000000	0.000000	0.000000	0.000000	0.000000	0.000000	0.000000	0.000000	0.000000	0.000000	0.000000	0.000000	0.000000	0.000000	0.000000	0.000000	0.000000	
91.141841	71.372467	180.000000	180.000000	180.000000	90.000000	90.000000	0.000000	305.707582	0.000000	0.000000	0.000000	54.265619	0.000000	270.000000	180.000000	90.000000	180.000000	270.000000	180.000000	111.941107	270.000000	0.000000	0.000000	0.000000	0.000000	0.000000	0.000000	0.000000	0.000000	0.000000	0.000000	0.000000	0.000000	0.000000	0.000000	0.000000	0.000000	0.000000	0.000000	0.000000	0.000000	0.000000	
91.125626	64.861297	180.000000	180.000000	180.000000	90.000000	90.000000	0.000000	305.707582	0.000000	0.000000	0.000000	54.265619	0.000000	270.000000	180.000000	90.000000	180.000000	270.000000	180.000000	111.941109	270.000000	0.000000	0.000000	0.000000	0.000000	0.000000	0.000000	0.000000	0.000000	0.000000	0.000000	0.000000	0.000000	0.000000	0.000000	0.000000	0.000000	0.000000	0.000000	0.000000	0.000000	0.000000	
91.113323	62.968001	180.000000	180.000000	180.000000	90.000000	90.000000	0.000000	305.707582	0.000000	0.000000	0.000000	54.265619	0.000000	270.000000	180.000000	90.000000	180.000000	270.000000	180.000000	111.941109	270.000000	0.000000	0.000000	0.000000	0.000000	0.000000	0.000000	0.000000	0.000000	0.000000	0.000000	0.000000	0.000000	0.000000	0.000000	0.000000	0.000000	0.000000	0.000000	0.000000	0.000000	0.000000	
69.622713	71.395950	180.000000	180.000000	180.000000	90.000000	90.000000	0.000000	305.707582	0.000000	0.000000	0.000000	54.265619	0.000000	270.000000	180.000000	90.000000	180.000000	270.000000	180.000000	111.941110	270.000000	0.000000	0.000000	0.000000	0.000000	0.000000	0.000000	0.000000	0.000000	0.000000	0.000000	0.000000	0.000000	0.000000	0.000000	0.000000	0.000000	0.000000	0.000000	0.000000	0.000000	0.000000	
64.115250	64.827459	180.000000	180.000000	180.000000	90.000000	90.000000	0.000000	305.707582	0.000000	0.000000	0.000000	54.265619	0.000000	270.000000	180.000000	90.000000	180.000000	270.000000	180.000000	111.941110	270.000000	0.000000	0.000000	0.000000	0.000000	0.000000	0.000000	0.000000	0.000000	0.000000	0.000000	0.000000	0.000000	0.000000	0.000000	0.000000	0.000000	0.000000	0.000000	0.000000	0.000000	0.000000	
62.737742	71.801213	180.000000	180.000000	180.000000	90.000000	90.000000	0.000000	305.707582	0.000000	0.000000	0.000000	54.265619	0.000000	270.000000	180.000000	90.000000	180.000000	270.000000	180.000000	111.941110	270.000000	0.000000	0.000000	0.000000	0.000000	0.000000	0.000000	0.000000	0.000000	0.000000	0.000000	0.000000	0.000000	0.000000	0.000000	0.000000	0.000000	0.000000	0.000000	0.000000	0.000000	0.000000	
62.453075	64.896322	180.000000	180.000000	180.000000	90.000000	90.000000	0.000000	305.707582	0.000000	0.000000	0.000000	54.265619	0.000000	270.000000	180.000000	90.000000	180.000000	270.000000	180.000000	111.941110	270.000000	0.000000	0.000000	0.000000	0.000000	0.000000	0.000000	0.000000	0.000000	0.000000	0.000000	0.000000	0.000000	0.000000	0.000000	0.000000	0.000000	0.000000	0.000000	0.000000	0.000000	0.000000	
62.458507	71.682609	180.000000	180.000000	180.000000	90.000000	90.000000	0.000000	305.707582	0.000000	0.000000	0.000000	54.265619	0.000000	270.000000	180.000000	90.000000	180.000000	270.000000	180.000000	111.941110	270.000000	0.000000	0.000000	0.000000	0.000000	0.000000	0.000000	0.000000	0.000000	0.000000	0.000000	0.000000	0.000000	0.000000	0.000000	0.000000	0.000000	0.000000	0.000000	0.000000	0.000000	0.000000	
62.541771	64.831252	180.000000	180.000000	180.000000	90.000000	90.000000	0.000000	305.707582	0.000000	0.000000	0.000000	54.265619	0.000000	270.000000	180.000000	90.000000	180.000000	270.000000	180.000000	111.941110	270.000000	0.000000	0.000000	0.000000	0.000000	0.000000	0.000000	0.000000	0.000000	0.000000	0.000000	0.000000	0.000000	0.000000	0.000000	0.000000	0.000000	0.000000	0.000000	0.000000	0.000000	0.000000	
62.646787	71.534168	180.000000	180.000000	180.000000	90.000000	90.000000	0.000000	305.707582	0.000000	0.000000	0.000000	54.265619	0.000000	270.000000	180.000000	90.000000	180.000000	270.000000	180.000000	111.941110	270.000000	0.000000	0.000000	0.000000	0.000000	0.000000	0.000000	0.000000	0.000000	0.000000	0.000000	0.000000	0.000000	0.000000	0.000000	0.000000	0.000000	0.000000	0.000000	0.000000	0.000000	0.000000	
62.758741	64.777164	180.000000	180.000000	180.000000	90.000000	90.000000	0.000000	305.707582	0.000000	0.000000	0.000000	54.265619	0.000000	270.000000	180.000000	90.000000	180.000000	270.000000	180.000000	111.941110	270.000000	0.000000	0.000000	0.000000	0.000000	0.000000	0.000000	0.000000	0.000000	0.000000	0.000000	0.000000	0.000000	0.000000	0.000000	0.000000	0.000000	0.000000	0.000000	0.000000	0.000000	0.000000	
62.873712	71.399203	180.000000	180.000000	180.000000	90.000000	90.000000	0.000000	305.707582	0.000000	0.000000	0.000000	54.265619	0.000000	270.000000	180.000000	90.000000	180.000000	270.000000	180.000000	111.941110	270.000000	0.000000	0.000000	0.000000	0.000000	0.000000	0.000000	0.000000	0.000000	0.000000	0.000000	0.000000	0.000000	0.000000	0.000000	0.000000	0.000000	0.000000	0.000000	0.000000	0.000000	0.000000	
62.990650	64.746232	180.000000	180.000000	180.000000	90.000000	90.000000	0.000000	305.707582	0.000000	0.000000	0.000000	54.265619	0.000000	270.000000	180.000000	90.000000	180.000000	270.000000	180.000000	111.941110	270.000000	0.000000	0.000000	0.000000	0.000000	0.000000	0.000000	0.000000	0.000000	0.000000	0.000000	0.000000	0.000000	0.000000	0.000000	0.000000	0.000000	0.000000	0.000000	0.000000	0.000000	0.000000	
63.109262	71.281310	180.000000	180.000000	180.000000	90.000000	90.000000	0.000000	305.707582	0.000000	0.000000	0.000000	54.265619	0.000000	270.000000	180.000000	90.000000	180.000000	270.000000	180.000000	111.941110	270.000000	0.000000	0.000000	0.000000	0.000000	0.000000	0.000000	0.000000	0.000000	0.000000	0.000000	0.000000	0.000000	0.000000	0.000000	0.000000	0.000000	0.000000	0.000000	0.000000	0.000000	0.000000	
63.229455	73.148041	180.000000	180.000000	180.000000	90.000000	90.000000	0.000000	305.707582	0.000000	0.000000	0.000000	54.265619	0.000000	270.000000	180.000000	90.000000	180.000000	270.000000	180.000000	111.941110	270.000000	0.000000	0.000000	0.000000	0.000000	0.000000	0.000000	0.000000	0.000000	0.000000	0.000000	0.000000	0.000000	0.000000	0.000000	0.000000	0.000000	0.000000	0.000000	0.000000	0.000000	0.000000	
63.351189	65.236826	180.000000	180.000000	180.000000	90.000000	90.000000	0.000000	305.707582	0.000000	0.000000	0.000000	54.265619	0.000000	270.000000	180.000000	90.000000	180.000000	270.000000	180.000000	111.941110	270.000000	0.000000	0.000000	0.000000	0.000000	0.000000	0.000000	0.000000	0.000000	0.000000	0.000000	0.000000	0.000000	0.000000	0.000000	0.000000	0.000000	0.000000	0.000000	0.000000	0.000000	0.000000	
63.474435	71.231509	180.000000	180.000000	180.000000	90.000000	90.000000	0.000000	305.707582	0.000000	0.000000	0.000000	54.265619	0.000000	270.000000	180.000000	90.000000	180.000000	270.000000	180.000000	111.941110	270.000000	0.000000	0.000000	0.000000	0.000000	0.000000	0.000000	0.000000	0.000000	0.000000	0.000000	0.000000	0.000000	0.000000	0.000000	0.000000	0.000000	0.000000	0.000000	0.000000	0.000000	0.000000	
72.348736	72.947212	180.000000	180.000000	180.000000	90.000000	90.000000	0.000000	305.707582	0.000000	0.000000	0.000000	54.265619	0.000000	270.000000	180.000000	90.000000	180.000000	270.000000	180.000000	111.941110	270.000000	0.000000	0.000000	0.000000	0.000000	0.000000	0.000000	0.000000	0.000000	0.000000	0.000000	0.000000	0.000000	0.000000	0.000000	0.000000	0.000000	0.000000	0.000000	0.000000	0.000000	0.000000	
65.938993	73.374159	180.000000	180.000000	180.000000	90.000000	90.000000	0.000000	305.707582	0.000000	0.000000	0.000000	54.265619	0.000000	270.000000	180.000000	90.000000	180.000000	270.000000	180.000000	111.941110	270.000000	0.000000	0.000000	0.000000	0.000000	0.000000	0.000000	0.000000	0.000000	0.000000	0.000000	0.000000	0.000000	0.000000	0.000000	0.000000	0.000000	0.000000	0.000000	0.000000	0.000000	0.000000	
64.361677	73.414454	180.000000	180.000000	180.000000	90.000000	90.000000	0.000000	305.707582	0.000000	0.000000	0.000000	54.265619	0.000000	270.000000	180.000000	90.000000	180.000000	270.000000	180.000000	111.941110	270.000000	0.000000	0.000000	0.000000	0.000000	0.000000	0.000000	0.000000	0.000000	0.000000	0.000000	0.000000	0.000000	0.000000	0.000000	0.000000	0.000000	0.000000	0.000000	0.000000	0.000000	0.000000	
72.667346	73.340866	180.000000	180.000000	180.000000	90.000000	90.000000	0.000000	305.707582	0.000000	0.000000	0.000000	54.265619	0.000000	270.000000	180.000000	90.000000	180.000000	270.000000	180.000000	111.941110	270.000000	0.000000	0.000000	0.000000	0.000000	0.000000	0.000000	0.000000	0.000000	0.000000	0.000000	0.000000	0.000000	0.000000	0.000000	0.000000	0.000000	0.000000	0.000000	0.000000	0.000000	0.000000	
66.220155	73.235920	180.000000	180.000000	180.000000	90.000000	90.000000	0.000000	305.707582	0.000000	0.000000	0.000000	54.265619	0.000000	270.000000	180.000000	90.000000	180.000000	270.000000	180.000000	111.941110	270.000000	0.000000	0.000000	0.000000	0.000000	0.000000	0.000000	0.000000	0.000000	0.000000	0.000000	0.000000	0.000000	0.000000	0.000000	0.000000	0.000000	0.000000	0.000000	0.000000	0.000000	0.000000	
73.072536	73.124596	180.000000	180.000000	180.000000	90.000000	90.000000	0.000000	305.707582	0.000000	0.000000	0.000000	54.265619	0.000000	270.000000	180.000000	90.000000	180.000000	270.000000	180.000000	111.941110	270.000000	0.000000	0.000000	0.000000	0.000000	0.000000	0.000000	0.000000	0.000000	0.000000	0.000000	0.000000	0.000000	0.000000	0.000000	0.000000	0.000000	0.000000	0.000000	0.000000	0.000000	0.000000	
66.258087	73.014465	180.000000	180.000000	180.000000	90.000000	90.000000	0.000000	305.707582	0.000000	0.000000	0.000000	54.265619	0.000000	270.000000	180.000000	90.000000	180.000000	270.000000	180.000000	111.941110	270.000000	0.000000	0.000000	0.000000	0.000000	0.000000	0.000000	0.000000	0.000000	0.000000	0.000000	0.000000	0.000000	0.000000	0.000000	0.000000	0.000000	0.000000	0.000000	0.000000	0.000000	0.000000	
72.936674	72.907822	180.000000	180.000000	180.000000	90.000000	90.000000	0.000000	305.707582	0.000000	0.000000	0.000000	54.265619	0.000000	270.000000	180.000000	90.000000	180.000000	270.000000	180.000000	111.941110	270.000000	0.000000	0.000000	0.000000	0.000000	0.000000	0.000000	0.000000	0.000000	0.000000	0.000000	0.000000	0.000000	0.000000	0.000000	0.000000	0.000000	0.000000	0.000000	0.000000	0.000000	0.000000	
66.169038	72.805362	180.000000	180.000000	180.000000	90.000000	90.000000	0.000000	305.707582	0.000000	0.000000	0.000000	54.265619	0.000000	270.000000	180.000000	90.000000	180.000000	270.000000	180.000000	111.941110	270.000000	0.000000	0.000000	0.000000	0.000000	0.000000	0.000000	0.000000	0.000000	0.000000	0.000000	0.000000	0.000000	0.000000	0.000000	0.000000	0.000000	0.000000	0.000000	0.000000	0.000000	0.000000	
72.774844	72.707292	180.000000	180.000000	180.000000	90.000000	90.000000	0.000000	305.707582	0.000000	0.000000	0.000000	54.265619	0.000000	270.000000	180.000000	90.000000	180.000000	270.000000	180.000000	111.941110	270.000000	0.000000	0.000000	0.000000	0.000000	0.000000	0.000000	0.000000	0.000000	0.000000	0.000000	0.000000	0.000000	0.000000	0.000000	0.000000	0.000000	0.000000	0.000000	0.000000	0.000000	0.000000	
66.089574	72.613674	180.000000	180.000000	180.000000	90.000000	90.000000	0.000000	305.707582	0.000000	0.000000	0.000000	54.265619	0.000000	270.000000	180.000000	90.000000	180.000000	270.000000	180.000000	111.941110	270.000000	0.000000	0.000000	0.000000	0.000000	0.000000	0.000000	0.000000	0.000000	0.000000	0.000000	0.000000	0.000000	0.000000	0.000000	0.000000	0.000000	0.000000	0.000000	0.000000	0.000000	0.000000	
72.623833	72.524520	180.000000	180.000000	180.000000	90.000000	90.000000	0.000000	305.707582	0.000000	0.000000	0.000000	54.265619	0.000000	270.000000	180.000000	90.000000	180.000000	270.000000	180.000000	111.941110	270.000000	0.000000	0.000000	0.000000	0.000000	0.000000	0.000000	0.000000	0.000000	0.000000	0.000000	0.000000	0.000000	0.000000	0.000000	0.000000	0.000000	0.000000	0.000000	0.000000	0.000000	0.000000	
66.029079	72.439825	180.000000	180.000000	180.000000	90.000000	90.000000	0.000000	305.707582	0.000000	0.000000	0.000000	54.265619	0.000000	270.000000	180.000000	90.000000	180.000000	270.000000	180.000000	111.941110	270.000000	0.000000	0.000000	0.000000	0.000000	0.000000	0.000000	0.000000	0.000000	0.000000	0.000000	0.000000	0.000000	0.000000	0.000000	0.000000	0.000000	0.000000	0.000000	0.000000	0.000000	0.000000	
72.486163	72.359580	180.000000	180.000000	180.000000	90.000000	90.000000	0.000000	305.707582	0.000000	0.000000	0.000000	54.265619	0.000000	270.000000	180.000000	90.080141	180.000000	270.000000	180.000000	111.941110	270.000000	0.000000	0.000000	0.000000	0.000000	0.000000	0.000000	0.000000	0.000000	0.000000	0.000000	0.000000	0.000000	0.000000	0.000000	0.000000	0.000000	0.000000	0.000000	0.000000	0.000000	0.000000	
65.987835	72.283771	180.000000	180.000000	180.000000	90.000000	90.000000	0.000000	305.707582	0.000000	0.000000	0.000000	54.265619	0.000000	270.000000	180.000000	90.248273	180.000000	270.000000	180.000000	111.941110	270.000000	0.000000	0.000000	0.000000	0.000000	0.000000	0.000000	0.000000	0.000000	0.000000	0.000000	0.000000	0.000000	0.000000	0.000000	0.000000	0.000000	0.000000	0.000000	0.000000	0.000000	0.000000	
72.361882	72.212383	180.000000	180.000000	180.000000	90.000000	90.000000	0.000000	305.707582	0.000000	0.000000	0.000000	54.265619	0.000000	270.000000	180.000000	90.442277	180.000000	270.000000	180.000000	111.941110	270.000000	0.000000	0.000000	0.000000	0.000000	0.000000	0.000000	0.000000	0.000000	0.000000	0.000000	0.000000	0.000000	0.000000	0.000000	0.000000	0.000000	0.000000	0.000000	0.000000	0.000000	0.000000	
65.965467	72.145398	180.000000	180.000000	180.000000	90.000000	90.000000	0.000000	305.707582	0.000000	0.000000	0.000000	54.265619	0.000000	270.000000	180.000000	90.643750	180.000000	270.000000	180.000000	111.941110	270.000000	0.000000	0.000000	0.000000	0.000000	0.000000	0.000000	0.000000	0.000000	0.000000	0.000000	0.000000	0.000000	0.000000	0.000000	0.000000	0.000000	0.000000	0.000000	0.000000	0.000000	0.000000	
72.250849	72.082794	180.000000	180.000000	180.000000	90.000000	90.000000	0.000000	305.707582	0.000000	0.000000	0.000000	54.265619	0.000000	270.000000	180.000000	90.847156	180.000000	270.000000	180.000000	111.941110	270.000000	0.000000	0.000000	0.000000	0.000000	0.000000	0.000000	0.000000	0.000000	0.000000	0.000000	0.000000	0.000000	0.000000	0.000000	0.000000	0.000000	0.000000	0.000000	0.000000	0.000000	0.000000	
73.868946	72.024551	180.000000	180.000000	180.000000	90.000000	90.000000	0.000000	305.707582	0.000000	0.000000	0.000000	54.265619	0.000000	270.000000	180.000000	91.050765	180.000000	270.000000	180.000000	111.941110	270.000000	0.000000	0.000000	0.000000	0.000000	0.000000	0.000000	0.000000	0.000000	0.000000	0.000000	0.000000	0.000000	0.000000	0.000000	0.000000	0.000000	0.000000	0.000000	0.000000	0.000000	0.000000	
74.218924	71.970645	180.000000	180.000000	180.000000	90.000000	90.000000	0.000000	305.707582	0.000000	0.000000	0.000000	54.265619	0.000000	270.000000	180.000000	91.253975	180.000000	270.000000	180.000000	111.941110	270.000000	0.000000	0.000000	0.000000	0.000000	0.000000	0.000000	0.000000	0.000000	0.000000	0.000000	0.000000	0.000000	0.000000	0.000000	0.000000	0.000000	0.000000	0.000000	0.000000	0.000000	0.000000	
74.225471	71.921050	180.000000	180.000000	180.000000	90.000000	90.000000	0.000000	305.707582	0.000000	0.000000	0.000000	54.265619	0.000000	270.000000	180.000000	91.456521	180.000000	270.000000	180.000000	111.941110	270.000000	0.000000	0.000000	0.000000	0.000000	0.000000	0.000000	0.000000	0.000000	0.000000	0.000000	0.000000	0.000000	0.000000	0.000000	0.000000	0.000000	0.000000	0.000000	0.000000	0.000000	0.000000	
74.140778	71.875738	180.000000	180.000000	180.000000	90.000000	90.000000	0.000000	305.707582	0.000000	0.000000	0.000000	54.265619	0.000000	270.000000	180.000000	91.658233	180.000000	270.000000	180.000000	111.941110	270.000000	0.000000	0.000000	0.000000	0.000000	0.000000	0.000000	0.000000	0.000000	0.000000	0.000000	0.000000	0.000000	0.000000	0.000000	0.000000	0.000000	0.000000	0.000000	0.000000	0.000000	0.000000	
74.033672	71.834683	180.000000	180.000000	180.000000	90.000000	90.000000	0.000000	305.707582	0.000000	0.000000	0.000000	54.265619	0.000000	270.000000	180.000000	91.858971	180.000000	270.000000	180.000000	111.941110	270.000000	0.000000	0.000000	0.000000	0.000000	0.000000	0.000000	0.000000	0.000000	0.000000	0.000000	0.000000	0.000000	0.000000	0.000000	0.000000	0.000000	0.000000	0.000000	0.000000	0.000000	0.000000	
73.922954	71.797853	180.000000	180.000000	180.000000	90.000000	90.000000	0.000000	305.707582	0.000000	0.000000	0.000000	54.265619	0.000000	270.000000	180.000000	92.058602	180.000000	270.000000	180.000000	111.941110	270.000000	0.000000	0.000000	0.000000	0.000000	0.000000	0.000000	0.000000	0.000000	0.000000	0.000000	0.000000	0.000000	0.000000	0.000000	0.000000	0.000000	0.000000	0.000000	0.000000	0.000000	0.000000	
73.813766	71.765217	180.000000	180.000000	180.000000	90.000000	90.000000	0.000000	305.707582	0.000000	0.000000	0.000000	54.265619	0.000000	270.000000	180.000000	92.256992	180.000000	270.000000	180.000000	111.941110	270.000000	0.000000	0.000000	0.000000	0.000000	0.000000	0.000000	0.000000	0.000000	0.000000	0.000000	0.000000	0.000000	0.000000	0.000000	0.000000	0.000000	0.000000	0.000000	0.000000	0.000000	0.000000	
73.707517	71.736743	180.000000	180.000000	180.000000	90.000000	90.000000	0.000000	305.707582	0.000000	0.000000	0.000000	54.265619	0.000000	270.000000	180.000000	92.454007	180.000000	270.000000	180.000000	111.941110	270.000000	0.000000	0.000000	0.000000	0.000000	0.000000	0.000000	0.000000	0.000000	0.000000	0.000000	0.000000	0.000000	0.000000	0.000000	0.000000	0.000000	0.000000	0.000000	0.000000	0.000000	0.000000	
73.604598	71.712397	180.000000	180.000000	180.000000	90.000000	90.000000	0.000000	305.707582	0.000000	0.000000	0.000000	54.265619	0.000000	270.000000	180.000000	109.059991	180.000000	270.000000	180.000000	111.941110	270.000000	0.000000	0.000000	0.000000	0.000000	0.000000	0.000000	0.000000	0.000000	0.000000	0.000000	0.000000	0.000000	0.000000	0.000000	0.000000	0.000000	0.000000	0.000000	0.000000	0.000000	0.000000	
73.505117	71.692145	180.000000	180.000000	180.000000	90.000000	90.000000	0.000000	305.707582	0.000000	0.000000	0.000000	54.265619	0.000000	270.000000	180.000000	114.178135	180.000000	270.000000	180.000000	111.941110	270.000000	0.000000	0.000000	0.000000	0.000000	0.000000	0.000000	0.000000	0.000000	0.000000	0.000000	0.000000	0.000000	0.000000	0.000000	0.000000	0.000000	0.000000	0.000000	0.000000	0.000000	0.000000	
73.409105	71.675950	180.000000	180.000000	180.000000	90.000000	90.000000	0.000000	305.707582	0.000000	0.000000	0.000000	54.265619	0.000000	270.000000	180.000000	115.856940	180.000000	270.000000	180.000000	111.941110	270.000000	0.000000	0.000000	0.000000	0.000000	0.000000	0.000000	0.000000	0.000000	0.000000	0.000000	0.000000	0.000000	0.000000	0.000000	0.000000	0.000000	0.000000	0.000000	0.000000	0.000000	0.000000	
73.316568	71.663775	180.000000	180.000000	180.000000	90.000000	90.000000	0.000000	305.707582	0.000000	0.000000	0.000000	54.265619	0.000000	270.000000	180.000000	116.484006	180.000000	270.000000	180.000000	111.941110	270.000000	0.000000	0.000000	0.000000	0.000000	0.000000	0.000000	0.000000	0.000000	0.000000	0.000000	0.000000	0.000000	0.000000	0.000000	0.000000	0.000000	0.000000	0.000000	0.000000	0.000000	0.000000	
73.227509	71.655583	180.000000	180.000000	180.000000	90.000000	90.000000	0.000000	305.707582	0.000000	0.000000	0.000000	54.265619	0.000000	270.000000	180.000000	116.786473	180.000000	270.000000	180.000000	111.941110	270.000000	0.000000	0.000000	0.000000	0.000000	0.000000	0.000000	0.000000	0.000000	0.000000	0.000000	0.000000	0.000000	0.000000	0.000000	0.000000	0.000000	0.000000	0.000000	0.000000	0.000000	0.000000	
73.141924	71.651336	180.000000	180.000000	180.000000	90.000000	90.000000	0.000000	305.707582	0.000000	0.000000	0.000000	54.265619	0.000000	270.000000	180.000000	116.986714	180.000000	270.000000	180.000000	111.941110	270.000000	0.000000	0.000000	0.000000	0.000000	0.000000	0.000000	0.000000	0.000000	0.000000	0.000000	0.000000	0.000000	0.000000	0.000000	0.000000	0.000000	0.000000	0.000000	0.000000	0.000000	0.000000	
73.059809	71.650994	180.000000	180.000000	180.000000	90.000000	90.000000	0.000000	305.707582	0.000000	0.000000	0.000000	54.265619	0.000000	270.000000	180.000000	117.152815	180.000000	270.000000	180.000000	111.941110	270.000000	0.000000	0.000000	0.000000	0.000000	0.000000	0.000000	0.000000	0.000000	0.000000	0.000000	0.000000	0.000000	0.000000	0.000000	0.000000	0.000000	0.000000	0.000000	0.000000	0.000000	0.000000	
72.981158	71.654517	180.000000	180.000000	180.000000	90.000000	90.000000	0.000000	305.707582	0.000000	0.000000	0.000000	54.265619	0.000000	270.000000	180.000000	117.305627	180.000000	270.000000	180.000000	111.941110	270.000000	0.000000	0.000000	0.000000	0.000000	0.000000	0.000000	0.000000	0.000000	0.000000	0.000000	0.000000	0.000000	0.000000	0.000000	0.000000	0.000000	0.000000	0.000000	0.000000	0.000000	0.000000	
72.905963	71.661865	180.000000	180.000000	180.000000	90.000000	90.000000	0.000000	305.707582	0.000000	0.000000	0.000000	54.265619	0.000000	270.000000	180.000000	117.451517	180.000000	254.343004	180.000000	111.941110	270.000000	0.000000	0.000000	0.000000	0.000000	0.000000	0.000000	0.000000	0.000000	0.000000	0.000000	0.000000	0.000000	0.000000	0.000000	0.000000	0.000000	0.000000	0.000000	0.000000	0.000000	0.000000	
72.834215	71.672997	180.000000	180.000000	180.000000	90.000000	90.000000	0.000000	305.707582	0.000000	0.000000	0.000000	54.265619	0.000000	270.000000	180.000000	117.592414	180.000000	249.839342	180.000000	111.941110	270.000000	0.000000	0.000000	0.000000	0.000000	0.000000	0.000000	0.000000	0.000000	0.000000	0.000000	0.000000	0.000000	0.000000	0.000000	0.000000	0.000000	0.000000	0.000000	0.000000	0.000000	0.000000	
72.765904	71.687870	180.000000	180.000000	180.000000	90.000000	90.000000	0.000000	305.707582	0.000000	0.000000	0.000000	54.265619	0.000000	270.000000	180.000000	117.728887	180.000000	248.531150	180.000000	111.941110	270.000000	0.000000	0.000000	0.000000	0.000000	0.000000	0.000000	0.000000	0.000000	0.000000	0.000000	0.000000	0.000000	0.000000	0.000000	0.000000	0.000000	0.000000	0.000000	0.000000	0.000000	0.000000	
72.701018	71.706443	180.000000	180.000000	180.000000	90.000000	90.000000	0.000000	305.707582	0.000000	0.000000	0.000000	54.265619	0.000000	270.000000	180.000000	117.861087	180.000000	248.150821	180.000000	111.941110	270.000000	0.000000	0.000000	0.000000	0.000000	0.000000	0.000000	0.000000	0.000000	0.000000	0.000000	0.000000	0.000000	0.000000	0.000000	0.000000	0.000000	0.000000	0.000000	0.000000	0.000000	0.000000	
72.639543	71.728674	180.000000	180.000000	180.000000	90.000000	90.000000	0.000000	305.707582	0.000000	0.000000	0.000000	54.265619	0.000000	270.000000	180.000000	117.989039	180.000000	248.040231	164.343004	111.941110	270.000000	0.000000	0.000000	0.000000	0.000000	0.000000	0.000000	0.000000	0.000000	0.000000	0.000000	0.000000	0.000000	0.000000	0.000000	0.000000	0.000000	0.000000	0.000000	0.000000	0.000000	0.000000	
72.581467	71.754518	180.000000	180.000000	180.000000	90.000000	90.000000	0.000000	305.707582	0.000000	0.000000	0.000000	54.265619	0.000000	270.000000	180.000000	118.112733	180.000000	248.008071	159.839342	111.941110	270.000000	0.000000	0.000000	0.000000	0.000000	0.000000	0.000000	0.000000	0.000000	0.000000	0.000000	0.000000	0.000000	0.000000	0.000000	0.000000	0.000000	0.000000	0.000000	0.000000	0.000000	0.000000	
72.526772	71.783934	180.000000	180.000000	180.000000	90.000000	90.000000	0.000000	308.933908	0.000000	0.000000	0.000000	54.265619	0.000000	270.000000	180.000000	118.232150	180.000000	247.998718	158.531150	111.941110	270.000000	0.000000	0.000000	0.000000	0.000000	0.000000	0.000000	0.000000	0.000000	0.000000	0.000000	0.000000	0.000000	0.000000	0.000000	0.000000	0.000000	0.000000	0.000000	0.000000	0.000000	0.000000	
72.475444	71.816877	180.000000	180.000000	180.000000	90.000000	90.000000	0.000000	309.870201	0.000000	0.000000	0.000000	54.265619	0.000000	270.000000	180.000000	118.347269	180.000000	247.995998	158.150821	111.941110	270.000000	0.000000	0.000000	0.000000	0.000000	0.000000	0.000000	0.000000	0.000000	0.000000	0.000000	0.000000	0.000000	0.000000	0.000000	0.000000	0.000000	0.000000	0.000000	0.000000	0.000000	0.000000	
72.427464	71.853304	180.000000	180.000000	180.000000	90.000000	90.000000	0.000000	310.142047	0.000000	0.000000	0.000000	54.265619	0.000000	270.000000	180.000000	118.458072	180.000000	247.995206	158.040231	111.941110	270.000000	0.000000	0.000000	0.000000	0.000000	0.000000	0.000000	0.000000	0.000000	0.000000	0.000000	0.000000	0.000000	0.000000	0.000000	0.000000	0.000000	0.000000	0.000000	0.000000	0.000000	0.000000	
72.382815	71.893171	180.000000	180.000000	180.000000	90.000000	90.000000	0.000000	310.220985	0.000000	0.000000	0.000000	54.265619	0.000000	270.000000	180.000000	118.564543	180.000000	247.994976	158.008071	111.941110	270.000000	0.000000	0.000000	0.000000	0.000000	0.000000	0.000000	0.000000	0.000000	0.000000	0.000000	0.000000	0.000000	0.000000	0.000000	0.000000	0.000000	0.000000	0.000000	0.000000	0.000000	0.000000	
72.341475	71.936433	180.000000	180.000000	180.000000	90.000000	90.000000	0.000000	310.243908	0.000000	0.000000	0.000000	54.265619	0.000000	270.000000	180.000000	118.666670	180.000000	247.994909	157.998718	111.941110	270.000000	0.000000	0.000000	0.000000	0.000000	0.000000	0.000000	0.000000	0.000000	0.000000	0.000000	0.000000	0.000000	0.000000	0.000000	0.000000	0.000000	0.000000	0.000000	0.000000	0.000000	0.000000	
72.303426	71.983046	180.000000	180.000000	180.000000	90.000000	90.000000	0.000000	310.250566	0.000000	0.000000	0.000000	54.265619	0.000000	270.000000	180.000000	118.764441	180.000000	247.994890	157.995998	111.941110	270.000000	0.000000	0.000000	0.000000	0.000000	0.000000	0.000000	0.000000	0.000000	0.000000	0.000000	0.000000	0.000000	0.000000	0.000000	0.000000	0.000000	0.000000	0.000000	0.000000	0.000000	0.000000	
72.268646	72.032967	180.000000	180.000000	180.000000	90.000000	90.000000	0.000000	310.252499	0.000000	0.000000	0.000000	54.265619	0.000000	270.000000	180.000000	118.857850	180.000000	247.994884	157.995206	111.941110	270.000000	0.000000	0.000000	0.000000	0.000000	0.000000	0.000000	0.000000	0.000000	0.000000	0.000000	0.000000	0.000000	0.000000	0.000000	0.000000	0.000000	0.000000	0.000000	0.000000	0.000000	0.000000	
72.237112	72.086149	180.000000	180.000000	180.000000	90.000000	90.000000	0.000000	310.253061	0.000000	0.000000	0.000000	51.099858	0.000000	270.000000	180.000000	118.946891	180.000000	247.994882	157.994976	111.941110	270.000000	0.000000	0.000000	0.000000	0.000000	0.000000	0.000000	0.000000	0.000000	0.000000	0.000000	0.000000	0.000000	0.000000	0.000000	0.000000	0.000000	0.000000	0.000000	0.000000	0.000000	0.000000	
72.208803	72.142550	180.000000	180.000000	180.000000	90.000000	90.000000	0.000000	310.253224	0.000000	0.000000	0.000000	50.140519	0.000000	270.000000	180.000000	119.031563	180.000000	247.994882	157.994909	111.941110	270.000000	0.000000	0.000000	0.000000	0.000000	0.000000	0.000000	0.000000	0.000000	0.000000	0.000000	0.000000	0.000000	0.000000	0.000000	0.000000	0.000000	0.000000	0.000000	0.000000	0.000000	0.000000	
72.183694	72.202123	180.000000	195.656996	180.000000	90.000000	90.000000	0.000000	310.253271	0.000000	0.000000	0.000000	49.849672	0.000000	270.000000	180.000000	119.111867	180.000000	247.994882	157.994890	111.941110	270.000000	0.000000	0.000000	0.000000	0.000000	0.000000	0.000000	0.000000	0.000000	0.000000	0.000000	0.000000	0.000000	0.000000	0.000000	0.000000	0.000000	0.000000	0.000000	0.000000	0.000000	0.000000	
72.161761	72.264825	180.000000	200.160658	180.000000	90.000000	90.000000	0.000000	310.253285	0.000000	0.000000	0.000000	49.761484	0.000000	270.000000	180.000000	119.187804	180.000000	247.994882	157.994884	111.941110	270.000000	0.000000	0.000000	0.000000	0.000000	0.000000	0.000000	0.000000	0.000000	0.000000	0.000000	0.000000	0.000000	0.000000	0.000000	0.000000	0.000000	0.000000	0.000000	0.000000	0.000000	0.000000	
72.142979	72.330610	180.000000	201.468850	180.000000	90.000000	90.000000	0.000000	310.253289	0.000000	0.000000	0.000000	49.734742	0.000000	270.000000	180.000000	119.259381	180.000000	247.994882	157.994882	111.941110	270.000000	0.000000	0.000000	0.000000	0.000000	0.000000	0.000000	0.000000	0.000000	0.000000	0.000000	0.000000	0.000000	0.000000	0.000000	0.000000	0.000000	0.000000	0.000000	0.000000	0.000000	0.000000	
72.127323	60.929589	180.000000	201.849179	180.000000	90.000000	90.000000	0.000000	310.253290	0.000000	0.000000	0.000000	49.726632	0.000000	270.000000	180.000000	119.326605	180.000000	247.994882	157.994882	111.941110	270.000000	0.000000	0.000000	0.000000	0.000000	0.000000	0.000000	0.000000	0.000000	0.000000	0.000000	0.000000	0.000000	0.000000	0.000000	0.000000	0.000000	0.000000	0.000000	0.000000	0.000000	0.000000	
72.114766	61.750684	180.000000	201.959769	180.000000	90.000000	90.000000	0.000000	310.253291	0.000000	0.000000	0.000000	49.724173	0.000000	270.000000	180.000000	119.389485	180.000000	247.994882	157.994882	111.941110	270.000000	0.000000	0.000000	0.000000	0.000000	0.000000	0.000000	0.000000	0.000000	0.000000	0.000000	0.000000	0.000000	0.000000	0.000000	0.000000	0.000000	0.000000	0.000000	0.000000	0.000000	0.000000	
72.105282	61.989245	180.000000	201.991929	180.000000	90.000000	90.000000	0.000000	310.253291	0.000000	0.000000	0.000000	49.723427	0.000000	270.000000	180.000000	119.448033	180.000000	247.994882	157.994882	111.941110	270.000000	0.000000	0.000000	0.000000	0.000000	0.000000	0.000000	0.000000	0.000000	0.000000	0.000000	0.000000	0.000000	0.000000	0.000000	0.000000	0.000000	0.000000	0.000000	0.000000	0.000000	0.000000	
72.098843	62.058564	180.000000	202.001282	180.000000	90.000000	90.000000	0.000000	310.253291	0.000000	0.000000	0.000000	49.723200	0.000000	270.000000	180.000000	119.502264	180.000000	247.994882	157.994882	111.941110	270.000000	0.000000	0.000000	0.000000	0.000000	0.000000	0.000000	0.000000	0.000000	0.000000	0.000000	0.000000	0.000000	0.000000	0.000000	0.000000	0.000000	0.000000	0.000000	0.000000	0.000000	0.000000	
72.095423	62.078707	180.000000	202.004002	180.000000	90.000000	90.000000	0.000000	310.253291	0.000000	0.000000	0.000000	49.723132	0.000000	270.000000	180.000000	119.552194	180.000000	247.994882	157.994882	111.941110	270.000000	0.000000	0.000000	0.000000	0.000000	0.000000	0.000000	0.000000	0.000000	0.000000	0.000000	0.000000	0.000000	0.000000	0.000000	0.000000	0.000000	0.000000	0.000000	0.000000	0.000000	0.000000	
72.094992	62.084562	180.000000	202.004794	180.000000	90.000000	90.000000	0.000000	310.253291	0.000000	0.000000	0.000000	49.723111	0.000000	270.000000	180.000000	119.597839	180.000000	247.994882	157.994882	111.941110	270.000000	0.000000	0.000000	0.000000	0.000000	0.000000	0.000000	0.000000	0.000000	0.000000	0.000000	0.000000	0.000000	0.000000	0.000000	0.000000	0.000000	0.000000	0.000000	0.000000	0.000000	0.000000	
72.097522	62.086263	180.000000	202.005024	180.000000	90.000000	90.000000	0.000000	310.253291	0.000000	0.000000	0.000000	49.723105	0.000000	270.000000	180.000000	119.639220	180.000000	247.994882	157.994882	111.941110	270.000000	0.000000	0.000000	0.000000	0.000000	0.000000	0.000000	0.000000	0.000000	0.000000	0.000000	0.000000	0.000000	0.000000	0.000000	0.000000	0.000000	0.000000	0.000000	0.000000	0.000000	0.000000	
72.102984	62.086758	180.000000	202.005091	180.000000	90.000000	90.000000	0.000000	310.253291	0.000000	0.000000	0.000000	49.723103	0.000000	270.000000	180.000000	119.676357	180.000000	247.994882	157.994882	111.941110	270.000000	0.000000	0.000000	0.000000	0.000000	0.000000	0.000000	0.000000	0.000000	0.000000	0.000000	0.000000	0.000000	0.000000	0.000000	0.000000	0.000000	0.000000	0.000000	0.000000	0.000000	0.000000	
72.111349	62.086901	180.000000	202.005110	180.000000	90.000000	90.000000	0.000000	310.253291	0.000000	0.000000	0.000000	49.723102	0.000000	270.000000	180.000000	119.709274	180.000000	247.994882	157.994882	111.941110	270.000000	0.000000	0.000000	0.000000	0.000000	0.000000	0.000000	0.000000	0.000000	0.000000	0.000000	0.000000	0.000000	0.000000	0.000000	0.000000	0.000000	0.000000	0.000000	0.000000	0.000000	0.000000	
72.122588	62.086943	180.000000	202.005116	180.000000	90.000000	90.000000	0.000000	310.253291	0.000000	0.000000	0.000000	49.723102	0.000000	270.000000	180.000000	119.737995	180.000000	247.994882	157.994882	111.941110	270.000000	0.000000	0.000000	0.000000	0.000000	0.000000	0.000000	0.000000	0.000000	0.000000	0.000000	0.000000	0.000000	0.000000	0.000000	0.000000	0.000000	0.000000	0.000000	0.000000	0.000000	0.000000	
72.136670	62.086955	180.000000	202.005118	180.000000	90.000000	90.000000	0.000000	310.253291	0.000000	0.000000	0.000000	49.723102	0.000000	270.000000	180.000000	119.762545	180.000000	247.994882	157.994882	111.941110	270.000000	0.000000	0.000000	0.000000	0.000000	0.000000	0.000000	0.000000	0.000000	0.000000	0.000000	0.000000	0.000000	0.000000	0.000000	0.000000	0.000000	0.000000	0.000000	0.000000	0.000000	0.000000	
72.153565	62.086959	180.000000	202.005118	180.000000	90.000000	90.000000	0.000000	310.253291	0.000000	0.000000	0.000000	49.723102	0.000000	270.000000	180.000000	119.782951	180.000000	247.994882	157.994882	111.941110	270.000000	0.000000	0.000000	0.000000	0.000000	0.000000	0.000000	0.000000	0.000000	0.000000	0.000000	0.000000	0.000000	0.000000	0.000000	0.000000	0.000000	0.000000	0.000000	0.000000	0.000000	0.000000	
72.173243	62.086960	180.000000	202.005118	180.000000	90.000000	90.000000	0.000000	310.253291	0.000000	0.000000	0.000000	49.723102	0.000000	270.000000	180.000000	119.799243	180.000000	247.994882	157.994882	111.941110	270.000000	0.000000	0.000000	0.000000	0.000000	0.000000	0.000000	0.000000	0.000000	0.000000	0.000000	0.000000	0.000000	0.000000	0.000000	0.000000	0.000000	0.000000	0.000000	0.000000	0.000000	0.000000	
72.195674	62.086960	180.000000	202.005118	180.000000	90.000000	90.000000	0.000000	310.253291	0.000000	0.000000	0.000000	49.723102	0.000000	270.000000	180.000000	119.811449	180.000000	247.994882	157.994882	111.941110	270.000000	0.000000	0.000000	0.000000	0.000000	0.000000	0.000000	0.000000	0.000000	0.000000	0.000000	0.000000	0.000000	0.000000	0.000000	0.000000	0.000000	0.000000	0.000000	0.000000	0.000000	0.000000	
72.220826	62.086960	180.000000	202.005118	180.000000	90.000000	90.000000	0.000000	310.253291	0.000000	0.000000	0.000000	49.723102	0.000000	270.000000	180.000000	119.819600	180.000000	247.994882	157.994882	111.941110	270.000000	0.000000	0.000000	0.000000	0.000000	0.000000	0.000000	0.000000	0.000000	0.000000	0.000000	0.000000	0.000000	0.000000	0.000000	0.000000	0.000000	0.000000	0.000000	0.000000	0.000000	0.000000	
72.248668	62.086960	180.000000	202.005118	180.000000	90.000000	90.000000	0.000000	310.253291	0.000000	0.000000	0.000000	49.723102	0.000000	270.000000	180.000000	119.823728	180.000000	247.994882	157.994882	111.941110	270.000000	0.000000	0.000000	0.000000	0.000000	0.000000	0.000000	0.000000	0.000000	0.000000	0.000000	0.000000	0.000000	0.000000	0.000000	0.000000	0.000000	0.000000	0.000000	0.000000	0.000000	0.000000	
72.279170	62.086960	180.000000	202.005118	180.000000	90.000000	90.000000	0.000000	310.253291	0.000000	0.000000	0.000000	49.723102	0.000000	270.000000	180.000000	119.823866	180.000000	247.994882	157.994882	111.941110	270.000000	0.000000	0.000000	0.000000	0.000000	0.000000	0.000000	0.000000	0.000000	0.000000	0.000000	0.000000	0.000000	0.000000	0.000000	0.000000	0.000000	0.000000	0.000000	0.000000	0.000000	0.000000	
72.312299	62.086960	180.000000	202.005118	180.000000	90.000000	90.000000	0.000000	310.253291	0.000000	0.000000	0.000000	49.723102	0.000000	270.000000	180.000000	119.820047	180.000000	247.994882	157.994882	111.941110	270.000000	0.000000	0.000000	0.000000	0.000000	0.000000	0.000000	0.000000	0.000000	0.000000	0.000000	0.000000	0.000000	0.000000	0.000000	0.000000	0.000000	0.000000	0.000000	0.000000	0.000000	0.000000	
72.348025	62.086960	180.000000	202.005118	180.000000	90.000000	90.000000	0.000000	310.253291	0.000000	0.000000	0.000000	49.723102	0.000000	270.000000	180.000000	119.812305	180.000000	247.994882	157.994882	111.941110	270.000000	0.000000	0.000000	0.000000	0.000000	0.000000	0.000000	0.000000	0.000000	0.000000	0.000000	0.000000	0.000000	0.000000	0.000000	0.000000	0.000000	0.000000	0.000000	0.000000	0.000000	0.000000	
72.386315	62.086960	180.000000	202.005118	180.000000	90.000000	90.000000	0.000000	310.253291	0.000000	0.000000	0.000000	49.723102	0.000000	270.000000	180.000000	119.800677	180.000000	247.994882	157.994882	111.941110	270.000000	0.000000	0.000000	0.000000	0.000000	0.000000	0.000000	0.000000	0.000000	0.000000	0.000000	0.000000	0.000000	0.000000	0.000000	0.000000	0.000000	0.000000	0.000000	0.000000	0.000000	0.000000	
72.427139	62.086960	180.000000	202.005118	180.000000	90.000000	90.000000	0.000000	310.253291	0.000000	0.000000	0.000000	49.723102	0.000000	270.000000	180.000000	119.785198	180.000000	247.994882	157.994882	111.941110	270.000000	0.000000	0.000000	0.000000	0.000000	0.000000	0.000000	0.000000	0.000000	0.000000	0.000000	0.000000	0.000000	0.000000	0.000000	0.000000	0.000000	0.000000	0.000000	0.000000	0.000000	0.000000	
72.470464	62.086960	180.000000	202.005118	180.000000	90.000000	90.000000	0.000000	310.253291	0.000000	0.000000	0.000000	49.723102	0.000000	270.000000	180.000000	119.765904	180.000000	247.994882	157.994882	111.941110	270.000000	0.000000	0.000000	0.000000	0.000000	0.000000	0.000000	0.000000	0.000000	0.000000	0.000000	0.000000	0.000000	0.000000	0.000000	0.000000	0.000000	0.000000	0.000000	0.000000	0.000000	0.000000	
72.516259	62.086960	180.000000	202.005118	180.000000	90.000000	90.000000	0.000000	310.253291	0.000000	0.000000	0.000000	49.723102	0.000000	270.000000	180.000000	119.742834	180.000000	247.994882	157.994882	111.941110	270.000000	0.000000	0.000000	0.000000	0.000000	0.000000	0.000000	0.000000	0.000000	0.000000	0.000000	0.000000	0.000000	0.000000	0.000000	0.000000	0.000000	0.000000	0.000000	0.000000	0.000000	0.000000	
72.564491	62.086960	180.000000	202.005118	180.000000	90.000000	90.000000	0.000000	310.253291	0.000000	0.000000	0.000000	49.723102	0.000000	270.000000	180.000000	119.716023	180.000000	247.994882	157.994882	120.261392	270.000000	0.000000	0.000000	0.000000	0.000000	0.000000	0.000000	0.000000	0.000000	0.000000	0.000000	0.000000	0.000000	0.000000	0.000000	0.000000	0.000000	0.000000	0.000000	0.000000	0.000000	0.000000	
60.971439	62.086960	180.000000	202.005118	180.000000	90.000000	90.000000	0.000000	310.253291	0.000000	0.000000	0.000000	49.723102	0.000000	270.000000	180.000000	119.685512	180.000000	247.994882	157.994882	122.445970	270.000000	0.000000	0.000000	0.000000	0.000000	0.000000	0.000000	0.000000	0.000000	0.000000	0.000000	0.000000	0.000000	0.000000	0.000000	0.000000	0.000000	0.000000	0.000000	0.000000	0.000000	0.000000	
61.544923	62.086960	180.000000	202.005118	180.000000	90.000000	90.000000	0.000000	310.253291	0.000000	0.000000	0.000000	49.723102	0.000000	270.000000	180.000000	119.651338	180.000000	247.994882	157.994882	123.021248	270.000000	0.000000	0.000000	0.000000	0.000000	0.000000	0.000000	0.000000	0.000000	0.000000	0.000000	0.000000	0.000000	0.000000	0.000000	0.000000	0.000000	0.000000	0.000000	0.000000	0.000000	0.000000	
61.696016	62.086960	180.000000	202.005118	180.000000	90.000000	90.000000	0.000000	310.253291	0.000000	0.000000	0.000000	49.723102	0.000000	270.000000	180.000000	119.613540	180.000000	247.994882	157.994882	123.172779	270.000000	0.000000	0.000000	0.000000	0.000000	0.000000	0.000000	0.000000	0.000000	0.000000	0.000000	0.000000	0.000000	0.000000	0.000000	0.000000	0.000000	0.000000	0.000000	0.000000	0.000000	0.000000	
61.735827	62.086960	180.000000	202.005118	180.000000	90.000000	90.000000	0.000000	310.253291	0.000000	0.000000	0.000000	49.723102	0.000000	270.000000	180.000000	119.572158	180.000000	247.994882	157.933999	123.212697	270.000000	0.000000	0.000000	0.000000	0.000000	0.000000	0.000000	0.000000	0.000000	0.000000	0.000000	0.000000	0.000000	0.000000	0.000000	0.000000	0.000000	0.000000	0.000000	0.000000	0.000000	0.000000	
61.746318	62.086960	180.000000	202.005118	180.000000	90.000000	90.000000	0.000000	310.253291	0.000000	0.000000	0.000000	49.723102	0.000000	270.000000	180.000000	119.527232	180.000000	247.994882	157.781078	123.223213	270.000000	0.000000	0.000000	0.000000	0.000000	0.000000	0.000000	0.000000	0.000000	0.000000	0.000000	0.000000	0.000000	0.000000	0.000000	0.000000	0.000000	0.000000	0.000000	0.000000	0.000000	0.000000	
61.749082	62.086960	180.000000	202.005118	180.000000	90.000000	90.000000	0.000000	310.253291	0.000000	0.000000	0.000000	49.723102	0.000000	270.000000	180.000000	119.478800	180.000000	247.994882	157.600816	123.225983	270.000000	0.000000	0.000000	0.000000	0.000000	0.000000	0.000000	0.000000	0.000000	0.000000	0.000000	0.000000	0.000000	0.000000	0.000000	0.000000	0.000000	0.000000	0.000000	0.000000	0.000000	0.000000	
61.749811	62.086960	180.000000	202.005118	180.000000	90.000000	90.000000	0.000000	310.253291	0.000000	0.000000	0.000000	49.723102	0.000000	270.000000	180.000000	119.426904	180.000000	247.994882	157.412202	123.226713	270.000000	0.000000	0.000000	0.000000	0.000000	0.000000	0.000000	0.000000	0.000000	0.000000	0.000000	0.000000	0.000000	0.000000	0.000000	0.000000	0.000000	0.000000	0.000000	0.000000	0.000000	0.000000	
61.750003	62.086960	180.000000	202.005118	180.000000	90.000000	90.000000	0.000000	310.253291	0.000000	0.000000	0.000000	49.723102	0.000000	270.000000	180.000000	119.371584	180.000000	247.994882	157.220873	123.226906	270.000000	0.000000	0.000000	0.000000	0.000000	0.000000	0.000000	0.000000	0.000000	0.000000	0.000000	0.000000	0.000000	0.000000	0.000000	0.000000	0.000000	0.000000	0.000000	0.000000	0.000000	0.000000	
61.750053	62.086960	180.000000	202.005118	180.000000	90.000000	90.000000	0.000000	310.253291	0.000000	0.000000	0.000000	49.723102	0.000000	270.000000	180.000000	119.312879	180.000000	247.994882	157.028554	123.226956	270.000000	0.000000	0.000000	0.000000	0.000000	0.000000	0.000000	0.000000	0.000000	0.000000	0.000000	0.000000	0.000000	0.000000	0.000000	0.000000	0.000000	0.000000	0.000000	0.000000	0.000000	0.000000	
61.750067	62.086960	180.000000	202.005118	180.000000	90.000000	90.000000	0.000000	310.253291	0.000000	0.000000	0.000000	49.723102	0.000000	270.000000	180.000000	119.250830	180.000000	247.994882	156.835814	123.226970	270.000000	0.000000	0.000000	0.000000	0.000000	0.000000	0.000000	0.000000	0.000000	0.000000	0.000000	0.000000	0.000000	0.000000	0.000000	0.000000	0.000000	0.000000	0.000000	0.000000	0.000000	0.000000	
61.750070	62.086960	180.000000	202.005118	180.000000	90.000000	90.000000	0.000000	310.253291	0.000000	0.000000	0.000000	49.723102	0.000000	270.000000	180.000000	119.185478	180.000000	247.994882	156.642884	123.226973	270.000000	0.000000	0.000000	0.000000	0.000000	0.000000	0.000000	0.000000	0.000000	0.000000	0.000000	0.000000	0.000000	0.000000	0.000000	0.000000	0.000000	0.000000	0.000000	0.000000	0.000000	0.000000	
61.750071	62.086960	180.000000	202.005118	180.000000	90.000000	90.000000	0.000000	310.253291	0.000000	0.000000	0.000000	49.723102	0.000000	270.000000	180.000000	119.116863	180.000000	247.994882	156.449897	123.226974	270.000000	0.000000	0.000000	0.000000	0.000000	0.000000	0.000000	0.000000	0.000000	0.000000	0.000000	0.000000	0.000000	0.000000	0.000000	0.000000	0.000000	0.000000	0.000000	0.000000	0.000000	0.000000	
61.750071	62.086960	180.000000	202.005118	180.000000	90.000000	90.000000	0.000000	310.253291	0.000000	0.000000	0.000000	49.723102	0.000000	270.000000	180.000000	119.045025	180.000000	247.994882	156.256956	123.226974	270.000000	0.000000	0.000000	0.000000	0.000000	0.000000	0.000000	0.000000	0.000000	0.000000	0.000000	0.000000	0.000000	0.000000	0.000000	0.000000	0.000000	0.000000	0.000000	0.000000	0.000000	0.000000	
61.750071	62.086960	180.000000	202.005118	180.000000	90.000000	90.000000	0.000000	310.253291	0.000000	0.000000	0.000000	49.723102	0.000000	270.000000	180.000000	118.970005	180.000000	247.994882	156.064157	123.226974	270.000000	0.000000	0.000000	0.000000	0.000000	0.000000	0.000000	0.000000	0.000000	0.000000	0.000000	0.000000	0.000000	0.000000	0.000000	0.000000	0.000000	0.000000	0.000000	0.000000	0.000000	0.000000	
61.750071	62.086960	180.000000	202.005118	180.000000	90.000000	90.000000	0.000000	310.253291	0.000000	0.000000	0.000000	49.723102	0.000000	270.000000	180.000000	118.891843	180.000000	247.994882	155.871597	123.226974	270.000000	0.000000	0.000000	0.000000	0.000000	0.000000	0.000000	0.000000	0.000000	0.000000	0.000000	0.000000	0.000000	0.000000	0.000000	0.000000	0.000000	0.000000	0.000000	0.000000	0.000000	0.000000	
61.750071	62.086960	180.000000	202.005118	180.000000	90.000000	90.000000	0.000000	310.253291	0.000000	0.000000	0.000000	49.723102	0.000000	270.000000	180.000000	118.810579	180.000000	247.994882	155.679374	123.226974	270.000000	0.000000	0.000000	0.000000	0.000000	0.000000	0.000000	0.000000	0.000000	0.000000	0.000000	0.000000	0.000000	0.000000	0.000000	0.000000	0.000000	0.000000	0.000000	0.000000	0.000000	0.000000	
61.750071	62.086960	180.000000	202.005118	180.000000	90.000000	90.000000	0.000000	310.253291	0.000000	0.000000	0.000000	49.723102	0.000000	270.000000	180.000000	118.726254	180.000000	247.994882	155.487588	123.226974	270.000000	0.000000	0.000000	0.000000	0.000000	0.000000	0.000000	0.000000	0.000000	0.000000	0.000000	0.000000	0.000000	0.000000	0.000000	0.000000	0.000000	0.000000	0.000000	0.000000	0.000000	0.000000	
61.750071	62.086960	180.000000	202.005118	180.000000	90.000000	90.000000	0.000000	310.253291	0.000000	0.000000	0.000000	49.723102	0.000000	270.000000	180.000000	118.638907	180.000000	247.994882	155.296340	123.226974	270.000000	0.000000	0.000000	0.000000	0.000000	0.000000	0.000000	0.000000	0.000000	0.000000	0.000000	0.000000	0.000000	0.000000	0.000000	0.000000	0.000000	0.000000	0.000000	0.000000	0.000000	0.000000	
61.750071	62.086960	180.000000	202.005118	180.000000	90.000000	90.000000	0.000000	310.253291	0.000000	0.000000	0.000000	49.723102	0.000000	270.000000	180.000000	118.548578	180.000000	247.994882	155.105733	123.226974	270.000000	0.000000	0.000000	0.000000	0.000000	0.000000	0.000000	0.000000	0.000000	0.000000	0.000000	0.000000	0.000000	0.000000	0.000000	0.000000	0.000000	0.000000	0.000000	0.000000	0.000000	0.000000	
61.750071	62.086960	180.000000	202.005118	180.000000	90.000000	90.000000	0.000000	310.253291	0.000000	0.000000	0.000000	49.666207	0.000000	270.000000	180.000000	118.455307	180.000000	247.994882	154.915873	123.226974	270.000000	0.000000	0.000000	0.000000	0.000000	0.000000	0.000000	0.000000	0.000000	0.000000	0.000000	0.000000	0.000000	0.000000	0.000000	0.000000	0.000000	0.000000	0.000000	0.000000	0.000000	0.000000	
61.750071	62.086960	180.000000	202.005118	180.000000	90.000000	90.000000	0.000000	310.253291	0.000000	0.000000	0.000000	49.514061	0.000000	270.000000	180.000000	118.359133	180.000000	247.994882	154.726867	123.226974	270.000000	0.000000	0.000000	0.000000	0.000000	0.000000	0.000000	0.000000	0.000000	0.000000	0.000000	0.000000	0.000000	0.000000	0.000000	0.000000	0.000000	0.000000	0.000000	0.000000	0.000000	0.000000	
61.750071	62.086960	180.000000	202.005118	180.000000	90.000000	90.000000	0.000000	310.253291	0.000000	0.000000	0.000000	49.332319	0.000000	270.000000	180.000000	118.260095	180.000000	247.994882	154.538824	123.226974	270.000000	0.000000	0.000000	0.000000	0.000000	0.000000	0.000000	0.000000	0.000000	0.000000	0.000000	0.000000	0.000000	0.000000	0.000000	0.000000	0.000000	0.000000	0.000000	0.000000	0.000000	0.000000	
61.750071	62.086960	180.000000	202.005118	180.000000	90.000000	90.000000	0.000000	310.253291	0.000000	0.000000	0.000000	49.141066	0.000000	270.000000	180.000000	118.158232	180.000000	247.994882	154.351853	123.226974	270.000000	0.000000	0.000000	0.000000	0.000000	0.000000	0.000000	0.000000	0.000000	0.000000	0.000000	0.000000	0.000000	0.000000	0.000000	0.000000	0.000000	0.000000	0.000000	0.000000	0.000000	0.000000	
61.750071	62.086960	180.000000	202.005118	180.000000	90.000000	90.000000	0.000000	310.253291	0.000000	0.000000	0.000000	48.946524	0.000000	270.000000	180.000000	118.053583	180.000000	247.994882	154.166066	123.226974	270.000000	0.000000	0.000000	0.000000	0.000000	0.000000	0.000000	0.000000	0.000000	0.000000	0.000000	0.000000	0.000000	0.000000	0.000000	0.000000	0.000000	0.000000	0.000000	0.000000	0.000000	0.000000	
61.750071	62.086960	180.000000	202.005118	180.000000	90.000000	90.000000	0.000000	310.253291	0.000000	0.000000	0.000000	48.700507	0.000000	270.000000	180.000000	117.946186	180.000000	247.994882	153.981576	123.226974	270.000000	0.000000	0.000000	0.000000	0.000000	0.000000	0.000000	0.000000	0.000000	0.000000	0.000000	0.000000	0.000000	0.000000	0.000000	0.000000	0.000000	0.000000	0.000000	0.000000	0.000000	0.000000	
61.750071	62.086960	180.000000	202.005118	180.000000	90.000000	90.000000	0.000000	310.253291	0.000000	0.000000	0.000000	48.341416	0.000000	270.000000	180.000000	117.836080	180.000000	247.994882	153.798497	123.226974	270.000000	0.000000	0.000000	0.000000	0.000000	0.000000	0.000000	0.000000	0.000000	0.000000	0.000000	0.000000	0.000000	0.000000	0.000000	0.000000	0.000000	0.000000	0.000000	0.000000	0.000000	0.000000	
61.750071	62.086960	180.000000	202.005118	180.000000	90.000000	90.000000	0.000000	310.253291	0.000000	0.000000	0.000000	47.948401	0.000000	270.000000	180.000000	117.723302	180.000000	247.994882	153.616943	123.226974	270.000000	0.000000	0.000000	0.000000	0.000000	0.000000	0.000000	0.000000	0.000000	0.000000	0.000000	0.000000	0.000000	0.000000	0.000000	0.000000	0.000000	0.000000	0.000000	0.000000	0.000000	0.000000	
61.750071	62.086960	180.000000	202.005118	180.000000	90.000000	90.000000	0.000000	310.253291	0.000000	0.000000	0.000000	47.547014	0.000000	270.000000	180.000000	117.607889	180.000000	247.994882	153.437031	123.226974	270.000000	0.000000	0.000000	0.000000	0.000000	0.000000	0.000000	0.000000	0.000000	0.000000	0.000000	0.000000	0.000000	0.000000	0.000000	0.000000	0.000000	0.000000	0.000000	0.000000	0.000000	0.000000	
61.750071	62.086960	180.000000	202.005118	180.000000	90.000000	90.000000	0.000000	310.253291	0.000000	0.000000	0.000000	47.145773	0.000000	270.000000	180.000000	117.489881	180.000000	247.994882	153.258875	123.226974	270.000000	0.000000	0.000000	0.000000	0.000000	0.000000	0.000000	0.000000	0.000000	0.000000	0.000000	0.000000	0.000000	0.000000	0.000000	0.000000	0.000000	0.000000	0.000000	0.000000	0.000000	0.000000	
61.750071	62.086960	180.000000	202.005118	180.000000	90.000000	90.000000	0.000000	310.253291	0.000000	0.000000	0.000000	46.747749	0.000000	270.000000	180.000000	117.369312	180.000000	247.994882	153.082594	123.226974	270.000000	0.000000	0.000000	0.000000	0.000000	0.000000	0.000000	0.000000	0.000000	0.000000	0.000000	0.000000	0.000000	0.000000	0.000000	0.000000	0.000000	0.000000	0.000000	0.000000	0.000000	0.000000	
61.750071	62.086960	180.000000	202.005118	180.000000	90.000000	90.000000	0.000000	310.253291	0.000000	0.000000	0.000000	47.263075	0.000000	270.000000	180.000000	117.246221	180.000000	247.994882	152.908303	123.226974	270.000000	0.000000	0.000000	0.000000	0.000000	0.000000	0.000000	0.000000	0.000000	0.000000	0.000000	0.000000	0.000000	0.000000	0.000000	0.000000	0.000000	0.000000	0.000000	0.000000	0.000000	0.000000	
61.750071	62.086960	180.000000	202.005118	180.000000	90.000000	90.000000	0.000000	310.253291	0.000000	0.000000	0.000000	47.295586	0.000000	270.000000	180.000000	117.120643	180.000000	247.994882	152.736122	123.226974	270.000000	0.000000	0.000000	0.000000	0.000000	0.000000	0.000000	0.000000	0.000000	0.000000	0.000000	0.000000	0.000000	0.000000	0.000000	0.000000	0.000000	0.000000	0.000000	0.000000	0.000000	0.000000	
61.750071	62.086960	180.000000	202.005118	180.000000	90.000000	90.000000	0.000000	310.253291	0.000000	0.000000	0.000000	47.173394	0.000000	270.000000	180.000000	116.992616	180.000000	247.994882	152.566166	123.226974	270.000000	0.000000	0.000000	0.000000	0.000000	0.000000	0.000000	0.000000	0.000000	0.000000	0.000000	0.000000	0.000000	0.000000	0.000000	0.000000	0.000000	0.000000	0.000000	0.000000	0.000000	0.000000	
61.750071	62.086960	180.000000	202.005118	180.000000	90.000000	90.000000	0.000000	310.253291	0.000000	0.000000	0.000000	47.001747	0.000000	270.000000	180.000000	116.862173	180.000000	247.994882	152.398553	123.226974	270.000000	0.000000	0.000000	0.000000	0.000000	0.000000	0.000000	0.000000	0.000000	0.000000	0.000000	0.000000	0.000000	0.000000	0.000000	0.000000	0.000000	0.000000	0.000000	0.000000	0.000000	0.000000	
61.750071	62.086960	180.000000	202.005118	180.000000	90.000000	90.000000	0.000000	310.253291	0.000000	0.000000	0.000000	46.814589	0.000000	270.000000	180.000000	109.956623	180.000000	247.994882	152.233401	123.226974	270.000000	0.000000	0.000000	0.000000	0.000000	0.000000	0.000000	0.000000	0.000000	0.000000	0.000000	0.000000	0.000000	0.000000	0.000000	0.000000	0.000000	0.000000	0.000000	0.000000	0.000000	0.000000	
61.750071	62.086960	180.000000	202.005118	180.000000	90.000000	90.000000	0.000000	310.253291	0.000000	0.000000	0.000000	46.622972	0.000000	270.000000	180.000000	114.676066	180.000000	247.994882	152.070827	123.226974	270.000000	0.000000	0.000000	0.000000	0.000000	0.000000	0.000000	0.000000	0.000000	0.000000	0.000000	0.000000	0.000000	0.000000	0.000000	0.000000	0.000000	0.000000	0.000000	0.000000	0.000000	0.000000	
61.750071	62.086960	180.000000	202.005118	180.000000	90.000000	90.000000	0.000000	310.253291	0.000000	0.000000	0.000000	46.430567	0.000000	270.000000	180.000000	115.978717	180.000000	247.994882	151.910946	123.226974	270.000000	0.000000	0.000000	0.000000	0.000000	0.000000	0.000000	0.000000	0.000000	0.000000	0.000000	0.000000	0.000000	0.000000	0.000000	0.000000	0.000000	0.000000	0.000000	0.000000	0.000000	0.000000	
61.750071	62.086960	180.000000	202.005118	180.000000	90.000000	90.000000	0.000000	310.253291	0.000000	0.000000	0.000000	46.238657	0.000000	270.000000	180.000000	109.582378	180.000000	247.994882	151.753874	123.226974	270.000000	0.000000	0.000000	0.000000	0.000000	0.000000	0.000000	0.000000	0.000000	0.000000	0.000000	0.000000	0.000000	0.000000	0.000000	0.000000	0.000000	0.000000	0.000000	0.000000	0.000000	0.000000	
61.750071	62.086960	180.000000	202.005118	180.000000	90.000000	90.000000	0.000000	310.253291	0.000000	0.000000	0.000000	46.047756	0.000000	270.000000	180.000000	114.360942	180.000000	247.994882	151.599725	123.226974	270.000000	0.000000	0.000000	0.000000	0.000000	0.000000	0.000000	0.000000	0.000000	0.000000	0.000000	0.000000	0.000000	0.000000	0.000000	0.000000	0.000000	0.000000	0.000000	0.000000	0.000000	0.000000	
61.750071	62.086960	180.000000	202.005118	180.000000	90.000000	90.000000	0.000000	310.253291	0.000000	0.000000	0.000000	45.858121	0.000000	270.000000	180.000000	109.049339	180.000000	247.994882	151.448615	123.226974	270.000000	0.000000	0.000000	0.000000	0.000000	0.000000	0.000000	0.000000	0.000000	0.000000	0.000000	0.000000	0.000000	0.000000	0.000000	0.000000	0.000000	0.000000	0.000000	0.000000	0.000000	0.000000	
61.750071	62.086960	180.000000	202.005118	180.000000	90.000000	90.000000	0.000000	310.253291	0.000000	0.000000	0.000000	45.669933	0.000000	270.000000	180.000000	123.612448	180.000000	247.994882	151.300655	123.226974	270.000000	0.000000	0.000000	0.000000	0.000000	0.000000	0.000000	0.000000	0.000000	0.000000	0.000000	0.000000	0.000000	0.000000	0.000000	0.000000	0.000000	0.000000	0.000000	0.000000	0.000000	0.000000	
61.750071	62.086960	180.000000	202.005118	180.000000	90.000000	90.000000	0.000000	310.253291	0.000000	0.000000	0.000000	45.483345	0.000000	270.000000	180.000000	121.434029	180.000000	247.994882	151.155957	123.226974	270.000000	0.000000	0.000000	0.000000	0.000000	0.000000	0.000000	0.000000	0.000000	0.000000	0.000000	0.000000	0.000000	0.000000	0.000000	0.000000	0.000000	0.000000	0.000000	0.000000	0.000000	0.000000	
61.750071	62.086960	180.000000	202.005118	180.000000	90.000000	90.000000	0.000000	310.253291	0.000000	0.000000	0.000000	45.298502	0.000000	270.000000	180.000000	120.801380	180.000000	247.994882	151.014631	123.226974	270.000000	0.000000	0.000000	0.000000	0.000000	0.000000	0.000000	0.000000	0.000000	0.000000	0.000000	0.000000	0.000000	0.000000	0.000000	0.000000	0.000000	0.000000	0.000000	0.000000	0.000000	0.000000	
61.750071	62.086960	180.000000	202.005118	180.000000	90.000000	90.000000	0.000000	310.253291	0.000000	0.000000	0.000000	45.115547	0.000000	270.000000	180.000000	120.617600	180.000000	247.994882	150.876786	123.226974	270.000000	0.000000	0.000000	0.000000	0.000000	0.000000	0.000000	0.000000	0.000000	0.000000	0.000000	0.000000	0.000000	0.000000	0.000000	0.000000	0.000000	0.000000	0.000000	0.000000	0.000000	0.000000	
61.750071	62.086960	180.000000	202.005118	180.000000	90.000000	90.000000	0.000000	310.253291	0.000000	0.000000	0.000000	44.934625	0.000000	270.000000	180.000000	120.564208	180.000000	247.994882	150.742528	123.226974	270.000000	0.000000	0.000000	0.000000	0.000000	0.000000	0.000000	0.000000	0.000000	0.000000	0.000000	0.000000	0.000000	0.000000	0.000000	0.000000	0.000000	0.000000	0.000000	0.000000	0.000000	0.000000	
61.750071	62.086960	180.000000	202.005118	180.000000	90.000000	90.000000	0.000000	310.253291	0.000000	0.000000	0.000000	42.034719	0.000000	270.000000	180.000000	120.548695	180.000000	247.994882	150.611965	123.226974	270.000000	0.000000	0.000000	0.000000	0.000000	0.000000	0.000000	0.000000	0.000000	0.000000	0.000000	0.000000	0.000000	0.000000	0.000000	0.000000	0.000000	0.000000	0.000000	0.000000	0.000000	0.000000	
61.750071	62.086960	180.000000	202.005118	180.000000	90.000000	90.000000	0.000000	310.253291	0.000000	0.000000	0.000000	40.860505	0.000000	270.000000	180.000000	120.544188	180.000000	247.994882	150.485198	123.226974	270.000000	0.000000	0.000000	0.000000	0.000000	0.000000	0.000000	0.000000	0.000000	0.000000	0.000000	0.000000	0.000000	0.000000	0.000000	0.000000	0.000000	0.000000	0.000000	0.000000	0.000000	0.000000	
61.750071	62.086960	180.000000	202.005118	180.000000	90.000000	90.000000	0.000000	310.253291	0.000000	0.000000	0.000000	40.296281	0.000000	270.000000	180.000000	120.542878	180.000000	247.994882	150.362330	123.226974	270.000000	0.000000	0.000000	0.000000	0.000000	0.000000	0.000000	0.000000	0.000000	0.000000	0.000000	0.000000	0.000000	0.000000	0.000000	0.000000	0.000000	0.000000	0.000000	0.000000	0.000000	0.000000	
61.750071	62.086960	180.000000	202.005118	180.000000	90.000000	90.000000	0.000000	310.253291	0.000000	0.000000	0.000000	39.953024	0.000000	270.000000	180.000000	120.542497	180.000000	239.986253	150.243461	123.226974	270.000000	0.000000	0.000000	0.000000	0.000000	0.000000	0.000000	0.000000	0.000000	0.000000	0.000000	0.000000	0.000000	0.000000	0.000000	0.000000	0.000000	0.000000	0.000000	0.000000	0.000000	0.000000	
61.750071	62.086960	180.000000	202.005118	180.000000	90.000000	90.000000	0.000000	310.253291	0.000000	0.000000	0.000000	39.694617	0.000000	270.000000	180.000000	120.542386	180.000000	237.666725	150.128688	123.226974	270.000000	0.000000	0.000000	0.000000	0.000000	0.000000	0.000000	0.000000	0.000000	0.000000	0.000000	0.000000	0.000000	0.000000	0.000000	0.000000	0.000000	0.000000	0.000000	0.000000	0.000000	0.000000	
61.750071	62.086960	180.000000	202.005118	180.000000	90.000000	90.000000	0.000000	310.253291	0.000000	0.000000	0.000000	39.473349	0.000000	270.000000	180.000000	120.542354	180.000000	236.993179	150.018108	123.226974	270.000000	0.000000	0.000000	0.000000	0.000000	0.000000	0.000000	0.000000	0.000000	0.000000	0.000000	0.000000	0.000000	0.000000	0.000000	0.000000	0.000000	0.000000	0.000000	0.000000	0.000000	0.000000	
61.750071	62.086960	180.000000	202.005118	180.000000	90.000000	90.000000	0.000000	310.253291	0.000000	0.000000	0.000000	42.406015	0.000000	270.000000	180.000000	120.542345	180.000000	236.797538	149.911813	123.226974	270.000000	0.000000	0.000000	0.000000	0.000000	0.000000	0.000000	0.000000	0.000000	0.000000	0.000000	0.000000	0.000000	0.000000	0.000000	0.000000	0.000000	0.000000	0.000000	0.000000	0.000000	0.000000	
61.750071	62.086960	180.000000	202.005118	180.000000	90.000000	90.000000	0.000000	310.253291	0.000000	0.000000	0.000000	40.133375	0.000000	270.000000	180.000000	120.542342	180.000000	236.740706	156.301553	123.226974	270.000000	0.000000	0.000000	0.000000	0.000000	0.000000	0.000000	0.000000	0.000000	0.000000	0.000000	0.000000	0.000000	0.000000	0.000000	0.000000	0.000000	0.000000	0.000000	0.000000	0.000000	0.000000	
61.750071	62.086960	180.000000	202.005118	180.000000	90.000000	90.000000	0.000000	310.253291	0.000000	0.000000	0.000000	42.454795	0.000000	270.000000	180.000000	120.542341	180.000000	236.724195	158.352524	123.226974	270.000000	0.000000	0.000000	0.000000	0.000000	0.000000	0.000000	0.000000	0.000000	0.000000	0.000000	0.000000	0.000000	0.000000	0.000000	0.000000	0.000000	0.000000	0.000000	0.000000	0.000000	0.000000	
61.750071	62.086960	180.000000	202.005118	180.000000	90.000000	90.000000	0.000000	310.253291	0.000000	0.000000	0.000000	39.881603	0.000000	270.000000	180.000000	120.542341	180.000000	236.719398	158.945665	123.226974	270.000000	0.000000	0.000000	0.000000	0.000000	0.000000	0.000000	0.000000	0.000000	0.000000	0.000000	0.000000	0.000000	0.000000	0.000000	0.000000	0.000000	0.000000	0.000000	0.000000	0.000000	0.000000	
61.750071	62.086960	180.000000	202.005118	180.000000	90.000000	90.000000	0.000000	310.253291	0.000000	0.000000	0.000000	42.203000	0.000000	270.000000	180.000000	120.542341	180.000000	236.718004	159.048847	123.226974	270.000000	0.000000	0.000000	0.000000	0.000000	0.000000	0.000000	0.000000	0.000000	0.000000	0.000000	0.000000	0.000000	0.000000	0.000000	0.000000	0.000000	0.000000	0.000000	0.000000	0.000000	0.000000	
61.750071	62.086960	180.000000	202.005118	180.000000	90.000000	90.000000	0.000000	310.253291	0.000000	0.000000	0.000000	39.552202	0.000000	270.000000	180.000000	120.542341	180.000000	236.717599	158.988208	123.226974	270.000000	0.000000	0.000000	0.000000	0.000000	0.000000	0.000000	0.000000	0.000000	0.000000	0.000000	0.000000	0.000000	0.000000	0.000000	0.000000	0.000000	0.000000	0.000000	0.000000	0.000000	0.000000	
61.750071	62.086960	180.000000	202.005118	180.000000	90.000000	90.000000	0.000000	310.253291	0.000000	0.000000	0.000000	41.936014	0.000000	270.000000	180.000000	120.542341	180.000000	236.717482	158.873816	123.226974	270.000000	0.000000	0.000000	0.000000	0.000000	0.000000	0.000000	0.000000	0.000000	0.000000	0.000000	0.000000	0.000000	0.000000	0.000000	0.000000	0.000000	0.000000	0.000000	0.000000	0.000000	0.000000	
61.750071	62.086960	180.000000	202.005118	180.000000	90.000000	90.000000	0.000000	310.253291	0.000000	0.000000	0.000000	42.667095	0.000000	270.000000	180.000000	120.542341	180.000000	236.717447	158.742893	123.226974	270.000000	0.000000	0.000000	0.000000	0.000000	0.000000	0.000000	0.000000	0.000000	0.000000	0.000000	0.000000	0.000000	0.000000	0.000000	0.000000	0.000000	0.000000	0.000000	0.000000	0.000000	0.000000	
61.750071	62.086960	180.000000	202.005118	180.000000	90.000000	90.000000	0.000000	310.253291	0.000000	0.000000	0.000000	42.831895	0.000000	270.000000	180.000000	120.542341	180.000000	236.717437	158.608083	123.226974	270.000000	0.000000	0.000000	0.000000	0.000000	0.000000	0.000000	0.000000	0.000000	0.000000	0.000000	0.000000	0.000000	0.000000	0.000000	0.000000	0.000000	0.000000	0.000000	0.000000	0.000000	0.000000	
61.750071	62.086960	180.000000	202.005118	180.000000	90.000000	90.000000	0.000000	310.253291	0.000000	0.000000	0.000000	42.804318	0.000000	270.000000	180.000000	120.542341	180.000000	236.717435	158.473717	123.226974	270.000000	0.000000	0.000000	0.000000	0.000000	0.000000	0.000000	0.000000	0.000000	0.000000	0.000000	0.000000	0.000000	0.000000	0.000000	0.000000	0.000000	0.000000	0.000000	0.000000	0.000000	0.000000	
61.750071	62.086960	180.000000	202.005118	180.000000	90.000000	90.000000	0.000000	310.253291	0.000000	0.000000	0.000000	42.713249	0.000000	270.000000	180.000000	120.542341	180.000000	236.717434	158.341319	123.226974	270.000000	0.000000	0.000000	0.000000	0.000000	0.000000	0.000000	0.000000	0.000000	0.000000	0.000000	0.000000	0.000000	0.000000	0.000000	0.000000	0.000000	0.000000	0.000000	0.000000	0.000000	0.000000	
61.750071	62.086960	180.000000	202.005118	180.000000	90.000000	90.000000	0.000000	310.253291	0.000000	0.000000	0.000000	42.603214	0.000000	270.000000	180.000000	120.542341	180.000000	236.717434	158.211458	123.226974	270.000000	0.000000	0.000000	0.000000	0.000000	0.000000	0.000000	0.000000	0.000000	0.000000	0.000000	0.000000	0.000000	0.000000	0.000000	0.000000	0.000000	0.000000	0.000000	0.000000	0.000000	0.000000	
61.750071	62.086960	180.000000	210.013747	180.000000	90.000000	90.000000	0.000000	310.253291	0.000000	0.000000	0.000000	42.489659	0.000000	270.000000	180.000000	120.542341	180.000000	236.717433	158.084381	123.226974	270.000000	0.000000	0.000000	0.000000	0.000000	0.000000	0.000000	0.000000	0.000000	0.000000	0.000000	0.000000	0.000000	0.000000	0.000000	0.000000	0.000000	0.000000	0.000000	0.000000	0.000000	0.000000	
61.750071	62.086960	180.000000	212.333275	180.000000	90.000000	90.000000	0.000000	310.253291	0.000000	0.000000	0.000000	42.377998	0.000000	270.000000	180.000000	120.542341	180.000000	236.717433	157.960222	123.226974	270.000000	0.000000	0.000000	0.000000	0.000000	0.000000	0.000000	0.000000	0.000000	0.000000	0.000000	0.000000	0.000000	0.000000	0.000000	0.000000	0.000000	0.000000	0.000000	0.000000	0.000000	0.000000	
61.750071	62.086960	180.000000	213.006821	180.000000	90.000000	90.109272	0.000000	310.253291	0.000000	0.000000	0.000000	42.270175	0.000000	270.000000	180.000000	120.542341	180.000000	236.717433	157.839077	123.226974	270.000000	0.000000	0.000000	0.000000	0.000000	0.000000	0.000000	0.000000	0.000000	0.000000	0.000000	0.000000	0.000000	0.000000	0.000000	0.000000	0.000000	0.000000	0.000000	0.000000	0.000000	0.000000	
61.750071	62.086960	180.000000	213.202462	180.000000	90.000000	90.295064	0.000000	310.253291	0.000000	0.000000	0.000000	42.166934	0.000000	270.000000	180.000000	120.542341	180.000000	236.717433	157.721027	123.226974	270.000000	0.000000	0.000000	0.000000	0.000000	0.000000	0.000000	0.000000	0.000000	0.000000	0.000000	0.000000	0.000000	0.000000	0.000000	0.000000	0.000000	0.000000	0.000000	0.000000	0.000000	0.000000	
61.750071	62.086960	180.000000	213.259294	180.000000	90.000000	90.503178	0.000000	310.253291	0.000000	0.000000	0.000000	42.068601	0.000000	270.000000	180.000000	120.542341	180.000000	236.717433	157.606148	123.226974	270.000000	0.000000	0.000000	0.000000	0.000000	0.000000	0.000000	0.000000	0.000000	0.000000	0.000000	0.000000	0.000000	0.000000	0.000000	0.000000	0.000000	0.000000	0.000000	0.000000	0.000000	0.000000	
61.750071	62.086960	180.000000	213.275805	180.000000	90.000000	90.717640	0.000000	310.253291	0.000000	0.000000	0.000000	41.975355	0.000000	270.000000	180.000000	120.542341	180.000000	236.717433	157.494511	123.226974	270.000000	0.000000	0.000000	0.000000	0.000000	0.000000	0.000000	0.000000	0.000000	0.000000	0.000000	0.000000	0.000000	0.000000	0.000000	0.000000	0.000000	0.000000	0.000000	0.000000	0.000000	0.000000	
61.750071	62.086960	180.000000	213.280602	180.000000	90.000000	90.933669	0.000000	310.253291	0.000000	0.000000	0.000000	41.887321	0.000000	270.000000	180.000000	120.542341	180.000000	236.717433	157.386185	123.226974	270.000000	0.000000	0.000000	0.000000	0.000000	0.000000	0.000000	0.000000	0.000000	0.000000	0.000000	0.000000	0.000000	0.000000	0.000000	0.000000	0.000000	0.000000	0.000000	0.000000	0.000000	0.000000	
61.750071	62.086960	180.000000	213.281996	180.000000	90.000000	91.149772	0.000000	311.906175	0.000000	0.000000	0.000000	53.615007	0.000000	270.000000	180.000000	120.542341	180.000000	236.717433	157.281238	123.226974	270.000000	0.000000	0.000000	0.000000	0.000000	0.000000	0.000000	0.000000	0.000000	0.000000	0.000000	0.000000	0.000000	0.000000	0.000000	0.000000	0.000000	0.000000	0.000000	0.000000	0.000000	0.000000	
61.750071	62.086960	180.000000	213.282401	180.000000	90.000000	91.365424	0.000000	312.386010	0.000000	0.000000	0.000000	57.643257	0.000000	270.000000	180.000000	120.542341	180.000000	236.717433	157.179735	123.226974	270.000000	0.000000	0.000000	0.000000	0.000000	0.000000	0.000000	0.000000	0.000000	0.000000	0.000000	0.000000	0.000000	0.000000	0.000000	0.000000	0.000000	0.000000	0.000000	0.000000	0.000000	0.000000	
61.750071	62.086960	180.000000	213.282518	180.000000	90.000000	91.580387	0.000000	312.525332	0.000000	0.000000	0.000000	58.975383	0.000000	270.000000	180.000000	120.542341	180.000000	236.717433	157.081737	123.226974	270.000000	90.000000	0.000000	0.000000	0.000000	0.000000	0.000000	0.000000	0.000000	0.000000	0.000000	0.000000	0.000000	0.000000	0.000000	0.000000	0.000000	0.000000	0.000000	0.000000	0.000000	0.000000	
61.750071	56.145424	180.000000	213.282553	180.000000	90.000000	91.794506	0.000000	312.565788	0.000000	0.000000	0.000000	59.358775	0.000000	270.000000	180.000000	120.542341	180.000000	236.717433	156.987305	123.226974	270.000000	90.000000	0.000000	0.000000	0.000000	0.000000	0.000000	0.000000	0.000000	0.000000	0.000000	0.000000	0.000000	0.000000	0.000000	0.000000	0.000000	0.000000	0.000000	0.000000	0.000000	0.000000	
61.750071	54.422749	180.000000	213.282563	180.000000	90.000000	92.007652	0.000000	312.577536	0.000000	0.000000	0.000000	59.408875	0.000000	270.000000	180.000000	120.542341	180.000000	236.717433	156.896498	123.226974	270.000000	90.000000	0.000000	0.000000	0.000000	0.000000	0.000000	0.000000	0.000000	0.000000	0.000000	0.000000	0.000000	0.000000	0.000000	0.000000	0.000000	0.000000	0.000000	0.000000	0.000000	0.000000	
61.750071	53.922552	180.000000	213.282565	180.000000	90.000000	92.219699	0.000000	312.580948	0.000000	0.000000	0.000000	59.342796	0.000000	270.000000	180.000000	120.542341	180.000000	236.717433	156.809371	123.226974	270.000000	90.000000	0.000000	0.000000	0.000000	0.000000	0.000000	0.000000	0.000000	0.000000	0.000000	0.000000	0.000000	0.000000	0.000000	0.000000	0.000000	0.000000	0.000000	0.000000	0.000000	0.000000	
61.750071	53.777286	180.000000	213.282566	180.000000	90.000000	92.430526	0.000000	312.581939	0.000000	0.000000	0.000000	59.237238	0.000000	270.000000	180.000000	120.542341	180.000000	236.717433	156.725977	123.226974	270.000000	90.000000	90.000000	0.000000	0.000000	0.000000	0.000000	0.000000	0.000000	0.000000	0.000000	0.000000	0.000000	0.000000	0.000000	0.000000	0.000000	0.000000	0.000000	0.000000	0.000000	0.000000	
61.750071	53.735095	180.000000	213.282566	180.000000	90.000000	92.640009	0.000000	312.582227	0.000000	0.000000	0.000000	59.119361	0.000000	270.000000	180.000000	120.542341	180.000000	236.717433	156.646368	123.226974	270.000000	90.000000	90.000000	0.000000	0.000000	0.000000	0.000000	0.000000	0.000000	0.000000	0.000000	0.000000	0.000000	0.000000	0.000000	0.000000	0.000000	0.000000	0.000000	0.000000	0.000000	0.000000	
61.750071	53.722840	180.000000	213.282567	180.000000	90.000000	92.848027	0.000000	312.582311	0.000000	0.000000	0.000000	58.998834	0.000000	270.000000	180.000000	120.542341	180.000000	236.717433	156.570593	123.226974	270.000000	90.000000	90.000000	0.000000	0.000000	0.000000	0.000000	0.000000	0.000000	0.000000	0.000000	0.000000	0.000000	0.000000	0.000000	0.000000	0.000000	0.000000	0.000000	0.000000	0.000000	0.000000	
61.750071	53.719280	180.000000	213.282567	180.000000	90.000000	93.054453	0.000000	312.582335	0.000000	0.000000	0.000000	58.879141	0.000000	270.000000	180.000000	120.542341	180.000000	236.717433	156.498697	123.226974	270.000000	90.000000	90.000000	0.000000	0.000000	0.000000	0.000000	0.000000	0.000000	0.000000	0.000000	0.000000	0.000000	0.000000	0.000000	0.000000	0.000000	0.000000	0.000000	0.000000	0.000000	0.000000	
61.750071	53.718246	180.000000	213.282567	180.000000	90.000000	93.259166	0.000000	312.582342	0.000000	0.000000	0.000000	58.761580	0.000000	270.000000	180.000000	120.542341	180.000000	236.717433	156.430725	123.226974	270.000000	90.000000	90.000000	180.000000	0.000000	0.000000	0.000000	0.000000	0.000000	0.000000	0.000000	0.000000	0.000000	0.000000	0.000000	0.000000	0.000000	0.000000	0.000000	0.000000	0.000000	0.000000	
61.750071	53.717945	180.000000	213.282567	180.000000	90.000000	93.462040	0.000000	312.582344	0.000000	0.000000	0.000000	58.646674	0.000000	270.000000	180.000000	120.542341	180.000000	236.717433	156.366719	123.226974	270.000000	90.000000	90.000000	180.000000	0.000000	0.000000	0.000000	0.000000	0.000000	0.000000	0.000000	0.000000	0.000000	0.000000	0.000000	0.000000	0.000000	0.000000	0.000000	0.000000	0.000000	0.000000	
61.750071	53.717858	180.000000	213.282567	180.000000	90.000000	93.662952	0.000000	312.582345	0.000000	0.000000	0.000000	58.534671	0.000000	270.000000	180.000000	120.542341	180.000000	236.717433	156.306718	123.226974	270.000000	90.000000	90.000000	180.000000	0.000000	0.000000	0.000000	0.000000	0.000000	0.000000	0.000000	0.000000	0.000000	0.000000	0.000000	0.000000	0.000000	0.000000	0.000000	0.000000	0.000000	0.000000	
61.750071	53.717833	180.000000	213.282567	180.000000	90.000000	93.861779	0.000000	312.582345	0.000000	0.000000	0.000000	58.425718	0.000000	270.000000	180.000000	120.542341	180.000000	236.717433	156.250759	123.226974	270.000000	90.000000	90.000000	180.000000	0.000000	0.000000	0.000000	0.000000	0.000000	0.000000	0.000000	0.000000	0.000000	0.000000	0.000000	0.000000	0.000000	0.000000	0.000000	0.000000	0.000000	0.000000	
61.750071	53.717825	180.000000	213.282567	180.000000	90.000000	94.058396	0.000000	312.582345	0.000000	0.000000	0.000000	58.319930	0.000000	270.000000	180.000000	120.542341	180.000000	236.717433	156.198876	123.226974	270.000000	90.000000	90.000000	180.000000	180.000000	0.000000	0.000000	0.000000	0.000000	0.000000	0.000000	0.000000	0.000000	0.000000	0.000000	0.000000	0.000000	0.000000	0.000000	0.000000	0.000000	0.000000	
61.750071	53.717823	180.000000	213.282567	180.000000	90.000000	94.252682	0.000000	312.582345	0.000000	0.000000	0.000000	58.217405	0.000000	270.000000	180.000000	120.542341	180.000000	236.717433	156.151103	123.226974	270.000000	90.000000	90.000000	180.000000	180.000000	0.000000	0.000000	0.000000	0.000000	0.000000	0.000000	0.000000	0.000000	0.000000	0.000000	0.000000	0.000000	0.000000	0.000000	0.000000	0.000000	0.000000	
61.750071	53.717822	180.000000	213.282567	180.000000	90.000000	94.444515	0.000000	312.582345	0.000000	0.000000	0.000000	58.118237	0.000000	270.000000	180.000000	120.542341	180.000000	236.717433	156.107468	123.226974	270.000000	90.000000	90.000000	180.000000	180.000000	0.000000	0.000000	0.000000	0.000000	0.000000	0.000000	0.000000	0.000000	0.000000	0.000000	0.000000	0.000000	0.000000	0.000000	0.000000	0.000000	0.000000	
61.750071	53.717822	180.000000	213.282567	180.000000	90.000000	94.633774	0.000000	312.582345	0.000000	0.000000	0.000000	58.022515	0.000000	270.000000	180.000000	120.542341	180.000000	236.717433	156.067999	123.226974	270.000000	90.000000	90.000000	180.000000	180.000000	0.000000	0.000000	0.000000	0.000000	0.000000	0.000000	0.000000	0.000000	0.000000	0.000000	0.000000	0.000000	0.000000	0.000000	0.000000	0.000000	0.000000	
61.750071	53.717822	180.000000	213.282567	180.000000	90.000000	94.820340	0.000000	312.582345	0.000000	0.000000	0.000000	57.930327	0.000000	270.000000	180.000000	120.542341	180.000000	236.717433	156.032723	123.226974	270.000000	90.000000	90.000000	180.000000	180.000000	180.000000	0.000000	0.000000	0.000000	0.000000	0.000000	0.000000	0.000000	0.000000	0.000000	0.000000	0.000000	0.000000	0.000000	0.000000	0.000000	0.000000	
61.750071	53.717822	180.000000	213.282567	180.000000	90.000000	95.004096	0.000000	312.582345	0.000000	0.000000	0.000000	57.841757	0.000000	270.000000	180.000000	120.542341	180.000000	236.717433	156.001662	123.226974	270.000000	90.000000	90.000000	180.000000	180.000000	180.000000	0.000000	0.000000	0.000000	0.000000	0.000000	0.000000	0.000000	0.000000	0.000000	0.000000	0.000000	0.000000	0.000000	0.000000	0.000000	0.000000	
61.750071	53.717822	180.000000	213.282567	180.000000	90.000000	95.184925	0.000000	312.582345	0.000000	0.000000	0.000000	57.756888	0.000000	270.000000	180.000000	120.542341	180.000000	236.717433	155.974837	123.226974	270.000000	90.000000	90.000000	180.000000	180.000000	180.000000	0.000000	0.000000	0.000000	0.000000	0.000000	0.000000	0.000000	0.000000	0.000000	0.000000	0.000000	0.000000	0.000000	0.000000	0.000000	0.000000	
61.750071	53.717822	180.000000	213.282567	180.000000	90.000000	95.362712	0.000000	312.582345	0.000000	0.000000	0.000000	57.675801	0.000000	270.000000	180.000000	120.542341	180.000000	236.717433	155.952268	123.226974	270.000000	90.000000	90.000000	180.000000	180.000000	180.000000	0.000000	0.000000	0.000000	0.000000	0.000000	0.000000	0.000000	0.000000	0.000000	0.000000	0.000000	0.000000	0.000000	0.000000	0.000000	0.000000	
61.750071	53.717822	180.000000	213.282567	180.000000	90.000000	95.537346	0.000000	312.582345	0.000000	0.000000	0.000000	57.598574	0.000000	270.000000	180.000000	120.542341	180.000000	236.717433	155.933971	123.226974	270.000000	90.000000	90.000000	180.000000	180.000000	180.000000	0.000000	0.000000	0.000000	0.000000	0.000000	0.000000	0.000000	0.000000	0.000000	0.000000	0.000000	0.000000	0.000000	0.000000	0.000000	0.000000	
61.750071	53.717822	180.000000	213.282567	180.000000	90.000000	95.708716	0.000000	312.582345	0.000000	0.000000	0.000000	57.525284	0.000000	270.000000	180.000000	120.542341	180.000000	236.717433	155.919961	123.226974	270.000000	90.000000	90.000000	180.000000	180.000000	180.000000	349.051006	0.000000	0.000000	0.000000	0.000000	0.000000	0.000000	0.000000	0.000000	0.000000	0.000000	0.000000	0.000000	0.000000	0.000000	0.000000	
61.750071	53.717822	180.000000	213.282567	180.000000	90.000000	95.876715	0.000000	312.582345	0.000000	0.000000	0.000000	57.456003	0.000000	270.000000	180.000000	120.542341	180.000000	236.717433	155.910250	123.226974	270.000000	90.000000	90.000000	180.000000	180.000000	180.000000	345.923034	0.000000	0.000000	0.000000	0.000000	0.000000	0.000000	0.000000	0.000000	0.000000	0.000000	0.000000	0.000000	0.000000	0.000000	0.000000	
61.750071	53.717822	180.000000	213.282567	180.000000	90.000000	96.041236	0.000000	312.582345	0.000000	0.000000	0.000000	57.390804	0.000000	270.000000	180.000000	120.542341	180.000000	236.717433	155.904850	123.226974	270.000000	90.000000	90.000000	180.000000	180.000000	180.000000	337.654172	0.000000	0.000000	0.000000	0.000000	0.000000	0.000000	0.000000	0.000000	0.000000	0.000000	0.000000	0.000000	0.000000	0.000000	0.000000	
61.750071	53.717822	180.000000	213.282567	180.000000	90.000000	96.202176	0.000000	312.582345	0.000000	0.000000	0.000000	57.329755	0.000000	270.000000	180.000000	120.542341	180.000000	236.717433	155.903768	123.226974	270.000000	90.000000	90.000000	180.000000	180.000000	180.000000	335.162760	90.000000	0.000000	0.000000	0.000000	0.000000	0.000000	0.000000	0.000000	0.000000	0.000000	0.000000	0.000000	0.000000	0.000000	0.000000	
61.750071	53.717822	180.000000	213.282567	180.000000	90.000000	96.359437	0.000000	312.582345	0.000000	0.000000	0.000000	57.272923	0.000000	270.000000	180.000000	120.542341	180.000000	236.717433	155.907013	123.226974	270.000000	90.000000	90.000000	180.000000	180.000000	180.000000	334.500512	90.000000	0.000000	0.000000	0.000000	0.000000	0.000000	0.000000	0.000000	0.000000	0.000000	0.000000	0.000000	0.000000	0.000000	0.000000	
61.750071	53.717822	180.000000	213.282567	180.000000	90.000000	96.512919	0.000000	312.582345	0.000000	0.000000	0.000000	57.220371	0.000000	270.000000	180.000000	120.542341	180.000000	236.717433	155.914588	123.226974	270.000000	90.000000	90.000000	180.000000	180.000000	180.000000	334.419736	90.000000	0.000000	0.000000	0.000000	0.000000	0.000000	0.000000	0.000000	0.000000	0.000000	0.000000	0.000000	0.000000	0.000000	0.000000	
61.750071	53.717822	180.000000	213.282567	180.000000	90.000000	96.662529	0.000000	312.582345	0.000000	0.000000	0.000000	57.172161	0.000000	270.000000	180.000000	120.542341	180.000000	236.717433	155.926498	123.226974	270.000000	90.000000	90.000000	180.000000	180.000000	180.000000	334.525744	90.000000	0.000000	0.000000	0.000000	0.000000	0.000000	0.000000	0.000000	0.000000	0.000000	0.000000	0.000000	0.000000	0.000000	0.000000	
61.750071	53.717822	180.000000	213.282567	180.000000	90.000000	96.808176	0.000000	312.582345	0.000000	0.000000	0.000000	57.128351	0.000000	270.000000	180.000000	120.542341	180.000000	236.717433	155.942743	123.226974	270.000000	90.000000	90.000000	180.000000	180.000000	180.000000	334.693940	90.000000	0.000000	0.000000	0.000000	0.000000	0.000000	0.000000	0.000000	0.000000	0.000000	0.000000	0.000000	0.000000	0.000000	0.000000	
61.750071	53.717822	180.000000	213.282567	180.000000	90.000000	96.949771	0.000000	312.582345	0.000000	0.000000	0.000000	57.088998	0.000000	270.000000	180.000000	120.542341	180.000000	236.717433	155.963324	123.226974	270.000000	90.000000	90.000000	180.000000	180.000000	180.000000	334.885043	90.000000	0.000000	0.000000	0.000000	0.000000	0.000000	0.000000	0.000000	0.000000	0.000000	0.000000	0.000000	0.000000	0.000000	0.000000	
61.750071	53.717822	180.000000	213.282567	180.000000	90.000000	97.087229	0.000000	312.582345	0.000000	0.000000	0.000000	57.054156	0.000000	270.000000	180.000000	120.542341	180.000000	236.717433	155.988238	123.226974	270.000000	90.000000	90.000000	180.000000	180.000000	180.000000	335.086663	90.000000	0.000000	0.000000	0.000000	0.000000	0.000000	0.000000	0.000000	0.000000	0.000000	0.000000	0.000000	0.000000	0.000000	0.000000	
61.750071	53.717822	180.000000	213.282567	180.000000	90.000000	97.220469	0.000000	312.582345	0.000000	0.000000	0.000000	57.023874	0.000000	270.000000	180.000000	120.542341	180.000000	236.717433	156.017483	123.226974	270.000000	90.000000	90.000000	180.000000	180.000000	180.000000	335.294867	90.000000	0.000000	0.000000	0.000000	0.000000	0.000000	0.000000	0.000000	0.000000	0.000000	0.000000	0.000000	0.000000	0.000000	0.000000	
61.750071	53.717822	180.000000	213.282567	180.000000	90.000000	97.349412	0.000000	312.582345	0.000000	0.000000	0.000000	56.998201	0.000000	270.000000	180.000000	120.542341	180.000000	236.717433	156.051053	123.226974	270.000000	90.000000	90.000000	180.000000	180.000000	180.000000	335.508383	90.000000	0.000000	0.000000	0.000000	0.000000	0.000000	0.000000	0.000000	0.000000	0.000000	0.000000	0.000000	0.000000	0.000000	0.000000	
61.750071	53.717822	180.000000	213.282567	180.000000	90.000000	97.473984	0.000000	312.582345	0.000000	0.000000	0.000000	56.977183	0.000000	270.000000	180.000000	120.542341	180.000000	236.717433	156.088942	123.226974	270.000000	90.000000	90.000000	180.000000	180.000000	180.000000	335.726768	90.000000	0.000000	0.000000	0.000000	0.000000	0.000000	0.000000	0.000000	0.000000	0.000000	0.000000	0.000000	0.000000	0.000000	0.000000	
61.750071	53.717822	180.000000	213.282567	180.000000	90.000000	97.594113	0.000000	312.582345	0.000000	0.000000	0.000000	56.960862	0.000000	270.000000	180.000000	120.542341	180.000000	236.717433	156.131141	123.226974	270.000000	90.000000	90.000000	180.000000	180.000000	180.000000	335.949847	90.000000	0.000000	0.000000	0.000000	0.000000	0.000000	0.000000	0.000000	0.000000	0.000000	0.000000	0.000000	0.000000	0.000000	0.000000	
61.750071	53.717822	180.000000	213.282567	180.000000	90.000000	97.709731	0.000000	312.582345	0.000000	0.000000	0.000000	56.949278	0.000000	270.000000	180.000000	120.542341	180.000000	236.717433	156.177643	123.226974	270.000000	90.000000	90.000000	180.000000	180.000000	180.000000	336.177526	90.000000	0.000000	0.000000	0.000000	0.000000	0.000000	0.000000	0.000000	0.000000	0.000000	0.000000	0.000000	0.000000	0.000000	0.000000	
61.750071	53.717822	180.000000	213.282567	180.000000	90.000000	97.820775	0.000000	312.582345	0.000000	0.000000	0.000000	56.942467	0.000000	270.000000	180.000000	120.542341	180.000000	236.717433	156.228436	123.226974	270.000000	90.000000	90.000000	180.000000	180.000000	180.000000	336.409740	90.000000	0.000000	0.000000	0.000000	0.000000	0.000000	0.000000	0.000000	0.000000	0.000000	0.000000	0.000000	0.000000	0.000000	0.000000	
61.750071	53.717822	180.000000	213.282567	180.000000	90.000000	97.927183	0.000000	312.582345	0.000000	0.000000	0.000000	56.940465	0.000000	270.000000	180.000000	120.542341	180.000000	236.717433	156.283508	123.226974	270.000000	90.000000	90.000000	180.000000	180.000000	180.000000	336.646435	90.000000	0.000000	0.000000	0.000000	0.000000	0.000000	0.000000	0.000000	0.000000	0.000000	0.000000	0.000000	0.000000	0.000000	0.000000	
61.750071	53.717822	180.000000	213.282567	180.000000	90.000000	98.028898	0.000000	312.582345	0.000000	0.000000	0.000000	56.943302	0.000000	270.000000	180.000000	120.542341	180.000000	236.717433	156.342846	123.226974	270.000000	90.000000	90.000000	180.000000	180.000000	180.000000	346.627202	90.000000	0.000000	0.000000	0.000000	0.000000	0.000000	0.000000	0.000000	0.000000	0.000000	0.000000	0.000000	0.000000	0.000000	0.000000	
55.726612	53.714382	180.000000	213.282567	180.000000	90.000000	98.125866	0.000000	312.582345	0.000000	0.000000	0.000000	56.951008	0.000000	270.000000	180.000000	120.542341	180.000000	236.717433	156.406437	123.226974	270.000000	90.000000	90.000000	180.000000	180.000000	180.000000	340.024474	90.000000	0.000000	0.000000	0.000000	0.000000	0.000000	0.000000	0.000000	0.000000	0.000000	0.000000	0.000000	0.000000	0.000000	0.000000	
54.143069	53.589625	180.000000	213.282567	180.000000	90.000000	98.218038	0.000000	312.582345	0.000000	0.000000	0.000000	56.963606	0.000000	270.000000	180.000000	120.542341	180.000000	236.717433	156.474265	123.226974	270.000000	90.000000	90.000000	180.000000	180.000000	180.000000	347.804625	90.000000	0.000000	0.000000	0.000000	0.000000	0.000000	0.000000	0.000000	0.000000	0.000000	0.000000	0.000000	0.000000	0.000000	0.000000	
53.726106	53.428894	180.000000	213.282567	180.000000	90.000000	98.305366	0.000000	312.582345	0.000000	0.000000	0.000000	56.981121	0.000000	270.000000	180.000000	120.542341	180.000000	236.717433	156.546314	123.226974	270.000000	90.000000	90.000000	180.000000	180.000000	180.000000	340.626922	90.000000	0.000000	0.000000	0.000000	349.235333	0.000000	0.000000	0.000000	0.000000	0.000000	0.000000	0.000000	0.000000	0.000000	0.000000	
53.616297	53.257071	180.000000	213.282567	180.000000	90.000000	98.387809	0.000000	312.582345	0.000000	0.000000	0.000000	57.003572	0.000000	270.000000	180.000000	120.542341	180.000000	236.717433	156.622567	123.226974	270.000000	90.000000	90.000000	180.000000	180.000000	180.000000	348.062756	90.000000	0.000000	0.000000	0.000000	346.033347	0.000000	0.000000	0.000000	0.000000	0.000000	0.000000	0.000000	0.000000	0.000000	0.000000	
53.587377	53.081477	180.000000	213.282567	180.000000	90.000000	98.465326	0.000000	312.582345	0.000000	0.000000	0.000000	57.030975	0.000000	270.000000	180.000000	120.542341	180.000000	236.717433	156.703005	127.469908	270.000000	90.000000	90.000000	180.000000	180.000000	180.000000	340.962485	90.000000	0.000000	0.000000	0.000000	337.830405	0.000000	0.000000	0.000000	0.000000	0.000000	0.000000	0.000000	0.000000	0.000000	0.000000	
53.579759	52.904305	180.000000	213.282567	180.000000	90.000000	98.537880	0.000000	312.582345	0.000000	0.000000	0.000000	57.063345	0.000000	270.000000	180.000000	120.542341	180.000000	236.717433	156.787609	128.586217	270.000000	90.000000	90.000000	180.000000	180.000000	180.000000	348.243006	90.000000	0.000000	0.000000	0.000000	335.260297	0.000000	0.000000	0.000000	0.000000	0.000000	0.000000	0.000000	0.000000	0.000000	0.000000	
53.577753	52.726249	180.000000	213.282567	180.000000	90.000000	98.605440	0.000000	312.582345	0.000000	0.000000	0.000000	57.100691	0.000000	270.000000	180.000000	120.542341	180.000000	236.717433	156.876360	128.880154	270.000000	90.000000	90.000000	180.000000	180.000000	180.000000	341.289385	90.000000	0.000000	0.000000	0.000000	334.546526	0.000000	0.000000	0.000000	0.000000	0.000000	0.000000	0.000000	0.000000	0.000000	0.000000	
53.577224	52.475901	180.000000	213.282567	180.000000	90.000000	98.667976	0.000000	312.582345	0.000000	0.000000	0.000000	57.143022	0.000000	270.000000	180.000000	120.542341	180.000000	236.717433	156.969238	128.957560	270.000000	90.000000	90.000000	180.000000	180.000000	180.000000	348.431999	90.000000	0.000000	0.000000	0.000000	334.446867	0.000000	0.000000	0.000000	0.000000	0.000000	0.000000	0.000000	0.000000	0.000000	0.000000	
53.577085	52.119651	180.000000	213.282567	180.000000	90.000000	98.725460	0.000000	312.582345	0.000000	0.000000	0.000000	57.190342	0.000000	270.000000	180.000000	120.542341	180.000000	236.717433	157.066220	128.977946	270.000000	90.000000	90.000000	180.000000	180.000000	180.000000	350.811798	90.000000	0.000000	0.000000	0.000000	334.552418	0.000000	0.000000	0.000000	0.000000	0.000000	0.000000	0.000000	0.000000	0.000000	0.000000	
53.577048	51.731722	180.000000	213.282567	180.000000	90.000000	98.777872	0.000000	312.582345	0.000000	0.000000	0.000000	57.242653	0.000000	270.000000	180.000000	120.542341	180.000000	236.717433	157.167285	128.983315	270.000000	90.000000	90.000000	180.000000	180.000000	180.000000	342.449747	90.000000	0.000000	0.000000	0.000000	334.728874	0.000000	90.000000	0.000000	0.000000	0.000000	0.000000	0.000000	0.000000	0.000000	0.000000	
53.577039	51.335100	180.000000	213.282567	180.000000	90.000000	98.825190	0.000000	312.582345	0.000000	0.000000	0.000000	57.299952	0.000000	270.000000	180.000000	120.542341	180.000000	236.717433	157.272411	128.984729	270.000000	90.000000	90.000000	180.000000	180.000000	180.000000	348.905671	90.000000	0.000000	0.000000	0.000000	334.932183	0.000000	90.000000	0.000000	0.000000	0.000000	0.000000	0.000000	0.000000	0.000000	0.000000	
53.577036	50.937141	180.000000	213.282567	180.000000	90.000000	98.867397	0.000000	312.582345	0.000000	0.000000	0.000000	57.362235	0.000000	270.000000	180.000000	120.542341	180.000000	236.717433	157.381575	128.985102	270.000000	90.000000	90.000000	180.000000	180.000000	180.000000	351.060925	90.000000	0.000000	0.000000	0.000000	335.147896	0.000000	90.000000	0.000000	0.000000	0.000000	0.000000	0.000000	0.000000	0.000000	0.000000	
53.577035	50.540398	180.000000	213.282567	180.000000	90.000000	98.904480	0.000000	312.582345	0.000000	0.000000	0.000000	57.429495	0.000000	270.000000	180.000000	120.542341	180.000000	236.717433	157.494753	128.985200	270.000000	90.000000	90.000000	180.000000	180.000000	180.000000	351.780970	90.000000	0.000000	0.000000	0.000000	335.371244	0.000000	90.000000	0.000000	0.000000	0.000000	0.000000	0.000000	0.000000	0.000000	0.000000	
53.577035	50.145943	180.000000	213.282567	180.000000	90.000000	98.936427	0.000000	312.582345	0.000000	0.000000	0.000000	57.501719	0.000000	270.000000	180.000000	120.542341	180.000000	236.717433	157.611921	128.985226	270.000000	90.000000	90.000000	180.000000	180.000000	180.000000	352.023914	90.000000	0.000000	0.000000	0.000000	335.600628	0.000000	90.000000	180.000000	0.000000	0.000000	0.000000	0.000000	0.000000	0.000000	0.000000	
53.577035	50.905151	180.000000	213.282567	180.000000	90.000000	98.963230	0.000000	312.582345	0.000000	0.000000	0.000000	57.578895	0.000000	270.000000	180.000000	120.542341	180.000000	236.717433	157.733056	128.985232	270.000000	90.000000	90.000000	180.000000	180.000000	180.000000	352.110859	90.000000	0.000000	0.000000	0.000000	335.835478	0.000000	90.000000	180.000000	0.000000	0.000000	0.000000	0.000000	0.000000	0.000000	0.000000	
53.577035	49.720532	180.000000	213.282567	180.000000	90.000000	98.984885	0.000000	312.582345	0.000000	0.000000	0.000000	57.661005	0.000000	270.000000	180.000000	120.542341	180.000000	236.717433	159.247123	128.985234	270.000000	90.000000	90.000000	180.000000	180.000000	180.000000	352.149360	90.000000	0.000000	0.000000	0.000000	336.075567	0.000000	90.000000	180.000000	0.000000	0.000000	0.000000	0.000000	0.000000	0.000000	0.000000	
53.577035	50.531378	180.000000	213.282567	180.000000	90.000000	99.001386	0.000000	312.582345	0.000000	0.000000	0.000000	57.748029	0.000000	270.000000	180.000000	120.542341	180.000000	236.717433	159.758594	128.985235	270.000000	90.000000	90.000000	180.000000	180.000000	180.000000	352.175409	90.000000	0.000000	0.000000	0.000000	336.320777	0.000000	90.000000	180.000000	0.000000	0.000000	0.000000	0.000000	0.000000	0.000000	0.000000	
53.577035	50.661392	180.000000	213.282567	180.000000	90.000000	99.012735	0.000000	312.582345	0.000000	0.000000	0.000000	57.839943	0.000000	270.000000	180.000000	120.542341	180.000000	236.717433	159.959554	128.985235	270.000000	90.000000	90.000000	180.000000	180.000000	180.000000	352.201031	90.000000	0.000000	0.000000	0.000000	336.571031	0.000000	90.000000	180.000000	180.000000	0.000000	0.000000	0.000000	0.000000	0.000000	0.000000	
53.577035	50.578947	180.000000	213.282567	180.000000	90.000000	99.018933	0.000000	312.582345	0.000000	0.000000	0.000000	57.936722	0.000000	270.000000	180.000000	120.542341	180.000000	236.717433	160.066202	128.985235	270.000000	90.000000	90.000000	180.000000	180.000000	180.000000	352.230232	90.000000	0.000000	0.000000	0.000000	346.383472	0.000000	90.000000	180.000000	180.000000	0.000000	0.000000	0.000000	0.000000	0.000000	0.000000	
53.577035	50.430203	180.000000	213.282567	180.000000	90.000000	99.019984	0.000000	312.582345	0.000000	0.000000	0.000000	58.038336	0.000000	270.000000	180.000000	120.542341	180.000000	236.717433	160.145908	128.985235	270.000000	90.000000	90.000000	180.000000	180.000000	180.000000	352.264340	90.000000	0.000000	0.000000	0.000000	340.038924	0.000000	90.000000	180.000000	180.000000	0.000000	0.000000	0.000000	0.000000	0.000000	0.000000	
53.577035	50.260979	180.000000	213.282567	180.000000	90.000000	99.015894	0.000000	312.582345	0.000000	0.000000	0.000000	58.144754	0.000000	270.000000	180.000000	120.542341	180.000000	236.717433	160.219596	128.985235	270.000000	90.000000	90.000000	180.000000	180.000000	180.000000	6.456848	90.000000	0.000000	0.000000	0.000000	347.640308	0.000000	90.000000	180.000000	180.000000	0.000000	0.000000	0.000000	0.000000	0.000000	0.000000	
53.577035	50.085731	180.000000	213.282567	180.000000	90.000000	99.006673	0.000000	312.582345	0.000000	0.000000	0.000000	58.255941	0.000000	270.000000	180.000000	120.542341	180.000000	236.717433	160.293730	128.985235	270.000000	90.000000	90.000000	180.000000	180.000000	180.000000	1.190637	90.000000	0.000000	0.000000	0.000000	340.692402	0.000000	90.000000	180.000000	180.000000	180.000000	0.000000	0.000000	0.000000	0.000000	0.000000	
53.577035	49.909086	180.000000	213.282567	180.000000	90.000000	98.992330	0.000000	312.582345	0.000000	0.000000	0.000000	63.215355	0.000000	270.000000	180.000000	120.542341	180.000000	236.717433	160.370285	128.985235	270.000000	90.000000	90.000000	180.000000	180.000000	180.000000	9.424426	90.000000	0.000000	0.000000	0.000000	347.927960	0.000000	90.000000	180.000000	180.000000	180.000000	0.000000	0.000000	0.000000	0.000000	0.000000	
53.577035	49.732574	180.000000	213.282567	180.000000	90.000000	98.972878	0.000000	312.582345	0.000000	0.000000	0.000000	64.840081	0.000000	270.000000	180.000000	120.542341	180.000000	236.717433	160.449844	128.985235	270.000000	90.000000	90.000000	180.000000	180.000000	180.000000	2.260637	90.000000	0.000000	0.000000	0.000000	341.052818	0.000000	90.000000	180.000000	180.000000	180.000000	0.000000	0.000000	0.000000	0.000000	0.000000	
53.577035	49.556751	180.000000	213.282567	180.000000	90.000000	98.948332	0.000000	312.582345	0.000000	0.000000	0.000000	65.392789	0.000000	270.000000	180.000000	120.542341	180.000000	236.717433	160.532561	128.985235	270.000000	90.000000	90.000000	180.000000	180.000000	180.000000	9.721865	90.000000	0.000000	0.000000	0.000000	348.126168	0.000000	90.000000	180.000000	180.000000	180.000000	0.000000	0.000000	0.000000	0.000000	0.000000	
53.577035	49.381864	180.000000	213.282567	180.000000	90.000000	100.025242	0.000000	312.582345	0.000000	0.000000	0.000000	65.603499	0.000000	270.000000	180.000000	120.542341	180.000000	236.717433	160.618456	128.985235	270.000000	90.000000	90.000000	180.000000	180.000000	180.000000	2.123414	90.000000	0.000000	0.000000	0.000000	341.401406	0.000000	90.000000	180.000000	180.000000	180.000000	90.000000	0.000000	0.000000	0.000000	0.000000	
53.577035	49.208063	180.000000	213.282567	180.000000	90.000000	100.362402	0.000000	312.582345	0.000000	0.000000	0.000000	65.707459	0.000000	270.000000	180.000000	120.542341	180.000000	236.717433	160.707508	128.985235	270.000000	90.000000	90.000000	180.000000	180.000000	180.000000	9.618853	90.000000	0.000000	0.000000	0.000000	348.333056	0.000000	90.000000	180.000000	180.000000	180.000000	90.000000	0.000000	0.000000	0.000000	0.000000	
53.577035	49.035466	180.000000	213.282567	180.000000	90.000000	100.466327	0.000000	312.582345	0.000000	0.000000	0.000000	65.780226	0.000000	270.000000	180.000000	120.542341	180.000000	236.717433	160.799683	128.985235	270.000000	90.000000	90.000000	180.000000	180.000000	180.000000	1.879893	90.000000	0.000000	0.000000	0.000000	350.735450	0.000000	90.000000	180.000000	180.000000	180.000000	90.000000	0.000000	0.000000	0.000000	0.000000	
53.577035	48.864183	180.000000	213.282567	180.000000	90.000000	100.494789	0.000000	312.582345	0.000000	0.000000	0.000000	65.845971	0.000000	270.000000	180.000000	120.542341	180.000000	236.717433	160.894943	128.985235	270.000000	90.000000	90.000000	180.000000	180.000000	180.000000	9.492716	90.000000	0.000000	0.000000	0.000000	342.627976	0.000000	90.000000	180.000000	180.000000	180.000000	90.000000	0.000000	0.000000	0.000000	0.000000	
53.577035	48.694323	180.000000	213.282567	180.000000	90.000000	100.496881	0.000000	312.582345	0.000000	0.000000	0.000000	65.912379	0.000000	270.000000	180.000000	125.565543	180.000000	236.717433	160.993249	128.985235	270.000000	90.000000	90.000000	180.000000	180.000000	180.000000	1.653762	90.000000	0.000000	0.000000	0.000000	348.854303	0.000000	90.000000	180.000000	180.000000	180.000000	90.000000	180.000000	0.000000	0.000000	0.000000	
53.577035	48.525993	180.000000	213.282567	180.000000	90.000000	100.487871	0.000000	312.582345	0.000000	0.000000	0.000000	65.981862	0.000000	270.000000	180.000000	127.022495	180.000000	236.717433	161.094560	128.985235	270.000000	90.000000	90.000000	180.000000	180.000000	180.000000	9.385854	90.000000	0.000000	0.000000	0.000000	351.017231	0.000000	90.000000	180.000000	180.000000	180.000000	90.000000	180.000000	0.000000	0.000000	0.000000	
53.577035	48.359300	180.000000	213.282567	180.000000	90.000000	100.472520	0.000000	312.582345	0.000000	0.000000	0.000000	66.055151	0.000000	270.000000	180.000000	127.445525	180.000000	236.717433	161.198836	128.985235	270.000000	90.000000	90.000000	180.000000	180.000000	180.000000	10.765672	90.000000	0.000000	0.000000	0.000000	351.770782	0.000000	90.000000	180.000000	180.000000	180.000000	90.000000	180.000000	0.000000	0.000000	0.000000	
53.577035	48.194353	180.000000	213.282567	180.000000	90.000000	100.452323	0.000000	312.582345	0.000000	0.000000	0.000000	66.132438	0.000000	270.000000	180.000000	127.568372	180.000000	236.717433	161.306036	128.985235	270.000000	90.000000	90.000000	180.000000	180.000000	180.000000	11.054043	90.000000	0.000000	0.000000	0.000000	352.037643	0.000000	90.000000	180.000000	180.000000	180.000000	90.000000	180.000000	0.000000	0.000000	0.000000	
53.577035	48.031260	180.000000	213.282567	180.000000	90.000000	100.427770	0.000000	312.582345	0.000000	0.000000	0.000000	66.213745	0.000000	270.000000	180.000000	127.604050	180.000000	236.717433	161.416117	128.985235	270.000000	90.000000	90.000000	180.000000	180.000000	180.000000	10.958029	90.000000	0.000000	0.000000	0.000000	352.139249	0.000000	90.000000	180.000000	180.000000	180.000000	90.000000	180.000000	180.000000	0.000000	0.000000	
53.577035	47.870129	180.000000	213.282567	180.000000	90.000000	100.399035	0.000000	312.582345	0.000000	0.000000	0.000000	66.299039	0.000000	270.000000	180.000000	127.614412	180.000000	236.717433	161.529040	128.985235	270.000000	90.000000	90.000000	180.000000	180.000000	180.000000	10.728457	90.000000	0.000000	0.000000	0.000000	352.187514	0.000000	90.000000	180.000000	180.000000	180.000000	90.000000	180.000000	180.000000	0.000000	0.000000	
53.577035	47.711068	180.000000	213.282567	180.000000	90.000000	100.366199	0.000000	312.582345	0.000000	0.000000	0.000000	66.388265	0.000000	270.000000	180.000000	127.617422	180.000000	236.717433	161.644763	128.985235	270.000000	90.000000	90.000000	180.000000	180.000000	180.000000	10.454737	90.000000	0.000000	0.000000	0.000000	352.221359	0.000000	90.000000	180.000000	180.000000	180.000000	90.000000	180.000000	180.000000	0.000000	0.000000	
53.577035	47.554187	180.000000	213.282567	180.000000	90.000000	100.329315	0.000000	312.582345	0.000000	0.000000	0.000000	66.481361	0.000000	270.000000	180.000000	127.618297	180.000000	236.717433	161.763245	128.985235	270.000000	90.000000	90.000000	180.000000	180.000000	180.000000	10.168988	90.000000	0.000000	0.000000	0.000000	352.254300	0.000000	90.000000	180.000000	180.000000	180.000000	90.000000	180.000000	180.000000	0.000000	0.000000	
53.577035	47.399593	180.000000	213.282567	180.000000	90.000000	100.288427	0.000000	312.582345	0.000000	0.000000	0.000000	66.578261	0.000000	270.000000	180.000000	127.618551	180.000000	236.717433	161.884444	128.985235	270.000000	90.000000	90.000000	180.000000	180.000000	180.000000	9.882927	90.000000	0.000000	0.000000	0.000000	352.291016	0.000000	90.000000	180.000000	180.000000	180.000000	90.000000	180.000000	180.000000	180.000000	0.000000	
53.577035	47.247394	180.000000	213.282567	180.000000	90.000000	100.243576	0.000000	312.582345	0.000000	0.000000	0.000000	66.678898	0.000000	270.000000	180.000000	127.618625	180.000000	232.651352	162.008319	128.985235	270.000000	90.000000	90.000000	180.000000	180.000000	180.000000	9.600970	90.000000	0.000000	0.000000	0.000000	350.644358	0.000000	90.000000	180.000000	180.000000	180.000000	90.000000	180.000000	180.000000	180.000000	0.000000	
53.577035	47.097697	180.000000	213.282567	180.000000	90.000000	100.194805	0.000000	312.582345	0.000000	0.000000	0.000000	66.783200	0.000000	270.000000	180.000000	127.618646	180.000000	231.471642	162.134829	128.985235	270.000000	90.000000	90.000000	180.000000	180.000000	180.000000	9.324910	90.000000	0.000000	0.000000	0.000000	350.091912	0.000000	90.000000	180.000000	180.000000	180.000000	90.000000	180.000000	180.000000	180.000000	0.000000	
53.577035	46.950608	180.000000	213.282567	180.000000	90.000000	100.142156	0.000000	312.582345	0.000000	0.000000	0.000000	66.891096	0.000000	270.000000	180.000000	127.618652	180.000000	231.129121	162.263934	128.985235	270.000000	90.000000	90.000000	180.000000	180.000000	180.000000	9.055586	90.000000	0.000000	0.000000	0.000000	349.913727	0.000000	90.000000	180.000000	180.000000	180.000000	90.000000	180.000000	180.000000	180.000000	0.000000	
53.577035	46.806234	180.000000	213.282567	180.000000	90.000000	100.085673	0.000000	312.582345	0.000000	0.000000	0.000000	67.002511	0.000000	270.000000	180.000000	127.618654	180.000000	231.029659	162.395592	128.985235	270.000000	90.000000	90.000000	180.000000	180.000000	180.000000	8.793485	90.000000	0.000000	0.000000	0.000000	349.865608	0.000000	90.000000	180.000000	180.000000	180.000000	90.000000	180.000000	180.000000	180.000000	90.000000	
53.577035	46.664678	180.000000	213.282567	180.000000	90.000000	100.025400	0.000000	312.582345	0.000000	0.000000	0.000000	67.117371	0.000000	270.000000	180.000000	127.618655	180.000000	231.000775	162.529764	128.985235	270.000000	90.000000	90.000000	180.000000	180.000000	180.000000	8.538953	90.000000	0.000000	0.000000	0.000000	349.864821	0.000000	90.000000	180.000000	180.000000	180.000000	90.000000	180.000000	180.000000	180.000000	90.000000	
53.577035	46.526046	180.000000	213.282567	180.000000	90.000000	99.961381	0.000000	312.582345	0.000000	0.000000	0.000000	67.235600	0.000000	270.000000	180.000000	127.618655	180.000000	230.992386	162.666409	128.985235	270.000000	90.000000	90.000000	180.000000	180.000000	180.000000	8.292278	90.000000	0.000000	0.000000	0.000000	349.883362	0.000000	90.000000	180.000000	180.000000	180.000000	90.000000	180.000000	180.000000	180.000000	90.000000	
53.577035	46.390439	180.000000	213.282567	180.000000	90.000000	99.893662	0.000000	312.582345	0.000000	0.000000	0.000000	67.357122	0.000000	270.000000	180.000000	127.618655	180.000000	230.989950	162.805488	128.985235	270.000000	90.000000	90.000000	180.000000	180.000000	180.000000	8.053714	90.000000	0.000000	0.000000	0.000000	349.911744	0.000000	90.000000	180.000000	180.000000	180.000000	90.000000	180.000000	180.000000	180.000000	90.000000	
53.577035	46.257958	180.000000	213.282567	180.000000	90.000000	99.822288	0.000000	312.582345	0.000000	0.000000	0.000000	67.481859	0.000000	270.000000	180.000000	127.618655	180.000000	230.989242	162.946961	128.985235	270.000000	90.000000	90.000000	180.000000	180.000000	180.000000	7.823490	90.000000	0.000000	0.000000	0.000000	349.946737	0.000000	90.000000	180.000000	180.000000	180.000000	90.000000	180.000000	180.000000	180.000000	90.000000	
53.577035	46.128703	180.000000	213.282567	180.000000	90.000000	101.364335	0.000000	312.582345	0.000000	0.000000	0.000000	67.609734	0.000000	270.000000	180.000000	127.618655	180.000000	230.989036	163.090790	128.985235	270.000000	90.000000	90.000000	180.000000	180.000000	180.000000	7.601818	90.000000	0.000000	0.000000	0.000000	349.987220	0.000000	90.000000	180.000000	180.000000	180.000000	90.000000	180.000000	180.000000	180.000000	90.000000	
53.577035	46.002773	180.000000	213.282567	180.000000	90.000000	101.921068	0.000000	312.582345	0.000000	0.000000	0.000000	67.740670	0.000000	270.000000	180.000000	127.618655	180.000000	230.988977	163.236936	128.985235	270.000000	90.000000	90.000000	180.000000	180.000000	180.000000	7.388889	90.000000	0.000000	0.000000	0.000000	350.032780	0.000000	90.000000	180.000000	180.000000	180.000000	90.000000	180.000000	180.000000	180.000000	90.000000	
53.577035	45.880264	180.000000	213.282567	180.000000	90.000000	102.164369	0.000000	312.582345	0.000000	0.000000	0.000000	67.874590	0.000000	270.000000	180.000000	127.618655	180.000000	230.988959	163.385362	128.985235	270.000000	90.000000	90.000000	180.000000	180.000000	180.000000	7.184876	90.000000	0.000000	0.000000	0.000000	350.083245	0.000000	90.000000	180.000000	180.000000	180.000000	90.000000	180.000000	180.000000	180.000000	90.000000	
53.539290	45.761271	180.000000	213.282567	180.000000	90.000000	102.303926	0.000000	312.582345	0.000000	0.000000	0.000000	61.011516	0.000000	270.000000	180.000000	127.618655	180.000000	230.988954	163.536029	128.985235	270.000000	90.000000	90.000000	180.000000	180.000000	180.000000	6.989934	90.000000	0.000000	0.000000	0.000000	350.138517	0.000000	90.000000	180.000000	180.000000	180.000000	90.000000	180.000000	180.000000	180.000000	90.000000	
53.414786	45.645886	180.000000	213.282567	180.000000	90.000000	102.405240	0.000000	312.582345	0.000000	0.000000	0.000000	58.889792	0.000000	270.000000	180.000000	127.618655	180.000000	230.988953	163.688902	128.985235	270.000000	90.000000	90.000000	180.000000	180.000000	180.000000	6.804201	90.000000	0.000000	0.000000	0.000000	348.605600	0.000000	90.000000	180.000000	180.000000	180.000000	90.000000	180.000000	180.000000	180.000000	90.000000	
53.266851	45.534202	180.000000	213.282567	180.000000	90.000000	102.488808	0.000000	312.582345	0.000000	0.000000	0.000000	58.285950	0.000000	270.000000	180.000000	127.618655	180.000000	230.988952	163.843944	128.985235	270.000000	90.000000	90.000000	180.000000	180.000000	180.000000	6.627796	90.000000	0.000000	0.000000	0.000000	347.974319	0.000000	90.000000	180.000000	180.000000	180.000000	90.000000	180.000000	180.000000	180.000000	90.000000	
53.112283	45.426308	180.000000	213.282567	180.000000	90.000000	102.561076	0.000000	312.582345	0.000000	0.000000	0.000000	65.607156	0.000000	270.000000	180.000000	127.618655	180.000000	230.988952	164.001120	128.985235	270.000000	90.000000	90.000000	180.000000	180.000000	180.000000	6.460821	90.000000	0.000000	0.000000	0.000000	347.660714	0.000000	90.000000	180.000000	180.000000	180.000000	90.000000	180.000000	180.000000	180.000000	90.000000	
52.955580	45.322289	180.000000	217.348648	180.000000	90.000000	102.624111	0.000000	312.582345	0.000000	0.000000	0.000000	60.502535	0.000000	270.000000	180.000000	127.618655	180.000000	230.988952	155.105087	128.985235	270.000000	90.000000	90.000000	180.000000	180.000000	180.000000	6.303361	90.000000	0.000000	0.000000	0.000000	347.463768	0.000000	90.000000	180.000000	180.000000	180.000000	90.000000	180.000000	180.000000	180.000000	90.000000	
52.797975	45.222232	180.000000	218.528358	180.000000	90.000000	102.678613	0.000000	312.582345	0.000000	0.000000	0.000000	58.978497	0.000000	270.000000	180.000000	127.618655	180.000000	230.988952	152.522673	128.985235	270.000000	90.000000	90.000000	180.000000	180.000000	180.000000	6.155485	90.000000	0.000000	0.000000	0.000000	347.314206	0.000000	90.000000	180.000000	180.000000	180.000000	90.000000	180.000000	180.000000	180.000000	90.000000	
52.639834	45.126218	180.000000	218.870879	180.000000	90.000000	102.724861	0.000000	312.582345	0.000000	0.000000	0.000000	58.588236	0.000000	270.000000	180.000000	127.618655	180.000000	230.988952	151.870994	128.985235	270.000000	90.000000	90.000000	180.000000	180.000000	180.000000	6.017245	90.000000	0.000000	0.000000	0.000000	347.188114	0.000000	90.000000	180.000000	180.000000	180.000000	90.000000	180.000000	180.000000	180.000000	90.000000	
52.481289	45.034329	180.000000	218.970341	180.000000	90.000000	102.763003	0.000000	312.582345	0.000000	0.000000	0.000000	58.558788	0.000000	270.000000	180.000000	127.618655	180.000000	230.988952	151.811697	128.985235	270.000000	90.000000	90.000000	180.000000	180.000000	180.000000	5.888679	90.000000	0.000000	0.000000	0.000000	347.077200	0.000000	90.000000	180.000000	180.000000	180.000000	90.000000	180.000000	180.000000	180.000000	90.000000	
52.322413	44.946642	180.000000	218.999225	180.000000	90.000000	102.793148	0.000000	312.582345	0.000000	0.000000	0.000000	58.646415	0.000000	270.000000	180.000000	127.618655	180.000000	230.988952	151.935592	128.985235	270.000000	90.000000	90.000000	180.000000	180.000000	180.000000	5.769810	90.000000	0.000000	0.000000	0.000000	346.978546	0.000000	90.000000	180.000000	180.000000	180.000000	90.000000	180.000000	180.000000	180.000000	90.000000	
52.163262	44.863234	180.000000	219.007614	180.000000	90.000000	102.815396	0.000000	312.582345	0.000000	0.000000	0.000000	58.774457	0.000000	270.000000	180.000000	127.618655	180.000000	230.988952	152.117864	128.985235	270.000000	90.000000	90.000000	180.000000	180.000000	180.000000	5.660646	90.000000	0.000000	0.000000	0.000000	346.891082	0.000000	90.000000	180.000000	180.000000	180.000000	90.000000	180.000000	180.000000	180.000000	90.000000	
51.989013	44.784177	180.000000	219.010050	180.000000	90.000000	102.829844	0.000000	312.582345	0.000000	0.000000	0.000000	58.918825	0.000000	270.000000	180.000000	127.618655	180.000000	230.988952	152.320511	128.985235	270.000000	90.000000	90.000000	180.000000	180.000000	180.000000	5.561183	90.000000	0.000000	0.000000	0.000000	346.814366	0.000000	90.000000	180.000000	180.000000	180.000000	90.000000	180.000000	180.000000	180.000000	90.000000	
51.689238	44.709544	180.000000	219.010758	180.000000	90.000000	102.836591	0.000000	312.582345	0.000000	0.000000	0.000000	59.071929	0.000000	270.000000	180.000000	127.618655	180.000000	230.988952	152.531963	128.985235	270.000000	90.000000	90.000000	180.000000	180.000000	180.000000	5.471404	90.000000	0.000000	0.000000	0.000000	346.748172	0.000000	90.000000	180.000000	180.000000	180.000000	90.000000	180.000000	180.000000	180.000000	90.000000	
51.355387	44.639401	180.000000	219.010964	180.000000	90.000000	102.835737	0.000000	312.582345	0.000000	0.000000	0.000000	59.231338	0.000000	270.000000	180.000000	127.618655	180.000000	230.988952	152.748684	128.985235	270.000000	90.000000	90.000000	180.000000	180.000000	180.000000	5.391280	90.000000	0.000000	0.000000	0.000000	346.692339	0.000000	90.000000	180.000000	180.000000	180.000000	90.000000	180.000000	180.000000	180.000000	90.000000	
51.013335	44.573817	180.000000	219.011023	180.000000	90.000000	102.827381	0.000000	312.582345	0.000000	0.000000	0.000000	59.396239	0.000000	270.000000	180.000000	127.618655	180.000000	230.988952	152.969575	128.985235	270.000000	90.000000	90.000000	180.000000	180.000000	180.000000	5.320773	90.000000	0.000000	0.000000	0.000000	346.646730	0.000000	90.000000	180.000000	180.000000	180.000000	90.000000	180.000000	180.000000	180.000000	90.000000	
50.670581	44.512854	180.000000	219.011041	180.000000	90.000000	102.811626	0.000000	312.582345	0.000000	0.000000	0.000000	59.566318	0.000000	270.000000	180.000000	127.618655	180.000000	230.988952	153.194274	128.985235	270.000000	90.000000	90.000000	180.000000	180.000000	180.000000	5.259832	90.000000	0.000000	0.000000	0.000000	346.611209	0.000000	90.000000	180.000000	180.000000	180.000000	90.000000	180.000000	180.000000	180.000000	90.000000	
51.019814	44.456575	180.000000	219.011046	180.000000	90.000000	102.788573	0.000000	313.420808	0.000000	0.000000	0.000000	59.741426	0.000000	270.000000	180.000000	127.618655	180.000000	230.988952	153.422645	128.985235	270.000000	90.000000	90.000000	180.000000	180.000000	180.000000	5.208398	90.000000	0.000000	0.000000	0.000000	346.585640	0.000000	90.000000	180.000000	180.000000	180.000000	90.000000	180.000000	180.000000	180.000000	90.000000	
50.182543	44.405037	180.000000	219.011047	180.000000	90.000000	102.758324	0.000000	313.664218	0.000000	0.000000	0.000000	59.921464	0.000000	270.000000	180.000000	127.618655	180.000000	230.988952	153.654622	128.985235	270.000000	90.000000	90.000000	180.000000	180.000000	180.000000	5.166405	90.000000	0.000000	0.000000	0.000000	346.569884	0.000000	90.000000	180.000000	180.000000	180.000000	90.000000	180.000000	180.000000	180.000000	90.000000	
50.657539	55.128123	180.000000	219.011048	180.000000	90.000000	102.720982	0.000000	313.734889	0.000000	0.000000	0.000000	60.106352	0.000000	270.000000	180.000000	127.618655	180.000000	230.988952	165.326240	128.985235	270.000000	90.000000	90.000000	180.000000	180.000000	180.000000	5.133777	90.000000	0.000000	0.000000	0.000000	346.563800	0.000000	90.000000	180.000000	180.000000	180.000000	90.000000	180.000000	180.000000	180.000000	90.000000	
50.678227	58.749682	180.000000	219.011048	180.000000	90.000000	102.676649	0.000000	313.755408	0.000000	0.000000	0.000000	60.296020	0.000000	270.000000	180.000000	127.618655	180.000000	230.988952	157.426759	128.985235	270.000000	90.000000	90.000000	180.000000	180.000000	180.000000	5.110431	90.000000	0.000000	0.000000	0.000000	346.567245	0.000000	90.000000	180.000000	180.000000	180.000000	90.000000	180.000000	180.000000	180.000000	90.000000	
50.570530	59.926438	180.000000	219.011048	180.000000	90.000000	102.625425	0.000000	313.761367	0.000000	0.000000	0.000000	60.490404	0.000000	270.000000	180.000000	127.618655	180.000000	230.988952	155.252056	128.985235	270.000000	90.000000	90.000000	180.000000	180.000000	180.000000	5.096280	90.000000	0.000000	0.000000	0.000000	346.580074	0.000000	90.000000	180.000000	180.000000	180.000000	90.000000	180.000000	180.000000	180.000000	90.000000	
50.426652	60.258586	180.000000	219.011048	180.000000	90.000000	102.567414	0.000000	313.763097	0.000000	0.000000	0.000000	60.689441	0.000000	270.000000	180.000000	127.618655	180.000000	230.988952	165.996897	128.985235	270.000000	90.000000	90.000000	180.000000	180.000000	180.000000	5.091229	90.000000	0.000000	0.000000	0.000000	346.602140	0.000000	90.000000	180.000000	180.000000	180.000000	90.000000	180.000000	180.000000	180.000000	90.000000	
50.272795	60.299804	180.000000	219.011048	180.000000	90.000000	102.502713	0.000000	313.763600	0.000000	0.000000	0.000000	60.893075	0.000000	270.000000	180.000000	127.618655	180.000000	230.988952	158.033001	128.985235	270.000000	90.000000	90.000000	180.000000	180.000000	180.000000	5.095180	90.000000	0.000000	0.000000	0.000000	346.633297	0.000000	90.000000	180.000000	180.000000	180.000000	90.000000	180.000000	180.000000	180.000000	90.000000	
50.116462	60.241854	180.000000	219.011048	180.000000	90.000000	102.431424	0.000000	313.763746	0.000000	0.000000	0.000000	61.101254	0.000000	270.000000	180.000000	127.618655	180.000000	230.988952	166.974533	128.985235	270.000000	90.000000	90.000000	180.000000	180.000000	180.000000	5.108028	90.000000	0.000000	0.000000	0.000000	346.673398	0.000000	90.000000	180.000000	180.000000	180.000000	90.000000	180.000000	180.000000	180.000000	90.000000	
49.959844	60.151209	180.000000	219.011048	180.000000	90.000000	102.353643	0.000000	313.763788	0.000000	0.000000	0.000000	61.313928	0.000000	270.000000	180.000000	127.618655	180.000000	230.988952	158.573074	128.985235	270.000000	90.000000	90.000000	180.000000	180.000000	180.000000	5.129667	90.000000	0.000000	0.000000	0.000000	346.722297	0.000000	90.000000	180.000000	180.000000	180.000000	90.000000	180.000000	180.000000	180.000000	90.000000	
49.803618	60.050947	180.000000	219.011048	180.000000	90.000000	102.269469	0.000000	313.763800	0.000000	0.000000	0.000000	61.531052	0.000000	270.000000	180.000000	127.618655	180.000000	230.988952	167.232598	128.985235	270.000000	90.000000	90.000000	180.000000	180.000000	180.000000	5.159987	90.000000	0.000000	0.000000	0.000000	346.779847	0.000000	90.000000	180.000000	180.000000	180.000000	90.000000	180.000000	180.000000	180.000000	90.000000	
49.648029	59.949112	180.000000	219.011048	180.000000	90.000000	102.178996	0.000000	313.763804	0.000000	0.000000	0.000000	61.752581	0.000000	270.000000	180.000000	127.618655	180.000000	230.988952	158.913508	128.985235	270.000000	90.000000	90.000000	180.000000	180.000000	180.000000	5.198875	90.000000	0.000000	0.000000	0.000000	346.845904	0.000000	90.000000	180.000000	180.000000	180.000000	90.000000	180.000000	180.000000	180.000000	90.000000	
49.493196	59.848540	180.000000	219.011048	180.000000	90.000000	102.082319	0.000000	313.763805	0.000000	0.000000	0.000000	61.978477	0.000000	270.000000	180.000000	127.618655	180.000000	230.988952	167.435501	128.985235	270.000000	90.000000	90.000000	180.000000	180.000000	180.000000	5.246216	90.000000	0.000000	0.000000	0.000000	346.920325	0.000000	90.000000	180.000000	180.000000	180.000000	90.000000	180.000000	180.000000	180.000000	90.000000	
49.339206	59.750258	180.000000	219.011048	180.000000	90.000000	101.979530	0.000000	313.763805	0.000000	0.000000	0.000000	62.208703	0.000000	270.000000	180.000000	127.618655	180.000000	230.988952	159.250039	128.985235	270.000000	90.000000	90.000000	180.000000	180.000000	180.000000	5.301895	90.000000	0.000000	0.000000	0.000000	347.002966	0.000000	90.000000	180.000000	180.000000	180.000000	90.000000	180.000000	180.000000	180.000000	90.000000	
49.186134	59.654667	180.000000	219.011048	180.000000	90.000000	101.870721	0.000000	313.763805	0.000000	0.000000	0.000000	62.443226	0.000000	270.000000	180.000000	127.618655	180.000000	230.988952	167.646943	128.985235	270.000000	90.000000	90.000000	180.000000	180.000000	180.000000	5.365795	90.000000	0.000000	0.000000	0.000000	347.093689	0.000000	90.000000	180.000000	180.000000	180.000000	90.000000	180.000000	180.000000	180.000000	90.000000	
49.034054	59.561946	180.000000	219.011048	180.000000	90.000000	101.755981	0.000000	313.763805	0.000000	0.000000	0.000000	62.682014	0.000000	270.000000	180.000000	127.618655	180.000000	230.988952	170.372374	128.985235	270.000000	90.000000	90.000000	180.000000	180.000000	180.000000	5.437797	90.000000	0.000000	0.000000	0.000000	347.192355	0.000000	90.000000	180.000000	180.000000	180.000000	90.000000	180.000000	180.000000	180.000000	90.000000	
48.883040	59.472202	180.000000	219.011048	180.000000	90.000000	101.635398	0.000000	313.763805	0.000000	0.000000	0.000000	62.925039	0.000000	270.000000	180.000000	127.618655	180.000000	230.988952	160.487424	128.985235	270.000000	90.000000	90.000000	180.000000	180.000000	180.000000	5.517784	90.000000	0.000000	0.000000	0.000000	347.298828	0.000000	90.000000	180.000000	180.000000	180.000000	90.000000	180.000000	180.000000	180.000000	90.000000	
48.733163	59.385512	180.000000	219.011048	180.000000	90.000000	101.509057	0.000000	313.763805	0.000000	0.000000	0.000000	63.172275	0.000000	270.000000	180.000000	127.618655	180.000000	230.988952	168.161992	128.985235	270.000000	90.000000	90.000000	180.000000	180.000000	180.000000	5.605637	90.000000	0.000000	0.000000	0.000000	347.412975	0.000000	90.000000	180.000000	180.000000	180.000000	90.000000	180.000000	180.000000	180.000000	90.000000	
48.584500	59.301941	180.000000	219.011048	180.000000	90.000000	92.891146	0.000000	313.763805	0.000000	0.000000	0.000000	63.423699	0.000000	270.000000	180.000000	127.618655	180.000000	230.988952	170.655490	128.985235	270.000000	90.000000	90.000000	180.000000	180.000000	180.000000	5.701239	90.000000	0.000000	0.000000	0.000000	347.534666	0.000000	90.000000	180.000000	180.000000	180.000000	90.000000	180.000000	180.000000	180.000000	90.000000	
48.437123	59.221551	180.000000	219.011048	180.000000	90.000000	98.773041	0.000000	313.763805	0.000000	0.000000	0.000000	63.679290	0.000000	270.000000	180.000000	127.618655	180.000000	230.988952	171.470125	128.985235	270.000000	90.000000	90.000000	180.000000	180.000000	180.000000	5.804473	90.000000	0.000000	0.000000	0.000000	347.663771	0.000000	90.000000	180.000000	180.000000	180.000000	90.000000	180.000000	180.000000	180.000000	90.000000	
48.291107	59.144402	180.000000	219.011048	180.000000	90.000000	100.467251	0.000000	313.763805	0.000000	0.000000	0.000000	63.939030	0.000000	270.000000	180.000000	127.618655	180.000000	230.988952	171.741652	128.985235	270.000000	90.000000	90.000000	180.000000	180.000000	180.000000	5.915224	90.000000	0.000000	0.000000	0.000000	347.800166	0.000000	90.000000	180.000000	180.000000	180.000000	90.000000	180.000000	180.000000	180.000000	90.000000	
48.146526	59.070549	180.000000	219.011048	180.000000	90.000000	92.620666	0.000000	313.763805	0.000000	0.000000	0.000000	64.202900	0.000000	270.000000	180.000000	127.618655	180.000000	230.988952	171.839742	128.985235	270.000000	90.000000	90.000000	180.000000	180.000000	180.000000	6.033376	90.000000	0.000000	0.000000	0.000000	357.141001	0.000000	90.000000	180.000000	180.000000	180.000000	90.000000	180.000000	180.000000	180.000000	90.000000	
48.003455	59.000047	180.000000	219.011048	180.000000	90.000000	98.500251	0.000000	313.763805	0.000000	0.000000	0.000000	72.164627	0.000000	270.000000	180.000000	127.618655	180.000000	230.988952	171.884666	128.985235	270.000000	90.000000	90.000000	180.000000	180.000000	180.000000	6.158817	90.000000	0.000000	0.000000	0.000000	351.031277	0.000000	90.000000	180.000000	180.000000	180.000000	90.000000	180.000000	180.000000	180.000000	90.000000	
47.861969	58.932950	180.000000	219.011048	180.000000	90.000000	92.058892	0.000000	313.763805	0.000000	0.000000	0.000000	66.936578	0.000000	270.000000	180.000000	127.618655	180.000000	230.988952	171.780303	128.985235	270.000000	90.000000	90.000000	180.000000	180.000000	180.000000	6.291435	90.000000	0.000000	0.000000	0.000000	349.089303	0.000000	90.000000	180.000000	180.000000	180.000000	90.000000	180.000000	180.000000	180.000000	90.000000	
47.722143	58.869308	180.000000	219.011048	180.000000	90.000000	98.220915	0.000000	313.763805	0.000000	0.000000	0.000000	73.187224	0.000000	270.000000	180.000000	127.618655	180.000000	230.988952	171.588777	128.985235	270.000000	90.000000	90.000000	180.000000	180.000000	180.000000	6.431121	90.000000	0.000000	0.000000	0.000000	357.531653	0.000000	90.000000	180.000000	180.000000	180.000000	90.000000	180.000000	180.000000	180.000000	90.000000	
47.584050	58.809171	180.000000	219.011048	180.000000	90.000000	92.018030	0.000000	313.763805	0.000000	0.000000	0.000000	67.559111	0.000000	270.000000	180.000000	127.618655	180.000000	230.988952	171.867248	128.985235	270.000000	90.000000	90.000000	180.000000	180.000000	180.000000	6.577768	90.000000	0.000000	0.000000	0.000000	351.346462	0.000000	90.000000	180.000000	180.000000	180.000000	90.000000	180.000000	180.000000	180.000000	90.000000	
47.447765	58.752585	180.000000	219.011048	180.000000	90.000000	98.080819	0.000000	313.763805	0.000000	0.000000	0.000000	73.521430	0.000000	270.000000	180.000000	127.618655	180.000000	230.988952	171.314324	128.985235	270.000000	90.000000	90.000000	180.000000	180.000000	180.000000	6.731269	90.000000	0.000000	0.000000	0.000000	358.250586	0.000000	90.000000	180.000000	180.000000	180.000000	90.000000	180.000000	180.000000	180.000000	90.000000	
47.313363	58.699596	180.000000	219.011048	180.000000	90.000000	92.009569	0.000000	313.763805	0.000000	0.000000	0.000000	75.516280	0.000000	270.000000	180.000000	127.618655	180.000000	230.988952	171.841580	128.985235	270.000000	90.000000	90.000000	180.000000	180.000000	180.000000	6.891522	90.000000	0.000000	0.000000	0.000000	351.687551	0.000000	90.000000	180.000000	180.000000	180.000000	90.000000	180.000000	180.000000	180.000000	90.000000	
47.180916	58.650247	180.000000	219.011048	180.000000	90.000000	97.931666	0.000000	313.763805	0.000000	0.000000	0.000000	76.200410	0.000000	270.000000	180.000000	127.618655	180.000000	230.988952	172.043581	128.985235	270.000000	90.000000	90.000000	180.000000	180.000000	180.000000	7.058425	90.000000	0.000000	0.000000	0.000000	358.322508	0.000000	90.000000	180.000000	180.000000	180.000000	90.000000	180.000000	180.000000	180.000000	90.000000	
47.050499	58.604581	180.000000	219.011048	180.000000	90.000000	91.986646	0.000000	313.763805	0.000000	0.000000	0.000000	76.453668	0.000000	270.000000	180.000000	127.618655	180.000000	230.988952	172.143833	128.985235	270.000000	90.000000	90.000000	180.000000	180.000000	180.000000	7.231881	90.000000	0.000000	0.000000	0.000000	351.835770	0.000000	90.000000	180.000000	180.000000	180.000000	90.000000	180.000000	180.000000	180.000000	90.000000	
46.922184	58.562637	180.000000	219.011048	180.000000	90.000000	90.160658	0.000000	313.763805	0.000000	0.000000	0.000000	76.567937	0.000000	270.000000	180.000000	127.618655	180.000000	230.988952	172.214441	128.985235	270.000000	90.000000	90.000000	180.000000	180.000000	180.000000	7.411794	90.000000	0.000000	0.000000	0.000000	358.341570	0.000000	90.000000	180.000000	180.000000	180.000000	90.000000	180.000000	180.000000	180.000000	90.000000	
46.796042	58.524453	180.000000	219.011048	180.000000	90.000000	97.177766	0.000000	313.763805	0.000000	0.000000	0.000000	76.639949	0.000000	270.000000	180.000000	127.618655	180.000000	230.988952	172.278634	128.985235	270.000000	90.000000	90.000000	180.000000	180.000000	180.000000	7.598070	90.000000	0.000000	0.000000	0.000000	351.989191	0.000000	90.000000	180.000000	180.000000	180.000000	90.000000	180.000000	180.000000	180.000000	90.000000	
46.672147	58.490064	180.000000	219.011048	180.000000	90.000000	91.811684	0.000000	313.763805	0.000000	0.000000	0.000000	76.701710	0.000000	270.000000	180.000000	127.618655	180.000000	230.988952	170.042683	128.985235	270.000000	90.000000	90.000000	180.000000	180.000000	180.000000	7.790618	90.000000	0.000000	0.000000	0.000000	358.376202	0.000000	90.000000	180.000000	180.000000	180.000000	90.000000	180.000000	180.000000	180.000000	90.000000	
46.550567	58.459504	180.000000	219.011048	180.000000	90.000000	90.158957	0.000000	313.763805	0.000000	0.000000	0.000000	76.642048	0.000000	270.000000	180.000000	127.618655	180.000000	230.988952	169.362207	128.985235	270.000000	90.000000	90.000000	180.000000	180.000000	180.000000	7.989351	90.000000	0.000000	0.000000	0.000000	0.525295	0.000000	90.000000	180.000000	180.000000	180.000000	90.000000	180.000000	180.000000	180.000000	90.000000	
46.431375	58.432807	180.000000	219.011048	180.000000	90.000000	89.679062	0.000000	313.763805	0.000000	0.000000	0.000000	76.631048	0.000000	270.000000	180.000000	127.618655	180.000000	230.988952	169.171797	128.985235	270.000000	90.000000	90.000000	180.000000	180.000000	180.000000	8.194182	90.000000	0.000000	0.000000	0.000000	352.902495	0.000000	90.000000	180.000000	180.000000	180.000000	90.000000	180.000000	180.000000	180.000000	90.000000	
46.314639	58.410001	180.000000	219.011048	180.000000	90.000000	89.567534	0.000000	313.763805	0.000000	0.000000	0.000000	76.639086	0.000000	270.000000	180.000000	127.618655	180.000000	230.988952	169.137295	128.985235	270.000000	90.000000	90.000000	180.000000	180.000000	180.000000	8.405029	90.000000	0.000000	0.000000	0.000000	358.631599	0.000000	90.000000	180.000000	180.000000	180.000000	90.000000	180.000000	180.000000	180.000000	90.000000	
46.200427	58.391116	180.000000	219.011048	180.000000	90.000000	89.569199	0.000000	313.763805	0.000000	0.000000	0.000000	76.656505	0.000000	270.000000	180.000000	127.618655	180.000000	230.988952	166.691420	128.985235	270.000000	90.000000	90.000000	180.000000	180.000000	180.000000	8.621813	90.000000	0.000000	0.000000	0.000000	0.564803	0.000000	90.000000	180.000000	180.000000	180.000000	90.000000	180.000000	180.000000	180.000000	90.000000	
46.088807	58.376177	180.000000	219.011048	180.000000	90.000000	89.603109	0.000000	313.763805	0.000000	0.000000	0.000000	76.680145	0.000000	270.000000	180.000000	127.618655	180.000000	230.988952	165.793454	128.985235	270.000000	90.000000	90.000000	180.000000	180.000000	180.000000	8.844454	90.000000	0.000000	0.000000	0.000000	1.186974	0.000000	90.000000	180.000000	180.000000	180.000000	90.000000	180.000000	180.000000	180.000000	90.000000	
45.979845	58.365210	180.000000	219.011048	180.000000	90.000000	89.643582	0.000000	313.763805	0.000000	0.000000	0.000000	76.708954	0.000000	270.000000	180.000000	127.618655	180.000000	230.988952	165.406402	128.985235	270.000000	90.000000	90.000000	180.000000	180.000000	180.000000	9.072879	90.000000	0.000000	0.000000	0.000000	1.358566	0.000000	90.000000	180.000000	180.000000	180.000000	90.000000	180.000000	180.000000	180.000000	90.000000	
45.873607	58.358237	180.000000	219.011048	180.000000	90.000000	92.722506	0.000000	313.763805	0.000000	0.000000	0.000000	76.617542	0.000000	270.000000	180.000000	127.618655	180.000000	230.988952	165.191999	128.985235	270.000000	90.000000	90.000000	180.000000	180.000000	180.000000	9.307015	90.000000	0.000000	0.000000	0.000000	1.378113	0.000000	90.000000	180.000000	180.000000	180.000000	90.000000	180.000000	180.000000	180.000000	90.000000	
45.770157	58.355279	180.000000	219.011048	180.000000	90.000000	93.708378	0.000000	313.763805	0.000000	0.000000	0.000000	76.440915	0.000000	270.000000	180.000000	127.618655	180.000000	230.988952	165.039779	128.985235	270.000000	90.000000	90.000000	180.000000	180.000000	180.000000	9.546792	90.000000	0.000000	0.000000	0.000000	1.349208	0.000000	90.000000	180.000000	180.000000	180.000000	90.000000	180.000000	180.000000	180.000000	90.000000	
45.669558	58.356356	180.000000	219.011048	180.000000	90.000000	94.041850	0.000000	313.763805	0.000000	0.000000	0.000000	76.718583	0.000000	270.000000	180.000000	127.618655	180.000000	230.988952	164.913638	128.985235	270.000000	90.000000	90.000000	180.000000	180.000000	180.000000	20.550096	90.000000	0.000000	0.000000	0.000000	1.307804	0.000000	90.000000	180.000000	180.000000	180.000000	90.000000	180.000000	180.000000	180.000000	90.000000	
45.571872	58.361483	180.000000	219.011048	180.000000	90.000000	94.169847	0.000000	313.763805	0.000000	0.000000	0.000000	76.193979	0.000000	270.000000	180.000000	127.618655	180.000000	230.988952	164.801756	128.985235	270.000000	90.000000	90.000000	180.000000	180.000000	180.000000	13.579588	90.000000	0.000000	0.000000	0.000000	1.266385	0.000000	90.000000	180.000000	180.000000	180.000000	90.000000	180.000000	180.000000	180.000000	90.000000	
45.477160	58.370678	180.000000	219.011048	180.000000	90.000000	94.231045	0.000000	313.763805	0.000000	0.000000	0.000000	76.716196	0.000000	270.000000	180.000000	127.618655	180.000000	230.988952	164.700234	128.985235	270.000000	90.000000	90.000000	180.000000	180.000000	180.000000	11.384337	90.000000	0.000000	0.000000	0.000000	1.229289	0.000000	90.000000	180.000000	180.000000	180.000000	90.000000	180.000000	180.000000	180.000000	90.000000	
45.385481	58.383954	180.000000	219.011048	180.000000	90.000000	94.268459	0.000000	313.763805	0.000000	0.000000	0.000000	76.922214	0.000000	270.000000	180.000000	127.618655	180.000000	230.988952	164.607754	128.985235	270.000000	90.000000	90.000000	180.000000	180.000000	180.000000	21.318028	90.000000	0.000000	0.000000	0.000000	1.198027	0.000000	90.000000	180.000000	180.000000	180.000000	90.000000	180.000000	180.000000	180.000000	90.000000	
45.296893	58.401322	180.000000	219.011048	180.000000	90.000000	94.295429	0.000000	313.763805	0.000000	0.000000	0.000000	77.030357	0.000000	270.000000	180.000000	127.618655	180.000000	230.988952	164.523840	128.985235	270.000000	90.000000	90.000000	180.000000	180.000000	180.000000	14.231492	90.000000	0.000000	0.000000	0.000000	357.616048	0.000000	90.000000	180.000000	180.000000	180.000000	90.000000	180.000000	180.000000	180.000000	90.000000	
45.211454	58.422793	180.000000	219.011048	180.000000	90.000000	94.316102	0.000000	313.763805	0.000000	0.000000	0.000000	77.110270	0.000000	270.000000	180.000000	127.618655	180.000000	230.988952	164.448284	128.985235	270.000000	90.000000	90.000000	180.000000	180.000000	180.000000	22.384518	90.000000	0.000000	0.000000	0.000000	356.387932	0.000000	90.000000	180.000000	180.000000	180.000000	90.000000	180.000000	180.000000	180.000000	90.000000	
45.129218	58.448375	180.000000	219.011048	180.000000	90.000000	94.331778	0.000000	313.763805	0.000000	0.000000	0.000000	77.184100	0.000000	270.000000	180.000000	127.618655	180.000000	230.988952	164.380965	128.985235	270.000000	90.000000	90.000000	180.000000	180.000000	180.000000	14.833602	90.000000	0.000000	0.000000	0.000000	355.958457	0.000000	90.000000	180.000000	180.000000	180.000000	90.000000	180.000000	180.000000	180.000000	90.000000	
45.050240	58.478075	180.000000	219.011048	180.000000	90.000000	94.342880	0.000000	313.763805	0.000000	0.000000	0.000000	77.258855	0.000000	270.000000	180.000000	127.618655	180.000000	230.988952	164.321785	128.985235	270.000000	90.000000	90.000000	180.000000	180.000000	180.000000	22.665686	90.000000	0.000000	0.000000	0.000000	355.802252	0.000000	90.000000	180.000000	180.000000	180.000000	90.000000	180.000000	180.000000	180.000000	90.000000	
44.974571	58.511898	180.000000	219.011048	180.000000	90.000000	94.349557	0.000000	313.763805	0.000000	0.000000	0.000000	77.336719	0.000000	270.000000	180.000000	127.618655	180.000000	230.988952	164.270654	128.985235	270.000000	90.000000	90.000000	180.000000	180.000000	180.000000	15.188925	90.000000	0.000000	0.000000	0.000000	355.741805	0.000000	90.000000	180.000000	180.000000	180.000000	90.000000	180.000000	180.000000	180.000000	90.000000	
44.902264	58.549848	180.000000	219.011048	180.000000	90.000000	94.351878	0.000000	313.763805	0.000000	0.000000	0.000000	77.418346	0.000000	270.000000	180.000000	127.618655	180.000000	230.988952	164.227478	128.985235	270.000000	90.000000	90.000000	180.000000	180.000000	180.000000	22.870809	90.000000	0.000000	0.000000	0.000000	355.717170	0.000000	90.000000	180.000000	180.000000	180.000000	90.000000	180.000000	180.000000	180.000000	90.000000	
44.833368	58.591926	180.000000	219.011048	180.000000	90.000000	94.349886	0.000000	313.763805	0.000000	0.000000	0.000000	77.503905	0.000000	270.000000	180.000000	127.618655	180.000000	230.988952	164.192165	128.985235	270.000000	90.000000	90.000000	180.000000	180.000000	180.000000	15.536395	90.000000	0.000000	0.000000	0.000000	355.708110	0.000000	90.000000	180.000000	180.000000	180.000000	90.000000	180.000000	180.000000	180.000000	90.000000	
44.767932	58.638131	180.000000	219.011048	180.000000	90.000000	94.343620	0.000000	313.763805	0.000000	0.000000	0.000000	77.593410	0.000000	270.000000	180.000000	127.618655	180.000000	230.988952	164.164619	128.985235	270.000000	90.000000	90.000000	180.000000	180.000000	180.000000	23.084750	90.000000	0.000000	0.000000	0.000000	355.707780	0.000000	90.000000	180.000000	180.000000	180.000000	90.000000	180.000000	180.000000	180.000000	90.000000	
44.706001	58.688463	180.000000	219.011048	180.000000	90.000000	94.333114	0.000000	313.763805	0.000000	0.000000	0.000000	77.686826	0.000000	270.000000	180.000000	127.618655	180.000000	230.988952	164.144741	128.985235	270.000000	90.000000	90.000000	180.000000	180.000000	180.000000	29.957639	90.000000	0.000000	0.000000	0.000000	355.713845	0.000000	90.000000	180.000000	180.000000	180.000000	90.000000	180.000000	180.000000	180.000000	90.000000	
44.647621	58.742918	180.000000	219.011048	180.000000	90.000000	94.318406	0.000000	313.763805	0.000000	0.000000	0.000000	77.784104	0.000000	270.000000	180.000000	127.618655	180.000000	230.988952	164.132432	128.985235	270.000000	90.000000	90.000000	180.000000	180.000000	180.000000	32.567880	90.000000	0.000000	0.000000	0.000000	355.725493	0.000000	90.000000	180.000000	180.000000	180.000000	90.000000	180.000000	180.000000	180.000000	90.000000	
44.592837	58.801491	180.000000	219.011048	180.000000	90.000000	94.299534	0.000000	313.763805	0.000000	0.000000	0.000000	77.885189	0.000000	270.000000	180.000000	127.618655	180.000000	230.988952	164.127591	128.985235	270.000000	90.000000	90.000000	180.000000	180.000000	180.000000	45.004960	90.000000	0.000000	0.000000	0.000000	355.742416	0.000000	90.000000	180.000000	180.000000	180.000000	90.000000	180.000000	180.000000	180.000000	90.000000	
44.541690	58.864176	180.000000	219.011048	180.000000	90.000000	94.276536	0.000000	313.763805	0.000000	0.000000	0.000000	77.990022	0.000000	270.000000	180.000000	127.618655	180.000000	230.988952	164.130115	128.985235	270.000000	90.000000	90.000000	180.000000	180.000000	180.000000	49.480076	90.000000	0.000000	0.000000	0.000000	355.764479	0.000000	90.000000	180.000000	180.000000	180.000000	90.000000	180.000000	180.000000	180.000000	90.000000	
55.857568	58.930964	180.000000	219.011048	180.000000	90.000000	94.249451	0.000000	313.763805	0.000000	0.000000	0.000000	78.098547	0.000000	270.000000	180.000000	127.618655	180.000000	230.988952	164.139902	128.985235	270.000000	90.000000	90.000000	180.000000	180.000000	180.000000	51.064041	90.000000	0.000000	0.000000	0.000000	355.791601	0.000000	90.000000	180.000000	180.000000	180.000000	90.000000	180.000000	180.000000	180.000000	90.000000	
59.319706	59.001847	180.000000	219.011048	180.000000	90.000000	94.218322	0.000000	313.763805	0.000000	0.000000	0.000000	78.210707	0.000000	270.000000	180.000000	127.618655	180.000000	230.988952	164.156846	128.985235	270.000000	90.000000	90.000000	180.000000	180.000000	180.000000	51.593379	90.000000	0.000000	0.000000	0.000000	355.823721	0.000000	90.000000	180.000000	180.000000	180.000000	90.000000	180.000000	180.000000	180.000000	90.000000	
60.333105	59.076813	180.000000	219.011048	180.000000	90.000000	94.183189	0.000000	313.763805	0.000000	0.000000	0.000000	78.326443	0.000000	270.000000	180.000000	127.618655	180.000000	230.988952	164.180845	128.985235	270.000000	90.000000	90.000000	180.000000	180.000000	180.000000	51.738971	90.000000	0.000000	0.000000	0.000000	355.860782	0.000000	90.000000	180.000000	180.000000	180.000000	90.000000	180.000000	180.000000	180.000000	90.000000	
60.579312	59.155850	180.000000	219.011048	180.000000	90.000000	94.144094	0.000000	313.763805	0.000000	0.000000	0.000000	74.977893	0.000000	270.000000	180.000000	127.618655	180.000000	230.988952	164.211795	128.985235	270.000000	90.000000	90.000000	180.000000	180.000000	180.000000	51.745978	90.000000	0.000000	0.000000	0.000000	355.902727	0.000000	90.000000	180.000000	180.000000	180.000000	90.000000	180.000000	180.000000	180.000000	90.000000	
60.585816	59.238943	180.000000	219.011048	180.000000	90.000000	94.101081	0.000000	313.763805	0.000000	0.000000	0.000000	73.885026	0.000000	270.000000	180.000000	127.618655	180.000000	230.988952	164.249591	131.153525	270.000000	90.000000	90.000000	180.000000	180.000000	180.000000	51.703955	90.000000	0.000000	0.000000	0.000000	355.949500	0.000000	90.000000	180.000000	180.000000	180.000000	90.000000	180.000000	180.000000	180.000000	90.000000	
60.518262	59.326077	180.000000	219.011048	180.000000	90.000000	94.054193	0.000000	313.763805	0.000000	0.000000	0.000000	73.531445	0.000000	270.000000	180.000000	127.618655	180.000000	230.988952	164.294131	131.724306	270.000000	90.000000	90.000000	180.000000	180.000000	180.000000	51.645614	90.000000	0.000000	0.000000	0.000000	356.001044	0.000000	90.000000	180.000000	180.000000	180.000000	90.000000	180.000000	180.000000	180.000000	90.000000	
60.428714	59.417236	180.000000	219.011048	180.000000	90.000000	94.003475	0.000000	313.763805	0.000000	0.000000	0.000000	73.423894	0.000000	270.000000	180.000000	127.618655	180.000000	230.988952	164.345311	131.874598	270.000000	90.000000	90.000000	180.000000	180.000000	180.000000	51.582917	90.000000	0.000000	0.000000	0.000000	356.057300	0.000000	90.000000	180.000000	180.000000	180.000000	90.000000	180.000000	180.000000	180.000000	90.000000	
60.333569	59.512401	180.000000	219.011048	180.000000	90.000000	93.948971	0.000000	313.763805	0.000000	0.000000	0.000000	73.401875	0.000000	270.000000	180.000000	127.618655	180.000000	230.988952	164.403029	131.914174	270.000000	90.000000	90.000000	180.000000	180.000000	180.000000	51.520260	90.000000	0.000000	0.000000	0.000000	356.118211	0.000000	90.000000	180.000000	180.000000	180.000000	90.000000	180.000000	180.000000	180.000000	90.000000	
60.238016	59.611553	180.000000	219.011048	180.000000	90.000000	93.890728	0.000000	313.763805	0.000000	0.000000	0.000000	73.413149	0.000000	270.000000	180.000000	127.618655	180.000000	230.988952	164.467185	131.924596	270.000000	90.000000	90.000000	180.000000	180.000000	180.000000	51.459284	90.000000	0.000000	0.000000	0.000000	356.183716	0.000000	90.000000	180.000000	180.000000	180.000000	90.000000	180.000000	180.000000	180.000000	90.000000	
60.143720	59.714671	180.000000	219.011048	180.000000	90.000000	93.828789	0.000000	313.763805	0.000000	0.000000	0.000000	73.440676	0.000000	270.000000	180.000000	127.618655	180.000000	230.988952	164.537678	131.927341	270.000000	90.000000	90.000000	180.000000	180.000000	180.000000	51.400621	90.000000	0.000000	0.000000	0.000000	356.253757	0.000000	90.000000	180.000000	180.000000	180.000000	90.000000	180.000000	180.000000	180.000000	90.000000	
60.051240	59.821734	180.000000	219.011048	180.000000	90.000000	93.763203	0.000000	313.763805	0.000000	0.000000	0.000000	73.478841	0.000000	270.000000	180.000000	127.618655	180.000000	230.988952	164.614410	131.928064	270.000000	90.000000	90.000000	180.000000	180.000000	180.000000	51.344541	90.000000	0.000000	0.000000	0.000000	356.328273	0.000000	90.000000	180.000000	180.000000	180.000000	90.000000	180.000000	180.000000	180.000000	90.000000	
59.960784	59.932717	180.000000	219.011048	180.000000	90.000000	93.694014	0.000000	313.763805	0.000000	0.000000	0.000000	73.525741	0.000000	254.343004	180.000000	127.618655	180.000000	230.988952	164.697283	131.928254	270.000000	90.000000	90.000000	180.000000	180.000000	180.000000	51.291180	90.000000	0.000000	0.000000	0.000000	356.407202	0.000000	90.000000	180.000000	180.000000	180.000000	90.000000	180.000000	180.000000	180.000000	90.000000	
59.872451	60.047598	180.000000	219.011048	180.000000	90.000000	93.621270	0.000000	313.763805	0.000000	0.000000	0.000000	73.580674	0.000000	249.839342	180.000000	127.618655	180.000000	230.988952	164.786200	131.928304	270.000000	90.000000	90.000000	180.000000	180.000000	180.000000	51.240625	90.000000	0.000000	0.000000	0.000000	356.490485	0.000000	90.000000	180.000000	180.000000	180.000000	90.000000	180.000000	180.000000	180.000000	90.000000	
59.786304	60.166351	180.000000	219.011048	180.000000	90.000000	93.545016	0.000000	313.763805	0.000000	0.000000	0.000000	73.643328	0.000000	248.531150	180.000000	130.178925	180.000000	230.988952	164.881067	131.928318	270.000000	90.000000	90.000000	180.000000	180.000000	180.000000	51.192945	90.000000	0.000000	0.000000	0.000000	356.578060	0.000000	90.000000	180.000000	180.000000	180.000000	90.000000	180.000000	180.000000	180.000000	90.000000	
59.702395	60.288950	180.000000	219.011048	180.000000	90.000000	93.465300	0.000000	313.763805	0.000000	0.000000	0.000000	73.713519	0.000000	248.150821	180.000000	130.922022	180.000000	230.988952	164.981792	131.928321	270.000000	90.000000	90.000000	180.000000	180.000000	180.000000	51.148203	90.000000	0.000000	0.000000	0.000000	356.669866	0.000000	90.000000	180.000000	180.000000	180.000000	90.000000	180.000000	180.000000	180.000000	90.000000	
59.620772	60.415368	180.000000	219.011048	180.000000	90.000000	93.382169	0.000000	313.763805	0.000000	0.000000	0.000000	73.791105	0.000000	248.040231	180.000000	131.137771	180.000000	230.988952	165.088282	131.928322	270.000000	90.000000	90.000000	180.000000	180.000000	180.000000	51.106458	90.000000	0.000000	0.000000	0.000000	356.765842	0.000000	90.000000	180.000000	180.000000	180.000000	90.000000	180.000000	180.000000	180.000000	90.000000	
59.541478	64.309968	180.000000	219.011048	180.000000	90.000000	93.295670	0.000000	313.763805	0.000000	0.000000	0.000000	73.875959	0.000000	248.008071	180.000000	131.200417	180.000000	230.988952	165.200447	131.928322	270.000000	90.000000	90.000000	180.000000	180.000000	180.000000	51.067768	90.000000	0.000000	0.000000	0.000000	356.865926	0.000000	90.000000	180.000000	180.000000	180.000000	90.000000	180.000000	180.000000	180.000000	90.000000	
59.464558	65.554026	180.000000	219.011048	180.000000	90.000000	93.205849	0.000000	313.763805	0.000000	0.000000	0.000000	73.967957	0.000000	247.998718	180.000000	131.218609	180.000000	230.988952	165.318201	131.928322	270.000000	90.000000	90.000000	180.000000	180.000000	180.000000	51.032191	90.000000	0.000000	0.000000	0.000000	356.970058	0.000000	90.000000	180.000000	180.000000	180.000000	90.000000	180.000000	180.000000	180.000000	90.000000	
59.390054	65.979660	180.000000	219.011048	180.000000	90.000000	93.112754	0.000000	313.763805	0.000000	0.000000	0.000000	74.066984	0.000000	247.995998	180.000000	131.223892	180.000000	230.988952	165.441456	131.928322	270.000000	90.000000	90.000000	180.000000	180.000000	180.000000	50.999782	90.000000	0.000000	0.000000	0.000000	357.078176	0.000000	90.000000	180.000000	180.000000	180.000000	90.000000	180.000000	180.000000	180.000000	90.000000	
59.318010	66.154747	180.000000	219.011048	180.000000	90.000000	93.016430	0.000000	313.763805	0.000000	0.000000	0.000000	74.172923	0.000000	247.995206	180.000000	131.225426	180.000000	230.988952	176.888793	131.928322	270.000000	90.000000	90.000000	180.000000	180.000000	180.000000	50.970598	90.000000	0.000000	0.000000	0.000000	357.190219	0.000000	90.000000	180.000000	180.000000	180.000000	90.000000	180.000000	180.000000	180.000000	90.000000	
59.248464	66.255002	180.000000	219.011048	180.000000	90.000000	92.916925	0.000000	313.763805	0.000000	0.000000	0.000000	74.285661	0.000000	247.994976	180.000000	131.225872	180.000000	230.988952	169.103644	131.928322	270.000000	90.000000	90.000000	180.000000	180.000000	180.000000	50.944695	90.000000	0.000000	0.000000	0.000000	357.306128	0.000000	90.000000	180.000000	180.000000	180.000000	90.000000	180.000000	180.000000	180.000000	90.000000	
59.181457	66.334618	180.000000	219.011048	180.000000	90.000000	92.814286	0.000000	313.763805	0.000000	0.000000	0.000000	74.405088	0.000000	247.994909	180.000000	131.226001	180.000000	230.988952	166.758575	131.928322	270.000000	90.000000	90.000000	180.000000	180.000000	180.000000	50.922128	90.000000	0.000000	0.000000	0.000000	357.425842	0.000000	90.000000	180.000000	180.000000	180.000000	90.000000	180.000000	180.000000	180.000000	90.000000	
59.117028	66.410240	180.000000	219.011048	180.000000	90.000000	92.708557	0.000000	313.763805	0.000000	0.000000	0.000000	74.531095	0.000000	247.994890	180.000000	131.226039	180.000000	230.988952	177.277281	131.928322	270.000000	90.000000	90.000000	180.000000	180.000000	180.000000	50.902950	90.000000	0.000000	0.000000	0.000000	357.549302	0.000000	90.000000	180.000000	180.000000	180.000000	90.000000	180.000000	180.000000	180.000000	90.000000	
59.055214	66.486948	180.000000	219.011048	180.000000	90.000000	92.599786	0.000000	313.763805	0.000000	0.000000	0.000000	74.663576	0.000000	247.994884	180.000000	131.226050	180.000000	228.910220	169.367897	131.928322	270.000000	90.000000	90.000000	180.000000	180.000000	180.000000	50.887216	90.000000	0.000000	0.000000	0.000000	357.676447	0.000000	90.000000	180.000000	180.000000	180.000000	90.000000	180.000000	180.000000	180.000000	90.000000	
58.996050	66.566267	180.000000	219.011048	180.000000	90.000000	92.488018	0.000000	313.763805	0.000000	0.000000	0.000000	74.802429	0.000000	247.994882	180.000000	131.226053	180.000000	228.306828	178.063445	131.928322	270.000000	90.000000	90.000000	180.000000	180.000000	180.000000	50.874981	90.000000	0.000000	0.000000	0.000000	357.807220	0.000000	90.000000	180.000000	180.000000	180.000000	90.000000	180.000000	180.000000	180.000000	90.000000	
58.939574	66.648632	180.000000	219.011048	180.000000	90.000000	92.373299	0.000000	313.763805	0.000000	0.000000	0.000000	74.947554	0.000000	247.994882	180.000000	131.226054	180.000000	228.131640	169.678794	131.928322	270.000000	90.000000	90.000000	180.000000	180.000000	180.000000	50.866296	90.000000	0.000000	0.000000	0.000000	357.941561	0.000000	90.000000	180.000000	180.000000	180.000000	90.000000	180.000000	180.000000	180.000000	90.000000	
58.885818	66.734150	180.000000	219.011048	180.000000	90.000000	92.255673	0.000000	313.763805	0.000000	0.000000	0.000000	75.098851	0.000000	247.994882	180.000000	131.226054	180.000000	228.080771	178.122642	131.928322	270.000000	90.000000	90.000000	180.000000	180.000000	180.000000	50.861214	90.000000	0.000000	0.000000	0.000000	358.079413	0.000000	90.000000	180.000000	180.000000	180.000000	90.000000	180.000000	180.000000	180.000000	90.000000	
58.834816	66.822820	180.000000	219.011048	180.000000	90.000000	92.135186	0.000000	313.763805	0.000000	0.000000	0.000000	75.256226	0.000000	247.994882	180.000000	131.226054	180.000000	228.065999	169.781906	131.928322	270.000000	90.000000	90.000000	180.000000	180.000000	180.000000	50.859788	90.000000	0.000000	0.000000	0.000000	358.220718	0.000000	90.000000	180.000000	180.000000	180.000000	90.000000	180.000000	180.000000	180.000000	90.000000	
58.786600	66.914613	180.000000	219.011048	180.000000	90.000000	92.011882	0.000000	313.763805	0.000000	0.000000	0.000000	75.419586	0.000000	247.994882	180.000000	131.226054	180.000000	228.061709	178.125633	131.928322	270.000000	90.000000	90.000000	180.000000	180.000000	180.000000	50.862068	90.000000	0.000000	0.000000	0.000000	358.365421	0.000000	90.000000	180.000000	180.000000	180.000000	90.000000	180.000000	180.000000	180.000000	90.000000	
58.741201	67.009489	180.000000	219.011048	180.000000	90.000000	91.885806	0.000000	313.763805	0.000000	0.000000	0.000000	84.264090	0.000000	247.994882	180.000000	131.226054	180.000000	228.060463	169.886088	131.928322	270.000000	90.000000	90.000000	180.000000	180.000000	180.000000	50.868106	90.000000	0.000000	0.000000	0.000000	358.513464	0.000000	90.000000	180.000000	180.000000	180.000000	90.000000	180.000000	180.000000	180.000000	90.000000	
58.698647	67.107403	180.000000	219.011048	180.000000	90.000000	91.757001	0.000000	313.763805	0.000000	0.000000	0.000000	78.380991	0.000000	247.994882	180.000000	131.226054	180.000000	228.060102	178.139634	131.928322	270.000000	90.000000	90.000000	180.000000	180.000000	180.000000	50.877952	90.000000	0.000000	0.000000	0.000000	358.664792	0.000000	90.000000	180.000000	180.000000	180.000000	90.000000	180.000000	180.000000	180.000000	90.000000	
58.658968	67.208309	180.000000	219.011048	180.000000	90.000000	91.625510	0.000000	313.763805	0.000000	0.000000	0.000000	76.647001	0.000000	247.994882	180.000000	131.226054	180.000000	228.059996	170.011765	131.928322	270.000000	90.000000	90.000000	180.000000	180.000000	180.000000	50.891655	90.000000	0.000000	0.000000	0.000000	358.819350	0.000000	90.000000	180.000000	180.000000	180.000000	90.000000	180.000000	180.000000	180.000000	90.000000	
58.622192	67.312161	180.000000	219.011048	180.000000	90.000000	91.491376	0.000000	313.763805	0.000000	0.000000	0.000000	84.651135	0.000000	247.994882	180.000000	131.226054	180.000000	228.059966	178.171237	131.928322	270.000000	90.000000	90.000000	180.000000	180.000000	180.000000	50.909264	90.000000	0.000000	0.000000	0.000000	358.977085	0.000000	90.000000	180.000000	180.000000	180.000000	90.000000	180.000000	180.000000	180.000000	90.000000	
58.588343	67.418909	180.000000	219.011048	180.000000	90.000000	91.354643	0.000000	313.763805	0.000000	0.000000	0.000000	78.764228	0.000000	247.994882	180.000000	131.226054	180.000000	228.059957	170.160506	131.928322	270.000000	90.000000	90.000000	180.000000	180.000000	180.000000	50.930824	90.000000	0.000000	0.000000	0.000000	359.137942	0.000000	90.000000	180.000000	180.000000	180.000000	90.000000	180.000000	180.000000	180.000000	90.000000	
58.557447	67.528507	180.000000	219.011048	180.000000	90.000000	91.215352	0.000000	313.763805	0.000000	0.000000	0.000000	85.317198	0.000000	247.994882	180.000000	131.226054	180.000000	228.059954	178.220948	131.928322	270.000000	90.000000	90.000000	180.000000	180.000000	180.000000	50.956384	90.000000	0.000000	0.000000	0.000000	359.301869	0.000000	90.000000	180.000000	180.000000	180.000000	90.000000	180.000000	180.000000	180.000000	90.000000	
58.529528	67.640905	180.000000	219.011048	180.000000	90.000000	91.073544	0.000000	313.763805	0.000000	0.000000	0.000000	79.129708	0.000000	247.994882	180.000000	131.226054	180.000000	228.059954	170.332002	131.928322	270.000000	90.000000	90.000000	180.000000	180.000000	180.000000	50.985986	90.000000	0.000000	0.000000	0.000000	359.468813	0.000000	90.000000	180.000000	180.000000	180.000000	90.000000	180.000000	180.000000	180.000000	90.000000	
58.504609	67.756053	180.000000	219.011048	180.000000	90.000000	90.929262	0.000000	313.763805	0.000000	0.000000	0.000000	85.416965	0.000000	247.994882	180.000000	131.226054	180.000000	228.059953	178.288658	131.928322	270.000000	90.000000	90.000000	180.000000	180.000000	180.000000	51.019675	90.000000	0.000000	0.000000	0.000000	359.638724	0.000000	90.000000	180.000000	180.000000	180.000000	90.000000	180.000000	180.000000	180.000000	90.000000	
58.482711	67.873902	180.000000	219.011048	180.000000	90.000000	90.782545	0.000000	313.763805	0.000000	0.000000	0.000000	79.336620	0.000000	247.994882	180.000000	131.226054	180.000000	228.059953	170.525773	131.928322	270.000000	90.000000	90.000000	180.000000	180.000000	180.000000	51.057491	90.000000	0.000000	0.000000	0.000000	359.811550	0.000000	90.000000	180.000000	180.000000	180.000000	90.000000	180.000000	180.000000	180.000000	90.000000	
58.463854	67.994403	180.000000	221.089780	180.000000	90.000000	90.633435	0.000000	313.763805	0.000000	0.000000	0.000000	85.476948	0.000000	247.994882	180.000000	131.226054	180.000000	228.059953	178.374189	131.928322	270.000000	90.000000	90.000000	180.000000	180.000000	180.000000	51.099473	90.000000	0.000000	0.000000	0.000000	359.987241	0.000000	90.000000	180.000000	180.000000	180.000000	90.000000	180.000000	180.000000	180.000000	90.000000	
58.448058	68.117505	180.000000	221.693172	180.000000	90.000000	90.481972	0.000000	313.763805	0.000000	0.000000	0.000000	87.458346	0.000000	247.994882	180.000000	131.226054	180.000000	228.059953	180.864926	131.928322	270.000000	90.000000	90.000000	180.000000	180.000000	180.000000	51.145659	90.000000	0.000000	0.000000	0.000000	0.165749	0.000000	90.000000	180.000000	180.000000	180.000000	90.000000	180.000000	180.000000	180.000000	90.000000	
58.435341	68.243158	180.000000	221.868360	180.000000	90.000000	90.328194	0.000000	313.763805	0.000000	0.000000	0.000000	80.213799	0.000000	247.994882	180.000000	131.226054	180.000000	228.059953	171.529751	131.928322	270.000000	90.000000	90.000000	180.000000	180.000000	180.000000	51.196082	90.000000	0.000000	0.000000	0.000000	0.347025	0.000000	90.000000	180.000000	180.000000	180.000000	90.000000	180.000000	180.000000	180.000000	90.000000	
58.425719	68.371313	180.000000	221.919229	180.000000	90.000000	90.172140	0.000000	313.763805	0.000000	0.000000	0.000000	85.725426	0.000000	247.994882	180.000000	131.226054	180.000000	228.059953	178.691522	131.928322	270.000000	90.000000	90.000000	180.000000	180.000000	180.000000	51.250774	90.000000	0.000000	0.000000	0.000000	0.531020	0.000000	90.000000	180.000000	180.000000	180.000000	90.000000	180.000000	180.000000	180.000000	90.000000	
58.419209	68.501920	180.000000	221.934001	180.000000	90.000000	90.013851	0.000000	313.763805	0.000000	0.000000	0.000000	87.508888	0.000000	247.994882	180.000000	131.226054	180.000000	228.059953	180.968880	131.928322	270.000000	90.000000	90.000000	180.000000	180.000000	180.000000	51.309762	90.000000	0.000000	0.000000	0.000000	0.717688	0.000000	90.000000	180.000000	180.000000	180.000000	90.000000	180.000000	180.000000	180.000000	90.000000	
58.415825	68.634930	180.000000	221.938291	180.000000	90.000000	89.853362	0.000000	313.763805	0.000000	0.000000	0.000000	88.061160	0.000000	247.994882	180.000000	131.226054	180.000000	228.059953	181.671172	131.928322	270.000000	90.000000	90.000000	180.000000	180.000000	180.000000	51.373072	90.000000	0.000000	0.000000	0.000000	0.906981	0.000000	90.000000	180.000000	180.000000	180.000000	90.000000	180.000000	180.000000	180.000000	90.000000	
58.415581	68.770293	180.000000	221.939537	180.000000	90.000000	89.690713	0.000000	313.763805	0.000000	0.000000	0.000000	88.209082	0.000000	247.994882	180.000000	131.226054	180.000000	228.059953	181.866695	131.928322	270.000000	90.000000	90.000000	180.000000	180.000000	180.000000	51.440723	90.000000	0.000000	0.000000	0.000000	1.098855	0.000000	90.000000	180.000000	180.000000	180.000000	90.000000	180.000000	180.000000	180.000000	90.000000	
58.418488	68.907962	180.000000	221.939898	180.000000	90.000000	89.525941	0.000000	313.763805	0.000000	0.000000	0.000000	88.226923	0.000000	247.994882	180.000000	131.226054	180.000000	228.059953	181.901439	131.928322	270.000000	90.000000	90.000000	180.000000	180.000000	180.000000	51.512733	90.000000	0.000000	0.000000	0.000000	8.985009	0.000000	90.000000	180.000000	180.000000	180.000000	90.000000	180.000000	180.000000	180.000000	90.000000	
58.424559	59.926532	180.000000	221.940004	180.000000	90.000000	89.359082	0.000000	313.763805	0.000000	0.000000	0.000000	88.205655	0.000000	247.994882	180.000000	131.226054	180.000000	228.059953	181.887474	131.928322	270.000000	90.000000	90.000000	180.000000	180.000000	180.000000	51.589113	90.000000	0.000000	0.000000	0.000000	3.820201	0.000000	90.000000	180.000000	180.000000	180.000000	90.000000	180.000000	180.000000	180.000000	90.000000	
58.433803	66.658617	180.000000	221.940034	180.000000	90.000000	89.190172	0.000000	313.763805	0.000000	0.000000	0.000000	88.175449	0.000000	247.994882	180.000000	131.226054	180.000000	228.059953	181.861097	131.928322	270.000000	90.000000	90.000000	180.000000	180.000000	180.000000	51.669870	90.000000	0.000000	0.000000	0.000000	2.325347	0.000000	90.000000	180.000000	180.000000	180.000000	90.000000	180.000000	180.000000	180.000000	90.000000	
58.446230	59.376470	180.000000	221.940043	180.000000	90.000000	89.019249	0.000000	313.763805	0.000000	0.000000	0.000000	88.146312	0.000000	247.994882	180.000000	131.226054	180.000000	228.059953	181.834067	131.928322	270.000000	90.000000	90.000000	180.000000	180.000000	180.000000	51.755006	90.000000	0.000000	0.000000	0.000000	9.516980	0.000000	90.000000	180.000000	180.000000	180.000000	90.000000	180.000000	180.000000	180.000000	90.000000	
58.461847	66.766573	180.000000	221.940046	180.000000	90.000000	88.846347	0.000000	313.763805	0.000000	0.000000	0.000000	85.575329	0.000000	247.994882	180.000000	131.226054	180.000000	228.059953	181.810196	131.928322	270.000000	90.000000	90.000000	180.000000	180.000000	180.000000	51.844517	90.000000	0.000000	0.000000	0.000000	4.301303	0.000000	90.000000	180.000000	180.000000	180.000000	90.000000	180.000000	180.000000	180.000000	90.000000	
58.480661	59.560394	180.000000	221.940046	180.000000	90.000000	81.733922	0.000000	314.192492	0.000000	0.000000	0.000000	84.717441	0.000000	247.994882	180.000000	131.226054	180.000000	228.059953	181.790720	131.928322	270.000000	90.000000	90.000000	180.000000	180.000000	180.000000	51.938396	90.000000	0.000000	0.000000	0.000000	10.217975	0.000000	90.000000	180.000000	180.000000	180.000000	90.000000	180.000000	180.000000	180.000000	90.000000	
58.502678	67.087237	180.000000	221.940047	180.000000	90.000000	86.565496	0.000000	314.316944	0.000000	0.000000	0.000000	84.418353	0.000000	247.994882	180.000000	131.226054	180.000000	228.059953	181.776042	131.928322	270.000000	90.000000	90.000000	180.000000	180.000000	180.000000	52.036627	90.000000	0.000000	0.000000	0.000000	4.706968	0.000000	90.000000	180.000000	180.000000	180.000000	90.000000	180.000000	180.000000	180.000000	90.000000	
58.527903	59.821259	180.000000	221.940047	180.000000	90.000000	87.839838	0.000000	314.353077	0.000000	0.000000	0.000000	84.303751	0.000000	247.994882	180.000000	131.226054	180.000000	228.059953	181.766295	131.928322	270.000000	90.000000	90.000000	180.000000	180.000000	180.000000	52.139189	90.000000	0.000000	0.000000	0.000000	10.419089	0.000000	90.000000	180.000000	180.000000	180.000000	90.000000	180.000000	180.000000	180.000000	90.000000	
58.556339	57.759816	180.000000	221.940047	180.000000	90.000000	81.322994	0.000000	314.363568	0.000000	0.000000	0.000000	84.252279	0.000000	247.994882	180.000000	131.226054	180.000000	228.059953	181.761522	131.928322	270.000000	90.000000	90.000000	180.000000	180.000000	180.000000	59.373326	90.000000	0.000000	0.000000	0.000000	4.963351	0.000000	90.000000	180.000000	180.000000	180.000000	90.000000	180.000000	180.000000	180.000000	90.000000	
58.587989	57.269068	180.000000	221.940047	180.000000	90.000000	86.144550	0.000000	314.366615	0.000000	0.000000	0.000000	84.224610	0.000000	247.994882	180.000000	131.226054	180.000000	228.059953	181.761737	131.928322	270.000000	90.000000	90.000000	180.000000	180.000000	180.000000	61.704696	90.000000	0.000000	0.000000	0.000000	10.572863	0.000000	90.000000	180.000000	180.000000	180.000000	90.000000	180.000000	180.000000	180.000000	90.000000	
58.622854	57.253502	180.000000	221.940047	180.000000	90.000000	80.767613	0.000000	314.367500	0.000000	0.000000	0.000000	84.208001	0.000000	247.994882	180.000000	131.226054	180.000000	228.059953	177.214534	131.928322	270.000000	90.000000	90.000000	180.000000	180.000000	180.000000	62.475534	90.000000	0.000000	0.000000	0.000000	1.716037	0.000000	90.000000	180.000000	180.000000	180.000000	90.000000	180.000000	180.000000	180.000000	90.000000	
58.660935	57.383131	180.000000	221.940047	180.000000	90.000000	85.802427	0.000000	314.367756	0.000000	0.000000	0.000000	84.198309	0.000000	247.994882	180.000000	131.226054	180.000000	228.059953	175.600450	131.928322	270.000000	90.000000	90.000000	180.000000	180.000000	180.000000	62.752047	90.000000	0.000000	0.000000	0.000000	5.964147	0.000000	90.000000	180.000000	180.000000	180.000000	90.000000	180.000000	180.000000	180.000000	90.000000	
58.702231	57.558844	180.000000	221.940047	180.000000	90.000000	80.609105	0.000000	314.367831	0.000000	0.000000	0.000000	84.194173	0.000000	247.994882	180.000000	131.226054	180.000000	228.059953	174.921431	131.928322	270.000000	90.000000	90.000000	180.000000	180.000000	180.000000	62.874418	90.000000	0.000000	0.000000	0.000000	7.307601	0.000000	90.000000	180.000000	180.000000	180.000000	90.000000	180.000000	180.000000	180.000000	90.000000	
58.746741	57.750941	180.000000	221.940047	180.000000	90.000000	88.740495	0.000000	314.367853	0.000000	0.000000	0.000000	84.195128	0.000000	247.994882	180.000000	131.226054	180.000000	228.059953	174.545544	131.928322	270.000000	90.000000	90.000000	180.000000	180.000000	180.000000	62.950784	90.000000	0.000000	0.000000	0.000000	7.732797	0.000000	90.000000	180.000000	180.000000	180.000000	90.000000	180.000000	180.000000	180.000000	90.000000	
58.794461	57.950522	180.000000	221.940047	180.000000	90.000000	84.711306	0.000000	314.367859	0.000000	0.000000	0.000000	84.200997	0.000000	247.994882	180.000000	131.226054	180.000000	228.059953	174.271979	131.928322	270.000000	90.000000	90.000000	180.000000	180.000000	180.000000	63.015364	90.000000	0.000000	0.000000	0.000000	7.867394	0.000000	90.000000	180.000000	180.000000	180.000000	90.000000	180.000000	180.000000	180.000000	90.000000	
58.845388	58.154902	180.000000	221.940047	180.000000	90.000000	83.539054	0.000000	314.367861	0.000000	0.000000	0.000000	84.211696	0.000000	247.994882	180.000000	131.226054	180.000000	228.059953	174.036816	131.928322	270.000000	90.000000	90.000000	180.000000	180.000000	180.000000	63.078924	90.000000	0.000000	0.000000	0.000000	7.910007	0.000000	90.000000	180.000000	180.000000	180.000000	90.000000	180.000000	180.000000	180.000000	90.000000	
58.899517	58.363257	180.000000	221.940047	180.000000	90.000000	83.197747	0.000000	314.367861	0.000000	0.000000	0.000000	84.227168	0.000000	247.994882	180.000000	131.226054	180.000000	228.059953	173.819702	131.928322	270.000000	90.000000	90.000000	180.000000	180.000000	180.000000	63.144819	90.000000	0.000000	0.000000	0.000000	7.923500	0.000000	90.000000	180.000000	180.000000	180.000000	90.000000	180.000000	180.000000	180.000000	90.000000	
58.956843	58.575310	180.000000	221.940047	180.000000	90.000000	83.098358	0.000000	314.367862	0.000000	0.000000	0.000000	84.247365	0.000000	247.994882	180.000000	131.226054	180.000000	228.059953	173.614172	131.928322	270.000000	90.000000	90.000000	180.000000	180.000000	180.000000	63.214065	90.000000	0.000000	0.000000	0.000000	7.927773	0.000000	90.000000	180.000000	180.000000	180.000000	90.000000	180.000000	180.000000	180.000000	90.000000	
59.017359	58.790954	180.000000	221.940047	180.000000	90.000000	83.069412	0.000000	314.367862	0.000000	0.000000	0.000000	84.272238	0.000000	247.994882	180.000000	131.226054	180.000000	228.059953	173.418188	131.928322	270.000000	90.000000	90.000000	180.000000	180.000000	180.000000	63.286940	90.000000	0.000000	0.000000	0.000000	7.929126	0.000000	90.000000	180.000000	180.000000	180.000000	90.000000	180.000000	180.000000	180.000000	90.000000	
59.081056	59.010130	180.000000	221.940047	180.000000	90.000000	83.060982	0.000000	314.367862	0.000000	0.000000	0.000000	84.301742	0.000000	247.994882	180.000000	131.226054	180.000000	228.059953	173.231120	131.928322	270.000000	90.000000	90.000000	180.000000	180.000000	180.000000	55.570494	90.000000	0.000000	0.000000	0.000000	7.929555	0.000000	90.000000	180.000000	180.000000	180.000000	90.000000	180.000000	180.000000	180.000000	90.000000	
59.147928	59.232798	180.000000	221.940047	180.000000	90.000000	83.058526	0.000000	314.367862	0.000000	0.000000	0.000000	84.335827	0.000000	247.994882	180.000000	131.226054	180.000000	228.059953	173.052779	131.928322	270.000000	90.000000	90.000000	180.000000	180.000000	180.000000	61.098622	90.000000	0.000000	0.000000	0.000000	7.929691	0.000000	90.000000	180.000000	180.000000	180.000000	90.000000	180.000000	180.000000	180.000000	90.000000	
59.217964	59.458921	180.000000	221.940047	180.000000	90.000000	83.057810	0.000000	314.367862	0.000000	0.000000	0.000000	84.374445	0.000000	247.994882	180.000000	131.226054	180.000000	228.059953	172.883113	131.928322	270.000000	90.000000	90.000000	180.000000	180.000000	180.000000	54.798558	90.000000	0.000000	0.000000	0.000000	7.929734	0.000000	90.000000	180.000000	180.000000	180.000000	90.000000	180.000000	180.000000	180.000000	90.000000	
59.291153	59.688470	180.000000	221.940047	180.000000	90.000000	83.057602	0.000000	314.367862	0.000000	0.000000	0.000000	84.417544	0.000000	247.994882	180.000000	131.226054	180.000000	228.059953	172.722105	131.928322	270.000000	90.000000	90.000000	180.000000	180.000000	180.000000	61.023987	90.000000	0.000000	0.000000	0.000000	7.929747	0.000000	90.000000	180.000000	180.000000	180.000000	90.000000	180.000000	180.000000	180.000000	90.000000	
59.367484	59.921415	180.000000	221.940047	180.000000	90.000000	83.057541	0.000000	314.367862	0.000000	0.000000	0.000000	84.341311	0.000000	247.994882	180.000000	131.226054	180.000000	228.059953	172.569744	131.928322	270.000000	90.000000	90.000000	180.000000	180.000000	180.000000	54.764399	90.000000	0.000000	0.000000	0.000000	7.929752	0.000000	90.000000	180.000000	180.000000	180.000000	90.000000	180.000000	180.000000	180.000000	90.000000	
59.446945	60.157730	180.000000	221.940047	180.000000	90.000000	83.057524	0.000000	314.367862	0.000000	0.000000	0.000000	84.185376	0.000000	247.994882	180.000000	131.226054	180.000000	228.059953	172.426015	131.928322	270.000000	90.000000	90.000000	180.000000	180.000000	180.000000	52.706754	90.000000	0.000000	0.000000	0.000000	7.929753	0.000000	90.000000	180.000000	180.000000	180.000000	90.000000	180.000000	180.000000	180.000000	90.000000	
59.529524	60.397389	180.000000	221.940047	180.000000	90.000000	83.057518	0.000000	314.367862	0.000000	0.000000	0.000000	84.010449	0.000000	247.994882	180.000000	131.226054	180.000000	228.059953	172.290894	131.928322	270.000000	90.000000	90.000000	180.000000	180.000000	180.000000	52.059187	90.000000	0.000000	0.000000	0.000000	7.929753	0.000000	90.000000	180.000000	180.000000	180.000000	90.000000	180.000000	180.000000	180.000000	90.000000	
59.615205	60.640371	180.000000	221.940047	180.000000	90.000000	83.057517	0.000000	314.367862	0.000000	0.000000	0.000000	83.836114	0.000000	247.994882	180.000000	131.226054	180.000000	228.059953	172.164350	131.928322	270.000000	90.000000	90.000000	180.000000	180.000000	180.000000	51.886394	90.000000	0.000000	0.000000	0.000000	7.929753	0.000000	90.000000	180.000000	180.000000	180.000000	90.000000	180.000000	180.000000	180.000000	90.000000	
59.703974	60.886654	180.000000	221.940047	180.000000	90.000000	83.057516	0.000000	314.367862	0.000000	0.000000	0.000000	83.668695	0.000000	247.994882	180.000000	131.226054	180.000000	228.059953	172.046345	131.928322	270.000000	90.000000	90.000000	180.000000	180.000000	180.000000	51.875694	90.000000	0.000000	0.000000	0.000000	7.929753	0.000000	90.000000	180.000000	180.000000	180.000000	90.000000	180.000000	180.000000	180.000000	90.000000	
59.795815	61.136220	180.000000	221.940047	180.000000	90.000000	83.057516	0.000000	314.367862	0.000000	0.000000	0.000000	83.510232	0.000000	247.994882	180.000000	131.226054	180.000000	228.059953	171.936833	131.928322	270.000000	90.000000	90.000000	180.000000	180.000000	180.000000	51.922956	90.000000	0.000000	0.000000	0.000000	7.929753	0.000000	90.000000	180.000000	180.000000	180.000000	90.000000	180.000000	180.000000	180.000000	90.000000	
59.890713	61.389051	180.000000	221.940047	180.000000	90.000000	83.057516	0.000000	314.367862	0.000000	0.000000	0.000000	83.361375	0.000000	247.994882	180.000000	131.226054	180.000000	228.059953	171.835763	131.928322	270.000000	90.000000	90.000000	180.000000	180.000000	180.000000	51.993584	90.000000	0.000000	0.000000	0.000000	7.929754	0.000000	90.000000	180.000000	180.000000	180.000000	90.000000	180.000000	180.000000	180.000000	90.000000	
59.988651	61.645131	180.000000	221.940047	180.000000	90.000000	83.057516	0.000000	314.367862	0.000000	0.000000	0.000000	83.222315	0.000000	247.994882	180.000000	131.226054	180.000000	228.059953	171.743077	131.928322	270.000000	90.000000	90.000000	180.000000	180.000000	180.000000	52.076054	90.000000	0.000000	0.000000	0.000000	7.929754	0.000000	90.000000	180.000000	180.000000	180.000000	90.000000	180.000000	180.000000	180.000000	90.000000	
60.089609	71.700815	180.000000	221.940047	180.000000	90.000000	83.057516	0.000000	314.367862	0.000000	0.000000	0.000000	83.093087	0.000000	247.994882	180.000000	131.226054	180.000000	228.059953	171.658710	131.928322	270.000000	90.000000	90.000000	180.000000	180.000000	180.000000	52.166467	90.000000	0.000000	0.000000	0.000000	7.929754	0.000000	90.000000	180.000000	180.000000	180.000000	90.000000	180.000000	180.000000	180.000000	90.000000	
60.193571	64.885427	180.000000	221.940047	180.000000	90.000000	83.057516	0.000000	314.367862	0.000000	0.000000	0.000000	82.973671	0.000000	247.994882	180.000000	131.226054	180.000000	228.059953	171.582595	131.928322	270.000000	90.000000	90.000000	180.000000	180.000000	180.000000	52.263432	90.000000	0.000000	0.000000	0.000000	7.929754	0.000000	90.000000	180.000000	180.000000	180.000000	90.000000	180.000000	180.000000	180.000000	90.000000	
60.300517	72.869215	180.000000	221.940047	180.000000	90.000000	83.057516	0.000000	314.367862	0.000000	0.000000	0.000000	82.864020	0.000000	247.994882	180.000000	131.226054	180.000000	228.059953	171.514657	131.928322	270.000000	90.000000	90.000000	180.000000	180.000000	180.000000	52.366388	90.000000	0.000000	0.000000	0.000000	7.929754	0.000000	90.000000	180.000000	180.000000	180.000000	90.000000	180.000000	180.000000	180.000000	90.000000	
64.490275	65.521783	180.000000	221.940047	180.000000	90.000000	83.057516	0.000000	314.367862	0.000000	0.000000	0.000000	82.764075	0.000000	247.994882	180.000000	131.226054	180.000000	228.059953	171.454819	131.928322	270.000000	90.000000	90.000000	180.000000	180.000000	180.000000	52.475045	90.000000	0.000000	0.000000	0.000000	7.929754	0.000000	90.000000	180.000000	180.000000	180.000000	90.000000	180.000000	180.000000	180.000000	90.000000	
65.701043	73.205435	180.000000	221.940047	180.000000	90.000000	83.057516	0.000000	314.367862	0.000000	0.000000	0.000000	82.673767	0.000000	247.994882	180.000000	131.226054	180.000000	228.059953	171.403000	131.928322	270.000000	90.000000	90.000000	180.000000	180.000000	180.000000	52.589210	90.000000	0.000000	0.000000	0.000000	7.929754	0.000000	90.000000	180.000000	180.000000	180.000000	90.000000	180.000000	180.000000	180.000000	90.000000	
66.075595	65.932247	180.000000	221.940047	180.000000	90.000000	83.057516	0.000000	314.367862	0.000000	0.000000	0.000000	82.593019	0.000000	247.994882	180.000000	131.226054	180.000000	228.059953	171.359115	131.928322	270.000000	90.000000	90.000000	180.000000	180.000000	180.000000	52.708725	90.000000	0.000000	0.000000	0.000000	7.929754	0.000000	90.000000	180.000000	180.000000	180.000000	90.000000	180.000000	180.000000	180.000000	90.000000	
66.217207	73.478399	180.000000	221.940047	180.000000	90.000000	83.057516	0.000000	314.367862	0.000000	0.000000	0.000000	82.521745	0.000000	247.994882	180.000000	131.226054	180.000000	228.059953	171.323078	131.928322	270.000000	90.000000	90.000000	180.000000	180.000000	180.000000	52.833450	90.000000	0.000000	0.000000	0.000000	7.929754	0.000000	90.000000	180.000000	180.000000	180.000000	90.000000	180.000000	180.000000	180.000000	90.000000	
66.295507	75.934209	180.000000	221.940047	180.000000	90.000000	83.057516	0.000000	314.367862	0.000000	0.000000	0.000000	82.459856	0.000000	247.994882	180.000000	131.226054	180.000000	228.059953	171.294797	131.928322	270.000000	90.000000	90.000000	180.000000	180.000000	180.000000	52.963254	90.000000	0.000000	0.000000	0.000000	7.929754	0.000000	90.000000	180.000000	180.000000	180.000000	90.000000	180.000000	180.000000	180.000000	90.000000	
66.358055	67.152244	180.000000	221.940047	180.000000	90.000000	83.057516	0.000000	314.367862	0.000000	0.000000	0.000000	82.407256	0.000000	247.994882	180.000000	131.226054	180.000000	228.059953	171.274180	131.928322	270.000000	90.000000	90.000000	180.000000	180.000000	180.000000	53.098017	90.000000	0.000000	0.000000	0.000000	7.929754	0.000000	90.000000	180.000000	180.000000	180.000000	90.000000	180.000000	180.000000	180.000000	90.000000	
66.418137	74.050839	180.000000	221.940047	180.000000	90.000000	83.057516	0.000000	314.367862	0.000000	0.000000	0.000000	82.363845	0.000000	247.994882	180.000000	131.226054	180.000000	228.059953	171.261135	131.928322	270.000000	90.000000	90.000000	180.000000	180.000000	180.000000	53.237626	90.000000	0.000000	0.000000	0.000000	7.929754	0.000000	90.000000	180.000000	180.000000	180.000000	90.000000	180.000000	180.000000	180.000000	90.000000	
66.479439	76.298647	180.000000	221.940047	180.000000	90.000000	83.057516	0.000000	314.367862	0.000000	0.000000	0.000000	82.329518	0.000000	247.994882	180.000000	131.226054	180.000000	228.059953	171.255566	131.928322	270.000000	90.000000	90.000000	180.000000	180.000000	180.000000	53.381973	90.000000	0.000000	0.000000	0.000000	7.929754	0.000000	90.000000	180.000000	180.000000	180.000000	90.000000	180.000000	180.000000	180.000000	90.000000	
66.542968	77.053089	180.000000	221.940047	180.000000	90.000000	83.057516	0.000000	314.367862	0.000000	0.000000	0.000000	82.304168	0.000000	247.994882	180.000000	131.226054	180.000000	228.059953	171.257376	131.928322	270.000000	90.000000	90.000000	180.000000	180.000000	180.000000	53.530960	90.000000	0.000000	0.000000	0.000000	7.929754	0.000000	90.000000	180.000000	180.000000	180.000000	90.000000	180.000000	180.000000	180.000000	90.000000	
66.608986	77.329370	180.000000	221.940047	180.000000	90.000000	83.057516	0.000000	314.367862	0.000000	0.000000	0.000000	82.287683	0.000000	247.994882	180.000000	131.226054	180.000000	228.059953	171.266467	131.928322	270.000000	90.000000	90.000000	180.000000	195.133822	180.000000	53.684494	90.000000	0.000000	0.000000	0.000000	7.929754	0.000000	90.000000	180.000000	180.000000	180.000000	90.000000	180.000000	180.000000	180.000000	90.000000	
66.677545	77.454809	180.000000	221.940047	180.000000	90.000000	83.057516	0.000000	314.367862	0.000000	0.000000	0.000000	82.279949	0.000000	247.994882	180.000000	131.226054	180.000000	228.059953	171.282742	131.928322	270.000000	90.000000	90.000000	180.000000	199.870935	180.000000	53.842490	90.000000	0.000000	0.000000	0.000000	7.929754	0.000000	90.000000	180.000000	180.000000	180.000000	90.000000	180.000000	180.000000	180.000000	90.000000	
66.748638	77.534850	180.000000	221.940047	180.000000	90.000000	83.057516	0.000000	314.367862	0.000000	0.000000	0.000000	82.280853	0.000000	247.994882	180.000000	131.226054	180.000000	228.059953	171.306103	131.928322	270.000000	90.000000	90.000000	180.000000	201.366476	180.000000	54.004867	90.000000	0.000000	0.000000	0.000000	7.929754	0.000000	90.000000	180.000000	180.000000	180.000000	90.000000	180.000000	180.000000	180.000000	90.000000	
66.822243	77.603408	180.000000	221.940047	180.000000	90.000000	83.057516	0.000000	314.367862	0.000000	0.000000	0.000000	82.290275	0.000000	247.994882	180.000000	131.226054	180.000000	228.059953	171.336451	131.928322	270.000000	90.000000	90.000000	180.000000	201.839066	180.000000	54.171552	90.000000	0.000000	0.000000	0.000000	7.929754	0.000000	90.000000	180.000000	180.000000	180.000000	90.000000	180.000000	180.000000	180.000000	90.000000	
66.898333	77.671367	180.000000	221.940047	180.000000	90.000000	83.057516	0.000000	314.367862	0.000000	0.000000	0.000000	82.308098	0.000000	247.994882	180.000000	131.226054	180.000000	228.059953	171.373686	131.928322	270.000000	90.000000	90.000000	180.000000	201.988431	180.000000	54.342477	90.000000	0.000000	0.000000	0.000000	7.929754	0.000000	90.000000	180.000000	180.000000	180.000000	90.000000	180.000000	180.000000	180.000000	90.000000	
66.976877	77.742208	180.000000	221.940047	180.000000	90.000000	83.057516	0.000000	314.367862	0.000000	0.000000	0.000000	82.334204	0.000000	247.994882	180.000000	131.226054	180.000000	228.059953	171.417712	131.928322	270.000000	90.000000	90.000000	180.000000	202.035644	180.000000	54.517577	90.000000	0.000000	0.000000	0.000000	7.929754	0.000000	90.000000	180.000000	180.000000	180.000000	90.000000	180.000000	180.000000	180.000000	90.000000	
67.057846	77.817031	180.000000	221.940047	180.000000	90.000000	83.057516	0.000000	314.367862	0.000000	0.000000	0.000000	82.368471	0.000000	247.994882	180.000000	131.226054	180.000000	228.059953	171.468431	131.928322	270.000000	90.000000	90.000000	180.000000	202.050570	180.000000	54.696795	90.000000	0.000000	0.000000	0.000000	7.929754	0.000000	90.000000	180.000000	180.000000	180.000000	90.000000	180.000000	180.000000	180.000000	90.000000	
67.141207	76.830597	180.000000	221.940047	180.000000	90.000000	83.057516	0.000000	314.367862	0.000000	0.000000	0.000000	82.410782	0.000000	247.994882	180.000000	131.226054	180.000000	228.059953	171.525744	131.928322	270.000000	90.000000	90.000000	180.000000	202.055289	180.000000	54.880077	90.000000	0.000000	0.000000	0.000000	7.929754	0.000000	90.000000	180.000000	180.000000	180.000000	90.000000	180.000000	180.000000	180.000000	90.000000	
67.226928	76.544864	180.000000	221.940047	180.000000	90.000000	83.057516	0.000000	314.367862	0.000000	0.000000	0.000000	82.461016	0.000000	247.994882	180.000000	131.226054	180.000000	228.059953	171.589557	131.928322	270.000000	90.000000	90.000000	180.000000	202.056781	180.000000	55.067375	90.000000	0.000000	0.000000	0.000000	7.929754	0.000000	90.000000	180.000000	180.000000	180.000000	90.000000	180.000000	180.000000	180.000000	90.000000	
67.314978	76.481100	180.000000	221.940047	180.000000	90.000000	83.057516	0.000000	314.367862	0.000000	0.000000	0.000000	82.519054	0.000000	247.994882	180.000000	131.226054	180.000000	228.059953	171.659772	131.928322	270.000000	90.000000	90.000000	180.000000	202.057252	180.000000	55.258644	90.000000	0.000000	0.000000	0.000000	7.929754	0.000000	90.000000	180.000000	180.000000	180.000000	90.000000	180.000000	180.000000	180.000000	90.000000	
67.405322	76.489271	180.000000	221.940047	180.000000	90.000000	83.057516	0.000000	314.367862	0.000000	0.000000	0.000000	82.584778	0.000000	247.994882	180.000000	131.226054	180.000000	228.059953	182.017154	131.928322	270.000000	90.000000	90.000000	180.000000	202.057402	180.000000	55.453843	90.000000	0.000000	0.000000	0.000000	7.929754	0.000000	90.000000	180.000000	180.000000	180.000000	90.000000	180.000000	180.000000	180.000000	90.000000	
67.497927	76.522425	180.000000	221.940047	180.000000	90.000000	83.057516	0.000000	314.367862	0.000000	0.000000	0.000000	82.658070	0.000000	247.994882	180.000000	131.226054	180.000000	228.059953	174.921429	131.928322	270.000000	90.000000	90.000000	180.000000	202.057449	180.000000	55.652935	90.000000	0.000000	0.000000	0.000000	7.929754	0.000000	90.000000	180.000000	180.000000	180.000000	90.000000	180.000000	180.000000	180.000000	90.000000	
67.592759	76.565880	180.000000	221.940047	180.000000	90.000000	83.057516	0.000000	314.367862	0.000000	0.000000	0.000000	82.738814	0.000000	247.994882	180.000000	131.226054	180.000000	228.059953	172.735777	131.928322	270.000000	90.000000	90.000000	180.000000	202.057464	180.000000	55.855887	90.000000	0.000000	0.000000	0.000000	7.929754	0.000000	90.000000	180.000000	180.000000	180.000000	90.000000	180.000000	180.000000	180.000000	90.000000	
67.689784	76.615038	180.000000	221.940047	180.000000	90.000000	83.057516	0.000000	314.367862	0.000000	0.000000	0.000000	82.826895	0.000000	239.986253	180.000000	131.226054	180.000000	228.059953	182.267147	131.928322	270.000000	90.000000	90.000000	180.000000	202.057469	180.000000	56.062669	90.000000	0.000000	0.000000	0.000000	7.929754	0.000000	90.000000	180.000000	180.000000	180.000000	90.000000	180.000000	180.000000	180.000000	90.000000	
67.788967	76.668443	180.000000	221.940047	180.000000	90.000000	83.057516	0.000000	314.367862	0.000000	0.000000	0.000000	90.575776	0.000000	237.666725	180.000000	131.226054	180.000000	228.059953	175.041696	131.928322	270.000000	90.000000	90.000000	180.000000	202.057470	180.000000	56.273255	90.000000	0.000000	0.000000	0.000000	7.929754	0.000000	90.000000	180.000000	180.000000	180.000000	90.000000	180.000000	180.000000	180.000000	90.000000	
67.890274	76.725619	180.000000	221.940047	180.000000	90.000000	83.057516	0.000000	314.367862	0.000000	0.000000	0.000000	85.358519	0.000000	236.993179	180.000000	131.226054	180.000000	228.059953	172.835293	131.928322	270.000000	90.000000	90.000000	180.000000	202.057470	180.000000	56.487621	90.000000	0.000000	0.000000	0.000000	7.929754	0.000000	90.000000	180.000000	180.000000	180.000000	90.000000	180.000000	180.000000	180.000000	90.000000	
67.993669	76.786393	180.000000	221.940047	180.000000	90.000000	83.057516	0.000000	314.367862	0.000000	0.000000	0.000000	83.755559	0.000000	236.797538	180.000000	131.226054	180.000000	228.059953	182.230461	131.928322	270.000000	90.000000	90.000000	180.000000	202.057471	180.000000	56.705746	90.000000	0.000000	0.000000	0.000000	7.929754	0.000000	90.000000	180.000000	180.000000	180.000000	90.000000	180.000000	180.000000	180.000000	90.000000	
68.099118	76.850685	180.000000	221.940047	180.000000	90.000000	83.057516	0.000000	314.367862	0.000000	0.000000	0.000000	90.765399	0.000000	236.740706	180.000000	131.226054	180.000000	228.059953	175.115568	131.928322	270.000000	90.000000	90.000000	180.000000	202.057471	180.000000	56.927613	90.000000	0.000000	0.000000	0.000000	7.929754	0.000000	90.000000	180.000000	180.000000	180.000000	90.000000	180.000000	180.000000	180.000000	90.000000	
68.206585	76.918444	180.000000	221.940047	180.000000	90.000000	83.057516	0.000000	314.367862	0.000000	0.000000	0.000000	85.535037	0.000000	236.724195	180.000000	131.226054	180.000000	228.059953	182.886472	131.928322	270.000000	90.000000	90.000000	180.000000	202.057471	180.000000	57.153207	90.000000	0.000000	0.000000	0.000000	7.929754	0.000000	90.000000	180.000000	180.000000	180.000000	90.000000	180.000000	180.000000	180.000000	90.000000	
68.316036	76.989629	180.000000	221.940047	180.000000	90.000000	83.057516	0.000000	314.367862	0.000000	0.000000	0.000000	91.254945	0.000000	236.719398	180.000000	131.226054	180.000000	228.059953	175.350962	131.928322	270.000000	90.000000	90.000000	180.000000	202.057471	180.000000	57.382513	90.000000	0.000000	0.000000	0.000000	7.929754	0.000000	90.000000	180.000000	180.000000	180.000000	90.000000	180.000000	180.000000	180.000000	90.000000	
68.427435	77.064199	180.000000	221.940047	180.000000	90.000000	83.057516	0.000000	314.367862	0.000000	0.000000	0.000000	85.753873	0.000000	236.718004	180.000000	131.226054	180.000000	228.059953	182.900941	131.928322	270.000000	90.000000	90.000000	180.000000	202.057471	180.000000	57.615523	90.000000	0.000000	0.000000	0.000000	7.929754	0.000000	90.000000	180.000000	180.000000	180.000000	90.000000	180.000000	180.000000	180.000000	90.000000	
68.540748	77.142116	180.000000	221.940047	180.000000	90.000000	83.057516	0.000000	314.367862	0.000000	0.000000	0.000000	91.246012	0.000000	236.717599	180.000000	131.226054	180.000000	228.059953	175.404768	131.928322	270.000000	90.000000	90.000000	180.000000	202.057471	180.000000	57.852227	90.000000	0.000000	0.000000	0.000000	7.929754	0.000000	90.000000	180.000000	180.000000	180.000000	90.000000	180.000000	180.000000	180.000000	90.000000	
68.655940	73.001515	180.000000	221.940047	180.000000	90.000000	83.057516	0.000000	314.367862	0.000000	0.000000	0.000000	85.835762	0.000000	236.717482	180.000000	131.226054	180.000000	228.059953	182.868332	131.928322	270.000000	90.000000	90.000000	180.000000	202.057471	180.000000	58.092620	90.000000	0.000000	0.000000	0.000000	7.929754	0.000000	90.000000	180.000000	180.000000	180.000000	90.000000	180.000000	180.000000	180.000000	90.000000	
68.772977	71.634452	180.000000	221.940047	180.000000	90.000000	83.057516	0.000000	314.367862	0.000000	0.000000	0.000000	91.205227	0.000000	236.717447	180.000000	131.226054	180.000000	228.059953	175.463719	131.928322	270.000000	90.000000	90.000000	180.000000	202.057471	180.000000	58.336697	90.000000	0.000000	0.000000	0.000000	7.929754	0.000000	90.000000	180.000000	180.000000	180.000000	90.000000	180.000000	180.000000	180.000000	90.000000	
68.891824	71.170179	180.000000	221.940047	180.000000	90.000000	83.057516	0.000000	314.367862	0.000000	0.000000	0.000000	85.930177	0.000000	236.717437	180.000000	131.226054	180.000000	228.059953	182.848418	131.928322	270.000000	90.000000	90.000000	180.000000	202.057471	180.000000	58.584457	90.000000	0.000000	0.000000	0.000000	7.929754	0.000000	90.000000	180.000000	180.000000	180.000000	90.000000	180.000000	180.000000	180.000000	90.000000	
60.099293	71.003318	180.000000	221.940047	180.000000	90.000000	83.057516	0.000000	314.367862	0.000000	0.000000	0.000000	91.181707	0.000000	236.717435	180.000000	131.226054	180.000000	228.059953	175.546115	131.928322	270.000000	90.000000	90.000000	180.000000	202.057471	180.000000	58.835899	90.000000	0.000000	0.000000	0.000000	7.929754	0.000000	90.000000	180.000000	180.000000	180.000000	90.000000	180.000000	180.000000	180.000000	90.000000	
66.890886	70.937819	180.000000	221.940047	180.000000	90.000000	83.057516	0.000000	314.367862	0.000000	0.000000	0.000000	92.841981	0.000000	236.717434	180.000000	131.226054	180.000000	228.059953	182.847089	131.928322	270.000000	90.000000	90.000000	180.000000	202.057471	180.000000	59.091025	90.000000	0.000000	0.000000	0.000000	7.929754	0.000000	90.000000	180.000000	180.000000	180.000000	90.000000	180.000000	180.000000	180.000000	90.000000	
59.653773	70.910200	180.000000	221.940047	180.000000	90.000000	83.057516	0.000000	314.367862	0.000000	0.000000	0.000000	93.323034	0.000000	236.717434	180.000000	131.226054	180.000000	228.059953	175.653328	131.928322	270.000000	90.000000	90.000000	180.000000	202.057471	180.000000	59.349837	90.000000	0.000000	0.000000	0.000000	7.929754	0.000000	90.000000	180.000000	180.000000	180.000000	90.000000	180.000000	180.000000	180.000000	90.000000	
67.008874	70.899881	180.000000	221.940047	180.000000	90.000000	83.057516	0.000000	314.367862	0.000000	0.000000	0.000000	93.419073	0.000000	236.717433	180.000000	131.226054	180.000000	228.059953	182.864800	131.928322	270.000000	90.000000	90.000000	180.000000	202.057471	180.000000	59.612341	90.000000	0.000000	0.000000	0.000000	7.929754	0.000000	90.000000	180.000000	180.000000	180.000000	90.000000	180.000000	180.000000	180.000000	90.000000	
59.807341	70.900148	180.000000	221.940047	180.000000	90.000000	83.057516	0.000000	314.367862	0.000000	0.000000	0.000000	93.392072	0.000000	236.717433	180.000000	131.226054	180.000000	228.059953	185.123369	131.928322	270.000000	90.000000	90.000000	180.000000	202.057471	180.000000	59.878544	90.000000	0.000000	0.000000	0.000000	7.929754	0.000000	90.000000	180.000000	180.000000	180.000000	90.000000	180.000000	180.000000	180.000000	90.000000	
67.284850	70.908765	180.000000	221.940047	180.000000	90.000000	83.057516	0.000000	314.367862	0.000000	0.000000	0.000000	93.328488	0.000000	236.717433	180.000000	131.226054	180.000000	228.059953	176.482000	131.928322	270.000000	90.000000	90.000000	180.000000	202.057471	180.000000	60.148453	90.000000	0.000000	0.000000	0.000000	7.929754	0.000000	90.000000	180.000000	180.000000	180.000000	90.000000	180.000000	180.000000	180.000000	90.000000	
60.014882	70.924937	180.000000	221.940047	180.000000	90.000000	83.057516	0.000000	314.367862	0.000000	0.000000	0.000000	93.256875	0.000000	236.717433	180.000000	132.537345	180.000000	228.059953	183.068739	131.928322	270.000000	90.000000	90.000000	180.000000	202.057471	180.000000	60.422078	90.000000	0.000000	0.000000	0.000000	7.929754	0.000000	90.000000	180.000000	180.000000	180.000000	90.000000	180.000000	180.000000	180.000000	90.000000	
67.579865	70.948338	180.000000	221.940047	180.000000	90.000000	83.057516	0.000000	314.367862	0.000000	0.000000	0.000000	93.186678	0.000000	236.717433	180.000000	132.918016	180.000000	228.059953	185.136735	131.928322	270.000000	90.000000	90.000000	180.000000	202.057471	180.000000	60.699430	90.000000	0.000000	0.000000	0.000000	5.742794	0.000000	90.000000	180.000000	180.000000	180.000000	90.000000	180.000000	180.000000	180.000000	90.000000	
60.237630	70.978788	180.000000	221.940047	180.000000	90.000000	83.057516	0.000000	314.367862	0.000000	0.000000	0.000000	89.583477	0.000000	236.717433	180.000000	133.028542	180.000000	228.059953	185.753234	131.928322	270.000000	90.000000	90.000000	180.000000	202.057471	180.000000	67.710150	90.000000	0.000000	0.000000	0.000000	5.050986	0.000000	90.000000	180.000000	180.000000	180.000000	90.000000	180.000000	180.000000	180.000000	90.000000	
58.346819	71.016156	180.000000	221.940047	180.000000	90.000000	83.057516	0.000000	314.367862	0.000000	0.000000	0.000000	88.378162	0.000000	236.717433	180.000000	133.060634	180.000000	228.059953	185.904846	131.928322	270.000000	90.000000	90.000000	180.000000	202.057471	180.000000	70.077660	90.000000	0.000000	0.000000	0.000000	4.832079	0.000000	90.000000	180.000000	180.000000	180.000000	90.000000	180.000000	180.000000	180.000000	90.000000	
57.943754	71.060329	180.000000	221.940047	180.000000	90.000000	83.057516	0.000000	314.367862	0.000000	0.000000	0.000000	87.950899	0.000000	236.717433	180.000000	133.069954	180.000000	228.059953	185.909817	131.928322	270.000000	90.000000	90.000000	180.000000	202.057471	180.000000	70.919738	90.000000	0.000000	0.000000	0.000000	4.762802	0.000000	90.000000	180.000000	180.000000	180.000000	90.000000	180.000000	180.000000	180.000000	90.000000	
57.948011	71.111196	180.000000	221.940047	180.000000	90.000000	83.057516	0.000000	314.367862	0.000000	0.000000	0.000000	87.778542	0.000000	236.717433	180.000000	133.072660	180.000000	228.059953	185.870842	131.928322	270.000000	90.000000	90.000000	180.000000	202.057471	180.000000	71.262180	90.000000	0.000000	0.000000	0.000000	4.740875	0.000000	90.000000	180.000000	180.000000	180.000000	90.000000	180.000000	180.000000	180.000000	90.000000	
58.065128	71.168651	180.000000	221.940047	180.000000	90.000000	83.057516	0.000000	314.367862	0.000000	0.000000	0.000000	87.692000	0.000000	236.717433	180.000000	133.073446	180.000000	228.059953	185.821072	133.036169	270.000000	90.000000	90.000000	180.000000	202.057471	180.000000	72.275427	90.000000	0.000000	0.000000	0.000000	4.733935	0.000000	90.000000	180.000000	180.000000	180.000000	90.000000	180.000000	180.000000	180.000000	90.000000	
58.215049	71.232589	180.000000	221.940047	180.000000	90.000000	83.057516	0.000000	314.367862	0.000000	0.000000	0.000000	87.636632	0.000000	236.717433	180.000000	133.073675	180.000000	228.059953	185.771218	133.327842	270.000000	90.000000	90.000000	180.000000	202.057471	180.000000	72.630525	90.000000	0.000000	0.000000	0.000000	4.731737	0.000000	90.000000	180.000000	180.000000	180.000000	90.000000	180.000000	180.000000	180.000000	90.000000	
58.376044	71.302906	180.000000	221.940047	180.000000	90.000000	83.057516	0.000000	314.367862	0.000000	0.000000	0.000000	87.594782	0.000000	236.717433	180.000000	133.073741	180.000000	228.059953	185.724750	133.404642	270.000000	90.000000	90.000000	180.000000	202.057471	180.000000	72.774339	90.000000	0.000000	0.000000	0.000000	4.731042	0.000000	90.000000	180.000000	180.000000	180.000000	90.000000	180.000000	180.000000	180.000000	90.000000	
58.542214	71.379500	180.000000	221.940047	180.000000	90.000000	83.057516	0.000000	314.367862	0.000000	0.000000	0.000000	87.560736	0.000000	236.717433	180.000000	133.073760	180.000000	228.059953	185.682797	133.424866	270.000000	90.000000	90.000000	180.000000	202.057471	180.000000	72.852458	90.000000	0.000000	0.000000	0.000000	4.730821	0.000000	90.000000	180.000000	180.000000	180.000000	90.000000	180.000000	180.000000	180.000000	90.000000	
58.711939	71.462269	180.000000	221.940047	180.000000	90.000000	83.057516	0.000000	314.367862	0.000000	0.000000	0.000000	87.532633	0.000000	236.717433	180.000000	133.073766	180.000000	226.996759	185.645736	133.430191	270.000000	90.000000	90.000000	180.000000	202.057471	180.000000	72.912198	90.000000	0.000000	0.000000	0.000000	4.730751	0.000000	90.000000	180.000000	180.000000	180.000000	90.000000	180.000000	180.000000	180.000000	90.000000	
58.884760	71.551115	180.000000	221.940047	180.000000	90.000000	83.057516	0.000000	314.367862	0.000000	0.000000	0.000000	87.509852	0.000000	236.717433	180.000000	133.073768	180.000000	226.688104	185.613694	133.431594	270.000000	90.000000	90.000000	180.000000	202.057471	180.000000	72.968881	90.000000	0.000000	0.000000	0.000000	4.730729	0.000000	90.000000	180.000000	180.000000	180.000000	90.000000	180.000000	180.000000	180.000000	90.000000	
59.060530	71.645938	180.000000	221.940047	180.000000	90.000000	83.057516	0.000000	314.367862	0.000000	0.000000	0.000000	87.492172	0.000000	236.717433	180.000000	133.073768	180.000000	226.598488	185.586719	133.431963	270.000000	90.000000	90.000000	180.000000	202.057471	180.000000	73.027437	90.000000	0.000000	0.000000	0.000000	4.730722	0.000000	90.000000	180.000000	180.000000	180.000000	90.000000	180.000000	180.000000	180.000000	90.000000	
59.239188	71.746643	180.000000	221.940047	180.000000	90.000000	85.043603	0.000000	314.367862	0.000000	0.000000	0.000000	87.479496	0.000000	236.717433	180.000000	133.073768	180.000000	226.572466	180.296705	133.432061	270.000000	90.000000	90.000000	180.000000	202.155139	180.000000	73.089427	90.000000	0.000000	0.000000	0.000000	4.730720	0.000000	90.000000	180.000000	180.000000	180.000000	90.000000	180.000000	180.000000	180.000000	90.000000	
59.420696	71.853136	180.000000	221.940047	180.000000	90.000000	85.621643	0.000000	314.367862	0.000000	0.000000	0.000000	87.471769	0.000000	236.717433	180.000000	133.073768	180.000000	226.564910	178.635250	133.432086	270.000000	90.000000	90.000000	180.000000	202.338358	180.000000	73.155323	90.000000	0.000000	0.000000	0.000000	4.730719	0.000000	90.000000	180.000000	180.000000	180.000000	90.000000	180.000000	180.000000	180.000000	90.000000	
59.605023	71.965324	180.000000	221.940047	180.000000	90.000000	85.789921	0.000000	314.367862	0.000000	0.000000	0.000000	87.468946	0.000000	236.717433	180.000000	133.073768	180.000000	226.562716	178.108897	133.432093	270.000000	90.000000	90.000000	180.000000	202.549123	180.000000	73.225244	90.000000	0.000000	0.000000	0.000000	4.730719	0.000000	90.000000	180.000000	180.000000	180.000000	90.000000	180.000000	180.000000	180.000000	90.000000	
59.792143	72.083116	180.000000	221.940047	180.000000	90.000000	85.838916	0.000000	314.367862	0.000000	0.000000	0.000000	87.470985	0.000000	236.717433	180.000000	133.073768	180.000000	226.562078	177.918053	133.432095	270.000000	90.000000	90.000000	180.000000	202.768852	180.000000	73.299194	90.000000	0.000000	0.000000	0.000000	4.730719	0.000000	90.000000	180.000000	180.000000	180.000000	90.000000	180.000000	180.000000	180.000000	90.000000	
59.982031	72.206424	180.000000	221.940047	180.000000	90.000000	85.853182	0.000000	314.367862	0.000000	0.000000	0.000000	87.477842	0.000000	236.717433	180.000000	133.073768	180.000000	226.561893	177.684448	133.432095	270.000000	90.000000	90.000000	180.000000	202.991502	180.000000	73.377142	90.000000	0.000000	0.000000	0.000000	4.730719	0.000000	90.000000	180.000000	180.000000	180.000000	90.000000	180.000000	180.000000	180.000000	90.000000	
60.174663	72.335160	180.000000	221.940047	180.000000	90.000000	85.857336	0.000000	314.367862	0.000000	0.000000	0.000000	87.489474	0.000000	236.717433	180.000000	133.073768	180.000000	226.561839	177.442868	133.432095	270.000000	90.000000	90.000000	180.000000	203.215033	180.000000	73.459043	90.000000	0.000000	0.000000	0.000000	4.730719	0.000000	90.000000	180.000000	180.000000	180.000000	90.000000	180.000000	180.000000	180.000000	90.000000	
60.370016	72.469241	180.000000	221.940047	180.000000	90.000000	85.858546	0.000000	314.367862	0.000000	0.000000	0.000000	87.505835	0.000000	236.717433	180.000000	133.073768	180.000000	226.561824	177.204376	133.432095	270.000000	90.000000	90.000000	180.000000	203.438689	180.000000	73.544846	90.000000	0.000000	0.000000	0.000000	4.730719	0.000000	90.000000	180.000000	180.000000	180.000000	90.000000	180.000000	180.000000	180.000000	90.000000	
60.568071	72.608584	180.000000	221.940047	180.000000	90.000000	85.858899	0.000000	314.367862	0.000000	0.000000	0.000000	87.526879	0.000000	236.717433	180.000000	133.073768	180.000000	226.561819	176.972535	133.432095	270.000000	90.000000	90.000000	180.000000	203.662124	180.000000	73.634502	90.000000	0.000000	0.000000	0.000000	4.730719	0.000000	90.000000	180.000000	180.000000	180.000000	90.000000	180.000000	180.000000	180.000000	90.000000	
60.768806	72.753107	180.000000	221.940047	180.000000	90.000000	85.859002	0.000000	314.367862	0.000000	0.000000	0.000000	87.552557	0.000000	236.717433	180.000000	133.073768	180.000000	226.561818	176.748536	133.432095	270.000000	90.000000	90.000000	180.000000	203.885125	180.000000	73.727957	90.000000	0.000000	0.000000	0.000000	4.730719	0.000000	90.000000	180.000000	180.000000	180.000000	90.000000	180.000000	180.000000	180.000000	90.000000	
60.972204	72.902733	180.000000	221.940047	180.000000	90.000000	85.859031	0.000000	314.367862	0.000000	0.000000	0.000000	87.582821	0.000000	236.717433	180.000000	133.073768	180.000000	226.561818	176.532805	133.432095	270.000000	90.000000	90.000000	180.000000	204.107518	180.000000	73.825158	90.000000	0.000000	0.000000	0.000000	4.730719	0.000000	90.000000	180.000000	180.000000	180.000000	90.000000	180.000000	180.000000	180.000000	90.000000	
61.178248	84.207618	180.000000	221.940047	180.000000	90.000000	85.859040	0.000000	314.367862	0.000000	0.000000	0.000000	87.617619	0.000000	236.717433	180.000000	133.073768	180.000000	226.561817	176.325517	133.432095	270.000000	90.000000	90.000000	180.000000	204.329139	180.000000	73.926053	90.000000	0.000000	0.000000	0.000000	4.730719	0.000000	90.000000	180.000000	180.000000	180.000000	90.000000	180.000000	180.000000	180.000000	90.000000	
61.386920	76.526615	180.000000	221.940047	180.000000	90.000000	85.859043	0.000000	314.367862	0.000000	0.000000	0.000000	87.656901	0.000000	236.717433	180.000000	133.073768	180.000000	226.561817	176.126763	133.432095	270.000000	90.000000	90.000000	180.000000	204.549827	180.000000	74.030588	90.000000	0.000000	0.000000	0.000000	4.730719	0.000000	90.000000	180.000000	180.000000	180.000000	90.000000	180.000000	180.000000	180.000000	90.000000	
61.598208	74.265423	180.000000	223.003241	180.000000	90.000000	85.859043	0.000000	314.367862	0.000000	0.000000	0.000000	87.691532	0.000000	236.717433	180.000000	133.073768	180.000000	226.561817	175.936596	133.432095	270.000000	90.000000	90.000000	180.000000	204.769419	180.000000	74.138708	90.000000	0.000000	0.000000	0.000000	4.730719	0.000000	90.000000	180.000000	180.000000	180.000000	90.000000	180.000000	180.000000	180.000000	90.000000	
61.812095	84.641044	180.000000	223.311896	180.000000	90.000000	85.859044	0.000000	314.367862	0.000000	0.000000	0.000000	87.567614	0.000000	236.717433	180.000000	133.073768	180.000000	226.561817	175.755048	133.432095	270.000000	90.000000	90.000000	180.000000	204.987749	180.000000	74.250359	90.000000	0.000000	0.000000	0.000000	4.730719	0.000000	90.000000	180.000000	180.000000	180.000000	90.000000	180.000000	180.000000	180.000000	90.000000	
62.028571	76.866667	180.000000	223.401512	180.000000	90.000000	85.859044	0.000000	314.367862	0.000000	0.000000	0.000000	87.399482	0.000000	236.717433	180.000000	133.073768	180.000000	226.561817	175.582141	133.432095	270.000000	90.000000	90.000000	180.000000	205.204649	180.000000	74.365486	90.000000	0.000000	0.000000	0.000000	4.730719	0.000000	90.000000	180.000000	180.000000	180.000000	90.000000	180.000000	180.000000	180.000000	90.000000	
62.247622	85.445573	180.000000	223.427534	180.000000	90.000000	85.859044	0.000000	314.367862	0.000000	0.000000	0.000000	87.223874	0.000000	236.717433	180.000000	133.073768	180.000000	226.561817	175.417884	133.432095	270.000000	90.000000	90.000000	180.000000	205.419948	180.000000	74.484036	90.000000	0.000000	0.000000	0.000000	4.730719	0.000000	90.000000	180.000000	180.000000	180.000000	90.000000	180.000000	180.000000	180.000000	90.000000	
62.469238	77.224634	180.000000	223.435090	180.000000	90.000000	85.859044	0.000000	314.367862	0.000000	0.000000	0.000000	87.052615	0.000000	236.717433	180.000000	133.073768	180.000000	226.561817	175.262277	133.432095	270.000000	90.000000	90.000000	180.000000	205.633475	180.000000	74.605954	90.000000	0.000000	0.000000	0.000000	4.730719	0.000000	90.000000	180.000000	180.000000	180.000000	90.000000	180.000000	180.000000	180.000000	90.000000	
72.472093	85.540343	180.000000	223.437284	180.000000	90.000000	85.859044	0.000000	314.367862	0.000000	0.000000	0.000000	86.889512	0.000000	236.717433	180.000000	133.073768	180.000000	226.561817	175.115309	133.432095	270.000000	90.000000	90.000000	180.000000	205.845056	180.000000	74.731185	90.000000	0.000000	0.000000	0.000000	4.730719	15.656996	90.000000	180.000000	180.000000	180.000000	90.000000	180.000000	180.000000	180.000000	90.000000	
65.372642	77.382093	180.000000	223.437922	180.000000	90.000000	85.859044	0.000000	314.367862	0.000000	0.000000	0.000000	86.735785	0.000000	236.717433	180.000000	133.073768	180.000000	226.561817	174.976962	133.432095	270.000000	90.000000	90.000000	180.000000	206.054513	180.000000	74.859675	90.000000	0.000000	0.000000	0.000000	4.730719	20.160658	90.000000	180.000000	180.000000	180.000000	90.000000	180.000000	180.000000	180.000000	90.000000	
73.424222	85.581264	180.000000	223.438107	180.000000	90.000000	85.859044	0.000000	314.367862	0.000000	0.000000	0.000000	86.591813	0.000000	236.717433	180.000000	133.073768	180.000000	226.561817	174.847208	133.432095	270.000000	90.000000	90.000000	180.000000	206.261670	180.000000	74.991371	90.000000	0.000000	0.000000	0.000000	4.730719	21.468850	90.000000	180.000000	180.000000	180.000000	90.000000	180.000000	180.000000	180.000000	90.000000	
65.889348	77.540423	180.000000	223.438161	180.000000	90.000000	85.859044	0.000000	314.367862	0.000000	0.000000	0.000000	86.457695	0.000000	236.717433	180.000000	133.073768	180.000000	226.561817	174.726013	133.432095	270.000000	90.000000	90.000000	180.000000	206.466349	180.000000	75.126218	90.000000	0.000000	0.000000	0.000000	4.730719	21.849179	90.000000	180.000000	180.000000	180.000000	90.000000	180.000000	180.000000	180.000000	90.000000	
73.686049	85.633139	180.000000	223.438176	180.000000	90.000000	85.859044	0.000000	314.367862	0.000000	0.000000	0.000000	86.333431	0.000000	236.717433	180.000000	133.073768	180.000000	226.561817	174.613333	133.432095	270.000000	90.000000	90.000000	180.000000	206.668371	180.000000	75.264164	90.000000	0.000000	0.000000	0.000000	4.730719	21.959769	90.000000	180.000000	180.000000	180.000000	90.000000	180.000000	180.000000	180.000000	90.000000	
66.237510	77.719035	180.000000	223.438181	180.000000	90.000000	85.859044	0.000000	314.367862	0.000000	0.000000	0.000000	86.218988	0.000000	236.717433	180.000000	133.073768	180.000000	226.561817	174.509120	133.432095	270.000000	90.000000	90.000000	180.000000	206.867558	180.000000	75.405155	90.000000	0.000000	0.000000	0.000000	4.730719	21.991929	90.000000	180.000000	180.000000	180.000000	90.000000	180.000000	180.000000	180.000000	90.000000	
73.906539	85.702210	180.000000	223.438182	180.000000	90.000000	85.859044	0.000000	314.367862	0.000000	0.000000	0.000000	86.114310	0.000000	236.717433	180.000000	133.073768	180.000000	226.561817	174.413320	133.432095	270.000000	90.000000	90.000000	180.000000	207.063728	180.000000	75.549140	90.000000	0.000000	0.000000	0.000000	4.730719	22.001282	90.000000	180.000000	180.000000	180.000000	90.000000	180.000000	180.000000	180.000000	90.000000	
66.583753	77.919386	180.000000	223.438182	180.000000	90.000000	85.859044	0.000000	314.587020	0.000000	0.000000	0.000000	86.019333	0.000000	236.717433	180.000000	133.073768	180.000000	226.561817	174.325870	133.432095	270.000000	90.000000	90.000000	180.000000	207.256704	180.000000	75.696065	90.000000	0.000000	0.000000	0.000000	4.730719	22.004002	90.000000	180.000000	180.000000	180.000000	90.000000	180.000000	180.000000	180.000000	90.000000	
74.134400	85.788927	180.000000	223.438183	180.000000	90.000000	85.859044	0.000000	314.650645	0.000000	0.000000	0.000000	85.933984	0.000000	236.717433	180.000000	133.073768	180.000000	226.561817	174.246705	133.432095	270.000000	90.000000	90.000000	180.000000	207.446307	180.000000	75.845881	90.000000	0.000000	0.000000	0.000000	4.730719	22.004794	90.000000	180.000000	180.000000	180.000000	90.000000	180.000000	180.000000	180.000000	90.000000	
76.356916	78.141182	180.000000	223.438183	180.000000	90.000000	85.859044	0.000000	314.669117	0.000000	0.000000	0.000000	85.858181	0.000000	236.717433	180.000000	133.073768	180.000000	226.561817	174.175755	133.432095	270.000000	90.000000	90.000000	180.000000	207.632360	180.000000	69.643836	90.000000	0.000000	0.000000	0.000000	4.730719	22.005024	90.000000	180.000000	180.000000	180.000000	90.000000	180.000000	180.000000	180.000000	90.000000	
77.027480	85.893164	180.000000	223.438183	180.000000	90.000000	85.859044	0.000000	314.674480	0.000000	0.000000	0.000000	85.791837	0.000000	236.717433	180.000000	133.073768	180.000000	226.561817	174.112944	133.432095	270.000000	90.000000	90.000000	180.000000	207.814684	180.000000	67.724825	90.000000	0.000000	0.000000	0.000000	4.730719	22.005091	90.000000	180.000000	180.000000	180.000000	90.000000	180.000000	180.000000	180.000000	90.000000	
77.246767	88.353472	180.000000	223.438183	180.000000	90.000000	85.859044	0.000000	314.676038	0.000000	0.000000	0.000000	85.734861	0.000000	236.717433	180.000000	133.073768	180.000000	226.561817	174.058193	133.432095	270.000000	90.000000	90.000000	180.000000	207.993107	180.000000	67.193232	90.000000	0.000000	0.000000	0.000000	4.730719	22.005110	90.000000	180.000000	180.000000	180.000000	90.000000	180.000000	180.000000	180.000000	90.000000	
77.336744	79.169246	180.000000	223.438183	180.000000	90.000000	85.859044	0.000000	314.676490	0.000000	0.000000	0.000000	85.687155	0.000000	236.717433	180.000000	133.073768	180.000000	226.561817	174.011421	133.432095	270.000000	90.000000	90.000000	180.000000	208.167452	180.000000	67.113579	90.000000	0.000000	0.000000	0.000000	4.730719	22.005116	90.000000	180.000000	180.000000	180.000000	90.000000	180.000000	180.000000	180.000000	90.000000	
77.365220	86.233666	180.000000	223.438183	180.000000	90.000000	85.859044	0.000000	314.676621	0.000000	0.000000	0.000000	85.648616	0.000000	236.717433	180.000000	133.073768	180.000000	226.561817	173.972541	133.432095	270.000000	90.000000	90.000000	180.000000	208.337551	180.000000	67.183615	90.000000	0.000000	0.000000	0.000000	4.730719	22.005118	90.000000	180.000000	180.000000	180.000000	90.000000	180.000000	180.000000	180.000000	90.000000	
77.244434	88.479986	180.000000	223.438183	180.000000	90.000000	85.859044	0.000000	314.676659	0.000000	0.000000	0.000000	85.619139	0.000000	236.717433	180.000000	133.073768	180.000000	226.561817	173.941467	133.432095	270.000000	90.000000	90.000000	180.000000	208.503231	180.000000	67.305829	90.000000	0.000000	0.000000	0.000000	4.730719	22.005118	90.000000	180.000000	180.000000	180.000000	90.000000	180.000000	180.000000	180.000000	90.000000	
77.431615	89.176389	180.000000	223.438183	180.000000	90.000000	85.859044	0.000000	314.676671	0.000000	0.000000	0.000000	85.598616	0.000000	236.717433	180.000000	133.073768	180.000000	226.561817	173.918107	133.432095	270.000000	90.000000	90.000000	180.000000	208.664328	180.000000	67.448777	90.000000	0.000000	0.000000	0.000000	4.730719	22.005118	90.000000	180.000000	180.000000	180.000000	90.000000	180.000000	180.000000	180.000000	90.000000	
77.522109	89.375458	180.000000	223.438183	180.000000	90.000000	85.859044	0.000000	314.676674	0.000000	0.000000	0.000000	85.586935	0.000000	236.717433	180.000000	133.073768	180.000000	226.561817	173.902371	133.432095	270.000000	90.000000	90.000000	180.000000	208.820676	180.000000	67.602292	90.000000	0.000000	0.000000	0.000000	4.730719	22.005118	90.000000	180.000000	180.000000	180.000000	90.000000	180.000000	180.000000	180.000000	90.000000	
77.587033	89.417258	180.000000	223.438183	180.000000	90.000000	85.859044	0.000000	314.676675	0.000000	0.000000	0.000000	85.583982	0.000000	236.717433	180.000000	133.073768	180.000000	226.561817	173.894164	133.432095	270.000000	90.000000	90.000000	180.000000	208.972115	180.000000	67.763051	90.000000	0.000000	0.000000	0.000000	4.730719	22.005118	90.000000	180.000000	180.000000	180.000000	90.000000	180.000000	180.000000	180.000000	90.000000	
77.647040	89.411655	180.000000	223.438183	180.000000	90.000000	85.859044	0.000000	314.676675	0.000000	0.000000	0.000000	85.589642	0.000000	236.717433	180.000000	133.073768	180.000000	226.561817	173.893392	133.432095	270.000000	90.000000	90.000000	180.000000	209.118486	180.000000	67.929927	90.000000	0.000000	0.000000	0.000000	4.730719	22.005118	90.000000	180.000000	180.000000	180.000000	90.000000	180.000000	180.000000	180.000000	90.000000	
77.708114	89.394135	180.000000	223.438183	180.000000	90.000000	85.859044	0.000000	314.676675	0.000000	0.000000	0.000000	85.603797	0.000000	236.717433	180.000000	133.073768	180.000000	226.561817	173.899959	133.432095	270.000000	90.000000	90.000000	180.000000	202.910618	180.000000	68.102499	90.000000	0.000000	0.000000	0.000000	4.730719	22.005118	90.000000	180.000000	180.000000	180.000000	90.000000	180.000000	180.000000	180.000000	90.000000	
76.872359	89.376158	180.000000	223.438183	180.000000	90.000000	85.859044	0.000000	314.676675	0.000000	0.000000	0.000000	85.626331	0.000000	236.717433	180.000000	133.073768	180.000000	226.561817	173.913767	133.432095	270.000000	90.000000	90.000000	180.000000	200.807369	180.000000	68.280575	90.000000	0.000000	0.000000	0.000000	4.730719	22.005118	90.000000	180.000000	180.000000	180.000000	90.000000	180.000000	180.000000	180.000000	90.000000	
76.651806	89.361424	180.000000	223.438183	180.000000	90.000000	85.859044	0.000000	314.676675	0.000000	0.000000	0.000000	85.657124	0.000000	236.717433	180.000000	133.073768	180.000000	226.561817	173.934721	133.432095	270.000000	90.000000	90.000000	180.000000	200.168951	180.000000	68.464035	90.000000	0.000000	0.000000	0.000000	4.730719	22.005118	90.000000	180.000000	180.000000	180.000000	90.000000	180.000000	180.000000	180.000000	90.000000	
76.608169	89.351127	180.000000	223.438183	180.000000	90.000000	85.859044	0.000000	314.676675	0.000000	0.000000	0.000000	85.696057	0.000000	236.717433	180.000000	133.073768	180.000000	226.561817	173.962722	133.432095	270.000000	90.000000	90.000000	180.000000	200.053523	180.000000	68.652789	90.000000	0.000000	0.000000	0.000000	4.730719	22.005118	90.000000	180.000000	180.000000	180.000000	90.000000	180.000000	180.000000	180.000000	90.000000	
76.616825	89.345653	180.000000	223.438183	180.000000	90.000000	85.859044	0.000000	314.676675	0.000000	0.000000	0.000000	85.743011	0.000000	236.717433	180.000000	133.073768	180.000000	226.561817	173.997674	133.432095	270.000000	90.000000	90.000000	180.000000	200.124001	180.000000	68.846753	90.000000	0.000000	0.000000	0.000000	4.730719	22.005118	90.000000	180.000000	180.000000	180.000000	90.000000	180.000000	180.000000	180.000000	90.000000	
76.642386	89.345125	180.000000	223.438183	180.000000	90.000000	85.859044	0.000000	314.676675	0.000000	0.000000	0.000000	85.797868	0.000000	236.717433	180.000000	133.073768	180.000000	226.561817	174.039479	133.432095	270.000000	90.000000	90.000000	180.000000	200.259492	180.000000	69.045852	90.000000	0.000000	0.000000	0.000000	4.730719	22.005118	90.000000	180.000000	180.000000	180.000000	90.000000	180.000000	180.000000	180.000000	90.000000	
76.674809	89.349579	180.000000	223.438183	180.000000	90.000000	85.859044	0.000000	314.676675	0.000000	0.000000	0.000000	85.860509	0.000000	236.717433	180.000000	133.073768	180.000000	226.561817	174.088040	133.432095	270.000000	90.000000	90.000000	180.000000	200.416512	180.000000	69.250012	90.000000	0.000000	0.000000	0.000000	4.730719	22.005118	90.000000	180.000000	180.000000	180.000000	90.000000	180.000000	180.000000	180.000000	90.000000	
76.711234	85.663538	180.000000	223.438183	180.000000	90.000000	85.859044	0.000000	314.676675	0.000000	0.000000	0.000000	92.963177	0.000000	236.717433	180.000000	133.073768	180.000000	226.561817	174.143260	133.432095	270.000000	90.000000	90.000000	180.000000	200.579341	180.000000	69.459162	90.000000	0.000000	0.000000	0.000000	4.730719	22.005118	90.000000	180.000000	180.000000	180.000000	90.000000	180.000000	180.000000	180.000000	90.000000	
76.750839	84.510010	180.000000	223.438183	180.000000	90.000000	85.859044	0.000000	314.676675	0.000000	0.000000	0.000000	88.157500	0.000000	236.717433	180.000000	133.073768	180.000000	226.561817	183.958601	133.432095	270.000000	90.000000	90.000000	180.000000	200.742231	180.000000	79.647497	90.000000	0.000000	0.000000	0.000000	4.730719	22.005118	90.000000	180.000000	180.000000	180.000000	90.000000	180.000000	180.000000	180.000000	90.000000	
76.793373	84.150912	180.000000	223.438183	180.000000	90.000000	85.859044	0.000000	314.676675	0.000000	0.000000	0.000000	86.663219	0.000000	236.717433	180.000000	133.073768	180.000000	226.561817	177.217239	133.432095	270.000000	90.000000	90.000000	180.000000	200.903028	180.000000	72.895363	90.000000	0.000000	0.000000	0.000000	4.730719	22.005118	90.000000	180.000000	180.000000	180.000000	90.000000	180.000000	180.000000	180.000000	90.000000	
76.838749	83.873814	180.000000	223.438183	180.000000	90.000000	85.859044	0.000000	314.676675	0.000000	0.000000	0.000000	93.083409	0.000000	236.717433	180.000000	133.073768	180.000000	226.561817	175.129480	133.432095	270.000000	90.000000	90.000000	180.000000	201.060870	180.000000	70.937358	90.000000	0.000000	0.000000	0.000000	4.730719	22.005118	90.000000	180.000000	180.000000	180.000000	90.000000	180.000000	180.000000	180.000000	90.000000	
76.886924	83.623845	180.000000	223.438183	180.000000	90.000000	85.859044	0.000000	314.676675	0.000000	0.000000	0.000000	88.269041	0.000000	236.717433	180.000000	133.073768	180.000000	226.561817	184.164789	133.432095	270.000000	90.000000	90.000000	180.000000	201.215364	180.000000	80.210374	90.000000	0.000000	0.000000	0.000000	4.730719	22.005118	90.000000	180.000000	180.000000	180.000000	90.000000	180.000000	180.000000	180.000000	90.000000	
76.937867	83.388137	180.000000	223.438183	180.000000	90.000000	85.859044	0.000000	314.676675	0.000000	0.000000	0.000000	93.498831	0.000000	236.717433	180.000000	133.073768	180.000000	226.561817	177.298667	133.432095	270.000000	90.000000	90.000000	180.000000	201.366290	180.000000	73.419872	90.000000	0.000000	0.000000	0.000000	4.730719	22.005118	90.000000	180.000000	180.000000	180.000000	90.000000	180.000000	180.000000	180.000000	90.000000	
76.991552	83.162677	180.000000	223.438183	180.000000	90.000000	85.859044	0.000000	314.676675	0.000000	0.000000	0.000000	88.438918	0.000000	236.717433	180.000000	133.073768	180.000000	226.561817	184.759122	133.432095	270.000000	90.000000	90.000000	180.000000	201.513491	180.000000	81.060981	90.000000	0.000000	0.000000	0.000000	4.730719	22.005118	90.000000	180.000000	180.000000	180.000000	90.000000	180.000000	180.000000	180.000000	90.000000	
77.047953	82.946247	180.000000	223.438183	180.000000	90.000000	85.859044	0.000000	314.676675	0.000000	0.000000	0.000000	93.458034	0.000000	236.717433	180.000000	133.073768	180.000000	226.561817	177.470993	133.432095	270.000000	90.000000	90.000000	180.000000	201.656834	180.000000	73.896683	90.000000	0.000000	0.000000	0.000000	4.730719	22.005118	90.000000	180.000000	180.000000	180.000000	90.000000	180.000000	180.000000	180.000000	90.000000	
77.107043	82.738504	180.000000	223.438183	180.000000	90.000000	85.859044	0.000000	314.676675	0.000000	0.000000	0.000000	88.485564	0.000000	236.717433	180.000000	133.073768	180.000000	226.561817	184.729954	133.432095	270.000000	90.000000	90.000000	180.000000	201.796197	180.000000	81.252426	90.000000	0.000000	0.000000	0.000000	4.730719	22.005118	90.000000	180.000000	180.000000	180.000000	90.000000	180.000000	180.000000	180.000000	90.000000	
77.168795	82.539375	180.000000	223.438183	180.000000	90.000000	85.859044	0.000000	314.676675	0.000000	0.000000	0.000000	93.390172	0.000000	236.717433	180.000000	133.073768	180.000000	226.561817	177.467525	133.432095	270.000000	90.000000	90.000000	180.000000	201.931466	180.000000	74.185153	90.000000	0.000000	0.000000	0.000000	4.730719	22.005118	90.000000	180.000000	180.000000	180.000000	90.000000	180.000000	180.000000	180.000000	90.000000	
77.233183	82.348866	180.000000	223.438183	180.000000	90.000000	85.859044	0.000000	314.676675	0.000000	0.000000	0.000000	88.547171	0.000000	236.717433	180.000000	133.073768	180.000000	226.561817	184.655835	133.432095	270.000000	90.000000	90.000000	180.000000	202.062528	180.000000	81.392715	90.000000	0.000000	0.000000	0.000000	4.730719	22.005118	90.000000	180.000000	180.000000	180.000000	90.000000	180.000000	180.000000	180.000000	90.000000	
77.300180	82.166996	180.000000	223.438183	180.000000	90.000000	85.859044	0.000000	314.676675	0.000000	0.000000	0.000000	93.340562	0.000000	236.717433	180.000000	133.073768	180.000000	226.561817	177.470962	133.432095	270.000000	90.000000	90.000000	180.000000	202.189278	180.000000	74.474295	90.000000	0.000000	0.000000	0.000000	4.730719	22.005118	90.000000	180.000000	180.000000	180.000000	90.000000	180.000000	180.000000	180.000000	90.000000	
77.369759	81.993786	180.000000	223.438183	180.000000	90.000000	85.859044	0.000000	314.676675	0.000000	0.000000	0.000000	94.842525	0.000000	236.717433	180.000000	133.073768	180.000000	226.561817	184.595053	133.432095	270.000000	90.000000	90.000000	180.000000	202.311610	180.000000	81.545083	90.000000	0.000000	0.000000	0.000000	3.420132	22.005118	90.000000	180.000000	180.000000	180.000000	90.000000	180.000000	180.000000	180.000000	90.000000	
77.441891	81.829246	180.000000	223.438183	180.000000	90.000000	85.859044	0.000000	314.676675	0.000000	0.000000	0.000000	95.266268	0.000000	236.717433	180.000000	133.073768	180.000000	226.561817	177.499248	133.432095	270.000000	90.000000	90.000000	180.000000	202.429426	180.000000	83.884857	90.000000	0.000000	0.000000	0.000000	3.005474	22.005118	90.000000	180.000000	180.000000	180.000000	90.000000	180.000000	180.000000	180.000000	90.000000	
77.516551	81.673377	180.000000	223.438183	180.000000	90.000000	85.859044	0.000000	314.676675	0.000000	0.000000	0.000000	95.339100	0.000000	236.717433	180.000000	133.073768	180.000000	226.561817	184.553400	133.432095	270.000000	90.000000	90.000000	180.000000	202.542630	180.000000	75.580068	90.000000	0.000000	0.000000	0.000000	2.874257	22.005118	90.000000	180.000000	180.000000	180.000000	90.000000	180.000000	180.000000	180.000000	90.000000	
73.444255	81.526173	180.000000	223.438183	180.000000	90.000000	85.859044	0.000000	314.676675	0.000000	0.000000	0.000000	95.300405	0.000000	236.717433	180.000000	133.073768	180.000000	226.561817	177.553730	133.432095	270.000000	90.000000	90.000000	180.000000	202.651128	180.000000	81.963078	90.000000	0.000000	0.000000	0.000000	2.832728	22.005118	90.000000	180.000000	180.000000	180.000000	90.000000	180.000000	180.000000	180.000000	90.000000	
72.237311	81.387615	180.000000	223.438183	180.000000	90.000000	85.859044	0.000000	314.676675	0.000000	0.000000	0.000000	95.229024	0.000000	236.717433	180.000000	133.073768	180.000000	226.561817	184.531349	133.432095	270.000000	90.000000	90.000000	180.000000	202.754833	180.000000	84.079865	90.000000	0.000000	0.000000	0.000000	2.819584	22.005118	90.000000	180.000000	180.000000	180.000000	90.000000	180.000000	180.000000	180.000000	90.000000	
71.868408	81.257679	180.000000	223.438183	180.000000	90.000000	85.859044	0.000000	314.676675	0.000000	0.000000	0.000000	95.150946	0.000000	236.717433	180.000000	133.073768	180.000000	226.561817	177.634080	133.432095	270.000000	90.000000	90.000000	180.000000	202.853661	180.000000	84.774139	90.000000	0.000000	0.000000	0.000000	2.815422	22.005118	90.000000	180.000000	180.000000	180.000000	90.000000	180.000000	180.000000	180.000000	90.000000	
71.747610	81.136329	180.000000	223.438183	180.000000	90.000000	85.859044	0.000000	314.676675	0.000000	0.000000	0.000000	91.116287	0.000000	236.717433	180.000000	133.073768	180.000000	226.561817	184.528821	133.432095	270.000000	90.000000	90.000000	180.000000	202.947531	180.000000	84.995970	90.000000	0.000000	0.000000	0.000000	2.814105	22.005118	90.000000	180.000000	180.000000	180.000000	90.000000	180.000000	180.000000	180.000000	90.000000	
71.703125	81.023526	180.000000	223.438183	180.000000	90.000000	85.859044	0.000000	314.676675	0.000000	0.000000	0.000000	89.770257	0.000000	236.717433	180.000000	133.073768	180.000000	226.561817	186.677965	133.432095	270.000000	90.000000	90.000000	180.000000	203.036367	180.000000	85.063510	90.000000	0.000000	0.000000	0.000000	2.813688	22.005118	90.000000	180.000000	180.000000	180.000000	90.000000	180.000000	180.000000	180.000000	90.000000	
71.684929	80.919220	180.000000	223.438183	180.000000	90.000000	85.859044	0.000000	314.676675	0.000000	0.000000	0.000000	89.294293	0.000000	236.717433	180.000000	133.073768	180.000000	226.561817	178.397286	133.432095	270.000000	90.000000	90.000000	180.000000	203.120098	180.000000	85.083263	90.000000	0.000000	0.000000	0.000000	2.813556	22.005118	90.000000	180.000000	180.000000	180.000000	90.000000	180.000000	180.000000	180.000000	90.000000	
71.678436	80.823357	180.000000	223.438183	180.000000	90.000000	85.859044	0.000000	314.676675	0.000000	0.000000	0.000000	89.102460	0.000000	236.717433	180.000000	133.073768	180.000000	226.561817	184.696104	133.432095	270.000000	90.000000	90.000000	180.000000	203.198654	180.000000	85.090857	90.000000	0.000000	0.000000	0.000000	2.813514	22.005118	90.000000	180.000000	180.000000	180.000000	90.000000	180.000000	180.000000	180.000000	90.000000	
71.679363	80.735875	180.000000	223.438183	180.000000	90.000000	85.859044	0.000000	314.676675	0.000000	0.000000	0.000000	89.005741	0.000000	236.717433	180.000000	133.073768	180.000000	226.561817	186.664725	133.432095	270.000000	90.000000	90.000000	180.000000	203.271974	180.000000	85.098197	90.000000	0.000000	0.000000	0.000000	2.813501	22.005118	90.000000	180.000000	180.000000	180.000000	90.000000	180.000000	180.000000	180.000000	90.000000	
71.686416	80.656708	180.000000	223.438183	180.000000	90.000000	85.859044	0.000000	314.676675	0.000000	0.000000	0.000000	88.943170	0.000000	236.717433	180.000000	133.073768	180.000000	226.561817	187.244597	133.432095	270.000000	90.000000	90.000000	180.000000	203.339996	180.000000	85.109256	90.000000	0.000000	0.000000	0.000000	2.813496	22.005118	90.000000	180.000000	180.000000	180.000000	90.000000	180.000000	180.000000	180.000000	90.000000	
71.699170	80.585786	180.000000	223.438183	180.000000	90.000000	85.859044	0.000000	314.676675	0.000000	0.000000	0.000000	88.895081	0.000000	236.717433	180.000000	133.073768	180.000000	226.561817	187.380542	133.432095	270.000000	90.000000	90.000000	180.000000	203.402666	180.000000	85.125353	90.000000	0.000000	0.000000	0.000000	2.813495	22.005118	90.000000	180.000000	180.000000	180.000000	90.000000	180.000000	180.000000	180.000000	90.000000	
71.717451	80.523031	180.000000	223.438183	180.000000	90.000000	85.859044	0.000000	314.676675	0.000000	0.000000	0.000000	88.855123	0.000000	236.717433	180.000000	133.073768	180.000000	226.561817	187.376841	133.432095	270.000000	90.000000	90.000000	180.000000	203.459933	180.000000	82.803264	90.000000	0.000000	0.000000	0.000000	2.813495	22.005118	90.000000	180.000000	180.000000	180.000000	90.000000	180.000000	180.000000	180.000000	90.000000	
71.741158	80.468365	180.000000	223.438183	180.000000	90.000000	85.859044	0.000000	314.676675	0.000000	0.000000	0.000000	88.821233	0.000000	236.717433	180.000000	133.073768	180.000000	226.561817	187.331528	133.432095	270.000000	90.000000	90.000000	180.000000	203.511748	180.000000	82.046361	90.000000	0.000000	0.000000	0.000000	2.813495	22.005118	90.000000	180.000000	180.000000	180.000000	90.000000	180.000000	180.000000	180.000000	90.000000	
71.770212	80.421704	180.000000	223.438183	180.000000	90.000000	85.859044	0.000000	314.676675	0.000000	0.000000	0.000000	88.792728	0.000000	232.651352	180.000000	133.073768	180.000000	226.561817	187.276206	133.432095	270.000000	90.000000	90.000000	180.000000	203.558069	180.000000	81.802104	90.000000	0.000000	0.000000	0.000000	2.813495	22.005118	90.000000	180.000000	180.000000	180.000000	90.000000	180.000000	180.000000	180.000000	90.000000	
71.804539	80.382962	180.000000	223.438183	180.000000	90.000000	85.859044	0.000000	314.676675	0.000000	0.000000	0.000000	88.769366	0.000000	231.471642	180.000000	133.073768	180.000000	226.561817	187.221076	133.432095	270.000000	90.000000	90.000000	180.000000	203.598857	180.000000	81.727690	90.000000	0.000000	0.000000	0.000000	2.813495	22.005118	90.000000	180.000000	180.000000	163.732496	90.000000	180.000000	180.000000	180.000000	90.000000	
71.844067	80.352048	180.000000	223.438183	180.000000	90.000000	85.859044	0.000000	314.676675	0.000000	0.000000	0.000000	88.751046	0.000000	231.129121	180.000000	133.073768	180.000000	226.561817	187.169439	133.432095	270.000000	90.000000	90.000000	180.000000	203.634077	180.000000	81.711556	90.000000	0.000000	0.000000	0.000000	2.813495	22.005118	90.000000	180.000000	180.000000	159.494727	90.000000	180.000000	180.000000	180.000000	90.000000	
71.888726	80.328873	180.000000	223.438183	180.000000	90.000000	85.859044	0.000000	314.676675	0.000000	0.000000	0.000000	88.737711	0.000000	231.029659	180.000000	133.073768	180.000000	226.561817	187.122373	133.432095	270.000000	90.000000	90.000000	180.000000	203.663696	180.000000	81.717428	90.000000	0.000000	0.000000	0.000000	2.813495	22.005118	90.000000	180.000000	180.000000	158.378353	90.000000	180.000000	180.000000	180.000000	90.000000	
71.938444	80.313341	180.000000	223.438183	180.000000	90.000000	85.859044	0.000000	314.676675	0.000000	0.000000	0.000000	88.729318	0.000000	231.000775	180.000000	133.073768	180.000000	226.561817	187.080234	133.432095	270.000000	90.000000	90.000000	180.000000	203.687688	180.000000	81.733508	90.000000	0.000000	0.000000	0.000000	2.813495	22.005118	90.000000	180.000000	180.000000	158.084020	90.000000	180.000000	180.000000	180.000000	90.000000	
71.993154	80.305358	180.000000	223.438183	180.000000	90.000000	87.045948	0.000000	314.676675	0.000000	0.000000	0.000000	88.725824	0.000000	230.992386	180.000000	133.073768	180.000000	226.561817	187.043150	133.432095	270.000000	90.000000	90.000000	180.000000	203.706029	180.000000	81.755947	90.000000	0.000000	0.000000	0.000000	2.813495	22.005118	90.000000	180.000000	180.000000	158.006409	90.000000	180.000000	180.000000	180.000000	90.000000	
72.052785	80.304826	180.000000	223.438183	180.000000	90.000000	87.391431	0.000000	314.676675	0.000000	0.000000	0.000000	88.727187	0.000000	230.989950	180.000000	133.073768	180.000000	226.561817	181.432339	133.432095	270.000000	90.000000	90.000000	180.000000	203.718698	180.000000	81.442235	90.000000	0.000000	0.000000	0.000000	2.813495	22.005118	90.000000	180.000000	180.000000	157.985942	90.000000	180.000000	180.000000	180.000000	90.000000	
72.117270	80.311650	180.000000	223.438183	180.000000	90.000000	87.492010	0.000000	314.676675	0.000000	0.000000	0.000000	88.733364	0.000000	230.989242	180.000000	133.073768	180.000000	226.561817	179.668372	133.432095	270.000000	90.000000	90.000000	180.000000	203.725679	180.000000	81.192760	90.000000	0.000000	0.000000	0.000000	2.813495	22.005118	90.000000	180.000000	180.000000	157.980545	90.000000	180.000000	180.000000	180.000000	90.000000	
72.186541	80.325729	180.000000	223.438183	180.000000	90.000000	87.521294	0.000000	314.676675	0.000000	0.000000	0.000000	88.744310	0.000000	230.989036	180.000000	133.073768	180.000000	226.561817	179.106514	133.432095	270.000000	90.000000	90.000000	180.000000	203.726959	180.000000	80.970906	90.000000	0.000000	0.000000	0.000000	2.813495	22.005118	90.000000	180.000000	180.000000	157.979121	90.000000	180.000000	180.000000	180.000000	90.000000	
72.260532	80.346965	180.000000	223.438183	180.000000	90.000000	87.529822	0.000000	314.676675	0.000000	0.000000	0.000000	88.759980	0.000000	230.988977	180.000000	133.073768	180.000000	226.561817	178.922578	133.432095	270.000000	90.000000	90.000000	180.000000	203.722529	180.000000	80.764701	90.000000	0.000000	0.000000	0.000000	2.813495	22.005118	90.000000	180.000000	180.000000	157.978746	90.000000	180.000000	180.000000	180.000000	90.000000	
72.339178	80.375259	180.000000	223.438183	180.000000	90.000000	87.532305	0.000000	314.676675	0.000000	0.000000	0.000000	88.780326	0.000000	230.988959	180.000000	133.073768	180.000000	226.561817	178.859262	133.432095	270.000000	90.000000	90.000000	180.000000	203.712381	180.000000	80.570245	90.000000	0.000000	0.000000	0.000000	2.813495	22.005118	90.000000	180.000000	180.000000	157.978647	90.000000	180.000000	180.000000	180.000000	90.000000	
72.422413	80.410512	180.000000	223.438183	180.000000	90.000000	87.533028	0.000000	314.676675	0.000000	0.000000	0.000000	88.805298	0.000000	230.988954	180.000000	133.073768	180.000000	226.561817	178.682714	133.432095	270.000000	90.000000	90.000000	180.000000	203.696512	180.000000	80.386271	90.000000	0.000000	0.000000	0.000000	2.813495	22.005118	90.000000	180.000000	180.000000	157.978621	90.000000	180.000000	180.000000	180.000000	90.000000	
72.510173	80.452624	180.000000	223.438183	180.000000	90.000000	87.533239	0.000000	314.676675	0.000000	0.000000	0.000000	88.834848	0.000000	230.988953	180.000000	133.073768	180.000000	226.561817	178.458019	133.432095	270.000000	90.000000	90.000000	180.000000	203.674924	180.000000	80.212373	90.000000	0.000000	0.000000	0.000000	2.813495	22.005118	90.000000	180.000000	180.000000	157.978614	90.000000	180.000000	180.000000	180.000000	90.000000	
72.602398	80.501497	180.000000	223.438183	180.000000	90.000000	87.533300	0.000000	314.676675	0.000000	0.000000	0.000000	88.868925	0.000000	230.988952	180.000000	133.073768	180.000000	226.561817	178.223720	133.432095	270.000000	90.000000	90.000000	180.000000	203.647617	180.000000	80.048417	90.000000	0.000000	0.000000	0.000000	2.813495	22.005118	90.000000	180.000000	180.000000	157.978612	90.000000	180.000000	180.000000	180.000000	90.000000	
72.699023	80.557033	180.000000	223.438183	180.000000	90.000000	87.533318	0.000000	314.676675	0.000000	0.000000	0.000000	88.907476	0.000000	230.988952	180.000000	133.073768	180.000000	226.561817	177.992053	133.432095	270.000000	90.000000	90.000000	180.000000	203.614600	180.000000	79.894349	90.000000	0.000000	0.000000	0.000000	2.813495	22.005118	90.000000	180.000000	180.000000	157.978612	90.000000	180.000000	180.000000	180.000000	90.000000	
72.799990	80.619134	180.000000	223.438183	180.000000	90.000000	87.533323	0.000000	314.676675	0.000000	0.000000	0.000000	88.922763	0.000000	230.988952	180.000000	133.073768	180.000000	226.561817	177.766948	133.432095	270.000000	90.000000	90.000000	180.000000	203.575879	180.000000	79.750136	90.000000	0.000000	0.000000	0.000000	2.813495	22.005118	90.000000	180.000000	180.000000	157.978611	90.000000	180.000000	180.000000	180.000000	90.000000	
72.905239	80.687704	180.000000	223.438183	180.000000	90.000000	87.533325	0.000000	314.676675	0.000000	0.000000	0.000000	88.792941	0.000000	230.988952	180.000000	133.073768	180.000000	226.561817	177.549700	133.432095	270.000000	90.000000	90.000000	180.000000	203.531466	180.000000	79.615742	90.000000	0.000000	0.000000	0.000000	2.813495	22.005118	90.000000	180.000000	180.000000	157.978611	90.000000	180.000000	180.000000	180.000000	90.000000	
73.014711	80.762647	180.000000	223.438183	180.000000	90.000000	87.533325	0.000000	314.676675	0.000000	0.000000	0.000000	88.623270	0.000000	230.988952	180.000000	133.073768	180.000000	226.561817	177.340765	133.432095	270.000000	90.000000	90.000000	180.000000	203.481376	180.000000	79.491125	90.000000	0.000000	0.000000	0.000000	2.813495	22.005118	90.000000	180.000000	180.000000	157.978611	90.000000	180.000000	180.000000	180.000000	90.000000	
73.128349	80.843869	180.000000	223.438183	180.000000	90.000000	87.533325	0.000000	314.676675	0.000000	0.000000	0.000000	88.447553	0.000000	230.988952	180.000000	133.073768	180.000000	226.561817	177.140319	133.432095	270.000000	90.000000	90.000000	180.000000	203.425625	180.000000	79.376231	90.000000	0.000000	0.000000	0.000000	2.813495	22.005118	90.000000	180.000000	180.000000	157.978611	90.000000	180.000000	180.000000	180.000000	90.000000	
73.246098	90.936501	180.000000	223.438183	180.000000	90.000000	87.533325	0.000000	314.676675	0.000000	0.000000	0.000000	88.276662	0.000000	230.988952	180.000000	133.073768	180.000000	226.561817	176.948445	133.432095	270.000000	90.000000	90.000000	180.000000	203.364230	180.000000	79.271001	90.000000	0.000000	0.000000	0.000000	2.813495	22.005118	90.000000	180.000000	180.000000	157.978611	90.000000	180.000000	180.000000	180.000000	90.000000	
73.367902	84.021389	180.000000	223.438183	180.000000	90.000000	87.533325	0.000000	314.676675	0.000000	0.000000	0.000000	88.114096	0.000000	230.988952	180.000000	133.073768	180.000000	226.561817	176.765188	133.432095	270.000000	90.000000	90.000000	180.000000	203.297215	180.000000	79.175365	90.000000	0.000000	0.000000	0.000000	2.813495	22.005118	90.000000	180.000000	180.000000	157.978611	90.000000	180.000000	180.000000	180.000000	90.000000	
73.493709	81.917037	180.000000	223.438183	180.000000	90.000000	87.533325	0.000000	314.676675	0.000000	0.000000	0.000000	87.960974	0.000000	230.988952	180.000000	133.073768	180.000000	226.561817	176.590573	133.432095	270.000000	90.000000	90.000000	180.000000	203.224600	180.000000	79.089247	90.000000	0.000000	0.000000	0.000000	2.813495	22.005118	90.000000	180.000000	180.000000	157.978611	90.000000	180.000000	180.000000	180.000000	90.000000	
73.623465	91.190786	180.000000	223.438183	180.000000	90.000000	87.533325	0.000000	314.676675	0.000000	0.000000	0.000000	87.817640	0.000000	230.988952	180.000000	133.073768	180.000000	226.561817	176.424613	133.432095	270.000000	90.000000	90.000000	180.000000	203.146412	180.000000	79.012564	90.000000	0.000000	0.000000	0.000000	2.813495	22.005118	90.000000	180.000000	180.000000	157.978611	90.000000	180.000000	180.000000	180.000000	90.000000	
73.757120	84.170591	180.000000	223.438183	180.000000	90.000000	87.533325	0.000000	314.676675	0.000000	0.000000	0.000000	87.684181	0.000000	230.988952	180.000000	133.743207	180.000000	226.561817	176.267309	133.432095	270.000000	90.000000	90.000000	180.000000	203.062677	180.000000	78.945225	90.000000	0.000000	0.000000	0.000000	2.813495	22.005118	90.000000	180.000000	180.000000	157.978611	90.000000	180.000000	180.000000	180.000000	90.000000	
84.865330	82.053074	180.000000	223.438183	180.000000	90.000000	87.533325	0.000000	314.676675	0.000000	0.000000	0.000000	87.560594	0.000000	230.988952	180.000000	133.937557	180.000000	226.561817	176.118652	133.432095	270.000000	90.000000	90.000000	180.000000	202.973424	180.000000	78.887135	90.000000	0.000000	0.000000	0.000000	2.813495	22.005118	90.000000	180.000000	180.000000	157.978611	90.000000	180.000000	180.000000	180.000000	90.000000	
76.971253	91.171480	180.000000	223.438183	180.000000	90.000000	87.533325	0.000000	314.676675	0.000000	0.000000	0.000000	87.446841	0.000000	230.988952	180.000000	133.993986	180.000000	226.561817	175.978625	133.432095	270.000000	90.000000	90.000000	180.000000	202.878684	180.000000	78.838194	90.000000	0.000000	0.000000	0.000000	2.813495	22.005118	90.000000	180.000000	180.000000	157.978611	90.000000	180.000000	180.000000	180.000000	90.000000	
74.876713	84.277565	180.000000	223.438183	180.000000	90.000000	87.533325	0.000000	314.676675	0.000000	0.000000	0.000000	87.342868	0.000000	230.988952	180.000000	134.010371	180.000000	226.561817	175.847203	133.432095	270.000000	90.000000	90.000000	180.000000	202.778488	180.000000	78.798296	90.000000	0.000000	0.000000	0.000000	2.813495	22.005118	74.343004	180.000000	180.000000	157.978611	90.000000	180.000000	180.000000	180.000000	90.000000	
85.183770	91.813031	180.000000	223.438183	180.000000	90.000000	87.533325	0.000000	314.676675	0.000000	0.000000	0.000000	87.248609	0.000000	230.988952	180.000000	134.015129	180.000000	226.561817	175.724351	133.432095	270.000000	90.000000	90.000000	180.000000	202.672870	180.000000	78.767333	90.000000	0.000000	0.000000	0.000000	2.813495	22.005118	69.839342	180.000000	180.000000	157.978611	90.000000	180.000000	180.000000	180.000000	90.000000	
77.255496	84.527037	180.000000	223.438183	180.000000	90.000000	87.533325	0.000000	314.676675	0.000000	0.000000	0.000000	87.163988	0.000000	230.988952	180.000000	134.016510	180.000000	226.561817	175.610030	133.432095	270.000000	90.000000	90.000000	180.000000	202.561864	180.000000	78.745194	90.000000	0.000000	0.000000	0.000000	2.813495	22.005118	68.531150	180.000000	180.000000	157.978611	90.000000	180.000000	180.000000	180.000000	90.000000	
85.844532	91.836686	180.000000	223.438183	180.000000	90.000000	87.533325	0.000000	314.676675	0.000000	0.000000	0.000000	87.088924	0.000000	230.988952	180.000000	134.016912	180.000000	226.561817	175.504192	133.432095	270.000000	90.000000	90.000000	180.000000	202.445506	180.000000	78.731764	90.000000	0.000000	0.000000	0.000000	2.813495	22.005118	68.150821	180.000000	180.000000	157.978611	90.000000	180.000000	180.000000	180.000000	90.000000	
77.544048	84.603511	180.000000	223.438183	180.000000	90.000000	87.533325	0.000000	314.676675	0.000000	0.000000	0.000000	87.023331	0.000000	230.988952	180.000000	134.017028	180.000000	226.561817	175.406782	133.432095	270.000000	90.000000	90.000000	180.000000	202.323833	180.000000	78.726927	90.000000	0.000000	0.000000	0.000000	2.813495	22.005118	68.040231	180.000000	180.000000	157.978611	90.000000	180.000000	180.000000	180.000000	90.000000	
85.906908	91.816241	180.000000	223.438183	180.000000	90.000000	87.533325	0.000000	314.676675	0.000000	0.000000	0.000000	86.967115	0.000000	230.988952	180.000000	134.017062	180.000000	226.561817	175.317742	133.432095	270.000000	90.000000	90.000000	180.000000	200.581182	180.000000	78.730564	90.000000	0.000000	0.000000	0.000000	2.813495	22.005118	68.008071	180.000000	180.000000	157.978611	90.000000	180.000000	180.000000	180.000000	90.000000	
77.681041	84.685866	180.000000	223.438183	180.000000	90.000000	87.533325	0.000000	314.676675	0.000000	0.000000	0.000000	86.920177	0.000000	230.988952	180.000000	134.017072	180.000000	226.561817	175.237006	133.432095	270.000000	90.000000	90.000000	180.000000	199.957180	180.000000	78.742555	90.000000	0.000000	0.000000	0.000000	2.813495	22.005118	67.998718	180.000000	180.000000	157.978611	90.000000	180.000000	180.000000	180.000000	90.000000	
85.933794	91.808820	180.000000	223.438183	180.000000	90.000000	87.533325	0.000000	314.676675	0.000000	0.000000	0.000000	86.882417	0.000000	230.988952	180.000000	134.017075	180.000000	226.019132	175.164505	133.432095	270.000000	90.000000	90.000000	180.000000	199.708441	180.000000	78.762781	90.000000	0.000000	0.000000	0.000000	2.813495	22.005118	67.995998	180.000000	180.000000	157.978611	90.000000	180.000000	180.000000	180.000000	90.000000	
77.822180	84.791439	180.000000	223.438183	180.000000	90.000000	87.533325	0.000000	314.676675	0.000000	0.000000	0.000000	86.853728	0.000000	230.988952	180.000000	134.017076	180.000000	225.861580	175.100164	133.432095	270.000000	90.000000	90.000000	180.000000	199.583245	180.000000	78.791120	90.000000	0.000000	0.000000	0.000000	2.813495	22.005118	67.995206	180.000000	180.000000	157.978611	90.000000	180.000000	180.000000	180.000000	90.000000	
85.970502	91.819981	180.000000	223.438183	180.000000	90.000000	87.533325	0.000000	314.676675	0.000000	0.000000	0.000000	86.834000	0.000000	230.988952	180.000000	134.017076	180.000000	225.815836	175.043907	133.432095	270.000000	90.000000	90.000000	180.000000	199.496575	180.000000	78.827452	90.000000	0.000000	0.000000	0.000000	2.813495	22.005118	67.994976	180.000000	180.000000	157.978611	90.000000	180.000000	180.000000	180.000000	90.000000	
77.979668	84.921485	180.000000	223.438183	180.000000	90.000000	87.533325	0.000000	314.676675	0.000000	0.000000	0.000000	86.823123	0.000000	230.988952	180.000000	134.017076	180.000000	225.802553	174.995651	133.432095	270.000000	90.000000	90.000000	180.000000	199.419817	180.000000	78.871654	90.000000	0.000000	0.000000	0.000000	2.813495	22.005118	67.994909	180.000000	180.000000	157.978611	90.000000	180.000000	180.000000	180.000000	90.000000	
86.020582	91.850129	180.000000	223.438183	180.000000	90.000000	87.533325	0.000000	314.676675	0.000000	0.000000	0.000000	86.820982	0.000000	230.988952	180.000000	134.017076	180.000000	225.798696	174.955313	133.432095	270.000000	90.000000	90.000000	180.000000	199.343388	180.000000	78.923606	90.000000	0.000000	0.000000	0.000000	2.813495	30.013747	67.994890	180.000000	180.000000	157.978611	90.000000	180.000000	180.000000	180.000000	90.000000	
78.154168	94.015023	180.000000	223.438183	180.000000	90.000000	87.533325	0.000000	314.676675	0.000000	0.000000	0.000000	86.827462	0.000000	230.988952	180.000000	134.017076	180.000000	225.797576	174.922805	133.432095	270.000000	90.000000	90.000000	180.000000	199.264113	180.000000	78.983189	90.000000	0.000000	0.000000	0.000000	2.813495	32.333275	67.994884	180.000000	180.000000	157.978611	90.000000	180.000000	180.000000	180.000000	90.000000	
86.084218	85.751577	180.000000	223.438183	180.000000	90.000000	87.533325	0.000000	314.676675	0.000000	0.000000	0.000000	86.842446	0.000000	230.988952	180.000000	134.017076	180.000000	225.797251	174.898038	133.432095	270.000000	90.000000	90.000000	180.000000	199.180969	180.000000	79.050283	90.000000	0.000000	0.000000	0.000000	2.813495	33.006821	67.994882	180.000000	180.000000	157.978611	90.000000	180.000000	180.000000	180.000000	90.000000	
78.345428	92.063527	180.000000	223.438183	180.000000	90.000000	87.533325	0.000000	314.676675	0.000000	0.000000	0.000000	86.865816	0.000000	230.988952	180.000000	134.017076	180.000000	225.797156	174.880921	133.432095	270.000000	90.000000	90.000000	180.000000	199.093651	180.000000	79.124770	90.000000	0.000000	0.000000	0.000000	2.813495	33.202462	67.994882	180.000000	180.000000	157.978611	90.000000	180.000000	180.000000	180.000000	90.000000	
86.161321	94.040682	180.000000	223.438183	180.000000	90.000000	87.533325	0.000000	314.676675	0.000000	0.000000	0.000000	86.897453	0.000000	230.988952	180.000000	134.017076	180.000000	225.797129	174.871360	133.432095	270.000000	90.000000	90.000000	180.000000	199.002098	180.000000	79.206534	90.000000	0.000000	0.000000	0.000000	2.813495	33.259294	67.994882	180.000000	180.000000	157.978611	90.000000	180.000000	180.000000	180.000000	90.000000	
88.403301	94.630155	180.000000	223.438183	180.000000	90.000000	87.533325	0.000000	314.676675	0.000000	0.000000	0.000000	86.937237	0.000000	230.988952	180.000000	134.017076	180.000000	225.797121	174.869261	133.432095	270.000000	90.000000	90.000000	180.000000	198.906331	180.000000	79.295458	90.000000	0.000000	0.000000	0.000000	2.813495	33.275805	67.994882	180.000000	180.000000	157.978611	90.000000	180.000000	180.000000	180.000000	90.000000	
79.202513	94.776938	180.000000	223.438183	180.000000	90.000000	87.533325	0.000000	314.676675	0.000000	0.000000	0.000000	86.985051	0.000000	230.988952	180.000000	134.017076	180.000000	225.797119	174.874530	133.432095	270.000000	90.000000	90.000000	180.000000	198.806396	180.000000	79.391430	90.000000	0.000000	0.000000	0.000000	2.813495	33.280602	67.994882	180.000000	180.000000	157.978611	90.000000	180.000000	180.000000	180.000000	90.000000	
86.406945	94.784816	180.000000	223.438183	180.000000	90.000000	87.533325	0.000000	314.676675	0.000000	0.000000	0.000000	87.040775	0.000000	230.988952	180.000000	134.017076	180.000000	225.797118	174.887069	133.997287	270.000000	90.000000	90.000000	180.000000	198.702351	180.000000	79.494338	90.000000	0.000000	0.000000	0.000000	2.813495	33.281996	67.994882	180.000000	180.000000	157.978611	90.000000	180.000000	180.000000	180.000000	90.000000	
88.476962	94.751473	180.000000	223.438183	180.000000	90.000000	87.533325	0.000000	314.676675	0.000000	0.000000	0.000000	93.856296	0.000000	230.988952	180.000000	134.017076	180.000000	225.797118	174.906782	134.146094	270.000000	90.000000	90.000000	180.000000	198.594255	180.000000	79.604071	90.000000	0.000000	0.000000	0.000000	2.813495	33.282401	67.994882	180.000000	180.000000	157.978611	90.000000	180.000000	180.000000	180.000000	90.000000	
89.052159	94.708329	180.000000	223.438183	180.000000	90.000000	87.533325	0.000000	314.676675	0.000000	0.000000	0.000000	89.239724	0.000000	230.988952	180.000000	134.017076	180.000000	225.797118	174.933573	134.185276	270.000000	90.000000	90.000000	180.000000	198.482171	180.000000	88.843996	90.000000	0.000000	0.000000	0.000000	2.813495	33.282518	67.994882	180.000000	180.000000	157.978611	90.000000	180.000000	180.000000	180.000000	90.000000	
89.193076	94.665496	180.000000	223.438183	180.000000	90.000000	87.533325	0.000000	314.676675	0.000000	0.000000	0.000000	87.799749	0.000000	230.988952	180.000000	134.017076	180.000000	225.797118	174.967343	134.195594	270.000000	90.000000	90.000000	180.000000	198.366163	180.000000	82.651461	90.000000	0.000000	0.000000	0.000000	2.813495	33.282553	67.994882	180.000000	180.000000	157.978611	90.000000	180.000000	180.000000	180.000000	90.000000	
89.209774	94.626234	180.000000	223.980868	180.000000	90.000000	87.533325	0.000000	314.676675	0.000000	0.000000	0.000000	93.955076	0.000000	230.988952	180.000000	134.017076	180.000000	225.797118	175.007997	134.198311	270.000000	90.000000	90.000000	180.000000	198.246293	180.000000	80.738139	90.000000	0.000000	0.000000	0.000000	2.813495	33.282563	67.994882	180.000000	180.000000	157.978611	90.000000	180.000000	180.000000	180.000000	90.000000	
89.192901	94.591602	180.000000	224.138420	180.000000	90.000000	87.533325	0.000000	314.676675	0.000000	0.000000	0.000000	89.334378	0.000000	230.988952	180.000000	134.017076	180.000000	225.797118	175.055437	134.199027	270.000000	90.000000	90.000000	180.000000	198.122627	180.000000	89.143022	90.000000	0.000000	0.000000	0.000000	2.813495	33.282565	67.994882	180.000000	180.000000	157.978611	90.000000	180.000000	180.000000	180.000000	90.000000	
89.168956	94.561944	180.000000	224.184164	180.000000	90.000000	87.533325	0.000000	314.676675	0.000000	0.000000	0.000000	94.343322	0.000000	230.988952	180.000000	134.017076	180.000000	225.797118	184.672077	134.199215	270.000000	90.000000	90.000000	180.000000	197.995227	180.000000	82.885090	90.000000	0.000000	0.000000	0.000000	2.813495	33.282566	67.994882	180.000000	180.000000	157.978611	90.000000	180.000000	180.000000	180.000000	90.000000	
89.145684	89.701604	180.000000	224.197447	180.000000	90.000000	87.533325	0.000000	314.676675	0.000000	0.000000	0.000000	89.490292	0.000000	230.988952	180.000000	134.017076	180.000000	225.797118	178.057284	134.199265	270.000000	90.000000	90.000000	180.000000	197.864159	180.000000	89.779721	90.000000	0.000000	0.000000	0.000000	2.036483	33.282566	67.994882	180.000000	180.000000	157.978611	90.000000	180.000000	180.000000	180.000000	90.000000	
89.125348	88.172967	180.000000	224.201304	180.000000	90.000000	87.533325	0.000000	314.676675	0.000000	0.000000	0.000000	94.294424	0.000000	230.988952	180.000000	134.017076	180.000000	225.797118	176.002737	134.199278	270.000000	90.000000	90.000000	180.000000	197.729486	180.000000	83.159698	90.000000	0.000000	0.000000	0.000000	1.790650	33.282567	67.994882	180.000000	180.000000	157.978611	90.000000	180.000000	180.000000	180.000000	90.000000	
89.108613	87.685458	180.000000	224.202424	180.000000	90.000000	87.533325	0.000000	314.676675	0.000000	0.000000	0.000000	89.529118	0.000000	230.988952	180.000000	134.017076	180.000000	225.797118	184.858216	134.199281	270.000000	90.000000	90.000000	180.000000	197.591273	180.000000	89.809909	90.000000	0.000000	0.000000	0.000000	1.712862	33.282567	67.994882	180.000000	180.000000	157.978611	90.000000	180.000000	180.000000	180.000000	90.000000	
89.095673	87.525383	180.000000	224.202749	180.000000	90.000000	87.533325	0.000000	314.676675	0.000000	0.000000	0.000000	94.220583	0.000000	230.988952	180.000000	134.017076	180.000000	225.797118	178.118988	134.199282	270.000000	90.000000	90.000000	180.000000	197.449584	180.000000	83.260907	90.000000	0.000000	0.000000	0.000000	1.688245	33.282567	67.994882	180.000000	180.000000	157.978611	90.000000	180.000000	180.000000	195.656996	90.000000	
89.086585	87.470122	180.000000	224.202844	180.000000	90.000000	87.533325	0.000000	314.676675	0.000000	0.000000	0.000000	95.679525	0.000000	230.988952	180.000000	134.017076	180.000000	225.797118	185.430821	134.199282	270.000000	90.000000	90.000000	180.000000	197.304483	180.000000	89.795230	90.000000	0.000000	0.000000	0.000000	1.680454	33.282567	67.994882	180.000000	180.000000	157.978611	90.000000	180.000000	180.000000	200.160658	90.000000	
89.081365	87.450273	180.000000	224.202871	180.000000	90.000000	87.533325	0.000000	314.676675	0.000000	0.000000	0.000000	90.044331	0.000000	230.988952	180.000000	134.017076	180.000000	225.797118	178.276347	134.199282	270.000000	90.000000	90.000000	180.000000	197.156032	180.000000	83.369337	90.000000	0.000000	0.000000	0.000000	1.677988	33.282567	67.994882	180.000000	180.000000	157.978611	90.000000	180.000000	180.000000	201.468850	90.000000	
89.080016	87.444209	180.000000	224.202879	180.000000	90.000000	87.533325	0.000000	314.676675	0.000000	0.000000	0.000000	94.241453	0.000000	230.988952	180.000000	134.017076	180.000000	225.797118	185.392599	134.199282	270.000000	90.000000	90.000000	180.000000	197.004294	180.000000	89.795551	90.000000	0.000000	0.000000	0.000000	1.677207	33.282567	67.994882	180.000000	180.000000	157.978611	90.000000	180.000000	180.000000	201.849179	90.000000	
85.510553	87.352742	180.000000	224.202881	180.000000	90.000000	87.533325	0.000000	314.676675	0.000000	0.000000	0.000000	95.551152	0.000000	230.988952	180.000000	134.017076	180.000000	225.797118	178.261931	134.199282	270.000000	90.000000	90.000000	180.000000	196.849332	180.000000	83.503693	90.000000	0.000000	0.000000	0.000000	1.676960	33.282567	67.994882	180.000000	180.000000	157.978611	90.000000	180.000000	180.000000	201.959769	90.000000	
84.492952	87.161264	180.000000	224.202882	180.000000	90.000000	87.533325	0.000000	314.676675	0.000000	0.000000	0.000000	95.915496	0.000000	230.988952	180.000000	134.017076	180.000000	225.797118	185.310800	134.199282	270.000000	90.000000	90.000000	180.000000	196.691207	180.000000	89.817084	90.000000	0.000000	0.000000	0.000000	1.676881	33.282567	67.994882	180.000000	180.000000	157.978611	90.000000	180.000000	180.000000	201.991929	90.000000	
84.200827	86.944005	180.000000	224.202882	180.000000	90.000000	87.533325	0.000000	314.676675	0.000000	0.000000	0.000000	95.972780	0.000000	230.988952	180.000000	134.017076	180.000000	225.797118	178.255076	134.199282	270.000000	90.000000	90.000000	180.000000	196.529979	180.000000	91.854466	90.000000	0.000000	0.000000	0.000000	1.676857	33.282567	67.994882	180.000000	180.000000	157.978611	90.000000	180.000000	180.000000	202.001282	90.000000	
84.116497	86.724371	180.000000	224.202882	180.000000	90.000000	87.533325	0.000000	314.789253	0.000000	0.000000	0.000000	95.933050	0.000000	230.988952	180.000000	134.017076	180.000000	225.797118	185.242595	134.199282	270.000000	90.000000	90.000000	180.000000	196.365709	180.000000	84.331955	90.000000	0.000000	0.000000	0.000000	1.676849	33.282567	67.994882	180.000000	180.000000	157.978611	90.000000	180.000000	180.000000	202.004002	90.000000	
84.093219	86.509785	180.000000	224.202882	180.000000	90.000000	87.533325	0.000000	314.821938	0.000000	0.000000	0.000000	91.747394	0.000000	230.988952	180.000000	134.017076	180.000000	225.797118	178.273402	134.199282	270.000000	90.000000	90.000000	180.000000	196.198456	180.000000	90.026065	90.000000	0.000000	0.000000	0.000000	1.676846	33.282567	67.994882	180.000000	180.000000	157.978611	90.000000	180.000000	180.000000	202.004794	90.000000	
84.089430	86.302634	180.000000	224.202882	180.000000	90.000000	87.533325	0.000000	314.831428	0.000000	0.000000	0.000000	90.351283	0.000000	230.988952	180.000000	134.017076	180.000000	225.797118	185.193672	134.199282	270.000000	90.000000	90.000000	180.000000	196.028276	180.000000	91.868740	90.000000	0.000000	0.000000	0.000000	1.676845	33.282567	67.994882	180.000000	180.000000	157.978611	90.000000	180.000000	180.000000	202.005024	90.000000	
84.093358	86.103705	180.000000	224.202882	180.000000	90.000000	87.533325	0.000000	314.834183	0.000000	0.000000	0.000000	89.857031	0.000000	230.988952	180.000000	134.017076	180.000000	225.797118	178.318228	134.199282	270.000000	90.000000	90.000000	180.000000	195.855229	180.000000	92.433915	90.000000	0.000000	0.000000	0.000000	1.676845	33.282567	67.994882	180.000000	180.000000	157.978611	90.000000	180.000000	180.000000	202.005091	90.000000	
84.101664	85.913276	180.000000	224.202882	180.000000	90.000000	87.533325	0.000000	314.834984	0.000000	0.000000	0.000000	89.656978	0.000000	230.988952	180.000000	134.017076	180.000000	225.797118	185.164502	134.199282	270.000000	90.000000	90.000000	180.000000	195.679369	180.000000	92.577395	90.000000	0.000000	0.000000	0.000000	1.676845	33.282567	67.994882	180.000000	180.000000	157.978611	90.000000	180.000000	180.000000	202.005110	90.000000	
83.983653	85.731451	180.000000	224.202882	180.000000	90.000000	87.533325	0.000000	314.835216	0.000000	0.000000	0.000000	89.555237	0.000000	230.988952	180.000000	134.017076	180.000000	225.797118	178.389228	134.199282	270.000000	90.000000	90.000000	180.000000	195.500751	180.000000	92.584287	90.000000	0.000000	0.000000	0.000000	1.676845	33.282567	67.994882	180.000000	180.000000	157.978611	90.000000	180.000000	180.000000	202.005116	90.000000	
83.809115	85.558278	180.000000	224.202882	180.000000	90.000000	87.533325	0.000000	314.835284	0.000000	0.000000	0.000000	89.488667	0.000000	230.988952	180.000000	134.017076	180.000000	225.797118	185.155009	134.199282	270.000000	90.000000	90.000000	180.000000	195.319430	180.000000	92.549594	90.000000	0.000000	0.000000	0.000000	1.676845	33.282567	67.994882	180.000000	180.000000	157.978611	90.000000	180.000000	180.000000	202.005118	90.000000	
83.623015	85.393774	180.000000	224.202882	180.000000	90.000000	87.533325	0.000000	314.835303	0.000000	0.000000	0.000000	89.436916	0.000000	230.988952	180.000000	134.017076	180.000000	225.797118	187.260252	134.199282	270.000000	90.000000	90.000000	180.000000	195.135457	180.000000	92.504981	90.000000	0.000000	0.000000	0.000000	1.676845	33.282567	67.994882	180.000000	180.000000	157.978611	90.000000	180.000000	180.000000	202.005118	90.000000	
83.438225	85.237944	180.000000	224.202882	180.000000	90.000000	87.533325	0.000000	314.835309	0.000000	0.000000	0.000000	89.393414	0.000000	230.988952	180.000000	134.017076	180.000000	225.797118	179.127944	134.199282	270.000000	90.000000	90.000000	180.000000	202.944609	164.343004	92.461007	90.000000	0.000000	0.000000	0.000000	1.676845	33.282567	67.994882	180.000000	180.000000	157.978611	90.000000	180.000000	180.000000	202.005118	90.000000	
83.258455	85.090781	180.000000	224.202882	180.000000	90.000000	87.533325	0.000000	314.835311	0.000000	0.000000	0.000000	89.356030	0.000000	230.988952	180.000000	134.017076	180.000000	225.797118	185.309254	134.199282	270.000000	90.000000	90.000000	180.000000	205.360105	159.839342	92.421198	90.000000	0.000000	0.000000	0.000000	1.676845	33.282567	67.994882	180.000000	180.000000	157.978611	90.000000	180.000000	180.000000	202.005118	90.000000	
83.084795	84.952267	180.000000	224.202882	180.000000	90.000000	87.533325	0.000000	314.835311	0.000000	0.000000	0.000000	89.324060	0.000000	230.988952	180.000000	134.017076	180.000000	225.797118	187.237908	134.199282	270.000000	90.000000	90.000000	180.000000	206.003505	158.531150	88.534310	90.000000	0.000000	0.000000	0.000000	1.676845	33.282567	67.994882	180.000000	180.000000	157.978611	90.000000	180.000000	180.000000	202.005118	90.000000	
82.917575	84.822377	180.000000	224.202882	180.000000	90.000000	87.533325	0.000000	314.835311	0.000000	0.000000	0.000000	89.297257	0.000000	230.988952	180.000000	134.017076	180.000000	225.797118	187.803473	134.199282	270.000000	90.000000	90.000000	180.000000	206.062825	158.150821	87.250018	90.000000	0.000000	0.000000	0.000000	1.676845	33.282567	67.994882	180.000000	180.000000	157.978611	90.000000	180.000000	180.000000	202.005118	90.000000	
82.756909	84.701077	180.000000	224.202882	180.000000	90.000000	87.533325	0.000000	314.835311	0.000000	0.000000	0.000000	89.275519	0.000000	230.988952	180.000000	134.017076	180.000000	225.797118	187.933637	134.199282	270.000000	90.000000	90.000000	180.000000	205.927779	158.040231	86.813626	90.000000	0.000000	0.000000	0.000000	1.676845	33.282567	67.994882	180.000000	180.000000	157.978611	90.000000	180.000000	180.000000	202.005118	90.000000	
82.602839	84.588327	180.000000	224.242554	180.000000	90.000000	87.533325	0.000000	314.835311	0.000000	0.000000	0.000000	89.258788	0.000000	230.988952	180.000000	134.017076	180.000000	225.797118	187.926986	134.199282	270.000000	90.000000	90.000000	180.000000	205.725908	158.008071	86.655704	90.000000	0.000000	0.000000	0.000000	1.676845	33.282567	67.994882	180.000000	180.000000	157.978611	90.000000	180.000000	180.000000	202.005118	90.000000	
82.455385	84.484080	180.000000	224.413982	180.000000	90.000000	87.533325	0.000000	314.835311	0.000000	0.000000	0.000000	89.247022	0.000000	230.988952	180.000000	134.017076	180.000000	225.797118	187.879665	134.199282	270.000000	90.000000	90.000000	180.000000	205.498885	157.998718	86.591357	90.000000	0.000000	0.000000	0.000000	1.676845	33.282567	67.994882	180.000000	180.000000	157.978611	90.000000	180.000000	180.000000	202.005118	90.000000	
82.314555	84.388280	180.000000	224.622571	180.000000	90.000000	87.533325	0.000000	314.835311	0.000000	0.000000	0.000000	89.240178	0.000000	230.988952	180.000000	134.017076	180.000000	225.797118	187.822653	134.199282	270.000000	90.000000	90.000000	180.000000	205.260327	157.995998	86.560581	90.000000	0.000000	0.000000	0.000000	1.676845	33.282567	67.994882	180.000000	180.000000	157.978611	90.000000	180.000000	180.000000	202.005118	90.000000	
82.180349	84.300868	180.000000	224.840323	180.000000	90.000000	87.533325	0.000000	314.835311	0.000000	0.000000	0.000000	89.238217	0.000000	230.988952	180.000000	134.017076	180.000000	225.797118	187.765944	134.199282	270.000000	90.000000	90.000000	180.000000	205.014703	157.995206	86.543906	90.000000	0.000000	0.000000	0.000000	1.676845	33.282567	67.994882	180.000000	180.000000	157.978611	90.000000	180.000000	180.000000	202.005118	90.000000	
82.052762	84.221780	180.000000	225.058874	180.000000	90.000000	87.533325	0.000000	314.835311	0.000000	0.000000	0.000000	89.241096	0.000000	230.988952	180.000000	134.017076	180.000000	225.797118	187.712771	134.199282	270.000000	90.000000	90.000000	180.000000	204.763502	157.994976	86.535004	90.000000	0.000000	0.000000	0.000000	1.676845	33.282567	67.994882	180.000000	180.000000	157.978611	90.000000	180.000000	180.000000	202.005118	90.000000	
81.931783	84.150944	180.000000	225.275667	180.000000	90.000000	87.533325	0.000000	314.835311	0.000000	0.000000	0.000000	89.248769	0.000000	230.988952	180.000000	134.017076	180.000000	225.797118	187.664191	134.199282	270.000000	90.000000	90.000000	180.000000	204.507243	157.994909	86.531805	90.000000	0.000000	0.000000	0.000000	1.676845	33.282567	67.994882	180.000000	180.000000	157.978611	90.000000	180.000000	180.000000	202.005118	90.000000	
81.817397	84.088287	180.000000	225.489865	180.000000	90.000000	88.240819	0.000000	314.835311	0.000000	0.000000	0.000000	89.261193	0.000000	230.988952	180.000000	134.017076	180.000000	225.797118	187.620555	134.199282	270.000000	90.000000	90.000000	180.000000	194.249474	157.994890	86.533614	90.000000	0.000000	0.000000	0.000000	1.676845	33.282567	67.994882	180.000000	180.000000	157.978611	90.000000	180.000000	180.000000	202.005118	90.000000	
81.709582	84.033730	180.000000	225.701146	180.000000	90.000000	88.446765	0.000000	314.835311	0.000000	0.000000	0.000000	89.278320	0.000000	230.988952	180.000000	134.017076	180.000000	225.797118	197.317400	134.199282	270.000000	90.000000	90.000000	180.000000	200.883368	157.994884	86.540182	90.000000	0.000000	0.000000	0.000000	1.676845	33.282567	67.994882	180.000000	180.000000	157.978611	90.000000	180.000000	180.000000	202.005118	90.000000	
81.608312	83.987191	180.000000	225.909341	180.000000	90.000000	88.506721	0.000000	314.835311	0.000000	0.000000	0.000000	89.300101	0.000000	230.988952	180.000000	134.017076	180.000000	225.797118	191.681325	134.199282	270.000000	90.000000	90.000000	180.000000	192.922779	157.994882	86.551400	90.000000	0.000000	0.000000	0.000000	1.676845	33.282567	67.994882	180.000000	180.000000	157.978611	90.000000	180.000000	180.000000	202.005118	90.000000	
81.513560	83.948586	180.000000	226.114330	180.000000	90.000000	88.524178	0.000000	314.835311	0.000000	0.000000	0.000000	89.326489	0.000000	230.988952	180.000000	134.017076	180.000000	225.797118	198.507273	134.199282	270.000000	90.000000	90.000000	180.000000	200.201368	157.994882	86.567207	90.000000	0.000000	0.000000	0.000000	1.676845	33.282567	67.994882	180.000000	180.000000	157.978611	90.000000	180.000000	180.000000	202.005118	90.000000	
81.425290	83.917826	180.000000	226.316007	180.000000	90.000000	88.529261	0.000000	314.835311	0.000000	0.000000	0.000000	89.357431	0.000000	230.988952	180.000000	134.017076	180.000000	225.797118	192.024896	134.199282	270.000000	90.000000	90.000000	180.000000	192.614368	157.994882	86.587552	90.000000	0.000000	0.000000	0.000000	1.676845	33.282567	67.994882	180.000000	180.000000	157.978611	90.000000	180.000000	180.000000	202.005118	90.000000	
81.343466	83.894823	180.000000	226.514276	180.000000	90.000000	88.530741	0.000000	314.835311	0.000000	0.000000	0.000000	89.392876	0.000000	230.988952	180.000000	134.017076	180.000000	225.797118	198.498894	134.199282	270.000000	90.000000	90.000000	180.000000	199.829043	157.994882	86.482601	90.000000	0.000000	0.000000	0.000000	1.676845	33.282567	67.994882	180.000000	180.000000	157.978611	90.000000	180.000000	180.000000	202.005118	90.000000	
81.268046	83.879483	180.000000	226.709045	180.000000	90.000000	88.531172	0.000000	314.835311	0.000000	0.000000	0.000000	89.432773	0.000000	230.988952	180.000000	134.017076	180.000000	225.797118	191.887774	134.199282	270.000000	90.000000	90.000000	180.000000	192.401958	157.994882	86.298566	90.000000	0.000000	0.000000	0.000000	1.676845	33.282567	67.994882	180.000000	180.000000	157.978611	90.000000	180.000000	180.000000	202.005118	90.000000	
81.198988	83.871713	180.000000	226.900222	180.000000	90.000000	88.531298	0.000000	314.835311	0.000000	0.000000	0.000000	89.374057	0.000000	230.988952	180.000000	134.017076	180.000000	225.797118	198.092113	134.199282	270.000000	90.000000	90.000000	180.000000	199.471230	157.994882	86.095360	90.000000	0.000000	0.000000	0.000000	1.676845	33.282567	67.994882	180.000000	180.000000	157.978611	90.000000	180.000000	180.000000	202.005118	90.000000	
81.136244	83.871419	180.000000	227.087724	180.000000	90.000000	88.531334	0.000000	314.835311	0.000000	0.000000	0.000000	89.223213	0.000000	230.988952	180.000000	134.017076	180.000000	225.797118	191.405437	134.199282	270.000000	90.000000	90.000000	180.000000	192.182116	157.994882	85.892505	90.000000	0.000000	0.000000	0.000000	1.676845	33.282567	67.994882	180.000000	180.000000	157.978611	90.000000	180.000000	180.000000	202.005118	90.000000	
81.079764	83.878504	180.000000	227.271466	180.000000	90.000000	88.531345	0.000000	314.835311	0.000000	0.000000	0.000000	89.049540	0.000000	230.988952	180.000000	134.017076	180.000000	225.797118	197.529168	134.199282	270.000000	90.000000	90.000000	180.000000	189.642002	157.994882	85.696388	90.000000	0.000000	0.000000	0.000000	1.676845	33.282567	67.994882	180.000000	180.000000	157.978611	90.000000	180.000000	180.000000	202.005118	90.000000	
81.029498	83.892872	180.000000	227.451371	180.000000	90.000000	88.531348	0.000000	314.835311	0.000000	0.000000	0.000000	88.875301	0.000000	230.988952	180.000000	134.017076	180.000000	225.797118	190.899987	134.199282	270.000000	90.000000	90.000000	180.000000	198.192015	157.994882	85.509111	90.000000	0.000000	0.000000	0.000000	1.676845	33.282567	67.994882	180.000000	180.000000	157.978611	90.000000	180.000000	180.000000	202.005118	90.000000	
80.985390	83.914425	180.000000	227.627362	180.000000	90.000000	88.531349	0.000000	314.835311	0.000000	0.000000	0.000000	88.707660	0.000000	230.988952	180.000000	134.017076	180.000000	225.797118	196.966382	134.199282	270.000000	90.000000	90.000000	180.000000	191.629224	157.994882	85.331374	90.000000	0.000000	0.000000	0.000000	1.676845	33.282567	67.994882	180.000000	180.000000	157.978611	90.000000	180.000000	180.000000	202.005118	90.000000	
80.947385	83.943067	180.000000	227.799367	180.000000	90.000000	88.531349	0.000000	314.835311	0.000000	0.000000	0.000000	88.548918	0.000000	230.988952	180.000000	134.017076	180.000000	225.797118	198.781214	134.199282	270.000000	90.000000	90.000000	180.000000	189.337745	157.994882	85.163406	90.000000	0.000000	0.000000	0.000000	1.676845	33.282567	67.994882	180.000000	180.000000	157.978611	90.000000	180.000000	180.000000	202.005118	90.000000	
80.915425	83.978698	180.000000	227.967318	180.000000	90.000000	88.531349	0.000000	314.835311	0.000000	0.000000	0.000000	88.399806	0.000000	230.988952	180.000000	134.017076	180.000000	225.797118	199.170736	134.199282	270.000000	90.000000	90.000000	180.000000	188.534104	157.994882	85.005277	90.000000	0.000000	0.000000	0.000000	1.676845	33.282567	67.994882	180.000000	180.000000	157.978611	90.000000	180.000000	180.000000	202.005118	90.000000	
80.889451	84.021222	180.000000	228.131150	180.000000	90.000000	88.531349	0.000000	314.835311	0.000000	0.000000	0.000000	88.260538	0.000000	230.988952	180.000000	134.017076	180.000000	225.797118	199.081866	134.199282	270.000000	90.000000	90.000000	180.000000	188.246774	157.994882	84.856996	90.000000	0.000000	0.000000	0.000000	1.676845	33.282567	67.994882	180.000000	180.000000	157.978611	90.000000	180.000000	180.000000	202.005118	90.000000	
80.869402	84.070542	180.000000	228.290802	180.000000	90.000000	88.531350	0.000000	314.835311	0.000000	0.000000	0.000000	88.131158	0.000000	230.988952	180.000000	134.017076	180.000000	225.797118	198.833335	134.199282	270.000000	90.000000	90.000000	180.000000	188.135860	157.994882	84.718544	90.000000	0.000000	0.000000	0.000000	1.676845	33.282567	67.994882	180.000000	180.000000	157.978611	90.000000	180.000000	180.000000	202.005118	90.000000	
80.855215	84.126560	180.000000	228.446216	180.000000	90.000000	88.531350	0.000000	314.835311	0.000000	0.000000	0.000000	88.011645	0.000000	230.988952	180.000000	134.017076	180.000000	225.797118	198.532982	134.199282	270.000000	90.000000	90.000000	180.000000	188.082513	157.994882	84.589888	90.000000	0.000000	0.000000	0.000000	1.676845	33.282567	67.994882	180.000000	180.000000	157.978611	90.000000	180.000000	180.000000	202.005118	90.000000	
80.846829	93.537931	180.000000	228.597340	180.000000	90.000000	88.531350	0.000000	314.835311	0.000000	0.000000	0.000000	87.901953	0.000000	230.988952	180.000000	134.017076	180.000000	225.797118	198.217586	134.199282	270.000000	90.000000	90.000000	180.000000	188.045224	157.994882	84.470982	90.000000	0.000000	0.000000	0.000000	1.676845	33.282567	67.994882	180.000000	180.000000	157.978611	90.000000	180.000000	180.000000	202.005118	90.000000	
80.844178	87.061763	180.000000	228.744122	180.000000	90.000000	88.531350	0.000000	314.835311	0.000000	0.000000	0.000000	87.802023	0.000000	230.988952	180.000000	134.017076	180.000000	225.797118	197.899883	134.199282	270.000000	90.000000	90.000000	180.000000	188.009517	157.994882	84.361769	90.000000	0.000000	0.000000	0.000000	1.676845	33.282567	67.994882	180.000000	180.000000	157.978611	90.000000	180.000000	180.000000	202.005118	90.000000	
80.847200	85.071118	180.000000	228.886517	180.000000	90.000000	88.531350	0.000000	314.835311	0.000000	0.000000	0.000000	87.711784	0.000000	230.988952	180.000000	134.017076	180.000000	225.797118	197.584435	134.199282	270.000000	90.000000	90.000000	180.000000	187.970356	157.994882	84.262186	90.000000	0.000000	0.000000	0.000000	1.676845	33.282567	67.994882	180.000000	180.000000	157.978611	90.000000	180.000000	180.000000	202.005118	90.000000	
80.855828	93.724666	180.000000	229.024482	180.000000	90.000000	88.531350	0.000000	314.835311	0.000000	0.000000	0.000000	87.631158	0.000000	230.988952	180.000000	134.017076	180.000000	225.797118	197.273014	134.199282	270.000000	90.000000	90.000000	180.000000	187.926001	157.994882	84.172162	90.000000	0.000000	0.000000	0.000000	1.676845	33.282567	67.994882	180.000000	180.000000	157.978611	90.000000	180.000000	180.000000	202.005118	90.000000	
80.869997	87.145481	180.000000	229.157978	180.000000	90.000000	88.531350	0.000000	314.835311	0.000000	0.000000	0.000000	87.560063	0.000000	230.988952	180.000000	134.017076	180.000000	225.797118	196.966427	134.199282	270.000000	90.000000	90.000000	180.000000	187.980184	157.994882	84.091616	90.000000	0.000000	0.000000	0.000000	1.676845	33.282567	67.994882	180.000000	180.000000	157.978611	90.000000	180.000000	180.000000	202.005118	90.000000	
80.889642	94.284560	180.000000	229.286970	180.000000	90.000000	88.531350	0.000000	314.835311	0.000000	0.000000	0.000000	87.498407	0.000000	230.988952	180.000000	134.017076	180.000000	225.797118	196.665145	134.199282	270.000000	90.000000	90.000000	180.000000	174.391610	157.994882	84.020465	90.000000	0.000000	0.000000	0.000000	1.676845	33.282567	67.994882	180.000000	180.000000	157.978611	90.000000	180.000000	180.000000	202.005118	90.000000	
80.914697	87.313921	180.000000	229.411425	180.000000	90.000000	88.531350	0.000000	314.835311	0.000000	0.000000	0.000000	87.446095	0.000000	230.988952	180.000000	134.017076	180.000000	225.797118	196.369518	134.199282	270.000000	90.000000	90.000000	180.000000	179.611347	157.994882	83.958618	90.000000	0.000000	0.000000	0.000000	1.676845	33.282567	67.994882	180.000000	180.000000	149.694249	90.000000	180.000000	180.000000	202.005118	90.000000	
80.945096	94.251819	180.000000	229.531315	180.000000	90.000000	88.531350	0.000000	314.835311	0.000000	0.000000	0.000000	87.403028	0.000000	230.988952	180.000000	134.017076	180.000000	225.797118	196.079844	134.199282	270.000000	90.000000	90.000000	180.000000	171.762803	157.994882	83.905978	90.000000	0.000000	0.000000	0.000000	1.676845	33.282567	67.994882	180.000000	180.000000	147.519077	90.000000	180.000000	180.000000	202.005118	90.000000	
80.980773	87.317446	180.000000	229.646616	180.000000	90.000000	88.531350	0.000000	314.835311	0.000000	0.000000	0.000000	87.369102	0.000000	228.910220	180.000000	134.017076	180.000000	225.797118	195.796399	134.199282	270.000000	90.000000	90.000000	180.000000	179.353780	157.994882	83.862445	90.000000	0.000000	0.000000	0.000000	1.676845	33.282567	67.994882	180.000000	180.000000	146.946283	90.000000	180.000000	180.000000	202.005118	90.000000	
81.021663	94.177901	180.000000	229.757306	180.000000	90.000000	88.531350	0.000000	314.835311	0.000000	0.000000	0.000000	87.344209	0.000000	228.306828	180.000000	134.017076	180.000000	225.797118	195.519441	134.199282	270.000000	90.000000	90.000000	180.000000	172.051857	157.994882	83.827916	90.000000	0.000000	0.000000	0.000000	1.676845	33.282567	67.994882	180.000000	180.000000	146.795409	90.000000	180.000000	180.000000	202.005118	90.000000	
81.067699	87.329201	180.000000	229.863366	180.000000	90.000000	88.531350	0.000000	314.835311	0.000000	0.000000	0.000000	87.328239	0.000000	228.131640	180.000000	134.017076	180.000000	225.797118	195.249214	134.199282	270.000000	90.000000	90.000000	180.000000	179.653769	157.994882	83.802283	90.000000	0.000000	0.000000	0.000000	1.676845	33.282567	67.994882	180.000000	180.000000	146.755665	90.000000	180.000000	180.000000	202.005118	90.000000	
81.118818	94.117876	180.000000	229.964782	180.000000	90.000000	88.531350	0.000000	314.835311	0.000000	0.000000	0.000000	87.321080	0.000000	228.080771	180.000000	134.017076	180.000000	225.797118	194.985949	134.199282	270.000000	90.000000	90.000000	180.000000	172.532444	157.994882	83.785435	90.000000	0.000000	0.000000	0.000000	1.676845	33.282567	67.994882	180.000000	180.000000	146.745195	90.000000	180.000000	180.000000	202.005118	90.000000	
81.174954	87.366012	180.000000	230.061542	180.000000	90.000000	88.531350	0.000000	314.835311	0.000000	0.000000	0.000000	87.322616	0.000000	228.065999	180.000000	134.017076	180.000000	225.797118	194.729865	134.199282	270.000000	90.000000	90.000000	180.000000	170.106662	157.994882	83.777260	90.000000	0.000000	0.000000	0.000000	1.676845	33.282567	67.994882	180.000000	180.000000	146.742437	90.000000	180.000000	180.000000	202.005118	90.000000	
81.236044	94.077157	180.000000	230.153637	180.000000	90.000000	88.531350	0.000000	314.835311	0.000000	0.000000	0.000000	87.332732	0.000000	228.061709	180.000000	134.017076	180.000000	225.797118	194.481164	134.199282	270.000000	90.000000	90.000000	180.000000	169.417897	157.994882	83.777644	90.000000	0.000000	0.000000	0.000000	1.676845	33.282567	67.994882	180.000000	180.000000	146.741710	90.000000	180.000000	180.000000	202.005118	90.000000	
81.302024	87.429097	180.000000	230.241062	180.000000	90.000000	88.531350	0.000000	314.835311	0.000000	0.000000	0.000000	87.351310	0.000000	228.060463	180.000000	134.017076	180.000000	225.797118	194.240038	134.199282	270.000000	90.000000	90.000000	180.000000	169.371925	157.994882	83.786470	90.000000	0.000000	0.000000	0.000000	1.676845	33.282567	67.994882	180.000000	180.000000	146.741518	90.000000	180.000000	180.000000	202.005118	90.000000	
81.372831	94.056172	180.000000	230.323813	180.000000	90.000000	88.531350	0.000000	314.835311	0.000000	0.000000	0.000000	87.378232	0.000000	228.060102	180.000000	134.017076	180.000000	225.797118	194.006661	134.199282	270.000000	73.762224	90.000000	180.000000	169.562328	157.994882	83.803621	90.000000	0.000000	0.000000	0.000000	1.676845	33.282567	67.994882	180.000000	180.000000	146.741468	90.000000	180.000000	180.000000	202.005118	90.000000	
81.448402	87.518111	180.000000	230.401891	180.000000	90.000000	88.531350	0.000000	314.835311	0.000000	0.000000	0.000000	87.413378	0.000000	228.059996	180.000000	134.017076	180.000000	225.797118	193.781197	134.199282	270.000000	69.532134	90.000000	180.000000	169.837514	157.994882	83.828980	90.000000	0.000000	0.000000	0.000000	1.676845	33.282567	67.994882	180.000000	180.000000	146.741455	90.000000	180.000000	180.000000	202.005118	90.000000	
91.333478	94.054834	180.000000	230.475299	180.000000	90.000000	88.531350	0.000000	314.835311	0.000000	0.000000	0.000000	87.456629	0.000000	228.059966	180.000000	134.017076	180.000000	225.797118	193.563793	134.199282	270.000000	68.417812	90.000000	180.000000	170.140579	157.994882	83.862428	90.000000	0.000000	0.000000	0.000000	1.676845	33.282567	67.994882	180.000000	180.000000	146.741451	90.000000	180.000000	180.000000	202.005118	90.000000	
84.262958	96.082798	180.000000	230.544041	180.000000	90.000000	88.531350	0.000000	314.835311	0.000000	0.000000	0.000000	87.507867	0.000000	228.059957	180.000000	134.017076	180.000000	225.797118	193.354582	134.199282	270.000000	68.124028	90.000000	180.000000	170.449926	157.994882	83.903847	90.000000	0.000000	0.000000	0.000000	1.676845	33.282567	67.994882	180.000000	180.000000	146.741450	90.000000	180.000000	180.000000	202.005118	90.000000	
82.324223	88.256921	180.000000	230.608126	180.000000	90.000000	88.531350	0.000000	314.835311	0.000000	0.000000	0.000000	94.217631	0.000000	228.059954	180.000000	134.017076	180.000000	225.797118	193.153684	134.199282	270.000000	68.046564	90.000000	180.000000	170.757179	157.994882	83.953118	90.000000	0.000000	0.000000	0.000000	1.676845	33.282567	59.986253	180.000000	180.000000	146.741450	90.000000	180.000000	180.000000	202.005118	90.000000	
91.503883	94.213775	180.000000	230.667564	180.000000	90.000000	88.531350	0.000000	314.835311	0.000000	0.000000	0.000000	89.667635	0.000000	228.059954	180.000000	134.017076	180.000000	225.797118	192.961206	134.199282	270.000000	68.026137	90.000000	180.000000	171.058934	157.994882	84.010125	90.000000	0.000000	0.000000	0.000000	1.676845	33.282567	57.666725	180.000000	180.000000	146.741450	90.000000	180.000000	180.000000	202.005118	90.000000	
84.384819	96.066937	180.000000	230.722368	180.000000	90.000000	88.531350	0.000000	314.835311	0.000000	0.000000	0.000000	88.245367	0.000000	228.059953	180.000000	134.017076	180.000000	225.797118	192.777238	134.199282	270.000000	68.020750	90.000000	180.000000	171.353672	157.994882	84.074749	90.000000	0.000000	0.000000	0.000000	1.212670	33.282567	56.993179	180.000000	180.000000	146.741450	90.000000	180.000000	180.000000	202.005118	90.000000	
92.019683	96.609083	180.000000	230.772552	180.000000	90.000000	88.531350	0.000000	314.835311	0.000000	0.000000	0.000000	94.304764	0.000000	228.059953	180.000000	134.017076	180.000000	225.797118	192.601861	134.199282	270.000000	68.019330	90.000000	180.000000	171.640598	157.994882	84.146874	90.000000	0.000000	0.000000	0.000000	1.065805	33.282567	56.797538	180.000000	180.000000	146.741450	90.000000	180.000000	180.000000	202.005118	90.000000	
84.555222	96.734050	180.000000	230.818135	180.000000	90.000000	88.531350	0.000000	314.835311	0.000000	0.000000	0.000000	89.751178	0.000000	228.059953	180.000000	134.017076	180.000000	225.797118	192.435139	134.199282	270.000000	68.018955	90.000000	180.000000	171.919206	157.994882	92.501014	90.000000	0.000000	0.000000	0.000000	1.019331	33.282567	56.740706	180.000000	180.000000	146.741450	90.000000	180.000000	180.000000	202.005118	90.000000	
92.000876	96.728583	180.000000	230.859134	180.000000	90.000000	88.531350	0.000000	314.835311	0.000000	0.000000	0.000000	94.680802	0.000000	228.059953	180.000000	134.017076	180.000000	225.797118	192.277127	134.199282	270.000000	68.018856	90.000000	180.000000	172.189108	157.994882	86.867536	90.000000	0.000000	0.000000	0.000000	1.004623	33.282567	56.724195	180.000000	180.000000	146.741450	90.000000	180.000000	180.000000	202.005118	90.000000	
84.591277	96.684709	180.000000	230.895571	180.000000	90.000000	88.531350	0.000000	314.835311	0.000000	0.000000	0.000000	89.898860	0.000000	228.059953	180.000000	134.017076	180.000000	225.797118	192.127866	134.199282	270.000000	68.018830	90.000000	180.000000	172.449980	157.994882	85.097963	90.000000	0.000000	0.000000	0.000000	0.999968	33.282567	56.719398	180.000000	180.000000	146.741450	90.000000	180.000000	180.000000	202.005118	90.000000	
91.952230	96.631975	180.000000	230.927468	180.000000	90.000000	88.531350	0.000000	314.835311	0.000000	0.000000	0.000000	94.626620	0.000000	228.059953	180.000000	134.017076	180.000000	225.797118	191.987385	134.199282	270.000000	68.018823	90.000000	180.000000	172.701533	157.994882	92.697183	90.000000	0.000000	0.000000	0.000000	0.998494	33.282567	56.718004	180.000000	180.000000	146.741450	90.000000	180.000000	180.000000	202.005118	90.000000	
84.635191	96.579879	180.000000	230.954852	180.000000	90.000000	88.531350	0.000000	314.835311	0.000000	0.000000	0.000000	89.931735	0.000000	228.059953	180.000000	134.017076	180.000000	225.797118	191.855702	134.199282	270.000000	68.018821	90.000000	180.000000	172.943506	157.994882	87.002001	90.000000	0.000000	0.000000	0.000000	0.998028	33.282567	56.717599	180.000000	180.000000	146.741450	90.000000	180.000000	180.000000	202.005118	90.000000	
91.914773	96.531483	180.000000	230.977746	180.000000	90.000000	88.531350	0.000000	314.835311	0.000000	0.000000	0.000000	94.548284	0.000000	228.059953	180.000000	134.017076	180.000000	225.797118	191.732827	134.199282	270.000000	68.018821	90.000000	180.000000	173.175663	157.994882	93.226579	90.000000	0.000000	0.000000	0.000000	0.997880	33.282567	56.717482	180.000000	180.000000	146.741450	90.000000	180.000000	180.000000	202.005118	90.000000	
84.698189	96.487780	180.000000	230.996181	180.000000	90.000000	88.531350	0.000000	314.835311	0.000000	0.000000	0.000000	95.981454	0.000000	228.059953	180.000000	134.017076	180.000000	225.797118	191.618756	134.199282	270.000000	68.018821	90.000000	180.000000	173.397794	157.994882	87.201900	90.000000	0.000000	0.000000	0.000000	0.997833	33.282567	56.717447	180.000000	180.000000	146.741450	90.000000	180.000000	180.000000	202.005118	90.000000	
91.891779	91.214236	180.000000	231.010184	180.000000	90.000000	88.531350	0.000000	314.835311	0.000000	0.000000	0.000000	90.432043	0.000000	228.059953	180.000000	134.017076	180.000000	225.797118	191.513477	134.199282	270.000000	68.018821	90.000000	180.000000	173.609708	157.994882	93.207823	90.000000	0.000000	0.000000	0.000000	0.997819	33.282567	56.717437	180.000000	180.000000	146.741450	90.000000	180.000000	180.000000	202.005118	90.000000	
84.780852	89.552904	180.000000	231.019787	180.000000	90.000000	88.531350	0.000000	314.835311	0.000000	0.000000	0.000000	94.561029	0.000000	228.059953	180.000000	134.017076	180.000000	225.797118	191.416970	134.199282	270.000000	68.018821	90.000000	180.000000	173.811242	157.994882	87.247232	90.000000	0.000000	0.000000	0.000000	0.997814	33.282567	56.717435	180.000000	180.000000	146.741450	90.000000	180.000000	180.000000	202.005118	90.000000	
91.883439	89.018796	180.000000	231.025022	180.000000	90.000000	88.531350	0.000000	314.835311	0.000000	0.000000	0.000000	95.847283	0.000000	228.059953	180.000000	134.358623	180.000000	225.797118	191.329205	134.199282	270.000000	68.018821	90.000000	180.000000	174.002251	157.994882	93.150924	90.000000	0.000000	0.000000	0.000000	0.997812	33.282567	56.717434	180.000000	180.000000	146.741450	90.000000	180.000000	180.000000	202.005118	90.000000	
84.882900	88.838716	180.000000	231.025921	180.000000	90.000000	88.531350	0.000000	314.835311	0.000000	0.000000	0.000000	96.203148	0.000000	228.059953	180.000000	134.457782	180.000000	225.797118	191.250145	134.199282	270.000000	68.018821	90.000000	180.000000	174.182615	157.994882	87.303321	90.000000	0.000000	0.000000	0.000000	0.997812	33.282567	56.717434	180.000000	180.000000	146.741450	90.000000	180.000000	180.000000	202.005118	90.000000	
91.889684	88.771698	180.000000	231.022520	180.000000	90.000000	88.531350	0.000000	314.835311	0.000000	0.000000	0.000000	96.256970	0.000000	228.059953	180.000000	134.486572	180.000000	225.797118	191.179745	134.199282	270.000000	68.018821	90.000000	180.000000	174.352234	157.994882	93.110477	90.000000	0.000000	0.000000	0.000000	0.997812	33.282567	56.717433	180.000000	180.000000	146.741450	90.000000	180.000000	180.000000	202.005118	90.000000	
93.865330	88.742676	180.000000	231.014853	180.000000	90.000000	88.531350	0.000000	314.835311	0.000000	0.000000	0.000000	92.071682	0.000000	228.059953	180.000000	134.494931	180.000000	225.797118	191.117954	134.199282	270.000000	68.018821	90.000000	180.000000	174.511029	157.994882	87.387326	90.000000	0.000000	0.000000	0.000000	0.997812	33.282567	56.717433	180.000000	180.000000	146.741450	90.000000	180.000000	180.000000	202.005118	90.000000	
85.558018	88.728272	180.000000	231.002957	180.000000	90.000000	88.531350	0.000000	314.835311	0.000000	0.000000	0.000000	90.671717	0.000000	228.059953	180.000000	134.497359	180.000000	225.797118	191.064714	134.199282	270.000000	68.018821	90.000000	180.000000	174.658943	157.994882	93.092185	90.000000	0.000000	0.000000	0.000000	0.997812	33.282567	56.717433	180.000000	180.000000	146.741450	90.000000	180.000000	180.000000	202.005118	90.000000	
92.018109	88.721198	180.000000	230.986869	180.000000	90.000000	88.531350	0.000000	314.835311	0.000000	0.000000	0.000000	90.172198	0.000000	228.059953	180.000000	134.498064	180.000000	225.797118	191.019962	134.199282	270.000000	68.018821	90.000000	180.000000	174.795935	157.994882	94.913945	90.000000	0.000000	0.000000	0.000000	0.997812	33.282567	56.717433	180.000000	180.000000	146.741450	90.000000	180.000000	180.000000	202.005118	90.000000	
93.843639	88.719171	180.000000	230.966628	180.000000	90.000000	88.531350	0.000000	314.835311	0.000000	0.000000	0.000000	89.966437	0.000000	228.059953	180.000000	134.498268	180.000000	225.797118	190.983629	134.199282	270.000000	68.018821	90.000000	180.000000	174.921984	157.994882	88.088710	90.000000	0.000000	0.000000	0.000000	0.997812	33.282567	56.717433	180.000000	180.000000	146.741450	90.000000	180.000000	180.000000	202.005118	90.000000	
94.326821	88.593501	180.000000	230.942271	180.000000	90.000000	88.531350	0.000000	314.835311	0.000000	0.000000	0.000000	89.858866	0.000000	228.059953	180.000000	134.498328	180.000000	225.797118	190.955642	134.199282	270.000000	68.018821	90.000000	180.000000	175.037088	157.994882	93.228224	90.000000	0.000000	0.000000	0.000000	0.997812	33.282567	56.717433	180.000000	180.000000	146.741450	90.000000	180.000000	180.000000	202.005118	90.000000	
94.422389	88.392573	180.000000	230.913839	180.000000	90.000000	88.531350	0.000000	314.835311	0.000000	0.000000	0.000000	89.786446	0.000000	228.059953	180.000000	134.498345	180.000000	225.797118	190.935922	134.199282	270.000000	68.018821	90.000000	180.000000	175.141259	157.994882	94.874691	90.000000	0.000000	0.000000	0.000000	0.997812	33.282567	56.717433	180.000000	180.000000	146.741450	90.000000	180.000000	180.000000	202.005118	90.000000	
94.407969	88.173720	180.000000	230.881371	180.000000	90.000000	88.531350	0.000000	314.835311	0.000000	0.000000	0.000000	89.728855	0.000000	228.059953	180.000000	134.498350	180.000000	225.797118	190.924389	134.199282	270.000000	68.018821	90.000000	180.000000	175.234524	157.994882	95.366081	90.000000	0.000000	0.000000	0.000000	0.997812	37.348648	56.717433	180.000000	180.000000	146.741450	90.000000	180.000000	180.000000	202.005118	90.000000	
94.364316	87.955004	180.000000	230.844908	180.000000	90.000000	88.531350	0.000000	314.835311	0.000000	0.000000	0.000000	89.679536	0.000000	228.059953	180.000000	134.498352	180.000000	225.520201	190.920958	134.199282	270.000000	68.018821	90.000000	180.000000	175.316927	157.994882	95.477699	90.000000	0.000000	0.000000	0.000000	0.997812	38.528358	56.717433	180.000000	180.000000	146.741450	90.000000	180.000000	180.000000	202.005118	90.000000	
94.314929	87.742153	180.000000	230.804492	180.000000	90.000000	88.531350	0.000000	314.835311	0.000000	0.000000	0.000000	89.636362	0.000000	228.059953	180.000000	134.498352	180.000000	225.439807	190.925540	134.199282	270.000000	68.018821	90.000000	180.000000	175.388522	157.994882	95.467081	90.000000	0.000000	0.000000	0.000000	0.997812	38.870879	56.717433	180.000000	180.000000	146.741450	90.000000	180.000000	180.000000	202.005118	90.000000	
94.266653	87.537012	180.000000	230.760163	180.000000	90.000000	88.531350	0.000000	314.835311	0.000000	0.000000	0.000000	89.598633	0.000000	228.059953	180.000000	134.498352	180.000000	225.416465	190.938046	134.199282	270.000000	68.018821	90.000000	180.000000	175.449379	157.994882	95.419806	90.000000	0.000000	0.000000	0.000000	0.997812	38.970341	56.717433	180.000000	180.000000	146.741450	90.000000	180.000000	180.000000	202.005118	90.000000	
94.221487	87.340197	180.000000	230.711964	180.000000	90.000000	88.531350	0.000000	314.835311	0.000000	0.000000	0.000000	89.566104	0.000000	228.059953	180.000000	134.498352	180.000000	225.409688	190.958382	134.199282	270.000000	68.018821	90.000000	180.000000	175.499575	157.994882	95.364327	90.000000	0.000000	0.000000	0.000000	0.997812	38.999225	56.717433	180.000000	180.000000	146.741450	90.000000	180.000000	180.000000	202.005118	90.000000	
94.180022	87.151926	180.000000	230.659937	180.000000	90.000000	88.531350	0.000000	314.835311	0.000000	0.000000	0.000000	89.538675	16.882574	228.059953	180.000000	134.498352	180.000000	225.407719	190.986455	134.199282	270.000000	68.018821	90.000000	180.000000	175.539200	157.994882	90.853900	90.000000	0.000000	0.000000	0.000000	0.997812	39.007614	56.717433	180.000000	180.000000	146.741450	90.000000	180.000000	180.000000	202.005118	90.000000	
94.142435	86.972285	180.000000	230.604123	180.000000	90.000000	88.531350	0.000000	314.835311	0.000000	0.000000	0.000000	89.516292	20.789356	228.059953	180.000000	134.498352	180.000000	225.407148	191.022169	134.199282	270.000000	68.018821	90.000000	180.000000	175.568352	157.994882	89.361925	90.000000	0.000000	0.000000	0.000000	0.997812	39.010050	56.717433	180.000000	180.000000	146.741450	90.000000	180.000000	180.000000	210.013747	90.000000	
94.108785	86.801310	180.000000	230.544567	180.000000	90.000000	88.531350	0.000000	314.835311	0.000000	0.000000	0.000000	89.498913	21.704937	228.059953	180.000000	134.498352	180.000000	225.406982	191.065427	134.199282	270.000000	68.018821	90.000000	180.000000	175.587138	157.994882	88.850601	90.000000	0.000000	0.000000	0.000000	0.997812	39.010758	56.717433	180.000000	180.000000	146.741450	90.000000	180.000000	180.000000	212.333275	90.000000	
89.416631	86.639017	180.000000	230.481310	180.000000	90.000000	88.531350	0.000000	314.835311	0.000000	0.000000	0.000000	89.486499	21.919666	228.059953	180.000000	134.498352	180.000000	225.406934	191.116131	134.199282	270.000000	68.018821	90.000000	180.000000	175.595670	157.994882	88.660318	90.000000	0.000000	0.000000	0.000000	0.997812	39.010964	56.717433	180.000000	180.000000	146.741450	90.000000	180.000000	180.000000	213.006821	90.000000	
88.070918	86.485404	180.000000	230.414396	180.000000	90.000000	88.531350	0.000000	314.835311	0.000000	0.000000	0.000000	89.479012	21.970031	228.059953	180.000000	134.498352	180.000000	225.406920	191.174182	134.199282	270.000000	68.018821	90.000000	180.000000	175.594069	157.994882	88.577306	90.000000	0.000000	0.000000	0.000000	0.997812	39.011023	56.717433	180.000000	180.000000	146.741450	90.000000	180.000000	180.000000	213.202462	90.000000	
87.673282	86.340463	180.000000	230.343867	180.000000	90.000000	88.531350	0.000000	314.835311	0.000000	0.000000	0.000000	89.476410	21.981845	228.059953	180.000000	134.498352	180.000000	225.406916	191.239483	134.199282	270.000000	68.018821	90.000000	180.000000	175.582459	157.994882	88.532307	90.000000	0.000000	0.000000	0.000000	0.997812	39.011041	56.717433	180.000000	180.000000	146.741450	90.000000	180.000000	180.000000	213.259294	90.000000	
87.546068	86.204174	180.000000	230.269767	180.000000	90.000000	88.531350	0.000000	314.835311	0.000000	0.000000	0.000000	89.478651	21.984616	228.059953	180.000000	134.498352	180.000000	225.406914	191.311933	134.199282	270.000000	68.018821	90.000000	180.000000	175.560971	157.994882	88.502883	90.000000	0.000000	0.000000	0.000000	0.997812	39.011046	56.717433	180.000000	180.000000	146.741450	90.000000	180.000000	180.000000	213.275805	90.000000	
87.497584	86.076509	180.000000	230.192139	180.000000	90.000000	88.531350	0.000000	314.835311	0.000000	0.000000	0.000000	89.485692	21.985266	228.059953	180.000000	134.498352	180.000000	225.406914	191.391435	134.199282	270.000000	68.018821	90.000000	180.000000	175.529738	157.994882	88.481760	90.000000	0.000000	0.000000	0.000000	0.997812	39.011047	56.717433	180.000000	180.000000	146.741450	90.000000	180.000000	180.000000	213.280602	90.000000	
87.473629	85.957433	180.000000	230.111025	180.000000	90.000000	88.531350	0.000000	314.835311	0.000000	0.000000	0.000000	89.497486	21.985419	228.059953	180.000000	134.498352	180.000000	225.406914	191.477890	134.199282	270.000000	68.018821	90.000000	180.000000	175.488897	157.994882	88.466563	90.000000	0.000000	0.000000	0.000000	0.997812	39.011048	56.717433	180.000000	180.000000	146.741450	90.000000	180.000000	180.000000	213.281996	90.000000	
87.458881	85.846904	180.000000	230.026469	180.000000	90.000000	88.531350	0.000000	314.835311	0.000000	0.000000	0.000000	89.513986	21.985454	228.059953	180.000000	134.498352	180.000000	225.406914	191.571201	134.199282	270.000000	68.018821	90.000000	180.000000	175.438586	157.994882	88.456502	90.000000	0.000000	0.000000	0.000000	0.997812	39.011048	56.717433	180.000000	180.000000	146.741450	90.000000	180.000000	180.000000	213.282401	90.000000	
87.449005	85.744872	180.000000	229.938514	180.000000	90.000000	88.531350	0.000000	314.835311	0.000000	0.000000	0.000000	89.535146	21.985463	228.059953	180.000000	134.498352	180.000000	225.406914	191.671269	134.199282	270.000000	68.018821	90.000000	180.000000	175.378947	157.994882	88.451300	90.000000	0.000000	0.000000	0.000000	0.997812	39.011048	56.717433	180.000000	180.000000	146.741450	90.000000	180.000000	180.000000	213.282518	90.000000	
87.442764	85.651281	180.000000	229.847202	180.000000	90.000000	88.531350	0.000000	314.835311	0.000000	0.000000	0.000000	89.560914	21.985465	228.059953	180.000000	134.498352	180.000000	225.406914	191.777999	134.199282	270.000000	68.018821	90.000000	180.000000	175.310121	157.994882	88.450841	90.000000	0.000000	0.000000	0.000000	0.997812	39.011048	56.717433	180.000000	180.000000	146.741450	90.000000	180.000000	180.000000	213.282553	90.000000	
87.439797	85.566071	180.000000	231.273748	180.000000	90.000000	88.952691	0.000000	314.835311	0.000000	0.000000	0.000000	89.591241	21.985465	228.059953	180.000000	134.498352	180.000000	225.406914	191.891295	134.199282	270.000000	68.018821	90.000000	180.000000	175.232251	157.994882	88.455060	90.000000	0.000000	0.000000	0.000000	0.997812	39.011048	56.717433	180.000000	180.000000	146.741450	90.000000	180.000000	180.000000	213.282563	90.000000	
87.439987	85.489175	180.000000	231.644862	180.000000	90.000000	89.075342	0.000000	314.835311	0.000000	0.000000	0.000000	89.626075	21.985465	228.059953	180.000000	134.498352	180.000000	225.406914	192.011063	134.199282	270.000000	68.018821	90.000000	180.000000	175.145480	157.994882	88.463911	90.000000	0.000000	0.000000	0.000000	0.997812	39.011048	56.717433	180.000000	180.000000	146.741450	90.000000	180.000000	180.000000	213.282565	90.000000	
87.443287	85.420523	180.000000	231.701687	180.000000	90.000000	89.111049	0.000000	314.835311	0.000000	0.000000	0.000000	89.665364	21.985465	228.059953	180.000000	134.498352	180.000000	225.406914	192.137210	134.199282	270.000000	68.018821	90.000000	180.000000	175.049951	157.994882	88.477349	90.000000	0.000000	0.000000	0.000000	0.997812	39.011048	56.717433	180.000000	180.000000	146.741450	90.000000	180.000000	180.000000	213.282566	90.000000	
87.449669	85.360038	180.000000	231.663639	180.000000	90.000000	89.121445	0.000000	314.835311	0.000000	0.000000	0.000000	89.617015	21.985465	228.059953	180.000000	134.498352	180.000000	225.406914	192.269645	134.199282	270.000000	68.018821	90.000000	180.000000	174.945804	157.994882	88.495330	90.000000	0.000000	0.000000	0.000000	0.997812	39.011048	56.717433	180.000000	180.000000	146.741450	90.000000	180.000000	180.000000	213.282566	90.000000	
87.453983	85.307643	180.000000	231.595644	180.000000	90.000000	89.124472	0.000000	314.835311	0.000000	0.000000	0.000000	89.468910	21.985465	228.059953	180.000000	134.498352	180.000000	225.406914	192.408276	134.199282	270.000000	68.018821	90.000000	180.000000	174.833180	149.986253	88.435227	90.000000	0.000000	0.000000	0.000000	0.997812	39.011048	56.717433	180.000000	180.000000	146.741450	90.000000	180.000000	180.000000	213.282567	90.000000	
87.312237	85.263255	180.000000	231.516919	180.000000	90.000000	89.125354	0.000000	314.835311	0.000000	0.000000	0.000000	89.295534	21.985465	228.059953	180.000000	134.498352	180.000000	225.406914	192.553015	134.199282	270.000000	68.018821	90.000000	180.000000	174.712219	147.666725	88.264063	90.000000	0.000000	0.000000	0.000000	0.997812	39.011048	56.717433	180.000000	180.000000	146.741450	90.000000	180.000000	180.000000	213.282567	90.000000	
87.133643	85.226788	180.000000	231.433164	180.000000	90.000000	89.125611	0.000000	314.835311	0.000000	0.000000	0.000000	89.120812	21.985465	228.059953	180.000000	134.498352	180.000000	225.406914	192.703774	134.199282	270.000000	68.018821	90.000000	180.000000	174.583057	146.993179	88.063429	90.000000	0.000000	0.000000	0.000000	0.997812	39.011048	56.717433	180.000000	180.000000	146.741450	90.000000	180.000000	180.000000	213.282567	90.000000	
86.949205	85.198155	180.000000	231.346091	180.000000	90.000000	89.125686	0.000000	314.835311	0.000000	0.000000	0.000000	88.952440	21.985465	228.059953	180.000000	134.498352	180.000000	225.406914	192.860468	134.199282	270.000000	68.018821	90.000000	180.000000	174.445831	146.797538	87.859828	90.000000	0.000000	0.000000	0.000000	0.997812	39.011048	56.717433	180.000000	180.000000	146.741450	90.000000	180.000000	180.000000	213.282567	90.000000	
86.767760	85.177265	180.000000	231.256232	180.000000	90.000000	89.125707	0.000000	314.835311	0.000000	0.000000	0.000000	88.792891	21.985465	228.059953	180.000000	134.498352	180.000000	225.406914	193.023012	134.199282	270.000000	68.018821	90.000000	180.000000	174.300672	146.740706	87.661901	90.000000	0.000000	0.000000	0.000000	0.997812	39.011048	56.717433	180.000000	180.000000	146.741450	90.000000	180.000000	180.000000	213.282567	90.000000	
86.591848	85.164027	180.000000	231.163772	180.000000	90.000000	89.125714	0.000000	314.835311	0.000000	0.000000	0.000000	88.642952	21.985465	228.059953	180.000000	134.498352	180.000000	225.406914	193.191324	134.199282	270.000000	68.018821	90.000000	180.000000	174.147711	146.724195	87.472483	90.000000	0.000000	0.000000	0.000000	0.997812	39.011048	56.717433	180.000000	180.000000	146.741450	90.000000	180.000000	180.000000	213.282567	90.000000	
86.422214	85.158347	180.000000	231.068794	180.000000	90.000000	89.125716	0.000000	314.835311	0.000000	0.000000	0.000000	88.502856	21.985465	228.059953	180.000000	134.498352	180.000000	225.406914	193.365324	134.487695	270.000000	68.018821	90.000000	180.000000	173.987076	146.719398	87.292509	90.000000	0.000000	0.000000	0.000000	0.997812	39.011048	56.717433	180.000000	180.000000	146.741450	90.000000	180.000000	180.000000	213.282567	90.000000	
86.259087	85.160130	180.000000	230.971349	180.000000	90.000000	89.125716	0.000000	314.835311	0.000000	0.000000	0.000000	88.372651	21.985465	228.059953	180.000000	134.498352	180.000000	225.406914	205.532594	134.563630	270.000000	68.018821	90.000000	180.000000	173.818892	146.718004	87.122287	90.000000	0.000000	0.000000	0.000000	0.997812	39.011048	56.717433	180.000000	180.000000	146.741450	90.000000	180.000000	180.000000	213.282567	90.000000	
86.102545	85.169280	180.000000	230.871480	180.000000	90.000000	89.125716	0.000000	314.892637	0.000000	0.000000	0.000000	88.252322	21.985465	228.059953	180.000000	134.498352	180.000000	225.406914	197.682420	134.583624	270.000000	68.018821	90.000000	180.000000	173.643281	146.717599	86.961914	90.000000	0.000000	0.000000	0.000000	0.997812	39.011048	56.717433	180.000000	180.000000	146.741450	90.000000	180.000000	180.000000	213.282567	90.000000	
85.952619	85.185701	180.000000	230.769225	180.000000	90.000000	89.125716	0.000000	314.909280	0.000000	0.000000	0.000000	88.141822	21.985465	228.059953	180.000000	134.498352	180.000000	225.406914	195.127426	134.588889	270.000000	68.018821	90.000000	180.000000	173.460362	146.717482	86.811409	90.000000	0.000000	0.000000	0.000000	0.997812	39.011048	56.717433	180.000000	180.000000	146.741450	90.000000	180.000000	180.000000	213.282567	90.000000	
85.809321	85.209296	180.000000	230.664624	180.000000	90.000000	89.125716	0.000000	314.914112	0.000000	0.000000	0.000000	88.041093	21.985465	228.059953	180.000000	134.498352	180.000000	225.406914	206.200277	134.590276	270.000000	68.018821	90.000000	180.000000	173.270250	146.717447	86.670758	90.000000	0.000000	0.000000	0.000000	0.997812	39.011048	56.717433	180.000000	180.000000	146.741450	90.000000	180.000000	180.000000	213.282567	90.000000	
85.672653	85.239968	180.000000	224.554229	180.000000	90.000000	89.125716	0.000000	314.915516	0.000000	0.000000	0.000000	87.950065	21.985465	228.059953	180.000000	134.498352	180.000000	225.406914	198.142558	134.590641	270.000000	68.018821	90.000000	180.000000	173.073058	146.717437	86.539930	90.000000	0.000000	0.000000	0.000000	0.997812	39.011048	56.717433	180.000000	180.000000	146.741450	90.000000	180.000000	180.000000	213.282567	90.000000	
85.542613	85.277619	180.000000	228.754402	180.000000	90.000000	89.125716	0.000000	314.915923	0.000000	0.000000	0.000000	87.868662	21.985465	228.059953	180.000000	134.498352	179.984489	225.406914	195.544688	134.590737	270.000000	68.018821	90.000000	180.000000	172.868895	146.717435	86.418880	90.000000	0.000000	0.000000	0.000000	0.997812	39.011048	56.717433	180.000000	180.000000	146.741450	90.000000	180.000000	180.000000	213.282567	90.000000	
85.419192	85.322152	180.000000	229.902383	180.000000	90.000000	89.125716	0.000000	314.916041	0.000000	0.000000	0.000000	87.796799	21.985465	228.059953	180.000000	134.498352	179.817358	225.406914	206.426007	134.590762	270.000000	68.018821	90.000000	180.000000	172.657867	146.717434	86.307556	90.000000	0.000000	0.000000	0.000000	0.997812	39.011048	56.717433	180.000000	180.000000	146.741450	90.000000	180.000000	180.000000	213.282567	90.000000	
85.302375	85.373470	180.000000	224.274158	180.000000	90.000000	89.125716	0.000000	314.916076	0.000000	0.000000	0.000000	87.734387	21.985465	228.059953	180.000000	134.498352	179.601928	225.406914	198.491109	134.590769	270.000000	68.018821	90.000000	180.000000	172.440077	146.717434	86.205894	90.000000	0.000000	0.000000	0.000000	0.997812	39.011048	56.717433	180.000000	180.000000	146.741450	90.000000	180.000000	180.000000	213.282567	90.000000	
85.192142	94.487184	180.000000	228.491041	180.000000	90.000000	89.125716	0.000000	314.916086	0.000000	0.000000	0.000000	87.681331	21.985465	228.059953	180.000000	134.498352	179.371468	225.406914	207.472610	134.590771	270.000000	68.018821	90.000000	180.000000	172.215624	146.717433	86.113825	90.000000	0.000000	0.000000	0.000000	0.997812	39.011048	56.717433	180.000000	180.000000	146.741450	90.000000	180.000000	180.000000	213.282567	90.000000	
85.088472	88.211377	180.000000	223.835373	180.000000	90.000000	89.125716	0.000000	314.916089	0.000000	0.000000	0.000000	87.637532	21.985465	228.059953	180.000000	134.498352	179.135153	225.406914	198.998235	134.590771	270.000000	68.018821	90.000000	180.000000	171.984604	146.717433	86.031272	90.000000	0.000000	0.000000	0.000000	0.997812	39.011048	56.717433	180.000000	180.000000	146.741450	90.000000	180.000000	180.000000	213.282567	90.000000	
84.991335	86.279098	180.000000	228.252945	180.000000	90.000000	89.125716	0.000000	314.916089	0.000000	0.000000	0.000000	87.602885	21.985465	228.059953	180.000000	134.498352	178.897616	225.406914	207.688507	134.590771	270.000000	68.018821	90.000000	180.000000	171.747109	146.717433	85.958151	90.000000	0.000000	0.000000	0.000000	0.997812	39.011048	56.717433	180.000000	180.000000	146.741450	90.000000	180.000000	180.000000	213.282567	90.000000	
84.900699	94.657069	180.000000	223.736933	180.000000	90.000000	89.125716	0.000000	314.916090	0.000000	0.000000	0.000000	87.577285	21.985465	228.059953	180.000000	134.498352	178.659894	225.406914	199.243175	134.590771	270.000000	68.018821	90.000000	180.000000	171.503229	146.717433	85.894373	90.000000	0.000000	0.000000	0.000000	0.997812	39.011048	56.717433	180.000000	180.000000	146.741450	90.000000	180.000000	180.000000	213.282567	90.000000	
84.816531	88.283331	180.000000	228.106512	180.000000	90.000000	89.125716	0.000000	314.916090	0.000000	0.000000	0.000000	87.560620	21.985465	228.059953	180.000000	134.498352	178.422423	225.406914	207.824226	134.590771	270.000000	68.018821	90.000000	180.000000	171.253049	146.717433	85.839843	90.000000	0.000000	0.000000	0.000000	0.997812	39.011048	56.717433	180.000000	180.000000	146.741450	90.000000	180.000000	180.000000	213.282567	90.000000	
84.738789	95.192347	180.000000	223.665238	180.000000	90.000000	89.125716	0.000000	314.916090	0.000000	0.000000	0.000000	87.552778	21.985465	228.059953	180.000000	134.498352	178.185445	225.406914	199.478962	134.590771	270.000000	68.018821	90.000000	180.000000	159.835026	146.717433	85.794463	90.000000	0.000000	0.000000	0.000000	0.997812	39.011048	56.717433	180.000000	180.000000	146.741450	90.000000	180.000000	180.000000	213.282567	90.000000	
84.667433	88.440750	180.000000	227.960439	180.000000	90.000000	89.125716	0.000000	314.916090	0.000000	0.000000	0.000000	87.553645	21.985465	228.059953	180.000000	134.498352	177.949140	225.406914	207.967146	134.590771	270.000000	68.018821	90.000000	180.000000	166.889532	146.717433	85.758129	90.000000	0.000000	0.000000	0.000000	0.997812	39.011048	56.717433	180.000000	180.000000	146.741450	90.000000	180.000000	180.000000	213.282567	90.000000	
84.602417	95.154149	180.000000	223.593830	180.000000	90.000000	89.125716	0.000000	314.916090	0.000000	0.000000	0.000000	87.563105	21.985465	228.059953	180.000000	134.498352	177.713674	225.406914	199.734541	134.590771	270.000000	68.018821	90.000000	180.000000	169.223126	146.717433	85.730735	90.000000	0.000000	0.000000	0.000000	0.997812	39.011048	56.717433	180.000000	180.000000	146.741450	90.000000	180.000000	180.000000	213.282567	90.000000	
84.543694	88.439219	180.000000	227.807185	180.000000	90.000000	89.125716	0.000000	314.916090	0.000000	0.000000	0.000000	87.581040	21.985465	228.059953	180.000000	134.498352	177.479207	225.406914	208.127309	134.590771	270.000000	68.018821	90.000000	180.000000	158.961550	146.717433	85.712173	90.000000	0.000000	0.000000	0.000000	0.997812	39.011048	56.717433	180.000000	180.000000	146.741450	90.000000	180.000000	180.000000	213.282567	90.000000	
84.491213	95.076796	180.000000	223.520563	180.000000	90.000000	89.125716	0.000000	314.916090	0.000000	0.000000	0.000000	87.607331	21.985465	228.059953	180.000000	134.498352	177.245897	225.406914	200.012856	134.590771	270.000000	68.018821	90.000000	180.000000	166.186658	146.717433	85.702329	90.000000	0.000000	0.000000	0.000000	0.997812	39.011048	56.717433	180.000000	180.000000	146.741450	90.000000	180.000000	180.000000	213.282567	90.000000	
84.444922	88.446706	180.000000	222.274085	180.000000	90.000000	89.125716	0.000000	314.916090	0.000000	0.000000	0.000000	87.641859	21.985465	228.059953	180.000000	134.498352	177.013906	225.406914	208.305784	134.590771	270.000000	68.018821	90.000000	180.000000	168.549942	146.717433	85.701092	90.000000	0.000000	0.000000	0.000000	0.997812	39.011048	56.717433	180.000000	180.000000	146.741450	90.000000	180.000000	180.000000	213.282567	90.000000	
84.404766	95.013677	180.000000	221.911334	180.000000	90.000000	89.125716	0.000000	314.916090	0.000000	0.000000	0.000000	87.684507	21.985465	228.059953	180.000000	134.498352	176.783395	225.406914	200.313860	134.590771	270.000000	68.018821	90.000000	180.000000	158.565325	146.717433	85.708345	90.000000	0.000000	0.000000	0.000000	0.721017	39.011048	56.717433	180.000000	180.000000	146.741450	90.000000	180.000000	180.000000	213.282567	90.000000	
84.370689	88.479541	180.000000	221.805748	180.000000	90.000000	89.125716	0.000000	314.916090	0.000000	0.000000	0.000000	94.393915	21.985465	228.059953	180.000000	134.498352	176.554528	225.406914	208.502599	134.590771	270.000000	68.018821	90.000000	180.000000	165.611670	146.717433	85.723972	90.000000	0.000000	0.000000	0.000000	0.633435	39.011048	56.717433	180.000000	180.000000	146.741450	90.000000	180.000000	180.000000	213.282567	90.000000	
84.342633	94.970046	180.000000	221.775013	180.000000	90.000000	89.125716	0.000000	314.916090	0.000000	0.000000	0.000000	89.830654	21.985465	228.059953	180.000000	134.498352	176.327470	225.406914	200.637176	134.590771	270.000000	68.018821	90.000000	180.000000	157.403263	146.717433	85.747856	90.000000	0.000000	0.000000	0.000000	0.605719	39.011048	56.717433	180.000000	180.000000	146.741450	90.000000	180.000000	180.000000	213.282567	90.000000	
84.320540	88.538895	180.000000	221.766065	180.000000	90.000000	89.125716	0.000000	314.916090	0.000000	0.000000	0.000000	88.398047	21.985465	228.059953	180.000000	134.498352	176.102386	225.406914	208.717664	134.590771	270.000000	68.018821	90.000000	180.000000	164.933647	146.717433	85.779879	90.000000	0.000000	0.000000	0.000000	0.596947	39.011048	56.717433	180.000000	180.000000	146.741450	90.000000	180.000000	180.000000	213.282567	90.000000	
84.304348	94.946313	180.000000	221.763459	180.000000	90.000000	89.125716	0.000000	314.916090	0.000000	0.000000	0.000000	94.464198	21.985465	228.059953	180.000000	134.498352	175.879439	225.406914	200.982407	134.590771	270.000000	68.018821	90.000000	180.000000	157.064320	146.717433	85.819923	90.000000	0.000000	0.000000	0.000000	0.594171	39.011048	56.717433	180.000000	180.000000	146.741450	90.000000	180.000000	180.000000	213.282567	90.000000	
84.293995	96.925072	180.000000	221.762701	180.000000	90.000000	89.125716	0.000000	314.916090	0.000000	0.000000	0.000000	89.892209	21.985465	228.059953	180.000000	134.498352	175.658798	225.406914	194.583963	134.590771	270.000000	68.018821	90.000000	180.000000	164.525303	146.717433	85.867871	90.000000	0.000000	0.000000	0.000000	0.593292	39.011048	56.717433	180.000000	180.000000	146.741450	90.000000	180.000000	180.000000	213.282567	90.000000	
84.289420	89.225019	180.000000	221.762480	180.000000	90.000000	89.125716	0.000000	314.916090	0.000000	0.000000	0.000000	94.830235	21.985465	228.059953	180.000000	134.498352	175.440625	225.406914	192.592986	134.590771	270.000000	68.018821	90.000000	180.000000	156.812406	146.717433	85.923604	90.000000	0.000000	0.000000	0.000000	0.593014	39.011048	56.717433	180.000000	180.000000	146.741450	90.000000	180.000000	180.000000	213.282567	90.000000	
84.290559	95.069907	180.000000	221.762415	180.000000	90.000000	89.125716	0.000000	314.916090	0.000000	0.000000	0.000000	90.025897	21.985465	228.059953	180.000000	134.498352	175.225087	225.406914	191.998345	134.590771	270.000000	68.018821	90.000000	180.000000	164.128633	146.717433	93.898765	90.000000	0.000000	0.000000	0.000000	0.592926	39.011048	56.717433	180.000000	180.000000	146.741450	90.000000	180.000000	180.000000	213.282567	90.000000	
84.297348	96.880068	180.000000	221.762397	180.000000	90.000000	89.125716	0.000000	314.916090	0.000000	0.000000	0.000000	94.765613	21.985465	228.059953	180.000000	134.498352	175.012346	225.406914	191.847656	134.590771	270.000000	68.018821	90.000000	180.000000	156.552106	146.717433	88.502527	90.000000	0.000000	0.000000	0.000000	0.592898	39.011048	56.717433	180.000000	180.000000	146.741450	90.000000	180.000000	180.000000	213.282567	90.000000	
84.309723	97.402585	180.000000	221.762391	180.000000	90.000000	89.125716	0.000000	314.916090	0.000000	0.000000	0.000000	90.044839	21.985465	228.059953	180.000000	134.498352	174.802566	225.406914	191.839532	134.590771	270.000000	68.018821	90.000000	180.000000	174.560411	146.717433	86.795582	90.000000	0.000000	0.000000	0.000000	0.592889	39.011048	56.717433	180.000000	180.000000	146.741450	90.000000	180.000000	180.000000	213.282567	90.000000	
84.327619	97.515825	180.000000	221.762390	180.000000	90.000000	89.125716	0.000000	314.916090	0.000000	0.000000	0.000000	94.676868	21.985465	228.059953	180.000000	134.498352	174.595907	225.406914	191.878780	134.590771	270.000000	68.018821	90.000000	180.000000	172.240842	146.717433	94.051952	90.000000	0.000000	0.000000	0.000000	0.592886	39.011048	56.717433	180.000000	180.000000	146.741450	90.000000	180.000000	180.000000	213.282567	90.000000	
84.350971	97.501276	180.000000	221.762389	180.000000	90.000000	89.125716	0.000000	314.916090	0.000000	0.000000	0.000000	90.080330	21.985465	228.059953	180.000000	134.498352	174.392529	225.406914	191.935387	134.590771	270.000000	68.018821	90.000000	180.000000	171.418817	146.717433	88.595410	90.000000	0.000000	0.000000	0.000000	0.592885	39.011048	56.717433	180.000000	180.000000	146.741450	90.000000	180.000000	180.000000	213.282567	90.000000	
84.379715	97.449191	180.000000	221.762389	180.000000	90.000000	89.125716	0.000000	314.916090	0.000000	0.000000	0.000000	94.607001	21.985465	228.059953	180.000000	134.498352	174.192588	225.406914	191.999894	134.590771	270.000000	68.018821	90.000000	180.000000	171.108497	146.717433	94.536496	90.000000	0.000000	0.000000	0.000000	0.592885	39.011048	56.717433	180.000000	180.000000	146.741450	90.000000	180.000000	180.000000	213.282567	90.000000	
84.413786	97.388525	180.000000	221.762389	180.000000	90.000000	89.125716	0.000000	314.916090	0.000000	0.000000	0.000000	96.015660	21.985465	228.059953	180.000000	134.498352	173.996240	225.406914	192.069313	134.590771	270.000000	68.018821	90.000000	180.000000	170.970507	146.717433	88.764244	90.000000	0.000000	0.000000	0.000000	0.592885	39.011048	56.717433	180.000000	180.000000	146.741450	90.000000	180.000000	180.000000	213.282567	90.000000	
84.453118	97.328582	180.000000	221.762389	180.000000	90.000000	89.125716	0.000000	314.916090	0.000000	0.000000	0.000000	96.404477	21.985465	228.059953	180.000000	134.498352	173.803636	225.406914	192.142684	134.590771	270.000000	68.018821	90.000000	180.000000	170.888267	146.717433	94.497948	90.000000	0.000000	0.000000	0.000000	0.592885	39.011048	56.717433	180.000000	180.000000	146.741450	90.000000	180.000000	180.000000	213.282567	90.000000	
84.497647	97.272359	180.000000	221.762389	180.000000	90.000000	89.125716	0.000000	314.916090	0.000000	0.000000	0.000000	96.462056	21.985465	228.059953	180.000000	134.498352	173.614925	225.406914	192.219686	134.590771	270.000000	68.018821	90.000000	180.000000	170.821851	146.717433	88.786736	90.000000	0.000000	0.000000	0.000000	0.592885	39.011048	56.717433	180.000000	180.000000	146.741450	90.000000	180.000000	180.000000	213.282567	90.000000	
84.547309	97.220835	180.000000	221.762389	180.000000	90.000000	89.125716	0.000000	314.916090	0.000000	0.000000	0.000000	96.414733	21.985465	228.059953	180.000000	134.498352	173.430254	225.406914	192.300192	134.590771	270.000000	68.018821	90.000000	180.000000	170.757638	146.717433	94.424152	90.000000	0.000000	0.000000	0.000000	0.592885	39.011048	56.717433	180.000000	180.000000	146.741450	90.000000	180.000000	180.000000	213.282567	90.000000	
84.602040	91.819696	180.000000	221.762389	180.000000	90.000000	89.125716	0.000000	314.916090	0.000000	0.000000	0.000000	96.336950	21.985465	228.059953	180.000000	134.498352	173.249765	225.406914	192.384141	134.590771	270.000000	68.018821	90.000000	180.000000	170.691011	146.717433	88.821455	90.000000	0.000000	0.000000	0.000000	0.592885	39.011048	56.717433	180.000000	180.000000	146.741450	90.000000	180.000000	180.000000	213.282567	90.000000	
93.801060	90.114974	180.000000	221.762389	180.000000	90.000000	89.125716	0.000000	314.916090	0.000000	0.000000	0.000000	92.086155	21.985465	228.059953	180.000000	134.498352	173.073596	225.406914	192.471488	134.590771	270.000000	68.018821	90.000000	180.000000	170.620433	146.717433	94.367403	90.000000	0.000000	0.000000	0.000000	0.592885	39.011048	56.717433	180.000000	180.000000	146.741450	90.000000	180.000000	180.000000	213.282567	90.000000	
87.199859	89.563550	180.000000	221.762389	180.000000	90.000000	89.125716	0.000000	314.916090	0.000000	0.000000	0.000000	90.666466	21.985465	228.059953	180.000000	134.498352	172.901883	225.406914	192.562193	134.590771	270.000000	68.018821	90.000000	180.000000	170.545412	146.717433	88.884870	90.000000	0.000000	0.000000	0.000000	0.592885	39.011048	56.717433	180.000000	180.000000	146.741450	90.000000	180.000000	180.000000	213.282567	90.000000	
85.372125	89.374309	180.000000	221.762389	180.000000	90.000000	89.125716	0.000000	314.916090	0.000000	0.000000	0.000000	90.161811	21.985465	228.059953	180.000000	134.498352	172.734755	225.406914	192.656220	134.590771	270.000000	68.018821	90.000000	180.000000	170.465817	146.717433	94.333180	90.000000	0.000000	0.000000	0.000000	0.592885	39.011048	56.717433	180.000000	180.000000	146.741450	90.000000	180.000000	180.000000	213.282567	90.000000	
93.917636	89.300702	180.000000	221.762389	180.000000	90.000000	89.125716	0.000000	314.916090	0.000000	0.000000	0.000000	89.955567	21.985465	228.059953	180.000000	134.498352	172.572340	225.406914	192.753532	134.590771	270.000000	68.018821	90.000000	180.000000	170.381636	146.717433	96.065129	90.000000	0.000000	0.000000	0.000000	0.592885	39.011048	56.717433	180.000000	180.000000	146.741450	90.000000	180.000000	180.000000	213.282567	90.000000	
87.267982	89.265919	180.000000	221.762389	180.000000	90.000000	89.125716	0.000000	314.916090	0.000000	0.000000	0.000000	89.848995	21.985465	228.059953	180.000000	134.498352	172.414759	225.406914	192.854090	134.590771	270.000000	68.018821	90.000000	180.000000	170.292900	146.717433	96.570582	90.000000	0.000000	0.000000	0.000000	0.592885	39.011048	56.717433	180.000000	180.000000	146.741450	90.000000	180.000000	180.000000	213.282567	90.000000	
94.371135	89.246038	180.000000	221.762389	180.000000	90.000000	89.125716	0.000000	314.916090	0.000000	0.000000	0.000000	89.778042	21.985465	228.059953	180.000000	134.498352	172.262129	225.406914	192.957857	134.590771	270.000000	68.018821	90.000000	180.000000	170.199657	146.717433	96.673277	90.000000	0.000000	0.000000	0.000000	0.592885	39.011048	56.717433	180.000000	180.000000	146.741450	90.000000	180.000000	180.000000	213.282567	90.000000	
87.397312	89.233599	180.000000	221.762389	180.000000	90.000000	89.125716	0.000000	314.916090	0.000000	0.000000	0.000000	89.722062	21.985465	228.059953	180.000000	134.498352	172.114564	225.406914	193.064796	134.590771	270.000000	68.018821	90.000000	180.000000	170.101959	146.717433	96.646276	90.000000	0.000000	0.000000	0.000000	0.592885	39.011048	56.717433	180.000000	180.000000	146.741450	90.000000	180.000000	180.000000	213.282567	90.000000	
94.327271	89.226268	180.000000	221.762389	180.000000	90.000000	89.125716	0.000000	314.916090	0.000000	0.000000	0.000000	89.674395	21.985465	228.059953	180.000000	134.498352	171.972171	225.406914	193.174869	134.590771	270.000000	68.018821	90.000000	180.000000	169.999862	146.717433	96.580154	90.000000	0.000000	0.000000	0.000000	0.592885	39.011048	56.717433	180.000000	180.000000	146.741450	90.000000	180.000000	180.000000	213.282567	90.000000	
87.402776	89.223299	180.000000	221.762389	180.000000	90.000000	89.125716	0.000000	314.916090	0.000000	0.000000	0.000000	89.632881	21.985465	226.996759	180.000000	134.498352	171.835052	225.406914	193.288038	134.590771	270.000000	68.018821	90.000000	180.000000	169.893423	146.717433	96.504981	90.000000	0.000000	0.000000	0.000000	0.592885	39.011048	56.717433	180.000000	180.000000	146.741450	90.000000	180.000000	180.000000	213.282567	90.000000	
94.256825	89.131867	180.000000	221.762389	180.000000	90.000000	89.125716	0.000000	314.916090	0.000000	0.000000	0.000000	89.596808	21.985465	226.688104	180.000000	134.498352	171.703305	225.406914	193.404265	134.590771	270.000000	68.018821	90.000000	180.000000	169.782700	146.717433	96.430758	90.000000	0.000000	0.000000	0.000000	0.592885	39.011048	56.717433	180.000000	180.000000	146.741450	90.000000	180.000000	180.000000	213.282567	90.000000	
87.417657	88.940437	180.000000	221.762389	180.000000	90.000000	89.125716	0.000000	314.916090	0.000000	0.000000	0.000000	89.565927	21.985465	226.598488	180.000000	134.498352	171.577024	225.406914	193.523511	134.590771	270.000000	68.018821	90.000000	180.000000	169.667753	146.717433	96.360826	90.000000	0.000000	0.000000	0.000000	0.592885	39.011048	56.717433	180.000000	180.000000	146.741450	90.000000	180.000000	180.000000	213.282567	90.000000	
94.198148	88.723335	180.000000	221.762389	180.000000	90.000000	89.125716	0.000000	314.916090	0.000000	0.000000	0.000000	89.540137	21.985465	226.572466	180.000000	134.498352	171.456295	225.406914	193.645739	134.590771	270.000000	59.733373	90.000000	180.000000	169.548641	146.717433	91.648046	90.000000	0.000000	0.000000	0.000000	0.592885	39.011048	56.717433	180.000000	180.000000	146.741450	90.000000	180.000000	180.000000	213.282567	90.000000	
87.452488	88.503936	180.000000	221.762389	180.000000	90.000000	89.125716	0.000000	314.916090	0.000000	0.000000	0.000000	89.519381	21.985465	226.564910	163.752326	134.498352	171.341201	225.406914	193.770910	134.590771	270.000000	57.557969	90.000000	180.000000	169.425426	146.717433	90.088133	90.000000	0.000000	0.000000	0.000000	0.592885	39.011048	56.717433	180.000000	180.000000	146.741450	90.000000	180.000000	180.000000	213.282567	90.000000	
94.154317	88.289632	180.000000	221.762389	180.000000	90.000000	89.125716	0.000000	314.916090	0.000000	0.000000	0.000000	89.503619	21.985465	226.562716	159.519680	134.498352	171.231819	225.406914	193.898987	134.590771	270.000000	56.985129	90.000000	180.000000	169.298169	146.717433	89.551620	90.000000	0.000000	0.000000	0.000000	0.592885	39.011048	56.717433	180.000000	180.000000	146.741450	90.000000	180.000000	180.000000	213.282567	90.000000	
87.507804	88.082793	180.000000	221.762389	180.000000	90.000000	89.125716	0.000000	314.916090	0.000000	0.000000	0.000000	89.492809	21.985465	226.562078	158.404674	134.498352	171.128220	225.406914	194.029932	134.590771	270.000000	56.834245	90.000000	180.000000	169.166932	146.717433	89.349829	90.000000	0.000000	0.000000	0.000000	0.592885	39.011048	52.651352	180.000000	180.000000	146.741450	90.000000	180.000000	180.000000	213.282567	90.000000	
94.125518	87.884199	180.000000	221.762389	180.000000	90.000000	89.125716	0.000000	314.916090	0.000000	0.000000	0.000000	89.486913	21.985465	226.561893	158.110707	134.498352	171.030473	225.406914	194.163707	134.590771	270.000000	56.794500	90.000000	180.000000	169.031777	146.717433	89.259706	90.000000	0.000000	0.000000	0.000000	0.592885	39.011048	51.471642	180.000000	180.000000	146.741450	90.000000	180.000000	180.000000	213.282567	90.000000	
87.583322	87.694123	180.000000	221.762389	180.000000	90.000000	89.125716	0.000000	314.916090	0.000000	0.000000	0.000000	89.485888	21.985465	226.561839	158.033195	134.498352	170.938637	225.406914	194.300275	134.590771	270.000000	56.784030	90.000000	180.000000	168.892766	146.717433	89.209021	90.000000	0.000000	0.000000	0.000000	0.592885	39.011048	51.129121	180.000000	180.000000	142.513914	90.000000	180.000000	180.000000	213.282567	90.000000	
94.111689	87.512670	180.000000	221.762389	180.000000	90.000000	89.125716	0.000000	314.916090	0.000000	0.000000	0.000000	89.489692	21.985465	226.561824	158.012754	134.498352	170.852771	225.406914	194.439599	134.590771	270.000000	56.781272	90.000000	180.000000	168.749962	146.717433	89.174390	90.000000	0.000000	0.000000	0.000000	0.592885	39.011048	51.029659	180.000000	180.000000	141.401666	90.000000	180.000000	180.000000	213.282567	90.000000	
95.940648	87.339882	180.000000	221.762389	180.000000	90.000000	89.125716	0.000000	314.916090	0.000000	0.000000	0.000000	89.498281	21.985465	226.561819	158.007364	134.498352	170.772926	225.406914	194.581642	134.590771	270.000000	56.780545	90.000000	180.000000	168.603426	146.717433	89.148231	90.000000	0.000000	0.000000	0.000000	0.592885	39.011048	51.000775	180.000000	180.000000	141.108803	90.000000	180.000000	180.000000	213.282567	90.000000	
88.186809	87.175778	180.000000	221.762389	180.000000	90.000000	89.125716	0.000000	314.916090	0.000000	0.000000	0.000000	89.511608	21.985465	226.561818	158.005942	134.498352	170.699148	225.406914	194.726368	134.590771	270.000000	56.780354	90.000000	180.000000	168.453221	146.717433	89.128077	90.000000	0.000000	0.000000	0.000000	0.592885	39.011048	50.992386	180.000000	180.000000	141.031681	90.000000	180.000000	180.000000	213.282567	90.000000	
94.203214	87.020361	180.000000	221.762389	180.000000	90.000000	89.125716	0.000000	314.916090	0.000000	0.000000	0.000000	89.529626	21.985465	226.561818	158.005567	134.498352	170.631479	225.406914	194.873741	134.590771	270.000000	56.780303	90.000000	180.000000	168.299409	146.717433	89.113107	90.000000	0.000000	0.000000	0.000000	0.592885	39.011048	50.989950	180.000000	180.000000	141.011370	90.000000	180.000000	180.000000	213.282567	90.000000	
95.892886	86.873622	180.000000	221.762389	180.000000	90.000000	89.125716	0.000000	314.916090	0.000000	0.000000	0.000000	89.552287	21.985465	226.561817	158.005468	134.498352	170.569956	225.406914	195.023724	134.590771	270.000000	56.780290	90.000000	180.000000	168.142052	146.717433	89.103033	90.000000	0.000000	0.000000	0.000000	0.592885	39.011048	50.989242	180.000000	180.000000	141.006021	90.000000	180.000000	180.000000	213.282567	90.000000	
96.332109	86.735544	180.000000	221.762389	180.000000	90.000000	89.125716	0.000000	314.916090	0.000000	0.000000	0.000000	89.579540	21.985465	226.561817	158.005442	134.498352	170.514613	225.406914	195.176283	134.590771	270.000000	56.780286	90.000000	180.000000	167.981210	146.717433	89.097739	90.000000	0.000000	0.000000	0.000000	0.592885	39.011048	50.989036	180.000000	180.000000	141.004612	90.000000	180.000000	180.000000	213.282567	90.000000	
96.411274	86.606101	180.000000	221.762389	180.000000	90.000000	89.125716	0.000000	314.916090	0.000000	0.000000	0.000000	89.611336	21.985465	226.561817	158.005435	134.498352	170.465476	225.406914	195.331383	134.590771	270.000000	56.780285	90.000000	180.000000	167.816944	146.717433	89.097160	90.000000	0.000000	0.000000	0.000000	0.592885	39.011048	50.988977	180.000000	180.000000	141.004241	90.000000	180.000000	180.000000	213.282567	90.000000	
96.388713	86.485259	180.000000	221.762389	180.000000	90.000000	89.125716	0.000000	314.916090	0.000000	0.000000	0.000000	89.647621	21.985465	226.561817	158.005434	134.498352	170.422570	225.406914	195.488989	134.590771	270.000000	56.780285	90.000000	180.000000	167.649315	146.717433	89.101250	90.000000	0.000000	0.000000	0.000000	0.592885	39.011048	50.988959	180.000000	180.000000	141.004143	90.000000	180.000000	180.000000	213.282567	90.000000	
96.339404	86.372978	180.000000	221.762389	180.000000	90.000000	89.125716	0.000000	314.916090	0.000000	0.000000	0.000000	89.688344	21.985465	226.561817	158.005433	134.498352	170.385913	225.406914	195.649068	134.590771	270.000000	56.780285	90.000000	180.000000	167.478380	146.717433	89.109965	90.000000	0.000000	0.000000	0.000000	0.592885	39.011048	50.988954	180.000000	180.000000	141.004117	90.000000	180.000000	180.000000	213.282567	90.000000	
96.285121	86.269208	180.000000	221.762389	180.000000	90.000000	89.125716	0.000000	314.916090	0.000000	0.000000	0.000000	89.586257	21.985465	226.561817	158.005433	134.498352	170.355522	225.406914	195.811586	134.590771	270.000000	56.780285	90.000000	180.000000	167.304199	146.717433	89.123264	90.000000	0.000000	0.000000	0.000000	0.592885	39.011048	50.988953	180.000000	180.000000	141.004110	90.000000	180.000000	180.000000	213.282567	90.000000	
96.232194	86.173896	180.000000	221.762389	180.000000	90.000000	89.376561	0.000000	314.916090	0.000000	0.000000	0.000000	89.423105	21.985465	226.561817	158.005433	134.498352	170.331406	225.406914	195.976511	134.590771	270.000000	56.780285	90.000000	180.000000	167.126829	146.717433	89.141102	90.000000	0.000000	0.000000	0.000000	0.592885	39.011048	50.988952	180.000000	180.000000	141.004109	90.000000	180.000000	180.000000	213.282567	90.000000	
96.182472	86.086982	180.000000	221.762389	180.000000	90.000000	89.449581	0.000000	314.916090	0.000000	0.000000	0.000000	89.247107	21.985465	226.561817	158.005433	134.498352	170.313574	225.406914	196.143810	134.590771	270.000000	56.780285	90.000000	180.000000	166.946326	146.717433	89.062282	90.000000	0.000000	0.000000	0.000000	0.592885	39.011048	50.988952	180.000000	180.000000	141.004108	90.000000	180.000000	180.000000	213.282567	90.000000	
96.136502	86.008401	180.000000	221.762389	180.000000	90.000000	89.470840	0.000000	314.916090	0.000000	0.000000	0.000000	89.073758	21.985465	226.561817	158.005433	134.498352	170.302029	225.406914	196.313452	134.590771	270.000000	56.780285	90.000000	180.000000	166.762747	146.717433	88.885576	90.000000	0.000000	0.000000	0.000000	0.592885	39.011048	50.988952	180.000000	180.000000	141.004108	90.000000	180.000000	180.000000	213.282567	90.000000	
90.992195	85.938083	180.000000	221.762389	180.000000	90.000000	89.477029	0.000000	314.916090	0.000000	0.000000	0.000000	88.908045	21.985465	226.561817	158.005433	134.498352	170.296771	225.406914	196.485406	134.590771	270.000000	56.780285	90.000000	180.000000	166.576145	146.717433	88.683703	90.000000	0.000000	0.000000	0.000000	0.592885	39.011048	50.988952	180.000000	180.000000	141.004108	90.000000	180.000000	180.000000	213.282567	90.000000	
89.515844	85.875953	180.000000	221.762389	180.000000	90.000000	89.478832	0.000000	314.916090	0.000000	0.000000	0.000000	88.751568	21.985465	226.561817	158.005433	134.498352	170.297798	225.406914	196.659642	134.590771	270.000000	56.780285	90.000000	180.000000	166.386574	146.717433	88.480279	90.000000	0.000000	0.000000	0.000000	0.592885	39.011048	50.988952	180.000000	180.000000	141.004108	90.000000	180.000000	180.000000	213.282567	90.000000	
89.076696	85.821933	180.000000	221.762389	180.000000	90.000000	89.479356	0.000000	314.916090	0.000000	0.000000	0.000000	88.604826	21.985465	226.561817	158.005433	134.672619	170.305103	225.406914	196.836130	134.590771	270.000000	56.780285	90.000000	180.000000	166.194086	146.717433	88.283001	90.000000	0.000000	0.000000	0.000000	0.592885	39.011048	50.988952	180.000000	180.000000	141.004108	90.000000	180.000000	180.000000	213.282567	90.000000	
88.932822	85.775942	180.000000	221.762389	180.000000	90.000000	89.479509	0.000000	314.916090	0.000000	0.000000	0.000000	88.467962	21.985465	226.561817	158.005433	134.723212	170.318676	225.406914	197.014841	134.590771	270.000000	56.780285	90.000000	180.000000	165.998731	146.717433	88.094394	90.000000	0.000000	0.000000	0.000000	0.592885	39.011048	50.988952	180.000000	180.000000	141.004108	90.000000	180.000000	180.000000	213.282567	90.000000	
88.874628	85.737896	180.000000	221.762389	180.000000	90.000000	89.479554	0.000000	314.916090	0.000000	0.000000	0.000000	88.340990	21.985465	226.561817	158.005433	134.737901	170.338505	225.406914	197.195747	134.590771	270.000000	56.780285	90.000000	180.000000	165.800560	146.717433	87.915290	90.000000	0.000000	0.000000	0.000000	0.592885	39.011048	50.988952	180.000000	180.000000	141.004108	90.000000	180.000000	180.000000	213.282567	90.000000	
88.842926	85.707706	180.000000	221.762389	180.000000	90.000000	89.479567	0.000000	314.916090	0.000000	0.000000	0.000000	88.223881	21.985465	226.561817	158.005433	134.742167	170.364576	225.406914	197.378820	134.590771	270.000000	56.780285	90.000000	180.000000	165.599620	146.717433	87.745965	90.000000	0.000000	0.000000	0.000000	0.592885	39.011048	50.988952	180.000000	180.000000	141.004108	90.000000	180.000000	180.000000	213.282567	90.000000	
88.821005	85.685284	180.000000	221.762389	180.000000	90.000000	89.479571	0.000000	314.916090	0.000000	0.000000	0.000000	88.116584	21.985465	226.561817	158.005433	134.743405	170.396870	225.406914	197.564034	134.590771	270.000000	56.780285	90.000000	180.000000	165.395959	146.717433	87.586503	90.000000	0.000000	0.000000	0.000000	0.592885	39.011048	50.988952	180.000000	180.000000	141.004108	90.000000	180.000000	180.000000	213.282567	90.000000	
88.804140	85.670537	180.000000	221.762389	180.000000	90.000000	89.479572	0.000000	314.916090	0.000000	0.000000	0.000000	88.019035	21.985465	226.561817	158.005433	134.743765	170.435369	225.406914	197.751362	134.590771	270.000000	56.780285	90.000000	180.000000	165.189621	146.717433	87.436916	90.000000	0.000000	0.000000	0.000000	0.592885	39.011048	50.988952	180.000000	180.000000	141.004108	90.000000	180.000000	180.000000	213.282567	90.000000	
88.790989	85.663373	180.000000	221.762389	180.000000	90.000000	89.479572	0.000000	314.916090	0.000000	0.000000	0.000000	87.931165	21.985465	226.561817	158.005433	134.743869	170.480049	225.406914	197.940779	134.590771	270.000000	56.780285	90.000000	180.000000	164.980651	146.717433	87.297190	90.000000	0.000000	0.000000	0.000000	0.592885	39.011048	50.988952	180.000000	180.000000	141.004108	90.000000	180.000000	180.000000	213.282567	90.000000	
88.781161	85.663697	180.000000	221.762389	180.000000	90.000000	89.479572	0.000000	314.916090	0.000000	0.000000	0.000000	87.852891	21.985465	226.561817	158.005433	134.743900	170.530888	225.406914	198.132260	134.590771	270.000000	56.780285	90.000000	180.000000	164.769091	146.717433	87.167291	90.000000	0.000000	0.000000	0.000000	0.592885	39.011048	50.988952	180.000000	180.000000	141.004108	90.000000	180.000000	180.000000	213.282567	90.000000	
88.774533	85.671414	180.000000	221.762389	180.000000	90.000000	89.479572	0.000000	314.916090	0.000000	0.000000	0.000000	87.784130	21.985465	226.561817	158.005433	134.743908	169.266181	225.406914	198.325781	134.590771	270.000000	56.780285	90.000000	180.000000	164.554983	146.717433	87.047175	90.000000	0.000000	0.000000	0.000000	0.592885	41.089780	50.988952	180.000000	180.000000	141.004108	90.000000	180.000000	180.000000	213.282567	90.000000	
88.771055	85.686428	180.000000	221.762389	180.000000	90.000000	89.479572	0.000000	314.916090	0.000000	0.000000	0.000000	87.724790	21.985465	226.561817	158.005433	134.743911	168.849393	225.406914	198.521319	134.590771	270.000000	56.780285	90.000000	180.000000	164.338366	146.717433	86.936786	90.000000	0.000000	0.000000	0.000000	0.592885	41.693172	50.988952	180.000000	180.000000	141.004108	90.000000	180.000000	180.000000	213.282567	90.000000	
88.770701	85.708641	180.000000	221.762389	180.000000	90.000000	89.479572	0.000000	314.916090	0.000000	0.000000	0.000000	87.674773	21.985465	226.561817	158.005433	134.743912	168.723165	225.265593	198.718852	134.590771	270.000000	56.780285	90.000000	180.000000	164.119278	146.717433	86.836061	90.000000	0.000000	0.000000	0.000000	0.592885	41.868360	50.988952	180.000000	180.000000	141.004108	90.000000	180.000000	180.000000	217.348648	90.000000	
88.773446	85.737956	180.000000	221.762389	180.000000	90.000000	89.479572	0.000000	314.916090	0.000000	0.000000	0.000000	87.633980	21.985465	226.561817	158.005433	134.743912	168.698544	225.224564	198.918358	134.590771	270.000000	56.780285	90.000000	180.000000	163.897756	146.717433	86.744931	90.000000	0.000000	0.000000	0.000000	0.592885	41.919229	50.988952	180.000000	180.000000	141.004108	90.000000	180.000000	180.000000	218.528358	90.000000	
88.779269	85.774277	180.000000	221.762389	180.000000	90.000000	89.479572	0.000000	314.916090	0.000000	0.000000	0.000000	87.602305	21.985465	226.561817	158.005433	134.743912	168.711559	225.212652	199.119816	134.590771	270.000000	56.780285	90.000000	180.000000	163.673835	146.717433	86.663316	90.000000	0.000000	0.000000	0.000000	0.592885	41.934001	50.988952	180.000000	180.000000	141.004108	90.000000	180.000000	180.000000	218.870879	90.000000	
88.772748	85.817507	180.000000	221.762389	180.000000	90.000000	89.479572	0.000000	314.916090	0.000000	0.000000	0.000000	87.579640	21.985465	226.561817	158.005433	134.743912	168.740566	225.209193	199.323206	134.590771	270.000000	56.780285	90.000000	180.000000	163.447549	146.717433	86.591133	90.000000	0.000000	0.000000	0.000000	0.592885	41.938291	50.988952	180.000000	180.000000	141.004108	90.000000	180.000000	180.000000	218.970341	90.000000	
88.628187	94.850942	180.000000	221.762389	180.000000	90.000000	89.479572	0.000000	314.916090	0.000000	0.000000	0.000000	87.565875	21.985465	226.561817	158.005433	134.743912	168.778232	225.208189	199.528508	134.590771	270.000000	56.780285	90.000000	180.000000	163.218929	146.717433	86.528291	90.000000	0.000000	0.000000	0.000000	0.592885	41.939537	50.988952	180.000000	180.000000	141.004108	90.000000	180.000000	180.000000	218.999225	90.000000	
88.449136	88.619210	180.000000	221.762389	180.000000	90.000000	89.479572	0.000000	314.916090	0.000000	0.000000	0.000000	87.560896	21.985465	226.561817	158.005433	134.743912	168.822055	225.207897	199.735705	134.590771	270.000000	56.780285	90.000000	180.000000	162.988008	146.717433	86.474697	90.000000	0.000000	0.000000	0.000000	0.592885	41.939898	50.988952	180.000000	180.000000	141.004108	90.000000	180.000000	180.000000	219.007614	90.000000	
88.264945	86.694110	180.000000	221.762389	180.000000	90.000000	89.479572	0.000000	314.916090	0.000000	0.000000	0.000000	87.564588	21.985465	226.561817	158.005433	134.743912	168.871158	225.207813	199.944777	134.590771	270.000000	56.780285	90.000000	180.000000	162.754812	146.717433	86.430250	90.000000	0.000000	0.000000	0.000000	0.429070	41.940004	50.988952	180.000000	180.000000	141.004108	90.000000	180.000000	180.000000	219.010050	90.000000	
88.083963	95.003437	180.000000	221.762389	180.000000	90.000000	89.479572	0.000000	314.916090	0.000000	0.000000	0.000000	87.576834	21.985465	226.561817	158.005433	134.743912	168.925212	225.207788	200.155709	134.590771	270.000000	56.780285	90.000000	180.000000	170.543914	146.717433	86.394848	90.000000	0.000000	0.000000	0.000000	0.377240	41.940034	50.988952	180.000000	180.000000	141.004108	90.000000	180.000000	180.000000	219.010758	90.000000	
87.908587	88.670668	180.000000	221.762389	180.000000	90.000000	89.479572	0.000000	314.916090	0.000000	0.000000	0.000000	87.597517	21.985465	226.561817	158.005433	134.743912	168.984068	225.207781	191.056434	134.590771	270.000000	56.780285	90.000000	180.000000	172.646532	146.717433	86.368384	90.000000	0.000000	0.000000	0.000000	0.360840	41.940043	50.988952	180.000000	180.000000	141.004108	90.000000	180.000000	180.000000	219.010964	90.000000	
87.739518	95.524438	180.000000	221.762389	180.000000	90.000000	89.479572	0.000000	314.916090	0.000000	0.000000	0.000000	87.626518	21.985465	226.561817	158.005433	134.743912	169.047639	225.207779	198.694551	134.590771	270.000000	56.780285	90.000000	180.000000	164.263871	146.717433	86.350749	90.000000	0.000000	0.000000	0.000000	0.355650	41.940046	50.988952	180.000000	180.000000	141.004108	90.000000	180.000000	180.000000	219.011023	90.000000	
87.576973	88.814107	180.000000	221.762389	180.000000	90.000000	89.479572	0.000000	314.916090	0.000000	0.000000	0.000000	87.663717	21.985465	226.561817	158.005433	134.743912	169.115858	225.207778	190.879825	134.590771	270.000000	56.780285	90.000000	180.000000	170.612462	146.717433	86.341830	90.000000	0.000000	0.000000	0.000000	0.354007	41.940046	50.988952	180.000000	180.000000	141.004108	90.000000	180.000000	180.000000	219.011041	90.000000	
87.421026	95.476813	180.000000	221.762389	180.000000	90.000000	89.479572	0.000000	314.916090	0.000000	0.000000	0.000000	87.708996	21.985465	226.561817	158.005433	134.743912	169.188662	225.207778	198.700210	134.590771	270.000000	56.780285	90.000000	180.000000	163.565841	146.717433	86.341515	90.000000	0.000000	0.000000	0.000000	0.353487	41.940047	50.988952	180.000000	180.000000	141.004108	90.000000	180.000000	180.000000	219.011046	90.000000	
87.271705	88.800200	180.000000	221.762389	180.000000	90.000000	89.479572	0.000000	314.916090	0.000000	0.000000	0.000000	94.396234	21.985465	226.561817	158.005433	134.743912	166.924967	225.207778	191.094225	134.590771	270.000000	56.780285	90.000000	180.000000	170.180565	146.717433	86.349687	90.000000	0.000000	0.000000	0.000000	0.353322	41.940047	50.988952	180.000000	180.000000	141.004108	90.000000	180.000000	180.000000	219.011047	90.000000	
87.129021	95.390580	180.000000	221.762389	180.000000	90.000000	89.479572	0.000000	314.916090	0.000000	0.000000	0.000000	89.852542	21.985465	226.561817	158.005433	134.743912	166.070252	225.207778	198.818942	134.590771	270.000000	56.780285	90.000000	180.000000	163.372702	146.717433	86.366231	90.000000	0.000000	0.000000	0.000000	0.353270	41.940047	50.988952	180.000000	180.000000	141.004108	90.000000	180.000000	180.000000	219.011048	90.000000	
86.992976	88.795704	180.000000	221.762389	180.000000	90.000000	89.479572	0.000000	314.916090	0.000000	0.000000	0.000000	88.427984	21.985465	226.561817	158.005433	134.743912	165.708796	225.207778	201.065064	134.590771	270.000000	56.780285	90.000000	180.000000	169.889736	146.717433	86.391030	90.000000	0.000000	0.000000	0.000000	0.353254	41.940047	50.988952	180.000000	180.000000	141.004108	90.000000	180.000000	180.000000	219.011048	90.000000	
86.863566	95.318712	180.000000	221.762389	180.000000	90.000000	89.479572	0.000000	314.916090	0.000000	0.000000	0.000000	94.471076	21.985465	226.561817	158.005433	134.743912	165.524601	225.207778	201.719785	134.590771	270.000000	56.780285	90.000000	180.000000	163.224402	142.651352	86.423964	90.000000	0.000000	0.000000	0.000000	0.353249	41.940047	50.988952	180.000000	180.000000	141.004108	90.000000	180.000000	180.000000	219.011048	90.000000	
86.740781	88.816837	180.000000	222.888567	180.000000	90.000000	89.479572	0.000000	314.916090	0.000000	0.000000	0.000000	89.920915	21.985465	226.561817	158.005433	134.743912	165.408528	225.207778	201.910690	134.590771	270.000000	56.780285	90.000000	180.000000	161.115644	141.471642	86.464918	90.000000	0.000000	0.000000	0.000000	0.353247	41.940047	50.988952	180.000000	180.000000	141.004108	90.000000	180.000000	180.000000	219.011048	90.000000	
86.624606	95.266428	180.000000	223.215510	180.000000	90.000000	89.479572	0.000000	314.916090	0.000000	0.000000	0.000000	94.838703	30.597661	226.561817	158.005433	134.743912	165.322839	225.207778	201.966362	134.590771	270.000000	56.780285	90.000000	180.000000	160.447297	141.129121	86.513772	90.000000	0.000000	0.000000	0.000000	0.353246	41.940047	50.988952	180.000000	180.000000	141.004108	90.000000	180.000000	180.000000	219.011048	90.000000	
86.515022	88.864764	180.000000	223.310438	180.000000	90.000000	89.479572	0.000000	314.916090	0.000000	0.000000	0.000000	90.058698	32.608477	226.561817	158.005433	134.743912	165.254437	225.207778	201.982599	134.590771	270.000000	56.780285	90.000000	180.000000	160.235407	141.029659	94.365453	90.000000	0.000000	0.000000	0.000000	0.353246	41.940047	50.988952	180.000000	180.000000	141.004108	90.000000	180.000000	180.000000	219.011048	90.000000	
86.412005	95.234146	180.000000	223.338002	180.000000	90.000000	89.479572	0.000000	314.916090	0.000000	0.000000	0.000000	94.777316	33.079528	226.561817	158.005433	134.743912	165.198724	225.207778	201.987335	134.590771	270.000000	56.780285	90.000000	180.000000	160.168220	141.000775	89.044029	90.000000	0.000000	0.000000	0.000000	0.353246	41.940047	50.988952	180.000000	180.000000	141.004108	90.000000	180.000000	180.000000	219.011048	90.000000	
86.315525	88.939139	180.000000	223.346007	180.000000	90.000000	89.479572	0.000000	314.916090	0.000000	0.000000	0.000000	90.082194	33.189901	226.561817	158.005433	134.743912	165.154032	225.207778	201.988717	134.590771	270.000000	56.780285	90.000000	180.000000	160.146912	140.992386	87.355746	90.000000	0.000000	0.000000	0.000000	0.353246	41.940047	50.988952	180.000000	180.000000	141.004108	90.000000	180.000000	180.000000	219.011048	90.000000	
86.225552	95.221784	180.000000	223.348331	180.000000	90.000000	89.479572	0.000000	314.916090	0.000000	0.000000	0.000000	94.691959	33.215765	226.561817	158.005433	134.743912	165.119695	225.207778	201.989120	134.590771	270.000000	56.780285	90.000000	180.000000	160.140154	140.989950	94.501824	90.000000	0.000000	0.000000	0.000000	0.353246	41.940047	50.988952	180.000000	180.000000	141.004108	90.000000	180.000000	180.000000	219.011048	90.000000	
86.142049	97.164794	180.000000	223.349007	180.000000	90.000000	89.479572	0.000000	314.916090	0.000000	0.000000	0.000000	96.120537	33.221826	226.561817	158.005433	134.743912	165.095394	225.207778	201.989238	134.590771	270.000000	56.780285	90.000000	180.000000	160.138010	140.989242	89.119610	90.000000	0.000000	0.000000	0.000000	0.353246	41.940047	50.988952	180.000000	180.000000	141.004108	90.000000	180.000000	180.000000	219.011048	90.000000	
86.064977	89.635254	180.000000	223.349203	180.000000	90.000000	89.479572	0.000000	314.916090	0.000000	0.000000	0.000000	90.568675	33.223246	226.561817	158.005433	134.743912	165.080926	225.207778	201.989272	134.590771	270.000000	56.780285	90.000000	180.000000	160.137330	140.989036	94.970136	90.000000	0.000000	0.000000	0.000000	0.353246	41.940047	50.988952	180.000000	180.000000	141.004108	90.000000	180.000000	180.000000	219.011048	90.000000	
85.994294	95.359129	180.000000	223.349260	180.000000	90.000000	89.479572	0.000000	314.916090	0.000000	0.000000	0.000000	94.694303	33.223579	226.561817	158.005433	134.743912	165.076125	225.207778	201.989282	134.590771	270.000000	56.780285	90.000000	180.000000	160.137114	140.988977	89.275977	90.000000	0.000000	0.000000	0.000000	0.353246	41.940047	50.988952	180.000000	180.000000	141.004108	90.000000	180.000000	180.000000	219.011048	90.000000	
85.929955	97.134492	180.000000	223.349276	180.000000	90.000000	89.479572	0.000000	314.916090	0.000000	0.000000	0.000000	95.977237	33.223657	226.561817	158.005433	134.743912	165.080839	225.207778	201.989285	134.590771	270.000000	56.780285	90.000000	180.000000	160.137046	140.988959	94.923451	90.000000	0.000000	0.000000	0.000000	0.353246	41.940047	50.988952	180.000000	180.000000	141.004108	90.000000	180.000000	180.000000	219.011048	90.000000	
85.871911	97.649720	180.000000	223.349281	180.000000	90.000000	89.479572	0.000000	314.916090	0.000000	0.000000	0.000000	96.330048	33.223675	226.561817	158.005433	134.743912	165.094917	225.207778	201.989286	134.590771	270.000000	56.780285	90.000000	180.000000	160.137024	140.988954	89.288703	90.000000	0.000000	0.000000	0.000000	0.353246	41.940047	50.988952	180.000000	180.000000	141.004108	90.000000	180.000000	180.000000	219.011048	90.000000	
85.820112	97.764515	180.000000	223.349282	180.000000	90.000000	89.479572	0.000000	314.916090	0.000000	0.000000	0.000000	96.380976	33.223679	226.561817	158.005433	134.743912	165.118210	225.207778	201.989286	134.590771	270.000000	56.780285	90.000000	180.000000	160.137017	140.988953	94.842466	90.000000	0.000000	0.000000	0.000000	0.353246	41.940047	50.988952	180.000000	180.000000	141.004108	90.000000	180.000000	180.000000	219.011048	90.000000	
85.774506	97.754393	180.000000	223.349283	180.000000	90.000000	89.479572	0.000000	314.916090	0.000000	0.000000	0.000000	96.336641	33.223680	226.561817	158.005433	134.743912	165.150570	225.207778	201.989286	134.590771	270.000000	56.780285	90.000000	180.000000	160.137015	140.988952	89.314173	90.000000	0.000000	0.000000	0.000000	0.353246	41.940047	50.988952	180.000000	180.000000	141.004108	90.000000	180.000000	180.000000	219.011048	90.000000	
85.735039	97.707688	180.000000	223.349283	180.000000	90.000000	89.479572	0.000000	314.916090	0.000000	0.000000	0.000000	92.075096	33.223681	226.561817	158.005433	134.743912	165.191847	225.207778	201.989286	134.590771	270.000000	56.780285	90.000000	180.000000	160.137014	140.988952	94.778731	90.000000	0.000000	0.000000	0.000000	0.353246	41.940047	50.988952	180.000000	180.000000	141.004108	90.000000	180.000000	180.000000	219.011048	90.000000	
85.701653	97.652738	180.000000	223.349283	180.000000	90.000000	89.479572	0.000000	314.916090	0.000000	0.000000	0.000000	90.653297	33.223681	226.561817	158.005433	134.743912	165.241893	225.207778	201.989286	134.590771	270.000000	56.780285	90.000000	180.000000	160.137014	140.988952	89.368635	90.000000	0.000000	0.000000	0.000000	0.353246	41.940047	50.988952	180.000000	180.000000	141.004108	90.000000	180.000000	180.000000	219.011048	90.000000	
85.674292	97.598642	180.000000	223.349283	180.000000	90.000000	89.479572	0.000000	314.916090	0.000000	0.000000	0.000000	90.149184	33.223681	226.561817	158.005433	134.743912	165.300561	225.207778	201.989286	134.590771	270.000000	56.780285	90.000000	180.000000	160.137014	140.988952	94.737653	90.000000	0.000000	0.000000	0.000000	0.353246	41.940047	50.988952	180.000000	180.000000	141.004108	90.000000	180.000000	180.000000	219.011048	90.000000	
85.652897	92.137412	180.000000	223.349283	180.000000	90.000000	89.479572	0.000000	314.916090	0.000000	0.000000	0.000000	89.944290	33.223681	226.561817	158.005433	134.743912	165.367704	225.207778	201.989286	134.590771	270.000000	56.780285	90.000000	180.000000	160.137014	140.988952	96.441275	90.000000	0.000000	0.000000	0.000000	0.353246	41.940047	50.988952	180.000000	180.000000	141.004108	90.000000	180.000000	180.000000	219.011048	90.000000	
85.637405	90.411797	180.000000	223.349283	180.000000	90.000000	89.479572	0.000000	314.916090	0.000000	0.000000	0.000000	89.839309	33.223681	226.561817	158.005433	134.743912	165.443177	225.207778	201.989286	134.590771	270.000000	56.780285	90.000000	180.000000	160.137014	140.988952	96.935800	90.000000	0.000000	0.000000	0.000000	0.353246	41.940047	50.988952	180.000000	180.000000	141.004108	90.000000	180.000000	180.000000	219.011048	90.000000	
85.627757	89.851633	180.000000	223.349283	180.000000	90.000000	89.479572	0.000000	314.916090	0.000000	0.000000	0.000000	89.770014	33.223681	226.561817	158.005433	134.743912	165.526836	225.207778	201.989286	134.590771	270.000000	56.780285	90.000000	180.000000	160.137014	140.988952	97.033516	90.000000	0.000000	0.000000	0.000000	0.353246	41.940047	50.988952	180.000000	180.000000	141.004108	90.000000	180.000000	180.000000	219.011048	90.000000	
85.623890	89.657464	180.000000	223.349283	180.000000	90.000000	89.479572	0.000000	314.916090	0.000000	0.000000	0.000000	89.715708	33.223681	226.561817	158.005433	134.743912	165.618540	225.207778	201.989286	134.590771	270.000000	56.780285	90.000000	180.000000	160.137014	140.988952	97.003567	90.000000	0.000000	0.000000	0.000000	0.353246	41.940047	50.988952	180.000000	180.000000	141.004108	90.000000	180.000000	180.000000	219.011048	90.000000	
85.625740	89.580139	180.000000	223.349283	180.000000	90.000000	89.479572	0.000000	314.916090	0.000000	0.000000	0.000000	89.669714	33.223681	226.561817	158.005433	134.743912	165.718151	225.207778	201.989286	134.590771	270.000000	56.780285	90.000000	180.000000	160.137014	140.988952	96.935186	90.000000	0.000000	0.000000	0.000000	0.353246	41.940047	50.988952	180.000000	180.000000	141.004108	90.000000	180.000000	180.000000	219.011048	90.000000	
85.633244	89.542030	180.000000	223.349283	180.000000	90.000000	89.479572	0.000000	314.916090	0.000000	0.000000	0.000000	89.629868	33.223681	226.561817	158.005433	134.743912	165.825531	225.207778	201.989286	134.590771	270.000000	56.780285	90.000000	180.000000	160.137014	140.988952	96.857990	90.000000	0.000000	0.000000	0.000000	0.353246	41.940047	50.988952	180.000000	180.000000	141.004108	90.000000	180.000000	180.000000	219.011048	90.000000	
85.646338	89.518958	180.000000	223.349283	180.000000	90.000000	89.479572	0.000000	314.916090	0.000000	0.000000	0.000000	89.595453	33.223681	226.561817	158.005433	134.743912	165.940546	225.207778	201.989286	134.590771	270.000000	56.780285	90.000000	180.000000	160.137014	140.988952	96.781824	90.000000	0.000000	0.000000	0.000000	0.353246	41.940047	50.988952	180.000000	180.000000	141.004108	90.000000	180.000000	180.000000	219.011048	90.000000	
85.664958	89.503387	180.000000	223.349283	180.000000	90.000000	89.479572	0.000000	314.916090	0.000000	0.000000	0.000000	89.566222	33.223681	226.561817	158.005433	134.743912	166.063065	225.207778	201.989286	134.590771	270.000000	56.780285	90.000000	180.000000	160.137014	140.988952	96.709978	90.000000	0.000000	0.000000	0.000000	0.353246	41.940047	50.988952	180.000000	180.000000	141.004108	90.000000	180.000000	180.000000	219.011048	90.000000	
85.689039	89.492955	180.000000	223.349283	180.000000	90.000000	89.479572	0.000000	314.916090	0.000000	0.000000	0.000000	89.542070	33.223681	226.561817	158.005433	134.743912	166.192958	225.207778	201.989286	134.590771	270.000000	56.780285	90.000000	180.000000	160.137014	140.988952	91.916755	90.000000	0.000000	0.000000	0.000000	0.353246	41.940047	50.988952	180.000000	180.000000	141.004108	90.000000	180.000000	180.000000	219.011048	90.000000	
85.718515	89.486910	180.000000	223.349283	180.000000	90.000000	89.479572	0.000000	314.916090	0.000000	0.000000	0.000000	89.522942	33.223681	226.561817	158.005433	134.743912	166.330100	225.207778	201.989286	134.738047	270.000000	56.780285	90.000000	180.000000	160.137014	140.988952	90.330813	90.000000	0.000000	0.000000	0.000000	0.353246	41.940047	50.988952	180.000000	180.000000	141.004108	90.000000	180.000000	180.000000	219.011048	90.000000	
85.753323	89.484998	180.000000	223.349283	180.000000	90.000000	89.479572	0.000000	314.916090	0.000000	0.000000	0.000000	89.508795	33.223681	226.561817	158.005433	134.743912	166.474368	225.207778	201.989286	134.776822	270.000000	56.780285	90.000000	180.000000	160.137014	140.988952	89.785469	90.000000	0.000000	0.000000	0.000000	0.353246	41.940047	50.988952	180.000000	180.000000	141.004108	90.000000	180.000000	180.000000	219.011048	90.000000	
85.793398	89.344210	180.000000	223.349283	180.000000	90.000000	89.479572	0.000000	314.916090	0.000000	0.000000	0.000000	89.499589	33.223681	226.561817	158.005433	134.743912	176.034080	225.207778	201.989286	134.787032	270.000000	56.780285	90.000000	180.000000	160.137014	140.988952	89.580308	90.000000	0.000000	0.000000	0.000000	0.353246	41.940047	50.988952	180.000000	180.000000	141.004108	90.000000	180.000000	180.000000	219.011048	90.000000	
85.838675	89.138941	180.000000	223.349283	180.000000	90.000000	89.479572	0.000000	314.916090	0.000000	0.000000	0.000000	89.495282	33.223681	226.561817	158.005433	134.743912	169.785145	225.207778	201.989286	134.789720	270.000000	56.780285	90.000000	180.000000	160.137014	140.988952	89.488551	90.000000	0.000000	0.000000	0.000000	0.353246	41.940047	50.988952	180.000000	180.000000	141.004108	90.000000	180.000000	180.000000	219.011048	90.000000	
94.757827	88.919169	180.000000	223.349283	180.000000	90.000000	89.479572	0.000000	314.916090	0.000000	0.000000	0.000000	89.495834	33.223681	226.561817	158.005433	134.743912	167.806419	225.207778	201.989286	134.790428	270.000000	56.780285	90.000000	180.000000	160.137014	140.988952	89.436789	90.000000	0.000000	0.000000	0.000000	0.353246	41.940047	50.988952	180.000000	180.000000	141.004108	90.000000	180.000000	180.000000	219.011048	90.000000	
88.346116	88.700626	180.000000	223.349283	180.000000	90.000000	89.479572	0.000000	314.916090	0.000000	0.000000	0.000000	89.501200	33.223681	226.561817	158.005433	134.743912	176.450259	225.207778	201.989286	134.790615	270.000000	56.780285	90.000000	180.000000	160.137014	140.988952	89.401258	90.000000	0.000000	0.000000	0.000000	0.353246	41.940047	50.988952	180.000000	180.000000	141.004108	90.000000	180.000000	180.000000	219.011048	90.000000	
86.563087	88.488306	180.000000	223.349283	180.000000	90.000000	89.479572	0.000000	314.916090	0.000000	0.000000	0.000000	89.511335	33.223681	226.561817	158.005433	134.743912	170.123216	225.207778	201.989286	134.790664	270.000000	56.780285	90.000000	180.000000	160.137014	140.988952	89.374261	90.000000	0.000000	0.000000	0.000000	0.353246	41.940047	50.988952	180.000000	180.000000	141.004108	90.000000	180.000000	180.000000	219.011048	90.000000	
94.851215	88.283818	180.000000	223.349283	180.000000	90.000000	89.479572	0.000000	314.916090	0.000000	0.000000	0.000000	89.526194	33.223681	226.561817	158.005433	134.743912	177.196835	225.207778	201.989286	134.790677	270.000000	56.780285	90.000000	180.000000	160.137014	140.988952	89.353289	90.000000	0.000000	0.000000	0.000000	0.353246	41.940047	50.988952	180.000000	180.000000	141.004108	90.000000	180.000000	180.000000	219.011048	90.000000	
88.390438	88.087703	180.000000	223.349283	180.000000	90.000000	89.479572	0.000000	314.916090	0.000000	0.000000	0.000000	89.545728	33.223681	226.561817	158.005433	134.743912	170.482396	225.207778	201.989286	134.790680	270.000000	56.780285	90.000000	180.000000	160.137014	140.988952	89.337513	90.000000	0.000000	0.000000	0.000000	0.353246	41.940047	50.988952	180.000000	180.000000	141.004108	90.000000	180.000000	180.000000	219.011048	90.000000	
95.278692	87.900153	180.000000	223.349283	180.000000	90.000000	89.479572	0.000000	314.916090	0.000000	0.000000	0.000000	89.569888	33.223681	226.561817	158.005433	134.743912	177.281139	225.207778	201.989286	134.790681	270.000000	56.780285	90.000000	180.000000	160.137014	140.988952	89.326640	90.000000	0.000000	0.000000	0.000000	0.353246	41.940047	50.988952	180.000000	180.000000	141.004108	90.000000	180.000000	180.000000	219.011048	90.000000	
88.501946	87.721247	180.000000	223.349283	180.000000	90.000000	89.479572	0.000000	314.916090	0.000000	0.000000	0.000000	89.598624	33.223681	226.561817	158.005433	134.743912	170.643768	225.207778	201.989286	134.790681	270.000000	56.780285	90.000000	180.000000	160.137014	140.988952	89.320552	90.000000	0.000000	0.000000	0.000000	0.353246	41.940047	50.988952	180.000000	180.000000	141.004108	90.000000	180.000000	180.000000	219.011048	90.000000	
95.223988	87.551017	180.000000	223.349283	180.000000	90.000000	89.479572	0.000000	314.916090	0.000000	0.000000	0.000000	89.631886	33.223681	226.561817	158.005433	134.743912	177.310707	225.207778	201.989286	134.790681	270.000000	56.780285	90.000000	180.000000	160.137014	140.988952	89.319185	90.000000	0.000000	0.000000	0.000000	0.353246	41.940047	50.988952	180.000000	180.000000	141.004108	90.000000	180.000000	180.000000	219.011048	90.000000	
88.493917	87.389475	180.000000	223.349283	180.000000	90.000000	89.479572	0.000000	314.916090	0.000000	0.000000	0.000000	89.669620	33.223681	226.561817	158.005433	134.743912	170.809340	225.207778	201.989286	134.790681	270.000000	56.780285	90.000000	180.000000	160.137014	140.988952	89.322493	90.000000	0.000000	0.000000	0.000000	0.353246	41.940047	50.988952	180.000000	180.000000	141.004108	90.000000	180.000000	180.000000	219.011048	90.000000	
95.144036	87.236622	180.000000	223.349283	180.000000	90.000000	89.479572	0.000000	314.916090	0.000000	0.000000	0.000000	89.677908	33.223681	226.561817	158.005433	134.743912	177.355406	225.207778	201.989286	134.790681	270.000000	56.780285	90.000000	180.000000	160.137014	140.988952	89.330431	90.000000	0.000000	0.000000	0.000000	0.353246	41.940047	50.988952	180.000000	180.000000	141.004108	90.000000	180.000000	180.000000	219.011048	90.000000	
88.495946	87.092445	180.000000	223.349283	180.000000	90.000000	89.479572	0.000000	314.916090	0.000000	0.000000	0.000000	89.545636	33.223681	226.561817	158.005433	134.743912	171.001717	225.207778	201.989286	134.790681	270.000000	56.780285	90.000000	180.000000	160.137014	140.988952	89.342957	90.000000	0.000000	0.000000	0.000000	0.353246	41.940047	50.988952	180.000000	180.000000	141.004108	90.000000	180.000000	180.000000	219.011048	90.000000	
95.076085	86.956925	180.000000	223.349283	180.000000	90.000000	89.479572	0.000000	314.916090	0.000000	0.000000	0.000000	89.375002	33.223681	226.561817	158.005433	134.743912	177.423036	225.207778	201.989286	134.790681	270.000000	56.780285	90.000000	180.000000	160.137014	140.988952	89.360029	90.000000	0.000000	0.000000	0.000000	0.353246	41.940047	50.988952	180.000000	180.000000	141.004108	90.000000	180.000000	180.000000	219.011048	90.000000	
88.518279	86.830033	180.000000	223.349283	180.000000	90.000000	89.479572	0.000000	314.916090	0.000000	0.000000	0.000000	89.198815	33.223681	226.561817	158.005433	134.743912	179.595274	225.207778	201.989286	134.790681	270.000000	56.780285	90.000000	180.000000	160.137014	140.988952	89.300399	90.000000	0.000000	0.000000	0.000000	0.353246	41.940047	50.988952	180.000000	180.000000	141.004108	90.000000	180.000000	180.000000	219.011048	90.000000	
95.023133	86.711733	180.000000	223.349283	180.000000	90.000000	89.479572	0.000000	314.916090	0.000000	0.000000	0.000000	89.027625	33.223681	226.561817	158.005433	134.743912	180.298620	225.207778	201.989286	134.790681	270.000000	56.780285	90.000000	180.000000	160.137014	140.988952	89.129071	90.000000	0.000000	0.000000	0.000000	0.353246	41.940047	50.988952	180.000000	180.000000	141.004108	90.000000	180.000000	180.000000	219.011048	90.000000	
88.561433	86.601982	180.000000	223.349283	180.000000	90.000000	89.479572	0.000000	314.916090	0.000000	0.000000	0.000000	88.864825	33.223681	226.561817	158.005433	134.743912	180.496129	225.207778	201.989286	134.790681	270.000000	56.780285	90.000000	180.000000	160.137014	140.988952	88.928107	90.000000	0.000000	0.000000	0.000000	0.353246	41.940047	50.988952	180.000000	180.000000	141.004108	90.000000	180.000000	180.000000	219.011048	90.000000	
94.985364	86.500730	180.000000	223.349283	180.000000	90.000000	89.628895	0.000000	314.916090	0.000000	0.000000	0.000000	88.711499	33.223681	226.561817	158.005433	134.743912	180.522222	225.207778	201.989286	134.790681	270.000000	56.780285	90.000000	180.000000	160.137014	140.988952	88.724142	90.000000	0.000000	0.000000	0.000000	0.353246	41.940047	50.988952	180.000000	180.000000	141.004108	90.000000	180.000000	180.000000	219.011048	90.000000	
88.625127	86.407921	180.000000	223.349283	180.000000	90.000000	89.672363	0.000000	314.916090	0.000000	0.000000	0.000000	88.567981	33.223681	226.561817	158.005433	134.743912	180.493054	225.207778	201.989286	134.790681	270.000000	56.780285	90.000000	180.000000	160.137014	140.988952	88.525853	90.000000	0.000000	0.000000	0.000000	0.353246	41.940047	50.988952	180.000000	180.000000	141.004108	90.000000	180.000000	180.000000	219.011048	90.000000	
94.962723	86.323494	180.000000	223.349283	180.000000	90.000000	89.685017	0.000000	314.916090	0.000000	0.000000	0.000000	88.434354	33.223681	226.561817	158.005433	134.743912	180.448977	225.207778	201.989286	134.790681	270.000000	56.780285	90.000000	180.000000	160.137014	140.988952	88.336082	90.000000	0.000000	0.000000	0.000000	0.353246	41.940047	50.988952	180.000000	180.000000	141.004108	90.000000	180.000000	180.000000	219.011048	90.000000	
96.733260	86.247382	180.000000	223.349283	180.000000	90.000000	89.688702	0.000000	314.916090	0.000000	0.000000	0.000000	88.310614	33.223681	226.561817	158.005433	134.743912	180.404012	225.207778	201.989286	134.790681	270.000000	56.780285	90.000000	180.000000	160.137014	140.988952	88.155767	90.000000	0.000000	0.000000	0.000000	0.353246	41.940047	50.988952	180.000000	180.000000	141.004108	90.000000	180.000000	180.000000	219.011048	90.000000	
89.198306	86.179513	180.000000	223.349283	180.000000	90.000000	89.689775	0.000000	314.916090	0.000000	0.000000	0.000000	88.196721	33.223681	226.561817	158.005433	134.743912	180.363039	225.207778	201.989286	134.790681	270.000000	56.780285	90.000000	180.000000	160.137014	140.988952	87.985217	90.000000	0.000000	0.000000	0.000000	0.353246	41.940047	50.988952	180.000000	180.000000	141.004108	90.000000	180.000000	180.000000	219.011048	90.000000	
95.038441	86.119813	180.000000	223.349283	180.000000	90.000000	89.690087	0.000000	314.916090	0.000000	0.000000	0.000000	88.092622	33.223681	226.561817	158.005433	134.743912	180.327760	225.207778	201.989286	134.790681	270.000000	56.780285	90.000000	180.000000	160.137014	140.988952	87.824528	90.000000	0.000000	0.000000	0.000000	0.353246	41.940047	50.988952	180.000000	180.000000	141.004108	90.000000	180.000000	180.000000	219.011048	90.000000	
96.674171	86.068201	180.000000	223.349283	180.000000	90.000000	89.690178	0.000000	314.916090	0.000000	0.000000	0.000000	87.998249	33.223681	226.561817	158.005433	134.743912	180.298771	225.207778	201.989286	134.790681	270.000000	56.780285	90.000000	180.000000	160.137014	140.988952	87.673720	90.000000	0.000000	0.000000	0.000000	0.353246	41.940047	50.988952	180.000000	180.000000	141.004108	90.000000	180.000000	180.000000	219.011048	90.000000	
97.095833	86.024597	180.000000	223.349283	180.000000	90.000000	89.690205	0.000000	314.916090	0.000000	0.000000	0.000000	87.913528	33.223681	226.561817	158.005433	134.743912	176.940361	225.207778	201.989286	134.790681	270.000000	56.780285	90.000000	180.000000	160.137014	140.988952	87.532778	90.000000	0.000000	0.000000	0.000000	0.353246	41.940047	50.988952	180.000000	180.000000	141.004108	90.000000	180.000000	180.000000	219.011048	90.000000	
97.168299	85.988913	180.000000	223.349283	180.000000	90.000000	89.690212	0.000000	314.916090	0.000000	0.000000	0.000000	87.838378	33.223681	226.561817	158.005433	134.743912	175.786233	225.207778	201.989286	134.790681	270.000000	56.780285	90.000000	180.000000	165.627354	140.988952	87.401671	90.000000	0.000000	0.000000	0.000000	0.353246	41.940047	50.988952	180.000000	180.000000	141.004108	90.000000	180.000000	180.000000	219.011048	90.000000	
97.142281	85.961063	180.000000	223.349283	180.000000	90.000000	89.690215	0.000000	314.916090	0.000000	0.000000	0.000000	87.772710	33.223681	226.561817	158.005433	134.743912	175.381148	225.207778	201.989286	134.790681	270.000000	56.780285	90.000000	180.000000	167.362879	140.988952	87.280355	90.000000	0.000000	0.000000	0.000000	0.353246	41.940047	50.988952	180.000000	180.000000	141.004108	90.000000	180.000000	180.000000	219.011048	90.000000	
97.090485	85.940956	180.000000	223.349283	180.000000	90.000000	89.690215	0.000000	314.916090	0.000000	0.000000	0.000000	87.716432	33.223681	226.561817	158.005433	134.743912	175.232872	225.207778	201.989286	134.790681	270.000000	56.780285	90.000000	180.000000	167.912160	140.988952	87.168778	90.000000	0.000000	0.000000	0.000000	0.353246	41.940047	50.988952	180.000000	180.000000	141.004108	90.000000	180.000000	180.000000	219.011048	90.000000	
97.034008	85.928501	180.000000	223.349283	180.000000	90.000000	89.690216	0.000000	314.916090	0.000000	0.000000	0.000000	87.669446	33.223681	226.561817	158.005433	134.743912	175.174892	225.207778	201.989286	134.790681	270.000000	56.780285	90.000000	180.000000	168.086045	140.988952	87.066876	90.000000	0.000000	0.000000	0.000000	0.353246	41.940047	50.988952	180.000000	180.000000	141.004108	90.000000	180.000000	180.000000	219.011048	90.000000	
96.978982	85.923603	180.000000	223.349283	180.000000	90.000000	89.690216	0.000000	314.916090	0.000000	0.000000	0.000000	87.631649	33.223681	226.019132	158.005433	134.743912	175.150918	225.207778	201.989286	134.790681	270.000000	56.780285	90.000000	180.000000	168.141098	140.988952	86.974580	90.000000	0.000000	0.000000	0.000000	0.353246	41.940047	50.988952	180.000000	180.000000	141.004108	90.000000	180.000000	180.000000	219.011048	90.000000	
96.927195	85.926168	180.000000	223.349283	180.000000	90.000000	89.690216	0.000000	314.916090	0.000000	0.000000	0.000000	87.602936	33.223681	225.861580	158.005433	134.743912	175.141922	225.207778	201.989286	134.790681	270.000000	56.780285	90.000000	180.000000	168.158531	140.988952	86.891812	90.000000	0.000000	0.000000	0.000000	0.255446	41.940047	50.988952	180.000000	180.000000	141.004108	90.000000	180.000000	180.000000	219.011048	90.000000	
91.624343	85.936100	180.000000	223.349283	180.000000	90.000000	89.690216	0.000000	314.916090	0.000000	0.000000	0.000000	87.583197	33.223681	225.815836	158.005433	134.743912	175.141461	225.207778	195.714856	134.790681	270.000000	56.780285	90.000000	180.000000	168.164051	140.988952	86.818490	90.000000	0.000000	0.000000	0.000000	0.224502	41.940047	50.988952	180.000000	180.000000	141.004108	90.000000	180.000000	180.000000	219.011048	90.000000	
90.101086	85.953303	180.000000	223.349283	180.000000	90.000000	89.690216	0.000000	314.916090	0.000000	0.000000	0.000000	87.572321	33.223681	225.802553	158.005433	134.743912	175.147336	225.207778	193.890960	134.790681	270.000000	56.780285	90.000000	180.000000	168.165800	140.988952	86.754524	90.000000	0.000000	0.000000	0.000000	0.214710	41.940047	50.988952	180.000000	180.000000	141.004108	90.000000	180.000000	180.000000	219.011048	90.000000	
89.645988	85.977680	180.000000	223.349283	180.000000	90.000000	89.690216	0.000000	314.916090	0.000000	0.000000	0.000000	87.570194	33.223681	225.798696	158.005433	134.743912	175.158776	225.207778	193.359901	134.790681	270.000000	56.780285	90.000000	180.000000	168.166354	140.988952	86.699819	90.000000	0.000000	0.000000	0.000000	0.211611	41.940047	50.988952	180.000000	180.000000	141.004108	90.000000	180.000000	180.000000	219.011048	90.000000	
89.494813	86.009134	180.000000	223.349283	180.000000	90.000000	89.690216	0.000000	314.916090	0.000000	0.000000	0.000000	87.576699	33.223681	225.797576	158.005433	134.743912	175.175491	225.207778	193.205237	134.790681	270.000000	56.780285	90.000000	180.000000	168.166529	140.988952	86.654278	90.000000	0.000000	0.000000	0.000000	0.210630	41.940047	48.910220	180.000000	180.000000	141.004108	90.000000	180.000000	180.000000	219.011048	90.000000	
89.431750	86.047568	180.000000	223.349283	180.000000	90.000000	89.690216	0.000000	314.916090	0.000000	0.000000	0.000000	87.591721	33.223681	225.797251	158.005433	134.743912	175.197349	225.207778	193.160189	134.790681	270.000000	56.780285	90.000000	180.000000	168.166585	140.988952	86.617797	90.000000	0.000000	0.000000	0.000000	0.210320	41.940047	48.306828	180.000000	180.000000	141.004108	90.000000	180.000000	180.000000	219.011048	90.000000	
89.395870	86.092885	180.000000	223.349283	180.000000	90.000000	89.690216	0.000000	314.916090	0.000000	0.000000	0.000000	87.615141	33.223681	225.797156	158.005433	134.743912	175.064797	225.207778	193.147066	134.790681	270.000000	56.780285	90.000000	180.000000	168.166602	140.988952	86.590270	90.000000	0.000000	0.000000	0.000000	0.210222	41.940047	48.131640	180.000000	180.000000	141.004108	90.000000	180.000000	180.000000	219.011048	90.000000	
89.369979	95.045547	180.000000	223.349283	180.000000	90.000000	89.690216	0.000000	314.916090	0.000000	0.000000	0.000000	87.646839	33.223681	225.797129	158.005433	134.743912	174.864740	225.207778	193.143243	134.790681	270.000000	56.780285	90.000000	180.000000	168.166608	140.988952	86.571588	90.000000	0.000000	0.000000	0.000000	0.210191	41.940047	48.080771	180.000000	180.000000	141.004108	90.000000	180.000000	180.000000	219.011048	90.000000	
89.349216	88.873112	180.000000	223.349283	180.000000	90.000000	89.690216	0.000000	314.916090	0.000000	0.000000	0.000000	87.686698	33.223681	225.797121	158.005433	134.743912	174.648995	225.207778	193.142129	134.790681	270.000000	56.780285	90.000000	180.000000	168.166610	140.988952	86.561640	90.000000	0.000000	0.000000	0.000000	0.210181	41.940047	48.065999	180.000000	180.000000	141.004108	90.000000	180.000000	180.000000	219.011048	90.000000	
89.332201	86.968131	180.000000	223.349283	180.000000	90.000000	89.690216	0.000000	314.916090	0.000000	0.000000	0.000000	87.734597	33.223681	225.797119	158.005433	134.743912	174.435180	225.207778	193.141804	134.790681	270.000000	56.780285	90.000000	180.000000	168.166610	140.988952	86.560312	90.000000	0.000000	0.000000	0.000000	0.210178	41.940047	48.061709	180.000000	180.000000	141.004108	90.000000	180.000000	180.000000	219.011048	90.000000	
89.318534	95.199887	180.000000	223.349283	180.000000	90.000000	89.690216	0.000000	314.916090	0.000000	0.000000	0.000000	94.399286	33.223681	225.797118	158.005433	134.743912	174.229309	225.207778	193.141710	134.790681	270.000000	56.780285	90.000000	180.000000	168.166611	140.988952	86.567489	90.000000	0.000000	0.000000	0.000000	0.210177	41.940047	48.060463	180.000000	180.000000	141.004108	90.000000	180.000000	180.000000	219.011048	90.000000	
89.308089	88.930013	180.000000	223.349283	180.000000	90.000000	89.690216	0.000000	314.916090	0.000000	0.000000	0.000000	89.875406	33.223681	225.797118	158.005433	134.743912	174.033450	225.207778	193.141682	134.790681	270.000000	56.780285	90.000000	180.000000	168.166611	140.988952	86.583055	90.000000	0.000000	0.000000	0.000000	0.210176	41.940047	48.060102	180.000000	180.000000	141.004108	90.000000	180.000000	180.000000	219.011048	90.000000	
89.300816	95.718054	180.000000	223.349283	180.000000	90.000000	89.690216	0.000000	314.916090	0.000000	0.000000	0.000000	88.458971	33.223681	225.797118	158.005433	134.743912	173.848317	225.207778	193.141674	134.790681	270.000000	52.545114	90.000000	180.000000	168.166611	140.988952	86.606893	90.000000	0.000000	0.000000	0.000000	0.210176	41.940047	48.059996	180.000000	180.000000	141.004108	90.000000	180.000000	180.000000	219.011048	90.000000	
89.296690	89.075982	180.000000	223.349283	180.000000	90.000000	89.690216	0.000000	314.916090	0.000000	0.000000	0.000000	94.478670	33.223681	225.797118	158.005433	134.743912	173.674154	225.207778	193.141672	134.790681	270.000000	51.430886	90.000000	180.000000	168.166611	140.988952	86.638885	90.000000	0.000000	0.000000	0.000000	0.210176	41.940047	48.059966	180.000000	180.000000	141.004108	90.000000	180.000000	180.000000	219.011048	90.000000	
89.295686	95.672943	180.000000	223.349283	180.000000	90.000000	89.690216	0.000000	314.916090	0.000000	0.000000	0.000000	89.950577	33.223681	225.797118	158.005433	134.743912	173.511033	225.207778	193.141671	134.790681	270.000000	51.137507	90.000000	180.000000	168.166611	140.988952	86.678913	90.000000	0.000000	0.000000	0.000000	0.210176	41.940047	48.059957	180.000000	180.000000	141.004108	90.000000	180.000000	180.000000	219.011048	90.000000	
89.297784	89.066228	180.000000	223.349283	180.000000	90.000000	89.690216	0.000000	314.916090	0.000000	0.000000	0.000000	94.847859	33.223681	225.797118	158.005433	134.743912	173.358958	225.207778	193.141671	134.790681	270.000000	51.060252	90.000000	180.000000	168.166611	140.988952	86.726859	90.000000	0.000000	0.000000	0.000000	0.210176	41.940047	48.059954	180.000000	180.000000	141.004108	90.000000	180.000000	180.000000	219.011048	90.000000	
89.302963	95.589770	180.000000	223.349283	180.000000	90.000000	89.690216	0.000000	314.916090	0.000000	0.000000	0.000000	90.092439	33.223681	225.797118	158.005433	134.743912	173.217901	225.207778	193.141671	134.790681	270.000000	51.039906	90.000000	180.000000	168.166611	140.988952	94.525780	90.000000	0.000000	0.000000	0.000000	0.210176	41.940047	48.059954	180.000000	180.000000	141.004108	90.000000	180.000000	180.000000	219.011048	90.000000	
89.307096	89.066009	180.000000	223.349283	180.000000	90.000000	89.690216	0.000000	314.916090	0.000000	0.000000	0.000000	94.789703	33.223681	225.797118	158.005433	134.743912	173.087816	225.207778	193.141671	134.790681	270.000000	51.034548	90.000000	180.000000	168.166611	140.988952	89.239379	90.000000	0.000000	0.000000	0.000000	0.210176	41.940047	48.059953	180.000000	180.000000	141.004108	90.000000	180.000000	180.000000	219.011048	90.000000	
89.165086	95.521037	180.000000	223.349283	180.000000	90.000000	89.690216	0.000000	314.916090	0.000000	0.000000	0.000000	90.120478	33.223681	225.797118	158.005433	134.743912	172.968641	225.207778	193.141671	134.790681	270.000000	51.033137	90.000000	180.000000	168.166611	140.988952	87.561598	90.000000	0.000000	0.000000	0.000000	0.210176	41.940047	48.059953	180.000000	180.000000	141.004108	90.000000	180.000000	180.000000	219.011048	90.000000	
88.986327	89.091396	180.000000	223.349283	180.000000	90.000000	89.690216	0.000000	314.916090	0.000000	0.000000	0.000000	94.707735	33.223681	225.797118	158.005433	134.743912	172.860304	225.207778	193.141671	134.790681	270.000000	51.032765	90.000000	180.000000	168.166611	140.988952	94.658920	90.000000	0.000000	0.000000	0.000000	0.210176	41.940047	48.059953	180.000000	180.000000	141.004108	90.000000	180.000000	180.000000	219.011048	90.000000	
88.801798	95.471912	180.000000	223.349283	180.000000	90.000000	89.690216	0.000000	314.916090	0.000000	0.000000	0.000000	96.130197	33.223681	225.797118	158.005433	134.743912	172.762721	225.207778	193.141671	134.790681	270.000000	51.032667	90.000000	180.000000	168.166611	140.988952	89.312767	90.000000	0.000000	0.000000	0.000000	0.210176	41.940047	48.059953	180.000000	180.000000	141.004108	90.000000	180.000000	180.000000	219.011048	90.000000	
88.620303	89.143537	180.000000	223.349283	180.000000	90.000000	89.690216	0.000000	314.916090	0.000000	0.000000	0.000000	90.611417	33.223681	225.797118	158.005433	134.743912	172.675799	225.207778	193.141671	134.790681	270.000000	51.032641	90.000000	180.000000	168.166611	140.988952	95.122643	90.000000	0.000000	0.000000	0.000000	0.210176	41.940047	48.059953	180.000000	180.000000	138.841759	90.000000	180.000000	180.000000	219.011048	90.000000	
88.444365	95.442807	180.000000	223.349283	180.000000	90.000000	89.690216	0.000000	314.916090	0.000000	0.000000	0.000000	94.714564	33.223681	225.797118	158.005433	134.743912	172.599439	225.207778	193.141671	134.790681	270.000000	51.032634	90.000000	180.000000	168.166611	140.988952	89.467113	90.000000	0.000000	0.000000	0.000000	0.210176	41.940047	48.059953	180.000000	180.000000	138.272549	90.000000	180.000000	180.000000	219.011048	90.000000	
88.274724	97.385206	180.000000	223.349283	180.000000	90.000000	89.690216	0.000000	314.916090	0.000000	0.000000	0.000000	95.991322	33.223681	225.797118	158.005433	134.832848	172.533531	225.207778	193.141671	134.790681	270.000000	51.032633	90.000000	180.000000	168.166611	140.988952	95.074935	90.000000	0.000000	0.000000	0.000000	0.210176	41.940047	48.059953	180.000000	180.000000	138.122674	90.000000	180.000000	180.000000	219.011048	90.000000	
88.111606	89.810067	180.000000	223.349283	180.000000	90.000000	89.690216	0.000000	314.916090	0.000000	0.000000	0.000000	96.343229	33.223681	225.797118	158.005433	134.858668	172.477962	225.207778	193.141671	134.790681	270.000000	51.032632	90.000000	180.000000	168.166611	140.988952	89.478970	90.000000	0.000000	0.000000	0.000000	0.210176	41.940047	48.059953	180.000000	180.000000	138.083208	90.000000	180.000000	180.000000	219.011048	90.000000	
87.955088	95.556216	180.000000	223.349283	180.000000	90.000000	89.690216	0.000000	314.916090	0.000000	0.000000	0.000000	96.394970	33.223681	225.797118	158.005433	134.866164	172.432610	225.207778	193.141671	134.790681	270.000000	51.032632	90.000000	180.000000	168.166611	140.988952	94.993329	90.000000	0.000000	0.000000	0.000000	0.210176	41.940047	48.059953	180.000000	180.000000	138.072815	90.000000	180.000000	180.000000	219.011048	90.000000	
87.805199	97.333203	180.000000	223.349283	180.000000	90.000000	89.690216	0.000000	314.916090	0.000000	0.000000	0.000000	92.182448	33.223681	225.797118	158.005433	134.868341	172.397352	225.207778	193.141671	134.790681	270.000000	51.032632	90.000000	180.000000	168.166611	140.988952	89.503732	90.000000	0.000000	0.000000	0.000000	0.210176	41.940047	48.059953	180.000000	180.000000	138.070078	90.000000	180.000000	180.000000	219.011048	90.000000	
87.661951	97.844067	180.000000	223.349283	180.000000	90.000000	89.690216	0.000000	314.916090	0.000000	0.000000	0.000000	90.773401	33.223681	225.797118	158.005433	134.868973	172.372057	225.207778	193.141671	134.790681	270.000000	51.032632	90.000000	180.000000	168.166611	140.988952	94.929042	90.000000	0.000000	0.000000	0.000000	0.210176	41.940047	48.059953	180.000000	180.000000	138.069357	90.000000	180.000000	180.000000	219.011048	90.000000	
87.525346	97.952741	180.000000	223.349283	180.000000	90.000000	89.690216	0.000000	314.916090	0.000000	0.000000	0.000000	90.270513	33.223681	225.797118	158.005433	134.869157	172.356592	225.207778	193.141671	134.790681	270.000000	51.032632	90.000000	180.000000	168.166611	140.988952	89.557546	90.000000	0.000000	0.000000	0.000000	0.210176	41.940047	47.927573	180.000000	180.000000	138.069167	90.000000	180.000000	180.000000	219.011048	90.000000	
87.395380	97.935962	180.000000	223.349283	180.000000	90.000000	89.690216	0.000000	314.916090	0.000000	0.000000	0.000000	90.063190	33.223681	225.797118	158.005433	134.869210	172.350823	225.207778	193.141671	134.790681	270.000000	51.032632	90.000000	180.000000	168.166611	140.988952	94.887450	90.000000	0.000000	0.000000	0.000000	0.210176	41.940047	47.728446	180.000000	180.000000	138.069117	90.000000	180.000000	180.000000	219.011048	90.000000	
87.272045	97.882418	180.000000	223.349283	180.000000	90.000000	89.690216	0.000000	314.916090	0.000000	0.000000	0.000000	89.954632	33.223681	225.797118	158.005433	134.869225	172.354611	225.207778	193.141671	134.790681	270.000000	51.032632	90.000000	180.000000	168.166611	140.988952	96.578075	90.000000	0.000000	0.000000	0.000000	0.210176	41.940047	47.511207	180.000000	180.000000	138.069104	90.000000	180.000000	180.000000	219.011048	90.000000	
87.155325	97.820552	180.000000	223.349283	180.000000	90.000000	89.690216	0.000000	314.916090	0.000000	0.000000	0.000000	89.881408	33.223681	225.797118	158.005433	134.869230	172.367817	225.207778	193.141671	134.790681	270.000000	51.032632	90.000000	180.000000	168.166611	140.988952	97.068361	90.000000	0.000000	0.000000	0.000000	0.210176	43.003241	47.290297	180.000000	180.000000	138.069101	90.000000	180.000000	180.000000	219.011048	90.000000	
87.045202	97.759498	180.000000	223.349283	180.000000	90.000000	89.690216	0.000000	314.916090	0.000000	0.000000	0.000000	89.823074	33.223681	225.797118	158.005433	134.869231	172.390299	225.207778	193.141671	134.790681	270.000000	51.032632	90.000000	180.000000	168.166611	140.988952	97.164788	90.000000	0.000000	0.000000	0.000000	0.210176	43.311896	47.070069	180.000000	180.000000	138.069100	90.000000	180.000000	180.000000	221.089780	90.000000	
86.941651	97.702201	180.000000	223.349283	180.000000	90.000000	89.690216	0.000000	314.916090	0.000000	0.000000	0.000000	89.773032	33.223681	225.797118	158.005433	134.869232	172.421917	225.135638	193.141671	134.790681	270.000000	51.032632	90.000000	180.000000	168.166611	140.988952	97.134544	90.000000	0.000000	0.000000	0.000000	0.210176	43.401512	46.851889	180.000000	180.000000	138.069100	90.000000	180.000000	180.000000	221.693172	90.000000	
86.844644	97.649619	180.000000	223.349283	180.000000	90.000000	89.690216	0.000000	314.916090	0.000000	0.000000	0.000000	89.729146	33.223681	225.797118	158.005433	134.869232	172.462529	225.114694	193.141671	134.790681	270.000000	51.032632	90.000000	180.000000	168.166611	140.988952	97.066209	90.000000	0.000000	0.000000	0.000000	0.210176	43.427534	46.636239	180.000000	180.000000	138.069100	90.000000	180.000000	180.000000	221.868360	90.000000	
86.754150	74.878674	180.000000	223.349283	180.000000	90.000000	89.690216	0.000000	314.916090	0.000000	0.000000	0.000000	89.690709	33.223681	225.797118	158.005433	134.869232	172.511992	225.108614	193.141671	134.790681	270.000000	51.032632	90.000000	180.000000	168.166611	140.988952	96.989177	90.000000	0.000000	0.000000	0.000000	0.210176	43.435090	46.423334	180.000000	180.000000	138.069100	90.000000	180.000000	180.000000	221.919229	90.000000	
86.670133	68.413493	180.000000	223.349283	180.000000	90.000000	89.690216	0.000000	314.916090	0.000000	0.000000	0.000000	89.657476	33.223681	225.797118	158.005433	134.869232	172.570166	225.106848	193.141671	134.790681	270.000000	51.032632	90.000000	180.000000	168.166611	140.988952	96.913219	90.000000	0.000000	0.000000	0.000000	0.210176	43.437284	46.213310	180.000000	180.000000	138.069099	90.000000	180.000000	180.000000	221.934001	90.000000	
86.592554	66.603768	180.000000	223.349283	180.000000	90.000000	89.690216	0.000000	314.916090	0.000000	0.000000	0.000000	89.629349	33.223681	225.797118	158.005433	134.869232	172.636911	225.106335	193.141671	134.790681	270.000000	51.032632	90.000000	180.000000	168.166611	140.988952	92.122713	90.000000	0.000000	0.000000	0.000000	0.210176	43.437922	46.006276	180.000000	180.000000	138.069099	90.000000	180.000000	180.000000	221.938291	90.000000	
86.521372	66.158661	180.000000	223.349283	180.000000	90.000000	89.690216	0.000000	314.916090	0.000000	0.000000	0.000000	89.606271	33.223681	225.797118	158.005433	134.869232	172.712087	225.106187	193.141671	134.790681	270.000000	51.032632	90.000000	180.000000	168.166611	140.988952	90.533788	90.000000	0.000000	0.000000	0.000000	0.210176	43.438107	45.802331	180.000000	180.000000	138.069099	90.000000	180.000000	180.000000	221.939537	90.000000	
86.456540	66.114839	180.000000	223.349283	180.000000	90.000000	89.690216	0.000000	314.916090	0.000000	0.000000	0.000000	89.588202	33.223681	225.797118	158.005433	134.869232	172.795555	225.106143	193.141671	134.790681	270.000000	51.032632	90.000000	180.000000	168.166611	140.988952	89.983902	90.000000	0.000000	0.000000	0.000000	0.210176	43.438161	45.601572	180.000000	180.000000	138.069099	90.000000	180.000000	180.000000	221.939898	90.000000	
86.398012	66.189969	180.000000	223.349283	180.000000	90.000000	89.690216	0.000000	314.916090	0.000000	0.000000	0.000000	89.575103	33.223681	225.797118	158.005433	134.869232	181.294294	225.106131	193.141671	134.790681	270.000000	51.032632	90.000000	180.000000	168.166611	140.988952	89.773819	90.000000	0.000000	0.000000	0.000000	0.210176	43.438176	45.404091	180.000000	180.000000	138.069099	90.000000	180.000000	180.000000	221.940004	90.000000	
86.345737	74.371265	180.000000	223.349283	180.000000	90.000000	89.690216	0.000000	314.916090	0.000000	0.000000	0.000000	89.566935	33.223681	225.797118	158.005433	134.869232	175.684795	225.106127	193.141671	134.790681	270.000000	51.032632	90.000000	180.000000	168.166611	140.988952	89.677074	90.000000	0.000000	0.000000	0.000000	0.210176	43.438181	45.209976	180.000000	180.000000	138.069099	90.000000	180.000000	180.000000	221.940034	90.000000	
86.299663	68.696919	180.000000	223.349283	180.000000	90.000000	89.690216	0.000000	314.916090	0.000000	0.000000	0.000000	89.563658	33.223681	225.797118	158.005433	134.869232	173.859231	225.106126	193.141671	134.790681	270.000000	51.032632	90.000000	180.000000	168.166611	140.988952	89.620334	90.000000	0.000000	0.000000	0.000000	0.210176	43.438182	45.019314	180.000000	180.000000	138.069099	90.000000	180.000000	180.000000	221.940043	90.000000	
86.259736	67.136984	180.000000	223.349283	180.000000	90.000000	89.690216	0.000000	314.916090	0.000000	0.000000	0.000000	89.565229	33.223681	225.797118	158.005433	134.869232	181.546126	225.106126	193.141671	134.790681	270.000000	51.032632	90.000000	180.000000	168.166611	140.988952	89.579853	90.000000	0.000000	0.000000	0.000000	0.210176	43.438182	44.832186	180.000000	180.000000	138.069099	90.000000	180.000000	180.000000	221.940046	90.000000	
86.225900	74.735675	180.000000	223.349283	180.000000	90.000000	89.690216	0.000000	314.916090	0.000000	0.000000	0.000000	89.571605	33.223681	225.797118	158.005433	134.869232	175.858320	225.106126	193.141671	134.790681	270.000000	51.032632	90.000000	180.000000	168.166611	140.988952	89.547935	90.000000	0.000000	0.000000	0.000000	0.210176	43.438183	44.648674	180.000000	180.000000	138.069099	90.000000	180.000000	180.000000	221.940046	90.000000	
86.198097	69.002384	180.000000	223.349283	180.000000	90.000000	89.690216	0.000000	314.916090	0.000000	0.000000	0.000000	89.582739	33.223681	225.797118	158.005433	134.869232	182.136108	225.106126	193.141671	134.790681	270.000000	51.011641	90.000000	180.000000	168.166611	140.988952	89.522074	90.000000	0.000000	0.000000	0.000000	0.210176	43.438183	44.468854	180.000000	180.000000	138.069099	90.000000	180.000000	180.000000	221.940047	90.000000	
86.176268	67.434562	180.000000	223.349283	180.000000	90.000000	89.690216	0.000000	314.916090	0.000000	0.000000	0.000000	89.598586	33.223681	225.797118	158.005433	134.869232	176.097083	225.106126	193.141671	134.790681	270.000000	50.861073	90.000000	180.000000	168.166611	140.988952	89.501441	90.000000	0.000000	0.000000	0.000000	0.210176	43.438183	44.292800	180.000000	180.000000	138.069099	90.000000	180.000000	180.000000	221.940047	90.000000	
86.160352	74.912299	180.000000	223.349283	180.000000	90.000000	89.690216	0.000000	314.916090	0.000000	0.000000	0.000000	89.619098	33.223681	225.797118	158.005433	134.869232	182.136516	225.106126	193.141671	134.790681	270.000000	50.677142	90.000000	180.000000	168.166611	138.910220	89.485745	90.000000	0.000000	0.000000	0.000000	0.210176	43.438183	44.120580	180.000000	180.000000	138.069099	90.000000	180.000000	180.000000	221.940047	90.000000	
86.150289	69.268664	180.000000	223.349283	180.000000	90.000000	89.690216	0.000000	314.916090	0.000000	0.000000	0.000000	89.644224	33.223681	225.797118	158.005433	134.869232	176.162269	225.106126	193.141671	134.790681	270.000000	50.485655	90.000000	180.000000	168.166611	138.306828	89.474869	90.000000	0.000000	0.000000	0.000000	0.210176	43.438183	43.952263	180.000000	180.000000	138.069099	90.000000	180.000000	180.000000	221.940047	90.000000	
86.146016	75.489862	180.000000	223.349283	180.000000	90.000000	89.690216	0.000000	314.916090	0.000000	0.000000	0.000000	89.673915	33.223681	225.797118	158.005433	134.869232	182.091359	225.106126	193.141671	134.790681	270.000000	50.252244	90.000000	180.000000	168.166611	138.131640	89.468752	90.000000	0.000000	0.000000	0.000000	0.210176	43.438183	43.787911	180.000000	180.000000	138.069099	90.000000	180.000000	180.000000	221.940047	90.000000	
86.147471	69.561418	180.000000	223.349283	180.000000	90.000000	89.690216	0.000000	314.916090	0.000000	0.000000	0.000000	89.708120	33.223681	225.797118	158.005433	134.869232	176.237118	225.106126	193.141671	134.790681	270.000000	49.938384	90.000000	180.000000	168.166611	138.080771	89.467346	90.000000	0.000000	0.000000	0.000000	0.210176	43.438183	43.627585	180.000000	180.000000	138.069099	90.000000	180.000000	180.000000	221.940047	90.000000	
86.154589	75.620241	180.000000	223.349283	180.000000	90.000000	89.690216	0.000000	314.916090	0.000000	0.000000	0.000000	89.746785	33.223681	225.797118	158.005433	134.869232	182.063655	225.106126	193.141671	134.790681	270.000000	49.602248	90.000000	180.000000	168.166611	138.065999	89.470611	90.000000	0.000000	0.000000	0.000000	0.210176	43.438183	43.471341	180.000000	180.000000	138.069099	90.000000	180.000000	180.000000	221.940047	90.000000	
86.167306	69.721938	180.000000	223.349283	180.000000	90.000000	89.690216	0.000000	314.916090	0.000000	0.000000	0.000000	89.716954	33.223681	225.797118	158.005433	134.869232	176.342232	225.106126	193.141671	134.790681	270.000000	49.259718	90.000000	180.000000	168.166611	138.061709	89.478506	90.000000	0.000000	0.000000	0.000000	0.210176	43.438183	43.319232	180.000000	180.000000	138.069099	90.000000	180.000000	180.000000	221.940047	90.000000	
86.185559	75.583034	180.000000	223.349283	180.000000	90.000000	89.690216	0.000000	314.916090	0.000000	0.000000	0.000000	89.573967	33.223681	225.797118	158.005433	134.869232	182.060519	225.106126	193.141671	134.790681	270.000000	48.915274	90.000000	180.000000	168.166611	138.060463	89.490988	90.000000	0.000000	0.000000	0.000000	0.210176	43.438183	43.171308	180.000000	180.000000	138.069099	90.000000	180.000000	180.000000	221.940047	90.000000	
86.209283	69.640723	180.000000	223.349283	180.000000	90.000000	89.690216	0.000000	314.916090	0.000000	0.000000	0.000000	89.401411	33.223681	225.797118	158.005433	134.869232	183.965482	225.106126	193.141671	134.790681	270.000000	48.570311	90.000000	180.000000	168.166611	138.060102	89.508014	90.000000	0.000000	0.000000	0.000000	0.210176	43.438183	43.027615	180.000000	180.000000	138.069099	90.000000	180.000000	180.000000	221.940047	90.000000	
86.238412	75.401297	180.000000	223.349283	180.000000	90.000000	89.690216	0.000000	314.916090	0.000000	0.000000	0.000000	89.226130	33.223681	225.797118	158.005433	134.869232	184.558434	225.106126	193.141671	134.790681	270.000000	48.225384	90.000000	180.000000	168.166611	138.059996	89.443552	90.000000	0.000000	0.000000	0.000000	0.210176	43.438183	42.888196	180.000000	180.000000	138.069099	90.000000	180.000000	180.000000	221.940047	90.000000	
86.272883	69.537682	180.000000	223.349283	180.000000	90.000000	89.690216	0.000000	314.916090	0.000000	0.000000	0.000000	89.056755	33.223681	225.797118	158.005433	134.869232	184.702124	225.106126	193.141671	134.790681	270.000000	47.880820	90.000000	180.000000	168.166611	138.059966	89.270777	90.000000	0.000000	0.000000	0.000000	0.210176	43.438183	42.753091	180.000000	180.000000	138.069099	90.000000	180.000000	180.000000	221.940047	90.000000	
86.312630	75.223460	180.000000	223.349283	180.000000	90.000000	89.690216	0.000000	314.916090	0.000000	0.000000	0.000000	88.896064	33.223681	225.797118	158.005433	134.869232	184.694745	225.106126	193.141671	134.790681	270.000000	47.536886	90.000000	180.000000	168.166611	138.059957	89.069471	90.000000	0.000000	0.000000	0.000000	0.210176	43.438183	42.622335	180.000000	180.000000	138.069099	90.000000	180.000000	180.000000	221.940047	90.000000	
95.132922	76.809983	180.000000	223.349283	180.000000	90.000000	89.690216	0.000000	314.916090	0.000000	0.000000	0.000000	88.744940	33.223681	225.797118	158.005433	134.869232	184.639414	225.106126	193.141671	134.790681	270.000000	47.193836	90.000000	180.000000	168.166611	138.059954	88.865527	90.000000	0.000000	0.000000	0.000000	0.210176	43.438183	42.495961	180.000000	180.000000	138.069099	90.000000	180.000000	180.000000	221.940047	90.000000	
88.784760	69.852729	180.000000	223.349283	180.000000	90.000000	89.690216	0.000000	314.916090	0.000000	0.000000	0.000000	88.603649	33.223681	225.797118	158.005433	134.869232	184.571814	225.106126	193.141671	134.790681	270.000000	46.851921	90.000000	180.000000	171.436077	138.059954	88.667379	90.000000	0.000000	0.000000	0.000000	0.210176	43.438183	42.374000	180.000000	180.000000	138.069099	90.000000	180.000000	180.000000	221.940047	90.000000	
87.014850	75.068863	180.000000	223.349283	180.000000	90.000000	89.690216	0.000000	314.916090	0.000000	0.000000	0.000000	88.472252	33.223681	225.797118	158.005433	134.869232	184.504309	225.106126	193.141671	134.790681	270.000000	46.511393	90.000000	180.000000	172.470171	138.059953	88.477790	90.000000	0.000000	0.000000	0.000000	0.210176	43.438183	42.256477	180.000000	180.000000	138.069099	90.000000	180.000000	180.000000	221.940047	90.000000	
95.214099	76.527312	180.000000	223.349283	180.000000	90.000000	89.690216	0.000000	314.916090	0.000000	0.000000	0.000000	88.350735	33.223681	225.797118	158.005433	134.869232	184.441197	225.106126	193.141671	134.790681	270.000000	46.172505	90.000000	180.000000	172.797409	138.059953	88.297672	90.000000	0.000000	0.000000	0.000000	0.210176	43.438183	42.143415	180.000000	180.000000	138.069099	90.000000	180.000000	180.000000	221.940047	90.000000	
88.815084	76.860944	180.000000	223.349283	180.000000	90.000000	89.779101	0.000000	314.916090	0.000000	0.000000	0.000000	88.239056	33.223681	225.797118	158.005433	134.869232	184.383979	225.106126	193.141671	134.790681	270.000000	45.835512	90.000000	180.000000	172.900980	138.059953	88.127326	90.000000	0.000000	0.000000	0.000000	0.210176	43.438183	42.034835	180.000000	180.000000	138.069099	90.000000	180.000000	180.000000	221.940047	90.000000	
95.629964	76.859545	180.000000	223.349283	180.000000	90.000000	89.804975	0.000000	314.916090	0.000000	0.000000	0.000000	88.137156	33.223681	225.797118	158.005433	134.869232	180.137970	225.106126	193.141671	134.790681	270.000000	45.500668	90.000000	180.000000	172.933764	138.059953	87.966845	90.000000	0.000000	0.000000	0.000000	0.210176	43.438183	41.930753	180.000000	180.000000	138.069099	90.000000	180.000000	180.000000	221.940047	90.000000	
88.916719	76.760468	180.000000	223.349283	180.000000	90.000000	89.812508	0.000000	314.916090	0.000000	0.000000	0.000000	88.044968	33.223681	225.797118	158.005433	134.869232	178.678376	225.106126	193.141671	134.790681	270.000000	45.168229	90.000000	180.150331	172.944143	138.059953	87.816247	90.000000	0.000000	0.000000	0.000000	0.210176	43.438183	41.831184	180.000000	180.000000	138.069099	90.000000	180.000000	180.000000	221.940047	90.000000	
95.568936	76.635106	180.000000	223.349283	180.000000	90.000000	89.814701	0.000000	314.916090	0.000000	0.000000	0.000000	87.962416	33.223681	225.797118	158.005433	134.869232	178.161657	225.106126	193.141671	134.790681	270.000000	47.789819	90.000000	180.349850	172.947429	138.059953	87.675516	90.000000	0.000000	0.000000	0.000000	0.210176	43.438183	41.736138	180.000000	180.000000	138.069099	90.000000	180.000000	180.000000	221.940047	90.000000	
88.900362	76.504955	180.000000	223.349283	180.000000	90.000000	89.815340	0.000000	314.916090	0.000000	0.000000	0.000000	87.889416	33.223681	225.797118	158.005433	134.869232	177.966507	225.106126	193.141671	134.790681	270.000000	45.353871	90.000000	180.564265	172.948470	138.059953	87.544622	90.000000	0.000000	0.000000	0.000000	0.210176	43.438183	41.645624	180.000000	180.000000	138.069099	90.000000	180.000000	180.000000	221.940047	90.000000	
95.483132	76.376499	180.000000	223.349283	180.000000	90.000000	89.815526	0.000000	314.916090	0.000000	0.000000	0.000000	87.825879	33.223681	225.797118	158.005433	134.869232	177.883340	225.106126	193.141671	134.790681	270.000000	47.637055	90.000000	180.782873	172.948799	138.059953	87.423521	90.000000	0.000000	0.000000	0.000000	0.151869	43.438183	41.559647	180.000000	180.000000	138.069099	90.000000	180.000000	180.000000	221.940047	90.000000	
88.894341	76.251699	180.000000	223.349283	180.000000	90.000000	89.815580	0.000000	314.916090	0.000000	0.000000	0.000000	87.771711	33.223681	225.797118	158.005433	134.869232	177.841483	225.106126	193.141671	134.790681	270.000000	44.825576	90.000000	181.002250	172.948904	138.059953	87.312158	90.000000	0.000000	0.000000	0.000000	0.133420	43.438183	41.478211	180.000000	180.000000	138.069099	90.000000	180.000000	180.000000	221.940047	90.000000	
95.409419	76.131153	180.000000	223.349283	180.000000	90.000000	89.815596	0.000000	314.916090	0.000000	0.000000	0.000000	87.726814	33.223681	225.797118	158.005433	134.869232	177.817108	225.106126	193.141671	134.790681	270.000000	43.762136	90.000000	181.221221	172.948937	138.059953	87.210471	90.000000	0.000000	0.000000	0.000000	0.127582	43.438183	41.401316	180.000000	180.000000	138.069099	90.000000	180.000000	180.000000	221.940047	90.000000	
88.908806	76.015044	180.000000	223.349283	180.000000	90.000000	89.815600	0.000000	314.916090	0.000000	0.000000	0.000000	87.691083	33.223681	225.797118	158.005433	134.869232	177.802172	225.106126	193.141671	134.790681	270.000000	43.224731	90.000000	181.439308	172.948947	138.059953	87.118390	90.000000	0.000000	0.000000	0.000000	0.125734	43.438183	41.328959	180.000000	180.000000	138.069099	90.000000	180.000000	180.000000	221.940047	90.000000	
95.350769	75.903428	180.000000	223.349283	180.000000	90.000000	89.815602	0.000000	314.916090	0.000000	0.000000	0.000000	87.664412	33.223681	225.797118	158.005433	134.869232	177.793942	225.106126	193.141671	134.790681	270.000000	42.848586	90.000000	181.656252	172.948950	138.059953	87.035839	90.000000	0.000000	0.000000	0.000000	0.125149	43.438183	41.261136	180.000000	180.000000	138.069099	90.000000	180.000000	180.000000	221.940047	90.000000	
88.944268	75.796322	180.000000	223.349283	180.000000	90.000000	89.815602	0.000000	314.916090	0.000000	0.000000	0.000000	87.646692	33.223681	225.797118	158.005433	134.869232	177.791472	225.106126	193.141671	134.790681	270.000000	42.524294	90.000000	181.887169	172.948951	138.059953	86.962732	90.000000	0.000000	0.000000	0.000000	0.124964	43.438183	41.197840	180.000000	180.000000	138.069099	90.000000	180.000000	180.000000	221.940047	90.000000	
95.307368	75.693728	180.000000	223.349283	180.000000	90.000000	89.815602	0.000000	314.916090	0.000000	0.000000	0.000000	87.637810	33.223681	225.797118	158.005433	134.869232	177.794414	225.106126	189.379962	134.790681	270.000000	42.219001	90.000000	182.110983	172.948952	138.059953	86.898982	90.000000	0.000000	0.000000	0.000000	0.124906	43.438183	41.139062	180.000000	180.000000	138.069099	90.000000	180.000000	180.000000	221.940047	90.000000	
89.000447	75.595642	180.000000	223.349283	180.000000	90.000000	89.815602	0.000000	314.916090	0.000000	0.000000	0.000000	87.637652	33.223681	225.797118	158.005433	134.869232	177.802620	225.106126	188.285499	134.790681	270.000000	41.922909	90.000000	182.332118	172.948952	138.059953	86.844493	90.000000	0.000000	0.000000	0.000000	0.124887	43.438183	41.084791	180.000000	180.000000	138.069099	90.000000	180.000000	180.000000	221.940047	90.000000	
95.279164	75.502058	180.000000	223.349283	180.000000	90.000000	89.815602	0.000000	314.916090	0.000000	0.000000	0.000000	87.646102	33.223681	225.797118	158.005433	134.869232	177.816009	225.106126	187.966858	134.790681	270.000000	41.633180	90.000000	182.551886	172.948952	138.059953	86.799167	90.000000	0.000000	0.000000	0.000000	0.124881	43.438183	41.035013	180.000000	180.000000	138.069099	90.000000	180.000000	180.000000	221.940047	90.000000	
97.030635	75.412964	180.000000	223.349283	180.000000	90.000000	89.815602	0.000000	314.916090	0.000000	0.000000	0.000000	87.663042	33.223681	225.797118	158.005433	134.869232	177.834518	225.106126	187.874075	134.790681	270.000000	41.349087	90.000000	182.770615	172.948952	138.059953	86.762902	90.000000	0.000000	0.000000	0.000000	0.124879	43.438183	40.989714	180.000000	180.000000	138.069099	90.000000	180.000000	180.000000	221.940047	90.000000	
89.558809	75.328349	180.000000	223.349283	180.000000	90.000000	89.815602	0.000000	314.916090	0.000000	0.000000	0.000000	87.688354	33.223681	225.797118	158.005433	134.869232	177.791154	225.106126	187.847055	134.790681	270.000000	41.070540	90.000000	182.988321	172.948952	138.059953	86.735590	90.000000	0.000000	0.000000	0.000000	0.124879	43.438183	40.948876	180.000000	180.000000	138.069099	90.000000	180.000000	180.000000	221.940047	90.000000	
95.345861	75.248197	180.000000	223.349283	180.000000	90.000000	89.815602	0.000000	314.916090	0.000000	0.000000	0.000000	87.721919	33.223681	225.797118	158.005433	134.869232	177.618440	225.106126	187.839186	134.790681	270.000000	40.797635	90.000000	183.204921	172.948952	138.059953	86.717122	90.000000	0.000000	0.000000	0.000000	0.124879	43.438183	40.912480	180.000000	180.000000	138.069099	90.000000	180.000000	180.000000	221.940047	90.000000	
96.964355	75.172491	180.000000	223.349283	180.000000	90.000000	89.815602	0.000000	314.916090	0.000000	0.000000	0.000000	87.763618	33.223681	225.797118	158.005433	134.869232	177.409239	225.106126	187.836893	134.790681	270.000000	40.530524	90.000000	183.420297	172.948952	138.059953	86.707388	90.000000	0.000000	0.000000	0.000000	0.124878	43.438183	40.880505	180.000000	180.000000	138.069099	90.000000	180.000000	180.000000	221.940047	90.000000	
97.379575	75.101212	180.000000	223.349283	180.000000	90.000000	89.815602	0.000000	314.916090	0.000000	0.000000	0.000000	94.455900	37.635236	225.797118	158.005433	134.869232	177.194964	225.106126	187.836226	134.790681	270.000000	40.269365	90.000000	183.634322	172.948952	138.059953	86.706274	90.000000	0.000000	0.000000	0.000000	0.124878	43.438183	40.852931	180.000000	180.000000	138.069099	90.000000	180.000000	180.000000	221.940047	90.000000	
97.448854	75.034338	180.000000	223.349283	180.000000	90.000000	89.815602	0.000000	314.916090	0.000000	0.000000	0.000000	89.903053	38.667677	225.797118	158.005433	134.869232	176.986279	225.106126	187.836031	134.790681	270.000000	40.014314	90.000000	183.846865	172.948952	138.059953	86.713664	90.000000	0.000000	0.000000	0.000000	0.124878	43.438183	40.829732	180.000000	180.000000	138.069099	90.000000	180.000000	180.000000	221.940047	90.000000	
97.420626	74.971848	180.000000	223.349283	180.000000	90.000000	89.815602	0.000000	314.916090	0.000000	0.000000	0.000000	88.473057	38.909520	225.797118	158.005433	134.869232	176.786821	225.106126	187.835975	134.790681	270.000000	39.765521	90.000000	184.057791	172.948952	138.059953	86.729442	90.000000	0.000000	0.000000	0.000000	0.124878	43.438183	40.810884	180.000000	180.000000	138.069099	90.000000	180.000000	180.000000	221.940047	90.000000	
97.366910	74.913715	180.000000	223.349283	180.000000	90.000000	89.815602	0.000000	314.916090	0.000000	0.000000	0.000000	94.523878	38.966175	225.797118	158.005433	134.869232	176.597838	225.106126	187.835958	134.790681	270.000000	39.523125	90.000000	184.266967	172.948952	138.059953	86.753492	90.000000	0.000000	0.000000	0.000000	0.124878	43.438183	40.796361	180.000000	180.000000	138.069099	90.000000	180.000000	180.000000	221.940047	90.000000	
97.308598	74.859914	180.000000	223.349283	180.000000	90.000000	89.815602	0.000000	314.916090	0.000000	0.000000	0.000000	89.962254	38.979449	225.797118	158.005433	134.869232	176.419757	225.106126	187.835953	134.790681	270.000000	39.287258	90.000000	184.474257	172.948952	138.059953	86.785695	90.000000	0.000000	0.000000	0.000000	0.124878	43.438183	40.786135	180.000000	180.000000	138.069099	90.000000	180.000000	180.000000	221.940047	90.000000	
97.251761	74.810415	180.000000	223.349283	180.000000	90.000000	89.815602	0.000000	314.916090	0.000000	0.000000	0.000000	94.887692	38.982558	225.797118	158.005433	134.869232	176.252715	225.106126	187.835952	134.790681	270.000000	39.058041	90.000000	184.679527	172.948952	138.059953	86.825934	90.000000	0.000000	0.000000	0.000000	0.124878	43.438183	40.780177	180.000000	180.000000	138.069099	90.000000	180.000000	180.000000	221.940047	90.000000	
97.198170	74.765190	180.000000	223.349283	180.000000	90.000000	89.815602	0.000000	314.916090	0.000000	0.000000	0.000000	90.094255	38.983287	225.797118	158.005433	134.869232	176.096741	225.106126	187.835951	134.790681	270.000000	38.835587	90.000000	184.882643	172.948952	138.059953	86.874091	90.000000	0.000000	0.000000	0.000000	0.124878	43.438183	40.778457	180.000000	180.000000	138.069099	90.000000	180.000000	180.000000	221.940047	90.000000	
91.837682	74.724207	180.000000	223.349283	180.000000	90.000000	89.815602	0.000000	314.916090	0.000000	0.000000	0.000000	94.821958	38.983458	225.797118	158.005433	134.869232	175.951819	225.106126	187.835951	134.790681	270.000000	38.620000	90.000000	185.083470	172.948952	138.059953	94.632366	90.000000	0.000000	0.000000	0.000000	0.124878	43.438183	40.780944	180.000000	180.000000	138.069099	90.000000	180.000000	180.000000	221.940047	90.000000	
90.297688	74.687433	180.000000	223.349283	180.000000	90.000000	89.815602	0.000000	314.916090	0.000000	0.000000	0.000000	90.111883	38.983498	225.797118	158.005433	134.869232	175.817908	225.106126	187.835951	134.790681	270.000000	38.411371	90.000000	185.281875	172.948952	138.059953	89.374332	90.000000	0.000000	0.000000	0.000000	0.124878	43.438183	40.787607	180.000000	180.000000	138.069099	90.000000	180.000000	180.000000	221.940047	90.000000	
89.837139	74.654835	180.000000	223.349283	180.000000	90.000000	89.815602	0.000000	314.916090	0.000000	0.000000	0.000000	94.732229	38.983507	225.797118	158.005433	134.869232	175.694951	225.106126	187.835951	134.865947	270.000000	38.209787	90.000000	185.477725	172.948952	138.059953	87.705764	90.000000	0.000000	0.000000	0.000000	0.124878	43.438183	40.798412	180.000000	180.000000	138.069099	90.000000	180.000000	180.000000	221.940047	90.000000	
89.683648	74.626377	180.000000	223.349283	180.000000	90.000000	89.815602	0.000000	314.916090	0.000000	0.000000	0.000000	90.146131	38.983509	225.797118	158.005433	134.869232	175.582881	225.106126	187.835951	134.885763	270.000000	38.015323	90.000000	185.670890	172.948952	138.059953	94.764782	90.000000	0.000000	0.000000	0.000000	0.124878	43.438183	40.813326	180.000000	180.000000	138.069099	90.000000	180.000000	180.000000	221.940047	90.000000	
89.619144	74.602024	180.000000	223.349283	180.000000	90.000000	89.815602	0.000000	314.916090	0.000000	0.000000	0.000000	94.661406	38.983510	225.797118	158.005433	134.869232	175.481617	225.106126	187.835951	134.890980	270.000000	37.828045	90.000000	185.861238	172.948952	138.059953	89.448353	90.000000	0.000000	0.000000	0.000000	0.124878	43.438183	40.832315	180.000000	180.000000	138.069099	90.000000	180.000000	180.000000	221.940047	90.000000	
89.582071	74.581738	180.000000	223.349283	180.000000	90.000000	89.815602	0.000000	314.916090	0.000000	0.000000	0.000000	96.066057	38.983510	225.797118	158.005433	134.869232	175.391071	225.106126	187.835951	134.892354	270.000000	37.648012	90.000000	186.048641	172.948952	138.059953	95.226016	90.000000	0.000000	0.000000	0.000000	0.124878	43.438183	40.855344	180.000000	180.000000	138.069099	90.000000	180.000000	180.000000	221.940047	90.000000	
89.555058	74.565482	180.000000	223.349283	180.000000	90.000000	89.815602	0.000000	314.916090	0.000000	0.000000	0.000000	96.453352	38.983510	225.797118	158.005433	134.869232	175.311144	225.106126	187.835951	134.892716	270.000000	43.446979	90.000000	186.232973	172.948952	138.059953	89.602620	90.000000	0.000000	0.000000	0.000000	0.124878	43.438183	40.882377	180.000000	180.000000	138.069099	90.000000	180.000000	180.000000	221.940047	90.000000	
89.533198	74.553215	180.000000	223.349283	180.000000	90.000000	89.815602	0.000000	314.916090	0.000000	0.000000	0.000000	96.510248	38.983510	225.797118	158.005433	134.869232	175.241734	225.106126	187.835951	134.892811	270.000000	39.123701	90.000000	186.414108	172.948952	138.059953	95.178614	90.000000	0.000000	0.000000	0.000000	0.124878	43.438183	40.913379	180.000000	180.000000	138.069099	90.000000	180.000000	180.000000	221.940047	90.000000	
89.515096	74.544898	180.000000	223.349283	180.000000	90.000000	89.815602	0.000000	314.916090	0.000000	0.000000	0.000000	96.462523	38.983510	225.797118	158.005433	134.869232	175.182726	225.106126	187.835951	134.892836	270.000000	37.641510	90.000000	186.591923	172.948952	138.059953	89.615283	90.000000	0.000000	0.000000	0.000000	0.124878	43.438183	40.948312	180.000000	180.000000	138.069099	90.000000	180.000000	180.000000	221.940047	90.000000	
89.500349	74.540491	180.000000	223.349283	180.000000	90.000000	89.815602	0.000000	314.916090	0.000000	0.000000	0.000000	96.384434	38.983510	225.797118	158.005433	134.869232	175.134005	225.106126	187.835951	134.892843	270.000000	43.252118	90.000000	186.766300	172.948952	138.059953	95.097620	90.000000	0.000000	0.000000	0.000000	0.124878	43.438183	40.987139	180.000000	180.000000	138.069099	90.000000	180.000000	180.000000	221.940047	90.000000	
89.488830	74.539951	180.000000	223.349283	180.000000	90.000000	89.815602	0.000000	314.916090	0.000000	0.000000	0.000000	92.122953	38.983510	225.797118	158.005433	134.869232	175.095448	225.106126	187.835951	134.892845	270.000000	38.673942	90.000000	186.937118	172.948952	138.059953	89.640948	90.000000	0.000000	0.000000	0.000000	0.124878	43.438183	41.029824	180.000000	180.000000	138.069099	90.000000	180.000000	180.000000	221.940047	90.000000	
89.480490	74.543238	180.000000	223.349283	180.000000	90.000000	89.815602	0.000000	314.916090	0.000000	0.000000	0.000000	90.699817	38.983510	225.797118	158.005433	134.869232	175.066928	225.106126	187.835951	134.892845	270.000000	43.431438	90.000000	187.104264	172.948952	138.059953	95.033994	90.000000	0.000000	0.000000	0.000000	0.124878	43.438183	41.076329	180.000000	180.000000	138.069099	90.000000	180.000000	180.000000	221.940047	90.000000	
89.475302	74.550307	180.000000	223.349283	180.000000	90.000000	89.815602	0.000000	314.916090	0.000000	0.000000	0.000000	90.193991	38.983510	225.797118	158.005433	134.869232	175.048314	225.106126	187.835951	134.892845	270.000000	38.466046	90.000000	187.267624	172.948952	138.059953	96.737560	90.000000	0.000000	0.000000	0.000000	0.124878	43.438183	41.126615	180.000000	180.000000	138.069099	105.656996	180.000000	180.000000	221.940047	90.000000	
89.473243	74.561117	180.000000	223.349283	180.000000	90.000000	89.815602	0.000000	314.916090	0.000000	0.000000	0.000000	89.987297	38.983510	225.797118	158.005433	134.869232	175.039472	225.106126	187.835951	134.892845	270.000000	43.240050	90.000000	187.427090	172.948952	138.059953	90.229049	90.000000	0.000000	0.000000	0.000000	0.124878	43.438183	41.180645	180.000000	180.000000	138.069099	110.160658	180.000000	180.000000	221.940047	90.000000	
89.474293	74.575623	180.000000	223.349283	180.000000	90.000000	89.815602	0.000000	314.916090	0.000000	0.000000	0.000000	89.880501	38.983510	225.797118	158.005433	134.869232	175.040268	225.106126	187.835951	134.892845	270.000000	38.159450	90.000000	187.582555	172.948952	138.059953	95.095769	90.000000	0.000000	0.000000	0.000000	0.124878	43.438183	41.238381	180.000000	180.000000	138.069099	111.468850	180.000000	180.000000	221.940047	90.000000	
89.478430	74.593781	180.000000	223.349283	180.000000	90.000000	89.815602	0.000000	314.916090	0.000000	0.000000	0.000000	89.809397	38.983510	225.797118	158.005433	134.869232	175.050562	225.106126	187.835951	134.892845	270.000000	43.025847	90.000000	187.733916	172.948952	138.059953	96.638178	90.000000	0.000000	0.000000	0.000000	0.124878	43.438183	41.299783	180.000000	180.000000	138.069099	111.849179	180.000000	180.000000	221.940047	90.000000	
89.485632	74.615547	180.000000	223.349283	180.000000	90.000000	89.815602	0.000000	314.916090	0.000000	0.000000	0.000000	89.753289	38.983510	225.797118	158.005433	134.869232	175.070216	225.106126	187.835951	134.892845	270.000000	37.865355	90.000000	187.881074	172.948952	138.059953	97.083805	90.000000	0.000000	0.000000	0.000000	0.124878	43.438183	41.364813	180.000000	180.000000	138.069099	111.959769	180.000000	180.000000	221.940047	90.000000	
89.383481	74.640875	180.000000	223.349283	180.000000	90.000000	89.815602	0.000000	314.916090	0.000000	0.000000	0.000000	89.705502	38.983510	225.797118	158.005433	134.869232	175.099089	225.106126	187.835951	134.892845	270.000000	42.823095	90.000000	188.023932	172.948952	138.059953	97.169775	90.000000	0.000000	0.000000	0.000000	0.124878	43.438183	41.433433	180.000000	180.000000	138.069099	111.991929	180.000000	180.000000	221.940047	90.000000	
89.214632	74.669720	180.000000	223.349283	180.000000	90.000000	89.815602	0.000000	314.916090	0.000000	0.000000	0.000000	89.663871	38.983510	225.520201	158.005433	134.869232	175.137041	225.106126	187.835951	134.892845	270.000000	37.594882	90.000000	188.162398	172.948952	138.059953	97.140406	90.000000	0.000000	0.000000	0.000000	0.124878	43.438183	41.505605	180.000000	180.000000	138.069099	112.001282	180.000000	180.000000	221.940047	90.000000	
89.031530	74.702038	180.000000	223.349283	180.000000	90.000000	89.815602	0.000000	314.916090	0.000000	0.000000	0.000000	89.627681	38.983510	225.439807	158.005433	134.869232	175.183931	225.106126	187.835951	134.892845	270.000000	42.635481	90.000000	188.296383	172.948952	138.059953	97.076724	90.000000	0.000000	0.000000	0.000000	0.124878	43.438183	41.581289	180.000000	180.000000	138.069099	112.004002	180.000000	180.000000	221.940047	90.000000	
88.849051	74.737781	180.000000	223.349283	180.000000	90.000000	89.815602	0.000000	314.916090	0.000000	0.000000	0.000000	89.596685	38.983510	225.416465	158.005433	134.869232	175.239619	225.106126	187.835951	134.892845	270.000000	44.115291	90.000000	188.425802	172.948952	138.059953	97.005623	90.000000	0.000000	0.000000	0.000000	0.124878	43.438183	41.660447	180.000000	180.000000	138.069099	112.004794	180.000000	180.000000	221.940047	90.000000	
88.671439	74.776905	180.000000	223.349283	180.000000	90.000000	89.815602	0.000000	314.916090	0.000000	0.000000	0.000000	89.570780	38.983510	225.409688	158.005433	134.869232	175.303964	225.106126	187.835951	134.892845	270.000000	37.685457	90.000000	188.550573	172.948952	138.059953	92.182515	90.000000	0.000000	0.000000	0.000000	0.124878	43.438183	41.743041	180.000000	180.000000	138.069099	112.005024	180.000000	180.000000	221.940047	90.000000	
88.499924	62.815124	180.000000	223.349283	180.000000	90.000000	89.815602	0.000000	314.916090	0.000000	0.000000	0.000000	89.549911	38.983510	225.407719	158.005433	134.869232	183.266874	225.106126	187.835951	134.892845	270.000000	42.493902	90.000000	188.670619	172.948952	138.059953	90.584010	90.000000	0.000000	0.000000	0.000000	0.124878	43.438183	41.829032	180.000000	180.000000	138.069099	112.005091	180.000000	180.000000	221.940047	90.000000	
88.334871	62.790188	180.000000	223.349283	180.000000	90.000000	89.815602	0.000000	314.916090	0.000000	0.000000	0.000000	89.534035	38.983510	225.407148	158.005433	134.869232	177.992609	225.106126	187.835951	134.892845	270.000000	43.911341	90.000000	188.785866	172.948952	138.059953	90.031747	90.000000	0.000000	0.000000	0.000000	0.124878	43.438183	41.918383	180.000000	180.000000	138.069099	112.005110	180.000000	180.000000	221.940047	90.000000	
88.176399	62.782942	180.000000	223.349283	180.000000	90.000000	89.815602	0.000000	314.916090	0.000000	0.000000	0.000000	89.523113	38.983510	225.406982	158.005433	134.869232	176.262903	225.106126	187.835951	134.892845	270.000000	44.281751	90.000000	188.896245	172.948952	138.059953	89.821544	90.000000	0.000000	0.000000	0.000000	0.124878	43.438183	39.586668	180.000000	180.000000	138.069099	112.005116	180.000000	180.000000	221.940047	90.000000	
88.024549	62.780837	180.000000	223.349283	180.000000	90.000000	89.815602	0.000000	314.916090	0.000000	0.000000	0.000000	89.517104	38.983510	225.406934	158.005433	134.869232	183.463064	225.106126	187.835951	134.892845	270.000000	44.329679	90.000000	189.001690	172.948952	138.059953	89.725384	90.000000	0.000000	0.000000	0.000000	0.124878	43.438183	38.948997	180.000000	180.000000	138.069099	112.005118	180.000000	180.000000	221.940047	90.000000	
87.879340	62.780225	180.000000	223.349283	180.000000	90.000000	89.815602	0.000000	314.916090	0.000000	0.000000	0.000000	89.515969	38.983510	225.406920	158.005433	134.869232	178.116942	225.106126	187.835951	134.892845	270.000000	44.279544	90.000000	189.102139	172.948952	138.059953	89.669444	90.000000	0.000000	0.000000	0.000000	0.124878	43.438183	38.814875	180.000000	180.000000	138.069099	112.005118	180.000000	180.000000	221.940047	90.000000	
87.740775	62.780047	180.000000	223.349283	180.000000	90.000000	89.815602	0.000000	314.916090	0.000000	0.000000	0.000000	89.519663	38.983510	225.406916	158.005433	134.869232	183.991354	225.106126	187.835951	134.892845	270.000000	44.200938	90.000000	189.197533	172.948952	138.059953	89.629827	90.000000	0.000000	0.000000	0.000000	0.124878	43.438183	38.831600	180.000000	180.000000	138.069099	112.005118	180.000000	180.000000	221.940047	90.000000	
87.608853	62.779995	180.000000	223.349283	180.000000	90.000000	89.815602	0.000000	314.916090	0.000000	0.000000	0.000000	89.528142	38.983510	225.406914	158.005433	134.869232	178.317241	225.106126	187.835951	134.892845	270.000000	44.115483	90.000000	189.287819	172.948952	138.059953	89.598791	90.000000	0.000000	0.000000	0.000000	0.124878	43.438183	38.894738	180.000000	180.000000	138.069099	112.005118	180.000000	180.000000	221.940047	90.000000	
87.483566	62.779980	180.000000	223.349283	180.000000	90.000000	89.815602	0.000000	314.916090	0.000000	0.000000	0.000000	89.541360	38.983510	225.406914	158.005433	134.869232	183.967892	225.106126	187.835951	134.892845	270.000000	44.029929	90.000000	189.372947	172.948952	138.059953	89.573812	90.000000	0.000000	0.000000	0.000000	0.124878	43.438183	38.973372	180.000000	180.000000	138.069099	112.005118	180.000000	180.000000	221.940047	90.000000	
87.364900	62.779976	180.000000	223.349283	180.000000	90.000000	89.815602	0.000000	314.916090	0.000000	0.000000	0.000000	89.559270	38.983510	225.406914	158.005433	134.869232	178.356746	225.106126	187.835951	134.892845	270.000000	43.946407	90.000000	189.452869	172.948952	138.059953	89.554058	90.000000	0.000000	0.000000	0.000000	0.124878	43.438183	39.058343	180.000000	180.000000	138.069099	112.005118	180.000000	180.000000	221.940047	90.000000	
87.252839	62.779975	180.000000	223.349283	180.000000	90.000000	89.815602	0.000000	314.916090	0.000000	0.000000	0.000000	89.581824	38.983510	225.406914	158.005433	134.869232	183.903544	225.106126	187.835951	134.892845	270.000000	43.865615	90.000000	189.527545	172.948952	138.059953	89.539235	90.000000	0.000000	0.000000	0.000000	0.124878	43.438183	39.146917	180.000000	180.000000	138.069099	112.005118	180.000000	180.000000	221.940047	90.000000	
87.147358	62.779974	180.000000	223.349283	180.000000	90.000000	89.815602	0.000000	314.916090	0.000000	0.000000	0.000000	89.608971	38.983510	225.406914	158.005433	134.869232	178.408166	225.106126	187.835951	134.892845	270.000000	43.787807	90.000000	189.596933	172.948952	138.059953	89.529226	90.000000	0.000000	0.000000	0.000000	0.124878	43.438183	39.238264	180.000000	180.000000	138.069099	112.005118	180.000000	180.000000	221.940047	90.000000	
87.048432	62.779974	180.000000	223.349283	180.000000	90.000000	89.815602	0.000000	314.916090	0.000000	0.000000	0.000000	89.640660	38.983510	225.406914	158.005433	134.869232	183.857610	225.106126	187.835951	134.892845	270.000000	43.713094	90.000000	189.661000	172.948952	138.059953	89.523968	90.000000	0.000000	0.000000	0.000000	0.124878	43.438183	39.332112	180.000000	180.000000	138.069099	112.005118	180.000000	180.000000	221.940047	90.000000	
86.956030	62.779974	180.000000	223.349283	180.000000	90.000000	89.815602	0.000000	314.916090	0.000000	0.000000	0.000000	89.676841	38.983510	225.406914	158.005433	134.869232	185.656016	225.106126	187.835951	134.892845	270.000000	43.641545	90.000000	189.719714	172.948952	138.059953	89.523416	90.000000	0.000000	0.000000	0.000000	0.124878	43.438183	39.428357	180.000000	180.000000	138.069099	112.005118	180.000000	180.000000	221.940047	90.000000	
86.870117	62.779974	180.000000	223.349283	180.000000	90.000000	89.815602	0.000000	314.916090	0.000000	0.000000	0.000000	89.717460	38.983510	225.406914	158.005433	134.869232	179.085578	225.106126	187.835951	134.892845	270.000000	43.573212	90.000000	189.773047	172.948952	138.059953	89.527526	90.000000	0.000000	0.000000	0.000000	0.124878	43.438183	46.336371	180.000000	180.000000	138.069099	112.005118	180.000000	180.000000	221.940047	90.000000	
86.790656	62.779974	180.000000	223.349283	180.000000	90.000000	89.815602	0.000000	314.916090	0.000000	0.000000	0.000000	89.617656	38.983510	225.406914	158.005433	134.869232	183.969713	225.106126	187.835951	134.892845	270.000000	43.508143	90.000000	189.820973	172.948952	138.059953	89.536258	90.000000	0.000000	0.000000	0.000000	0.124878	43.438183	41.556017	180.000000	180.000000	138.069099	112.005118	180.000000	180.000000	221.940047	90.000000	
86.717604	62.779974	180.000000	223.349283	180.000000	90.000000	89.815602	0.000000	314.916090	0.000000	0.000000	0.000000	89.455122	38.983510	225.406914	158.005433	134.869232	185.587135	225.106126	187.835951	134.892845	270.000000	43.446383	90.000000	189.863473	172.948952	138.059953	89.549569	90.000000	0.000000	0.000000	0.000000	0.124878	43.438183	40.228941	180.000000	180.000000	138.069099	112.005118	180.000000	180.000000	221.940047	90.000000	
86.650919	62.779974	180.000000	223.349283	180.000000	90.000000	89.815602	0.000000	314.916090	0.000000	0.000000	0.000000	89.279207	38.983510	225.406914	158.005433	134.869232	186.082244	225.106126	187.835951	134.892845	270.000000	43.387975	90.000000	189.900527	174.900117	138.059953	89.567416	90.000000	0.000000	0.000000	0.000000	0.124878	43.438183	46.634116	180.000000	180.000000	138.069099	112.005118	180.000000	180.000000	221.940047	90.000000	
86.590552	62.779974	180.000000	223.349283	180.000000	90.000000	89.815602	0.000000	314.916090	0.000000	0.000000	0.000000	89.105771	38.983510	225.406914	158.005433	134.869232	186.194187	225.106126	187.835951	134.892845	270.000000	43.332963	90.000000	189.932120	175.517394	138.059953	89.469897	90.000000	0.000000	0.000000	0.000000	0.124878	43.438183	41.798949	180.000000	180.000000	138.069099	112.005118	180.000000	180.000000	221.940047	90.000000	
86.536455	62.779974	180.000000	223.349283	180.000000	90.000000	89.815602	0.000000	314.916090	0.000000	0.000000	0.000000	88.939915	38.983510	225.406914	158.005433	134.869232	186.178134	225.106126	187.835951	134.892845	270.000000	43.281385	90.000000	189.958242	175.712728	138.059953	89.287675	90.000000	0.000000	0.000000	0.000000	0.124878	43.438183	47.122027	180.000000	180.000000	138.069099	112.005118	180.000000	180.000000	221.940047	90.000000	
86.488576	62.779974	180.000000	223.349283	180.000000	90.000000	89.815602	0.000000	314.916090	0.000000	0.000000	0.000000	88.783278	38.983510	225.406914	158.005433	134.869232	186.122220	225.106126	187.835951	134.892845	270.000000	43.233281	90.000000	189.978883	175.774549	138.059953	89.084579	90.000000	0.000000	0.000000	0.000000	0.124878	43.438183	42.032046	180.000000	180.000000	138.069099	112.005118	180.000000	180.000000	221.940047	90.000000	
86.446862	62.779974	180.000000	223.349283	180.000000	90.000000	89.815602	0.000000	314.916090	0.000000	0.000000	0.000000	88.636373	38.983510	225.406914	158.005433	134.914632	186.056910	225.106126	187.835951	134.892845	270.000000	43.188689	90.000000	189.994037	175.794117	138.059953	88.881336	90.000000	0.000000	0.000000	0.000000	0.124878	43.438183	47.222699	180.000000	180.000000	138.069099	112.005118	180.000000	180.000000	221.940047	90.000000	
86.411256	62.779974	180.000000	223.349283	180.000000	90.000000	89.815602	0.000000	314.916090	0.000000	0.000000	0.000000	88.499343	38.983510	225.406914	158.005433	134.927813	181.491836	225.106126	187.835951	134.892845	270.000000	43.147645	90.000000	190.003701	175.800311	138.059953	88.684705	90.000000	0.000000	0.000000	0.000000	0.124878	43.438183	42.159585	180.000000	180.000000	138.069099	112.005118	180.000000	180.000000	221.940047	90.000000	
86.381702	62.779974	180.000000	223.349283	180.000000	90.000000	89.815602	0.000000	314.916090	0.000000	0.000000	0.000000	88.372207	38.983510	225.406914	158.005433	134.931640	179.919117	225.106126	187.835951	134.892845	270.000000	43.110185	90.000000	190.007874	175.802272	138.059953	88.496902	90.000000	0.000000	0.000000	0.000000	0.124878	43.438183	47.292778	180.000000	180.000000	138.069099	112.005118	180.000000	180.000000	221.940047	90.000000	
86.358141	62.779974	180.000000	223.349283	180.000000	90.000000	89.815602	0.000000	314.916090	0.000000	0.000000	0.000000	88.254935	38.983510	225.406914	158.005433	134.932751	179.357696	225.106126	187.835951	134.892845	270.000000	43.076342	90.000000	190.006559	175.802893	138.059953	88.318660	90.000000	0.000000	0.000000	0.000000	0.124878	43.438183	42.285627	180.000000	180.000000	138.069099	112.005118	180.000000	180.000000	221.940047	90.000000	
86.340513	62.779974	180.000000	223.349283	180.000000	90.000000	89.815602	0.000000	314.916090	0.000000	0.000000	0.000000	88.147476	38.983510	225.406914	158.005433	134.933073	179.140721	225.106126	187.835951	134.892845	270.000000	43.046148	90.000000	189.999759	175.803090	138.059953	88.150220	90.000000	0.000000	0.000000	0.000000	0.090374	43.438183	47.362400	180.000000	180.000000	138.069099	112.005118	180.000000	180.000000	221.940047	90.000000	
86.328757	62.779974	180.000000	223.349283	180.000000	90.000000	89.815602	0.000000	314.916090	0.000000	0.000000	0.000000	88.049768	38.983510	225.406914	158.005433	134.933167	179.043417	225.106126	187.835951	134.892845	270.000000	54.506735	90.000000	189.987481	175.803152	138.059953	87.991652	90.000000	0.000000	0.000000	0.000000	0.079457	43.438183	42.418804	180.000000	180.000000	138.069099	112.005118	180.000000	180.000000	221.940047	90.000000	
86.322811	62.779974	180.000000	223.349283	180.000000	90.000000	89.815602	0.000000	314.916090	0.000000	0.000000	0.000000	87.961739	38.983510	225.406914	158.005433	134.933194	178.990039	225.106126	187.835951	134.892845	270.000000	58.081884	90.000000	189.969735	175.803172	138.059953	87.842967	90.000000	0.000000	0.000000	0.000000	0.076002	43.438183	47.434032	180.000000	180.000000	138.069099	112.005118	180.000000	180.000000	221.940047	90.000000	
86.322612	62.779974	180.000000	223.349283	180.000000	90.000000	89.815602	0.000000	314.916090	0.000000	0.000000	0.000000	87.883309	38.983510	225.406914	158.005433	134.933202	178.955063	225.106126	187.835951	134.892845	270.000000	59.157159	90.000000	189.946530	175.803178	138.059953	87.704146	90.000000	0.000000	0.000000	0.000000	0.074909	43.438183	42.559678	180.000000	180.000000	138.069099	112.005118	180.000000	180.000000	221.940047	90.000000	
86.328097	62.779974	180.000000	223.349283	180.000000	90.000000	89.868511	0.000000	314.916090	0.000000	0.000000	0.000000	87.814394	38.983510	225.406914	158.005433	134.933204	178.929879	225.106126	187.835951	134.892845	270.000000	59.436190	90.000000	189.917880	175.803180	138.059953	87.575155	90.000000	0.000000	0.000000	0.000000	0.074563	43.980868	47.507799	180.000000	180.000000	138.069099	112.005118	180.000000	180.000000	221.940047	90.000000	
86.339202	62.779974	180.000000	223.349283	180.000000	90.000000	89.883913	0.000000	314.916090	0.000000	0.000000	0.000000	87.754901	38.983510	225.406914	158.005433	134.933205	178.911569	225.106126	187.835951	134.892845	270.000000	59.462372	90.000000	189.883799	175.803181	138.059953	87.455947	90.000000	0.000000	0.000000	0.000000	0.074453	44.138420	48.946003	180.000000	180.000000	138.069099	112.005118	180.000000	180.000000	223.003241	90.000000	
86.355863	62.779974	180.000000	223.349283	180.000000	90.000000	89.888397	0.000000	314.916090	0.000000	0.000000	0.000000	87.704734	38.983510	225.406914	158.005433	134.933205	178.899125	225.069290	187.835951	134.892845	270.000000	59.409162	90.000000	189.844304	175.803181	138.059953	87.346467	90.000000	0.000000	0.000000	0.000000	0.074419	44.184164	43.158521	180.000000	180.000000	138.069099	112.005118	180.000000	180.000000	223.311896	90.000000	
86.378015	62.779974	180.000000	223.349283	180.000000	90.000000	89.889702	0.000000	314.916090	0.000000	0.000000	0.000000	87.663792	38.983510	225.406914	158.005433	134.933205	178.892181	225.058596	187.835951	134.892845	270.000000	59.331957	90.000000	189.799412	175.803181	138.059953	87.246651	90.000000	0.000000	0.000000	0.000000	0.074408	44.197447	47.714272	180.000000	180.000000	138.069099	112.005118	180.000000	180.000000	223.401512	90.000000	
86.405594	62.779974	180.000000	223.349283	180.000000	90.000000	89.890082	0.000000	314.916090	0.000000	0.000000	0.000000	87.631971	38.983510	225.406914	158.005433	134.933205	178.890585	225.055491	187.835951	134.892845	270.000000	59.248472	90.000000	189.911904	175.803181	138.059953	87.156427	90.000000	0.000000	0.000000	0.000000	0.074404	44.201304	49.039023	180.000000	180.000000	138.069099	112.005118	180.000000	180.000000	223.427534	90.000000	
86.438534	62.779974	180.000000	223.349283	180.000000	90.000000	89.890193	0.000000	314.916090	0.000000	0.000000	0.000000	87.609163	38.983510	225.406914	158.005433	134.933205	178.894255	225.054590	187.835951	134.892845	270.000000	59.164391	90.000000	190.091240	175.803181	138.059953	87.075718	90.000000	0.000000	0.000000	0.000000	0.074403	44.202424	49.424594	180.000000	180.000000	136.963260	112.005118	180.000000	180.000000	223.435090	90.000000	
86.476772	62.779974	180.000000	223.349283	180.000000	90.000000	89.890225	0.000000	314.916090	0.000000	0.000000	0.000000	87.595257	38.983510	225.406914	158.005433	134.933205	178.903130	225.054328	187.835951	134.892845	270.000000	59.081559	90.000000	191.746759	175.803181	138.059953	87.004437	90.000000	0.000000	0.000000	0.000000	0.074403	44.202749	49.536834	180.000000	180.000000	136.672119	112.005118	180.000000	180.000000	223.437284	90.000000	
95.260091	62.779974	180.000000	223.349283	180.000000	90.000000	89.890235	0.000000	314.916090	0.000000	0.000000	0.000000	87.590138	38.983510	225.406914	158.005433	134.933205	178.917157	225.054252	187.835951	134.892845	270.000000	59.000594	90.000000	191.731023	175.803181	138.059953	86.942496	90.000000	0.000000	0.000000	0.000000	0.074403	44.202844	49.569511	180.000000	180.000000	136.595461	112.005118	180.000000	180.000000	223.437922	105.409697	
88.936517	62.779974	180.000000	223.349283	180.000000	90.000000	89.890237	0.000000	314.916090	0.000000	0.000000	0.000000	87.593694	38.983510	225.406914	158.005433	134.933205	178.936285	225.054230	187.835951	134.892845	270.000000	58.921722	90.000000	191.708698	175.803181	138.059953	86.889798	90.000000	0.000000	0.000000	0.000000	0.074403	44.202871	49.579025	180.000000	180.000000	136.575275	112.005118	180.000000	180.000000	223.438107	110.040897	
87.172234	62.779974	180.000000	223.349283	180.000000	90.000000	89.890238	0.000000	314.916090	0.000000	0.000000	0.000000	87.605805	38.983510	225.406914	158.005433	134.933205	178.836814	225.054224	187.835951	134.892845	270.000000	58.845042	90.000000	191.681251	175.803181	138.059953	86.846244	90.000000	0.000000	0.000000	0.000000	0.074403	44.202879	49.581796	180.000000	180.000000	136.569959	112.005118	180.000000	180.000000	223.438161	111.445589	
95.337760	62.779974	180.000000	223.349283	180.000000	90.000000	89.890238	0.000000	314.916090	0.000000	0.000000	0.000000	87.626356	38.983510	225.406914	158.005433	134.933205	178.647232	225.054222	185.589591	134.892845	270.000000	58.770614	90.000000	191.649187	175.803181	138.059953	86.811730	90.000000	0.000000	0.000000	0.000000	0.074403	44.202881	49.582603	180.000000	180.000000	136.568559	112.005118	180.000000	180.000000	223.438176	111.872033	
88.963064	62.779974	180.000000	223.349283	180.000000	90.000000	89.890238	0.000000	314.916090	0.000000	0.000000	0.000000	87.655227	38.983510	225.406914	158.005433	134.933205	178.434475	225.054221	184.935799	134.892845	270.000000	58.698483	90.000000	191.612696	175.803181	138.059953	86.786150	90.000000	0.000000	0.000000	0.000000	0.074403	44.202882	49.582838	180.000000	180.000000	136.568190	112.005118	180.000000	180.000000	223.438181	112.001518	
95.749925	62.779974	180.000000	223.349283	180.000000	90.000000	89.890239	0.000000	314.916090	0.000000	0.000000	0.000000	87.692299	38.983510	225.406914	158.005433	134.933205	178.221182	225.054221	184.745459	134.892845	270.000000	58.628690	90.000000	191.571870	175.803181	138.059953	86.769394	90.000000	0.000000	0.000000	0.000000	0.074403	44.202882	49.582906	180.000000	180.000000	136.568093	112.005118	180.000000	180.000000	223.438182	112.040838	
89.061946	62.779974	180.000000	223.349283	180.000000	90.000000	89.890239	0.000000	314.916090	0.000000	0.000000	0.000000	87.737453	38.983510	225.406914	158.005433	134.933205	178.015040	225.054221	184.690038	134.892845	270.000000	58.561273	90.000000	191.526766	175.803181	138.059953	86.761350	90.000000	0.000000	0.000000	0.000000	0.074403	44.202882	49.582926	180.000000	180.000000	136.568068	112.005118	180.000000	180.000000	223.438182	112.052780	
95.687198	62.779974	180.000000	223.349283	180.000000	90.000000	89.890239	0.000000	314.916090	0.000000	0.000000	0.000000	94.417291	38.983510	225.406914	158.005433	134.933205	177.818674	225.054221	184.673900	134.892845	270.000000	58.496270	90.000000	191.477433	175.803181	138.059953	86.761904	90.000000	0.000000	0.000000	0.000000	0.074403	44.202882	49.582932	180.000000	180.000000	136.568061	112.005118	180.000000	180.000000	223.438183	112.056407	
89.043413	62.779974	180.000000	223.349283	180.000000	90.000000	89.890239	0.000000	314.916090	0.000000	0.000000	0.000000	89.878549	38.983510	225.406914	158.005433	134.933205	177.632982	225.054221	184.669200	134.892845	270.000000	58.433717	90.000000	191.423915	175.803181	138.059953	86.770942	90.000000	0.000000	0.000000	0.000000	0.074403	44.202882	49.582933	180.000000	180.000000	136.568059	112.005118	180.000000	180.000000	223.438183	112.057509	
95.599871	62.779974	180.000000	223.349283	180.000000	90.000000	89.890239	0.000000	314.916090	0.000000	0.000000	0.000000	88.455464	38.983510	225.406914	158.005433	134.933205	177.458269	225.054221	184.667831	134.892845	270.000000	58.373648	90.000000	191.366260	175.803181	136.996759	86.788345	90.000000	0.000000	0.000000	0.000000	0.074403	44.202882	49.582934	180.000000	180.000000	136.568059	112.005118	180.000000	179.994170	223.438183	112.057843	
89.035306	62.779974	180.000000	223.349283	180.000000	90.000000	89.890239	0.000000	314.916090	0.000000	0.000000	0.000000	94.491693	38.983510	225.406914	158.005433	134.933205	177.294627	225.054221	184.667432	134.892845	270.000000	58.316097	90.000000	191.304513	175.803181	136.688104	86.813998	90.000000	0.000000	0.000000	0.000000	0.074403	44.202882	49.582934	180.000000	180.000000	136.568059	112.005118	180.000000	179.832662	223.438183	112.057945	
95.524666	62.779974	180.000000	223.349283	180.000000	90.000000	89.890239	0.000000	314.916090	0.000000	0.000000	0.000000	89.946633	38.983510	225.406914	158.005433	134.933205	177.142067	225.054221	184.667316	134.892845	270.000000	58.261097	90.000000	191.238719	175.803181	136.598488	86.847782	90.000000	0.000000	0.000000	0.000000	0.074403	44.202882	49.582934	180.000000	180.000000	136.568059	112.005118	180.000000	179.621464	223.438183	112.057976	
89.047736	62.779974	180.000000	223.349283	180.000000	90.000000	89.890239	0.000000	314.916090	0.000000	0.000000	0.000000	94.858689	38.983510	225.406914	158.005433	134.933205	177.000563	225.054221	184.667282	134.892845	270.000000	58.208680	90.000000	193.929160	175.803181	136.572466	86.889580	90.000000	0.000000	0.000000	0.000000	0.074403	44.202882	49.582934	180.000000	180.000000	136.568059	112.005118	180.000000	179.394629	223.438183	112.057985	
95.464544	62.779974	180.000000	223.349283	180.000000	90.000000	89.890239	0.000000	314.916090	0.000000	0.000000	0.000000	90.084151	38.983510	225.406914	158.005433	134.933205	176.870069	225.054221	184.667273	134.892845	270.000000	58.158877	90.000000	194.898000	175.803181	136.564910	86.939274	90.000000	0.000000	0.000000	0.000000	0.074403	44.202882	49.582934	180.000000	180.000000	136.568059	112.005118	180.000000	179.163234	223.438183	112.057988	
89.081213	62.779974	180.000000	223.349283	180.000000	90.000000	89.890239	0.000000	314.916090	0.000000	0.000000	0.000000	94.797166	38.983510	225.406914	158.005433	134.933205	176.750525	225.054221	184.667270	134.892845	270.000000	58.111718	90.000000	195.284241	175.803181	136.562716	94.672502	90.000000	0.000000	0.000000	0.000000	0.074403	44.202882	49.582934	180.000000	180.000000	136.568059	112.005118	180.000000	178.930981	223.438183	112.057989	
95.419692	62.779974	180.000000	223.349283	180.000000	90.000000	89.890239	0.000000	314.916090	0.000000	0.000000	0.000000	90.107540	38.983510	225.406914	158.005433	134.933205	176.641857	225.054221	184.667269	134.892845	270.000000	58.067231	90.000000	195.469119	175.803181	136.562078	89.434094	90.000000	0.000000	0.000000	0.000000	0.074403	44.202882	49.582934	180.000000	180.000000	136.568059	112.005118	180.000000	178.699199	223.438183	112.057989	
89.135457	62.779974	180.000000	223.349283	180.000000	90.000000	89.890239	0.000000	314.916090	0.000000	0.000000	0.000000	94.711727	38.983510	225.406914	158.005433	134.933205	176.543983	225.054221	184.667269	134.892845	270.000000	58.025445	90.000000	195.580349	175.803181	136.561893	87.772935	90.000000	0.000000	0.000000	0.000000	0.074403	44.202882	49.582934	180.000000	180.000000	136.568059	112.005118	180.000000	178.468446	223.438183	112.057990	
95.390060	62.779974	180.000000	223.349283	180.000000	90.000000	89.890239	0.000000	314.916090	0.000000	0.000000	0.000000	96.138474	38.983510	225.406914	158.005433	134.933205	176.456811	225.054221	184.667268	134.892845	270.000000	57.986386	90.000000	195.660746	175.803181	136.561839	94.807200	90.000000	0.000000	0.000000	0.000000	0.074403	44.202882	49.582934	180.000000	180.000000	136.568059	112.005118	180.000000	178.226537	223.438183	112.057990	
97.134047	62.779974	180.000000	223.349283	180.000000	90.000000	89.890239	0.000000	314.916090	0.000000	0.000000	0.000000	90.593386	38.983510	225.406914	158.005433	134.933205	176.380243	225.128846	184.667268	134.892845	270.000000	57.950079	90.000000	195.724703	175.803181	136.561824	89.512091	90.000000	0.000000	0.000000	0.000000	0.074403	44.202882	49.582934	180.000000	180.000000	136.568059	112.005118	180.000000	177.989963	223.438183	112.057990	
89.689363	62.779974	180.000000	223.349283	180.000000	90.000000	89.890239	0.000000	314.916090	0.000000	0.000000	0.000000	94.713837	38.983510	225.406914	158.005433	134.933205	176.314170	225.311358	184.667268	134.892845	270.000000	57.916551	90.000000	195.777103	175.803181	136.561819	95.268514	90.000000	0.000000	0.000000	0.000000	0.074403	44.202882	49.582934	180.000000	180.000000	136.568059	112.005118	180.000000	177.755575	223.438183	112.057990	
95.454302	62.779974	180.000000	223.349283	180.000000	90.000000	89.890239	0.000000	314.916090	0.000000	0.000000	0.000000	95.995073	38.983510	225.406914	158.005433	134.933205	176.258479	225.524078	184.667268	134.892845	270.000000	57.885823	90.000000	195.819651	175.803181	136.561818	89.668588	90.000000	0.000000	0.000000	0.000000	0.074403	44.202882	49.582934	180.000000	180.000000	136.568059	112.005118	180.000000	177.522442	223.438183	112.057990	
97.065932	62.779974	180.000000	223.349283	180.000000	90.000000	89.890239	0.000000	314.916090	0.000000	0.000000	0.000000	96.347342	38.983510	225.406914	158.005433	134.933205	176.213052	225.744006	184.667268	134.892845	270.000000	57.857919	90.000000	195.852994	175.803181	136.561818	95.222988	90.000000	0.000000	0.000000	0.000000	0.074403	44.202882	49.582934	180.000000	180.000000	136.568059	112.005118	180.000000	177.290357	223.438183	112.057990	
97.478831	62.779974	180.000000	223.349283	180.000000	90.000000	89.890239	0.000000	314.916090	0.000000	0.000000	0.000000	96.398112	38.983510	225.406914	158.005433	134.933205	176.177764	225.964260	184.667268	134.892845	270.000000	57.832861	90.000000	195.877425	175.803181	136.561817	89.684023	90.000000	0.000000	0.000000	0.000000	0.074403	44.202882	49.582934	180.000000	180.000000	136.568059	112.005118	180.000000	177.059356	223.438183	112.057990	
97.547148	62.779974	180.000000	223.349283	180.000000	90.000000	89.890239	0.000000	314.916090	0.000000	0.000000	0.000000	96.353747	38.983510	225.406914	158.005433	134.933205	176.152488	226.182718	184.667268	134.892845	270.000000	57.810668	90.000000	195.893123	175.803181	136.561817	95.144058	90.000000	0.000000	0.000000	0.000000	0.074403	44.202882	49.582934	180.000000	180.000000	136.568059	112.005118	180.000000	176.829554	223.438183	112.057990	
97.518361	62.779974	180.000000	223.349283	180.000000	90.000000	89.890239	0.000000	314.916090	0.000000	0.000000	0.000000	92.087012	38.983510	225.406914	158.005433	134.933205	176.137092	226.398675	184.667268	134.892845	270.000000	57.791361	90.000000	195.900228	175.803181	136.561817	89.712479	90.000000	0.000000	0.000000	0.000000	0.074403	44.202882	49.582934	180.000000	180.000000	136.568059	112.005118	180.000000	176.601093	223.438183	112.057990	
97.464208	62.779974	180.000000	223.349283	180.000000	90.000000	89.890239	0.000000	314.916090	0.000000	0.000000	0.000000	90.663639	38.983510	225.406914	158.005433	134.933205	176.131443	226.611842	184.667268	134.892845	270.000000	57.774958	90.000000	195.898871	175.803181	136.561817	95.082512	90.000000	0.000000	0.000000	0.000000	0.074403	44.202882	49.582934	180.000000	180.000000	136.568059	112.005118	180.000000	176.374127	223.438183	112.057990	
97.405495	62.779974	180.000000	223.349283	180.000000	90.000000	89.890239	0.000000	314.916090	0.000000	0.000000	0.000000	90.159090	38.983510	225.406914	158.005433	134.933205	176.135403	226.822061	184.667268	134.892845	270.000000	57.761477	90.000000	195.889177	175.803181	136.561817	96.779262	90.000000	0.000000	0.000000	0.000000	0.074403	44.202882	49.582934	180.000000	180.000000	136.568059	112.005118	180.000000	176.148812	223.438183	112.057990	
97.348268	62.779974	180.000000	223.349283	180.000000	90.000000	89.890239	0.000000	314.916090	0.000000	0.000000	0.000000	89.954117	38.983510	225.406914	158.005433	134.933205	176.148835	227.029211	184.667268	134.892845	270.000000	57.750934	90.000000	195.871273	175.803181	136.561817	90.302360	90.000000	0.000000	0.000000	0.000000	0.074403	44.202882	49.582934	180.000000	180.000000	136.568059	112.005118	180.000000	175.925307	223.438183	112.057990	
97.294292	62.779974	180.000000	223.349283	180.000000	90.000000	89.890239	0.000000	314.916090	0.000000	0.000000	0.000000	89.849169	38.983510	225.406914	158.005433	134.933205	176.171598	227.233187	184.667268	134.892845	270.000000	57.743344	90.000000	195.845283	175.803181	136.561817	95.146775	90.000000	0.000000	0.000000	0.000000	0.074403	44.202882	49.582934	180.000000	180.000000	136.568059	112.005118	180.000000	175.703773	223.438183	112.057990	
91.909779	62.779974	180.000000	223.349283	180.000000	90.000000	89.890239	0.000000	314.916090	0.000000	0.000000	0.000000	89.779943	38.983510	225.406914	158.005433	134.933205	176.203554	227.433887	184.667268	134.892845	270.000000	57.738723	90.000000	195.811336	175.803181	136.561817	96.682557	90.000000	0.000000	0.000000	0.000000	0.074403	44.202882	49.582934	180.000000	180.000000	136.568059	112.005118	180.000000	175.484369	223.438183	112.057990	
90.363083	62.779974	180.000000	223.349283	180.000000	90.000000	89.890239	0.000000	314.916090	0.000000	0.000000	0.000000	89.725717	38.983510	225.406914	158.005433	134.933205	176.244562	227.631217	184.667268	134.892845	270.000000	57.737083	90.000000	195.769555	175.803181	136.561817	97.126717	90.000000	0.000000	0.000000	0.000000	0.074403	44.202882	49.582934	180.000000	180.000000	136.568059	112.005118	180.000000	175.267255	223.438183	112.057990	
89.900580	62.779974	180.000000	223.349283	180.000000	90.000000	89.890239	0.000000	314.916090	0.000000	0.000000	0.000000	89.679806	38.983510	225.406914	158.005433	134.933205	176.294480	227.825082	184.667268	134.892845	270.000000	57.738437	90.000000	195.720066	175.803181	136.561817	97.212927	90.000000	0.000000	0.000000	0.000000	0.074403	44.202882	49.582934	180.000000	180.000000	136.568059	112.005118	180.000000	175.052591	223.438183	112.057990	
89.746445	62.779974	180.000000	223.349283	180.000000	90.000000	89.890239	0.000000	314.916090	0.000000	0.000000	0.000000	89.640043	38.983510	225.406914	158.005433	134.933205	184.065742	228.015394	184.667268	134.892845	270.000000	57.742797	90.000000	195.662993	175.803181	136.561817	97.184370	90.000000	0.000000	0.000000	0.000000	0.074403	44.202882	49.582934	180.000000	180.000000	136.568059	112.005118	180.000000	174.840537	223.438183	112.057990	
89.681658	62.779974	180.000000	223.349283	180.000000	90.000000	89.890239	0.000000	314.916090	0.000000	0.000000	0.000000	89.605713	38.983510	225.406914	158.005433	134.933205	178.899762	228.322986	184.667268	134.892845	270.000000	57.750173	90.000000	195.598460	175.803181	136.561817	97.121696	90.000000	0.000000	0.000000	0.000000	0.074403	44.202882	49.582934	180.000000	180.000000	136.568059	112.005118	180.000000	174.631250	223.438183	112.057990	
89.644401	62.779974	180.000000	223.349283	180.000000	90.000000	89.890239	0.000000	314.916090	0.000000	0.000000	0.000000	89.576564	38.983510	225.406914	158.005433	134.933205	177.195293	228.676984	184.667268	134.892845	270.000000	57.760576	90.000000	195.526589	175.803181	136.561817	97.051674	90.000000	0.000000	0.000000	0.000000	0.074403	44.202882	49.582934	180.000000	180.000000	136.568059	112.005118	180.000000	174.424889	223.438183	112.057990	
89.617233	62.779974	180.000000	223.349283	180.000000	90.000000	89.890239	0.000000	314.916090	0.000000	0.000000	0.000000	89.552495	38.983510	225.406914	158.005433	134.933205	184.227585	229.044191	184.667268	134.892845	270.000000	57.774013	90.000000	195.447501	175.803181	136.561817	92.203342	90.000000	0.000000	0.000000	0.000000	0.074403	44.202882	49.582934	180.000000	180.000000	136.568059	112.005118	180.000000	174.221609	223.438183	112.057990	
89.595225	62.779974	180.000000	223.349283	180.000000	90.000000	89.890239	0.000000	314.916090	0.000000	0.000000	0.000000	89.533449	38.983510	225.406914	158.005433	134.933205	178.987643	229.414230	184.667268	134.892845	270.000000	57.790493	90.000000	195.361314	175.803181	136.561817	90.597822	90.000000	0.000000	0.000000	0.000000	0.074403	44.202882	49.582934	180.000000	180.000000	136.568059	112.005118	180.000000	174.021563	223.438183	112.057990	
89.576979	62.779974	180.000000	223.349283	180.000000	90.000000	89.890239	0.000000	314.916090	0.000000	0.000000	0.000000	89.519383	38.983510	225.406914	158.005433	134.933205	184.725436	229.783665	184.667268	134.892845	270.000000	57.810022	90.000000	195.268146	175.803181	136.561817	90.044225	90.000000	0.000000	0.000000	0.000000	0.074403	44.202882	49.582934	180.000000	180.000000	136.568059	112.005118	180.000000	173.824904	223.438183	112.057990	
89.562089	62.779974	180.000000	223.349283	180.000000	90.000000	89.890239	0.000000	314.916090	0.000000	0.000000	0.000000	89.510257	38.983510	225.406914	158.005433	134.933205	179.162357	230.151180	184.667268	134.892845	270.000000	57.832606	90.000000	195.168112	175.803181	136.561817	89.834456	90.000000	0.000000	0.000000	0.000000	0.074403	44.202882	49.582934	180.000000	180.000000	136.568059	112.005118	180.000000	173.631781	223.438183	112.057990	
89.550428	62.779974	180.000000	223.349283	180.000000	90.000000	89.890239	0.000000	314.916090	0.000000	0.000000	0.000000	89.506030	38.983510	225.406914	158.005433	134.933205	184.684643	230.516117	184.667268	134.892845	270.000000	57.858250	90.000000	195.061326	175.803181	136.561817	89.739275	90.000000	0.000000	0.000000	0.000000	0.074403	44.202882	49.582934	180.000000	180.000000	136.568059	112.005118	180.000000	173.442341	223.438183	112.057990	
89.541946	62.779974	180.000000	223.349283	180.000000	90.000000	89.890239	0.000000	314.916090	0.000000	0.000000	0.000000	89.506661	38.983510	225.406914	158.005433	134.933205	179.180887	230.878017	184.667268	134.892845	270.000000	57.886959	90.000000	194.947900	175.803181	136.561817	89.684480	90.000000	0.000000	0.000000	0.000000	0.074403	44.202882	49.582934	180.000000	180.000000	136.568059	112.005118	180.000000	173.256728	223.438183	112.057990	
89.536617	62.779974	180.000000	223.349283	180.000000	90.000000	89.890239	0.000000	314.916090	0.000000	0.000000	0.000000	89.512105	38.983510	225.406914	158.005433	134.933205	184.604654	231.236486	184.667268	134.892845	270.000000	57.918734	90.000000	194.827941	175.803181	136.561817	89.646056	90.000000	0.000000	0.000000	0.000000	0.074403	44.202882	49.582934	180.000000	180.000000	136.568059	112.005118	180.000000	173.075083	223.438183	112.057990	
89.534418	62.779974	180.000000	223.349283	180.000000	90.000000	89.890239	0.000000	314.916090	0.000000	0.000000	0.000000	89.522317	38.983510	225.406914	158.005433	134.933205	179.212360	231.591155	184.667268	134.892845	270.000000	57.953579	90.000000	194.701557	175.803181	136.561817	89.616220	90.000000	0.000000	0.000000	0.000000	0.074403	44.202882	49.582934	180.000000	180.000000	136.568059	112.005118	180.000000	172.897544	223.438183	112.057990	
89.535328	62.779974	180.000000	223.349283	180.000000	90.000000	89.890239	0.000000	314.916090	0.000000	0.000000	0.000000	89.537252	38.983510	225.406914	158.005433	134.933205	184.543486	231.941661	184.667268	134.892845	270.000000	57.991495	90.000000	194.568852	175.803181	136.561817	89.592440	90.000000	0.000000	0.000000	0.000000	0.074403	44.202882	49.582934	180.000000	180.000000	136.568059	112.005118	180.000000	172.724245	223.438183	112.057990	
89.539327	62.779974	180.000000	223.349283	180.000000	90.000000	89.890239	0.000000	314.916090	0.000000	0.000000	0.000000	89.556862	38.983510	225.406914	158.005433	134.933205	186.296439	232.287651	184.667268	134.892845	270.000000	58.032482	90.000000	194.429928	175.803181	136.561817	89.573877	90.000000	0.000000	0.000000	0.000000	0.074403	44.202882	49.582934	180.000000	180.000000	136.568059	112.005118	180.000000	172.555316	223.438183	112.057990	
89.546391	62.779974	180.000000	223.349283	180.000000	90.000000	89.890239	0.000000	314.916090	0.000000	0.000000	0.000000	89.581097	38.983510	225.406914	158.005433	134.933205	179.850043	232.628778	184.667268	134.892845	270.000000	58.076539	90.000000	184.106824	175.803181	136.561817	89.560239	90.000000	0.000000	0.000000	0.000000	0.074403	44.202882	49.582934	180.000000	180.000000	136.568059	120.013747	180.000000	172.390884	223.438183	112.057990	
89.448234	62.779974	180.000000	223.349283	180.000000	90.000000	89.890239	0.000000	314.916090	0.000000	0.000000	0.000000	89.609907	38.983510	225.406914	158.005433	134.933205	184.630266	232.964701	184.667268	134.892845	270.000000	58.123666	90.000000	190.992912	175.803181	136.561817	89.551405	90.000000	0.000000	0.000000	0.000000	0.074403	44.202882	49.582934	180.000000	180.000000	136.568059	122.333275	180.000000	172.231071	223.438183	112.057990	
89.280375	62.779974	180.000000	223.349283	180.000000	90.000000	89.890239	0.000000	314.916090	0.000000	0.000000	0.000000	89.643241	38.983510	225.406914	158.005433	134.933205	186.207600	233.295090	184.667268	134.892845	270.000000	58.173860	90.000000	193.108356	192.309218	136.561817	89.547314	90.000000	0.000000	0.000000	0.000000	0.074403	44.202882	49.582934	180.000000	180.000000	136.568059	123.006821	180.000000	172.075995	223.438183	112.057990	
89.097411	62.779974	180.000000	223.349283	180.000000	90.000000	89.890239	0.000000	314.916090	0.000000	0.000000	0.000000	89.681047	38.983510	225.406914	158.005433	134.933205	186.685417	233.619622	184.667268	134.892845	270.000000	58.227118	90.000000	183.701072	197.467815	136.561817	89.547918	90.000000	0.000000	0.000000	0.000000	0.074403	44.202882	49.582934	180.000000	180.000000	136.568059	123.202462	180.000000	171.925770	223.438183	112.057990	
88.914830	62.779974	180.000000	223.349283	180.000000	90.000000	89.890239	0.000000	314.916090	0.000000	0.000000	0.000000	89.686116	38.983510	225.406914	158.005433	134.933205	186.788205	233.937987	184.667268	134.892845	270.000000	58.283436	90.000000	190.677328	199.096542	136.561817	89.553175	90.000000	0.000000	0.000000	0.000000	0.074403	44.202882	49.582934	180.000000	180.000000	136.568059	123.259294	180.000000	171.780505	223.438183	112.057990	
88.737048	62.779974	180.000000	223.349283	180.000000	90.000000	89.890239	0.000000	314.916090	0.000000	0.000000	0.000000	89.552935	38.983510	225.406914	158.005433	134.933205	186.765891	234.249883	184.667268	134.892845	270.000000	58.342809	90.000000	182.940349	199.611337	136.561817	89.563043	90.000000	0.000000	0.000000	0.000000	0.074403	44.202882	49.582934	180.000000	180.000000	136.568059	123.275805	180.000000	171.640304	223.438183	112.057990	
88.565343	62.779974	180.000000	223.349283	180.000000	90.000000	89.890239	0.000000	314.916090	0.000000	0.000000	0.000000	89.382134	38.983510	225.406914	158.005433	134.933205	186.704740	234.555023	184.667268	134.892845	270.000000	58.405232	90.000000	190.334698	199.774081	136.561817	89.577480	90.000000	0.000000	0.000000	0.000000	0.074403	44.202882	49.582934	180.000000	180.000000	136.568059	123.280602	180.000000	171.505267	223.438183	112.057990	
88.400094	62.779974	180.000000	223.349283	180.000000	90.000000	89.890239	0.000000	314.916090	0.000000	0.000000	0.000000	89.206018	38.983510	225.406914	158.005433	134.933205	186.634552	234.853131	184.667268	134.892845	270.000000	58.470698	90.000000	182.863065	199.825537	136.561817	89.596441	90.000000	0.000000	0.000000	0.000000	0.074403	44.202882	49.582934	180.000000	180.000000	136.568059	123.281996	180.000000	171.375489	223.438183	112.057990	
88.241425	62.779974	180.000000	223.349283	180.000000	90.000000	89.890239	0.000000	314.916090	0.000000	0.000000	0.000000	89.034976	38.983510	225.406914	158.005433	134.933205	181.951581	235.143946	184.667268	134.892845	270.000000	58.539200	90.000000	190.191041	199.841807	136.561817	89.456327	90.000000	0.000000	0.000000	0.000000	0.074403	44.202882	49.582934	180.000000	180.000000	136.568059	123.282401	180.000000	171.251060	223.438183	112.057990	
88.089379	62.779974	180.000000	223.349283	180.000000	90.000000	89.890239	0.000000	314.916090	0.000000	0.000000	0.000000	88.872349	38.983510	225.406914	158.005433	134.933205	180.338007	235.427220	184.667268	134.892845	270.000000	58.610730	90.000000	182.840006	199.846953	136.561817	89.261952	90.000000	0.000000	0.000000	0.000000	0.074403	44.202882	49.582934	180.000000	180.000000	136.568059	123.282518	180.000000	171.132066	223.438183	112.057990	
87.943972	62.779974	180.000000	223.349283	180.000000	90.000000	89.890239	0.000000	314.916090	0.000000	0.000000	0.000000	88.719205	38.983510	225.406914	158.005433	134.933205	179.761170	235.702719	184.667268	134.892845	270.000000	58.685279	90.000000	190.044537	199.848580	136.561817	89.056581	90.000000	0.000000	0.000000	0.000000	0.074403	44.202882	49.582934	180.000000	180.000000	136.568059	123.282553	180.000000	171.018586	223.438183	112.057990	
87.805211	62.779974	180.000000	223.349283	180.000000	90.000000	89.890239	0.000000	314.916090	0.000000	0.000000	0.000000	88.575870	38.983510	225.406914	158.005433	134.933205	179.537228	235.970226	184.667268	134.892845	270.000000	58.762837	90.000000	182.803814	199.849095	136.561817	88.854278	90.000000	0.000000	0.000000	0.000000	0.053803	44.202882	49.582934	180.000000	180.000000	136.568059	123.282563	180.000000	170.910696	223.438183	112.057990	
87.673093	62.779974	180.000000	223.349283	180.000000	90.000000	89.890239	0.000000	314.916090	0.000000	0.000000	0.000000	88.442427	38.983510	225.406914	158.005433	134.933205	179.435775	236.229535	184.667268	134.892845	270.000000	58.843395	90.000000	189.874141	199.849258	136.561817	88.659638	90.000000	0.000000	0.000000	0.000000	0.047286	44.202882	49.582934	180.000000	180.000000	136.568059	123.282565	180.000000	170.808466	223.438183	112.057990	
87.547611	62.779974	180.000000	223.349283	180.000000	90.000000	89.890239	0.000000	314.916090	0.000000	0.000000	0.000000	88.318870	38.983510	225.406914	158.005433	134.933205	179.379194	236.480459	184.667268	134.892845	270.000000	58.926940	90.000000	182.747466	199.849309	136.561817	88.474172	90.000000	0.000000	0.000000	0.000000	0.045223	44.202882	49.582934	180.000000	180.000000	136.568059	123.282566	180.000000	170.711961	223.438183	112.057990	
87.428752	62.779974	180.000000	223.349283	180.000000	90.000000	89.890239	0.000000	314.916090	0.000000	0.000000	0.000000	88.205160	38.983510	225.406914	158.005433	134.933205	179.341342	236.722826	184.667268	134.892845	270.000000	59.013462	90.000000	189.678144	199.849326	136.561817	88.298382	90.000000	0.000000	0.000000	0.000000	0.044571	44.202882	49.582934	180.000000	180.000000	136.568059	123.282566	180.000000	170.621243	223.438183	112.057990	
87.316497	62.779974	180.000000	223.349283	180.000000	90.000000	89.890239	0.000000	314.916090	0.000000	0.000000	0.000000	88.101242	38.983510	225.406914	158.005433	134.933205	179.313403	236.956477	184.667268	134.892845	270.000000	59.102947	90.000000	182.670414	199.849331	136.561817	88.132429	90.000000	0.000000	0.000000	0.000000	0.044364	44.202882	49.582934	180.000000	180.000000	136.568059	123.282567	180.000000	170.536367	223.438183	112.057990	
87.210825	56.601954	180.000000	223.349283	180.000000	90.000000	89.890239	0.000000	314.916090	0.000000	0.000000	0.000000	88.007049	38.983510	225.406914	158.005433	134.933205	179.292389	237.181270	184.667268	134.892845	270.000000	59.195383	90.000000	180.374622	199.849332	136.561817	87.976359	90.000000	0.000000	0.000000	0.000000	0.044299	44.202882	49.582934	180.000000	180.000000	136.568059	123.282567	180.000000	170.457384	223.438183	112.057990	
87.111709	54.810927	180.000000	223.349283	180.000000	90.000000	89.890239	0.000000	314.916090	0.000000	0.000000	0.000000	87.922508	38.983510	225.406914	158.005433	134.933205	179.277272	237.397078	184.667268	134.892845	270.000000	59.290755	90.000000	188.695114	199.849333	136.561817	87.830170	90.000000	0.000000	0.000000	0.000000	0.044278	44.202882	49.582934	180.000000	180.000000	136.568059	123.282567	180.000000	170.384340	223.438183	112.057990	
87.019118	54.290887	180.000000	223.349283	180.000000	90.000000	89.890239	0.000000	314.916090	0.000000	0.000000	0.000000	87.847535	38.983510	225.406914	158.005433	134.933205	179.267678	237.603789	184.667268	134.892845	270.000000	59.389049	90.000000	182.361096	199.849333	136.561817	87.693838	90.000000	0.000000	0.000000	0.000000	0.044271	44.202882	49.582934	180.000000	180.000000	136.568059	123.282567	180.000000	170.317276	223.438183	112.057990	
86.933018	54.139858	180.000000	223.349283	180.000000	90.000000	89.890239	0.000000	314.916090	0.000000	0.000000	0.000000	87.782044	38.983510	225.406914	158.005433	134.933205	179.263453	237.801305	184.667268	134.892845	270.000000	59.490250	90.000000	180.281026	199.849333	136.561817	87.567326	90.000000	0.000000	0.000000	0.000000	0.044269	44.202882	49.582934	180.000000	180.000000	136.568059	123.282567	180.000000	170.256231	223.438183	112.057990	
86.853370	54.095993	180.000000	223.349283	180.000000	90.000000	89.890239	0.000000	314.916090	0.000000	0.000000	0.000000	87.725940	38.983510	225.406914	158.005433	134.933205	179.264515	237.989541	184.667268	134.892845	270.000000	59.594342	90.000000	179.620764	199.849333	136.561817	87.450584	90.000000	0.000000	0.000000	0.000000	0.044269	44.202882	49.582934	180.000000	180.000000	136.568059	123.282567	180.000000	170.201236	223.438183	112.057990	
86.780135	54.083252	180.000000	223.349283	180.000000	90.000000	89.890239	0.000000	314.916090	0.000000	0.000000	0.000000	87.679127	38.983510	225.406914	158.005433	134.933205	179.270804	238.168430	184.667268	134.892845	270.000000	59.701308	90.000000	179.432585	199.849333	136.561817	87.343555	90.000000	0.000000	0.000000	0.000000	0.044268	44.202882	49.582934	180.000000	180.000000	136.568059	123.282567	180.000000	170.152321	223.438183	112.057990	
86.713267	54.079551	180.000000	223.349283	180.000000	90.000000	89.890239	0.000000	314.916090	0.000000	0.000000	0.000000	87.641501	38.983510	225.265593	158.005433	134.933205	179.282267	238.337913	184.667268	134.931496	270.000000	59.811133	90.000000	179.398805	199.849333	136.561817	87.246173	90.000000	0.000000	0.000000	0.000000	0.044268	44.202882	49.582934	180.000000	180.000000	136.568059	123.282567	180.000000	170.109508	223.438183	112.057990	
86.652720	54.078475	180.000000	223.349283	180.000000	90.000000	89.921732	0.000000	314.916090	0.000000	0.000000	0.000000	87.612957	38.983510	225.224564	158.005433	134.933205	179.298853	238.497949	184.667268	134.941673	270.000000	59.923798	90.000000	179.412928	199.849333	136.561817	87.158365	90.000000	0.000000	0.000000	0.000000	0.044268	44.202882	49.582934	180.000000	180.000000	136.568059	123.282567	180.000000	170.072819	223.438183	112.057990	
86.598445	54.078163	180.000000	223.349283	180.000000	90.000000	89.930900	0.000000	314.916090	0.000000	0.000000	0.000000	87.593386	38.983510	225.212652	158.005433	134.933205	179.271871	232.199542	184.667268	134.944353	270.000000	64.018454	90.000000	179.439259	199.849333	136.561817	87.080049	90.000000	0.000000	0.000000	0.000000	0.044268	44.202882	49.582934	180.000000	180.000000	136.568059	123.282567	180.000000	170.042269	223.438183	112.057990	
86.550390	54.078072	180.000000	223.349283	180.000000	90.000000	89.933569	0.000000	314.916090	0.000000	0.000000	0.000000	87.582675	38.983510	225.209193	158.005433	134.933205	179.103589	236.673295	184.667268	134.945058	270.000000	65.208565	90.000000	179.465833	199.849333	136.561817	87.011141	90.000000	0.000000	0.000000	0.000000	0.044268	44.202882	49.582934	180.000000	180.000000	136.568059	123.282567	180.000000	170.017871	223.438183	112.057990	
86.508501	54.078046	180.000000	223.349283	180.000000	90.000000	89.934346	0.000000	314.916090	0.000000	0.000000	0.000000	87.580712	38.983510	225.208189	158.005433	134.933205	178.894871	238.296997	184.667268	134.945244	270.000000	65.581388	90.000000	179.488637	199.849333	136.561817	86.951549	90.000000	0.000000	0.000000	0.000000	0.044268	44.202882	49.582934	180.000000	180.000000	136.568059	123.282567	180.000000	169.999633	223.438183	112.057990	
86.472723	54.078038	180.000000	223.349283	180.000000	90.000000	89.934572	0.000000	314.916090	0.000000	0.000000	0.000000	87.587379	38.983510	225.207897	158.005433	134.933205	178.679782	232.335609	184.667268	134.945293	270.000000	65.725969	90.000000	179.506325	199.849333	136.561817	86.901176	90.000000	0.000000	0.000000	0.000000	0.044268	44.202882	49.582934	180.000000	180.000000	136.568059	123.282567	180.000000	169.987560	223.438183	112.057990	
86.442999	54.078036	180.000000	223.349283	180.000000	90.000000	89.934638	0.000000	314.916090	0.000000	0.000000	0.000000	87.602560	38.983510	225.207813	158.005433	134.933205	178.469865	237.054090	184.667268	134.945306	270.000000	65.808310	90.000000	179.518447	199.849333	136.561817	86.859921	90.000000	0.000000	0.000000	0.000000	0.044268	44.202882	47.987570	180.000000	180.000000	136.568059	123.282567	180.000000	169.981655	223.438183	112.057990	
86.419270	54.078035	180.000000	223.349283	180.000000	90.000000	89.934657	0.000000	314.916090	0.000000	0.000000	0.000000	87.626137	38.983510	225.207788	158.005433	134.933205	178.269049	232.066257	184.667268	134.945309	270.000000	65.875056	90.000000	183.212440	199.849333	136.561817	86.827680	90.000000	0.000000	0.000000	0.000000	0.044268	44.202882	47.524432	180.000000	180.000000	136.568059	123.282567	180.000000	169.981915	223.438183	112.057990	
86.401477	54.078035	180.000000	223.349283	180.000000	90.000000	89.934663	0.000000	314.916090	0.000000	0.000000	0.000000	87.657991	41.230240	225.207781	158.005433	134.933205	178.078681	237.189361	184.667268	134.945310	270.000000	65.939264	90.000000	184.423049	199.849333	136.561817	86.804345	90.000000	0.000000	0.000000	0.000000	0.044268	44.202882	47.389959	180.000000	180.000000	136.568059	123.282567	180.000000	169.988337	223.438183	112.057990	
86.389558	54.078035	180.000000	223.349283	180.000000	90.000000	89.934665	0.000000	314.916090	0.000000	0.000000	0.000000	87.698002	41.756342	225.207779	158.005433	134.933205	177.899222	232.245104	184.667268	134.945310	270.000000	66.004566	90.000000	184.822580	199.849333	136.561817	86.789807	90.000000	0.000000	0.000000	0.000000	0.044268	44.202882	47.350911	180.000000	180.000000	136.568059	123.282567	180.000000	170.000912	223.438183	112.057990	
86.383451	54.078035	180.000000	223.349283	180.000000	90.000000	89.934665	0.000000	314.916090	0.000000	0.000000	0.000000	87.746053	41.879570	225.207778	158.005433	134.933205	177.730819	237.454034	183.333180	134.945310	270.000000	66.071957	90.000000	184.955188	199.849333	136.561817	86.783953	90.000000	0.000000	0.000000	0.000000	0.044268	44.202882	47.339571	180.000000	180.000000	136.568059	123.282567	180.000000	170.019631	223.438183	112.057990	
86.383093	54.078035	180.000000	223.349283	180.000000	90.000000	89.934665	0.000000	314.916090	0.000000	0.000000	0.000000	94.406586	41.908435	225.207778	158.005433	134.933205	177.573507	232.457864	182.944878	134.945310	270.000000	66.141695	90.000000	184.997952	199.849333	136.561817	86.786668	90.000000	0.000000	0.000000	0.000000	0.044268	44.202882	47.336278	180.000000	180.000000	136.568059	123.282567	180.000000	170.044481	223.438183	112.057990	
86.388422	54.078035	180.000000	223.349283	180.000000	90.000000	89.934665	0.000000	314.916090	0.000000	0.000000	0.000000	89.885836	41.915196	225.207778	158.005433	134.933205	177.427272	237.705172	182.831839	134.945310	270.000000	66.213833	90.000000	185.008456	199.849333	136.561817	86.797837	90.000000	0.000000	0.000000	0.000000	0.044268	44.202882	47.335321	180.000000	180.000000	136.568059	123.282567	180.000000	170.075446	223.438183	112.057990	
86.399374	54.078035	180.000000	223.349283	180.000000	90.000000	89.934665	0.000000	314.916090	0.000000	0.000000	0.000000	88.470495	41.916781	225.207778	158.005433	134.933205	177.292075	232.656576	182.798929	134.945310	270.000000	66.288366	90.000000	185.005422	199.849333	136.561817	86.817343	90.000000	0.000000	0.000000	0.000000	0.044268	44.202882	47.335044	180.000000	180.000000	136.568059	123.282567	180.000000	170.112509	223.438183	112.057990	
86.415884	54.078035	180.000000	223.349283	180.000000	90.000000	89.934665	0.000000	314.916090	0.000000	0.000000	0.000000	94.486157	41.917152	225.207778	158.005433	134.933205	177.167860	237.926186	182.789347	134.945310	270.000000	66.365274	90.000000	185.044079	199.849333	136.561817	86.845069	90.000000	0.000000	0.000000	0.000000	0.044268	44.202882	47.334963	180.000000	180.000000	136.568059	123.282567	180.000000	170.155651	223.438183	112.057990	
86.437887	54.078035	180.000000	223.349283	180.000000	90.000000	89.934665	0.000000	314.916090	0.000000	0.000000	0.000000	89.961410	41.917239	225.207778	158.005433	134.933205	177.054560	232.835322	182.786556	134.945310	270.000000	66.444531	90.000000	185.219839	199.849333	136.561817	86.880897	90.000000	0.000000	0.000000	0.000000	0.044268	44.202882	47.334939	180.000000	180.000000	136.568059	123.282567	180.000000	170.158960	223.438183	112.057990	
86.465319	54.078035	180.000000	223.349283	180.000000	90.000000	89.934665	0.000000	314.916090	0.000000	0.000000	0.000000	94.855249	41.917259	225.207778	158.005433	134.933205	176.952096	231.204949	182.785744	134.945310	270.000000	66.526108	90.000000	185.434138	199.849333	136.561817	86.924709	90.000000	0.000000	0.000000	0.000000	0.044268	44.202882	47.334933	180.000000	180.000000	136.568059	123.282567	180.000000	170.008692	223.438183	112.057990	
86.498116	54.078035	180.000000	223.349283	180.000000	90.000000	89.934665	0.000000	314.916090	0.000000	0.000000	0.000000	90.103484	41.917264	225.207778	158.005433	134.933205	176.860381	237.666617	182.785507	134.945310	270.000000	66.609978	90.000000	185.654635	199.849333	136.561817	94.690213	90.000000	0.000000	0.000000	0.000000	0.044268	44.202882	47.334931	180.000000	180.000000	136.568059	123.282567	180.000000	169.812346	223.438183	119.892991	
86.536212	54.078035	180.000000	223.349283	180.000000	90.000000	89.934665	0.000000	314.916090	0.000000	0.000000	0.000000	94.797286	41.917265	225.207778	158.005433	134.933205	176.779317	232.919100	182.785438	134.945310	270.000000	66.696110	90.000000	185.870669	199.849333	136.561817	89.420567	90.000000	0.000000	0.000000	0.000000	0.044268	44.202882	47.334930	180.000000	180.000000	136.568059	123.282567	180.000000	168.775199	223.438183	122.262813	
95.303783	54.078035	180.000000	223.349283	180.000000	90.000000	89.934665	0.000000	314.916090	0.000000	0.000000	0.000000	90.131822	41.917265	225.207778	158.005433	134.933205	176.708800	231.393323	182.785418	134.945310	270.000000	66.784475	90.000000	186.078698	199.849333	136.561817	87.745067	90.000000	0.000000	0.000000	0.000000	0.044268	44.202882	47.334930	180.000000	180.000000	136.568059	123.282567	180.000000	168.440416	223.438183	122.981334	
88.991441	54.078035	180.000000	223.349283	180.000000	90.000000	89.934665	0.000000	314.916090	0.000000	0.000000	0.000000	94.715541	41.917265	225.207778	158.005433	134.933205	176.648721	230.949759	182.785412	134.945310	270.000000	66.875042	90.000000	186.277525	199.849333	136.561817	94.814441	90.000000	0.000000	0.000000	0.000000	0.044268	44.202882	47.334930	180.000000	180.000000	136.568059	123.282567	180.000000	168.347108	223.438183	123.199252	
87.230186	54.078035	180.000000	223.349283	180.000000	90.000000	89.934665	0.000000	314.916090	0.000000	0.000000	0.000000	96.136935	41.917265	225.207778	158.005433	134.933205	176.598962	230.868513	182.785410	134.945310	270.000000	66.967781	90.000000	186.466736	199.849333	136.561817	89.483515	90.000000	0.000000	0.000000	0.000000	0.044268	44.202882	47.334930	180.000000	180.000000	136.568059	123.282567	180.000000	168.338804	223.438183	123.265350	
95.380893	54.078035	180.000000	223.349283	180.000000	90.000000	89.934665	0.000000	314.916090	0.000000	0.000000	0.000000	90.622877	41.917265	225.207778	158.005433	134.933205	176.559402	230.906912	182.785410	134.945310	270.000000	67.062660	90.000000	186.646180	199.849333	136.561817	95.271198	90.000000	0.000000	0.000000	0.000000	0.044268	44.202882	47.334930	180.000000	180.000000	136.568059	123.282567	180.000000	168.362452	223.438183	123.285401	
89.017677	54.078035	180.000000	223.349283	180.000000	90.000000	89.934665	0.000000	314.916090	0.000000	0.000000	0.000000	94.722623	41.917265	225.207778	158.005433	134.933205	176.529914	230.983065	182.785410	134.945310	270.000000	67.159647	90.000000	186.815808	199.849333	136.561817	89.630836	90.000000	0.000000	0.000000	0.000000	0.044268	44.202882	47.334930	180.000000	180.000000	136.568059	123.282567	180.000000	168.400078	223.438183	123.291484	
95.792050	54.078035	180.000000	223.349283	180.000000	90.000000	89.934665	0.000000	314.916090	0.000000	0.000000	0.000000	95.998353	41.917265	225.207778	158.005433	134.956388	176.510368	231.069284	182.785410	134.945310	270.000000	67.258712	90.000000	186.975607	199.865865	136.561817	95.218600	90.000000	0.000000	0.000000	0.000000	0.044268	44.202882	47.334930	180.000000	180.000000	136.568059	123.282567	180.000000	168.445580	223.438183	123.293329	
89.116221	54.078035	180.000000	223.349283	180.000000	90.000000	89.934665	0.000000	314.916090	0.000000	0.000000	0.000000	96.350011	41.917265	225.207778	158.005433	134.963119	176.500632	231.156169	182.785410	134.945310	270.000000	67.359821	90.000000	187.125587	200.024644	136.561817	89.636405	90.000000	0.000000	0.000000	0.000000	0.044268	44.202882	47.334930	180.000000	180.000000	136.568059	123.282567	180.000000	168.496866	223.438183	123.293889	
95.729185	54.078035	180.000000	223.349283	180.000000	90.000000	89.934665	0.000000	314.916090	0.000000	0.000000	0.000000	96.401759	41.917265	225.207778	158.005433	134.965073	176.500570	231.240491	182.785410	134.945310	270.000000	67.462942	90.000000	187.265773	200.228983	136.561817	95.132363	90.000000	0.000000	0.000000	0.000000	0.044268	44.202882	47.334930	180.000000	180.000000	136.568059	123.282567	180.000000	168.553199	223.438183	123.294059	
89.097594	54.078035	180.000000	223.349283	180.000000	90.000000	89.934665	0.000000	314.916090	0.000000	0.000000	0.000000	92.185915	41.917265	225.207778	158.005433	134.965640	176.510045	231.321109	182.785410	134.945310	270.000000	67.568044	90.000000	187.396200	200.448024	136.561817	89.655087	90.000000	0.000000	0.000000	0.000000	0.044268	44.202882	47.334930	180.000000	180.000000	136.568059	123.282567	180.000000	168.614296	223.438183	123.294111	
95.641795	54.078035	180.000000	223.349283	180.000000	90.000000	89.934665	0.000000	314.916090	0.000000	0.000000	0.000000	90.775930	41.917265	225.207778	158.005433	134.965805	176.528917	231.397590	182.785410	134.945310	270.000000	67.675094	90.000000	187.516915	200.671806	136.561817	95.063519	90.000000	0.000000	0.000000	0.000000	0.044268	44.202882	47.334930	180.000000	180.000000	136.568059	123.282567	180.000000	168.680023	223.438183	123.294126	
89.089418	54.078035	180.000000	223.349283	180.000000	90.000000	89.934665	0.000000	314.916090	0.000000	0.000000	0.000000	90.272852	41.917265	225.207778	158.005433	134.965853	176.557046	231.469740	182.785410	134.945310	270.000000	67.784058	90.000000	187.627973	200.897032	136.561817	89.702970	90.000000	0.000000	0.000000	0.000000	0.044268	44.202882	47.334930	180.000000	180.000000	136.568059	123.282567	180.000000	168.750300	223.438183	123.294131	
95.566538	54.078035	180.000000	223.349283	180.000000	90.000000	89.934665	0.000000	314.916090	0.000000	0.000000	0.000000	90.065575	41.917265	225.207778	158.005433	134.965867	176.594294	231.537446	182.785410	134.945310	270.000000	67.894906	90.000000	187.729438	201.122540	136.561817	95.017425	90.000000	0.000000	0.000000	0.000000	0.044268	44.202882	47.334930	180.000000	180.000000	136.568059	123.282567	180.000000	166.071189	223.438183	123.294133	
89.101788	54.078035	180.000000	223.349283	180.000000	90.000000	89.934665	0.000000	314.916090	0.000000	0.000000	0.000000	89.957138	41.917265	225.207778	158.005433	134.965871	176.640517	231.600628	182.785410	134.945310	270.000000	68.007605	90.000000	187.821382	201.347851	136.561817	96.701471	90.000000	0.000000	0.000000	0.000000	0.044268	44.202882	47.334930	180.000000	180.000000	136.568059	123.282567	180.000000	165.069683	223.438183	123.294133	
95.506370	54.078035	180.000000	223.349283	180.000000	90.000000	89.934665	0.000000	314.916090	0.000000	0.000000	0.000000	89.884057	41.917265	225.207778	158.005433	134.965872	184.337215	231.659217	182.785410	134.945310	270.000000	68.122122	90.000000	187.903885	201.572704	136.561817	97.188374	90.000000	0.000000	0.000000	0.000000	0.044268	44.479799	47.334930	180.000000	180.000000	136.568059	123.282567	180.000000	164.659214	223.438183	123.294133	
89.135212	54.078035	180.000000	223.349283	180.000000	90.000000	89.934665	0.000000	314.916090	0.000000	0.000000	0.000000	89.825872	41.917265	225.207778	158.005433	134.965872	179.216160	231.713148	182.785410	134.945310	270.000000	68.238425	90.000000	187.977031	201.796910	136.561817	97.282557	90.000000	0.000000	0.000000	0.000000	0.044268	44.560193	47.334930	180.000000	180.000000	136.568059	123.282567	180.000000	164.461477	223.980868	123.294133	
95.461478	54.078035	180.000000	223.349283	180.000000	90.000000	89.934665	0.000000	314.916090	0.000000	0.000000	0.000000	89.775981	41.917265	225.207778	158.005433	134.965872	177.523939	231.762360	182.785410	134.945310	270.000000	68.356483	90.000000	188.040911	202.020297	136.561817	97.250468	90.000000	0.000000	0.000000	0.000000	0.044268	44.583535	47.334930	180.000000	180.000000	136.568059	123.282567	180.000000	164.344647	224.138420	123.294133	
89.189410	54.078035	180.000000	223.349283	180.000000	90.000000	89.934665	0.000000	314.916090	0.000000	0.000000	0.000000	89.732246	41.917265	225.207778	158.005433	134.965872	184.489511	231.806797	182.785410	134.945310	270.000000	68.476265	90.000000	188.095622	202.242698	136.561817	97.180422	90.000000	0.000000	0.000000	0.000000	0.044268	44.590312	47.334930	180.000000	180.000000	136.568059	123.282567	180.000000	164.262748	224.184164	123.294133	
95.431811	54.078035	180.000000	223.349283	180.000000	90.000000	89.934665	0.000000	314.916090	0.000000	0.000000	0.000000	89.693960	41.917265	225.207778	158.005433	134.965872	179.294790	219.024815	182.785410	134.945310	270.000000	68.597738	90.000000	188.141263	202.463948	136.561817	97.101720	90.000000	0.000000	0.000000	0.000000	0.044268	44.592281	47.334930	180.000000	180.000000	136.568059	123.282567	180.000000	164.199701	224.197447	123.294133	
97.172273	54.078035	180.000000	223.349283	180.000000	90.000000	89.934665	0.000000	314.916090	0.000000	0.000000	0.000000	89.660878	41.917265	225.207778	158.005433	134.965872	184.977782	214.698508	182.785410	134.945310	270.000000	58.627131	90.000000	188.177941	202.683876	136.561817	97.024104	90.000000	0.000000	0.000000	0.000000	0.044268	44.592852	47.334930	180.000000	180.000000	136.568059	123.282567	180.000000	164.149829	224.201304	123.294133	
89.742380	54.078035	180.000000	223.349283	180.000000	90.000000	89.934665	0.000000	314.916090	0.000000	0.000000	0.000000	89.632899	41.917265	225.207778	158.005433	134.965872	179.462680	213.274091	182.785410	134.945310	270.000000	66.309840	90.000000	188.205761	202.902312	136.561817	96.950826	90.000000	0.000000	0.000000	0.000000	0.044268	44.593018	47.334930	180.000000	180.000000	136.568059	123.282567	180.000000	164.111073	224.202424	123.294133	
95.495817	54.078035	180.000000	223.349283	180.000000	90.000000	89.934665	0.000000	314.916090	0.000000	0.000000	0.000000	89.609969	41.917265	225.207778	158.005433	134.965872	184.932622	212.851383	182.785410	134.945310	270.000000	58.133090	90.000000	188.224835	203.119081	136.561817	92.103243	90.000000	0.000000	0.000000	0.000000	0.044268	44.593066	47.334930	180.000000	180.000000	136.568059	123.282567	180.000000	164.082625	224.202749	123.294133	
97.104128	54.078035	180.000000	223.349283	180.000000	90.000000	89.934665	0.000000	314.916090	0.000000	0.000000	0.000000	89.592047	41.917265	225.207778	158.005433	134.965872	179.476188	212.773741	182.785410	134.945310	270.000000	66.422581	90.000000	188.235277	203.334009	136.561817	90.499630	90.000000	0.000000	0.000000	0.000000	0.044268	44.593080	47.334930	180.000000	180.000000	136.568059	123.282567	180.000000	164.064112	224.202844	123.294133	
97.516108	54.078035	180.000000	223.349283	180.000000	90.000000	89.934665	0.000000	314.916090	0.000000	0.000000	0.000000	89.579094	41.917265	225.207778	158.005433	134.965872	184.848922	212.813991	182.785410	134.945310	270.000000	58.314444	90.000000	188.237201	203.546917	136.561817	89.948207	90.000000	0.000000	0.000000	0.000000	0.044268	44.593084	47.334930	180.000000	180.000000	136.568059	123.282567	180.000000	164.055309	224.202871	123.294133	
97.584213	54.078035	180.000000	223.349283	180.000000	90.000000	89.934665	0.000000	314.916090	0.000000	0.000000	0.000000	89.571071	41.917265	225.207778	158.005433	134.965872	179.502976	212.893491	182.785410	134.945310	270.000000	66.711595	90.000000	188.230723	203.757627	136.561817	89.740650	90.000000	0.000000	0.000000	0.000000	0.044268	44.593086	47.334930	180.000000	180.000000	136.568059	123.282567	180.000000	164.056042	224.202879	123.294133	
97.555425	54.078035	180.000000	223.349283	180.000000	90.000000	89.934665	0.000000	314.916090	0.000000	0.000000	0.000000	89.567937	41.917265	225.207778	158.005433	134.965872	184.784182	212.984982	182.785410	134.945310	270.000000	58.553736	90.000000	188.215961	203.965957	136.561817	89.647669	90.000000	0.000000	0.000000	0.000000	0.044268	44.593086	47.334930	180.000000	180.000000	136.568059	123.282567	180.000000	164.066154	224.202881	123.294133	
97.501332	54.078035	180.000000	223.349283	180.000000	90.000000	89.934665	0.000000	314.916090	0.000000	0.000000	0.000000	89.569650	41.917265	225.207778	158.005433	134.965872	186.518935	213.078986	182.785410	134.945310	270.000000	56.441320	90.000000	188.193034	204.171727	136.561817	89.595057	90.000000	0.000000	0.000000	0.000000	0.044268	44.593086	47.334930	180.000000	180.000000	136.568059	123.282567	180.000000	164.085492	224.202882	123.294133	
97.442699	54.078035	180.000000	223.349283	180.000000	90.000000	89.934665	0.000000	314.916090	0.000000	0.000000	0.000000	89.576166	41.917265	225.207778	158.005433	134.965872	180.129092	213.172175	182.785410	134.945310	270.000000	55.984760	90.000000	188.162060	204.374755	136.561817	89.558799	90.000000	0.000000	0.000000	0.000000	0.044268	44.593086	47.334930	180.000000	180.000000	136.568059	123.282567	180.000000	164.113905	224.202882	123.294133	
97.385559	54.078035	180.000000	223.349283	180.000000	90.000000	89.934665	0.000000	314.916090	0.000000	0.000000	0.000000	89.587441	41.917265	225.207778	158.005433	134.965872	184.864424	213.263354	182.785410	134.945310	270.000000	55.982943	90.000000	188.123159	204.574858	136.561817	89.531116	90.000000	0.000000	0.000000	0.000000	0.044268	44.593086	47.334930	180.000000	180.000000	136.568059	123.282567	180.000000	164.151242	224.202882	123.294133	
97.331672	54.078035	180.000000	223.349283	180.000000	90.000000	89.934665	0.000000	314.916090	0.000000	0.000000	0.000000	89.603426	41.917265	225.207778	158.005433	134.965872	186.425387	213.352064	182.785410	134.945310	270.000000	56.107133	90.000000	188.076449	204.771854	136.561817	89.509474	90.000000	0.000000	0.000000	0.000000	0.044268	44.593086	47.334930	180.000000	180.000000	136.568059	123.282567	180.000000	164.197354	224.202882	123.294133	
74.155615	54.078035	180.000000	223.349283	180.000000	90.000000	89.934665	0.000000	314.916090	0.000000	0.000000	0.000000	89.624073	41.917265	225.207778	158.005433	134.965872	186.896894	213.438104	182.785410	134.945310	270.000000	56.267609	90.000000	188.022047	204.965561	136.561817	89.493035	90.000000	0.000000	0.000000	0.000000	0.044268	44.593086	47.334930	180.000000	180.000000	136.568059	123.282567	180.000000	164.252091	224.202882	123.294133	
68.182827	54.078035	180.000000	223.349283	180.000000	90.000000	89.934665	0.000000	314.916090	0.000000	0.000000	0.000000	89.649335	41.917265	225.207778	158.005433	134.965872	186.996928	213.521359	182.785410	134.945310	270.000000	56.439935	90.000000	187.960073	205.155797	136.561817	89.481505	90.000000	0.000000	0.000000	0.000000	0.044268	44.593086	47.334930	180.000000	180.000000	136.568059	123.282567	180.000000	164.315306	224.202882	123.294133	
66.663005	54.078035	180.000000	223.349283	180.000000	90.000000	89.934665	0.000000	314.916090	0.000000	0.000000	0.000000	89.679159	41.917265	225.207778	158.005433	134.965872	186.973116	213.601751	182.785410	134.945310	270.000000	56.617455	90.000000	187.890642	205.342381	136.561817	89.474765	90.000000	0.000000	0.000000	0.000000	0.044268	44.593086	47.334930	180.000000	180.000000	136.568059	123.282567	180.000000	164.386853	224.202882	123.294133	
66.329207	54.078035	180.000000	223.349283	180.000000	90.000000	89.934665	0.000000	314.916090	0.000000	0.000000	0.000000	89.713495	41.917265	225.207778	158.005433	134.965872	186.910911	213.679208	182.785410	134.945310	270.000000	56.798349	90.000000	187.813871	205.525134	136.561817	89.472751	90.000000	0.000000	0.000000	0.000000	0.044268	44.593086	47.334930	180.000000	180.000000	136.568059	123.282567	180.000000	164.466585	224.202882	123.294133	
66.312428	54.078035	180.000000	223.349283	180.000000	90.000000	89.934665	0.000000	314.916090	0.000000	0.000000	0.000000	89.752291	41.917265	225.207778	158.005433	134.965872	186.839827	213.753668	182.785410	134.945310	270.000000	56.982101	90.000000	187.729873	205.703878	136.561817	89.475415	90.000000	0.000000	0.000000	0.000000	0.044268	44.593086	47.334930	180.000000	180.000000	136.003361	123.282567	180.000000	164.554360	224.202882	123.294133	
66.381266	54.078035	195.133822	223.349283	180.000000	90.000000	89.934665	0.000000	314.916090	0.000000	0.000000	0.000000	89.717404	41.917265	225.207778	158.005433	134.965872	197.034589	213.825068	182.785410	134.945310	270.000000	57.168553	90.000000	178.557603	205.878437	136.561817	89.482715	90.000000	0.000000	0.000000	0.000000	0.044268	44.593086	47.334930	180.000000	180.000000	135.854686	123.282567	180.000000	164.650037	224.202882	123.294133	
66.474142	54.078035	199.870935	223.349283	180.000000	90.000000	89.934665	0.000000	314.916090	0.000000	0.000000	0.000000	89.573000	41.917265	225.207778	158.005433	134.965872	193.630410	213.893350	182.785410	134.945310	270.000000	57.357645	90.000000	184.722475	206.048635	136.561817	89.494607	90.000000	0.000000	0.000000	0.000000	0.044268	44.593086	47.334930	180.000000	180.000000	135.815540	123.282567	180.000000	164.753478	224.202882	123.294133	
66.574670	54.078035	201.366476	223.349283	180.000000	90.000000	89.934665	0.000000	314.916090	0.000000	0.000000	0.000000	89.400195	41.917265	225.207778	158.005433	134.965872	192.436793	213.958455	182.785410	134.945310	270.000000	57.549341	90.000000	186.663893	206.214302	136.561817	89.511050	90.000000	0.000000	0.000000	0.000000	0.044268	44.593086	47.334930	180.000000	180.000000	135.805232	123.282567	180.000000	164.864546	224.202882	123.294133	
66.678481	54.078035	201.839066	223.349283	180.000000	90.000000	89.934665	0.000000	314.916090	0.000000	0.000000	0.000000	89.225038	41.917265	225.207778	158.005433	134.965872	198.740717	214.020326	182.785410	134.945310	270.000000	57.743615	90.000000	178.303006	206.375267	136.561817	89.468041	90.000000	0.000000	0.000000	0.000000	0.031987	44.593086	47.334930	180.000000	180.000000	135.802517	123.282567	180.000000	164.983108	224.202882	123.294133	
66.784398	54.078035	201.988431	223.349283	180.000000	90.000000	89.934665	0.000000	314.916090	0.000000	0.000000	0.000000	89.055910	41.917265	225.207778	158.005433	134.965872	194.139390	214.078910	182.785410	134.945310	270.000000	57.940445	90.000000	184.557299	200.829868	136.561817	89.301376	90.000000	0.000000	0.000000	0.000000	0.028102	44.593086	47.334930	180.000000	180.000000	135.801802	123.282567	180.000000	165.109034	224.202882	123.294133	
66.892090	54.078035	202.035644	223.349283	180.000000	90.000000	89.934665	0.000000	314.916090	0.000000	0.000000	0.000000	88.895504	41.917265	225.207778	158.005433	134.965872	192.548165	214.134151	182.785410	134.945310	270.000000	58.139809	90.000000	177.693984	198.984063	136.561817	89.101208	90.000000	0.000000	0.000000	0.000000	0.026872	44.593086	47.334930	180.000000	180.000000	135.801614	123.282567	180.000000	165.242195	224.202882	123.294133	
74.694836	54.078035	202.050570	223.349283	180.000000	90.000000	89.934665	0.000000	314.916090	0.000000	0.000000	0.000000	88.744676	41.917265	225.207778	158.005433	134.965872	198.569601	214.186000	182.785410	134.945310	270.000000	58.341687	90.000000	184.327061	198.448280	136.561817	88.896784	90.000000	0.000000	0.000000	0.000000	0.026483	44.593086	47.334930	180.000000	180.000000	135.801564	123.282567	180.000000	165.382467	224.202882	123.294133	
69.075370	54.078035	202.055289	223.349283	180.000000	90.000000	89.934665	0.000000	314.916090	0.000000	0.000000	0.000000	88.603685	41.917265	225.207778	158.005433	134.965872	194.046978	214.234405	182.785410	134.945310	270.000000	58.546060	90.000000	177.692815	198.376521	136.561817	88.697629	90.000000	0.000000	0.000000	0.000000	0.026359	44.593086	47.334930	180.000000	180.000000	135.801551	123.282567	180.000000	165.529728	224.202882	123.294133	
67.676026	54.078035	202.056781	223.349283	180.000000	90.000000	89.934665	0.000000	314.916090	0.000000	0.000000	0.000000	88.472588	41.917265	225.207778	158.005433	134.965872	198.945004	214.279317	182.785410	134.945310	270.000000	58.752913	90.000000	184.271769	198.468376	136.561817	88.506859	90.000000	0.000000	0.000000	0.000000	0.026320	44.593086	47.334930	180.000000	180.000000	135.801548	123.282567	180.000000	175.670537	224.202882	123.294133	
74.976804	54.078035	202.057252	223.349283	180.000000	90.000000	89.934665	0.000000	314.916090	0.000000	0.000000	0.000000	88.351371	41.917265	225.207778	158.005433	134.965872	194.152180	214.320691	182.785410	134.945310	270.000000	58.962227	90.000000	177.737062	198.616921	136.561817	88.325502	90.000000	0.000000	0.000000	0.000000	0.026308	44.593086	47.334930	180.000000	180.000000	135.801547	123.282567	180.000000	169.049504	224.202882	123.294133	
69.333177	54.078035	202.057402	223.349283	180.000000	90.000000	89.934665	0.000000	314.916090	0.000000	0.000000	0.000000	88.239989	41.917265	225.207778	158.005433	134.965872	198.846602	214.358479	182.785410	134.945310	270.000000	59.173989	90.000000	184.208656	198.783967	136.561817	88.153899	90.000000	0.000000	0.000000	0.000000	0.026304	44.593086	47.334930	180.000000	180.000000	135.801547	123.282567	180.000000	166.937671	224.202882	123.294133	
75.450829	54.078035	202.057449	223.349283	180.000000	90.000000	89.934665	0.000000	314.916090	0.000000	0.000000	0.000000	88.138386	41.917265	225.207778	158.005433	134.965872	194.117650	214.392639	182.785410	134.945310	270.000000	59.388185	90.000000	177.766106	198.955793	136.561817	87.992155	90.000000	0.000000	0.000000	0.000000	0.026303	44.593086	47.334930	180.000000	180.000000	135.801547	123.282567	180.000000	176.124329	224.202882	123.294133	
69.564581	54.078035	202.057464	223.349283	180.000000	90.000000	89.934665	0.000000	314.916090	0.000000	0.000000	0.000000	88.046492	41.917265	225.207778	158.005433	134.965872	198.711343	214.423128	182.785410	134.945310	270.000000	59.604801	90.000000	184.118573	199.127403	136.561817	87.840294	90.000000	0.000000	0.000000	0.000000	0.026303	44.593086	47.334930	180.000000	180.000000	135.801547	123.282567	180.000000	169.397657	224.202882	123.294133	
75.549855	54.078035	202.057469	223.349283	180.000000	90.000000	89.934665	0.000000	314.916090	0.000000	0.000000	0.000000	87.964231	41.917265	225.207778	158.005433	134.965872	200.158737	214.449907	182.785410	134.945310	270.000000	59.823826	90.000000	177.773559	199.296920	136.561817	87.698305	90.000000	0.000000	0.000000	0.000000	0.026302	44.593086	47.334930	180.000000	180.000000	135.801547	123.282567	180.000000	176.927988	224.202882	123.294133	
69.703169	54.078035	202.057470	223.349283	180.000000	90.000000	89.934665	0.000000	314.916090	0.000000	0.000000	0.000000	87.891520	41.917265	225.207778	158.005433	134.965872	194.309123	214.472935	182.785410	134.945310	270.000000	60.045250	90.000000	175.729892	199.463585	136.561817	87.566156	90.000000	0.000000	0.000000	0.000000	0.026302	44.593086	47.334930	180.000000	180.000000	135.801547	123.282567	180.000000	169.772457	224.202882	123.294133	
75.624459	54.078035	202.057470	223.349283	180.000000	90.000000	89.934665	0.000000	314.916090	0.000000	0.000000	0.000000	87.828269	41.917265	225.207778	158.005433	134.965872	198.181662	214.492175	182.785410	134.945310	270.000000	60.269061	90.000000	183.344215	199.627040	136.561817	87.443807	90.000000	0.000000	0.000000	0.000000	0.026302	44.593086	47.334930	180.000000	180.000000	135.801547	123.282567	180.000000	177.022337	224.202882	123.294133	
69.841022	54.078035	202.057471	223.349283	180.000000	90.000000	89.934665	0.000000	314.916090	0.000000	0.000000	0.000000	87.774385	41.917265	225.207778	158.005433	134.965872	199.319508	214.507594	182.785410	134.945310	270.000000	60.495252	90.000000	177.604051	199.787074	136.561817	87.331204	90.000000	0.000000	0.000000	0.000000	0.026302	44.593086	47.334930	180.000000	180.000000	135.801547	123.282567	180.000000	169.932580	224.202882	123.294133	
75.698860	54.078035	202.057471	223.349283	180.000000	90.000000	89.934665	0.000000	314.916090	0.000000	0.000000	0.000000	87.729768	41.917265	225.207778	158.005433	134.965872	199.492280	214.519155	182.785410	134.945310	270.000000	71.244260	90.000000	175.749910	199.943530	136.561817	87.228285	90.000000	0.000000	0.000000	0.000000	0.026302	44.593086	47.334930	180.000000	180.000000	135.801547	123.282567	180.000000	177.055571	224.202882	123.294133	
69.984383	54.078035	202.057471	223.349283	180.000000	90.000000	89.934665	0.000000	314.916090	0.000000	0.000000	0.000000	87.694314	41.917265	225.207778	158.005433	134.965872	199.325017	214.526829	182.785410	134.945310	270.000000	63.602375	90.000000	175.187182	200.096269	136.561817	87.134982	90.000000	0.000000	0.000000	0.000000	0.026302	44.593086	47.334930	180.000000	180.000000	135.801547	123.282567	180.000000	170.094448	224.202882	123.294133	
75.774676	54.078035	202.057471	223.349283	180.000000	90.000000	89.934665	0.000000	314.916090	0.000000	0.000000	0.000000	87.667917	41.917265	225.207778	158.005433	134.965872	199.039549	214.530583	182.785410	134.945310	270.000000	72.277594	90.000000	175.051680	200.245167	136.561817	87.051218	90.000000	0.000000	0.000000	0.000000	0.026302	44.593086	47.334930	180.000000	180.000000	135.801547	123.282567	180.000000	177.102841	224.202882	123.294133	
70.133559	54.078035	202.057471	223.349283	180.000000	90.000000	89.934665	0.000000	314.916090	0.000000	0.000000	0.000000	87.650468	41.917265	225.207778	158.005433	134.965872	198.715131	214.530391	182.785410	134.945310	270.000000	64.147061	90.000000	175.054968	200.390101	136.561817	86.976911	90.000000	0.000000	0.000000	0.000000	0.026302	44.593086	47.334930	180.000000	180.000000	135.801547	123.282567	180.000000	170.282508	224.202882	123.294133	
75.851957	54.078035	202.057471	223.349283	180.000000	90.000000	89.934665	0.000000	314.916090	0.000000	0.000000	0.000000	87.641854	41.917265	225.207778	158.005433	134.965872	198.380389	214.526224	182.785410	134.945310	270.000000	72.562734	90.000000	175.100738	200.530954	136.561817	86.911971	90.000000	0.000000	0.000000	0.000000	0.026302	44.593086	47.334930	180.000000	180.000000	135.801547	123.282567	180.000000	177.172626	224.202882	123.294133	
70.288449	54.078035	202.057471	223.349283	180.000000	90.000000	89.934665	0.000000	314.916090	0.000000	0.000000	0.000000	87.641959	41.917265	225.207778	158.005433	134.965872	198.045888	214.518058	182.785410	134.945310	270.000000	64.507679	90.000000	175.156819	200.667611	136.561817	86.856305	90.000000	0.000000	0.000000	0.000000	0.026302	44.593086	47.334930	180.000000	180.000000	135.801547	123.282567	180.000000	179.515976	224.202882	123.294133	
75.930649	54.078035	202.057471	223.349283	180.000000	90.000000	89.953412	0.000000	314.916090	0.000000	0.000000	0.000000	87.650669	41.917265	225.207778	158.005433	134.965872	197.715709	214.505871	182.785410	134.945310	270.000000	72.801193	90.000000	175.212451	200.799963	136.561817	86.809816	90.000000	0.000000	0.000000	0.000000	0.026302	44.593086	47.334930	180.000000	180.000000	135.801547	123.282567	180.000000	171.303059	224.202882	123.294133	
70.448925	54.078035	202.057471	223.349283	180.000000	90.000000	89.958869	0.000000	314.916090	0.000000	0.000000	0.000000	87.667866	41.917265	225.207778	158.005433	134.965872	197.391595	214.489639	182.785410	134.945310	270.000000	64.864344	90.000000	175.264028	200.927904	136.561817	86.772399	90.000000	344.343004	0.000000	0.000000	0.026302	44.593086	47.334930	180.000000	180.000000	135.801547	123.282567	180.000000	177.497158	224.202882	123.294133	
76.010688	54.078035	202.057471	223.349283	180.000000	90.000000	89.960457	0.000000	314.916090	0.000000	0.000000	0.000000	87.693432	41.917265	225.207778	158.005433	134.965872	197.074432	214.469345	182.785410	134.945310	270.000000	73.046066	90.000000	175.310332	201.051329	136.561817	86.743950	90.000000	339.839342	0.000000	0.000000	0.026302	44.593086	47.334930	180.000000	180.000000	135.801547	123.282567	180.000000	179.609189	224.202882	123.294133	
77.480986	54.078035	202.057471	223.349283	180.000000	90.000000	89.960920	0.000000	314.916090	0.000000	0.000000	0.000000	87.727246	41.917265	225.207778	158.005433	134.965872	196.764786	214.444970	182.785410	134.945310	270.000000	75.477177	90.000000	179.884430	201.170140	136.561817	86.724361	90.000000	338.531150	0.000000	0.000000	0.026302	44.593086	47.334930	180.000000	180.000000	135.801547	127.348648	180.000000	180.304137	224.202882	123.294133	
71.039849	54.078035	202.057471	223.349283	180.000000	90.000000	89.961055	0.000000	314.916090	0.000000	0.000000	0.000000	87.769192	41.917265	225.207778	158.005433	134.965872	196.463091	214.416499	182.785410	134.945310	270.000000	65.965587	90.000000	181.392342	201.284241	136.561817	86.713518	90.000000	338.150821	0.000000	0.000000	0.026302	44.593086	47.334930	180.000000	180.000000	135.801547	128.528358	180.000000	180.509175	224.202882	123.294133	
76.204036	54.078035	202.057471	223.349283	180.000000	90.000000	89.961094	0.000000	314.916090	0.000000	0.000000	0.000000	94.458470	41.917265	225.207778	158.005433	134.965872	196.169725	214.383918	182.785410	134.945310	270.000000	73.548404	90.000000	181.901510	201.393543	136.561817	86.711310	90.000000	338.040231	0.000000	0.000000	0.026302	44.593086	47.334930	180.000000	180.000000	135.801547	128.870879	180.000000	180.547603	224.202882	123.294133	
77.569963	54.078035	202.057471	223.349283	180.000000	90.000000	89.961105	0.000000	314.916090	0.000000	0.000000	0.000000	89.908101	41.917265	225.207778	158.005433	134.965872	195.885031	214.347215	182.785410	134.945310	270.000000	75.802708	90.000000	182.083040	201.497956	136.561817	86.717622	90.000000	338.008071	0.000000	0.000000	0.026302	44.593086	47.334930	180.000000	180.000000	135.801547	128.970341	180.000000	180.532162	224.202882	123.294133	
77.931696	54.078035	202.057471	223.349283	180.000000	90.000000	89.961109	0.000000	314.916090	0.000000	0.000000	0.000000	88.479061	41.917265	225.207778	158.005433	134.965872	195.609325	214.306380	182.785410	134.945310	270.000000	76.496805	90.000000	182.155010	201.597399	136.561817	86.732337	90.000000	337.998718	0.000000	0.000000	0.026302	44.593086	47.334930	180.000000	180.000000	135.801547	128.999225	180.000000	180.502168	224.202882	123.294133	
78.027511	54.078035	202.057471	223.349283	180.000000	90.000000	89.961110	0.000000	314.916090	0.000000	0.000000	0.000000	94.526848	41.917265	225.207778	158.005433	134.965872	195.342900	214.261406	182.785410	134.945310	270.000000	76.734721	90.000000	182.188255	201.691793	136.561817	86.755338	90.000000	337.995998	0.000000	0.000000	0.026302	44.593086	47.334930	180.000000	180.000000	135.801547	129.007614	180.000000	180.471332	224.202882	123.294133	
78.052894	54.078035	202.057471	223.349283	180.000000	90.000000	89.961110	0.000000	314.916090	0.000000	0.000000	0.000000	89.967942	41.917265	225.207778	158.005433	134.965872	195.086027	214.212287	181.988541	134.945310	270.000000	76.841086	90.000000	182.205776	201.781062	136.561817	86.786508	90.000000	337.995206	0.000000	0.000000	0.026302	44.593086	47.334930	180.000000	180.000000	135.801547	129.010050	180.000000	180.444437	224.202882	123.294133	
78.059619	54.078035	202.057471	223.349283	180.000000	90.000000	89.961110	0.000000	314.916090	0.000000	0.000000	0.000000	94.890749	41.917265	225.207778	158.005433	134.965872	194.838955	214.159020	181.756591	134.945310	270.000000	76.911277	90.000000	182.215051	201.865138	136.561817	86.825728	90.000000	337.994976	0.000000	0.000000	0.026302	44.593086	47.334930	180.000000	180.000000	135.801547	129.010758	180.000000	180.423153	224.202882	123.294133	
78.061401	54.078035	202.057471	223.349283	180.000000	90.000000	89.961110	0.000000	314.916090	0.000000	0.000000	0.000000	90.100319	41.917265	225.207778	158.005433	134.965872	194.601909	214.101602	181.689067	134.945310	270.000000	76.973276	90.000000	182.218525	201.943953	136.561817	86.872882	90.000000	337.994909	0.000000	0.000000	0.026302	44.593086	47.334930	180.000000	180.000000	135.801547	129.010964	180.000000	180.408065	224.202882	123.294133	
78.061873	54.078035	202.057471	223.349283	180.000000	90.000000	89.961110	0.000000	314.916090	0.000000	0.000000	0.000000	94.825320	41.917265	225.207778	158.005433	134.965872	194.375093	214.040035	181.669408	134.945310	270.000000	77.035276	90.000000	182.217014	202.017445	136.561817	94.636331	90.000000	337.994890	0.000000	0.000000	0.026302	44.593086	47.334930	180.000000	180.000000	135.801547	129.011023	180.000000	176.810441	224.202882	123.294133	
78.061998	54.078035	202.057471	223.349283	180.000000	90.000000	89.961110	0.000000	314.916090	0.000000	0.000000	0.000000	90.118385	41.917265	225.207778	158.005433	134.965872	194.158688	213.974321	181.663684	134.945310	270.000000	77.099665	90.000000	182.210807	202.085558	136.561817	89.373199	90.000000	337.994884	0.000000	0.000000	0.026302	44.593086	47.334930	180.000000	180.000000	135.801547	129.011041	180.000000	175.582432	224.202882	123.294133	
78.062031	54.078035	202.057471	223.349283	180.000000	90.000000	89.961110	0.000000	314.916090	0.000000	0.000000	0.000000	94.735916	41.917265	225.207778	158.005433	134.965872	193.952853	213.904465	181.662017	134.945310	270.000000	77.167133	90.000000	182.227396	202.148238	136.561817	87.702257	90.000000	337.994882	0.000000	0.000000	0.026302	44.593086	47.334930	180.000000	180.000000	135.801547	129.011046	180.000000	175.160204	224.202882	123.294133	
78.062040	54.078035	202.057471	223.349283	180.000000	90.000000	89.961110	0.000000	314.916090	0.000000	0.000000	0.000000	90.153071	41.917265	225.207778	158.005433	134.965872	193.757726	213.830474	181.661531	134.945310	270.000000	77.237871	90.000000	182.395687	202.205435	136.561817	94.766951	90.000000	337.994882	0.000000	0.000000	0.026302	44.593086	47.334930	180.000000	180.000000	135.801547	129.011047	180.000000	175.014148	224.202882	123.294133	
78.062042	54.078035	202.057471	223.349283	180.000000	90.000000	89.961110	0.000000	314.916090	0.000000	0.000000	0.000000	94.665419	41.917265	225.207778	158.005433	134.965872	193.573423	213.752358	181.661390	134.945310	270.000000	77.311925	90.000000	182.607056	202.257105	136.561817	89.444653	90.000000	337.994882	0.000000	0.000000	0.026302	44.593086	47.334930	180.000000	180.000000	135.801547	129.011048	180.000000	174.964902	224.202882	123.294133	
78.062043	54.078035	202.057471	223.349283	180.000000	90.000000	89.961110	0.000000	314.916090	0.000000	0.000000	0.000000	96.069232	41.917265	225.207778	158.005433	134.965872	193.400040	213.670128	181.661349	134.945310	270.000000	77.389299	90.000000	182.826019	202.303207	136.561817	95.227384	90.000000	337.994882	0.000000	0.000000	0.026302	44.593086	47.334930	180.000000	180.000000	135.801547	129.011048	180.000000	174.951765	224.202882	123.294133	
78.062043	54.078035	202.057471	223.349283	180.000000	90.000000	89.961110	0.000000	314.916090	0.000000	0.000000	0.000000	96.456364	41.917265	225.207778	158.005433	134.965872	193.237653	213.583799	181.661337	134.945310	270.000000	76.284224	90.000000	183.040937	202.343703	136.561817	89.597351	90.000000	337.994882	0.000000	0.000000	0.026302	44.593086	47.334930	180.000000	180.000000	135.801547	129.011048	180.000000	174.954201	224.202882	123.294133	
78.062043	54.078035	202.057471	223.349283	180.000000	90.000000	89.961110	0.000000	314.916090	0.000000	0.000000	0.000000	96.513318	41.917265	225.207778	158.005433	134.965872	193.086317	213.493384	181.661333	134.945310	270.000000	75.997023	90.000000	183.247962	202.378562	136.561817	95.178775	90.000000	337.994882	0.000000	0.000000	0.026302	44.593086	47.334930	180.000000	180.000000	135.801547	129.011048	180.000000	174.892191	224.202882	123.294133	
78.062043	54.078035	202.057471	223.349283	180.000000	90.000000	89.961110	0.000000	314.916090	0.000000	0.000000	0.000000	96.465722	41.917265	225.207778	158.005433	134.965872	192.946071	213.398904	181.661332	134.945310	270.000000	75.944382	90.000000	183.445805	202.407753	136.561817	89.608334	90.000000	337.994882	0.000000	0.000000	0.026302	44.593086	47.334930	180.000000	180.000000	135.801547	129.011048	180.000000	174.702527	224.202882	123.294133	
78.062043	50.930899	202.057471	223.349283	180.000000	90.000000	89.961110	0.000000	314.916090	0.000000	0.000000	0.000000	96.387787	41.917265	225.207778	158.005433	134.965872	192.816937	213.300378	181.661332	134.945310	270.000000	75.960292	90.000000	183.634025	202.431252	136.561817	95.096538	90.000000	337.994882	0.000000	0.000000	0.026302	44.593086	47.334930	180.000000	180.000000	135.801547	129.011048	180.000000	174.476373	224.202882	123.294133	
78.062043	50.017592	202.057471	223.349283	180.000000	90.000000	89.961110	0.000000	314.916090	0.000000	0.000000	0.000000	92.123635	41.917265	225.207778	158.005433	134.965872	192.698917	213.197828	181.661332	134.945310	270.000000	75.997575	90.000000	183.812465	202.449037	136.561817	89.632337	90.000000	337.994882	0.000000	0.000000	0.026302	44.593086	47.334930	180.000000	180.000000	135.801547	129.011048	180.000000	174.244872	224.202882	123.294133	
78.062043	49.752426	202.057471	223.349283	180.000000	90.000000	89.961110	0.000000	314.916090	0.000000	0.000000	0.000000	90.699783	41.917265	225.207778	158.005433	134.965872	192.592001	213.091279	181.661332	134.945310	270.000000	76.042837	90.000000	183.981073	202.461091	136.561817	95.031669	90.000000	337.994882	0.000000	0.000000	0.026302	44.593086	47.334930	180.000000	180.000000	135.801547	129.011048	180.000000	174.018715	224.202882	123.294133	
78.062043	49.675430	202.057471	223.349283	180.000000	90.000000	89.961110	0.000000	314.916090	0.000000	0.000000	0.000000	90.193855	41.917265	225.207778	158.005433	134.965872	192.496162	212.980757	181.661332	134.945310	270.000000	76.092270	90.000000	184.139839	202.467399	136.561817	89.685436	90.000000	337.994882	0.000000	0.000000	0.026302	44.593086	47.334930	180.000000	180.000000	135.801547	129.011048	180.000000	173.801602	224.202882	123.294133	
78.062043	49.653071	202.182524	223.349283	180.000000	90.000000	89.961110	0.000000	314.916090	0.000000	0.000000	0.000000	89.987250	41.917265	225.207778	158.005433	134.965872	192.411362	212.866290	181.661332	134.945310	270.000000	76.144781	90.000000	184.288775	202.467951	136.561817	94.989520	90.000000	337.994882	0.000000	0.000000	0.026302	44.593086	47.334930	180.000000	180.000000	135.801547	129.011048	180.000000	173.594830	224.202882	123.294133	
78.062043	49.646578	202.377212	223.349283	180.000000	90.000000	89.961110	0.000000	314.916090	0.000000	0.000000	0.000000	89.880604	41.917265	225.207778	158.005433	134.965872	192.337548	222.173254	181.661332	134.945310	270.000000	76.200044	90.000000	184.427905	202.462740	136.561817	96.671497	90.000000	337.994882	0.000000	0.000000	0.026302	44.593086	47.334930	180.000000	180.000000	135.801547	129.011048	180.000000	173.398864	224.202882	123.294133	
78.062043	49.644692	202.594266	223.349283	180.000000	90.000000	89.961110	0.000000	314.916090	0.000000	0.000000	0.000000	89.809667	41.917265	225.207778	158.005433	134.965872	192.274657	224.775663	181.661332	134.945310	270.000000	76.257952	90.000000	184.557268	202.451761	136.561817	97.158902	90.000000	337.994882	0.000000	0.000000	0.026302	44.593086	47.334930	180.000000	180.000000	135.801547	129.011048	180.000000	173.213873	224.202882	123.294133	
78.062043	49.644144	202.818488	223.349283	180.000000	90.000000	89.961110	0.000000	314.916090	0.000000	0.000000	0.000000	89.753732	41.917265	225.207778	158.005433	134.965872	192.222613	225.453216	181.661332	134.945310	270.000000	76.318455	90.000000	184.676910	202.435014	136.561817	97.254392	90.000000	337.994882	0.000000	0.000000	0.026302	44.593086	47.334930	180.000000	180.000000	135.801547	129.011048	180.000000	173.039913	224.202882	123.294133	
78.062043	49.643985	203.044903	223.349283	180.000000	90.000000	89.961110	0.000000	314.916090	0.000000	0.000000	0.000000	89.706119	41.917265	225.207778	158.005433	134.965872	192.181334	225.576591	181.661332	134.945310	270.000000	76.381522	90.000000	184.786887	202.412500	136.561817	97.223869	90.000000	337.994882	0.000000	0.000000	0.026302	44.593086	47.334930	180.000000	180.000000	135.801547	129.011048	180.000000	172.876989	224.202882	123.294133	
78.062043	49.643939	203.271803	223.349283	180.000000	90.000000	89.961110	0.000000	314.916090	0.000000	0.000000	0.000000	89.664662	41.917265	225.135638	158.005433	134.965872	192.150727	225.539635	181.661332	134.945310	270.000000	76.447127	90.000000	184.887265	202.384226	136.561817	97.155479	90.000000	337.994882	0.000000	0.000000	0.026302	44.593086	47.334930	180.000000	180.000000	135.801547	129.011048	180.000000	172.725082	224.202882	123.294133	
78.062043	49.643925	203.498532	223.349283	180.000000	90.000000	89.961110	0.000000	314.916090	0.000000	0.000000	0.000000	89.628645	41.917265	225.114694	158.005433	134.965872	192.130691	225.455190	181.661332	134.945310	270.000000	76.515244	90.000000	184.978114	202.350199	136.561817	97.078468	90.000000	337.994882	0.000000	0.000000	0.026302	44.593086	47.334930	180.000000	180.000000	135.801547	129.011048	180.000000	172.584156	224.202882	123.294133	
78.062043	49.643922	203.724769	223.349283	180.000000	90.000000	89.961110	0.000000	314.916090	0.000000	0.000000	0.000000	89.597821	41.917265	225.108614	158.005433	134.965872	192.121119	225.355513	181.661332	134.945310	270.000000	76.585847	90.000000	185.059514	202.310429	136.561817	97.002562	90.000000	337.994882	0.000000	0.000000	0.026302	44.593086	47.334930	180.000000	180.000000	135.801547	129.011048	180.000000	172.454158	224.202882	123.294133	
78.062043	49.643920	203.950299	223.349283	180.000000	90.000000	89.961110	0.000000	314.916090	0.000000	0.000000	0.000000	89.572087	41.917265	225.106848	158.005433	134.965872	192.121897	225.249826	181.661332	134.945310	270.000000	71.569561	90.000000	185.131549	202.264931	136.561817	92.185686	90.000000	337.994882	0.000000	0.000000	0.026302	44.593086	47.334930	180.000000	180.000000	135.801547	129.011048	180.000000	172.335025	224.202882	123.294133	
78.062043	49.643920	204.174941	223.349283	180.000000	90.000000	89.961110	0.000000	314.916090	0.000000	0.000000	0.000000	89.551388	41.917265	225.106335	158.005433	134.965872	192.132908	225.140792	181.661332	134.945310	270.000000	70.068573	90.000000	185.194312	202.213720	136.561817	90.588693	90.000000	337.994882	0.000000	0.000000	0.026302	44.593086	47.334930	180.000000	180.000000	135.801547	129.011048	180.000000	172.226682	224.202882	123.294133	
78.062043	49.643920	204.398521	223.349283	180.000000	90.000000	89.961110	0.000000	314.916090	0.000000	0.000000	0.000000	89.535681	41.917265	225.106187	158.005433	134.965872	192.154028	225.029207	181.661332	134.945310	270.000000	69.613806	90.000000	185.247896	202.156814	136.561817	90.036490	90.000000	337.994882	0.000000	0.000000	0.026302	44.593086	46.525450	180.000000	180.000000	135.801547	129.011048	180.000000	172.129043	224.202882	123.294133	
78.062043	49.643920	204.620869	223.349283	180.000000	90.000000	89.961110	0.000000	314.916090	0.000000	0.000000	0.000000	89.524926	41.917265	225.106143	158.005433	134.965872	192.185130	224.915341	181.661332	134.945310	270.000000	69.473354	90.000000	185.292402	202.094233	136.561817	89.825901	90.000000	337.994882	0.000000	0.000000	0.026302	44.593086	46.290454	180.000000	180.000000	135.801547	129.011048	180.000000	172.042016	224.202882	123.294133	
78.062043	49.643920	204.841809	223.349283	180.000000	90.000000	89.961110	0.000000	314.916090	0.000000	0.000000	0.000000	89.519083	41.917265	225.106131	158.005433	134.965872	192.226084	224.799314	181.661332	134.945310	270.000000	69.430024	90.000000	185.327934	202.026001	136.561817	89.729220	90.000000	337.994882	0.000000	0.000000	0.026302	44.593086	46.222228	180.000000	180.000000	135.801547	129.011048	180.000000	171.965498	224.202882	127.295566	
78.062043	49.643920	205.061167	223.349283	180.000000	90.000000	89.961110	0.000000	314.916090	0.000000	0.000000	0.000000	89.518112	41.917265	225.106127	158.005433	134.965872	192.276758	224.681203	181.661332	134.945310	270.000000	69.419394	90.000000	185.354598	201.952141	136.561817	89.672722	90.000000	337.994882	0.000000	0.000000	0.026302	44.593086	46.202418	180.000000	180.000000	135.801547	129.011048	180.000000	171.899380	224.202882	128.507887	
78.062043	49.643920	205.278763	223.349283	180.000000	90.000000	89.961110	0.000000	314.916090	0.000000	0.000000	0.000000	89.521969	41.917265	225.106126	158.005433	134.965872	192.337017	224.561072	181.661332	134.945310	270.000000	69.422344	90.000000	185.372505	201.872681	136.561817	89.632538	90.000000	337.994882	0.000000	0.000000	0.026302	44.593086	46.196665	180.000000	180.000000	135.801547	129.011048	180.000000	171.843547	224.202882	128.875439	
78.062043	49.643920	205.494418	223.349283	180.000000	90.000000	89.961110	0.000000	314.916090	0.000000	0.000000	0.000000	89.530609	41.917265	225.106126	158.005433	134.965872	192.406725	224.438982	181.661332	134.945310	270.000000	69.433168	90.000000	185.381766	201.787648	136.561817	89.600933	90.000000	337.994882	0.000000	0.000000	0.026302	44.593086	46.194995	180.000000	180.000000	135.801547	129.011048	180.000000	171.797878	224.202882	128.986889	
78.062043	49.643920	205.707951	223.349283	180.000000	90.000000	89.961110	0.000000	314.916090	0.000000	0.000000	0.000000	89.543987	41.917265	225.106126	158.005433	134.965872	192.485746	224.314989	181.661332	134.945310	270.000000	69.450132	90.000000	185.382495	201.697073	136.561817	89.575388	90.000000	337.994882	0.000000	0.000000	0.026302	44.593086	46.194510	180.000000	180.000000	135.801547	129.011048	180.000000	171.762247	224.202882	129.020686	
78.062043	49.643920	205.919177	223.349283	180.000000	90.000000	89.961110	0.000000	314.916090	0.000000	0.000000	0.000000	89.562056	41.917265	225.106126	158.005433	134.965872	192.573942	224.189150	181.661332	134.945310	270.000000	69.472671	90.000000	185.374808	201.600986	136.561817	89.555071	90.000000	337.994882	0.000000	0.000000	0.026302	44.593086	46.194369	180.000000	180.000000	135.801547	129.011048	180.000000	171.736523	224.202882	129.030936	
78.062043	49.643920	206.127913	223.349283	180.000000	90.000000	89.961110	0.000000	314.916090	0.000000	0.000000	0.000000	89.584766	41.917265	225.106126	158.005433	134.965872	192.671177	224.061521	181.661332	134.945310	270.000000	69.500569	90.000000	185.358821	201.499421	136.561817	89.539689	90.000000	337.994882	0.000000	0.000000	0.026302	44.593086	46.194328	180.000000	180.000000	135.801547	129.011048	180.000000	171.720575	224.202882	129.034044	
78.062043	49.643920	206.333974	223.349283	180.000000	90.000000	89.961110	0.000000	314.916090	0.000000	0.000000	0.000000	89.612067	41.917265	225.106126	158.005433	134.965872	192.777315	223.932154	181.661332	134.945310	270.000000	69.533710	90.000000	185.334651	201.392412	136.561817	89.529125	90.000000	337.994882	0.000000	0.000000	0.026302	44.593086	46.194316	180.000000	180.000000	135.801547	129.011048	180.000000	171.714266	224.202882	129.034987	
78.062043	49.643920	206.537175	223.349283	180.000000	90.000000	89.961110	0.000000	314.916090	0.000000	0.000000	0.000000	89.643910	41.917265	225.106126	158.005433	134.965872	192.892218	223.801102	181.661332	134.965020	270.000000	69.572009	90.000000	185.302416	201.279993	136.561817	89.523317	90.000000	337.994882	0.000000	0.000000	0.026302	44.593086	46.194312	180.000000	180.000000	135.801547	129.011048	180.000000	171.717457	224.202882	129.035273	
78.062043	49.643920	206.737328	223.349283	180.000000	90.000000	89.961110	0.000000	314.916090	0.000000	0.000000	0.000000	89.680242	41.917265	225.106126	158.005433	134.965872	193.015754	223.668416	181.661332	134.970209	270.000000	69.615392	90.000000	185.262234	201.162201	136.561817	89.522218	90.000000	337.994882	0.000000	0.000000	0.019035	44.593086	46.194311	180.000000	180.000000	135.801547	129.011048	180.000000	171.730010	224.202882	129.035360	
78.062043	49.643920	206.934250	223.349283	180.000000	90.000000	89.961110	0.000000	314.916090	0.000000	0.000000	0.000000	89.721010	41.917265	225.106126	158.005433	134.965872	193.147787	223.534144	181.661332	134.971576	270.000000	69.663784	90.000000	185.214221	199.728511	136.561817	89.525787	90.000000	337.994882	0.000000	0.000000	0.016735	44.593086	46.194311	180.000000	180.000000	135.801547	129.011048	180.000000	171.751783	224.202882	129.035386	
78.062043	49.643920	207.127754	223.349283	180.000000	90.000000	89.961110	0.000000	314.916090	0.000000	0.000000	0.000000	89.615544	41.917265	225.106126	158.005433	134.965872	193.288187	223.398333	181.661332	134.971935	270.000000	69.717116	90.000000	185.158497	199.209741	136.561817	89.533982	90.000000	337.994882	0.000000	0.000000	0.016008	44.593086	46.194311	180.000000	180.000000	135.801547	129.011048	180.000000	171.782634	224.202882	129.035394	
78.062043	49.643920	207.317657	223.349283	180.000000	90.000000	89.961110	0.000000	314.916090	0.000000	0.000000	0.000000	89.451424	41.917265	225.106126	158.005433	134.965872	193.436823	223.261031	181.661332	134.972030	270.000000	69.775316	90.000000	176.490946	198.997500	136.561817	89.546761	90.000000	337.994882	0.000000	0.000000	0.015778	44.593086	46.194311	180.000000	180.000000	135.801547	129.011048	180.000000	171.822422	224.202882	129.035397	
78.062043	49.643920	207.503776	223.349283	180.000000	90.000000	89.961110	0.000000	314.916090	0.000000	0.000000	0.000000	89.275232	41.917265	225.106126	158.005433	134.965872	193.593568	223.122280	181.661332	134.972055	270.000000	69.838315	90.000000	182.349670	198.885662	136.561817	89.564081	90.000000	337.994882	0.000000	0.000000	0.015705	44.593086	46.194311	180.000000	180.000000	135.801547	129.011048	180.000000	171.871005	224.202882	129.035397	
78.062043	49.643920	207.685929	223.349283	180.000000	90.000000	89.961110	0.000000	314.916090	0.000000	0.000000	0.000000	89.101940	41.917265	225.106126	158.005433	134.965872	193.758296	222.982124	181.661332	134.972062	270.000000	69.906044	90.000000	184.216278	198.804574	136.561817	89.486210	90.000000	337.994882	0.000000	0.000000	0.015682	44.593086	46.194311	180.000000	180.000000	135.801547	129.011048	180.000000	171.928243	224.202882	129.035398	
78.062043	49.643920	207.863935	223.349283	180.000000	90.000000	89.961110	0.000000	314.916090	0.000000	0.000000	0.000000	88.936364	41.917265	225.106126	158.005433	134.965872	193.930884	222.840603	181.661332	134.972063	270.000000	69.978436	90.000000	176.306775	198.730781	136.561817	89.309587	90.000000	337.994882	0.000000	0.000000	0.015674	44.593086	46.194311	180.000000	180.000000	135.801547	129.011048	180.000000	171.993994	224.202882	129.035398	
78.062043	49.643920	208.037617	223.349283	180.000000	90.000000	89.961110	0.000000	314.916090	0.000000	0.000000	0.000000	88.780051	41.917265	225.106126	158.005433	134.965872	194.111210	222.697757	181.661332	134.972064	270.000000	70.055424	90.000000	182.257207	198.656430	136.561817	89.107535	90.000000	337.994882	0.000000	0.000000	0.015672	44.593086	46.194311	180.000000	180.000000	135.801547	129.011048	180.000000	172.068120	224.202882	129.035398	
78.062043	49.643920	208.206799	223.349283	180.000000	90.000000	89.961110	0.000000	314.916090	0.000000	0.000000	0.000000	88.633482	41.917265	225.106126	158.005433	134.977714	194.299157	222.553624	181.661332	134.972064	270.000000	70.136941	90.000000	175.765641	198.578924	136.561817	88.903855	90.000000	337.994882	0.000000	0.000000	0.015671	44.593086	46.194311	180.000000	180.000000	135.801547	129.011048	180.000000	172.150482	224.202882	129.035398	
78.062043	49.643920	208.371308	223.349283	180.000000	90.000000	89.961110	0.000000	314.916090	0.000000	0.000000	0.000000	88.496792	41.917265	225.106126	158.005433	134.981151	194.494609	222.408240	181.661332	134.972064	270.000000	70.222923	90.000000	182.079695	198.497431	136.561817	88.706302	90.000000	337.994882	0.000000	0.000000	0.015671	44.593086	46.194311	180.000000	180.000000	135.801547	129.011048	180.000000	181.211445	224.202882	129.035398	
78.062043	49.643920	208.530974	223.349283	180.000000	90.000000	89.961110	0.000000	314.916090	0.000000	0.000000	0.000000	88.369996	41.917265	225.106126	158.005433	134.982150	194.697453	222.261639	181.661332	134.972064	270.000000	70.313306	90.000000	175.799124	198.411710	136.561817	88.517418	90.000000	337.994882	0.000000	0.000000	0.015671	44.593086	46.194311	180.000000	180.000000	135.801547	129.011048	195.348819	175.235921	224.202882	129.035398	
78.062043	49.643920	202.305908	223.349283	180.000000	90.000000	89.961110	0.000000	314.916090	0.000000	0.000000	0.000000	88.253062	41.917265	225.106126	158.005433	134.982439	194.907580	222.113855	181.661332	134.972064	270.000000	70.408028	90.000000	182.066162	198.321720	136.561817	88.338042	90.000000	337.994882	0.000000	0.000000	0.015671	44.593086	46.194311	180.000000	180.000000	135.801547	129.011048	199.961791	173.275441	224.202882	129.035398	
66.135795	49.643920	200.223100	223.349283	180.000000	90.000000	89.961110	0.000000	314.916090	0.000000	0.000000	0.000000	88.145940	41.917265	225.106126	158.005433	134.982523	204.902307	221.964920	181.661332	134.972064	270.000000	70.507025	90.000000	175.874108	198.227489	136.561817	88.168451	90.000000	337.994882	0.000000	0.000000	0.015671	44.593086	46.194311	180.000000	180.000000	135.801547	129.011048	201.360871	181.491278	224.202882	129.035398	
63.013652	49.643920	199.603989	223.349283	180.000000	90.000000	89.961110	0.000000	314.916090	0.000000	0.000000	0.000000	88.048567	41.917265	225.106126	158.005433	134.982548	198.740612	221.814862	181.661332	134.972064	270.000000	70.610239	90.000000	182.042627	198.129065	136.561817	88.008728	90.000000	337.994882	0.000000	0.000000	0.015671	44.593086	46.194311	180.000000	180.000000	135.801547	129.011048	201.785584	175.407557	224.202882	129.035398	
62.191385	49.643920	199.502493	223.349283	180.000000	90.000000	89.961110	0.000000	314.916090	0.000000	0.000000	0.000000	87.960870	41.917265	225.106126	158.005433	134.982555	196.667291	221.663712	181.661332	134.972064	270.000000	70.717609	90.000000	175.933029	198.026506	136.561817	87.858888	90.000000	337.994882	0.000000	0.000000	0.015671	44.593086	46.194311	180.000000	180.000000	135.801547	129.011048	201.914534	182.130995	224.202882	129.035398	
61.974726	49.643920	199.583338	223.349283	180.000000	90.000000	89.961110	0.000000	314.916090	0.000000	0.000000	0.000000	87.882769	41.917265	225.106126	158.005433	134.982557	205.622336	221.511496	181.661332	134.972064	270.000000	70.829077	90.000000	181.990840	197.919870	136.561817	87.718915	90.000000	337.994882	0.000000	0.000000	0.015671	44.593086	46.194311	180.000000	180.000000	135.801547	129.011048	201.953690	175.653410	224.202882	129.035398	
61.917633	49.643920	199.727427	223.349283	180.000000	90.000000	89.961110	0.000000	314.916090	0.000000	0.000000	0.000000	87.814180	41.917265	225.106126	158.005433	134.982558	199.315436	221.358239	181.661332	134.972064	270.000000	70.944587	90.000000	175.969787	197.809221	136.561817	87.588776	90.000000	337.994882	0.000000	0.000000	0.015671	44.734407	46.194311	180.000000	180.000000	135.801547	129.011048	201.965580	182.135759	224.202882	129.035398	
61.902587	49.643920	199.892321	223.349283	180.000000	90.000000	89.961110	0.000000	314.916090	0.000000	0.000000	0.000000	87.755010	41.917265	225.106126	158.005433	134.982558	206.625683	221.203967	181.661332	134.972064	270.000000	71.064082	90.000000	181.909376	197.694620	136.561817	87.468427	90.000000	337.994882	0.000000	0.000000	0.015671	44.775436	46.194311	180.000000	180.000000	135.801547	129.011048	201.969192	175.709315	224.202882	129.035398	
61.898621	49.643920	200.062807	223.349283	180.000000	90.000000	89.961110	0.000000	314.916090	0.000000	0.000000	0.000000	87.705162	41.917265	225.106126	158.005433	134.982558	199.865682	221.048702	181.661332	134.972064	270.000000	71.187508	90.000000	175.983879	197.576130	136.561817	87.357813	90.000000	337.994882	0.000000	0.000000	0.015671	44.787348	46.194311	180.000000	180.000000	135.801547	129.011048	201.970288	182.088879	224.202882	129.035398	
61.897576	49.643920	200.233367	223.349283	180.000000	90.000000	89.961110	0.000000	314.916090	0.000000	0.000000	0.000000	87.664537	41.917265	225.106126	158.005433	134.982558	206.870165	220.892467	181.661332	134.972064	270.000000	71.314811	90.000000	174.081855	197.453814	136.561817	87.256870	90.000000	337.994882	0.000000	0.000000	0.015671	44.790807	46.194311	180.000000	180.000000	135.801547	129.011048	201.970622	175.772665	224.202882	129.035398	
61.897300	49.643920	200.401937	223.349283	180.000000	90.000000	89.961110	0.000000	314.916090	0.000000	0.000000	0.000000	87.633028	41.917265	225.106126	158.005433	134.982558	200.166019	220.735281	181.661332	134.972064	270.000000	71.445940	90.000000	181.186511	197.327737	136.561817	87.165529	90.000000	337.994882	0.000000	0.000000	0.015671	44.791811	46.194311	180.000000	180.000000	135.801547	129.011048	201.970723	182.058461	224.202882	129.035398	
61.897228	49.643920	200.567693	223.349283	180.000000	90.000000	89.961110	0.000000	314.916090	0.000000	0.000000	0.000000	87.610529	41.917265	225.106126	158.005433	134.982558	207.035875	220.577164	181.661332	134.972064	270.000000	71.580842	90.000000	175.834496	197.197961	136.561817	87.083711	90.000000	337.994882	0.000000	0.000000	0.015671	44.792103	46.194311	180.000000	180.000000	135.801547	129.011048	201.970754	175.865871	224.202882	129.035398	
61.897209	49.643920	200.730251	223.349283	180.000000	90.000000	89.961110	0.000000	314.916090	0.000000	0.000000	0.000000	87.596927	41.917265	225.106126	158.005433	134.982558	200.460211	220.418134	181.661332	134.972064	270.000000	83.987395	90.000000	174.111130	197.064549	136.561817	87.011333	90.000000	337.994882	0.000000	0.000000	0.015671	44.792187	46.194311	180.000000	180.000000	135.801547	129.011048	201.970763	182.052280	224.202882	129.035398	
61.897204	49.643920	200.889388	223.349283	180.000000	90.000000	89.961110	0.000000	314.916090	0.000000	0.000000	0.000000	87.592110	41.917265	225.106126	158.005433	134.982558	207.212613	220.258209	181.661332	134.972064	270.000000	75.192752	90.000000	173.591820	196.927566	136.561817	86.948304	90.000000	337.994882	0.000000	0.000000	0.015671	44.792212	46.194311	180.000000	180.000000	135.801547	129.011048	201.970766	184.123801	224.202882	129.035398	
61.897202	49.643920	201.044942	223.349283	180.000000	90.000000	89.961110	0.000000	314.916090	0.000000	0.000000	0.000000	87.595962	41.917265	225.106126	158.005433	134.982558	200.779824	220.097404	181.661332	134.972064	270.000000	72.817937	90.000000	173.469957	196.787073	136.561817	86.894530	90.000000	337.994882	0.000000	0.000000	0.015671	44.792219	46.194311	180.000000	180.000000	135.801547	129.011048	201.970767	176.684064	224.202882	129.035398	
61.897202	49.643920	201.196773	223.349283	180.000000	90.000000	89.961110	0.000000	314.916090	0.000000	0.000000	0.000000	87.608367	41.917265	225.106126	158.005433	134.982558	221.638185	219.935734	181.661332	134.972064	270.000000	84.353426	90.000000	173.476709	196.643135	136.561817	86.849912	90.000000	337.994882	0.000000	0.000000	0.015671	44.792221	46.194311	180.000000	180.000000	135.801547	129.011048	201.970767	182.245955	224.202882	129.035398	
61.897202	49.643920	201.344749	223.349283	180.000000	90.000000	89.961110	0.000000	314.916090	0.000000	0.000000	0.000000	87.629206	41.917265	225.106126	158.005433	134.982558	219.504963	219.773213	181.661332	134.972064	270.000000	75.480587	90.000000	173.522439	196.495812	136.561817	86.814346	90.000000	337.994882	0.000000	0.000000	0.015671	44.792222	46.194311	180.000000	180.000000	135.801547	129.011048	201.970767	184.114090	224.202882	129.035398	
61.897202	49.643920	201.488747	223.349283	180.000000	90.000000	89.961110	0.000000	314.916090	0.000000	0.000000	0.000000	87.658362	43.068339	225.106126	158.005433	134.982558	228.543833	219.609853	181.661332	134.972064	270.000000	73.103210	90.000000	173.577246	196.345168	136.561817	86.787727	90.000000	337.994882	0.000000	0.000000	0.015671	44.792222	46.194311	196.218015	180.000000	135.801547	129.011048	201.970767	184.705558	224.202882	129.035398	
61.897202	49.643920	201.628647	223.349283	180.000000	90.000000	89.961110	0.000000	314.916090	0.000000	0.000000	0.000000	87.695715	43.337921	225.106126	158.005433	134.982558	231.886946	219.445668	181.661332	134.972064	270.000000	84.458753	90.000000	178.488972	196.191263	136.561817	86.769945	90.000000	337.994882	0.000000	0.000000	0.015671	44.792222	46.194311	200.443000	180.000000	135.801547	129.011048	201.970767	184.857967	224.202882	129.035398	
61.897202	49.643920	201.764331	223.349283	180.000000	90.000000	89.972269	0.000000	314.916090	0.000000	0.000000	0.000000	87.741145	43.401064	225.106126	158.005433	134.982558	233.087928	219.280667	181.661332	134.972064	270.000000	75.724193	90.000000	180.111962	196.034157	136.561817	86.760888	90.000000	337.994882	0.000000	0.000000	0.015671	44.792222	46.194311	201.555959	180.000000	135.801547	129.011048	201.970767	184.862132	224.202882	129.035398	
61.897202	49.643920	201.895686	223.349283	180.000000	90.000000	89.975517	0.000000	314.916090	0.000000	0.000000	0.000000	94.418326	43.415854	225.106126	158.005433	134.982558	233.482465	219.114862	181.661332	134.972064	270.000000	85.212332	90.000000	180.664961	195.873912	136.561817	86.760443	90.000000	337.994882	0.000000	0.000000	0.015671	44.792222	46.194311	201.849377	180.000000	135.801547	129.011048	201.970767	184.819065	224.202882	129.035398	
61.897202	49.643920	202.022604	223.349283	180.000000	90.000000	89.976463	0.000000	314.916090	0.000000	0.000000	0.000000	89.881869	43.419319	225.106126	158.005433	134.982558	233.574570	226.805509	181.661332	134.972064	270.000000	76.049104	90.000000	180.867357	195.710586	136.561817	86.768494	90.000000	337.994882	0.000000	0.000000	0.015671	44.792222	46.194311	201.926743	180.000000	135.801547	129.011048	201.970767	184.763865	224.202882	129.035398	
61.897202	49.643920	202.144977	223.349283	180.000000	90.000000	89.976738	0.000000	314.916090	0.000000	0.000000	0.000000	88.459702	43.420130	225.106126	158.005433	134.982558	233.554459	221.785668	181.661332	134.972064	270.000000	85.301363	90.000000	180.952752	195.544236	136.561817	86.784925	90.000000	337.994882	0.000000	0.000000	0.015671	44.792222	46.194311	201.947144	180.000000	135.801547	129.011048	201.970767	184.708744	224.202882	129.035398	
61.897202	49.643920	202.262705	223.349283	180.000000	90.000000	89.976818	0.000000	314.916090	0.000000	0.000000	0.000000	94.493200	43.420321	225.106126	158.005433	134.982558	233.493917	220.222515	181.661332	134.972064	270.000000	76.202217	90.000000	180.996980	195.374922	136.561817	86.809619	90.000000	337.994882	0.000000	0.000000	0.015671	44.792222	46.194311	201.952524	180.000000	135.801547	129.011048	201.970767	184.657957	224.202882	129.035398	
61.897202	49.643920	202.375690	223.349283	180.000000	90.000000	89.976841	0.000000	314.916090	0.000000	0.000000	0.000000	89.950671	43.420365	225.106126	158.005433	134.982558	233.420054	219.701540	181.661332	134.972064	270.000000	85.348227	90.000000	181.024654	195.202699	136.561817	86.842459	90.000000	337.994882	0.000000	0.000000	0.015671	44.792222	46.194311	201.953942	180.000000	135.801547	129.011048	201.970767	180.187944	224.202882	129.035398	
61.897202	49.643920	202.483837	223.349283	180.000000	90.000000	89.976848	0.000000	314.916090	0.000000	0.000000	0.000000	94.860342	43.420376	225.106126	158.005433	134.982558	233.343132	219.493305	181.661332	134.972064	270.000000	76.356881	90.000000	181.043770	195.027622	136.561817	86.883325	90.000000	337.994882	0.000000	0.000000	0.015671	44.792222	46.194311	201.954317	180.000000	135.801547	129.011048	201.970767	178.652985	224.202882	129.035398	
61.897202	49.643920	202.587057	223.349283	180.000000	90.000000	89.976850	0.000000	314.916090	0.000000	0.000000	0.000000	90.088618	43.420378	225.106126	158.005433	134.982558	233.267067	219.377183	181.661332	134.972064	270.000000	85.403833	90.000000	181.056939	202.432398	136.561817	86.932102	90.000000	337.994882	0.000000	0.000000	0.015671	44.792222	46.194311	201.954415	180.000000	135.801547	129.011048	201.970767	178.113313	224.202882	129.035398	
61.897202	49.643920	202.685264	223.349283	180.000000	90.000000	89.976851	0.000000	314.916090	0.000000	0.000000	0.000000	94.799160	43.420379	225.106126	158.005433	134.982558	233.193381	219.286523	181.661332	134.972064	270.000000	76.526938	90.000000	181.065028	204.759330	136.561817	94.671727	90.000000	337.994882	0.000000	0.000000	0.015671	44.792222	46.194311	201.954441	180.000000	135.801547	129.011048	201.970767	177.913618	224.202882	129.035398	
61.897202	49.643920	202.778377	223.349283	180.000000	90.000000	89.976851	0.000000	314.916090	0.000000	0.000000	0.000000	90.112490	43.420379	225.106126	158.005433	134.982558	233.122696	219.201234	181.185901	134.972064	270.000000	85.472242	90.000000	181.068341	205.398505	136.561817	89.427507	90.000000	337.994882	0.000000	0.000000	0.015671	44.792222	46.194311	201.954448	180.000000	135.801547	129.011048	201.970767	177.832296	224.202882	129.035398	
61.897202	49.643920	202.866319	223.349283	180.000000	90.000000	89.976851	0.000000	314.916090	0.000000	0.000000	0.000000	94.714081	43.420379	225.106126	158.005433	134.982558	233.055297	219.115288	181.047511	134.972064	270.000000	76.713207	90.000000	181.067002	205.474693	136.561817	87.763810	90.000000	337.994882	0.000000	0.000000	0.015671	44.792222	46.194311	201.954450	180.000000	135.801547	129.011048	201.970767	177.794440	224.202882	129.035398	
61.897202	49.643920	202.949018	223.349283	180.000000	90.000000	89.976851	0.000000	314.916090	0.000000	0.000000	0.000000	96.140113	43.420379	225.106126	158.005433	134.982558	232.991335	219.026898	181.007223	134.972064	270.000000	85.553681	90.000000	181.061076	205.361049	136.561817	94.804825	90.000000	337.994882	0.000000	0.000000	0.015671	44.792222	46.194311	201.954451	180.000000	135.801547	129.011048	201.970767	177.774737	224.202882	129.035398	
61.897202	49.643920	203.026405	223.349283	180.000000	90.000000	89.976851	0.000000	314.916090	0.000000	0.000000	0.000000	90.598793	43.420379	225.106126	158.005433	134.982558	232.930918	218.935558	180.995494	134.972064	270.000000	76.915456	90.000000	181.099380	205.181102	136.561817	89.503151	90.000000	337.994882	0.000000	0.000000	0.015671	44.792222	46.194311	201.954451	180.000000	135.801547	129.011048	201.970767	177.764622	224.202882	129.035398	
61.897202	49.643920	203.098416	223.349283	180.000000	90.000000	89.976851	0.000000	314.916090	0.000000	0.000000	0.000000	94.716663	43.420379	225.106126	158.005433	134.982558	232.874131	218.841144	180.992079	134.972064	270.000000	85.648065	90.000000	181.274091	204.975689	136.561817	95.265516	90.000000	337.994882	0.000000	0.000000	0.015671	44.792222	46.194311	201.954451	180.000000	135.801547	129.011048	201.970767	177.761183	224.202882	129.035398	
61.897202	49.643920	203.164992	223.349283	180.000000	90.000000	89.976851	0.000000	314.916090	0.000000	0.000000	0.000000	95.997181	43.420379	225.106126	158.005433	134.982558	232.821052	218.743650	180.991084	134.972064	270.000000	77.133377	90.000000	181.486811	204.758316	136.561817	89.658229	90.000000	337.994882	0.000000	0.000000	0.015671	44.792222	46.194311	201.954451	180.000000	135.801547	129.011048	201.970767	177.763409	224.202882	129.035398	
61.897202	49.643920	203.226077	223.349283	180.000000	90.000000	89.976851	0.000000	314.916090	0.000000	0.000000	0.000000	96.349335	43.420379	225.106126	158.005433	134.982558	232.771754	218.643103	180.990795	134.972064	270.000000	85.755280	90.000000	181.705432	204.533475	136.561817	95.218883	90.000000	337.994882	0.000000	0.000000	0.015671	44.792222	46.194311	201.954451	180.000000	135.801547	129.011048	201.970767	177.770932	224.202882	129.035398	
61.897202	49.643920	203.281621	223.349283	180.000000	90.000000	89.976851	0.000000	314.916090	0.000000	0.000000	0.000000	96.400187	43.420379	225.106126	158.005433	134.982558	232.726310	218.539541	180.990710	134.972064	270.000000	88.261708	90.000000	181.919431	204.302690	136.561817	89.672108	90.000000	329.986253	0.000000	0.000000	0.015671	44.792222	46.194311	201.954451	180.000000	135.801547	129.011048	201.970767	177.697465	224.202882	129.035398	
61.897202	49.643920	203.331576	223.349283	180.000000	90.000000	89.976851	0.000000	314.916090	0.000000	0.000000	0.000000	96.355969	43.420379	225.106126	158.005433	134.982558	232.684788	218.433005	180.990686	134.972064	270.000000	78.094253	90.000000	182.125333	204.066509	136.561817	95.138797	90.000000	327.666725	0.000000	0.000000	0.015671	44.792222	46.194311	201.954451	180.000000	135.801547	129.011048	201.970767	177.505585	224.202882	129.035398	
61.897202	49.643920	203.375901	223.349283	180.000000	90.000000	89.976851	0.000000	314.916090	0.000000	0.000000	0.000000	92.086763	43.420379	225.106126	158.005433	134.982558	232.647258	218.323535	180.990679	134.972064	270.000000	86.061645	90.000000	182.321972	203.825155	136.561817	89.699019	90.000000	326.993179	0.000000	0.000000	0.015671	44.792222	46.194311	201.954451	180.000000	135.801547	129.011048	201.970767	177.280575	224.202882	129.035398	
61.897202	49.643920	203.414557	223.349283	180.000000	90.000000	89.976851	0.000000	314.916090	0.000000	0.000000	0.000000	90.662744	43.420379	225.106126	158.005433	134.982558	232.613785	218.211174	180.990676	134.972064	270.000000	88.381003	90.000000	182.508951	203.578746	136.561817	95.076096	90.000000	326.797538	0.000000	0.000000	0.015671	44.792222	46.194311	201.954451	180.000000	135.801547	129.011048	201.970767	177.051457	224.202882	129.035398	
61.897202	49.643920	203.447510	223.349283	180.000000	90.000000	89.976851	0.000000	314.916090	0.000000	0.000000	0.000000	90.158120	43.420379	225.106126	158.005433	134.982558	232.584434	218.095962	180.990676	134.972064	270.000000	89.041361	90.000000	182.686128	193.181988	136.561817	96.774753	90.000000	326.740706	0.000000	0.000000	0.015671	44.792222	46.194311	201.954451	180.000000	135.801547	129.011048	201.970767	176.828155	224.202882	129.035398	
61.897202	49.643920	203.474729	223.349283	180.000000	90.000000	89.976851	0.000000	314.916090	0.000000	0.000000	0.000000	89.953251	43.420379	225.106126	158.005433	134.982558	232.559270	217.977940	180.990676	134.972064	270.000000	89.214858	90.000000	182.853459	199.909035	136.561817	90.287384	90.000000	326.724195	0.000000	0.000000	0.015671	44.792222	46.194311	201.954451	180.000000	135.801547	129.011048	201.970767	176.614090	224.202882	129.035398	
61.897202	49.643920	203.496189	223.349283	180.000000	90.000000	89.976851	0.000000	314.916090	0.000000	0.000000	0.000000	89.848463	43.420379	225.106126	158.005433	134.982558	232.538352	217.857148	180.990676	134.972064	270.000000	89.247357	90.000000	183.010936	201.902050	136.561817	95.138842	90.000000	326.719398	0.000000	0.000000	0.015671	44.792222	46.194311	201.954451	180.000000	135.513116	129.011048	201.970767	176.410455	224.202882	129.035398	
61.897202	49.643920	203.511868	223.349283	180.000000	90.000000	89.976851	0.000000	314.916090	0.000000	0.000000	0.000000	89.779413	43.420379	225.106126	158.005433	134.982558	232.521743	217.733628	180.990676	134.972064	270.000000	89.240913	90.000000	183.158573	192.467798	136.561817	96.676557	90.000000	326.718004	0.000000	0.000000	0.015671	44.792222	46.194311	201.954451	180.000000	135.437177	129.011048	201.970767	176.217674	224.202882	129.035398	
61.897202	49.643920	203.521747	223.349283	180.000000	90.000000	89.976851	0.000000	314.916090	0.000000	0.000000	0.000000	89.725368	43.420379	225.106126	158.005433	134.982558	232.509500	217.607418	180.990676	134.972064	270.000000	89.225629	90.000000	183.296398	199.258196	136.561817	97.120988	90.000000	326.717599	0.000000	0.000000	0.015671	44.792222	46.194311	201.954451	180.000000	135.417182	129.011048	201.970767	176.035896	224.202882	129.035398	
61.897202	49.643920	203.525811	223.349283	180.000000	90.000000	89.976851	0.000000	314.916090	0.000000	0.000000	0.000000	89.679639	43.420379	225.106126	158.005433	134.982558	232.501681	217.478558	180.990676	134.972064	270.000000	89.210385	90.000000	183.424450	191.484310	136.561817	97.206924	90.000000	326.717482	0.000000	0.000000	0.015671	44.792222	46.194311	201.954451	180.000000	135.411917	129.011048	201.970767	175.865167	224.202882	129.035398	
61.897202	49.643920	203.524050	223.349283	180.000000	90.000000	89.976851	0.000000	314.916090	0.000000	0.000000	0.000000	89.640057	43.420379	225.106126	158.005433	134.982558	232.498341	217.347088	180.990676	134.972064	270.000000	89.197799	90.000000	183.542776	198.681251	136.561817	97.177912	90.000000	326.717447	0.000000	0.000000	0.015671	44.792222	46.194311	201.954451	180.000000	135.410531	129.011048	201.970767	175.705487	224.202882	129.035398	
61.897202	49.643920	203.516456	223.349283	180.000000	90.000000	89.976851	0.000000	314.916090	0.000000	0.000000	0.000000	89.605907	43.420379	225.106126	158.005433	134.982558	232.499534	217.213046	180.990676	134.972064	270.000000	89.188643	90.000000	183.651434	191.211569	136.561817	97.114720	90.000000	326.717437	0.000000	0.000000	0.015671	44.792222	46.194311	201.954451	180.000000	135.410166	129.011048	201.970767	175.556830	224.202882	129.035398	
61.897202	49.643920	203.503024	223.349283	180.000000	90.000000	89.976851	0.000000	314.916090	0.000000	0.000000	0.000000	89.576938	43.420379	225.106126	158.005433	134.982558	232.505310	217.076471	180.990676	134.972064	270.000000	89.183145	90.000000	183.750491	198.315808	136.561817	97.044157	90.000000	326.717435	0.000000	0.000000	0.015671	44.792222	46.194311	201.954451	180.000000	135.410070	129.011048	201.970767	175.419156	224.202882	129.035398	
61.897202	49.643920	203.483756	223.349283	180.000000	90.000000	89.976851	0.000000	314.916090	0.000000	0.000000	0.000000	89.553047	43.420379	225.106126	158.005433	134.982558	232.515721	216.937399	180.990676	134.972064	270.000000	89.181371	90.000000	183.840018	191.000255	136.561817	92.203916	90.000000	326.717434	0.000000	0.000000	0.015671	44.792222	46.194311	201.954451	180.000000	135.410044	129.011048	201.970767	175.292409	224.202882	129.035398	
61.897202	49.643920	203.458652	223.349283	180.000000	90.000000	89.976851	0.000000	314.916090	0.000000	0.000000	0.000000	89.534179	43.420379	225.106126	158.005433	134.982558	232.530813	216.795870	180.990676	134.972064	270.000000	89.183342	90.000000	183.920095	188.457524	136.561817	90.600515	90.000000	326.717434	0.000000	0.000000	0.015671	44.792222	46.194311	201.954451	180.000000	135.410038	129.011048	201.970767	175.176523	224.202882	129.035398	
61.897202	49.643920	203.427718	223.349283	180.000000	90.000000	89.976851	0.000000	314.916090	0.000000	0.000000	0.000000	89.520289	43.420379	225.106126	158.005433	134.982558	232.550633	216.651920	180.990676	134.972064	270.000000	89.189059	90.000000	183.990808	197.052807	136.561817	90.047183	90.000000	326.717433	0.000000	0.000000	0.015671	44.792222	46.194311	201.954451	180.000000	135.410036	129.011048	201.970767	175.071421	224.202882	129.035398	
61.897202	49.643920	203.390964	223.349283	180.000000	90.000000	89.976851	0.000000	314.916090	0.000000	0.000000	0.000000	89.511337	43.420379	225.106126	158.005433	134.982558	232.575223	216.505586	180.990676	134.972064	270.000000	89.137789	90.000000	184.052248	190.470749	136.561817	89.837105	90.000000	326.717433	0.000000	0.000000	0.015671	44.792222	46.194311	201.954451	180.000000	135.410036	129.011048	201.970767	174.977014	224.202882	129.035398	
61.897202	49.643920	203.348402	223.349283	180.000000	90.000000	89.976851	0.000000	314.916090	0.000000	0.000000	0.000000	89.507283	43.420379	225.106126	158.005433	134.982558	232.604626	216.356903	180.990676	134.972064	270.000000	88.972733	90.000000	184.104512	188.178397	136.561817	89.741440	90.000000	326.717433	0.000000	0.000000	0.015671	44.792222	46.194311	201.954451	180.000000	135.410035	131.089780	201.970767	174.893209	224.202882	129.035398	
61.897202	49.643920	203.300044	223.349283	180.000000	90.000000	89.976851	0.000000	314.916090	0.000000	0.000000	0.000000	89.508085	43.420379	225.106126	158.005433	134.982558	232.638878	216.205909	180.990676	134.972064	270.000000	84.753164	90.000000	184.147698	187.380483	136.561817	89.686109	90.000000	326.717433	0.000000	0.000000	0.015671	44.792222	46.194311	201.954451	180.000000	135.410035	131.693172	201.970767	174.819901	224.202882	129.035398	
61.897202	49.643920	203.245909	223.349283	180.000000	90.000000	89.976851	0.000000	314.916090	0.000000	0.000000	0.000000	89.513699	43.420379	225.106126	158.005433	134.982558	232.678016	216.052638	180.990676	134.972064	270.000000	83.380430	90.000000	184.181912	187.101258	136.561817	89.647135	90.000000	326.717433	0.000000	0.000000	0.015671	44.792222	46.194311	201.954451	180.000000	135.410035	131.868360	201.970767	174.756982	224.202882	129.035398	
61.897202	49.643920	203.186016	223.349283	180.000000	90.000000	89.976851	0.000000	314.916090	0.000000	0.000000	0.000000	89.524080	43.420379	225.106126	158.005433	134.982558	232.722072	215.897125	180.990676	134.972064	270.000000	82.837170	90.000000	184.207260	186.999297	136.561817	89.616747	90.000000	326.717433	0.000000	0.000000	0.015671	44.792222	46.194311	201.954451	180.000000	135.410035	131.919229	201.970767	174.704335	224.202882	129.035398	
61.897202	49.643920	203.120386	223.349283	180.000000	90.000000	89.976851	0.000000	314.916090	0.000000	0.000000	0.000000	89.539182	43.420379	225.106126	158.005433	134.982558	232.771076	215.739406	180.990676	134.972064	270.000000	82.539575	90.000000	184.223852	186.955191	136.561817	89.592417	90.000000	326.717433	0.000000	0.000000	0.015671	44.792222	46.194311	201.954451	180.000000	135.410035	131.934001	201.970767	174.661839	224.202882	129.035398	
61.897202	49.643920	203.049046	223.349283	180.000000	90.000000	89.976851	0.000000	314.916090	0.000000	0.000000	0.000000	89.558956	43.420379	225.106126	158.005433	134.982558	232.825054	215.579513	180.990676	134.972064	270.000000	82.318060	90.000000	184.231800	186.927217	136.561817	89.573308	90.000000	326.717433	0.000000	0.000000	0.011332	44.792222	46.194311	201.954451	180.000000	135.410035	131.938291	201.970767	174.629368	224.202882	129.035398	
61.897202	49.643920	202.972020	223.349283	180.000000	90.000000	89.976851	0.000000	314.916090	0.000000	0.000000	0.000000	89.583354	43.420379	225.106126	158.005433	134.982558	232.884030	215.417482	180.990676	134.972064	270.000000	82.123300	90.000000	184.231217	186.900816	136.561817	89.559126	90.000000	326.717433	0.000000	0.000000	0.009959	44.792222	46.194311	201.954451	180.000000	135.410035	131.939537	201.970767	174.606793	224.202882	129.035398	
61.897202	49.643920	202.889337	223.349283	180.000000	90.000000	89.976851	0.000000	314.916090	0.000000	0.000000	0.000000	89.612325	43.420379	225.106126	158.005433	134.982558	232.948021	215.253345	180.990676	134.972064	270.000000	81.940951	90.000000	184.222220	186.870919	136.561817	89.549754	90.000000	326.717433	0.000000	0.000000	0.009525	44.792222	46.194311	201.954451	180.000000	135.410035	131.939898	201.970767	174.593982	224.202882	129.035398	
61.897202	49.643920	202.801029	223.349283	180.000000	90.000000	89.976851	0.000000	314.916090	0.000000	0.000000	0.000000	89.645819	43.420379	225.106126	158.005433	134.982558	233.017043	215.087136	180.990676	134.972064	270.000000	81.766853	90.000000	184.204924	186.835773	136.561817	89.545128	90.000000	326.717433	0.000000	0.000000	0.009388	44.792222	46.194311	201.954451	180.000000	135.410035	131.940004	201.970767	174.590799	224.202882	129.035398	
61.897202	49.643920	202.707126	223.349283	180.000000	90.000000	89.976851	0.000000	314.916090	0.000000	0.000000	0.000000	89.683782	43.420379	225.106126	158.005433	134.982558	233.091106	214.918886	180.990676	134.972064	270.000000	81.599808	90.000000	184.179447	186.794780	136.561817	89.545201	90.000000	326.717433	0.000000	0.000000	0.009344	44.792222	46.194311	201.954451	180.000000	135.410035	131.940034	201.970767	174.597107	224.202882	129.035398	
61.897202	49.643920	202.607664	223.349283	180.000000	90.000000	89.976851	0.000000	314.916090	0.000000	0.000000	0.000000	89.682949	43.420379	225.106126	158.005433	134.982558	233.170218	206.975031	180.990676	134.972064	270.000000	81.439481	90.000000	184.145905	173.365401	136.561817	89.549932	90.000000	326.717433	0.000000	0.000000	0.009330	44.792222	46.194311	201.954451	180.000000	135.410035	131.940043	201.970767	174.612768	224.202882	129.035398	
61.897202	49.643920	202.502678	223.349283	180.000000	90.000000	89.976851	0.000000	314.916090	0.000000	0.000000	0.000000	89.548116	43.420379	225.106126	158.005433	134.982558	233.254379	212.407583	180.990676	134.972064	270.000000	81.285780	90.000000	184.104417	178.763736	136.561817	89.559279	90.000000	326.717433	0.000000	0.000000	0.009326	44.792222	46.194311	201.954451	180.000000	135.410035	131.940046	201.970767	174.637642	224.202882	129.035398	
61.897202	49.643920	202.392204	223.349283	180.000000	90.000000	89.976851	0.000000	314.916090	0.000000	0.000000	0.000000	89.377026	43.420379	225.106126	158.005433	134.982558	233.343586	213.863224	180.990676	134.972064	270.000000	81.138686	90.000000	184.055099	170.884624	136.561817	89.573199	90.000000	326.717433	0.000000	0.000000	0.009325	44.792222	46.194311	201.954451	180.000000	135.410035	131.940046	201.970767	174.671588	224.202882	129.035398	
61.897202	49.643920	202.276280	223.349283	180.000000	90.000000	89.976851	0.000000	314.916090	0.000000	0.000000	0.000000	89.201060	43.420379	225.106126	158.005433	134.982558	233.437833	206.538182	180.990676	134.972064	270.000000	80.998190	90.000000	175.643281	178.364584	136.561817	89.591649	90.000000	326.717433	0.000000	0.000000	0.009324	44.792222	46.194311	201.954451	180.000000	135.410035	131.940047	201.970767	174.714466	224.202882	129.035398	
61.897202	49.643920	200.415691	223.349283	180.000000	90.000000	89.976851	0.000000	314.916090	0.000000	0.000000	0.000000	89.030307	43.420379	225.106126	158.005433	134.982558	233.537104	211.998477	180.990676	134.972064	270.000000	80.864289	90.000000	181.335932	171.130713	136.561817	89.470695	90.000000	326.717433	0.000000	0.000000	0.009324	44.792222	46.194311	201.954451	180.000000	135.410035	131.940047	201.970767	174.766137	224.202882	129.035398	
61.897202	49.643920	199.755766	223.349283	180.000000	90.000000	89.976851	0.000000	314.916090	0.000000	0.000000	0.000000	88.868016	43.420379	225.106126	158.005433	134.982558	233.641383	205.927509	180.990676	134.972064	270.000000	80.736971	90.000000	183.154113	178.669290	136.561817	89.281783	90.000000	326.717433	0.000000	0.000000	0.009324	44.792222	46.194311	201.954451	180.000000	135.410035	131.940047	201.970767	174.826459	224.202882	129.035398	
61.897202	49.643920	199.498250	223.349283	180.000000	90.000000	89.976851	0.000000	314.916090	0.000000	0.000000	0.000000	88.715221	43.420379	225.106126	158.005433	134.982558	233.750645	211.656019	180.990676	134.972064	270.000000	80.616224	90.000000	175.478934	171.620849	136.561817	89.077430	90.000000	326.717433	0.000000	0.000000	0.009324	44.792222	46.194311	201.954451	180.000000	135.410035	131.940047	201.970767	183.331606	224.202882	129.035398	
61.897202	49.643920	199.373183	223.349283	180.000000	90.000000	89.976851	0.000000	314.916090	0.000000	0.000000	0.000000	88.572239	43.420379	225.106126	158.005433	134.982558	233.864863	205.762378	180.990676	134.972064	270.000000	80.502028	90.000000	181.259544	169.240910	136.561817	88.874698	90.000000	326.717433	0.000000	0.000000	0.009324	44.792222	46.194311	201.954451	180.000000	135.410035	131.940047	201.970767	177.699126	224.202882	129.035398	
61.897202	49.643920	199.289495	223.349283	180.000000	90.000000	89.976851	0.000000	314.916090	0.000000	0.000000	0.000000	88.439149	43.420379	225.106126	158.005433	134.982558	233.984001	211.435900	180.990676	134.972064	270.000000	80.394360	90.000000	174.962639	178.348732	136.561817	88.679157	90.000000	326.717433	0.000000	0.000000	0.009324	44.792222	46.194311	201.954451	180.000000	135.410035	131.940047	201.970767	175.835516	224.202882	129.035398	
61.897202	48.029503	199.216566	223.349283	180.000000	90.000000	89.976851	0.000000	314.916090	0.000000	0.000000	0.000000	88.315945	43.420379	225.106126	158.005433	134.982558	240.277808	205.632889	180.990676	134.972064	270.000000	80.293193	90.000000	181.095443	172.094391	136.561817	88.492634	90.000000	326.717433	0.000000	0.000000	0.009324	44.792222	46.194311	201.954451	180.000000	135.410035	131.940047	201.970767	183.549173	224.202882	129.035398	
61.897202	47.560845	199.144152	223.349283	180.000000	90.000000	89.976851	0.000000	314.916090	0.000000	0.000000	0.000000	88.202585	43.420379	225.106126	158.005433	134.982558	242.401132	205.632889	180.990676	134.972064	270.000000	80.198495	90.000000	175.003659	169.971793	136.561817	88.315735	90.000000	326.717433	0.000000	0.000000	0.009324	44.792222	46.194311	201.954451	180.000000	135.410035	131.940047	201.970767	177.813771	224.202882	129.035398	
61.897202	47.424771	199.068861	223.349283	180.000000	90.000000	89.976851	0.000000	314.916090	0.000000	0.000000	0.000000	88.099016	43.420379	225.106126	158.005433	134.982558	243.140238	205.632889	180.990676	134.972064	270.000000	80.110230	90.000000	181.089686	169.385483	136.561817	88.148657	90.000000	326.717433	0.000000	0.000000	0.009324	44.792222	46.194311	201.954451	180.000000	135.410035	131.940047	201.970767	184.122033	224.202882	129.035398	
61.897202	47.385260	198.989597	223.349283	180.000000	90.000000	89.976851	0.000000	314.916090	0.000000	0.000000	0.000000	88.005169	43.420379	225.106126	158.005433	134.982558	243.422696	205.632889	180.990676	134.972064	270.000000	80.028359	90.000000	175.084200	169.369728	136.561817	87.991459	90.000000	326.717433	0.000000	0.000000	0.009324	44.792222	46.194311	201.954451	180.000000	135.410035	131.940047	201.970767	178.015683	224.202882	129.035398	
61.897202	47.373786	198.906037	223.349283	180.000000	90.000000	89.976851	0.000000	314.916090	0.000000	0.000000	0.000000	87.920970	43.420379	225.106126	158.005433	134.982558	243.557084	205.632889	180.990676	134.972064	270.000000	79.952839	90.000000	181.073075	169.563882	136.561817	87.844142	90.000000	326.717433	0.000000	0.000000	0.009324	44.792222	46.194311	201.954451	180.000000	135.410035	131.940047	201.970767	184.099339	224.202882	129.035398	
61.897202	47.370454	198.818111	223.349283	180.000000	90.000000	89.976851	0.000000	314.916090	0.000000	0.000000	0.000000	87.846338	43.420379	225.106126	158.005433	134.982558	243.645671	205.632889	180.990676	134.972064	270.000000	79.883626	90.000000	175.148314	169.832726	136.561817	87.706685	90.000000	326.717433	0.000000	0.000000	0.009324	44.792222	46.194311	201.954451	180.000000	135.410035	131.940047	201.970767	178.041038	224.202882	129.035398	
61.897202	47.369486	198.725839	223.349283	180.000000	90.000000	89.976851	0.000000	314.916090	0.000000	0.000000	0.000000	87.781183	43.420379	225.106126	158.005433	134.982558	243.722196	205.632889	180.990676	134.972064	270.000000	79.820670	90.000000	181.027854	170.125250	136.561817	87.579053	90.000000	326.717433	0.000000	0.000000	0.009324	44.792222	46.194311	201.954451	180.000000	135.410035	131.940047	201.970767	184.029938	224.202882	129.035398	
61.897202	47.369205	198.629269	223.349283	180.000000	90.000000	89.976851	0.000000	314.916090	0.000000	0.000000	0.000000	87.725413	43.420379	225.106126	158.005433	134.982558	243.797719	205.632889	180.990676	134.972064	270.000000	79.763922	90.000000	175.190068	170.422004	136.561817	87.461197	90.000000	326.717433	0.000000	0.000000	0.009324	44.792222	46.194311	201.954451	180.000000	135.410035	131.940047	201.970767	178.076261	224.202882	129.035398	
61.897202	47.369123	198.528461	223.349283	180.000000	90.000000	89.976851	0.000000	314.916090	0.000000	0.000000	0.000000	87.678930	43.420379	225.106126	158.005433	134.982558	243.875825	205.632889	180.990676	134.972064	270.000000	79.713328	90.000000	173.326484	170.715412	136.561817	87.353062	90.000000	326.717433	0.000000	0.000000	0.009324	44.792222	46.194311	201.954451	180.000000	135.410035	131.940047	201.970767	183.978027	224.202882	129.035398	
61.897202	47.369099	198.423476	223.349283	180.000000	90.000000	89.976851	0.000000	314.916090	0.000000	0.000000	0.000000	87.641630	43.420379	225.069290	158.005433	134.982558	243.957641	205.632889	180.990676	134.972064	270.000000	79.668832	90.000000	180.364065	171.002387	136.561817	87.254581	90.000000	326.717433	0.000000	0.000000	0.009324	44.792222	46.194311	201.954451	180.000000	135.410035	131.940047	201.970767	178.142541	224.202882	131.076473	
61.897202	47.369092	198.314379	223.349283	180.000000	90.000000	89.976851	0.000000	314.916090	0.000000	0.000000	0.000000	87.613409	43.420379	225.058596	158.005433	134.982558	244.043487	205.632889	180.990676	134.972064	270.000000	79.630378	90.000000	175.083064	171.281551	136.561817	87.165682	90.000000	326.717433	0.000000	0.000000	0.009324	44.792222	46.194311	201.954451	180.000000	135.410035	131.940047	201.970767	183.950958	224.202882	131.695140	
61.897202	47.369090	198.201237	223.349283	180.000000	90.000000	89.976851	0.000000	314.916090	0.000000	0.000000	0.000000	87.594156	43.420379	225.055491	158.005433	134.982558	244.133417	205.632889	180.990676	134.972064	270.000000	79.597907	90.000000	173.391859	171.552189	136.561817	87.086286	90.000000	326.717433	0.000000	0.000000	0.009324	44.792222	46.194311	201.954451	180.000000	135.410035	131.940047	201.970767	185.885031	224.202882	131.882707	
61.897202	47.369090	198.084114	223.349283	180.000000	90.000000	89.976851	0.000000	314.916090	0.000000	0.000000	0.000000	87.583760	43.420379	225.054590	158.005433	134.982558	244.227393	205.632889	180.990676	134.972064	270.000000	79.571358	90.000000	172.890580	171.813850	136.561817	87.016308	90.000000	326.717433	0.000000	0.000000	0.009324	44.792222	46.194311	201.954451	180.000000	135.410035	131.940047	201.970767	178.884652	224.202882	131.939580	
61.897202	47.369090	197.963078	223.349283	180.000000	90.000000	89.976851	0.000000	314.916090	0.000000	0.000000	0.000000	87.582106	43.420379	225.054328	158.005433	134.982558	244.325347	205.632889	180.990676	134.972064	270.000000	79.550671	90.000000	172.781673	172.066199	136.561817	86.955655	90.000000	326.717433	0.000000	0.000000	0.009324	44.792222	46.194311	201.954451	180.000000	135.410035	131.940047	201.970767	184.103545	224.202882	131.956825	
61.897202	47.369090	197.838197	223.349283	180.000000	90.000000	89.976851	0.000000	314.916090	0.000000	0.000000	0.000000	87.589080	43.420379	225.054252	158.005433	134.982558	244.427197	205.632889	180.990676	134.972064	270.000000	79.535783	90.000000	172.799594	172.308956	136.561817	86.904233	90.000000	326.717433	0.000000	0.000000	0.009324	44.792222	45.780305	201.954451	180.000000	135.410035	131.940047	209.846916	185.847139	224.202882	131.962055	
61.897202	47.369090	197.709536	223.349283	180.000000	90.000000	89.976851	0.000000	314.916090	0.000000	0.000000	0.000000	87.604563	43.420379	225.054230	158.005433	134.982558	236.724522	205.632889	180.990676	134.972064	270.000000	79.526629	90.000000	172.855888	172.541882	136.561817	86.861941	90.000000	326.717433	0.000000	0.000000	0.009324	44.792222	45.660115	201.954451	180.000000	135.410035	131.940047	212.229181	186.391672	224.202882	131.963641	
61.897202	47.369090	197.577163	223.349283	180.000000	90.000000	89.976851	0.000000	314.916090	0.000000	0.000000	0.000000	87.628437	43.420379	225.054224	158.005433	134.982558	234.106571	205.632889	180.990676	134.972064	270.000000	79.523146	90.000000	172.921067	172.764763	136.561817	86.828675	90.000000	326.717433	0.000000	0.000000	0.009324	44.792222	45.625220	201.954451	180.000000	135.410035	131.940047	212.951493	186.524788	224.202882	131.964122	
61.897202	47.369090	197.441146	223.349283	180.000000	90.000000	89.976851	0.000000	314.916090	0.000000	0.000000	0.000000	87.660585	43.420379	225.054222	158.005433	134.982558	233.251595	205.632889	180.990676	134.972064	270.000000	79.525269	90.000000	172.985284	172.977410	136.561817	86.804328	90.000000	326.717433	0.000000	0.000000	0.009324	44.792222	45.615088	201.954451	180.000000	135.410035	131.940047	213.170566	186.519513	224.202882	131.964268	
61.897202	47.369090	197.301552	223.349283	180.000000	90.000000	89.976851	0.000000	314.916090	0.000000	0.000000	0.000000	87.700886	43.420379	225.054221	158.005433	134.982558	233.009868	205.632889	180.990676	134.972064	270.000000	79.532933	90.000000	178.022483	173.179658	136.561817	86.788790	90.000000	326.717433	0.000000	0.000000	0.009324	44.792222	45.612146	201.954451	180.000000	135.410035	131.940047	213.237016	186.470528	224.202882	131.964313	
61.897202	47.369090	197.158446	223.349283	180.000000	90.000000	89.976851	0.000000	314.916090	0.000000	0.000000	0.000000	87.749221	43.420379	225.054221	158.005433	134.982558	232.983716	205.632889	180.990676	134.972064	270.000000	79.546071	90.000000	179.687166	173.371364	136.561817	86.781949	90.000000	326.717433	0.000000	0.000000	0.009324	44.792222	45.611292	201.954451	180.000000	135.410035	131.940047	213.257174	186.410691	224.202882	131.964326	
61.897202	47.369090	197.011896	223.349283	180.000000	90.000000	89.976851	0.000000	314.916090	0.000000	0.000000	0.000000	94.407183	43.420379	225.054221	158.005433	134.982558	233.036099	205.632889	180.990676	134.972064	270.000000	79.564617	90.000000	180.255225	173.552410	136.561817	86.783690	90.000000	326.717433	0.000000	0.000000	0.009324	44.792222	45.611044	201.954451	180.000000	135.410035	131.940047	213.263290	186.351415	224.202882	131.964330	
61.897202	47.369090	196.861967	223.349283	180.000000	90.000000	89.976851	0.000000	314.916090	0.000000	0.000000	0.000000	89.888670	43.420379	225.054221	158.005433	134.982558	233.119918	205.632889	180.990676	134.972064	270.000000	79.588506	90.000000	180.464163	173.722695	136.561817	86.793899	90.000000	326.717433	0.000000	0.000000	0.009324	44.792222	45.610972	201.954451	180.000000	135.410035	131.940047	213.265145	181.501556	224.202882	131.964331	
61.897202	47.369090	196.708725	223.349283	180.000000	90.000000	89.976851	0.000000	314.916090	0.000000	0.000000	0.000000	88.474239	43.420379	225.054221	158.005433	134.982558	233.218976	205.632889	180.990676	134.972064	270.000000	79.617671	90.000000	180.553365	173.882141	136.561817	86.812458	90.000000	326.717433	0.000000	0.000000	0.009324	44.792222	45.610951	201.954451	180.000000	135.410035	131.940047	213.265708	179.837487	224.202882	131.964332	
61.897202	47.369090	196.552234	223.349283	180.000000	90.000000	89.983493	0.000000	314.916090	0.000000	0.000000	0.000000	94.487246	43.420379	225.054221	158.005433	134.982558	233.327642	205.632889	180.990676	134.972064	270.000000	79.652047	90.000000	180.600515	174.030691	136.561817	86.839250	90.000000	326.717433	0.000000	0.000000	0.009324	44.792222	45.610945	201.954451	180.000000	135.410035	131.940047	213.265879	179.251682	224.202882	131.964332	
61.897202	47.369090	196.392558	223.349283	180.000000	90.000000	89.985427	0.000000	314.916090	0.000000	0.000000	0.000000	89.964985	43.420379	225.054221	158.005433	134.982558	233.443891	205.632889	180.990676	134.972064	270.000000	79.691567	90.000000	180.630817	174.168306	136.561817	86.874157	90.000000	326.717433	0.000000	0.000000	0.009324	44.792222	45.610943	201.954451	180.000000	135.410035	131.940047	213.265931	179.033438	224.202882	131.964332	
61.897202	47.369090	196.229760	223.349283	180.000000	90.000000	89.985990	0.000000	314.916090	0.000000	0.000000	0.000000	94.856501	43.420379	225.054221	158.005433	134.982558	233.566922	205.632889	180.990676	134.972064	270.000000	79.736167	90.000000	180.652457	174.294964	136.561817	86.917062	90.000000	326.717433	0.000000	0.000000	0.009324	44.792222	45.610942	201.954451	180.000000	135.410035	131.940047	213.265947	178.942756	224.202882	131.964332	
61.897202	47.369090	196.063902	223.349283	180.000000	90.000000	89.986153	0.000000	314.916090	0.000000	0.000000	0.000000	90.107502	43.420379	225.054221	158.005433	134.982558	233.696356	205.632889	180.990676	134.972064	270.000000	79.785780	90.000000	180.668105	174.410663	136.561817	94.688945	90.000000	326.717433	0.000000	0.000000	0.009324	44.792222	45.610942	201.954451	180.000000	135.410035	131.940047	213.265951	178.898616	224.202882	131.964332	
61.897202	47.369090	195.895045	223.349283	180.000000	90.000000	89.986201	0.000000	314.916090	0.000000	0.000000	0.000000	94.798891	43.420379	225.054221	158.005433	134.982558	233.831961	205.632889	180.990676	134.972064	270.000000	79.840343	90.000000	180.678647	174.515414	136.561817	89.413514	90.000000	326.717433	0.000000	0.000000	0.009324	44.792222	45.610942	201.954451	180.000000	135.410035	131.940047	213.265953	178.873672	224.202882	131.964332	
61.897202	47.369090	195.723250	223.349283	180.000000	90.000000	89.986215	0.000000	314.916090	0.000000	0.000000	0.000000	90.136337	43.420379	225.054221	158.005433	134.982558	233.973556	205.632889	180.990676	134.972064	270.000000	79.899791	90.000000	180.684393	174.609246	136.561817	87.735494	90.000000	326.717433	0.000000	0.000000	0.009324	44.792222	45.610942	201.954451	180.000000	135.410035	131.940047	213.265953	178.858684	224.202882	131.964332	
61.897202	47.369090	195.548575	223.349283	180.000000	90.000000	89.986219	0.000000	314.916090	0.000000	0.000000	0.000000	94.717516	43.420379	225.054221	158.005433	134.982558	234.120988	205.632889	180.990676	134.972064	270.000000	79.964060	90.000000	180.685468	174.692202	136.561817	94.811604	90.000000	326.717433	0.000000	0.000000	0.009324	44.792222	45.610942	201.954451	180.000000	135.410035	131.940047	213.265953	178.850517	224.202882	131.964332	
61.897202	47.369090	195.371079	223.349283	180.000000	90.000000	89.986220	0.000000	314.916090	0.000000	0.000000	0.000000	96.138215	43.420379	225.054221	158.005433	134.982558	234.274116	205.632889	180.990676	134.972064	270.000000	80.033088	90.000000	180.681939	174.764336	136.561817	89.474141	90.000000	326.717433	0.000000	0.000000	0.009324	44.792222	45.610942	201.954451	180.000000	135.410035	131.940047	213.265954	178.848087	224.202882	131.964332	
61.897202	47.369090	195.190817	223.349283	180.000000	90.000000	89.986221	0.000000	314.916090	0.000000	0.000000	0.000000	90.627871	43.420379	225.054221	158.005433	134.982558	234.432808	205.632889	180.990676	134.972064	270.000000	80.106813	90.000000	180.673851	174.825715	136.561817	95.267756	90.000000	326.717433	0.000000	0.000000	0.009324	44.792222	45.610942	201.954451	180.000000	135.410035	131.940047	213.265954	178.851000	224.202882	131.964332	
61.897202	47.369090	195.007846	223.349283	180.000000	90.000000	89.986221	0.000000	314.916090	0.000000	0.000000	0.000000	94.725086	43.420379	225.054221	158.005433	134.982558	234.596942	205.632889	180.707138	134.972064	270.000000	91.189512	90.000000	180.661249	174.876420	136.561817	89.620062	90.000000	326.717433	0.000000	0.000000	0.009324	44.792222	45.610942	201.954451	180.000000	135.410035	131.940047	213.265954	178.859094	224.202882	131.964332	
61.897202	47.369090	194.822219	223.349283	180.000000	90.000000	89.986221	0.000000	314.916090	0.000000	0.000000	0.000000	96.000118	43.420379	225.054221	158.005433	134.988608	234.766403	205.632889	180.624605	134.972064	270.000000	83.284732	90.000000	180.644175	174.916537	136.561817	95.214070	90.000000	326.717433	0.000000	0.000000	0.009324	44.792222	45.610942	201.954451	180.000000	135.410035	131.940047	213.265954	178.736811	224.202882	131.964332	
61.897202	47.369090	202.200418	223.349283	180.000000	90.000000	89.986221	0.000000	314.916090	0.000000	0.000000	0.000000	96.351670	43.420379	225.054221	158.005433	134.990364	234.941084	205.632889	180.600578	134.972064	270.000000	81.080361	90.000000	180.622671	174.946164	136.561817	89.624097	90.000000	326.717433	0.000000	0.000000	0.009324	44.792222	45.610942	201.954451	180.000000	135.410035	131.940047	213.265954	178.530212	224.202882	131.964332	
61.897202	47.369090	204.471321	223.349283	180.000000	90.000000	89.986221	0.000000	314.916090	0.000000	0.000000	0.000000	96.403505	43.420379	225.054221	158.005433	134.990874	235.120885	205.632889	180.593583	134.972064	270.000000	91.398286	90.000000	180.596780	174.965408	136.561817	95.126699	90.000000	326.717433	0.000000	0.000000	0.009324	44.792222	45.610942	201.954451	180.000000	135.410035	131.940047	213.265954	178.302126	224.202882	131.964332	
61.897202	47.369090	205.069394	223.349283	180.000000	90.000000	89.986221	0.000000	314.916090	0.000000	0.000000	0.000000	92.185262	43.420379	225.054221	158.005433	134.991022	235.305712	205.632889	180.591546	134.972064	270.000000	83.399100	90.000000	180.566546	174.974381	136.561817	89.641252	90.000000	326.717433	0.000000	0.000000	0.009324	44.792222	45.610942	201.954451	180.000000	135.410035	131.940047	213.265954	178.073933	224.202882	131.964332	
61.897202	47.369090	205.117599	223.349283	180.000000	90.000000	89.986221	0.000000	314.916090	0.000000	0.000000	0.000000	90.774652	43.420379	225.054221	158.005433	134.991065	235.495478	205.632889	180.590953	134.972064	270.000000	81.184903	90.000000	180.532015	174.973202	136.561817	95.056719	90.000000	326.717433	0.000000	0.000000	0.009324	44.792222	45.610942	201.954451	180.000000	135.410035	131.940047	213.265954	177.852945	224.202882	131.964332	
61.897202	47.369090	204.983054	223.349283	180.000000	90.000000	89.986221	0.000000	314.916090	0.000000	0.000000	0.000000	90.271507	43.420379	225.054221	158.005433	134.991078	235.690104	205.632889	180.590780	134.972064	270.000000	91.374551	90.000000	180.493232	174.961995	136.561817	89.687636	90.000000	326.717433	0.000000	0.000000	0.009324	44.792222	45.610942	201.954451	180.000000	135.410035	131.940047	213.265954	177.641688	224.202882	131.964332	
61.897202	47.369090	204.785517	223.349283	180.000000	90.000000	89.986221	0.000000	314.916090	0.000000	0.000000	0.000000	90.064339	43.420379	225.054221	158.005433	134.991082	235.889514	205.632889	180.590730	134.982123	270.000000	83.481477	90.000000	180.450244	174.940890	136.561817	95.009494	90.000000	326.717433	0.000000	0.000000	0.009324	44.792222	45.610942	201.954451	180.000000	135.410035	131.940047	213.265954	177.441046	224.202882	131.964332	
61.897202	47.369090	204.564003	223.349283	180.000000	90.000000	89.986221	0.000000	314.916090	0.000000	0.000000	0.000000	89.956063	43.420379	225.054221	158.005433	134.991083	236.093640	205.632889	180.590715	134.984771	270.000000	91.978363	90.000000	180.403098	174.910019	136.561817	96.695583	90.000000	326.717433	0.000000	0.000000	0.009324	44.792222	45.610942	201.954451	180.000000	135.410035	131.940047	213.265954	177.251332	224.202882	131.964332	
61.897202	47.369090	204.331224	223.349283	180.000000	90.000000	89.986221	0.000000	314.916090	0.000000	0.000000	0.000000	89.883161	43.420379	225.054221	158.005433	134.991083	236.302419	205.632889	180.590711	134.985469	270.000000	83.684233	90.000000	180.351840	174.869518	136.561817	90.300760	90.000000	326.717433	0.000000	0.000000	0.009324	44.864362	45.610942	201.954451	180.000000	135.410035	131.940047	213.265954	177.072655	224.202882	131.964332	
55.805067	47.369090	204.091347	223.349283	180.000000	90.000000	89.986221	0.000000	314.916090	0.000000	0.000000	0.000000	89.825159	43.420379	225.054221	158.005433	134.991083	236.515791	205.632889	180.590710	134.985652	270.000000	91.983700	90.000000	180.296521	174.819525	136.561817	95.094345	90.000000	326.717433	0.000000	0.000000	0.009324	44.885306	45.610942	201.954451	180.000000	135.410035	131.940047	213.265954	176.905044	224.202882	131.964332	
54.203461	47.369090	203.845761	223.349283	180.000000	106.247674	89.986221	0.000000	314.916090	0.000000	0.000000	0.000000	89.775453	43.420379	225.054221	158.005433	134.991083	236.733705	205.632889	180.590709	134.985701	270.000000	83.732610	90.000000	180.237187	174.760181	136.561817	96.618253	90.000000	326.717433	0.000000	0.000000	0.009324	44.891386	45.610942	201.954451	180.000000	135.410035	131.940047	213.265954	176.748489	224.202882	131.964332	
53.781725	47.369090	203.594954	223.349283	180.000000	110.480320	89.986221	0.000000	314.916090	0.000000	0.000000	0.000000	89.731902	43.420379	225.054221	158.005433	134.991083	236.956112	205.632889	180.590709	134.985713	270.000000	91.952782	90.000000	180.173888	174.691627	136.561817	97.063004	90.000000	326.717433	0.000000	0.000000	0.009324	44.893152	45.610942	201.954451	180.000000	135.410035	131.940047	213.265954	176.602960	224.202882	131.964332	
53.670654	47.369090	193.789670	223.349283	180.000000	111.595326	89.986221	0.000000	314.916090	0.000000	0.000000	0.000000	89.693799	43.420379	225.054221	158.005433	134.991083	237.182967	205.632889	180.590709	134.985717	270.000000	83.786394	90.000000	180.106672	174.614004	136.561817	97.153834	90.000000	326.717433	0.000000	0.000000	0.009324	44.893665	45.610942	201.954451	180.000000	135.410035	131.940047	213.265954	176.468412	224.202882	131.964332	
53.641400	47.369090	200.130026	223.349283	180.000000	111.889293	89.986221	0.000000	314.916090	0.000000	0.000000	0.000000	89.660899	43.420379	225.054221	158.005433	134.991083	237.414231	205.632889	180.590709	134.985718	270.000000	91.932092	90.000000	180.035589	174.527455	136.561817	97.131225	90.000000	326.717433	0.000000	0.000000	0.009324	44.893813	45.610942	201.954451	180.000000	135.410035	131.940047	213.265954	176.344786	224.202882	131.964332	
53.633694	47.369090	201.975098	223.349283	180.000000	111.966805	89.986221	0.000000	314.916090	0.000000	0.000000	0.000000	89.633101	43.420379	225.054221	158.005433	134.991083	237.649867	205.632889	180.590709	134.985718	270.000000	83.858454	90.000000	179.960688	174.432122	136.561817	97.074954	90.000000	326.717433	0.000000	0.000000	0.009324	44.893857	45.610942	201.954451	180.000000	135.410035	131.940047	213.265954	176.232012	224.202882	131.964332	
53.631665	47.369090	193.088098	223.349283	180.000000	111.987246	89.986221	0.000000	314.916090	0.000000	0.000000	0.000000	89.610352	43.420379	225.054221	158.005433	134.991083	237.889845	205.632889	180.590709	134.985718	270.000000	91.925401	90.000000	179.882019	174.328145	136.561817	92.215105	90.000000	326.717433	0.000000	0.000000	0.009324	44.893869	45.610942	201.954451	180.000000	135.410035	131.940047	213.265954	176.130009	224.202882	131.964332	
53.631130	47.369090	199.464433	223.349283	180.000000	111.992636	89.986221	0.000000	314.916090	0.000000	0.000000	0.000000	89.592609	43.420379	225.054221	158.005433	134.991083	238.134134	205.632889	180.590709	134.985718	270.000000	83.949524	90.000000	179.799631	174.215665	136.561817	90.606567	90.000000	326.717433	0.000000	0.000000	0.009324	44.893873	45.610942	210.274414	180.000000	135.410035	131.940047	213.265954	176.038689	224.202882	131.964332	
53.630989	47.369090	192.146180	223.349283	180.000000	111.994058	89.986221	0.000000	314.916090	0.000000	0.000000	0.000000	89.579833	43.420379	225.054221	158.005433	134.991083	238.382711	205.632889	180.590709	134.985718	270.000000	91.932942	90.000000	179.713574	174.094820	136.561817	90.052571	90.000000	326.717433	0.000000	0.000000	0.009324	44.893874	45.610942	212.458925	180.000000	135.410035	131.940047	213.265954	175.957954	224.202882	131.964332	
53.630952	47.369090	198.887041	223.349283	180.000000	111.994433	89.986221	0.000000	314.916090	0.000000	0.000000	0.000000	89.571986	43.420379	225.054221	158.005433	134.991083	238.635554	205.632889	180.590709	134.985718	270.000000	84.059337	90.000000	179.623896	173.965747	136.561817	89.843208	90.000000	326.717433	0.000000	0.000000	0.009324	44.893874	45.610942	213.034191	180.000000	135.410035	131.940047	213.265954	175.887699	224.202882	131.964332	
53.630942	47.369090	191.865411	223.349283	180.000000	111.994532	89.986221	0.000000	314.916090	0.000000	0.000000	0.000000	89.569026	43.420379	225.054221	158.005433	134.991083	238.892643	205.632889	180.590709	134.985718	270.000000	91.954643	90.000000	179.530649	173.828581	136.561817	89.748676	90.000000	326.717433	0.000000	0.000000	0.009324	44.893874	45.610942	213.185720	180.000000	135.410035	131.940047	213.265954	175.827812	224.202882	131.964332	
53.630940	47.369090	198.503622	223.349283	180.000000	111.994558	89.986221	0.000000	314.916090	0.000000	0.000000	0.000000	89.570913	43.420379	225.054221	158.005433	134.991083	239.153964	205.632889	180.590709	134.985718	270.000000	84.187550	90.000000	179.433879	173.683454	136.561817	89.694601	90.000000	326.717433	0.000000	0.000000	0.006737	44.893874	45.610942	213.225637	180.000000	135.410035	131.940047	213.265954	175.778177	224.202882	131.964332	
53.630939	47.369090	191.639493	223.349283	180.000000	111.994565	89.986221	0.000000	314.916090	0.000000	0.000000	0.000000	89.577600	43.420379	225.054221	158.005433	134.991083	239.419504	205.632889	180.590709	134.985718	270.000000	91.990405	90.000000	179.333638	173.530497	136.561817	89.656915	90.000000	326.717433	0.000000	0.000000	0.005919	44.893874	45.610942	213.236153	180.000000	135.410035	131.940047	213.265954	175.738671	224.202882	131.964332	
53.630939	47.369090	189.258587	223.349283	180.000000	111.994566	89.986221	0.000000	314.916090	0.000000	0.000000	0.000000	89.589044	43.420379	225.054221	158.005433	134.991083	239.689252	205.632889	180.590709	134.985718	270.000000	94.223547	90.000000	179.229973	173.369837	136.561817	89.627820	90.000000	326.717433	0.000000	0.000000	0.005660	44.893874	45.610942	213.238924	180.000000	135.410035	131.940047	213.265954	175.709168	224.202882	131.964332	
53.630939	47.369090	188.435111	223.349283	180.000000	111.994567	89.986221	0.000000	314.916090	0.000000	0.000000	0.000000	89.605197	43.420379	225.054221	158.005433	134.991083	239.963201	205.632889	180.590709	134.985718	270.000000	84.965358	90.000000	179.122933	173.201599	136.561817	89.604779	90.000000	326.717433	0.000000	0.000000	0.005578	44.893874	45.610942	213.239654	180.000000	135.410035	131.940047	213.265954	175.689537	224.202882	131.964332	
53.630939	47.369090	188.150808	223.349283	180.000000	111.994567	89.986221	0.000000	314.916090	0.000000	0.000000	0.000000	89.626011	43.420379	225.054221	158.005433	134.991083	240.241346	205.632889	180.590709	134.985718	270.000000	92.177889	90.000000	179.012567	173.025904	136.561817	89.586951	90.000000	326.717433	0.000000	0.000000	0.005552	44.893874	45.610942	213.239846	180.000000	135.410035	131.940047	213.265954	175.679646	224.202882	131.964332	
53.630939	47.369090	188.050356	223.349283	180.000000	111.994567	89.986221	0.000000	314.916090	0.000000	0.000000	0.000000	89.651437	43.420379	225.054221	158.005433	134.991083	240.523684	205.632889	180.590709	134.985718	270.000000	94.246213	90.000000	178.898922	172.842872	136.561817	89.574042	90.000000	326.717433	0.000000	0.000000	0.005544	44.893874	45.610942	213.239897	180.000000	135.410035	131.940047	213.265954	175.679360	224.202882	131.964332	
53.630939	47.369090	188.009825	223.349283	180.000000	111.994567	89.986221	0.000000	314.916090	0.000000	0.000000	0.000000	89.681424	43.420379	225.054221	158.005433	134.991083	240.810215	205.632889	180.590709	134.985718	270.000000	94.811136	90.000000	178.782046	172.652618	136.561817	89.565933	90.000000	326.717433	0.000000	0.000000	0.005541	44.893874	45.610942	213.239910	180.000000	135.410035	131.940047	213.265954	175.688540	224.202882	131.964332	
53.630939	47.369090	187.986029	223.349283	180.000000	111.994567	89.986221	0.000000	314.916090	0.000000	0.000000	0.000000	89.715920	43.420379	225.054221	158.005433	134.991083	241.100940	205.632889	180.590709	134.985718	270.000000	94.937488	90.000000	178.661986	172.455255	136.561817	89.562559	90.000000	326.717433	0.000000	0.000000	0.005540	44.893874	45.610942	213.239914	180.000000	135.410035	131.940047	213.265954	175.707048	224.202882	131.964332	
53.630939	47.369090	187.963940	223.349283	180.000000	111.994567	89.986221	0.000000	314.916090	0.000000	0.000000	0.000000	89.754874	43.420379	225.054221	158.005433	134.991083	241.395864	205.632889	180.590709	134.985718	270.000000	94.937775	90.000000	178.538790	172.250893	136.561817	89.563875	90.000000	326.717433	0.000000	0.000000	0.005540	44.893874	45.610942	213.239915	180.000000	135.410035	131.940047	213.265954	175.734745	224.202882	131.964332	
53.630939	47.369090	187.938340	223.349283	180.000000	111.994567	89.986221	0.000000	314.916090	0.000000	0.000000	0.000000	89.714042	43.420379	225.054221	158.005433	134.991083	248.955366	205.632889	180.590709	134.985718	270.000000	94.903737	90.000000	178.412504	172.039637	136.561817	89.569838	90.000000	326.717433	0.000000	0.000000	0.005540	44.893874	45.610942	213.239915	180.000000	135.410035	131.940047	213.265954	175.771491	224.202882	131.964332	
53.630939	47.369090	187.907428	223.349283	180.000000	111.994567	89.986221	0.000000	314.916090	0.000000	0.000000	0.000000	89.567974	43.420379	225.054221	158.005433	134.991083	244.106231	205.632889	180.590709	134.985718	270.000000	94.862313	90.000000	178.283173	171.821589	136.561817	89.580406	90.000000	326.717433	0.000000	0.000000	0.005540	44.893874	45.610942	213.239915	180.000000	135.410035	131.940047	213.265954	175.817146	224.202882	131.964332	
53.630939	47.369090	187.870593	223.349283	180.000000	111.994567	89.986221	0.000000	314.916090	0.000000	0.000000	0.000000	89.394878	43.420379	225.054221	158.005433	134.991083	250.075963	205.632889	180.590709	134.985718	270.000000	94.821417	90.000000	178.150845	171.596851	136.561817	89.595535	90.000000	326.717433	0.000000	0.000000	0.005540	44.893874	45.610942	213.239915	180.000000	135.410035	131.940047	213.265954	175.871569	224.202882	131.964332	
53.630939	47.369090	189.481945	223.349283	180.000000	111.994567	89.986221	0.000000	314.916090	0.000000	0.000000	0.000000	89.219873	43.420379	225.054221	158.005433	134.991083	252.181546	205.632889	180.590709	134.985718	270.000000	94.783381	90.000000	178.015564	171.365518	136.561817	89.597238	90.000000	322.651352	0.000000	0.000000	0.005540	44.893874	45.610942	213.239915	180.000000	135.410035	131.940047	213.265954	184.136951	224.202882	131.964332	
53.630939	47.369090	190.021967	223.349283	180.000000	111.994567	89.986221	0.000000	314.916090	0.000000	0.000000	0.000000	89.051038	43.420379	225.054221	158.005433	134.991083	252.960525	205.632889	180.590709	134.985718	270.000000	94.748896	90.000000	177.877374	171.127682	136.561817	89.443262	90.000000	321.471642	0.000000	0.000000	0.005540	44.893874	45.610942	213.239915	180.000000	135.410035	131.940047	213.265954	178.657438	224.202882	131.964332	
53.630939	47.369090	190.195489	223.349283	180.000000	111.994567	89.986221	0.000000	314.916090	0.000000	0.000000	0.000000	88.890970	43.420379	225.054221	158.005433	134.991083	253.286259	205.632889	180.590709	134.985718	270.000000	94.718171	90.000000	177.736321	170.883434	136.561817	89.245417	90.000000	321.129121	0.000000	0.000000	0.005540	44.893874	45.610942	213.239915	180.000000	135.410035	131.940047	213.265954	176.840518	224.202882	131.964332	
53.630939	47.369090	190.241579	223.349283	180.000000	111.994567	89.986221	0.000000	314.916090	0.000000	0.000000	0.000000	88.740496	43.420379	225.054221	158.005433	134.991083	253.459823	205.632889	180.590709	134.985718	270.000000	94.691272	90.000000	177.592448	159.480434	136.561817	89.039949	90.000000	321.029659	0.000000	0.000000	0.005540	44.893874	45.610942	213.239915	180.000000	135.410035	131.940047	213.265954	184.335155	224.202882	131.964332	
53.630939	47.369090	190.241230	223.349283	180.000000	111.994567	89.986221	0.000000	314.916090	0.000000	0.000000	0.000000	88.599862	43.420379	225.054221	158.005433	134.991083	238.772212	205.632889	180.590709	134.985718	270.000000	94.668223	90.000000	177.445798	166.524782	136.561817	88.838651	90.000000	321.000775	0.000000	0.000000	0.005540	44.893874	45.610942	213.239915	180.000000	135.410035	131.940047	213.265954	178.757142	224.202882	131.964332	
53.630939	47.369090	190.221860	223.349283	180.000000	111.994567	89.986221	0.000000	314.916090	0.000000	0.000000	0.000000	88.469122	43.420379	225.054221	158.005433	134.991083	234.288610	205.632889	180.590709	134.985718	270.000000	94.649035	90.000000	177.296415	168.866479	136.561817	88.645376	90.000000	320.992386	0.000000	0.000000	0.005540	44.893874	45.610942	213.239915	180.000000	135.410035	131.940047	213.265954	184.883738	224.202882	131.964332	
53.630939	47.369090	190.192756	223.349283	180.000000	111.994567	89.986221	0.000000	314.916090	0.000000	0.000000	0.000000	88.348260	43.420379	225.054221	158.005433	134.991083	232.982139	205.632889	180.590709	134.985718	270.000000	89.402311	90.000000	177.144341	158.619370	136.561817	88.461395	90.000000	320.989950	0.000000	0.000000	0.005540	44.893874	45.610942	213.239915	180.000000	135.410035	131.940047	213.265954	178.946328	224.202882	131.964332	
53.630939	47.369090	190.157081	223.349283	180.000000	111.994567	89.986221	0.000000	314.916090	0.000000	0.000000	0.000000	88.237233	43.420379	225.054221	158.005433	134.991083	232.673419	205.632889	180.590709	134.985718	270.000000	87.904376	90.000000	176.989618	165.838895	136.561817	88.287129	90.000000	320.989242	0.000000	0.000000	0.005540	44.893874	45.610942	213.239915	180.000000	135.410035	131.940047	213.265954	184.853976	224.202882	131.964332	
53.630939	47.369090	190.115934	223.349283	180.000000	111.994567	89.986221	0.000000	314.916090	0.000000	0.000000	0.000000	88.135981	43.420379	225.054221	158.005433	134.991083	232.678829	205.632889	180.590709	134.985718	270.000000	87.472140	90.000000	176.832287	168.212063	136.561817	88.122713	90.000000	320.989036	0.000000	0.000000	0.005540	44.893874	45.610942	213.239915	180.000000	135.410035	131.940047	213.265954	178.964782	224.202882	131.964332	
53.630939	47.369090	190.069720	223.349283	180.000000	111.994567	89.986221	0.000000	314.916090	0.000000	0.000000	0.000000	88.044436	43.420379	225.054221	158.005433	134.991083	232.784237	205.632889	180.590709	134.985718	270.000000	87.344645	90.000000	176.672388	158.237683	136.561817	87.968182	90.000000	320.988977	0.000000	0.000000	0.005540	44.893874	45.610942	213.239915	180.000000	135.410035	131.940047	213.265954	184.779633	224.202882	131.964332	
53.630939	47.369090	190.018609	223.349283	180.000000	111.994567	89.986221	0.000000	314.916090	0.000000	0.000000	0.000000	87.962521	43.420379	225.054221	158.005433	134.991083	232.922693	205.632889	180.590709	134.985718	270.000000	87.175602	90.000000	176.509964	165.281512	136.561817	87.823530	90.000000	320.988959	0.000000	0.000000	0.005540	44.893874	45.610942	213.239915	180.000000	135.410035	131.940047	213.265954	178.994027	224.202882	131.964332	
53.630939	47.369090	189.962697	223.349283	180.000000	111.994567	89.986221	0.000000	314.916090	0.000000	0.000000	0.000000	87.890153	43.420379	225.054221	158.005433	134.991083	233.073279	205.632889	180.590709	134.985718	270.000000	86.972198	90.000000	176.345053	157.083224	136.561817	87.688730	90.000000	320.988954	0.000000	0.000000	0.005540	44.893874	45.610942	213.239915	180.000000	135.410035	131.940047	213.265954	184.723185	224.202882	131.964332	
53.630939	47.369090	191.527280	223.349283	180.000000	111.994567	89.986221	0.000000	314.916090	0.000000	0.000000	0.000000	87.827242	43.420379	225.054221	158.005433	134.991083	233.229447	205.632889	180.590709	134.985718	270.000000	86.763341	90.000000	176.177695	164.613850	136.561817	87.563742	90.000000	320.988953	0.000000	0.000000	0.005540	44.893874	45.610942	213.239915	180.000000	135.410035	131.940047	213.265954	179.054700	224.202882	131.964332	
53.630939	47.369090	192.168483	223.349283	180.000000	111.994567	89.986221	0.000000	314.916090	0.000000	0.000000	0.000000	87.773694	43.420379	225.054221	158.005433	134.991083	233.389127	205.632889	180.590709	134.985718	270.000000	86.557385	90.000000	168.307719	156.753150	136.561817	87.448518	90.000000	320.988952	0.000000	0.000000	0.005540	44.893874	45.610942	213.239915	180.000000	135.410035	131.940047	213.265954	184.691791	224.202882	131.964332	
53.630939	47.369090	192.484448	223.349283	180.000000	111.994567	89.986221	0.000000	314.916090	0.000000	0.000000	0.000000	87.729409	43.420379	225.054221	158.005433	134.991083	233.551639	205.632889	180.590709	134.985718	270.000000	86.356781	90.000000	173.579693	164.216945	136.561817	87.342996	90.000000	320.988952	0.000000	0.000000	0.005540	44.893874	45.610942	213.239915	180.000000	135.410035	131.940047	213.265954	186.565593	224.202882	131.964332	
53.630939	47.369090	192.681129	223.349283	180.000000	111.994567	89.986221	0.000000	314.916090	0.000000	0.000000	0.000000	87.694284	43.420379	225.054221	158.005433	134.991083	233.716736	205.632889	180.590709	134.985718	270.000000	86.162274	90.000000	175.070243	156.510535	136.561817	87.247111	90.000000	320.988952	0.000000	0.000000	0.005540	44.893874	45.610942	213.239915	180.000000	135.410035	131.940047	213.265954	179.771504	224.202882	131.964332	
53.630939	47.369090	192.829520	223.349283	180.000000	111.994567	89.986221	0.000000	314.916090	0.000000	0.000000	0.000000	87.668213	43.420379	225.054221	158.005433	134.991083	233.884307	205.632889	180.590709	134.985718	270.000000	85.974113	90.000000	167.835226	163.831666	136.561817	87.160787	90.000000	320.988952	0.000000	0.000000	0.005540	44.893874	45.610942	213.239915	180.000000	135.410035	131.940047	213.265954	184.833293	224.202882	131.964332	
53.630939	47.369090	192.954132	223.349283	180.000000	111.994567	89.986221	0.000000	314.916090	0.000000	0.000000	0.000000	87.651084	43.420379	225.054221	158.005433	134.991083	234.054282	205.632889	180.590709	134.985718	270.000000	85.792399	90.000000	173.166918	156.259503	136.561817	87.083944	90.000000	320.988952	0.000000	0.000000	0.005540	44.893874	45.610942	213.239915	180.000000	135.410035	131.940047	213.265954	186.521722	224.202882	131.964332	
53.630939	47.369090	193.063467	223.349283	180.000000	111.994567	89.986221	0.000000	314.916090	0.000000	0.000000	0.000000	87.642786	43.420379	225.054221	158.005433	134.991083	234.226607	205.632889	180.590709	134.985718	270.000000	85.617186	90.000000	167.185189	174.329475	136.561817	87.016494	90.000000	320.988952	0.000000	0.000000	0.005540	44.893874	45.610942	213.239915	180.000000	135.410035	131.940047	213.265954	187.046975	224.202882	131.964332	
53.630939	47.369090	193.160517	223.349283	180.000000	111.994567	89.986221	0.000000	314.916090	0.000000	0.000000	0.000000	87.643205	43.420379	225.054221	158.005433	134.991083	234.401231	205.632889	180.590709	134.985718	270.000000	85.448506	90.000000	172.813695	172.015087	136.561817	86.958345	90.000000	320.988952	0.000000	0.000000	0.005540	44.893874	45.610942	213.239915	180.000000	135.410035	131.940047	213.265954	187.173488	224.202882	131.964332	
53.630939	47.369090	193.246378	223.349283	180.000000	111.994567	89.986221	0.000000	314.916090	0.000000	0.000000	0.000000	87.652223	43.420379	225.054221	158.005433	134.991083	234.578107	205.632889	180.590709	134.985718	270.000000	85.286385	90.000000	167.008876	171.195675	136.561817	86.909400	90.000000	320.988952	0.000000	0.000000	0.005540	44.893874	45.610942	213.239915	180.000000	135.410035	131.940047	213.265954	187.166099	224.202882	131.964332	
53.630939	47.369090	193.321501	223.349283	180.000000	111.994567	89.986221	0.000000	314.916090	0.000000	0.000000	0.000000	87.669725	43.420379	225.054221	158.005433	134.991083	234.757187	205.632889	180.590709	134.985718	270.000000	85.130839	90.000000	172.597034	170.887630	136.561817	86.869558	90.000000	320.988952	0.000000	0.000000	0.005540	44.893874	45.610942	213.239915	180.000000	135.410035	131.940047	213.265954	187.116602	224.202882	131.964332	
53.630939	47.369090	193.386118	223.349283	180.000000	111.994567	89.986221	0.000000	314.916090	0.000000	0.000000	0.000000	87.695590	43.420379	225.054221	158.005433	134.991083	234.938428	205.632889	180.590709	134.985718	270.000000	84.981878	90.000000	166.873968	170.751980	136.561817	86.838714	90.000000	320.988952	0.000000	0.000000	0.005540	44.893874	45.610942	213.239915	180.000000	135.410035	133.003241	213.265954	187.056834	224.202882	131.964332	
53.630939	47.369090	193.440390	223.349283	180.000000	111.994567	89.986221	0.000000	314.916090	0.000000	0.000000	0.000000	87.729700	44.011584	225.054221	158.005433	134.991083	235.121786	205.632889	180.590709	134.985718	270.000000	84.839507	90.000000	176.617910	170.672158	136.561817	86.816759	90.000000	320.988952	0.000000	0.000000	0.005540	44.893874	45.610942	213.239915	180.000000	135.410035	133.311896	213.265954	182.067746	224.202882	131.964332	
53.630939	47.369090	193.484458	223.349283	180.000000	111.994567	89.986221	0.000000	314.916090	0.000000	0.000000	0.000000	87.771937	44.150055	225.054221	158.005433	134.991083	235.307217	205.632889	180.590709	134.985718	270.000000	84.703725	90.000000	172.421442	170.608196	136.561817	86.803583	90.000000	320.988952	0.000000	0.000000	0.005540	44.893874	45.610942	213.239915	180.000000	135.410035	133.401512	213.265954	180.354864	224.202882	131.964332	
53.630939	47.369090	193.518457	223.349283	180.000000	111.994567	89.986221	0.000000	314.916090	0.000000	0.000000	0.000000	94.458757	44.182489	225.054221	158.005433	134.991083	235.494680	205.632889	180.590709	134.985718	270.000000	84.574524	90.000000	171.146510	170.546439	136.561817	86.799074	90.000000	320.988952	0.000000	0.000000	0.005540	44.893874	45.610942	213.239915	180.000000	135.410035	133.427534	213.265954	179.750224	224.202882	131.964332	
53.630939	47.369090	193.542524	223.349283	180.000000	111.994567	89.986221	0.000000	314.916090	0.000000	0.000000	0.000000	89.910558	44.190087	225.054221	158.005433	134.991083	235.684135	205.632889	180.590709	134.985718	270.000000	84.451891	90.000000	170.758869	170.482258	136.561817	86.803116	90.000000	320.988952	0.000000	0.000000	0.005540	44.893874	45.610942	213.239915	180.000000	135.410035	133.435090	213.265954	179.523154	224.202882	131.964332	
53.630939	47.369090	193.556799	223.349283	180.000000	111.994567	89.986221	0.000000	314.916090	0.000000	0.000000	0.000000	88.482410	44.191867	225.054221	158.005433	134.991083	235.875544	205.632889	180.590709	134.985718	270.000000	84.335812	90.000000	170.640988	170.414104	136.561817	86.815594	90.000000	320.988952	0.000000	0.000000	0.005540	44.893874	45.610942	213.239915	180.000000	135.410035	133.437284	213.265954	179.427003	224.202882	131.964332	
53.630939	47.369090	193.561424	223.349283	180.000000	111.994567	89.986221	0.000000	314.916090	0.000000	0.000000	0.000000	94.527640	44.192284	225.054221	158.005433	134.991083	236.068867	205.632889	180.590709	134.985718	270.000000	84.226263	90.000000	170.605135	170.341483	136.561817	86.836392	90.000000	320.988952	0.000000	0.000000	0.005540	44.893874	45.610942	213.239915	180.000000	135.410035	133.437922	213.265954	179.378532	224.202882	131.964332	
53.630939	47.369090	193.556542	223.349283	180.000000	111.994567	89.986221	0.000000	314.916090	0.000000	0.000000	0.000000	89.971154	44.192381	225.054221	158.005433	134.991083	236.264067	205.632889	180.590709	134.985718	270.000000	84.123219	90.000000	170.594230	170.264261	136.561817	86.865391	90.000000	320.988952	0.000000	0.000000	0.005540	44.893874	45.610942	213.239915	180.000000	135.410035	133.438107	213.265954	179.349654	224.202882	131.964332	
53.630939	47.369090	193.542298	223.349283	180.000000	111.994567	89.986221	0.000000	314.916090	0.000000	0.000000	0.000000	94.891716	44.192404	225.054221	158.005433	134.991083	236.461110	205.632889	180.590709	134.985718	270.000000	84.026650	90.000000	170.590913	170.182425	136.561817	86.902474	90.000000	320.988952	0.000000	0.000000	0.005540	44.893874	45.610942	213.239915	180.000000	135.410035	133.438161	213.265954	179.330884	224.202882	131.964332	
53.630939	47.369090	193.518840	223.349283	180.000000	111.994567	89.986221	0.000000	314.916090	0.000000	0.000000	0.000000	90.103984	44.192409	225.054221	158.005433	134.991083	245.663547	205.632889	180.590709	134.985718	270.000000	83.936523	90.000000	170.589903	170.096006	136.561817	86.947523	90.000000	320.988952	0.000000	0.000000	0.005540	44.893874	45.610942	213.239915	180.000000	135.410035	133.438176	213.265954	179.319002	224.202882	131.964332	
53.630939	47.369090	193.486314	223.349283	180.000000	111.994567	89.986221	0.000000	314.916090	0.000000	0.000000	0.000000	94.826644	44.192411	225.054221	158.005433	134.991083	239.499313	205.632889	180.590709	134.985718	270.000000	83.852799	90.000000	170.589596	170.005051	136.561817	94.700962	90.000000	320.988952	0.000000	0.000000	0.005540	44.893874	45.610942	213.239915	180.000000	135.410035	133.438181	213.265954	179.312899	224.202882	131.964332	
53.630939	47.369090	193.444866	223.349283	180.000000	111.994567	89.990174	0.000000	314.916090	0.000000	0.000000	0.000000	90.122554	44.192411	225.054221	158.005433	134.991083	237.787605	205.632889	180.590709	134.985718	270.000000	83.775440	90.000000	170.589503	169.909610	136.561817	89.441528	90.000000	320.988952	0.000000	0.000000	0.005540	44.893874	45.610942	213.239915	180.000000	135.410035	133.438182	213.265954	179.312173	224.202882	131.964332	
53.630939	47.369090	193.394645	223.349283	180.000000	111.994567	89.991325	0.000000	314.916090	0.000000	0.000000	0.000000	94.737615	44.192411	225.054221	158.005433	134.991083	246.199077	205.632889	180.590709	134.985718	270.000000	83.704400	90.000000	170.589474	169.809740	136.561817	87.770206	90.000000	320.988952	0.000000	0.000000	0.005540	44.893874	45.610942	213.239915	180.000000	135.410035	133.438182	213.265954	179.316659	224.202882	131.964332	
53.630939	47.369090	193.335794	223.349283	180.000000	111.994567	89.991660	0.000000	314.916090	0.000000	0.000000	0.000000	90.157741	44.192411	225.054221	158.005433	134.991083	240.014730	205.632889	180.590709	134.985718	270.000000	83.639634	90.000000	170.589466	169.705496	136.561817	94.827239	90.000000	320.988952	0.000000	0.000000	0.005540	44.893874	45.610942	213.239915	180.000000	135.410035	133.438183	213.265954	179.301883	224.202882	131.964332	
53.630939	47.369090	193.268461	223.349283	180.000000	111.994567	89.991758	0.000000	314.916090	0.000000	0.000000	0.000000	94.667493	44.192411	225.054221	158.005433	134.991083	246.960562	205.632889	180.590709	134.985718	270.000000	83.581093	90.000000	170.589463	169.596937	136.561817	89.507651	90.000000	320.988952	0.000000	0.000000	0.005540	44.893874	45.610942	213.239915	180.000000	135.410035	133.438183	213.265954	179.127259	224.202882	131.964332	
53.630939	47.369090	193.192786	223.349283	180.000000	111.994567	89.991786	0.000000	314.916090	0.000000	0.000000	0.000000	96.070592	44.192411	225.054221	158.005433	134.991083	240.462727	205.632889	180.590709	134.985718	270.000000	83.528725	90.000000	170.589462	169.484121	136.561817	95.284597	90.000000	320.988952	0.000000	0.000000	0.005540	44.893874	45.610942	213.239915	180.000000	135.410035	133.438183	213.265954	178.905556	224.202882	131.964332	
53.630939	47.369090	193.108914	223.349283	180.000000	111.994567	89.991795	0.000000	314.916090	0.000000	0.000000	0.000000	96.457613	44.192411	225.054221	158.005433	134.991083	247.160883	205.632889	180.590709	134.985718	270.000000	83.482478	90.000000	170.589462	169.367108	136.561817	89.656845	90.000000	320.988952	0.000000	0.000000	0.005540	44.893874	45.610942	213.239915	180.000000	135.410035	133.438183	213.265954	178.675039	224.202882	131.964332	
53.630939	47.369090	193.016983	223.349283	180.000000	111.994567	89.991797	0.000000	314.916090	0.000000	0.000000	0.000000	96.514652	44.192411	225.054221	158.005433	134.991083	240.748481	205.632889	180.590709	134.985718	270.000000	83.442295	90.000000	170.589462	169.245959	136.561817	95.233489	90.000000	320.988952	0.000000	0.000000	0.005540	44.893874	45.610942	213.239915	180.000000	135.410035	133.438183	213.265954	178.448748	224.202882	131.964332	
53.630939	47.369090	192.917131	223.349283	180.000000	111.994567	89.991798	0.000000	314.916090	0.000000	0.000000	0.000000	96.467206	44.192411	225.054221	158.005433	134.991083	247.309697	205.632889	180.590709	134.985718	270.000000	83.408121	90.000000	170.589462	169.120734	136.561817	89.664549	90.000000	320.988952	0.000000	0.000000	0.005540	44.893874	45.610942	213.239915	180.000000	135.410035	133.438183	213.265954	178.231160	224.202882	131.964332	
53.630939	46.545084	192.809493	223.349283	180.000000	111.994567	89.991798	0.000000	314.916090	0.000000	0.000000	0.000000	96.389443	44.192411	225.054221	158.005433	134.991083	241.024520	205.632889	180.590709	134.985718	270.000000	83.379896	90.000000	170.589462	168.991494	136.561817	95.148832	90.000000	320.988952	0.000000	0.000000	0.005540	44.893874	45.610942	213.239915	180.000000	135.410035	133.438183	213.265954	178.023828	224.202882	131.964332	
53.630939	46.305859	192.694204	223.349283	180.000000	111.994567	89.991798	0.000000	314.916090	0.000000	0.000000	0.000000	92.122931	44.192411	225.054221	158.005433	134.991083	247.455114	205.632889	180.421638	134.985718	270.000000	83.357562	90.000000	170.589462	168.858302	136.561817	89.685358	90.000000	320.988952	0.000000	0.000000	0.005540	44.893874	45.610942	213.239915	180.000000	135.410035	133.438183	213.265954	177.827300	224.202882	131.964332	
53.630939	46.236401	192.571393	223.349283	180.000000	111.994567	89.991798	0.000000	314.916090	0.000000	0.000000	0.000000	90.698470	44.192411	225.054221	158.005433	134.991083	249.492715	205.632889	180.372424	134.985718	270.000000	83.341056	90.000000	170.589462	168.721219	136.561817	95.081572	90.000000	320.988952	0.000000	0.000000	0.005540	44.893874	45.610942	213.239915	180.000000	135.410035	133.438183	213.265954	177.641773	224.202882	133.000320	
53.630939	46.216232	192.441189	223.349283	180.000000	111.994567	89.991798	0.000000	314.916090	0.000000	0.000000	0.000000	90.192481	44.192411	225.054221	158.005433	134.991083	250.139438	205.632889	180.358097	134.985718	270.000000	83.330317	90.000000	170.589462	168.580308	136.561817	89.735338	90.000000	320.988952	0.000000	0.000000	0.005540	44.893874	45.610942	213.239915	180.000000	135.410035	133.438183	217.263630	177.467309	224.202882	133.314358	
53.630939	46.210375	192.303715	223.349283	180.000000	111.994567	89.991798	0.000000	314.916090	0.000000	0.000000	0.000000	89.985986	44.192411	225.054221	158.005433	134.991083	250.344769	205.632889	180.353926	134.985718	270.000000	83.325283	90.000000	170.589462	168.435630	136.561817	95.037057	90.000000	320.988952	0.000000	0.000000	0.005540	44.893874	45.610942	213.239915	180.000000	135.410035	133.438183	218.474750	177.303917	224.202882	133.409563	
53.630939	46.208674	182.947946	223.349283	180.000000	111.994567	89.991798	0.000000	314.916090	0.000000	0.000000	0.000000	89.879504	44.192411	225.054221	158.005433	134.991083	250.409972	205.632889	180.352711	134.985718	270.000000	83.325889	90.000000	170.589462	168.287248	136.561817	96.717465	90.000000	320.988952	0.000000	0.000000	0.005540	44.893874	45.610942	213.239915	180.000000	135.410035	133.438183	218.841917	177.151580	224.202882	133.438429	
53.630939	46.208180	189.066483	223.349283	180.000000	111.994567	89.991798	0.000000	314.916090	0.000000	0.000000	0.000000	89.808746	44.192411	225.054221	158.005433	134.991083	250.430680	205.632889	180.352357	134.985718	270.000000	83.332073	90.000000	170.589462	168.135223	136.561817	97.203685	90.000000	320.988952	0.000000	0.000000	0.005540	44.893874	45.610942	213.239915	180.000000	135.410035	133.438183	218.953244	177.010259	224.202882	133.447181	
53.630939	46.208037	191.010237	223.349283	180.000000	111.994567	89.991798	0.000000	314.916090	0.000000	0.000000	0.000000	89.752996	44.192411	225.054221	158.005433	134.991083	250.437259	205.632889	180.352254	134.985718	270.000000	83.343769	90.000000	170.589462	167.979616	136.561817	97.298155	90.000000	320.988952	0.000000	0.000000	0.005540	44.893874	45.610942	213.239915	180.000000	135.410035	133.438183	218.987002	176.879905	224.202882	133.449835	
53.630939	46.207995	182.554432	223.349283	180.000000	111.994567	89.991798	0.000000	314.916090	0.000000	0.000000	0.000000	89.705567	44.192411	225.054221	158.005433	134.991083	250.439349	205.632889	180.352224	134.985718	270.000000	83.360914	90.000000	170.589462	167.820488	136.561817	97.266674	90.000000	320.988952	0.000000	0.000000	0.005540	44.893874	45.610942	213.239915	180.000000	135.410035	133.438183	218.997239	176.760453	224.202882	133.450640	
53.630939	46.207983	188.748315	223.349283	180.000000	111.994567	89.991798	0.000000	314.916090	0.000000	0.000000	0.000000	89.664295	44.192411	225.035407	158.005433	134.991083	250.440013	205.632889	180.352216	134.985718	270.000000	83.383441	90.000000	170.589462	167.657901	136.561817	97.197347	90.000000	320.988952	0.000000	0.000000	0.005540	44.893874	45.610942	213.239915	180.000000	135.410035	133.438183	219.000344	176.651829	224.202882	133.450884	
53.630939	46.207980	181.832945	223.349283	180.000000	111.994567	89.991798	0.000000	314.916090	0.000000	0.000000	0.000000	89.628462	44.192411	225.029945	158.005433	134.991083	250.440224	205.632889	180.352213	134.985718	270.000000	83.411288	90.000000	170.589462	167.491914	136.561817	97.119404	90.000000	320.988952	0.000000	0.000000	0.005540	44.893874	45.610942	213.239915	180.000000	135.410035	133.438183	219.001286	176.553950	224.202882	133.450958	
53.630939	46.207979	188.405093	223.349283	180.000000	111.994567	89.991798	0.000000	314.916090	0.000000	0.000000	0.000000	89.597821	44.192411	225.028359	158.005433	134.991083	250.440291	205.632889	180.352212	134.985718	270.000000	83.444388	90.000000	170.589462	167.322585	136.561817	97.042564	90.000000	320.988952	0.000000	0.000000	0.005540	44.893874	45.610942	213.239915	180.000000	135.410035	133.438183	219.001571	176.466723	224.202882	133.450981	
53.630939	46.207978	181.759462	223.349283	180.000000	111.994567	89.991798	0.000000	314.916090	0.000000	0.000000	0.000000	89.572268	44.192411	225.027899	158.005433	134.991083	250.440312	205.632889	180.352212	134.985718	270.000000	83.482677	90.000000	170.589462	167.149974	136.561817	92.224252	90.000000	320.988952	0.000000	0.000000	0.005540	44.893874	45.610942	213.239915	180.000000	135.410035	133.438183	219.001658	176.390048	224.202882	133.450988	
53.630939	46.207978	188.255067	223.349283	180.000000	111.994567	89.991798	0.000000	314.916090	0.000000	0.000000	0.000000	89.551749	44.192411	225.027765	158.005433	134.991083	250.440319	205.632889	180.352212	134.985718	270.000000	83.526091	90.000000	170.589462	166.974138	136.561817	90.626198	90.000000	320.988952	0.000000	0.000000	0.004009	44.893874	45.610942	213.239915	180.000000	135.410035	133.438183	219.001684	176.323818	224.202882	133.450990	
53.630939	46.207978	181.738966	223.349283	180.000000	111.994567	89.991798	0.000000	314.916090	0.000000	0.000000	0.000000	89.536221	44.192411	225.027726	158.005433	134.991083	250.440321	205.632889	180.352212	134.985718	270.000000	83.574566	90.000000	170.589462	166.795134	136.561817	90.073084	90.000000	320.988952	0.000000	0.000000	0.003525	44.893874	45.610942	213.239915	180.000000	135.410035	133.438183	219.001692	176.267918	224.202882	133.450990	
53.630939	46.207978	188.099925	223.349283	180.000000	111.994567	89.991798	0.000000	314.916090	0.000000	0.000000	0.000000	89.525644	44.192411	225.027715	158.005433	134.991083	250.440322	205.632889	180.352212	134.985718	270.000000	83.628038	90.000000	170.589462	166.613018	136.561817	89.861649	90.000000	320.988952	0.000000	0.000000	0.003372	44.893874	45.398240	213.239915	180.000000	135.410035	133.438183	219.001695	176.222229	224.202882	133.450990	
53.630939	46.207978	181.702939	223.349283	180.000000	111.994567	89.991798	0.000000	314.916090	0.000000	0.000000	0.000000	89.519977	44.192411	225.027712	158.005433	134.991083	250.440322	205.632889	180.352212	134.985718	270.000000	93.944687	90.000000	170.589462	166.427844	136.561817	89.764151	90.000000	320.988952	0.000000	0.000000	0.003323	44.893874	45.336485	213.239915	180.000000	135.410035	133.438183	219.001696	176.186629	224.202882	133.450991	
53.630939	46.207978	179.549887	223.349283	180.000000	111.994567	89.991798	0.000000	314.916090	0.000000	0.000000	0.000000	89.519181	44.192411	225.027711	158.005433	134.991083	250.440322	205.632889	180.352212	134.985718	270.000000	86.564113	90.000000	170.589462	166.239665	136.561817	89.706849	90.000000	320.988952	0.000000	0.000000	0.003308	44.893874	45.318555	213.239915	180.000000	135.410035	133.438183	219.001696	176.160988	224.202882	133.450991	
53.630939	46.207978	187.183252	223.349283	180.000000	111.994567	89.991798	0.000000	314.916090	0.000000	0.000000	0.000000	89.523211	44.192411	225.027710	158.005433	134.991083	250.440322	205.632889	180.352212	134.985718	270.000000	84.488804	90.000000	170.589462	166.048535	136.561817	89.665869	90.000000	320.988952	0.000000	0.000000	0.003303	44.893874	45.313349	213.239915	180.000000	135.410035	133.438183	219.001696	176.145176	224.202882	133.450991	
53.630939	46.207978	181.445228	223.349283	180.000000	111.994567	89.991798	0.000000	314.916090	0.000000	0.000000	0.000000	89.532022	44.192411	225.027710	158.005433	134.991083	250.440322	205.632889	180.352212	134.985718	270.000000	94.098742	90.000000	170.589462	165.854503	136.561817	89.633473	90.000000	320.988952	0.000000	0.000000	0.003301	44.893874	45.311837	213.239915	180.000000	135.410035	133.438183	219.001696	176.139059	224.202882	133.450991	
53.630939	46.207978	179.508485	223.349283	180.000000	111.994567	89.991798	0.000000	314.916090	0.000000	0.000000	0.000000	89.545570	44.192411	225.027710	158.005433	134.991083	250.440322	205.632889	180.352212	134.985718	270.000000	86.625721	90.000000	170.589462	165.657621	136.561817	89.607144	90.000000	320.988952	0.000000	0.000000	0.003301	44.893874	45.311397	213.239915	180.000000	135.410035	133.438183	219.001696	176.142500	224.202882	133.450991	
53.630939	46.207978	178.884728	223.349283	180.000000	111.994567	89.991798	0.000000	314.916090	0.000000	0.000000	0.000000	89.563807	44.192411	225.027710	158.005433	134.991083	250.440322	205.632889	180.352212	134.985718	270.000000	84.539998	90.000000	170.589462	165.457937	136.561817	89.586047	90.000000	320.988952	0.000000	0.000000	0.003301	44.893874	45.311270	213.239915	180.000000	135.410035	133.438183	219.001696	176.155362	224.202882	133.450991	
53.630939	46.207978	178.712255	223.349283	180.000000	111.994567	89.991798	0.000000	314.916090	0.000000	0.000000	0.000000	89.586683	44.192411	225.027710	158.005433	134.991083	250.440322	205.632889	180.352212	134.985718	270.000000	94.038607	90.000000	170.589462	165.255498	136.561817	89.569891	90.000000	320.988952	0.000000	0.000000	0.003301	44.893874	45.311233	213.239915	180.000000	135.410035	133.438183	219.001696	176.177507	224.202882	133.450991	
53.630939	46.207978	178.692084	223.349283	180.000000	111.994567	89.991798	0.000000	314.916090	0.000000	0.000000	0.000000	89.614149	44.192411	225.027710	158.005433	134.991083	250.440322	205.632889	180.352212	134.985718	270.000000	86.661903	90.000000	170.589462	165.050350	136.561817	89.558558	90.000000	320.988952	0.000000	0.000000	0.003301	44.893874	45.311222	213.239915	180.000000	135.410035	133.438183	219.001696	176.208793	224.202882	133.450991	
53.630939	46.207978	178.720457	223.349283	180.000000	111.994567	89.991798	0.000000	314.916090	0.000000	0.000000	0.000000	89.646154	44.192411	225.027710	158.005433	134.991083	250.440322	205.632889	180.352212	134.985718	270.000000	94.577927	90.000000	170.589462	164.842538	136.561817	89.551987	90.000000	320.988952	0.000000	0.000000	0.003301	44.893874	45.311219	213.239915	180.000000	135.410035	133.438183	219.001696	176.249082	224.202882	133.450991	
53.630939	46.207978	178.761362	223.349283	180.000000	111.994567	89.991798	0.000000	314.916090	0.000000	0.000000	0.000000	89.682647	44.192411	225.027710	158.005433	134.991083	250.440322	205.632889	180.352212	134.985718	270.000000	86.824637	90.000000	170.589462	164.632104	136.561817	89.550131	90.000000	320.988952	0.000000	0.000000	0.003301	44.893874	45.311218	213.239915	180.000000	135.410035	133.438183	219.001696	176.298233	224.202882	133.450991	
53.630939	46.207978	178.802295	223.349283	180.000000	111.994567	89.991798	0.000000	314.916090	0.000000	0.000000	0.000000	89.723573	44.192411	225.027710	158.005433	134.991083	250.440322	205.632889	180.352212	134.985718	270.000000	94.559702	90.000000	170.589462	164.419091	136.561817	89.552948	90.000000	320.988952	0.000000	0.000000	0.003301	44.893874	45.311218	213.239915	180.000000	135.410035	133.438183	219.001696	184.475564	224.202882	133.450991	
53.630939	46.207978	178.838910	223.349283	180.000000	111.994567	89.991798	0.000000	314.916090	0.000000	0.000000	0.000000	89.612154	44.192411	225.027710	158.005433	134.991083	250.440322	205.632889	180.352212	134.985718	270.000000	86.844489	90.000000	170.589462	164.203538	136.561817	89.560399	90.000000	320.988952	0.000000	0.000000	0.003301	44.893874	45.311218	213.239915	180.000000	135.410035	133.438183	219.001696	179.047612	224.202882	133.450991	
53.630939	46.207978	178.869695	223.349283	180.000000	111.994567	89.991798	0.000000	314.916090	0.000000	0.000000	0.000000	89.446367	44.192411	225.027710	158.005433	134.991083	250.440322	205.632889	180.352212	134.985718	270.000000	94.508856	90.000000	170.589462	163.985485	136.561817	89.572441	90.000000	320.988952	0.000000	0.000000	0.003301	44.893874	45.311218	213.239915	180.000000	135.410035	133.438183	219.001696	177.244040	224.202882	133.450991	
53.630939	46.207978	182.436898	223.349283	180.000000	111.994567	89.991798	0.000000	314.916090	0.000000	0.000000	0.000000	89.269885	44.192411	225.027710	158.005433	134.991083	250.440322	205.632889	180.352212	134.985718	270.000000	86.871394	90.000000	170.589462	163.764969	136.561817	89.589030	90.000000	320.988952	0.000000	0.000000	0.003301	44.893874	45.311218	213.239915	180.000000	135.410035	133.438183	219.001696	184.660707	224.202882	133.450991	
53.630939	46.207978	183.659916	223.349283	180.000000	111.994567	89.991798	0.000000	314.916090	0.000000	0.000000	0.000000	89.096746	44.192411	225.027710	158.005433	134.991083	250.440322	205.632889	180.352212	134.985718	270.000000	94.468881	90.000000	170.589462	163.542025	136.561817	89.537066	90.000000	320.988952	0.000000	0.000000	0.003301	44.893874	45.311218	213.239915	180.000000	135.410035	133.438183	219.001696	179.134052	224.202882	133.450991	
53.630939	46.207978	184.087526	223.349283	180.000000	111.994567	89.991798	0.000000	314.916090	0.000000	0.000000	0.000000	88.931466	44.192411	225.027710	158.005433	134.991083	250.440322	205.632889	180.352212	134.985718	270.000000	86.917446	90.000000	170.589462	163.316688	136.561817	89.367810	90.000000	320.988952	0.000000	0.000000	0.003301	44.893874	45.311218	213.239915	180.000000	135.410035	133.438183	219.001696	185.196904	224.202882	133.450991	
53.630939	46.207978	184.242947	223.349283	180.000000	111.994567	89.991798	0.000000	314.916090	0.000000	0.000000	0.000000	88.775493	44.192411	225.027710	158.005433	134.991083	250.440322	205.632889	180.352212	134.985718	270.000000	94.443322	90.000000	170.589462	163.088991	136.561817	89.167118	90.000000	320.988952	0.000000	0.000000	0.003301	44.893874	45.311218	213.239915	180.000000	135.410035	133.438183	219.001696	179.313670	224.202882	133.450991	
53.630939	46.207978	184.302974	223.349283	180.000000	111.994567	89.991798	0.000000	314.916090	0.000000	0.000000	0.000000	88.629279	44.192411	225.027710	158.005433	134.994175	250.440322	205.632889	180.352212	134.985718	270.000000	86.983321	90.000000	170.589462	162.858965	136.561817	88.962844	90.000000	320.988952	0.000000	0.000000	0.003301	44.893874	45.311218	213.239915	180.000000	135.410035	133.438183	219.001696	185.160901	224.202882	133.450991	
53.630939	46.207978	184.327310	223.349283	180.000000	111.994567	89.991798	0.000000	314.916090	0.000000	0.000000	0.000000	88.492948	44.192411	225.027710	158.005433	134.995073	250.440322	205.632889	180.352212	134.985718	270.000000	94.432401	90.000000	170.589462	162.626641	136.561817	88.764060	90.000000	320.988952	0.000000	0.000000	0.003301	44.893874	45.311218	213.239915	180.000000	135.410035	133.438183	219.001696	179.324697	224.202882	133.450991	
53.630939	46.207978	184.336115	223.349283	180.000000	111.994567	89.991798	0.000000	314.916090	0.000000	0.000000	0.000000	88.366510	44.192411	225.027710	158.005433	134.995333	250.440322	205.632889	180.352212	134.985718	270.000000	87.068753	90.000000	170.589462	162.392046	136.561817	88.573734	90.000000	320.988952	0.000000	0.000000	0.003301	44.893874	45.311218	213.239915	180.000000	135.410035	133.438183	219.001696	185.081101	224.202882	133.450991	
53.630939	46.207978	184.336205	223.349283	180.000000	111.994567	89.991798	0.000000	314.916090	0.000000	0.000000	0.000000	88.249934	44.192411	225.027710	158.005433	134.995409	250.440322	205.632889	180.352212	134.985718	270.000000	94.436055	90.000000	170.589462	158.325361	136.561817	88.392847	90.000000	320.988952	0.000000	0.000000	0.003301	44.893874	45.311218	213.239915	180.000000	135.410035	133.438183	219.001696	179.346945	224.202882	133.450991	
53.630939	46.207978	184.329905	223.349283	180.000000	111.994567	89.991798	0.000000	314.916090	0.000000	0.000000	0.000000	88.143167	44.192411	225.027710	158.005433	134.995431	250.440322	205.632889	180.352212	134.985718	270.000000	96.528647	90.000000	170.589462	156.977394	136.561817	88.221723	90.000000	320.988952	0.000000	0.000000	0.003301	44.893874	45.311218	213.239915	180.000000	135.410035	133.438183	219.001696	185.019371	224.202882	133.450991	
53.630939	46.207978	184.318027	223.349283	180.000000	111.994567	89.991798	0.000000	314.916090	0.000000	0.000000	0.000000	88.046147	44.192411	225.027710	158.005433	134.995437	250.440322	205.632889	180.352212	134.985718	270.000000	87.755012	90.000000	170.589462	156.453677	136.561817	88.060462	90.000000	320.988952	0.000000	0.000000	0.003301	44.893874	45.311218	213.239915	180.000000	135.410035	133.438183	219.001696	179.400857	224.202882	133.450991	
53.630939	46.207978	184.300875	223.349283	180.000000	120.279660	89.991798	0.000000	314.916090	0.000000	0.000000	0.000000	87.958800	44.192411	225.027710	158.005433	134.995439	250.440322	205.632889	180.352212	134.985718	270.000000	94.569472	90.000000	170.589462	156.178792	136.561817	87.909084	90.000000	320.988952	0.000000	0.000000	0.003301	44.893874	45.311218	213.239915	180.000000	135.410035	133.438183	219.001696	184.982805	224.202882	133.450991	
53.630939	46.207978	184.278586	223.349283	180.000000	122.454987	89.991798	0.000000	314.916090	0.000000	0.000000	0.000000	87.881046	44.192411	225.027710	158.005433	134.995440	250.440322	205.632889	180.352212	134.985718	270.000000	96.509417	90.000000	170.589462	155.977914	136.561817	87.767579	90.000000	320.988952	0.000000	0.000000	0.003301	44.893874	45.311218	213.239915	180.000000	135.410035	133.438183	219.001696	186.836004	224.202882	133.450991	
53.630939	46.207978	184.424749	223.349283	180.000000	123.027813	89.991798	0.000000	314.916090	0.000000	0.000000	0.000000	87.812801	44.192411	225.027710	158.005433	134.995440	250.440322	205.632889	180.352212	134.985718	270.000000	97.028178	90.000000	170.589462	155.798020	136.561817	87.635913	90.000000	320.988952	0.000000	0.000000	0.003301	44.930710	45.311218	213.239915	180.000000	135.410035	133.438183	219.001696	180.102644	224.202882	133.450991	
53.630939	46.207978	184.628526	223.349283	180.000000	123.178693	89.991798	0.000000	314.916090	0.000000	0.000000	0.000000	87.753971	44.192411	225.027710	158.005433	134.995440	250.440322	205.632889	180.352212	134.985718	270.000000	97.133541	90.000000	170.589462	155.623076	136.561817	87.514045	90.000000	320.988952	0.000000	0.000000	0.003301	44.941404	45.311218	213.239915	180.000000	135.410035	133.438183	219.001696	185.115284	224.202882	133.450991	
53.630939	46.207978	184.844611	223.349283	180.000000	123.218438	89.991798	0.000000	314.916090	0.000000	0.000000	0.000000	87.704461	44.192411	225.027710	158.005433	134.995440	250.440322	205.632889	180.352212	134.985718	270.000000	97.120522	90.000000	170.589462	155.448261	136.561817	87.401922	90.000000	320.988952	0.000000	0.000000	0.003301	44.944509	45.311218	213.239915	180.000000	135.410035	133.438183	219.001696	186.785330	224.202882	133.450991	
53.630939	46.207978	185.057606	223.349283	180.000000	123.228908	89.991798	0.000000	314.916090	0.000000	0.000000	0.000000	87.664168	44.192411	225.027710	158.005433	134.995440	241.912375	205.632889	180.352212	134.985718	270.000000	97.075517	90.000000	170.589462	155.272148	136.561817	87.299481	90.000000	320.988952	0.000000	0.000000	0.003301	44.945410	45.311218	213.239915	180.000000	135.410035	133.438183	219.001696	187.303142	224.202882	133.450991	
53.630939	46.207978	185.262256	223.349283	180.000000	123.231667	89.991798	0.000000	314.916090	0.000000	0.000000	0.000000	87.632989	44.192411	225.027710	158.005433	134.995440	239.228434	205.632889	180.352212	134.985718	270.000000	97.023839	90.000000	170.589462	155.094334	136.561817	87.206653	90.000000	320.988952	0.000000	0.000000	0.003301	44.945672	45.311218	213.239915	180.000000	135.410035	133.438183	219.001696	187.426113	224.202882	133.450991	
53.630939	46.207978	185.456752	223.349283	180.000000	123.232393	89.991798	0.000000	314.916090	0.000000	0.000000	0.000000	87.610815	44.192411	225.027710	158.005433	134.995440	238.381407	205.632889	180.352212	134.985718	270.000000	96.972913	90.000000	170.589462	154.914725	136.561817	87.123362	90.000000	320.988952	0.000000	0.000000	0.003301	44.945748	45.311218	213.239915	180.000000	135.410035	133.438183	219.001696	187.416566	224.202882	133.450991	
53.630939	46.207978	185.640470	223.349283	180.000000	123.232585	89.991798	0.000000	314.916090	0.000000	0.000000	0.000000	87.597534	44.192411	225.027710	158.005433	134.995440	238.113998	205.632889	180.352212	134.985718	270.000000	96.924925	90.000000	170.589462	154.733317	136.561817	87.049524	90.000000	320.988952	0.000000	0.000000	0.003301	44.936200	45.311218	213.239915	180.000000	135.410035	133.438183	219.001696	187.365404	224.202882	133.450991	
53.630939	46.207978	185.813200	223.349283	180.000000	123.232635	89.991798	0.000000	314.916090	0.000000	0.000000	0.000000	87.593034	44.192411	225.027710	158.005433	134.995440	238.029566	205.632889	180.352212	134.985718	270.000000	96.880525	90.000000	170.589462	154.550137	136.561817	86.985050	90.000000	320.988952	0.000000	0.000000	0.003301	44.769678	45.311218	213.239915	180.000000	135.410035	133.438183	219.001696	187.304148	224.202882	133.450991	
53.630939	46.207978	185.974882	223.349283	180.000000	123.232649	89.991798	0.000000	314.916090	0.000000	0.000000	0.000000	87.597199	44.192411	225.027710	158.005433	134.995440	238.002905	205.632889	180.352212	134.985718	270.000000	96.839912	90.000000	170.589462	154.365215	136.561817	86.929846	90.000000	320.988952	0.000000	0.000000	0.003301	44.557973	45.311218	213.239915	180.000000	135.410035	133.438183	219.001696	182.258097	224.202882	133.450991	
53.630939	46.207978	186.125518	223.349283	180.000000	123.232652	89.991798	0.000000	314.916090	0.000000	0.000000	0.000000	87.609913	44.192411	225.027710	158.005433	134.995440	237.994485	205.632889	180.352212	134.985718	270.000000	96.803152	90.000000	170.589462	154.178585	136.561817	86.883815	90.000000	320.988952	0.000000	0.000000	0.003301	44.333971	45.311218	213.239915	180.000000	135.410035	133.438183	219.001696	180.526034	224.202882	133.450991	
53.630939	46.207978	186.265137	223.349283	180.000000	123.232653	89.991798	0.000000	314.916090	0.000000	0.000000	0.000000	87.631057	44.192411	225.027710	158.005433	134.995440	237.991826	205.632889	180.352212	134.985718	270.000000	96.770272	90.000000	173.232074	153.990278	136.561817	86.846852	90.000000	320.988952	0.000000	0.000000	0.003301	44.107433	45.311218	213.239915	180.000000	135.410035	133.438183	219.001696	179.914658	224.202882	133.450991	
53.630939	46.207978	186.393790	223.349283	180.000000	123.232653	89.991798	0.000000	314.916090	0.000000	0.000000	0.000000	87.660512	44.192411	225.027710	158.005433	134.995440	237.990986	205.632889	180.352212	134.985718	270.000000	91.053612	90.000000	174.035109	144.379393	136.561817	86.818853	90.000000	320.988952	0.000000	0.000000	0.003301	43.881316	45.311218	213.239915	180.000000	135.410035	133.438183	219.001696	179.684971	224.202882	133.450991	
53.630939	46.207978	186.511539	223.349283	180.000000	123.232653	89.991798	0.000000	314.916090	0.000000	0.000000	0.000000	87.698161	44.192411	225.027710	158.005433	134.995440	237.990721	205.632889	180.352212	134.985718	270.000000	89.418518	90.000000	174.279226	150.871216	136.561817	86.799709	90.000000	320.988952	0.000000	0.000000	0.003301	43.656574	45.311218	213.239915	180.000000	135.410035	133.438183	219.001696	179.587568	224.202882	133.450991	
50.526250	46.207978	186.618457	223.349283	180.000000	123.232653	89.991798	0.000000	314.916090	0.000000	0.000000	0.000000	87.743883	44.192411	225.027710	158.005433	134.995440	237.990637	205.632889	180.352212	134.990856	270.000000	88.942054	90.000000	174.353446	152.661648	136.561817	86.789307	90.000000	320.988952	0.000000	0.000000	0.003301	43.433569	45.311218	213.239915	180.000000	135.410035	133.438183	219.001696	179.538300	224.202882	133.450991	
49.709161	46.207978	186.714630	223.349283	180.000000	123.232653	89.991798	0.000000	314.916090	0.000000	0.000000	0.000000	94.418591	44.192411	225.027710	158.005433	134.995440	237.990611	205.632889	180.352212	134.992209	270.000000	88.796466	90.000000	174.376014	143.855437	136.561817	86.787536	90.000000	320.988952	0.000000	0.000000	0.003301	43.212485	45.311218	213.239915	180.000000	135.410035	133.438183	219.001696	179.508778	224.202882	133.450991	
49.494020	46.207978	186.800151	223.349283	180.000000	123.232653	89.991798	0.000000	314.916090	0.000000	0.000000	0.000000	89.884313	44.192411	225.027710	158.005433	134.995440	237.990602	205.632889	180.352212	134.992565	270.000000	88.746887	90.000000	174.382877	150.370050	136.561817	86.794279	90.000000	320.988952	0.000000	0.000000	0.003301	42.993450	45.311218	213.239915	180.000000	135.410035	133.438183	219.001696	179.489417	224.202882	133.450991	
49.437368	46.207978	186.875121	223.349283	180.000000	123.232653	89.991798	0.000000	314.916090	0.000000	0.000000	0.000000	88.463042	44.192411	225.027710	158.005433	134.995440	237.990600	205.632889	180.352212	134.992659	270.000000	88.726702	90.000000	174.384964	143.081456	136.561817	86.809421	90.000000	320.988952	0.000000	0.000000	0.003301	42.776581	45.311218	213.239915	180.000000	135.410035	133.438183	219.001696	179.476965	224.202882	133.450991	
49.422449	46.207978	186.939650	223.349283	180.000000	123.232653	89.991798	0.000000	314.916090	0.000000	0.000000	0.000000	94.493971	44.192411	225.027710	158.005433	134.995440	237.990599	205.632889	180.352212	134.992683	270.000000	88.642274	90.000000	174.385599	149.924582	136.561817	86.832844	90.000000	320.988952	0.000000	0.000000	0.003301	42.561985	45.311218	213.239915	180.000000	135.410035	133.438183	219.001696	179.470301	224.202882	133.450991	
49.418520	46.207978	186.993852	223.349283	180.000000	123.232653	89.991798	0.000000	314.916090	0.000000	0.000000	0.000000	89.953871	44.192411	225.027710	158.005433	134.995440	237.990599	205.632889	180.352212	134.992690	270.000000	88.461852	90.000000	174.385792	142.887860	136.561817	86.864432	90.000000	320.988952	0.000000	0.000000	0.003301	42.349767	45.311218	217.480306	180.000000	135.410035	133.438183	219.001696	179.469019	224.202882	133.450991	
49.417485	46.207978	187.037848	223.349283	180.000000	123.232653	89.991798	0.000000	314.916090	0.000000	0.000000	0.000000	94.861289	44.192411	225.027710	158.005433	134.995440	237.990598	205.632889	180.352212	134.992692	270.000000	88.258337	90.000000	174.385851	149.645329	136.561817	86.904065	90.000000	320.988952	0.000000	0.000000	0.003301	42.140030	45.311218	218.595956	180.000000	135.410035	133.438183	219.001696	179.472954	224.202882	133.450991	
49.417213	46.207978	187.071764	223.349283	180.000000	123.232653	89.991798	0.000000	314.916090	0.000000	0.000000	0.000000	90.092271	44.192411	225.027710	158.005433	134.995440	237.990598	205.632889	180.352212	134.992692	270.000000	88.052663	90.000000	174.385869	142.746887	136.561817	86.951627	90.000000	320.988952	0.000000	0.000000	0.003301	41.932877	45.311218	218.889721	180.000000	135.410035	133.438183	219.001696	179.470841	224.202882	133.450991	
49.417141	46.207978	187.095728	223.349283	180.000000	123.232653	89.991798	0.000000	314.916090	0.000000	0.000000	0.000000	94.800465	44.192411	225.027710	158.005433	134.995440	237.990598	205.632889	180.352212	134.992692	270.000000	87.850883	90.000000	174.385874	140.568951	136.561817	94.691865	90.000000	320.988952	0.000000	0.000000	0.003301	41.728406	45.311218	218.967083	180.000000	135.410035	133.438183	219.001696	179.299930	224.202882	133.450991	
49.417122	46.207978	187.109875	223.349283	180.000000	123.232653	89.991798	0.000000	314.916090	0.000000	0.000000	0.000000	90.116648	44.192411	225.027710	158.005433	134.995440	237.990598	205.632889	180.352212	134.992692	270.000000	87.654776	90.000000	174.385876	148.653102	136.561817	89.445372	90.000000	320.988952	0.000000	0.000000	0.003301	41.526716	45.311218	218.987457	180.000000	135.410035	133.438183	219.001696	179.078920	224.202882	133.450991	
49.417117	46.207978	187.114339	223.349283	180.000000	123.232653	89.991798	0.000000	314.916090	0.000000	0.000000	0.000000	94.715763	44.192411	225.027710	158.005433	134.995440	237.990598	205.632889	180.352212	134.992692	270.000000	87.464889	90.000000	174.385876	142.381671	136.561817	87.780047	90.000000	318.910220	0.000000	0.000000	0.003301	41.327901	45.311218	218.992823	180.000000	135.410035	133.438183	219.001696	178.848074	224.202882	133.450991	
49.417116	46.207978	187.109259	223.349283	180.000000	123.232653	89.991798	0.000000	314.916090	0.000000	0.000000	0.000000	96.141123	44.192411	225.027710	158.005433	134.995440	237.990598	205.632889	180.352212	134.992692	270.000000	87.281411	90.000000	174.385876	140.400345	136.561817	94.822631	90.000000	318.306828	0.000000	0.000000	0.003301	41.132055	45.311218	218.994237	180.000000	135.410035	133.438183	219.001696	178.621107	224.202882	133.450991	
49.417115	46.207978	187.094773	223.349283	180.000000	123.232653	89.991798	0.000000	314.916090	0.000000	0.000000	0.000000	90.603448	44.192411	225.027710	158.005433	134.995440	237.990598	205.632889	180.352212	134.992692	270.000000	87.104419	90.000000	174.385876	139.773407	136.561817	89.517922	90.000000	318.131640	0.000000	0.000000	0.003301	40.939270	45.311218	218.994609	180.000000	135.410035	133.438183	219.001696	178.402722	224.202882	133.450991	
49.417115	46.207978	187.071023	223.349283	180.000000	123.232653	89.994151	0.000000	314.916090	0.000000	0.000000	0.000000	94.718843	44.192411	225.027710	158.005433	134.995440	237.990598	205.632889	180.352212	134.992692	270.000000	86.933958	90.000000	174.385876	139.574978	136.561817	95.281973	90.000000	318.080771	0.000000	0.000000	0.003301	40.629776	45.311218	218.994707	180.000000	135.410035	133.438183	219.001696	178.194553	224.202882	133.450991	
49.417115	46.207978	187.038150	223.349283	180.000000	123.232653	89.994836	0.000000	314.916090	0.000000	0.000000	0.000000	95.998682	44.192411	225.027710	158.005433	134.995440	237.990598	205.632889	180.352212	134.992692	270.000000	86.770054	90.000000	174.385876	139.512165	136.561817	89.671043	90.000000	318.065999	0.000000	0.000000	0.003301	40.272370	45.311218	218.994733	180.000000	135.410035	133.438183	219.001696	177.997176	224.202882	133.450991	
49.417115	46.207978	186.996295	223.349283	180.000000	123.232653	89.995036	0.000000	314.916090	0.000000	0.000000	0.000000	96.350738	44.192411	225.027710	158.005433	134.995440	237.990598	205.632889	180.352212	134.992692	270.000000	86.612726	90.000000	174.385876	139.492279	136.561817	95.233885	90.000000	318.061709	0.000000	0.000000	0.003301	39.900440	45.311218	218.994740	180.000000	135.410035	133.438183	219.001696	177.810796	224.202882	133.450991	
49.417115	46.207978	186.945600	223.349283	180.000000	123.232653	89.995094	0.000000	314.916090	0.000000	0.000000	0.000000	96.401681	44.192411	225.027710	158.005433	134.995440	237.990598	205.632889	180.352212	134.992692	270.000000	86.461987	90.000000	174.385876	139.485983	136.561817	89.682953	90.000000	318.060463	0.000000	0.000000	0.003301	39.524510	45.311218	218.994741	180.000000	135.410035	133.438183	219.001696	177.635481	224.202882	133.450991	
49.417115	46.207978	186.886205	223.349283	180.000000	123.232653	89.995111	0.000000	314.916090	0.000000	0.000000	0.000000	96.357615	44.192411	225.027710	158.005433	134.995440	237.990598	205.632889	180.352212	134.992692	270.000000	86.317841	90.000000	174.385876	139.483989	136.561817	95.152343	90.000000	318.060102	0.000000	0.000000	0.003301	39.148084	45.311218	218.994742	180.000000	135.410035	133.438183	219.001696	177.471241	224.202882	133.450991	
49.417115	46.207978	186.818251	223.349283	180.000000	123.232653	89.995116	0.000000	314.916090	0.000000	0.000000	0.000000	75.396174	44.192411	225.027710	158.005433	134.995440	237.990598	205.632889	180.352212	134.992692	270.000000	86.180290	90.000000	174.385876	139.483357	136.561817	89.707930	90.000000	318.059996	0.000000	0.000000	0.003301	38.772500	45.311218	218.994742	180.000000	135.410035	133.438183	219.001696	177.318060	224.202882	133.450991	
49.417115	46.207978	186.741876	223.349283	180.000000	123.232653	89.995117	0.000000	314.916090	0.000000	0.000000	0.000000	69.102562	44.192411	225.027710	158.005433	134.995440	237.990598	205.632889	180.352212	134.992692	270.000000	86.049326	90.000000	174.385876	139.483157	136.561817	95.088194	90.000000	318.059966	0.000000	0.000000	0.003301	38.398421	45.311218	218.994742	180.000000	135.410035	133.438183	219.001696	177.175902	224.202882	133.450991	
49.417115	46.207978	178.321800	223.349283	180.000000	123.232653	89.995118	0.000000	314.916090	0.000000	0.000000	0.000000	67.231466	44.192411	225.027710	158.005433	134.995440	237.990598	205.632889	180.352212	134.992692	270.000000	85.924940	90.000000	174.385876	139.483094	136.561817	96.787394	90.000000	318.059957	0.000000	0.000000	0.003301	38.026301	45.311218	218.994742	180.000000	135.410035	133.438183	219.001696	177.044716	224.202882	133.450991	
49.417115	46.207978	183.888164	223.349283	180.000000	123.232653	89.995118	0.000000	314.916090	0.000000	0.000000	0.000000	66.724344	44.192411	225.027710	158.005433	134.995440	237.990598	205.632889	180.352212	134.992692	270.000000	85.807116	90.000000	174.385876	139.483074	136.561817	90.293876	90.000000	318.059954	0.000000	0.000000	0.003301	37.656532	45.311218	218.994742	180.000000	135.410035	133.438183	219.001696	176.924439	224.202882	133.450991	
49.417115	46.207978	185.705169	223.349283	180.000000	123.232653	89.995118	0.000000	314.916090	0.000000	0.000000	0.000000	66.639620	44.192411	225.027710	158.005433	134.995440	237.990598	205.632889	180.251401	134.992692	270.000000	85.695834	90.000000	174.385876	139.483068	136.561817	95.148906	90.000000	318.059954	0.000000	0.000000	0.003301	37.289482	45.311218	218.994742	180.000000	135.410035	133.438183	219.001696	176.815000	224.202882	133.450991	
49.417115	46.207978	178.086729	223.349283	180.000000	123.232653	89.995118	0.000000	314.916090	0.000000	0.000000	0.000000	66.687035	44.192411	225.027710	158.005433	134.995440	237.990598	205.632889	180.222057	134.992692	270.000000	85.591069	90.000000	174.385876	139.483066	136.561817	96.687325	90.000000	318.059953	0.000000	0.000000	0.003301	36.925516	45.311218	218.994742	180.000000	135.410035	133.438183	219.001696	176.716314	224.202882	133.450991	
49.417115	46.207978	183.732939	223.349283	180.000000	123.232653	89.995118	0.000000	314.916090	0.000000	0.000000	0.000000	66.777166	44.192411	225.027710	158.005433	134.995440	237.990598	205.632889	180.213514	134.992692	270.000000	85.492792	90.000000	174.385876	139.483065	136.561817	97.131560	90.000000	318.059953	0.000000	0.000000	0.003301	36.564992	45.311218	218.994742	180.000000	135.410035	133.438183	219.001696	176.628290	224.202882	133.450991	
49.417115	46.207978	177.510911	223.349283	180.000000	123.232653	89.995118	0.000000	314.916090	0.000000	0.000000	0.000000	66.882459	44.192411	225.027710	158.005433	134.995440	237.990598	205.632889	180.211027	134.992692	270.000000	85.400971	90.000000	174.385876	139.483065	136.561817	97.217015	90.000000	318.059953	0.000000	0.000000	0.003301	36.208267	45.311218	218.994742	180.000000	135.410035	133.438183	219.001696	176.550828	224.202882	133.450991	
49.417115	46.207978	183.506856	223.349283	180.000000	123.232653	89.995118	0.000000	314.916090	0.000000	0.000000	0.000000	66.994409	44.192411	225.027710	158.005433	134.995440	237.990598	205.632889	180.210303	134.992692	270.000000	85.315569	90.000000	174.385876	139.483065	136.561817	97.187429	90.000000	318.059953	0.000000	0.000000	0.002387	35.855691	45.311218	218.994742	180.000000	135.410035	133.438183	219.001696	176.483821	224.202882	133.450991	
49.417115	46.207978	177.519387	223.349283	180.000000	123.232653	89.995118	0.000000	314.916090	0.000000	0.000000	0.000000	67.110368	44.192411	225.027710	158.005433	134.995440	237.990598	205.632889	180.210092	134.992692	270.000000	85.236548	90.000000	174.385876	139.483065	136.561817	97.123631	90.000000	318.059953	0.000000	0.000000	0.002098	35.507612	45.311218	218.994742	180.000000	135.410035	133.438183	219.001696	176.427156	224.202882	133.450991	
49.417115	46.207978	183.452504	223.349283	180.000000	123.232653	89.995118	0.000000	314.916090	0.000000	0.000000	0.000000	67.229487	44.192411	225.027710	158.005433	134.995440	237.990598	205.632889	180.210031	134.992692	270.000000	85.163864	90.000000	174.385876	139.483065	136.561817	97.052449	90.000000	318.059953	0.000000	0.000000	0.002006	35.164369	45.311218	218.994742	180.000000	135.410035	133.438183	219.001696	176.380713	224.202882	133.450991	
49.417115	46.207978	177.572737	223.349283	180.000000	123.232653	89.995118	0.000000	314.916090	0.000000	0.000000	0.000000	67.351471	44.192411	225.027710	158.005433	134.995440	237.990598	205.632889	180.210013	134.992692	270.000000	85.097472	90.000000	174.385876	139.483065	136.561817	75.419682	90.000000	318.059953	0.000000	0.000000	0.001977	34.826296	45.311218	218.994742	180.000000	135.410035	133.438183	219.001696	176.344370	224.202882	133.450991	
49.417115	46.207978	183.388016	223.349283	180.000000	123.232653	89.995118	0.000000	314.916090	0.000000	0.000000	0.000000	67.476196	44.192411	225.027710	158.005433	134.995440	237.990598	205.632889	180.210008	134.992692	270.000000	85.037325	90.000000	174.385876	139.483065	136.561817	68.953604	90.000000	318.059953	0.000000	0.000000	0.001968	34.493716	45.311218	218.994742	180.000000	135.410035	133.438183	219.001696	176.318000	224.202882	133.450991	
49.417115	46.207978	177.608446	223.349283	180.000000	123.232653	89.995118	0.000000	314.916090	0.000000	0.000000	0.000000	67.603588	44.192411	225.027710	158.005433	134.995440	237.990598	205.632889	180.210006	134.992692	270.000000	84.983371	90.000000	174.385876	139.483065	136.561817	67.043381	90.000000	318.059953	0.000000	0.000000	0.001965	34.166945	45.311218	218.994742	180.000000	135.410035	133.438183	219.001696	176.301470	224.202882	133.450991	
49.417115	46.207978	183.292942	223.349283	180.000000	123.232653	89.995118	0.000000	314.916090	0.000000	0.000000	0.000000	67.733593	44.192411	225.027710	158.005433	134.995440	237.990598	205.632889	180.210006	134.992692	270.000000	84.935559	90.000000	174.385876	139.483065	136.561817	66.534431	90.000000	318.059953	0.000000	0.000000	0.001964	33.846286	45.311218	218.994742	180.000000	135.410035	133.438183	219.001696	176.294648	224.202882	133.450991	
49.417115	46.207978	177.619446	223.349283	180.000000	123.232653	89.995118	0.000000	314.916090	0.000000	0.000000	0.000000	67.866160	44.192411	225.027710	158.005433	134.995440	237.990598	205.632889	180.210006	134.992692	270.000000	84.893835	90.000000	174.385876	139.483065	136.561817	66.458043	90.000000	318.059953	0.000000	0.000000	0.001964	33.532033	45.311218	218.994742	180.000000	135.410035	133.980868	219.001696	176.297397	224.202882	133.450991	
49.417115	46.207978	175.732449	223.349283	180.000000	123.232653	89.995118	0.000000	314.916090	0.000000	0.000000	0.000000	73.628967	44.192411	225.027710	158.005433	134.995440	237.990598	205.632889	180.210005	134.992692	270.000000	84.858141	90.000000	174.385876	139.483065	136.561817	66.516359	90.000000	318.059953	0.000000	0.000000	0.001964	33.224468	45.311218	218.994742	180.000000	135.410035	134.138420	219.001696	176.309580	224.202882	133.450991	
49.417115	46.207978	175.147708	223.349283	180.000000	123.232653	89.995118	0.000000	314.916090	0.000000	0.000000	0.000000	69.789867	44.192411	225.027710	158.005433	134.995440	237.990598	205.632889	180.210005	134.992692	270.000000	84.828420	90.000000	174.385876	139.483065	136.561817	66.617862	90.000000	318.059953	0.000000	0.000000	0.001964	32.923858	45.311218	218.994742	180.000000	135.410035	134.184164	219.001696	176.331058	224.202882	133.450991	
49.417115	46.207978	175.008688	223.349283	180.000000	123.232653	89.995118	0.000000	314.916090	0.000000	0.000000	0.000000	68.717906	44.192411	225.027710	158.005433	134.995440	237.990598	205.632889	180.210005	134.992692	270.000000	84.804613	90.000000	174.385876	139.483065	136.561817	66.734437	90.000000	318.059953	0.000000	0.000000	0.001964	32.630460	45.311218	218.994742	180.000000	135.410035	134.197447	219.001696	176.361692	224.202882	133.450991	
49.417115	46.207978	175.019464	223.349283	180.000000	123.232653	89.995118	0.000000	314.916090	0.000000	0.000000	0.000000	73.956870	44.192411	225.027710	158.005433	134.995440	237.990598	205.632889	180.210005	134.992692	270.000000	84.786660	90.000000	174.385876	139.483065	136.561817	66.857432	90.000000	318.059953	0.000000	0.000000	0.001964	32.344513	45.311218	218.994742	180.000000	135.410035	134.201304	219.001696	176.401341	224.202882	133.450991	
49.417115	46.207978	175.077737	223.349283	180.000000	123.232653	89.995118	0.000000	314.916090	0.000000	0.000000	0.000000	70.124639	44.192411	225.027710	158.005433	134.995440	237.990598	205.632889	180.210005	134.992692	270.000000	84.774500	90.000000	174.385876	139.483065	136.561817	66.984166	90.000000	318.059953	0.000000	0.000000	0.001964	32.066247	45.311218	218.994742	180.000000	135.410035	134.202424	219.001696	176.449865	224.202882	133.450991	
49.417115	46.207978	175.148121	223.349283	180.000000	123.232653	89.995118	0.000000	314.916090	0.000000	0.000000	0.000000	74.418751	44.192411	225.027710	158.005433	134.995440	237.990598	205.632889	180.210005	134.992692	270.000000	84.768069	90.000000	174.385876	139.483065	136.561817	67.113788	90.000000	318.059953	0.000000	0.000000	0.001964	31.795873	45.311218	218.994742	180.000000	135.410035	134.202749	219.001696	184.590669	224.202882	133.450991	
49.417115	46.207978	175.218354	223.349283	180.000000	123.232653	89.995118	0.000000	314.916090	0.000000	0.000000	0.000000	70.410570	44.192411	225.027710	158.005433	134.995440	237.990598	205.632889	180.210005	134.992692	270.000000	84.767307	90.000000	174.385876	139.483065	136.561817	67.246006	90.000000	318.059953	0.000000	0.000000	0.001964	31.533589	45.311218	218.994742	180.000000	135.410035	134.202844	219.001696	179.186414	224.202882	133.450991	
49.417115	46.207978	175.284178	223.349283	180.000000	123.232653	89.995118	0.000000	314.916090	0.000000	0.000000	0.000000	74.539759	44.192411	225.027710	158.005433	134.995440	237.990598	205.632889	180.210005	134.992692	270.000000	84.772148	90.000000	174.385876	139.483065	136.561817	74.103656	90.000000	318.059953	0.000000	0.000000	0.001964	31.279577	45.311218	218.994742	180.000000	135.410035	134.202871	219.001696	177.390317	224.202882	133.450991	
49.417115	46.207978	175.344100	223.349283	180.000000	123.232653	89.995118	0.000000	314.916090	0.000000	0.000000	0.000000	70.601043	44.192411	225.027710	158.005433	134.995440	237.990598	205.632889	180.210005	134.992692	270.000000	84.782530	90.000000	174.385876	139.483065	136.561817	69.490701	90.000000	318.059953	0.000000	0.000000	0.001964	31.034007	45.311218	218.994742	180.000000	135.410035	134.202879	219.001696	184.773422	224.202882	133.450991	
49.417115	46.207978	164.601534	223.349283	180.000000	123.232653	89.995118	0.000000	314.916090	0.000000	0.000000	0.000000	74.631421	44.192411	225.027710	158.005433	134.995440	237.990598	205.632889	180.210005	134.992692	270.000000	84.798388	90.000000	174.385876	139.483065	136.561817	68.184581	90.000000	318.059953	0.000000	0.000000	0.001964	30.797030	45.311218	218.994742	180.000000	135.410035	134.202881	219.001696	179.271300	224.202882	133.450991	
49.417115	46.207978	168.382512	223.349283	180.000000	123.232653	89.995118	0.000000	314.916090	0.000000	0.000000	0.000000	70.790666	44.192411	225.027710	158.005433	134.995440	237.990598	205.632889	180.210005	134.992692	270.000000	84.819657	90.000000	174.385876	139.483065	136.561817	74.469878	90.000000	318.059953	0.000000	0.000000	0.001964	30.568785	45.311218	218.994742	180.000000	135.410035	134.202882	219.001696	185.306259	224.202882	133.450991	
49.417115	46.207978	169.682688	223.349283	180.000000	123.232653	89.995118	0.000000	314.916090	0.000000	0.000000	0.000000	74.722449	44.192411	225.027710	158.005433	134.995440	237.990598	205.632889	180.210005	134.992692	270.000000	84.846273	90.000000	174.385876	139.483065	136.561817	69.825013	90.000000	318.059953	0.000000	0.000000	0.001964	30.349394	45.311218	218.994742	180.000000	135.410035	134.202882	219.001696	179.449446	224.202882	133.450991	
49.417115	46.207978	162.837270	223.349283	180.000000	123.232653	89.995118	0.000000	314.916090	0.000000	0.000000	0.000000	75.920470	44.192411	225.027710	158.005433	134.995440	237.990598	205.632889	180.210005	134.992692	270.000000	84.878172	90.000000	174.385876	139.483065	136.561817	75.008588	90.000000	318.059953	0.000000	0.000000	0.001964	30.138966	45.311218	218.994742	180.000000	135.410035	134.202882	219.001696	185.269533	224.202882	133.450991	
49.417115	46.207978	167.793737	223.349283	180.000000	123.232653	89.995118	0.000000	314.916090	0.000000	0.000000	0.000000	76.285778	44.192411	225.027710	158.005433	134.995440	237.990598	205.632889	180.210005	134.992692	270.000000	84.915290	90.000000	174.385876	139.483065	136.561817	70.122444	90.000000	318.059953	0.000000	0.000000	0.001964	29.937596	45.311218	218.994742	180.000000	135.410035	134.202882	219.001696	179.459891	224.202882	133.450991	
49.417115	46.207978	162.324081	223.349283	180.000000	123.232653	89.995118	0.000000	314.916090	0.000000	0.000000	0.000000	76.397192	44.192411	225.027710	158.005433	134.995440	237.990598	205.632889	180.210005	134.992692	270.000000	84.957562	90.000000	174.385876	139.483065	136.561817	75.139621	90.000000	318.059953	0.000000	0.000000	0.001964	29.745363	45.311218	218.994742	180.000000	135.410035	134.202882	221.047549	185.189334	224.202882	133.980252	
49.417115	46.207978	167.640665	223.349283	180.000000	123.232653	89.995118	0.000000	314.916090	0.000000	0.000000	0.000000	76.431178	44.192411	225.027710	158.005433	134.995440	237.990598	205.632889	180.210005	134.992692	270.000000	94.982278	90.000000	174.385876	139.483065	136.561817	70.304171	90.000000	318.059953	0.000000	0.000000	0.001964	29.562335	45.311218	218.994742	180.000000	135.410035	134.202882	221.667631	179.481688	224.202882	134.140695	
49.417115	46.207978	162.405819	223.349283	180.000000	123.232653	89.995118	0.000000	314.916090	0.000000	0.000000	0.000000	76.441546	44.192411	225.027710	158.005433	134.995440	237.990598	205.632889	180.210005	134.992692	270.000000	87.796168	90.000000	174.385876	139.483065	136.561817	75.235396	90.000000	318.059953	0.000000	0.000000	0.001964	29.388565	45.311218	218.994742	180.000000	135.410035	134.202882	221.855617	185.127263	224.202882	134.189336	
49.417115	46.207978	167.669668	223.349283	180.000000	123.232653	89.995118	0.000000	314.916090	0.000000	0.000000	0.000000	76.444710	44.192411	225.027710	158.005433	134.995440	237.990598	205.632889	180.210005	134.992692	270.000000	85.766110	90.000000	174.385876	139.483065	136.561817	70.483082	90.000000	318.059953	0.000000	0.000000	0.001964	29.224095	45.311218	218.994742	180.000000	135.410035	134.202882	221.912613	179.535196	224.202882	134.204084	
49.417115	45.787864	162.539628	223.349283	180.000000	123.232653	89.995118	0.000000	314.916090	0.000000	0.000000	0.000000	76.445675	44.192411	225.027710	158.005433	134.995440	237.990598	205.632889	180.210005	134.992692	270.000000	95.109647	90.000000	174.385876	139.483065	136.561817	75.330155	90.000000	318.059953	0.000000	0.000000	0.001964	29.068953	45.311218	218.994742	180.000000	135.410035	134.202882	221.929896	185.090386	224.202882	134.208556	
49.417115	45.665895	167.691873	223.349283	180.000000	123.232653	89.995118	0.000000	314.916090	0.000000	0.000000	0.000000	76.445970	44.192411	225.027710	158.005433	134.995440	237.990598	205.632889	180.210005	134.992692	270.000000	87.829331	90.000000	174.385876	139.483065	136.561817	70.669360	90.000000	318.059953	0.000000	0.000000	0.001964	28.923157	45.311218	218.994742	180.000000	135.410035	134.202882	221.935136	186.934317	224.202882	134.209912	
49.417115	45.630481	162.659318	223.349283	180.000000	123.232653	89.995118	0.000000	314.916090	0.000000	0.000000	0.000000	76.446060	44.192411	225.027710	158.005433	134.995440	237.990598	205.632889	180.210005	134.992692	270.000000	85.788012	90.000000	174.385876	139.483065	136.561817	75.426940	90.000000	318.059953	0.000000	0.000000	0.001964	28.786714	45.311218	218.994742	180.000000	135.410035	134.202882	221.936726	180.233690	224.202882	134.210323	
49.417115	45.620199	161.116883	223.349283	180.000000	123.232653	89.995118	0.000000	314.916090	0.000000	0.000000	0.000000	76.446087	44.192411	225.027710	158.005433	134.995440	237.990598	205.632889	180.210005	134.992692	270.000000	95.029914	90.000000	174.385876	139.483065	136.561817	76.875994	90.000000	318.059953	0.000000	0.000000	0.001964	28.659619	45.311218	218.994742	180.000000	135.410035	134.202882	221.937208	185.221669	224.202882	134.210448	
49.417115	45.617212	167.510476	223.349283	180.000000	123.232653	89.995118	0.000000	314.916090	0.000000	0.000000	0.000000	76.446096	44.192411	225.027710	158.005433	134.995440	237.990598	205.632889	180.210005	134.992692	270.000000	87.839778	90.000000	174.385876	139.483065	136.561817	71.351147	90.000000	318.059953	0.000000	0.000000	0.001964	28.541859	45.311218	218.994742	180.000000	135.410035	134.202882	221.937354	186.883190	224.202882	134.210486	
49.417115	45.616345	163.250514	223.349283	180.000000	123.232653	89.995118	0.000000	314.916090	0.000000	0.000000	0.000000	76.446098	44.192411	225.027710	158.005433	134.995440	237.990598	205.632889	180.210005	134.992692	270.000000	95.541536	90.000000	174.385876	139.483065	136.561817	75.673995	90.000000	318.059953	0.000000	0.000000	0.001964	28.433410	45.311218	218.994742	180.000000	135.410035	134.202882	221.937398	187.398133	224.202882	134.210497	
49.417115	45.616093	161.965054	223.349283	180.000000	123.232653	89.995118	0.000000	314.916090	0.000000	0.000000	0.000000	76.446099	44.192411	225.027710	158.005433	134.995440	237.990598	205.632889	180.210005	134.992692	270.000000	87.982258	90.000000	174.385876	139.483065	136.561817	76.991436	90.000000	318.059953	0.000000	0.000000	0.001964	28.334240	45.311218	218.994742	180.000000	135.410035	134.202882	221.937412	187.520225	224.202882	134.210501	
49.417115	45.616020	161.734591	223.349283	180.000000	123.232653	89.995118	0.000000	314.916090	0.000000	0.000000	0.000000	76.446099	44.192411	225.027710	158.005433	134.995440	237.990598	205.632889	180.210005	134.992692	270.000000	95.510859	90.000000	174.385876	139.483065	136.561817	77.393290	90.000000	318.059953	0.000000	0.000000	0.001964	28.244311	45.311218	218.994742	180.000000	135.410035	134.202882	221.937416	187.510502	224.202882	134.210502	
49.417115	45.615999	161.877820	223.349283	180.000000	123.232653	89.995118	0.000000	314.916090	0.000000	0.000000	0.000000	76.446099	44.192411	225.027710	158.005433	134.995440	237.990598	205.632889	180.210005	134.992692	270.000000	87.986212	90.000000	174.385876	139.483065	136.561817	77.515892	90.000000	318.059953	0.000000	0.000000	0.001964	28.163573	45.311218	218.994742	180.000000	135.410035	134.202882	221.937417	187.459414	224.202882	134.210502	
49.417115	45.615993	162.151798	223.349283	180.000000	123.232653	89.995118	0.000000	314.916090	0.000000	0.000000	0.000000	76.446099	44.192411	225.018098	158.005433	134.995440	237.990598	205.632889	180.210005	134.992692	270.000000	95.448926	90.000000	174.385876	139.483065	136.561817	77.553304	90.000000	318.059953	0.000000	0.000000	0.001964	28.091973	45.311218	218.994742	180.000000	135.410035	134.202882	221.937417	182.436890	224.202882	134.210502	
49.417115	45.615991	162.469356	223.349283	180.000000	123.232653	89.995118	0.000000	314.916090	0.000000	0.000000	0.000000	76.446099	44.192411	225.015307	158.005433	134.995440	237.990598	205.632889	180.210005	134.992692	270.000000	87.997911	90.000000	174.385876	139.483065	136.561817	77.554454	90.000000	318.059953	0.000000	0.000000	0.001964	28.029449	45.311218	218.994742	180.000000	135.410035	134.202882	221.937417	180.708154	224.202882	134.210502	
49.417115	45.615990	162.798897	223.349283	180.000000	123.232653	89.995118	0.000000	314.916090	0.000000	0.000000	0.000000	76.446099	44.192411	225.014497	158.005433	134.995440	237.990598	205.632889	180.210005	134.992692	270.000000	95.398118	90.000000	174.385876	139.483065	136.561817	77.446088	90.000000	318.059953	0.000000	0.000000	0.001964	27.975935	45.311218	218.994742	180.000000	135.410035	134.202882	221.937418	180.093791	224.202882	134.210502	
49.417115	45.615990	163.128748	223.349283	180.000000	123.232653	89.995118	0.000000	314.916090	0.000000	0.000000	0.000000	76.446099	44.192411	225.014262	158.005433	134.995440	237.990598	205.632889	180.210005	134.992692	270.000000	88.029159	90.000000	174.385876	139.483065	136.561817	77.307059	90.000000	318.059953	0.000000	0.000000	0.001964	27.931359	45.311218	218.994742	180.000000	135.410035	134.202882	221.937418	179.859192	224.202882	134.210502	
49.417115	45.615990	163.454410	223.349283	180.000000	123.232653	89.995118	0.000000	314.916090	0.000000	0.000000	0.000000	76.446099	44.192411	225.014194	158.005433	134.995440	237.990598	205.632889	180.210005	134.992692	270.000000	95.361899	90.000000	174.385876	139.483065	136.561817	77.162036	90.000000	318.059953	0.000000	0.000000	0.001964	27.895643	45.311218	218.994742	180.000000	135.410035	134.202882	221.937418	179.756320	224.202882	134.210502	
49.417115	45.615990	163.773988	223.349283	180.000000	123.232653	89.995118	0.000000	314.916090	0.000000	0.000000	0.000000	76.446099	44.192411	225.014174	158.005433	134.995440	237.990598	205.632889	180.210005	134.992692	270.000000	88.080616	90.000000	174.385876	139.483065	136.561817	77.018748	90.000000	318.059953	0.000000	0.000000	0.001964	27.868707	45.311218	218.994742	180.000000	135.410035	134.202882	221.937418	179.701442	224.202882	134.210502	
49.417115	45.615990	164.086542	223.349283	180.000000	123.232653	89.995118	0.000000	314.916090	0.000000	0.000000	0.000000	76.446099	44.192411	225.014168	158.005433	134.995440	237.990598	205.632889	180.210005	134.992692	270.000000	95.340489	90.000000	175.962682	139.483065	136.561817	76.879624	90.000000	318.059953	0.000000	0.000000	0.001964	27.850464	45.202897	218.994742	180.000000	135.410035	134.202882	221.937418	179.666297	224.202882	134.210502	
49.417115	45.615990	164.391491	223.349283	180.000000	123.232653	89.995118	0.000000	314.916090	0.000000	0.000000	0.000000	76.446099	44.192411	225.014166	158.005433	134.995440	237.990598	205.632889	180.210005	134.992692	270.000000	88.152014	90.000000	176.441911	139.483065	136.561817	76.745433	90.000000	318.059953	0.000000	0.000000	0.001964	27.840827	45.171448	218.994742	180.000000	135.410035	134.202882	221.937418	179.641337	224.202882	134.210502	
49.417115	45.615990	164.688397	223.349283	180.000000	123.232653	89.995118	0.000000	314.916090	0.000000	0.000000	0.000000	76.396422	44.494258	225.014166	158.005433	134.995440	237.990598	205.632889	180.210005	134.992692	270.000000	95.333831	90.000000	176.587590	139.483065	136.561817	76.616415	90.000000	318.059953	0.000000	0.000000	0.001964	27.839702	45.162317	218.994742	180.000000	135.410035	134.202882	221.937418	179.623322	224.202882	134.210502	
49.417115	45.615990	164.976888	223.349283	180.000000	123.232653	89.995118	0.000000	314.916090	0.000000	0.000000	0.000000	76.313646	44.564955	225.014166	158.005433	134.995440	237.990598	205.632889	180.210005	134.992692	270.000000	97.368193	90.000000	176.631879	139.483065	136.561817	76.492648	90.000000	318.059953	0.000000	0.000000	0.001964	27.846997	45.159666	218.994742	180.000000	135.410035	134.202882	221.937418	179.611137	224.202882	134.210502	
49.417115	45.615990	165.256625	223.349283	180.000000	123.232653	89.995118	0.000000	314.916090	0.000000	0.000000	0.000000	76.224125	44.581515	225.014166	158.005433	134.995440	237.990598	205.632889	180.210005	134.992692	270.000000	88.805004	90.000000	176.645345	139.483065	136.561817	76.374152	90.000000	318.059953	0.000000	0.000000	0.001964	27.862614	45.158896	218.994742	180.000000	135.410035	134.202882	221.937418	179.604379	224.202882	134.210502	
49.417115	45.615990	165.527301	223.349283	180.000000	123.232653	89.995118	0.000000	314.916090	0.000000	0.000000	0.000000	76.136127	44.585394	225.014166	158.005433	134.995440	237.990598	205.632889	180.210005	134.992692	270.000000	95.449172	90.000000	176.649440	139.483065	136.561817	76.260928	90.000000	318.059953	0.000000	0.000000	0.001964	27.886455	45.158672	218.994742	180.000000	135.410035	134.202882	221.937418	179.602883	224.202882	134.210502	
49.417115	45.615990	165.788630	223.349283	180.000000	123.232653	89.995118	0.000000	314.916090	15.404998	0.000000	0.000000	76.052227	44.586302	225.014166	158.005433	134.995440	237.990598	205.632889	180.210005	134.992692	270.000000	97.335685	90.000000	176.650686	139.483065	136.561817	76.152967	90.000000	318.059953	0.000000	0.000000	0.001964	27.918420	45.158607	218.994742	180.000000	135.410035	134.202882	221.937418	179.606565	224.202882	134.210502	
49.417115	45.615990	166.040348	223.349283	180.000000	123.232653	89.995118	0.000000	314.916090	20.034791	0.000000	0.000000	75.973210	44.586515	225.014166	158.005433	134.995440	237.990598	205.632889	180.210005	134.992692	270.000000	97.836325	90.000000	176.651065	139.483065	136.561817	76.050257	90.000000	318.059953	0.000000	0.000000	0.001964	27.958407	45.158588	218.994742	180.000000	135.410035	134.202882	221.937418	179.615364	224.202882	134.210502	
49.417115	45.615990	166.282215	223.349283	180.000000	123.232653	89.995118	0.000000	314.916090	21.439049	0.000000	0.000000	75.899294	44.586565	225.014166	158.005433	134.995440	237.990598	205.632889	180.210005	134.992692	270.000000	97.934285	90.000000	176.651180	139.483065	136.561817	75.952780	90.000000	318.059953	0.000000	0.000000	0.001964	28.006314	45.158583	218.994742	180.000000	135.410035	134.202882	221.937418	179.629229	224.202882	134.210502	
49.417115	45.615990	166.514014	223.349283	180.000000	123.232653	89.995118	0.000000	314.916090	21.865360	0.000000	0.000000	75.830517	44.586577	225.014166	158.005433	134.995440	237.990598	205.632889	180.210005	134.992692	270.000000	97.917112	90.000000	176.651215	137.976181	136.561817	75.860516	90.000000	318.059953	0.000000	0.000000	0.001964	28.062039	45.158581	218.994742	180.000000	135.410035	134.202882	221.937418	179.648109	224.202882	134.210502	
49.417115	45.615990	166.735549	223.349283	164.343004	123.232653	89.995118	0.000000	314.916090	21.994804	0.000000	0.000000	75.766861	44.586579	225.014166	158.005433	134.995440	237.990598	205.632889	180.210005	134.992692	270.000000	97.868937	90.000000	176.651225	137.500735	136.561817	75.773440	90.000000	318.059953	0.000000	0.000000	0.001964	28.125478	45.158581	218.994742	180.000000	135.410035	134.202882	221.937418	179.671952	224.202882	134.210502	
49.417115	45.615990	166.946646	223.349283	159.839342	123.232653	89.995118	0.000000	314.916090	22.034111	0.000000	0.000000	75.708286	44.586580	225.014166	158.005433	134.995440	237.990598	205.632889	180.210005	134.992692	270.000000	97.814389	90.000000	176.651229	137.350699	136.561817	75.691527	90.000000	318.059953	0.000000	0.000000	0.001964	28.196528	45.158581	218.994742	180.000000	135.410035	134.202882	221.937418	179.700706	224.202882	134.210502	
49.417115	45.615990	167.147155	223.349283	158.531150	123.232653	89.995118	0.000000	314.916090	22.046049	0.000000	0.000000	75.654743	44.586580	225.014166	158.005433	134.995440	237.990598	205.632889	180.210005	134.992692	270.000000	97.760688	90.000000	176.651230	137.303348	136.561817	75.614746	90.000000	318.059953	0.000000	0.000000	0.001964	28.275085	45.158581	218.994742	180.000000	135.410035	134.202882	221.937418	179.734319	224.202882	134.210502	
49.417115	45.615990	167.336946	223.349283	158.150821	123.232653	89.995118	0.000000	314.916090	22.049675	0.000000	0.000000	75.606181	44.586580	225.014166	158.005433	134.995440	233.627126	205.632889	180.210005	134.992692	270.000000	97.709959	90.000000	176.651230	137.288403	136.561817	75.543066	90.000000	318.059953	0.000000	0.000000	0.001964	28.361047	45.158581	218.994742	180.000000	135.410035	134.202882	221.937418	179.772737	224.202882	134.210502	
49.417115	45.615990	167.515909	223.349283	158.040231	123.232653	89.995118	0.000000	314.916090	22.050776	0.000000	0.000000	75.562546	44.586580	225.014166	158.005433	134.995440	232.251207	205.632889	180.210005	134.992692	270.000000	97.662834	90.000000	176.651230	137.283685	136.561817	75.476451	90.000000	318.059953	0.000000	0.000000	0.001964	28.454310	45.158581	218.994742	180.000000	135.410035	134.202882	221.937418	179.815904	224.202882	134.210502	
49.417115	45.615990	167.683958	223.349283	158.008071	123.232653	89.995118	0.000000	314.916090	22.051111	0.000000	0.000000	75.523782	44.586580	225.014166	158.005433	134.995440	231.817003	205.632889	180.210005	134.992692	270.000000	97.619507	90.000000	176.651230	137.282196	136.561817	75.414864	90.000000	318.059953	0.000000	0.000000	0.001964	36.816542	45.158581	218.994742	180.000000	135.410035	134.202882	221.937418	179.863764	224.202882	134.210502	
49.417115	45.615990	167.841023	223.349283	157.998718	123.232653	89.995118	0.000000	314.916090	22.051212	0.000000	0.000000	75.489831	44.586580	225.014166	158.005433	134.995440	231.679958	205.632889	180.210005	134.992692	270.000000	97.580045	90.000000	176.651230	137.281726	136.561817	75.358265	90.000000	318.059953	0.000000	0.000000	0.001964	39.624628	45.158581	218.994742	180.000000	135.410035	134.202882	221.937418	179.916262	224.202882	134.210502	
49.417115	45.615990	167.987054	223.349283	157.995998	123.232653	89.995118	0.000000	314.916090	22.051243	0.000000	0.000000	75.460632	44.586580	225.014166	158.005433	134.995440	231.636699	205.632889	180.210005	134.992692	270.000000	97.544474	90.000000	176.651230	137.281577	136.561817	75.306613	90.000000	318.059953	0.000000	0.000000	0.001964	40.536983	45.158581	218.994742	180.000000	135.410035	134.202882	221.937418	179.973340	224.202882	134.210502	
49.417115	45.615990	168.122021	223.349283	157.995206	123.232653	89.995118	0.000000	314.916090	22.051253	0.000000	0.000000	75.436124	44.586580	225.014166	158.005433	134.997021	231.623043	205.632889	180.210005	134.992692	270.000000	91.624873	90.000000	176.651230	137.281530	136.561817	75.259863	90.000000	318.059953	0.000000	0.000000	0.001964	40.802157	45.158581	218.994742	180.000000	135.410035	134.202882	221.937418	180.034941	224.202882	134.210502	
49.417115	45.615990	168.245908	223.349283	157.994976	123.232653	89.995118	0.000000	314.916090	22.051256	0.000000	0.000000	75.416244	44.586580	225.014166	158.005433	134.997480	231.618732	205.632889	180.210005	134.992692	270.000000	89.933339	90.000000	176.651230	137.281515	136.561817	75.217971	90.000000	318.059953	0.000000	0.000000	0.001964	40.848175	45.158581	218.994742	180.000000	135.410035	134.202882	221.937418	180.101007	224.202882	134.210502	
49.417115	45.615990	168.358718	223.349283	157.994909	123.232653	89.995118	0.000000	314.916090	22.051256	0.000000	0.000000	75.400928	44.586580	225.014166	158.005433	134.997613	231.617371	205.632889	180.210005	134.992692	270.000000	89.440728	90.000000	176.651230	137.281511	136.561817	75.180888	90.000000	318.059953	0.000000	0.000000	0.001964	40.821867	45.158581	218.994742	180.000000	135.410035	134.202882	221.937418	180.171479	224.202882	134.210502	
49.417115	45.615990	168.460468	223.349283	157.994890	123.232653	89.996519	0.000000	314.916090	22.051257	0.000000	0.000000	75.390110	44.586580	225.014166	158.005433	134.997652	231.616941	205.632889	180.210005	134.992692	270.000000	89.290139	90.000000	176.651230	137.281509	136.561817	75.148565	90.000000	318.059953	0.000000	0.000000	0.001964	40.773633	45.158581	218.994742	180.000000	135.410035	134.202882	221.937418	180.246298	224.202882	134.210502	
49.417115	45.615990	168.551189	223.349283	157.994884	123.232653	89.996926	0.000000	314.916090	22.051257	0.000000	0.000000	75.383723	44.586580	225.014166	158.005433	134.997663	231.616805	205.632889	180.210005	134.992692	270.000000	89.238642	90.000000	176.651230	137.281509	136.561817	75.120953	90.000000	318.059953	0.000000	0.000000	0.001964	40.720799	45.158581	218.994742	180.000000	135.410035	134.202882	221.937418	180.325407	224.202882	134.210502	
49.417115	45.615990	168.630925	223.349283	157.994882	123.232653	89.997045	0.000000	314.916090	22.051257	0.000000	0.000000	75.381700	44.586580	225.014166	158.005433	134.997666	231.616762	205.632889	180.210005	134.992692	270.000000	89.217394	90.000000	176.651230	137.281509	136.561817	75.097997	90.000000	318.059953	0.000000	0.000000	0.001964	40.669344	45.158581	218.994742	180.000000	135.410035	134.202882	221.937418	180.408745	224.202882	134.210502	
49.417115	45.615990	168.699734	223.349283	157.994882	123.232653	89.997080	0.000000	314.916090	22.051257	0.000000	0.000000	64.599233	44.586580	225.014166	158.005433	134.997667	231.616749	205.632889	180.210005	134.992692	270.000000	89.153344	90.000000	176.651230	137.281509	136.561817	75.079645	90.000000	318.059953	0.000000	0.000000	0.001964	40.621355	45.158581	218.994742	180.000000	135.410035	134.202882	221.937418	180.496255	224.202882	134.210502	
49.417115	45.615990	168.757683	223.349283	157.994882	123.232653	89.997090	0.000000	314.916090	22.051257	0.000000	0.000000	62.180462	44.586580	225.014166	158.005433	134.997667	231.616744	205.632889	180.210005	134.992692	270.000000	88.978137	90.000000	176.651230	137.281509	136.561817	75.065843	90.000000	318.059953	0.000000	0.000000	0.001964	40.577582	45.158581	218.994742	180.000000	135.410035	134.202882	221.937418	180.587877	224.202882	134.210502	
49.417115	45.615990	168.804851	223.349283	157.994882	123.232653	89.997093	0.000000	314.916090	22.051257	0.000000	0.000000	61.446875	44.586580	225.014166	158.005433	134.997667	231.616743	205.632889	180.210005	134.992692	270.000000	88.775521	90.000000	176.651230	137.281509	136.561817	75.056533	90.000000	318.059953	0.000000	0.000000	0.001419	40.538315	45.158581	218.994742	180.000000	135.410035	134.202882	221.937418	180.683553	224.202882	134.210502	
49.417115	45.615990	168.841325	223.349283	157.994882	123.232653	89.997094	0.000000	314.916090	22.051257	0.000000	0.000000	61.224317	44.586580	225.014166	158.005433	134.997667	231.616742	205.632889	180.210005	134.992692	270.000000	88.569515	90.000000	176.651230	137.281509	136.561817	75.051659	90.000000	318.059953	0.000000	0.000000	0.001247	40.503683	45.158581	218.994742	180.000000	135.410035	134.202882	221.937418	180.783223	224.202882	134.210502	
49.417115	45.615990	168.867201	223.349283	157.994882	123.232653	89.997094	0.000000	314.916090	22.051257	0.000000	0.000000	61.156790	44.586580	225.014166	158.005433	134.997667	231.616742	205.632889	180.210005	134.992692	270.000000	88.367047	90.000000	176.651230	137.281509	136.561817	75.051164	90.000000	318.059953	0.000000	0.000000	0.001192	40.473763	45.158581	218.994742	180.000000	135.410035	134.202882	221.937418	180.886829	224.202882	134.210502	
49.417115	45.615990	168.882582	223.349283	157.994882	123.232653	89.997094	0.000000	314.916090	22.051257	0.000000	0.000000	61.136299	44.586580	225.014166	158.005433	134.997667	231.616742	205.632889	180.210005	134.992692	270.000000	88.170149	90.000000	176.651230	137.281509	136.561817	75.054987	90.000000	318.059953	0.000000	0.000000	0.001175	40.448608	45.158581	218.994742	180.000000	135.410035	134.202882	221.937418	180.994313	224.202882	134.210502	
49.417115	45.615990	168.887580	223.349283	157.994882	123.232653	89.997094	0.000000	314.916090	22.051257	0.000000	0.000000	61.130081	44.586580	225.014166	158.005433	134.997667	231.616742	205.632889	180.149897	134.992692	270.000000	87.979440	90.000000	176.651230	137.281509	136.561817	75.063070	90.000000	318.059953	0.000000	0.000000	0.001169	52.163384	45.158581	218.994742	180.000000	135.410035	134.202882	221.937418	181.105616	224.202882	134.210502	
49.417115	45.615990	168.882308	223.349283	157.994882	123.232653	89.997094	0.000000	314.916090	22.051257	0.000000	0.000000	61.128194	44.586580	225.014166	158.005433	134.997667	231.616742	205.632889	180.132400	134.992692	270.000000	87.795129	90.000000	176.651230	137.281509	136.561817	75.075352	90.000000	318.059953	0.000000	0.000000	0.001168	56.189864	45.158581	218.994742	180.000000	135.410035	134.202882	221.937418	181.220683	224.202882	134.210502	
49.417115	45.615990	168.866888	223.349283	157.994882	123.232653	89.997094	0.000000	314.916090	22.051257	0.000000	0.000000	61.127621	44.586580	225.014166	158.005433	134.997667	231.616742	205.632889	180.127307	134.992692	270.000000	87.617301	90.000000	176.651230	137.201905	136.561817	75.091771	90.000000	318.059953	0.000000	0.000000	0.001167	57.535564	45.158581	218.994742	180.000000	135.410035	134.202882	221.937418	181.339453	224.202882	134.210502	
49.417115	45.615990	168.841446	223.349283	157.994882	123.232653	89.997094	0.000000	314.916090	22.051257	0.000000	0.000000	61.127447	44.586580	225.014166	158.005433	134.997667	231.616742	205.632889	180.125824	134.992692	270.000000	87.446001	90.000000	176.651230	137.003199	136.561817	75.112266	90.000000	318.059953	0.000000	0.000000	0.001167	57.942562	45.158581	218.994742	180.000000	135.410035	134.202882	221.937418	181.461872	224.202882	134.210502	
49.417115	45.615990	168.806108	223.349283	157.994882	127.465285	89.997094	0.000000	314.916090	22.051257	0.000000	0.000000	61.127394	44.586580	225.014166	158.005433	134.997667	231.616742	205.632889	180.125392	134.992692	270.000000	87.281260	90.000000	176.651230	136.768350	136.561817	63.809392	90.000000	318.059953	0.000000	0.000000	0.001167	58.021807	45.158581	218.994742	180.000000	135.410035	134.202882	221.937418	181.587883	224.202882	134.210502	
49.417115	45.615990	168.761007	223.349283	157.994882	128.578854	89.997094	0.000000	314.916090	22.051257	0.000000	0.000000	61.127378	44.586580	225.014166	158.005433	134.997667	231.616742	205.632889	180.125266	134.992692	270.000000	87.123095	90.000000	176.651230	136.524095	136.561817	62.519463	90.000000	318.059953	0.000000	0.000000	0.001167	57.987717	45.158581	218.994742	180.000000	135.410035	134.202882	221.937418	181.717429	224.202882	134.210502	
49.417115	45.615990	168.706277	223.349283	157.994882	128.872061	89.997094	0.000000	314.916090	22.051257	0.000000	0.000000	61.127373	44.586580	225.014166	158.005433	134.997667	231.616742	205.632889	180.125230	134.992692	270.000000	86.971520	90.000000	176.651230	136.279141	136.561817	62.128138	90.000000	318.059953	0.000000	0.000000	0.001167	57.915568	45.158581	218.994742	180.000000	135.410035	134.202882	221.937418	181.850455	224.202882	134.210502	
49.417115	45.615990	168.642051	223.349283	157.994882	128.949273	89.997094	0.000000	314.916090	22.051257	0.000000	0.000000	61.127372	44.586580	225.014166	158.005433	134.997667	231.616742	205.632889	180.125219	134.992692	270.000000	86.826540	90.000000	176.651230	136.036404	136.561817	62.009403	90.000000	318.059953	0.000000	0.000000	0.001167	57.831812	45.158581	218.994742	180.000000	135.410035	134.202882	221.937418	181.986906	224.202882	134.210502	
49.417115	45.615990	168.568467	223.349283	157.994882	128.969606	89.997094	0.000000	314.916090	22.051257	0.000000	0.000000	61.127371	44.586580	225.014166	158.005433	134.997667	231.616742	205.632889	180.125216	134.992692	270.000000	86.688158	90.000000	176.651230	135.796926	136.561817	61.973374	90.000000	318.059953	0.000000	0.000000	0.001167	57.745765	45.158581	218.994742	180.000000	135.410035	134.202882	221.937418	182.126728	224.202882	134.210502	
49.417115	45.615990	168.485662	223.349283	157.994882	128.974962	89.997094	0.000000	314.916090	22.051257	0.000000	0.000000	61.127371	44.586580	225.014166	158.005433	134.997667	231.616742	205.632889	180.125215	134.992692	270.000000	86.556367	90.000000	176.651230	135.561145	136.561817	61.962440	90.000000	318.059953	0.000000	0.000000	0.001167	57.660737	45.158581	218.994742	180.000000	135.410035	134.202882	221.937418	182.269866	224.202882	134.210502	
49.417115	45.615990	168.393773	223.349283	157.994882	128.976372	89.997094	0.000000	314.916090	22.051257	0.000000	0.000000	61.127371	44.586580	225.014166	158.005433	134.997667	231.616742	205.632889	180.125215	134.992692	270.000000	86.431158	90.000000	176.651230	135.329297	136.561817	61.959122	90.000000	318.059953	0.000000	0.000000	0.001167	57.577925	45.158581	218.994742	180.000000	135.410035	134.202882	221.937418	182.416268	224.202882	134.210502	
49.417115	45.615990	168.292937	223.349283	157.994882	128.976744	89.997094	0.000000	314.916090	22.051257	0.000000	0.000000	61.127371	44.586580	225.014166	158.005433	134.997667	231.616742	205.632889	180.125215	134.992692	270.000000	86.312515	90.000000	176.651230	135.004023	136.561817	61.958114	90.000000	318.059953	0.000000	0.000000	0.001167	57.497786	45.158581	218.994742	180.000000	135.410035	134.202882	221.937418	182.565880	224.202882	134.210502	
49.417115	45.615990	168.183289	223.349283	157.994882	128.976841	89.997094	0.000000	314.916090	22.051257	0.000000	0.000000	61.127371	44.586580	225.014166	158.005433	134.997667	231.616742	205.632889	180.125215	134.992692	270.000000	86.200419	90.000000	176.651230	134.606543	136.561817	61.957809	90.000000	318.059953	0.000000	0.000000	0.001167	57.420519	45.158581	218.994742	180.000000	135.410035	134.202882	221.937418	182.718651	224.202882	134.210502	
49.417115	45.615990	168.064966	223.349283	157.994882	128.976867	89.997094	0.000000	314.916090	22.051257	0.000000	0.000000	61.127371	44.586580	225.014166	158.005433	134.997667	231.616742	205.632889	180.125215	134.992692	270.000000	86.094846	90.000000	176.651230	134.185826	136.561817	61.957716	90.000000	318.059953	0.000000	0.000000	0.001167	57.346229	45.158581	218.994742	180.000000	135.410035	134.202882	221.937418	182.874528	224.202882	134.210502	
49.417115	45.615990	167.938102	223.349283	157.994882	128.976874	89.997094	0.000000	314.916090	22.051257	0.000000	0.000000	61.127371	44.586580	225.014166	158.005433	134.997667	231.616742	205.632889	180.125215	134.992692	270.000000	85.995767	90.000000	176.651230	133.758284	136.561817	61.957688	90.000000	318.059953	0.000000	0.000000	0.001167	57.274986	45.158581	218.994742	180.000000	135.410035	134.202882	221.937418	183.033462	224.202882	134.210502	
49.417115	45.615990	167.802829	223.349283	157.994882	128.976876	89.997094	0.000000	314.916090	22.051257	0.000000	0.000000	61.127371	44.586580	225.014166	158.005433	134.997667	231.616742	205.632889	180.125215	134.992692	270.000000	85.903151	90.000000	176.651230	133.329688	136.561817	61.957679	90.000000	318.059953	0.000000	0.000000	0.001167	57.206850	45.158581	218.994742	180.000000	135.410035	134.202882	221.937418	183.195401	224.202882	134.210502	
49.417115	45.615990	167.659279	223.349283	157.994882	128.976876	89.997094	0.000000	314.916090	22.051257	0.000000	0.000000	61.127371	44.586580	225.014166	158.005433	134.997667	231.616742	205.632889	180.125215	134.992692	270.000000	85.816961	90.000000	176.651230	132.902309	136.561817	61.957677	90.000000	318.059953	0.000000	0.000000	0.001167	57.141874	45.158581	218.994742	180.000000	135.410035	134.202882	221.937418	183.360297	224.202882	134.210502	
49.417115	45.615990	167.507579	223.349283	157.994882	128.976876	89.997094	0.000000	314.916090	22.051257	0.000000	0.000000	61.127371	44.586580	225.014166	158.005433	134.997667	231.616742	205.632889	180.125215	134.992692	270.000000	85.737160	90.000000	176.651230	132.477263	136.561817	61.957676	90.000000	318.059953	0.000000	0.000000	0.001167	57.080110	45.158581	218.994742	180.000000	135.410035	134.202882	221.937418	183.528099	224.202882	134.210502	
49.417115	45.615990	167.347858	223.349283	157.994882	128.976876	89.997094	0.000000	314.916090	22.051257	0.000000	0.000000	61.127371	44.586580	225.014166	158.005433	134.997667	231.616742	205.632889	180.125215	134.992692	270.000000	85.663704	90.000000	176.651230	132.055279	136.561817	61.957676	90.000000	318.059953	0.000000	0.000000	0.001167	57.021606	45.158581	218.994742	180.000000	135.410035	134.202882	221.937418	183.698760	224.202882	134.210502	
49.417115	45.615990	167.180238	223.349283	157.994882	128.976876	89.997094	0.000000	314.916090	22.051257	0.000000	0.000000	61.127371	44.586580	225.014166	158.005433	134.997667	231.616742	205.632889	180.125215	134.992692	270.000000	85.596549	90.000000	176.651230	131.636956	136.561817	61.957675	90.000000	316.996759	0.000000	0.000000	0.001167	56.966408	45.158581	218.994742	180.000000	135.410035	134.202882	221.937418	183.872231	224.202882	134.210502	
49.417115	45.615990	167.004844	223.349283	157.994882	128.976876	89.997094	0.000000	314.916090	22.051257	0.000000	0.000000	61.127371	44.586580	225.014166	158.005433	134.997667	231.616742	205.632889	180.125215	134.992692	270.000000	85.535647	90.000000	176.651230	131.222850	136.561817	61.957675	90.000000	316.688104	0.000000	0.000000	0.001167	56.914562	45.158581	218.994742	164.343004	135.410035	134.202882	221.937418	184.048466	224.202882	134.210502	
49.417115	45.615990	166.821793	223.349283	157.994882	128.976876	89.997094	0.000000	314.916090	22.051257	0.000000	0.000000	61.127371	44.586580	225.014166	158.005433	134.997667	231.616742	205.632889	180.125215	134.992692	270.000000	85.480948	90.000000	176.651230	130.813497	136.561817	61.957675	90.000000	316.598488	0.000000	0.000000	0.001167	56.866112	45.158581	218.994742	159.839342	135.410035	134.202882	221.937418	191.736272	224.202882	134.210502	
49.417115	45.615990	166.631202	223.349283	157.994882	128.976876	89.997094	0.000000	314.916090	22.051257	0.000000	0.000000	61.127371	44.586580	225.014166	158.005433	134.997667	231.616742	205.632889	180.125215	134.992692	270.000000	85.432400	90.000000	176.651230	130.409424	136.561817	61.957675	90.000000	316.572466	0.000000	0.000000	0.001167	56.821099	45.158581	218.994742	158.531150	135.410035	134.202882	221.937418	186.699823	224.202882	134.210502	
49.417115	45.615990	166.433186	223.349283	157.994882	128.976876	89.997094	0.000000	314.916090	22.051257	0.000000	0.000000	61.127371	44.586580	225.014166	158.005433	134.997667	231.616742	205.632889	180.125215	134.992692	270.000000	85.389949	90.000000	176.651230	130.011146	136.561817	61.957675	90.000000	316.564910	0.000000	0.000000	0.001167	56.779563	45.158581	218.994742	158.150821	135.410035	134.202882	221.937418	185.220663	224.202882	134.210502	
47.825171	45.615990	166.227856	223.349283	157.994882	128.976876	89.997094	0.000000	314.916090	22.051257	0.000000	0.000000	61.127371	44.586580	225.014166	158.005433	134.997667	231.616742	205.632889	180.125215	134.992692	270.000000	85.353540	90.000000	176.651230	129.619169	136.561817	61.957675	90.000000	316.562716	0.000000	0.000000	0.001167	56.741544	45.158581	218.994742	158.040231	135.410035	134.202882	221.937418	192.248177	224.202882	134.210502	
47.406072	45.615990	166.015320	223.349283	157.994882	128.976876	89.997094	0.000000	314.916090	22.051257	0.000000	0.000000	61.127371	44.586580	225.014166	158.005433	134.997667	231.616742	205.632889	180.125215	134.995330	270.000000	85.323114	90.000000	176.651230	129.233988	136.561817	61.957675	90.000000	316.562078	0.000000	0.000000	0.001167	56.707078	45.158581	218.994742	158.008071	135.410035	134.202882	221.937418	187.141547	224.202882	134.210502	
47.295721	45.615990	155.825489	223.349283	157.994882	128.976876	89.997094	0.000000	314.916090	22.051257	0.000000	0.000000	61.127371	44.586580	225.014166	158.005433	134.997667	231.616742	205.632889	180.125215	134.996024	270.000000	85.298612	90.000000	176.651230	128.856080	136.561817	61.957675	73.117426	316.561893	0.000000	0.000000	0.001167	56.676201	45.158581	218.994742	157.998718	135.410035	134.202882	221.937418	192.930461	224.202882	134.210502	
47.266663	45.615990	162.112993	223.349283	157.994882	128.976876	89.997094	0.000000	314.916090	22.051257	0.000000	0.000000	61.127371	44.586580	225.014166	158.005433	134.997667	231.616742	205.632889	180.125215	134.996207	270.000000	85.279976	90.000000	176.651230	128.485908	136.561817	61.957675	69.210644	316.561839	0.000000	0.000000	0.001167	56.648946	45.158581	218.994742	157.995998	135.410035	134.202882	221.937418	187.519957	224.202882	134.210502	
47.259010	45.615990	164.226497	223.349283	157.994882	128.976876	89.997094	0.000000	314.916090	22.051257	0.000000	0.000000	61.127371	44.586580	225.014166	158.005433	134.997667	231.616742	205.632889	180.125215	134.996255	270.000000	85.267143	90.000000	176.651230	128.123918	136.561817	61.957675	68.295063	316.561824	0.000000	0.000000	0.001167	56.625346	45.158581	221.160655	157.995206	135.410035	134.202882	221.937418	193.121754	224.202882	134.210502	
47.256995	45.615990	155.092750	223.349283	157.994882	128.976876	89.997094	0.000000	314.916090	22.051257	0.000000	0.000000	61.127371	44.586580	225.014166	158.005433	134.997667	231.616742	205.632889	180.125215	134.996268	270.000000	85.260052	90.000000	176.651230	127.770536	136.561817	61.957675	68.080334	316.561819	0.000000	0.000000	0.001167	56.605431	45.158581	221.730816	157.994976	135.410035	134.202882	221.937418	187.750978	224.202882	134.210502	
47.256464	45.615990	161.529544	223.349283	157.994882	128.976876	89.997094	0.000000	314.916090	22.051257	0.000000	0.000000	61.127371	44.586580	225.014166	158.005433	134.997667	231.616742	205.632889	180.125215	134.996271	270.000000	85.258640	90.000000	176.651230	127.426166	136.561817	61.957675	68.029969	316.561818	0.000000	0.000000	0.001167	56.589230	45.158581	221.880945	157.994909	135.410035	134.202882	221.937418	193.266481	224.202882	134.210502	
47.256325	45.615990	163.668565	223.349283	157.994882	128.976876	89.997094	0.000000	314.916090	22.051257	0.000000	0.000000	61.127371	44.586580	225.014166	158.005433	134.997667	231.616742	205.632889	180.125215	134.996272	270.000000	85.262844	90.000000	176.651230	127.091190	136.561817	61.957675	68.018155	316.561818	0.000000	0.000000	0.001167	56.576770	45.158581	221.920478	157.994890	135.410035	134.202882	221.937418	183.740763	224.202882	134.210502	
47.256288	45.615990	154.785948	223.349283	157.994882	128.976876	89.997094	0.000000	314.916090	22.051257	0.000000	0.000000	61.127371	44.586580	225.014166	158.005433	134.997667	231.616742	205.632889	180.125215	134.996272	270.000000	85.272600	90.000000	176.651230	126.765969	136.561817	61.957675	68.015384	316.561817	0.000000	0.000000	0.001167	56.568077	45.158581	221.930889	157.994884	135.410035	134.202882	221.937418	187.676016	224.202882	134.210502	
47.256278	45.615990	161.052483	223.349283	157.994882	128.976876	89.997094	0.000000	314.916090	22.051257	0.000000	0.000000	61.127371	44.586580	225.014166	158.005433	134.997667	231.616742	205.632889	180.125215	134.996272	270.000000	85.287844	90.000000	176.651230	126.450839	136.561817	61.957675	68.014734	316.561817	0.000000	0.000000	0.001167	56.563175	45.158581	221.933631	157.994882	135.410035	134.202882	221.937418	188.920775	224.202882	134.210502	
47.256275	45.615990	153.776220	223.349283	157.994882	128.976876	89.997094	0.000000	314.916090	22.051257	0.000000	0.000000	61.127371	44.586580	225.014166	158.005433	134.997667	231.616742	205.632889	180.125215	134.996272	270.000000	85.308512	90.000000	176.651230	126.146110	136.561817	61.957675	68.014581	316.561817	0.000000	0.000000	0.001167	56.562087	45.158581	221.934353	157.994882	135.410035	134.202882	221.937418	189.314775	224.202882	134.210502	
47.256275	45.615990	160.467734	223.349283	157.994882	128.976876	89.997094	0.000000	314.916090	22.051257	0.000000	0.000000	61.127371	44.586580	225.014166	158.005433	134.997667	231.616742	205.632889	180.125215	134.996272	270.000000	85.334539	90.000000	176.651230	125.852068	136.561817	61.957675	68.014546	316.561817	0.000000	0.000000	0.001167	56.564832	45.158581	221.934544	157.994882	135.410035	134.202882	221.937418	189.439510	224.202882	134.210502	
47.256275	45.615990	153.499919	223.349283	157.994882	128.976876	89.997094	0.000000	314.916090	22.051257	0.000000	0.000000	61.127371	44.586580	225.014166	158.005433	134.997667	231.616742	205.632889	180.125215	134.996272	270.000000	85.365861	90.000000	176.651230	125.568975	136.561817	61.957675	68.014537	316.561817	0.000000	0.000000	0.001167	56.571432	45.158581	221.934594	157.994882	135.410035	134.202882	221.937418	189.479004	224.202882	134.210502	
47.256275	45.615990	160.122778	223.349283	157.994882	128.976876	89.997094	0.000000	314.916090	22.051257	0.000000	0.000000	61.127371	44.586580	225.014166	158.005433	134.997667	231.616742	205.632889	180.125215	134.996272	270.000000	85.402414	90.000000	176.651230	125.297066	136.561817	61.957675	68.014535	316.561817	0.000000	0.000000	0.001167	56.581903	45.158581	221.934607	157.994882	135.410035	134.202882	221.937418	189.491510	224.202882	134.210502	
47.256275	45.615990	153.298462	223.349283	157.994882	128.976876	89.997094	0.000000	314.916090	22.051257	0.000000	0.000000	61.127371	44.586580	225.014166	158.005433	134.997667	231.616742	205.632889	180.125215	134.996272	270.000000	85.444133	90.000000	176.651230	125.036552	136.561817	61.957675	68.014535	316.561817	0.000000	0.000000	0.001167	56.596261	45.158581	221.934610	157.994882	135.410035	134.202882	221.937418	189.495471	224.202882	134.210502	
47.256275	45.615990	159.783303	223.349283	157.994882	128.976876	89.997094	0.000000	314.916090	22.051257	0.000000	0.000000	61.127371	44.586580	225.014166	158.005433	134.997667	231.616742	205.632889	180.125215	134.996272	270.000000	95.342858	90.000000	176.651230	124.787618	136.561817	61.957675	68.014535	316.561817	0.000000	0.000000	0.001167	56.614522	45.158581	221.934611	157.994882	135.410035	134.202882	221.937418	189.496726	224.202882	134.210502	
47.256275	45.615990	165.956759	223.349283	157.994882	128.976876	89.997094	0.000000	314.916090	22.051257	0.000000	0.000000	61.127371	44.586580	225.014166	158.005433	134.997667	231.616742	205.632889	180.125215	134.996272	270.000000	88.246693	90.000000	176.651230	124.550425	136.561817	61.957675	68.014535	316.561817	0.000000	0.000000	0.001167	56.636697	45.158581	221.934612	157.994882	135.410035	134.202882	221.937418	189.497123	224.202882	134.210502	
47.256275	45.615990	168.053955	223.349283	157.994882	128.976876	89.997094	0.000000	314.916090	22.051257	0.000000	0.000000	61.127371	44.586580	225.014166	158.005433	134.997667	231.616742	205.632889	180.125215	134.996272	270.000000	86.241813	90.000000	177.595165	124.325110	136.561817	61.957675	68.014535	316.561817	0.000000	0.000000	0.001167	56.662800	45.158581	221.934612	157.994882	135.410035	134.202882	221.937418	189.497249	224.202882	134.210502	
47.256275	45.615990	168.749878	223.349283	157.994882	128.976876	89.997094	0.000000	314.916090	22.051257	0.000000	0.000000	61.127371	44.586580	225.014166	158.005433	134.997667	231.616742	205.632889	180.125215	134.996272	270.000000	95.466679	90.000000	177.882084	124.111786	136.561817	61.957675	68.014535	316.561817	0.000000	0.000000	0.001167	56.692839	45.158581	221.934612	157.994882	135.410035	134.479799	221.937418	189.497289	224.202882	134.210502	
47.256275	45.615990	168.962156	223.349283	157.994882	128.976876	89.997094	0.000000	314.916090	22.051257	0.000000	0.000000	61.127371	44.586580	225.014166	158.005433	134.997667	231.616742	205.632889	180.125215	134.996272	270.000000	88.278701	90.000000	177.969308	123.910544	136.561817	61.957675	68.014535	316.561817	0.000000	0.000000	0.001167	56.726823	45.158581	221.934612	157.994882	135.410035	134.560193	221.937418	189.497302	224.202882	134.210502	
47.256275	45.615990	169.005676	223.349283	157.994882	128.976876	89.997094	0.000000	314.916090	22.051257	0.000000	0.000000	61.127371	44.586580	225.014166	158.005433	134.997667	231.616742	205.632889	180.125215	134.996272	270.000000	86.263079	90.000000	177.995827	129.608646	136.561817	61.957675	68.014535	316.561817	0.000000	0.000000	0.001167	56.764758	45.158581	221.934612	157.994882	135.410035	134.583535	221.937418	189.497306	224.202882	134.210502	
47.256275	45.615990	168.988282	223.349283	157.994882	128.976876	89.997094	0.000000	314.916090	22.051257	0.000000	0.000000	61.127371	44.586580	225.014166	158.005433	134.997667	231.616742	205.632889	180.125215	134.996272	270.000000	95.386416	90.000000	178.003891	125.641869	136.561817	61.957675	68.014535	316.561817	0.000000	0.000000	0.001167	56.806651	45.158581	221.934612	157.994882	135.410035	134.590312	221.937418	189.497307	224.202882	134.210502	
47.256275	45.615990	168.946841	223.349283	157.994882	128.976876	89.997094	0.000000	314.916090	22.051257	0.000000	0.000000	61.127371	44.586580	225.014166	158.005433	134.997667	231.616742	205.632889	180.125215	134.996272	270.000000	88.288911	90.000000	178.006343	124.056361	136.561817	61.957675	68.014535	316.561817	0.000000	0.000000	0.001167	56.852505	45.158581	221.934612	157.994882	135.410035	134.592281	221.937418	189.497307	224.202882	134.210502	
47.256275	45.615990	168.893944	223.349283	157.994882	128.976876	89.997094	0.000000	314.916090	22.051257	0.000000	0.000000	61.127371	44.586580	225.014166	158.005433	134.997667	231.616742	205.632889	180.125215	134.996272	270.000000	95.890587	90.000000	178.007089	129.440733	136.561817	61.957675	68.014535	316.561817	0.000000	0.000000	0.001167	56.902321	45.158581	221.934612	157.994882	135.410035	134.592852	221.937418	189.497307	224.202882	134.210502	
47.256275	45.615990	168.833905	223.349283	157.994882	128.976876	89.997094	0.000000	314.916090	22.051257	0.000000	0.000000	61.127371	44.586580	225.014166	158.005433	134.997667	231.616742	205.632889	180.125215	134.996272	285.656996	88.429538	90.000000	178.007316	125.197963	136.561817	61.957675	68.014535	316.561817	0.000000	0.000000	0.001167	56.956101	45.158581	221.934612	157.994882	135.410035	134.593018	221.937418	189.497307	224.202882	134.210502	
47.256275	45.615990	168.768215	223.349283	157.994882	128.976876	89.997094	0.000000	314.916090	22.051257	0.000000	0.000000	61.127371	44.586580	225.014166	158.005433	134.997667	231.616742	205.632889	180.125215	134.996272	290.160658	95.859488	90.000000	178.007385	129.699832	136.561817	61.957675	68.014535	316.561817	0.000000	0.000000	0.001167	57.013844	45.158581	221.934612	157.994882	135.410035	134.593066	221.937418	189.497307	224.202882	134.210502	
47.256275	45.615990	168.697416	223.349283	157.994882	128.976876	89.997094	0.000000	314.916090	22.051257	0.000000	0.000000	61.127371	44.586580	225.014166	158.005433	134.997667	231.616742	205.632889	180.125215	134.996272	291.468850	88.433618	90.000000	178.007406	125.040430	136.561817	61.957675	68.014535	316.561817	0.000000	0.000000	0.001167	57.075548	45.158581	221.934612	157.994882	135.410035	134.593080	221.937418	189.497307	224.202882	134.210502	
47.256275	45.615990	168.621722	223.349283	157.994882	128.976876	89.997094	0.000000	314.916090	22.051257	0.000000	0.000000	61.127371	44.586580	225.014166	158.005433	134.997667	231.616742	205.632889	180.125215	134.996272	291.849179	95.797747	90.000000	178.007412	129.501733	136.561817	61.957675	68.014535	316.561817	0.000000	0.000000	0.001167	57.141208	45.158581	221.934612	157.994882	135.410035	134.593084	222.984267	189.497307	224.202882	134.480508	
47.256275	45.615990	168.541243	223.349283	157.994882	128.976876	89.997094	0.000000	314.916090	22.051257	0.000000	0.000000	61.127371	44.586580	225.014166	158.005433	134.997667	231.616742	205.632889	180.125215	134.996272	291.959769	88.445639	90.000000	178.007414	124.741691	136.561817	61.957675	68.014535	316.561817	0.000000	0.000000	0.001167	57.210819	45.158581	221.934612	157.994882	135.410035	134.593086	223.301606	189.497307	224.202882	134.562360	
47.256275	45.615990	168.456051	223.349283	157.994882	128.976876	89.997094	0.000000	314.916090	22.051257	0.000000	0.000000	61.127371	44.586580	225.014166	158.005433	134.997667	231.616742	205.632889	180.125215	134.996272	291.991929	95.747222	90.000000	178.007415	129.264209	136.561817	61.957675	68.014535	316.561817	0.000000	0.000000	0.001167	57.284374	45.158581	221.934612	157.994882	135.410035	134.593086	223.397815	189.497307	224.202882	134.587176	
47.256275	45.615990	168.366209	223.349283	157.994882	128.976876	89.997094	0.000000	314.916090	22.051257	0.000000	0.000000	61.127371	44.586580	225.014166	158.005433	134.997667	231.616742	205.632889	180.125215	134.996272	292.001282	88.477265	90.000000	178.007415	124.458831	136.561817	61.957675	68.014535	316.561817	0.000000	0.000000	0.001167	57.361865	45.158581	221.934612	157.994882	135.410035	134.593086	223.426985	189.497307	224.202882	134.594700	
47.256275	45.615990	168.271776	223.349283	157.994882	128.976876	89.997094	0.000000	314.916090	22.051257	0.000000	0.000000	61.127371	44.586580	225.014166	158.005433	134.997667	231.616742	205.632889	180.125215	134.996272	292.004002	95.711333	90.000000	178.007415	129.044611	136.561817	61.957675	68.014535	316.561817	0.000000	0.000000	0.001167	57.443281	45.158581	221.934612	157.994882	135.410035	134.593086	223.435830	189.497307	224.202882	134.596982	
47.256275	45.615990	168.172811	223.349283	157.994882	128.976876	89.997094	0.000000	314.916090	22.051257	0.000000	0.000000	61.127371	44.586580	225.014166	158.005433	134.997667	231.616742	205.632889	180.125215	134.996272	292.004794	88.529144	90.000000	178.007415	130.629792	136.561817	61.957675	68.014535	316.561817	0.000000	0.000000	0.001167	57.528612	45.158581	221.934612	157.994882	135.410035	134.593086	223.438513	189.497307	224.202882	134.597674	
47.256275	45.615990	168.069374	223.349283	157.994882	128.976876	89.997094	0.000000	314.916090	22.051257	0.000000	0.000000	61.127371	44.586580	225.014166	158.005433	134.997667	231.616742	205.632889	180.125215	134.996272	292.005024	95.690297	90.000000	178.007415	124.676182	136.561817	61.957675	68.014535	316.561817	0.000000	0.000000	0.001167	57.617844	45.158581	221.934612	157.994882	135.410035	134.593086	223.439326	189.497307	224.202882	134.597883	
47.256275	45.615990	167.961526	223.349283	157.994882	128.976876	89.997094	0.000000	314.916090	22.051257	0.000000	0.000000	61.127371	44.586580	225.014166	158.005433	134.997667	231.616742	205.632889	180.125215	134.996272	292.005091	88.601008	90.000000	178.007415	128.937832	136.561817	61.957675	68.014535	316.561817	0.000000	0.000000	0.001167	57.710964	45.158581	221.934612	157.994882	135.410035	134.593086	223.439573	189.497307	224.202882	134.597947	
47.256275	45.615990	167.849327	223.349283	157.994882	128.976876	89.997094	0.000000	314.916090	22.051257	0.000000	0.000000	61.127371	44.586580	225.014166	158.005433	134.997667	231.616742	205.632889	180.125215	134.996272	292.005110	95.684056	90.000000	178.007415	130.417520	136.561817	61.957675	68.014535	316.561817	0.000000	0.000000	0.001167	57.807955	45.158581	221.934612	157.994882	135.410035	134.593086	223.439648	189.497307	224.202882	134.597966	
47.256275	45.615990	167.732840	223.349283	157.994882	128.976876	89.997094	0.000000	314.916090	29.886445	0.000000	0.000000	61.127371	44.586580	225.014166	158.005433	134.997667	231.616742	205.632889	180.125215	134.996272	292.005116	97.689741	90.000000	178.007415	130.883615	136.561817	61.957675	68.014535	316.561817	0.000000	0.000000	0.001167	57.908800	45.158581	221.934612	157.994882	135.410035	134.593086	223.439670	189.497307	224.202882	134.597972	
47.256275	45.401813	167.612127	223.349283	157.994882	128.976876	89.997094	0.000000	314.916090	32.256313	0.000000	0.000000	61.127371	44.586580	225.014166	158.005433	134.997667	231.616742	205.632889	180.125215	134.996272	292.005118	89.247395	90.000000	178.007415	130.981979	136.561817	61.957675	68.014535	316.561817	0.000000	0.000000	0.001167	58.013481	45.158581	221.934612	157.994882	135.410035	134.593086	223.439677	189.497307	224.202882	134.597974	
47.256275	45.339632	167.487250	223.349283	157.994882	128.976876	89.997094	0.000000	314.916090	32.974845	0.000000	0.000000	61.127371	44.586580	225.014166	158.005433	134.997667	231.616742	205.632889	180.125215	134.996272	292.005118	95.798382	90.000000	178.007415	130.948880	136.561817	61.957675	68.014535	316.561817	0.000000	0.000000	0.000844	58.121979	45.158581	221.934612	157.994882	135.410035	134.593086	223.439679	189.497307	224.202882	134.597975	
47.256275	45.321578	167.358274	223.349283	157.994882	128.976876	89.997094	0.000000	314.916090	33.192766	0.000000	0.000000	61.127371	44.586580	225.014166	158.005433	134.997667	231.616742	205.632889	180.125215	134.996272	292.005118	97.657864	90.000000	178.007415	130.870858	136.561817	61.957675	68.014535	316.561817	0.000000	0.000000	0.000742	58.234271	45.158581	221.934612	157.994882	135.410035	134.593086	223.439680	189.497307	224.202882	134.597975	
47.256275	45.316335	167.225262	223.349283	157.994882	128.976876	89.997094	0.000000	314.916090	33.258864	0.000000	0.000000	61.127371	44.586580	225.014166	158.005433	134.997667	231.616742	205.632889	180.125215	134.996272	292.005118	98.151085	90.000000	178.007415	130.779674	136.561817	61.957675	68.014535	316.561817	0.000000	0.000000	0.000710	58.350337	45.158581	221.934612	157.994882	135.410035	134.593086	223.439680	189.497307	224.202882	134.597975	
47.256275	45.314813	167.088276	223.349283	157.994882	128.976876	89.997094	0.000000	314.916090	33.278915	0.000000	0.000000	61.127371	44.586580	225.014166	158.005433	134.997667	231.616742	205.632889	180.125215	134.996272	292.005118	98.247482	90.000000	178.007415	130.687038	136.561817	61.957675	68.014535	316.561817	0.000000	0.000000	0.000700	58.470151	45.158581	221.934612	157.994882	135.410035	134.593086	223.439680	189.497307	224.202882	134.597975	
47.256275	45.314371	166.947382	223.349283	157.994882	128.976876	89.997928	0.000000	314.916090	33.284998	0.000000	0.000000	61.127371	44.586580	225.014166	158.005433	134.997667	231.616742	205.632889	180.125215	134.996272	292.005118	98.230499	90.000000	178.007415	130.597311	136.561817	61.957675	68.014535	316.561817	0.000000	0.000000	0.000697	58.593691	45.158581	221.934612	157.994882	135.410035	134.593086	223.439680	189.497307	224.202882	134.597975	
47.256275	45.314243	166.802642	223.349283	157.994882	128.976876	89.998170	0.000000	314.916090	33.286843	0.000000	0.000000	61.127371	44.586580	225.014166	158.005433	134.997667	231.616742	205.632889	180.125215	134.996272	292.005118	98.183047	90.000000	178.007415	130.512155	136.561817	61.957675	68.014535	316.561817	0.000000	0.000000	0.000696	58.720930	45.158581	221.934612	157.994882	135.410035	134.593086	223.439680	189.497307	224.202882	134.597975	
47.256275	45.314205	166.654119	223.349283	157.994882	128.976876	89.998241	0.000000	314.916090	33.287403	0.000000	0.000000	61.127371	44.586580	225.014166	158.005433	134.997667	231.616742	205.632889	180.125215	134.996272	292.005118	98.129390	90.000000	178.007415	130.432246	136.561817	61.957675	68.014535	316.561817	0.000000	0.000000	0.000695	63.096496	45.158581	221.934612	157.994882	135.410035	134.593086	223.439680	189.497307	224.202882	134.597975	
47.256275	45.314195	166.501878	223.349283	157.994882	128.976876	89.998262	0.000000	314.916090	33.287573	0.000000	0.000000	61.127371	44.586580	225.014166	158.005433	134.997667	231.616742	205.632889	180.125215	134.996272	292.005118	98.076638	90.000000	178.007415	130.357890	136.561817	61.957675	68.014535	316.561817	0.000000	0.000000	0.000695	64.490192	45.158581	221.934612	157.994882	135.410035	134.593086	223.439680	189.497307	224.202882	134.597975	
47.256275	45.314191	166.345979	223.349283	149.986253	128.976876	89.998268	0.000000	314.916090	33.287624	0.000000	0.000000	61.127371	44.586580	225.014166	158.005433	134.997667	231.616742	205.632889	180.125215	134.996272	292.005118	98.026883	90.000000	178.007415	130.289257	136.561817	61.957675	68.014535	316.561817	0.000000	0.000000	0.000695	64.962423	45.158581	221.934612	157.994882	135.410035	134.593086	223.439680	189.497307	224.202882	134.597975	
47.256275	45.314190	166.186486	223.349283	147.666725	128.976876	89.998269	0.000000	314.916090	33.287640	0.000000	0.000000	61.127371	44.586580	225.014166	158.005433	134.997667	231.616742	205.632889	180.125215	134.996272	292.005118	97.980749	90.000000	178.007415	130.226466	136.561817	61.957675	68.014535	316.561817	0.000000	0.000000	0.000695	65.152067	45.158581	221.934612	157.994882	135.410035	134.593086	223.439680	189.497307	224.202882	134.597975	
47.256275	45.314190	166.023459	223.349283	146.993179	128.976876	89.998270	0.000000	314.916090	33.287645	0.000000	0.000000	61.127371	44.586580	225.014166	158.005433	134.997667	231.616742	205.632889	180.125215	134.996272	292.005118	97.938426	90.000000	178.007415	130.169611	136.561817	61.957675	68.014535	316.561817	0.000000	0.000000	0.000695	65.256912	45.158581	221.934612	157.994882	135.410035	134.593086	223.439680	189.497307	224.202882	134.597975	
47.256275	45.314190	165.856960	223.349283	146.797538	128.976876	89.998270	0.000000	314.916090	33.287646	0.000000	0.000000	61.127371	44.586580	225.014166	158.005433	134.997667	231.616742	205.632889	180.125215	134.996272	292.005118	97.899979	90.000000	178.007415	130.118779	136.561817	61.957675	68.014535	316.561817	0.000000	0.000000	0.000695	65.337990	45.158581	221.934612	157.994882	135.410035	134.593086	223.439680	189.497307	224.202882	134.597975	
47.256275	45.314190	165.687049	223.349283	146.740706	128.976876	89.998270	0.000000	314.916090	33.287647	0.000000	0.000000	61.127371	44.586580	225.014166	158.005433	134.997667	231.616742	205.632889	180.125215	134.996272	292.005118	91.910673	90.000000	178.007415	141.702955	136.561817	61.957675	68.014535	316.561817	0.000000	0.000000	0.000695	65.414054	45.158581	221.934612	157.994882	135.410035	134.593086	223.439680	189.497307	224.202882	134.597975	
47.256275	45.314190	165.513786	223.349283	146.724195	128.976876	89.998270	0.000000	314.916090	33.287647	0.000000	0.000000	61.127371	44.586580	225.014166	158.005433	134.997667	231.616742	205.632889	180.089375	134.996272	292.005118	90.198207	90.000000	178.007415	145.946880	136.561817	61.957675	68.014535	316.561817	0.000000	0.000000	0.000695	65.490831	45.158581	221.934612	157.994882	135.410035	134.593086	223.439680	189.497307	224.202882	134.597975	
47.256275	45.314190	165.337227	223.349283	146.719398	128.976876	89.998270	0.000000	314.916090	33.287647	0.000000	0.000000	61.127371	44.586580	225.014166	158.005433	134.997667	229.394945	205.632889	180.078943	134.996272	292.005118	89.698316	90.000000	178.007415	147.457991	136.561817	61.957675	68.014535	316.561817	0.000000	0.000000	0.000695	65.570044	45.103403	221.934612	157.994882	135.410035	134.593086	223.439680	189.497307	224.202882	134.597975	
47.256275	45.314190	165.157432	223.349283	146.718004	128.976876	89.998270	0.000000	314.916090	33.287647	0.000000	0.000000	61.127371	44.586580	225.014166	158.005433	134.997667	228.694010	205.632889	180.075906	134.996272	292.005118	89.544307	90.000000	178.007415	147.947921	136.561817	61.957675	68.014535	316.561817	0.000000	0.000000	0.000695	65.652194	45.087383	221.934612	157.994882	135.410035	134.593086	223.439680	189.497307	224.202882	134.597975	
47.256275	45.314190	164.974457	223.349283	146.717599	128.976876	89.998270	0.000000	314.916090	33.287647	0.000000	0.000000	61.127371	44.586580	225.014166	158.005433	134.997667	228.472820	205.632889	180.075022	134.996272	292.005118	89.490488	90.000000	178.007415	148.057215	136.561817	61.957675	68.014535	316.561817	0.000000	0.000000	0.000695	65.737402	45.082731	221.934612	157.994882	135.410035	134.593086	223.439680	189.497307	224.202882	134.597975	
47.256275	45.314190	164.788357	223.349283	146.717482	128.976876	89.998270	0.000000	314.916090	33.287647	0.000000	0.000000	61.127371	44.586580	225.014166	158.005433	134.997667	228.403012	205.632889	180.074764	134.996272	292.005118	89.467237	90.000000	178.007415	148.025829	136.561817	61.957675	68.014535	316.561817	0.000000	0.000000	0.000695	65.825677	45.081381	221.934612	157.994882	135.410035	134.593086	223.439680	189.497307	224.202882	134.597975	
47.256275	45.314190	164.599186	223.349283	146.717447	128.976876	89.998270	0.000000	314.916090	33.287647	0.000000	0.000000	61.127371	44.586580	225.014166	158.005433	134.997667	228.380979	205.632889	180.074689	134.996272	292.005118	89.454831	90.000000	178.007415	147.943712	136.561817	61.957675	68.014535	316.561817	0.000000	0.000000	0.000695	65.916993	45.080989	221.934612	157.994882	135.410035	134.593086	223.439680	189.497307	224.202882	134.597975	
47.256275	45.314190	164.406998	223.349283	146.717438	128.976876	89.998270	0.000000	314.916090	33.287647	0.000000	0.000000	61.127371	44.586580	225.014166	158.005433	134.997667	228.374024	205.632889	180.074668	134.996272	292.005118	89.324690	90.000000	178.007415	147.844627	136.561817	61.957675	68.014535	316.561817	0.000000	0.000000	0.000695	66.011309	45.080875	221.934612	157.994882	135.410035	134.593086	223.439680	189.497307	224.202882	134.597975	
47.256275	45.314190	164.211844	223.349283	146.717435	128.976876	89.998270	0.000000	314.916090	33.287647	0.000000	0.000000	61.127371	44.586580	225.014166	158.005433	134.997667	228.371829	205.632889	180.074661	134.996272	292.005118	89.132517	90.000000	178.007415	147.741284	136.561817	61.957675	68.014535	316.561817	0.000000	0.000000	0.000695	66.108582	45.080842	221.934612	157.994882	135.410035	134.593086	223.439680	189.497307	224.202882	134.597975	
47.256275	45.314190	164.013776	223.349283	146.717434	128.976876	89.998270	0.000000	314.916090	33.287647	0.000000	0.000000	61.127371	44.586580	225.014166	158.005433	134.997667	228.371136	205.632889	180.074659	134.996272	292.005118	88.927021	90.000000	178.007415	147.638508	136.561817	61.957675	68.014535	316.561817	0.000000	0.000000	0.000695	66.208768	45.080832	221.934612	157.994882	135.410035	134.593086	223.439680	189.497307	224.202882	134.597975	
47.256275	45.314190	163.812843	223.349283	146.717434	128.976876	89.998270	0.000000	314.916090	33.287647	0.000000	0.000000	61.127371	44.586580	225.014166	158.005433	134.997667	228.370917	205.632889	180.074659	134.996272	292.005118	88.722194	90.000000	178.007415	147.538166	136.561817	61.957675	68.014535	316.561817	0.000000	0.000000	0.000695	66.311819	45.080829	221.934612	157.994882	135.410035	134.593086	223.439680	189.497307	224.202882	134.597975	
47.256275	45.314190	163.609093	223.349283	146.717433	128.976876	89.998270	0.000000	314.916090	33.287647	0.000000	0.000000	61.127371	44.586580	225.014166	158.005433	134.997667	228.370848	205.632889	180.074659	134.996272	292.005118	88.522094	90.000000	178.007415	147.441014	136.561817	61.957675	68.014535	316.561817	0.000000	0.000000	0.000695	66.417688	45.080828	221.934612	157.994882	135.410035	134.593086	223.439680	189.497307	224.202882	134.597975	
47.256275	45.314190	163.402573	223.349283	146.717433	128.976876	89.998270	0.000000	314.916090	33.287647	0.000000	0.000000	61.127371	44.586580	225.014166	158.005433	134.997667	228.370826	205.632889	180.074659	134.996272	292.005118	88.327922	90.000000	178.007415	147.347393	136.561817	61.957675	68.014535	316.561817	0.000000	0.000000	0.000695	66.526326	45.080828	221.934612	157.994882	135.410035	134.593086	223.439680	189.497307	224.202882	134.597975	
47.256275	45.314190	163.193328	223.349283	146.717433	128.976876	89.998270	0.000000	314.916090	33.287647	0.000000	0.000000	61.127371	44.586580	225.014166	158.005433	134.997667	228.370819	205.632889	180.074659	134.996272	292.005118	88.140057	90.000000	178.007415	147.257485	136.561817	61.957675	68.014535	316.561817	0.000000	0.000000	0.000695	66.637684	45.080828	221.934612	157.994882	135.410035	134.593086	223.439680	189.497307	224.202882	134.597975	
47.256275	45.314190	162.981404	223.349283	146.717433	128.976876	89.998270	0.000000	314.916090	33.287647	0.000000	0.000000	61.127371	44.586580	225.014166	158.005433	134.997667	228.370817	205.632889	180.074659	134.996272	292.005118	87.958638	90.000000	178.007415	147.171413	136.561817	61.957675	68.014535	316.561817	0.000000	0.000000	0.000695	66.751713	45.080828	221.934612	157.994882	135.410035	134.593086	223.439680	189.497307	224.202882	134.597975	
47.256275	45.314190	162.766841	223.349283	146.717433	128.976876	89.998270	0.000000	314.916090	33.287647	0.000000	0.000000	61.127371	44.586580	225.014166	158.005433	134.997667	228.370816	205.632889	180.074659	134.996272	292.005118	87.783727	90.000000	178.007415	147.089274	136.561817	61.957675	68.014535	316.561817	0.000000	0.000000	0.000695	66.868363	45.080828	221.934612	157.994882	135.410035	134.593086	223.439680	189.497307	224.202882	134.597975	
47.256275	45.314190	162.549683	223.349283	146.717433	128.976876	89.998270	0.000000	314.916090	33.287647	0.000000	0.000000	61.127371	44.586580	225.014166	158.005433	134.997667	228.370816	205.632889	180.074659	134.996272	292.005118	87.615361	90.000000	178.007415	147.011156	136.561817	61.957675	68.014535	316.561817	0.000000	0.000000	0.000695	66.987583	45.080828	221.934612	157.994882	135.410035	134.593086	223.439680	189.497307	224.202882	134.597975	
47.256275	45.314190	162.329969	223.349283	146.717433	128.976876	89.998270	0.000000	314.916090	33.287647	0.000000	0.000000	61.127371	44.586580	225.014166	158.005433	134.997667	228.370816	205.632889	180.074659	134.996272	292.005118	87.453563	90.000000	178.007415	146.937139	136.561817	61.957675	68.014535	316.561817	0.000000	0.000000	0.000695	67.109324	45.080828	221.934612	157.994882	135.410035	134.593086	223.439680	189.497307	224.202882	134.597975	
47.256275	45.314190	162.107737	223.349283	146.717433	128.976876	89.998270	0.000000	314.916090	33.287647	0.000000	0.000000	61.127371	44.586580	225.014166	158.005433	134.997667	228.370816	205.632889	180.074659	134.996272	292.005118	87.298350	90.000000	178.007415	146.867303	136.561817	61.957675	68.014535	316.561817	0.000000	0.000000	0.000695	67.233534	45.080828	221.934612	157.994882	135.410035	134.593086	223.439680	189.497307	224.202882	134.597975	
47.256275	45.314190	161.883025	223.349283	146.717433	128.976876	89.998270	0.000000	314.916090	33.287647	0.000000	0.000000	61.127371	44.586580	225.014166	158.005433	134.997667	228.370816	205.632889	180.074659	134.996272	292.005118	87.149732	90.000000	178.007415	146.801721	136.561817	61.957675	68.014535	316.561817	0.000000	0.000000	0.000695	67.360163	45.080828	221.934612	157.994882	135.410035	134.593086	223.439680	189.497307	224.202882	134.597975	
47.256275	45.314190	161.655868	223.349283	146.717433	128.976876	89.998270	0.000000	314.916090	33.287647	0.000000	0.000000	61.127371	44.586580	225.014166	158.005433	134.997667	228.370816	205.632889	180.074659	134.996272	292.005118	87.007712	90.000000	178.007415	146.740467	136.561817	61.957675	68.014535	316.561817	0.000000	0.000000	0.000695	67.489162	45.080828	221.934612	157.994882	135.410035	134.593086	223.439680	189.497307	224.202882	134.597975	
47.256275	45.314190	161.426301	223.349283	146.717433	128.976876	89.998270	0.000000	314.916090	33.287647	0.000000	0.000000	61.127371	44.586580	225.014166	158.005433	134.998480	228.370816	205.632889	180.074659	134.996272	292.005118	86.872289	90.000000	178.007415	146.683609	136.561817	56.166508	68.014535	316.561817	0.000000	0.000000	0.000695	67.620479	45.080828	221.934612	157.994882	135.410035	134.593086	223.439680	189.497307	224.202882	134.597975	
47.256275	45.314190	161.194358	223.349283	146.717433	128.976876	89.998270	0.000000	314.916090	33.287647	0.000000	0.000000	61.127371	44.586580	225.014166	158.005433	134.998715	228.370816	205.632889	180.074659	134.996272	292.005118	86.743455	90.000000	178.007415	146.631214	136.561817	54.413096	68.014535	316.561817	0.000000	0.000000	0.000695	67.754066	45.080828	221.934612	157.994882	135.410035	134.593086	223.439680	186.866140	224.202882	134.597975	
47.256275	45.314190	169.326000	223.349283	146.717433	128.976876	89.998270	0.000000	314.916090	33.287647	0.000000	0.000000	61.127371	44.586580	225.014166	158.005433	134.998784	228.370816	205.632889	180.074659	134.996272	292.005118	86.621197	90.000000	178.007415	146.583346	136.561817	53.881490	68.014535	316.561817	0.000000	0.000000	0.000695	58.103951	45.080828	221.934612	157.994882	135.410035	134.593086	223.439680	186.033795	224.202882	134.597975	
47.256275	45.314190	171.542495	223.349283	146.717433	128.976876	89.998270	0.000000	314.916090	33.287647	0.000000	0.000000	61.127371	44.586580	225.014166	158.005433	134.998804	228.370816	205.632889	180.074659	134.996272	292.005118	86.505500	90.000000	178.007415	146.540067	136.561817	53.720285	68.014535	316.561817	0.000000	0.000000	0.000695	65.313256	45.080828	221.934612	157.994882	135.410035	134.593086	223.439680	185.770392	224.202882	134.597975	
47.256275	45.314190	163.517461	223.349283	146.717433	128.976876	89.998270	0.000000	314.916090	33.287647	0.000000	0.000000	61.127371	44.586580	225.014166	158.005433	134.998809	228.370816	205.632889	180.074659	134.996272	292.005118	86.396340	90.000000	178.007415	146.501433	136.561817	53.671395	68.014535	316.561817	0.000000	0.000000	0.000695	57.501379	45.080828	221.934612	157.994882	135.410035	134.593086	223.439680	185.687024	224.202882	134.597975	
47.256275	45.314190	169.626030	223.349283	146.717433	128.976876	89.998270	0.000000	314.916090	33.287647	0.000000	0.000000	61.127371	44.586580	225.014166	158.005433	134.998811	228.370816	205.632889	180.074659	134.996272	292.005118	86.293692	90.000000	178.007415	146.467502	136.561817	53.656567	68.014535	316.561817	0.000000	0.000000	0.000695	65.400655	45.080828	221.934612	157.994882	135.410035	134.593086	223.439680	185.660635	224.202882	134.597975	
47.256275	45.314190	162.858137	223.349283	146.717433	128.976876	89.998270	0.000000	314.916090	33.287647	0.000000	0.000000	61.127371	44.586580	225.014166	158.005433	134.998812	228.370816	205.632889	180.074659	134.996272	292.005118	86.197525	90.000000	178.007415	146.438326	136.561817	53.652070	68.014535	316.561817	0.000000	0.000000	0.000695	57.686209	45.080828	221.934612	157.994882	135.410035	134.593086	223.439680	185.652280	224.202882	134.597975	
47.256275	45.314190	169.199039	223.349283	146.717433	128.976876	89.998270	0.000000	314.916090	33.287647	0.000000	0.000000	61.127371	44.586580	225.014166	158.005433	134.998812	228.370816	205.632889	180.074659	134.996272	292.005118	86.107808	90.000000	178.007415	146.413955	136.561817	53.650705	68.014535	316.561817	0.000000	0.000000	0.000695	65.714942	45.080828	221.934612	157.994882	135.410035	134.593086	223.439680	185.649635	224.202882	134.597975	
47.256275	45.314190	162.668536	223.349283	146.717433	128.976876	89.998270	0.000000	314.916090	33.287647	0.000000	0.000000	61.127371	44.586580	225.014166	158.005433	134.998812	228.370816	205.632889	180.074659	134.996272	292.005118	86.024501	90.000000	178.007415	146.394436	136.561817	53.650292	68.014535	316.561817	0.000000	0.000000	0.000695	57.951913	45.080828	221.934612	157.994882	135.410035	134.593086	223.439680	185.648797	224.202882	134.597975	
47.256275	45.314190	160.602632	223.349283	146.717433	128.976876	89.998270	0.000000	314.916090	33.287647	0.000000	0.000000	61.127371	44.586580	225.014166	158.005433	134.998812	228.370816	205.632889	180.074659	134.996272	292.005118	85.947565	90.000000	178.007415	146.379814	136.561817	53.650166	68.014535	316.561817	0.000000	0.000000	0.000695	55.741457	45.080828	221.934612	157.994882	135.410035	134.593086	223.439680	185.648532	224.202882	134.597975	
47.256275	45.314190	168.214049	223.349283	146.717433	128.976876	89.998270	0.000000	314.916090	33.287647	0.000000	0.000000	61.127371	44.586580	225.014166	158.005433	134.998812	228.370816	205.632889	180.074659	134.996272	292.005118	85.876956	90.000000	178.007415	146.370130	136.561817	53.650128	68.014535	316.561817	0.000000	0.000000	0.000695	55.207288	45.080828	221.934612	157.994882	135.410035	134.593086	223.439680	185.648448	224.202882	134.597975	
47.256275	45.314190	162.303197	223.349283	146.717433	128.976876	89.998270	0.000000	314.916090	33.287647	0.000000	0.000000	61.127371	44.586580	225.014166	158.005433	134.998812	228.370816	205.632889	180.074659	134.996272	292.005118	85.812628	90.000000	178.007415	146.365423	136.561817	53.650116	68.014535	316.561817	0.000000	0.000000	0.000695	55.180155	45.080828	221.934612	157.994882	135.410035	134.593086	223.439680	185.648422	224.202882	134.597975	
47.256275	45.314190	160.431956	223.349283	146.717433	128.976876	89.998270	0.000000	314.916090	33.287647	0.000000	0.000000	61.127371	44.586580	225.014166	158.005433	134.998812	228.370816	205.632889	180.074659	134.996272	292.005118	85.754533	90.000000	178.007415	146.365728	136.561817	53.650113	68.014535	316.561817	0.000000	0.000000	0.000695	55.307648	45.080828	221.934612	157.994882	135.410035	134.593086	223.439680	185.648413	224.202882	134.597975	
47.256275	45.314190	159.838716	223.349283	146.717433	128.976876	89.998270	0.000000	314.916090	33.287647	0.000000	0.000000	61.127371	44.586580	225.014166	158.005433	134.998812	228.370816	205.632889	180.074659	134.996272	292.005118	85.702619	90.000000	178.007415	146.371080	136.561817	53.650112	68.014535	316.561817	0.000000	0.000000	0.000695	55.483897	45.080828	221.934612	157.994882	135.410035	134.593086	223.439680	185.648410	224.202882	134.597975	
47.256275	45.314190	159.650591	223.349283	146.717433	128.976876	89.998270	0.000000	314.916090	33.287647	0.000000	0.000000	61.127371	44.586580	225.014166	158.005433	134.998812	228.370816	205.632889	180.074659	134.996272	292.005118	85.656834	90.000000	178.007415	146.381508	136.561817	53.650111	68.014535	316.561817	0.000000	0.000000	0.000695	55.677180	45.080828	221.934612	157.994882	135.410035	134.593086	223.439680	185.648410	224.202882	134.597975	
47.256275	45.314190	159.590923	223.349283	146.717433	128.976876	89.998270	0.000000	314.916090	33.287647	0.000000	0.000000	61.127371	44.586580	225.014166	158.005433	134.998812	228.370816	205.632889	180.074659	134.996272	292.005118	85.617123	90.000000	178.007415	146.397039	136.561817	53.650111	68.014535	316.561817	0.000000	0.000000	0.000695	55.877998	45.080828	221.934612	149.986253	135.410035	134.593086	223.439680	185.648409	224.202882	134.597975	
47.256275	45.314190	159.571996	223.349283	146.717433	128.976876	89.998270	0.000000	314.916090	33.287647	0.000000	0.000000	61.127371	44.586580	225.014166	158.005433	134.998812	228.370816	205.632889	180.074659	134.996272	292.005118	85.583429	90.000000	178.567449	146.417699	136.561817	53.650111	68.014535	316.561817	0.000000	0.000000	0.000695	56.083495	45.080828	221.934612	147.666725	135.410035	134.593086	223.439680	185.648409	224.202882	134.597975	
47.256275	45.314190	159.565991	223.349283	146.717433	128.976876	89.998270	0.000000	314.916090	33.287647	0.000000	0.000000	61.127371	44.586580	225.014166	158.005433	134.998812	228.370816	205.632889	180.074659	134.996272	292.005118	85.555694	90.000000	178.737671	146.443508	136.561817	53.650111	68.014535	316.561817	0.000000	0.000000	0.000695	56.292794	45.080828	221.934612	146.993179	135.410035	134.593086	223.439680	185.648409	224.202882	134.597975	
47.256275	45.314190	159.564086	223.349283	146.717433	128.976876	89.998270	0.000000	314.916090	33.287647	0.000000	0.000000	61.127371	44.586580	225.014166	158.005433	134.998812	228.370816	205.632889	180.074659	134.996272	292.005118	85.533858	90.000000	178.789416	146.474486	136.561817	53.650111	68.014535	316.561817	0.000000	0.000000	0.000695	56.505608	45.080828	221.934612	146.797538	135.410035	134.593086	223.439680	185.648409	224.202882	134.597975	
47.256275	45.314190	159.563481	223.349283	146.717433	128.976876	89.998270	0.000000	314.916090	33.287647	0.000000	0.000000	61.127371	44.741413	225.014166	158.005433	134.998812	228.370816	205.632889	180.074659	134.996272	292.005118	85.517862	90.000000	178.805148	146.510648	136.561817	53.650111	68.014535	316.561817	0.000000	0.000000	0.000695	56.721826	45.080828	221.934612	146.740706	135.410035	134.593086	223.439680	185.648409	224.202882	134.597975	
47.256275	45.314190	159.563289	223.349283	146.717433	128.976876	89.998270	0.000000	314.916090	33.287647	0.000000	0.000000	61.127371	44.777678	225.014166	158.005433	134.998812	228.370816	205.632889	180.074659	134.996272	292.005118	85.507644	90.000000	178.809931	146.552007	136.561817	53.650111	68.014535	316.561817	0.000000	0.000000	0.000695	56.941393	45.080828	221.934612	146.724195	135.410035	134.593086	223.439680	185.648409	224.202882	134.597975	
47.256275	45.314190	159.563228	223.349283	146.717433	128.976876	89.998270	0.000000	314.916090	33.287647	0.000000	0.000000	61.127371	44.786173	225.014166	158.005433	134.998812	228.370816	205.632889	180.074659	134.996272	292.005118	85.503141	90.000000	178.811385	146.598573	136.561817	53.650111	68.014535	316.561817	0.000000	0.000000	0.000695	57.164268	45.080828	221.934612	146.719398	135.410035	134.593086	223.439680	185.648409	224.202882	134.597975	
47.256275	45.314190	159.563209	223.349283	146.717433	128.976876	89.998270	0.000000	314.916090	33.287647	0.000000	0.000000	61.127371	44.788163	225.014166	158.005433	134.998812	228.370816	205.632889	180.074659	134.996272	292.005118	85.504291	90.000000	178.811828	146.650354	136.561817	53.650111	68.014535	316.561817	0.000000	0.000000	0.000695	57.390421	45.080828	221.934612	146.718004	135.410035	134.593086	223.439680	185.648409	224.202882	134.597975	
47.256275	45.314190	159.563203	223.349283	146.717433	128.976876	89.998270	0.000000	314.916090	33.287647	0.000000	0.000000	61.127371	44.788629	225.014166	158.005433	134.998812	228.370816	205.632889	180.074659	134.996272	292.005118	85.511030	74.343004	178.811962	146.707352	136.561817	53.650111	68.014535	316.561817	0.000000	0.000000	0.000695	57.619821	45.080828	221.934612	146.717599	135.410035	134.593086	223.439680	185.648409	224.202882	134.597975	
47.256275	45.314190	159.563201	223.349283	146.717433	128.976876	89.998270	0.000000	314.916090	33.287647	0.000000	0.000000	61.127371	44.788738	225.014166	158.005433	134.998812	228.370816	205.632889	180.074659	134.996272	292.005118	85.523295	69.839342	178.812003	146.769570	136.561817	53.650111	68.014535	316.561817	0.000000	0.000000	0.000695	57.852443	45.080828	221.934612	146.717482	135.410035	134.593086	223.439680	185.648409	224.202882	134.597975	
47.256275	45.314190	159.563200	223.349283	146.717433	128.976876	89.998270	0.000000	314.916090	33.287647	0.000000	0.000000	61.127371	44.788764	225.014166	158.005433	134.998812	228.370816	205.632889	180.074659	134.996272	292.005118	85.541020	68.531150	178.812016	146.837004	136.561817	53.650111	68.014535	316.561817	0.000000	0.000000	0.000695	58.088264	45.080828	221.934612	146.717447	135.410035	134.593086	223.439680	185.648409	224.202882	134.597975	
47.256275	45.314190	159.563200	223.349283	146.717433	128.976876	89.998270	0.000000	314.916090	33.287647	0.000000	0.000000	61.127371	44.788770	225.014166	158.005433	134.998812	228.370816	205.632889	180.074659	134.996272	292.005118	85.564143	68.150821	178.812019	146.909651	136.561817	53.650111	68.014535	316.561817	0.000000	0.000000	0.000695	58.327260	45.080828	221.934612	146.717438	135.410035	134.593086	223.439680	185.648409	224.202882	134.597975	
47.256275	45.314190	159.563200	223.349283	146.717433	128.976876	89.998270	0.000000	314.916090	33.287647	0.000000	0.000000	61.127371	44.788771	225.014166	158.005433	134.998812	228.370816	205.632889	180.074659	134.996272	292.005118	85.592598	68.040231	178.812020	146.987502	136.561817	53.650111	68.014535	316.561817	0.000000	0.000000	0.000695	58.569413	45.080828	221.934612	146.717435	135.410035	134.593086	223.439680	185.648409	224.202882	134.597975	
47.256275	45.314190	159.563200	223.349283	146.717433	128.976876	89.998270	0.000000	314.916090	33.287647	0.000000	0.000000	61.127371	44.788771	225.014166	158.005433	134.998812	228.370816	205.632889	180.074659	134.996272	292.005118	85.626322	68.008071	178.812021	147.070547	136.561817	53.650111	68.014535	316.561817	0.000000	0.000000	0.000695	58.814704	45.080828	221.934612	146.717434	135.410035	134.593086	223.439680	185.648409	224.202882	134.597975	
47.256275	45.314190	159.563200	223.349283	146.717433	131.143974	89.998270	0.000000	314.916090	33.287647	0.000000	0.000000	61.127371	44.788772	225.014166	158.005433	134.998812	228.370816	205.632889	180.074659	134.996272	292.005118	85.665250	67.998718	178.812021	147.158770	136.561817	53.650111	68.014535	316.561817	0.000000	0.000000	0.000695	59.063117	45.080828	221.934612	146.717434	135.410035	134.593086	223.439680	185.648409	224.202882	134.597975	
47.256275	45.314190	159.563200	223.349283	146.717433	131.714425	89.998270	0.000000	314.916090	33.287647	0.000000	0.000000	61.127371	44.788772	225.014166	158.005433	134.998812	228.370816	205.632889	180.074659	134.996272	292.005118	95.518121	67.995998	178.812021	147.252156	136.561817	53.650111	68.014535	316.019132	0.000000	0.000000	0.000695	59.314638	45.080828	221.934612	146.717433	135.410035	134.593086	223.439680	185.648409	224.202882	134.597975	
47.256275	45.314190	159.563200	223.349283	146.717433	131.864625	89.998270	0.000000	314.916090	33.287647	0.000000	0.000000	61.127371	44.788772	225.014166	158.005433	134.998812	228.370816	205.632889	180.074659	134.996272	292.005118	88.450967	67.995206	178.812021	147.350685	136.561817	53.650111	68.014535	315.861580	0.000000	0.000000	0.000695	59.569253	45.080828	221.934612	146.717433	135.410035	134.593086	223.439680	185.648409	224.202882	134.597975	
47.256275	45.314190	159.563200	223.349283	146.717433	131.904176	89.998270	0.000000	314.916090	33.287647	0.000000	0.000000	61.127371	44.788772	225.014166	158.005433	134.998812	228.370816	205.632889	180.074659	134.996272	292.005118	86.451921	67.994976	178.812021	147.454333	136.561817	53.650111	68.014535	315.815836	0.000000	0.000000	0.000695	59.826951	45.080828	221.934612	146.717433	135.410035	134.593086	223.439680	185.648409	224.202882	134.597975	
47.256275	45.314190	159.563200	223.349283	146.717433	131.914591	89.998270	0.000000	314.916090	33.287647	0.000000	0.000000	61.127371	44.788772	225.014166	158.005433	134.998812	228.370816	205.632889	180.074659	134.996272	292.005118	95.635899	67.994909	178.812021	147.563075	136.561817	53.650111	68.014535	315.802553	0.000000	0.000000	0.000695	60.087723	45.080828	221.934612	146.717433	135.410035	134.593086	223.439680	185.648409	224.202882	134.597975	
47.256275	45.314190	159.563200	223.349283	146.717433	131.917334	89.998270	0.000000	314.916090	33.287647	0.000000	0.000000	61.127371	44.788772	225.014166	158.005433	134.998812	228.370816	205.632889	180.074659	134.996272	292.005118	88.475903	67.994890	178.812021	147.676883	136.561817	53.650111	68.014535	315.798696	0.000000	0.000000	0.000503	70.145117	45.080828	221.934612	146.717433	135.410035	134.593086	223.439680	185.648409	224.202882	134.597975	
47.256275	45.314190	159.563200	223.349283	146.717433	131.918056	89.998270	0.000000	314.916090	33.287647	0.000000	0.000000	61.127371	44.788772	225.014166	158.005433	134.998812	228.370816	205.632889	180.074659	134.996272	292.005118	86.465777	67.994884	178.812021	147.795726	136.561817	53.650111	68.014535	315.797576	0.000000	0.000000	0.000442	63.317449	45.080828	221.934612	146.717433	135.410035	134.593086	223.439680	185.648409	224.202882	134.597975	
47.256275	45.314190	159.563200	223.349283	146.717433	131.918247	89.998270	0.000000	314.916090	33.287647	0.000000	0.000000	61.127371	44.788772	225.014166	158.005433	134.998812	228.370816	205.632889	180.074659	134.996272	292.005118	95.550730	67.994882	178.812021	147.919569	136.561817	53.650111	68.014535	315.797251	0.000000	0.000000	0.000423	71.333743	45.080828	221.934612	146.717433	135.410035	134.593086	223.439680	185.648409	224.202882	134.597975	
47.256275	45.314190	159.563200	223.349283	146.717433	131.918297	89.998270	0.000000	314.916090	33.287647	0.000000	0.000000	61.127371	44.788772	225.014166	158.005433	134.998812	228.370816	205.632889	180.074659	134.996272	292.005118	88.479529	67.994882	178.812021	148.048378	136.561817	53.650111	68.014535	315.797156	0.000000	0.000000	0.000416	63.971287	45.080828	221.934612	146.717433	135.410035	134.593086	223.439680	185.648409	224.202882	134.597975	
47.256275	45.314190	159.563200	223.349283	146.717433	131.918310	89.998270	0.000000	314.916090	33.287647	0.000000	0.000000	61.127371	44.788772	225.014166	158.005433	134.998812	228.370816	205.632889	180.074659	134.996272	292.005118	96.049522	67.994882	178.812021	148.182112	136.561817	53.650111	68.014535	315.797129	0.000000	0.000000	0.000415	71.697368	45.080828	221.934612	146.717433	135.410035	134.593086	223.439680	185.648409	224.202882	134.597975	
47.256275	45.314190	159.563200	223.349283	146.717433	131.918313	89.998270	0.000000	314.916090	33.287647	0.000000	0.000000	61.127371	44.788772	225.014166	158.005433	134.998812	228.370816	205.632889	180.074659	134.996272	292.005118	88.615377	67.994882	178.812021	152.791039	136.561817	53.650111	68.014535	315.797121	0.000000	0.000000	0.000414	64.402725	45.080828	221.934612	146.717433	135.410035	134.593086	223.439680	185.648409	224.202882	134.597975	
47.256275	45.314190	159.563200	223.349283	146.717433	131.918314	89.998270	0.000000	314.916090	33.287647	0.000000	0.000000	61.127371	44.788772	225.014166	158.005433	134.998812	228.370816	205.632889	180.074659	134.996272	292.005118	96.015335	67.994882	178.812021	154.372487	136.561817	53.650111	68.014535	315.797119	0.000000	0.000000	0.000414	71.998466	45.080828	221.934612	146.717433	135.410035	134.593086	223.439680	185.648409	224.202882	134.597975	
47.256275	45.314190	159.563200	223.349283	146.717433	131.918315	89.998270	0.000000	314.916090	33.287647	0.000000	0.000000	61.127371	44.788772	225.014166	158.005433	134.998812	228.370816	205.632889	180.074659	134.996272	292.005118	88.615345	67.994882	178.812021	154.942008	136.561817	53.650111	68.014535	315.797118	0.000000	0.000000	0.000414	74.484727	45.080828	221.934612	146.717433	135.410035	134.593086	223.439680	185.648409	224.202882	134.597975	
47.256275	45.314190	159.563200	223.349283	146.717433	131.918315	89.998270	0.000000	314.916090	33.287647	0.000000	0.000000	61.127371	44.788772	225.014166	158.005433	134.998812	228.370816	205.632889	180.074659	134.996272	292.005118	95.950715	67.994882	178.812021	155.176015	136.561817	53.650111	68.014535	315.797118	0.000000	0.000000	0.000414	75.322695	45.080828	221.934612	146.717433	135.410035	134.593086	223.439680	185.648409	224.202882	134.597975	
47.256275	45.314190	159.563200	223.349283	146.717433	131.918315	89.998270	0.000000	314.916090	33.287647	0.000000	0.000000	61.127371	44.788772	225.014166	158.005433	134.998812	228.370816	205.632889	180.074659	134.996272	300.013747	88.623385	67.994882	178.812021	155.301127	136.561817	53.650111	68.014535	315.797118	0.000000	0.000000	0.000414	75.629876	45.080828	221.934612	146.717433	135.410035	134.593086	223.439680	185.648409	224.202882	134.597975	
47.256275	45.314190	159.563200	223.349283	146.717433	131.918315	89.998270	0.000000	314.916090	33.287647	0.000000	0.000000	61.127371	44.788772	225.014166	158.005433	134.998812	228.370816	205.632889	180.074659	134.996272	302.333275	95.897354	67.994882	178.812021	155.392998	136.561817	53.650111	68.014535	315.797118	0.000000	0.000000	0.000414	75.768349	45.080828	221.934612	146.717433	135.410035	134.593086	223.439680	185.648409	224.202882	134.597975	
47.256275	45.314190	159.563200	223.349283	146.717433	131.918315	89.998270	0.000000	314.916090	33.287647	0.000000	0.000000	61.127371	44.788772	225.014166	158.005433	134.998812	228.370816	205.632889	180.074659	134.996272	303.006821	88.651120	67.994882	178.812021	155.476773	136.561817	53.650111	68.014535	315.797118	0.000000	0.000000	0.000414	75.855327	45.080828	221.934612	146.717433	135.410035	134.593086	223.439680	185.648409	224.202882	134.597975	
47.256275	45.314190	159.563200	223.349283	146.717433	131.918315	89.998767	0.000000	314.916090	33.287647	0.000000	0.000000	61.127371	44.788772	225.014166	158.005433	134.998812	228.370816	205.632889	180.074659	134.996272	303.202462	95.858661	67.994882	178.812021	155.560754	136.561817	53.650111	68.014535	315.797118	0.000000	0.000000	0.000414	75.928698	45.080828	221.934612	146.717433	135.410035	134.593086	223.439680	185.648409	224.202882	134.597975	
47.256275	45.314190	159.563200	223.349283	146.717433	131.918315	89.998911	0.000000	314.916090	33.287647	0.000000	0.000000	61.127371	44.788772	225.014166	158.005433	134.998812	228.370816	205.632889	180.074659	134.996272	303.259294	88.699194	67.994882	178.812021	155.647646	136.561817	53.650111	68.014535	315.797118	0.000000	0.000000	0.000414	76.000682	45.080828	221.934612	146.717433	135.410035	134.593086	223.439680	185.648409	224.202882	134.597975	
47.256275	45.314190	159.563200	223.349283	146.717433	131.918315	89.998953	0.000000	314.916090	33.287647	0.000000	0.000000	61.127371	44.788772	225.014166	158.005433	134.998812	228.370816	205.632889	180.074659	134.996272	303.275805	95.834855	67.994882	178.812021	155.738298	136.561817	53.650111	68.014535	315.797118	0.000000	0.000000	0.000414	76.075203	45.080828	221.934612	146.717433	135.410035	134.593086	223.439680	185.648409	224.202882	134.597975	
47.256275	45.314190	159.563200	223.349283	146.717433	131.918315	89.998965	0.000000	314.916090	33.287647	0.000000	0.000000	61.127371	44.788772	225.014166	158.005433	134.998812	228.370816	205.632889	180.074659	134.996272	303.280602	88.767338	67.994882	178.812021	155.832948	136.561817	53.650111	68.014535	315.797118	0.000000	0.000000	0.000414	76.153513	45.080828	221.934612	146.717433	135.410035	134.593086	223.439680	185.648409	224.202882	134.597975	
46.443226	45.314190	159.563200	223.349283	146.717433	131.918315	89.998969	0.000000	314.916090	33.287647	0.000000	0.000000	61.127371	44.788772	225.014166	158.005433	134.998812	228.370816	205.632889	180.074659	134.996272	303.281996	95.825878	67.994882	178.812021	155.931627	136.561817	53.650111	59.402339	315.797118	0.000000	0.000000	0.000414	76.235999	45.080828	221.934612	146.717433	135.410035	134.593086	223.439680	185.648409	224.202882	134.597975	
46.229165	45.314190	159.563200	223.349283	146.717433	131.918315	89.998970	0.000000	314.916090	33.287647	0.000000	0.000000	61.127371	44.788772	225.014166	158.005433	134.998812	228.370816	205.632889	180.074659	134.997616	303.282401	97.823377	67.994882	178.812021	156.034301	136.561817	53.650111	57.391523	315.797118	0.000000	0.000000	0.000414	76.322772	45.080828	221.934612	146.717433	135.410035	134.593086	223.439680	185.648409	224.202882	134.597975	
46.172802	45.314190	159.563200	223.349283	146.717433	131.918315	89.998970	0.000000	314.916090	33.287647	0.000000	0.000000	61.127371	44.788772	225.014166	158.005433	134.998812	228.370816	205.632889	180.074659	134.997970	303.282518	89.406718	67.994882	178.812021	156.140909	136.561817	53.650111	56.920472	315.797118	0.000000	0.000000	0.000414	76.413854	45.080828	221.934612	146.717433	135.410035	134.593086	223.439680	185.648409	224.202882	134.597975	
46.157960	45.314190	159.563200	223.349283	146.717433	131.918315	89.998970	0.000000	314.916090	33.287647	0.000000	0.000000	61.127371	44.788772	225.014166	158.005433	134.998812	228.370816	205.632889	180.074659	134.998063	303.282553	95.935826	67.994882	178.812021	156.251383	136.561817	53.650111	56.810099	315.797118	0.000000	0.000000	0.000414	75.608781	45.080828	221.934612	146.717433	135.410035	134.734407	223.439680	185.648409	224.202882	134.597975	
46.154052	45.314190	159.563200	223.349283	146.717433	131.918315	89.998970	0.000000	314.916090	33.287647	0.000000	0.000000	61.127371	44.788772	225.014166	158.005433	134.998812	228.370816	205.632889	180.074659	134.998088	303.282562	97.787970	67.994882	178.812021	156.365650	136.561817	53.650111	56.784235	315.797118	0.000000	0.000000	0.000414	75.387616	45.080828	223.040721	146.717433	135.410035	134.775436	223.439680	185.648409	224.202882	134.597975	
46.153022	45.314190	159.563200	223.349283	146.717433	131.918315	89.998970	0.000000	314.916090	33.287647	0.000000	0.000000	61.127371	44.788772	225.014166	158.005433	134.998812	228.370816	205.632889	180.053290	134.998094	303.282565	98.278313	67.994882	178.812021	156.483636	136.561817	53.650111	56.778174	315.797118	0.000000	0.000000	0.000414	75.351716	45.080828	223.331939	146.717433	135.410035	134.787348	223.971069	185.648409	224.202882	134.734917	
46.152751	45.314190	159.563200	223.349283	146.717433	131.918315	89.998970	0.000000	314.916090	33.287647	0.000000	0.000000	61.127371	44.788772	225.014166	158.005433	134.998812	228.370816	205.632889	180.047069	134.998096	303.282566	98.373200	67.994882	178.812021	156.605262	136.561817	53.650111	56.776754	315.797118	0.000000	0.000000	0.000414	75.376150	45.080828	223.408620	146.717433	135.410035	134.790807	224.132148	185.648409	224.202882	134.776428	
46.152680	45.314190	159.563200	223.349283	146.717433	131.918315	89.998970	0.000000	314.916090	33.287647	0.000000	0.000000	61.127371	44.788772	225.014166	158.005433	134.998812	228.370816	205.632889	180.045259	134.998097	303.282566	98.355124	67.994882	178.812021	156.730452	136.561817	53.650111	56.776421	315.797118	0.000000	0.000000	0.000414	75.421829	45.080828	223.428812	146.717433	135.410035	134.791811	224.180980	185.648409	224.202882	134.789012	
46.152661	45.314190	159.563200	223.349283	146.717433	131.918315	89.998970	0.000000	314.916090	33.287647	0.000000	0.000000	61.127371	44.788772	225.014166	158.005433	134.998812	228.370816	205.632889	180.044731	134.998097	303.282567	98.306705	67.994882	178.812021	156.859126	136.561817	53.650111	56.776343	315.797118	0.000000	0.000000	0.000414	75.476530	45.080828	223.434129	146.717433	135.410035	134.792103	224.195785	185.648409	224.202882	134.792828	
46.152656	45.314190	159.563200	223.349283	146.717433	131.918315	89.998970	0.000000	314.916090	33.287647	0.000000	0.000000	61.127371	44.788772	225.014166	158.005433	134.998812	228.370816	205.632889	180.044578	134.998097	303.282567	98.252117	67.994882	178.812021	156.991205	136.561817	53.650111	56.776325	315.797118	0.000000	0.000000	0.000414	75.536423	45.080828	223.435530	146.717433	135.410035	134.792187	224.200274	185.648409	224.202882	134.793985	
46.152655	45.314190	159.563200	223.349283	146.717433	131.918315	89.998970	0.000000	314.916090	33.287647	0.000000	0.000000	61.127371	44.788772	225.014166	158.005433	134.998812	228.370816	205.632889	180.044533	134.998097	303.282567	98.198445	67.994882	178.812021	157.126608	136.561817	53.650111	56.776321	315.797118	0.000000	0.000000	0.000414	75.600291	45.080828	223.435899	146.717433	135.410035	134.792212	224.201635	185.648409	224.202882	134.794335	
46.152655	45.314190	159.563200	223.349283	146.717433	131.918315	89.998970	0.000000	314.916090	33.287647	0.000000	0.000000	61.127371	44.788772	225.014166	158.005433	134.998812	228.370816	205.632889	180.044520	134.998097	303.282567	98.147773	67.994882	178.812021	157.265255	136.561817	53.650111	56.776320	315.797118	0.000000	0.000000	0.000414	75.667733	45.080828	223.435996	146.717433	135.410035	134.792219	224.202048	185.648409	224.202882	134.794442	
46.152655	45.314190	165.203050	223.349283	146.717433	131.918315	89.998970	0.000000	314.916090	33.287647	0.000000	0.000000	61.127371	44.788772	225.014166	158.005433	134.998812	228.370816	205.632889	180.044516	134.998097	303.282567	98.100721	67.994882	178.812021	157.407066	136.561817	53.650111	56.776319	315.797118	0.000000	0.000000	0.000414	75.738598	45.080828	223.436021	146.717433	135.410035	134.792221	224.202173	185.648409	224.202882	134.794474	
46.152654	45.314190	166.985693	223.349283	146.717433	131.918315	89.998970	0.000000	314.916090	33.287647	0.000000	0.000000	61.127371	44.788772	225.014166	158.005433	134.998812	228.370816	205.632889	180.044515	134.998097	303.282567	98.057480	67.994882	178.812021	157.551962	136.561817	53.650111	56.776319	315.797118	0.000000	0.000000	0.000414	75.812816	45.080828	223.436028	146.717433	135.410035	134.792222	224.202211	185.648409	224.202882	134.794484	
46.152654	45.314190	167.549876	223.349283	146.717433	131.918315	89.998970	0.000000	314.916090	33.287647	0.000000	0.000000	61.127371	44.788772	225.014166	158.005433	134.998812	228.370816	205.632889	180.044515	134.998097	303.282567	98.018116	67.994882	178.812021	149.234598	136.561817	53.650111	56.776319	315.797118	0.000000	0.000000	0.000414	75.890338	45.080828	223.436030	146.717433	135.410035	134.792222	224.202222	185.648409	224.202882	134.794487	
46.152654	45.314190	167.728475	223.349283	146.717433	131.918315	89.998970	0.000000	314.916090	33.287647	0.000000	0.000000	61.127371	44.788772	225.014166	158.005433	134.998812	228.370816	205.632889	180.044515	134.998097	303.282567	92.005164	67.994882	178.812021	155.297624	136.561817	53.650111	56.776319	315.797118	0.000000	0.000000	0.000414	75.971123	45.080828	223.436030	146.717433	135.410035	134.792222	224.202226	185.648409	224.202882	134.794488	
46.152654	45.314190	167.785021	223.349283	146.717433	131.918315	89.998970	0.000000	314.916090	33.287647	0.000000	0.000000	61.127371	44.788772	225.014166	158.005433	134.998812	228.370816	205.632889	180.044515	134.998097	303.282567	90.285650	67.994882	178.812021	148.607548	136.561817	53.650111	56.776319	315.797118	0.000000	0.000000	0.000414	76.055132	45.080828	223.436030	146.717433	135.410035	134.792222	224.202227	185.648409	224.202882	134.794488	
46.152654	45.314190	167.802926	223.349283	146.717433	131.918315	89.998970	0.000000	314.916090	33.287647	0.000000	0.000000	61.127371	44.788772	225.014166	158.005433	134.998812	228.370816	205.632889	180.044515	134.998097	303.282567	89.783345	67.994882	178.812021	155.376404	136.561817	53.650111	56.776319	315.797118	0.000000	0.000000	0.000414	76.142326	45.080828	223.436031	146.717433	135.410035	134.792222	224.202227	184.084245	224.202882	134.794488	
46.152654	45.314190	167.808596	223.349283	146.717433	131.918315	89.998970	0.000000	314.916090	33.287647	0.000000	0.000000	61.127371	44.788772	225.014166	158.005433	134.998812	228.370816	205.632889	180.044515	134.998097	303.282567	89.628227	67.994882	178.812021	148.773527	136.561817	53.650111	56.776319	315.797118	0.000000	0.000000	0.000414	70.931869	45.080828	223.436031	146.717433	135.410035	134.792222	224.202227	183.589373	224.202882	134.794488	
46.152654	45.314190	167.810392	223.349283	146.717433	131.918315	89.998970	0.000000	314.916090	33.287647	0.000000	0.000000	61.127371	44.788772	225.014166	158.005433	134.998812	228.370816	205.632889	180.044515	134.998097	303.282567	89.573670	67.994882	178.812021	155.705522	136.561817	53.650111	56.776319	315.797118	0.000000	0.000000	0.000414	69.235839	45.080828	223.436031	146.717433	135.410035	134.792222	224.202227	183.432773	224.202882	134.794488	
46.152654	45.314190	167.810961	223.349283	146.717433	131.918315	89.998970	0.000000	314.916090	33.287647	0.000000	0.000000	61.127371	44.788772	225.014166	158.005433	134.998812	228.370816	205.632889	180.044515	134.998097	303.282567	89.549788	67.994882	178.812021	149.037812	136.561817	53.650111	56.776319	315.797118	0.000000	0.000000	0.000414	68.688666	45.080828	223.436031	146.717433	135.410035	134.792222	224.202227	183.383211	224.202882	134.794488	
46.152654	45.314190	167.811141	223.349283	146.717433	131.918315	89.998970	0.000000	314.916090	33.287647	0.000000	0.000000	61.127371	44.788772	225.014166	158.005433	134.998812	228.370816	205.632889	180.044515	134.998097	303.282567	89.536783	67.994882	178.812021	146.986281	136.561817	53.650111	56.776319	315.797118	0.000000	0.000000	0.000414	68.520312	45.080828	223.436031	146.717433	135.410035	134.792222	224.202227	183.367524	224.202882	134.794488	
46.152654	45.204979	167.811198	223.349283	146.717433	131.918315	89.998970	0.000000	314.916090	33.287647	0.000000	0.000000	61.127371	44.788772	225.014166	158.005433	134.998812	228.370816	205.632889	180.044515	134.998097	303.282567	89.432634	67.994882	178.812021	146.446399	136.561817	53.650111	56.776319	315.797118	0.000000	0.000000	0.000414	68.479904	45.080828	223.436031	146.717433	135.410035	134.792222	224.202227	183.362558	224.202882	134.794488	
46.152654	45.173272	167.811216	223.349283	146.717433	131.918315	89.998970	0.000000	314.916090	33.287647	0.000000	0.000000	61.127371	44.788772	225.014166	158.005433	134.998812	228.370816	205.632889	180.044515	134.998097	303.282567	89.247134	67.994882	178.812021	146.402615	136.561817	53.650111	56.776319	315.797118	0.000000	0.000000	0.000414	68.485766	45.080828	223.436031	146.717433	135.410035	134.792222	224.202227	183.360985	224.202882	134.794488	
46.152654	45.164066	167.811222	223.349283	146.717433	131.918315	89.998970	0.000000	314.916090	33.287647	0.000000	0.000000	61.127371	44.788772	225.014166	158.005433	134.998812	228.370816	205.632889	180.044515	134.998097	303.282567	89.042780	67.994882	178.812021	146.523354	136.561817	53.650111	56.776319	315.797118	0.000000	0.000000	0.000414	68.511296	45.080828	223.436031	146.717433	135.410035	134.792222	224.202227	183.360487	224.202882	134.794488	
46.152654	45.161393	167.811224	223.349283	146.717433	131.918315	89.998970	0.000000	314.916090	33.287647	0.000000	0.000000	61.127371	44.788772	225.014166	158.005433	134.998812	227.238743	205.632889	180.044515	134.998097	303.282567	88.837504	67.994882	178.812021	146.700718	136.561817	53.650111	56.776319	315.797118	0.000000	0.000000	0.000414	68.547793	45.080828	223.436031	146.717433	135.410035	134.792222	224.202227	183.360330	224.202882	134.794488	
46.152654	45.160617	167.811224	223.349283	142.651352	131.918315	89.998970	0.000000	314.916090	33.287647	0.000000	0.000000	61.127371	44.788772	225.014166	158.005433	134.998812	226.881549	205.632889	180.044515	134.998097	303.282567	88.636490	67.994882	178.812021	146.899684	136.561817	53.650111	56.776319	315.797118	0.000000	0.000000	0.000414	68.592366	45.080828	223.436031	146.717433	135.410035	134.792222	224.202227	183.360280	224.202882	134.794488	
46.152654	45.160392	167.811224	223.349283	141.471642	131.918315	89.998970	0.000000	314.916090	33.287647	0.000000	0.000000	61.127371	44.788772	225.014166	158.005433	134.998812	226.768831	205.632889	180.044515	134.998097	303.282567	88.441267	67.994882	178.812021	147.108887	136.561817	53.650111	56.776319	315.797118	0.000000	0.000000	0.000414	68.644006	45.080828	223.436031	146.717433	135.410035	134.792222	224.202227	183.360264	224.202882	134.794488	
46.152654	45.160326	167.811224	223.349283	141.129121	131.918315	89.998970	0.000000	314.916090	33.287647	0.000000	0.000000	61.127371	44.788772	225.014166	158.005433	134.998812	226.733258	205.632889	180.044515	134.998097	303.282567	88.252306	67.994882	178.812021	147.324619	136.561817	53.650111	56.776319	315.797118	0.000000	0.000000	0.000414	68.702315	45.080828	223.436031	146.717433	135.410035	134.792222	224.202227	183.360259	224.202882	134.794488	
46.152654	45.160307	167.811224	223.349283	141.029659	131.918315	89.998970	0.000000	314.916090	33.287647	0.000000	0.000000	61.127371	44.788772	225.014166	158.005433	134.998812	226.722030	205.632889	180.044515	134.998097	303.282567	88.069774	67.994882	178.812021	147.545642	136.561817	53.650111	56.776319	315.797118	0.000000	0.000000	0.000414	68.767091	45.080828	223.436031	146.717433	135.410035	134.792222	224.202227	183.360257	224.202882	134.794488	
46.152654	45.160302	167.811225	223.349283	141.000775	131.918315	89.998970	0.000000	314.916090	33.287647	0.000000	0.000000	61.127371	44.788772	225.014166	158.005433	134.998812	226.718486	205.632889	180.044515	134.998097	303.282567	87.893741	67.994882	178.812021	147.771520	136.561817	53.650111	56.776319	315.797118	0.000000	0.000000	0.000414	68.838198	45.080828	223.436031	146.717433	135.410035	134.792222	224.202227	183.360257	224.202882	134.794488	
46.152654	45.160300	167.811225	223.349283	140.992386	131.918315	89.998970	0.000000	314.916090	33.287647	0.000000	0.000000	61.127371	44.788772	225.014166	158.005433	134.998812	226.717368	205.632889	180.044515	134.998097	303.282567	87.724249	67.994882	178.812021	148.002071	136.561817	53.650111	56.776319	315.797118	0.000000	0.000000	0.000414	68.915522	45.080828	223.436031	146.717433	135.410035	134.792222	224.202227	183.360257	224.202882	134.794488	
46.152654	45.160300	167.811225	223.349283	140.989950	131.918315	89.998970	0.000000	314.916090	33.287647	0.000000	0.000000	61.127371	44.788772	225.014166	158.005433	134.998812	226.717014	205.632889	180.044515	134.998097	303.282567	87.561322	67.994882	178.812021	148.237202	136.561817	53.650111	56.776319	315.797118	0.000000	0.000000	0.000414	68.998956	45.080828	223.436031	146.717433	135.410035	134.792222	224.202227	183.360257	224.202882	134.794488	
46.152654	45.160300	167.811225	223.349283	140.989242	131.918315	89.998970	0.000000	314.916090	33.287647	0.000000	0.000000	61.127371	44.788772	225.014166	158.005433	134.998812	226.716903	205.632889	180.044515	134.998097	303.282567	87.404978	67.994882	178.812021	148.476850	136.561817	53.650111	56.776319	315.797118	0.000000	0.000000	0.000414	69.088397	45.080828	223.436031	146.717433	135.410035	134.792222	224.202227	183.360257	224.202882	134.794488	
46.152654	45.160300	167.811225	223.349283	140.989036	131.918315	89.998970	0.000000	314.916090	33.287647	0.000000	0.000000	61.127371	44.788772	225.014166	158.005433	134.998812	226.716868	205.632889	180.044515	134.998097	303.282567	87.255228	67.994882	178.812021	148.720962	136.561817	53.650111	56.776319	315.797118	0.000000	0.000000	0.000414	69.183747	45.080828	223.436031	146.717433	135.410035	134.792222	224.202227	183.360257	224.202882	134.794488	
46.152654	45.160299	167.811225	223.349283	140.988977	131.918315	89.998970	0.000000	314.916090	33.287647	0.000000	0.000000	61.127371	44.788772	225.014166	158.005433	134.998812	226.716856	205.632889	180.044515	134.998097	303.282567	87.112077	67.994882	178.812021	148.969493	136.561817	53.650111	56.776319	315.797118	0.000000	0.000000	0.000414	69.284905	45.080828	223.436031	146.717433	135.410035	134.792222	224.202227	183.360257	224.202882	134.794488	
46.152654	45.160299	167.811225	223.349283	140.988959	131.918315	89.998970	0.000000	314.916090	33.287647	0.000000	0.000000	61.127371	44.788772	225.014166	158.005433	134.998812	226.716853	205.632889	180.044515	134.998097	303.282567	86.975524	67.994882	178.812021	149.222402	136.561817	53.650111	56.776319	315.797118	0.000000	0.000000	0.000414	69.391776	45.080828	223.436031	146.717433	135.410035	134.792222	224.202227	183.360257	224.202882	134.794488	
46.152654	45.160299	167.811225	223.349283	140.988954	131.918315	89.998970	0.000000	314.916090	33.287647	0.000000	0.000000	61.127371	44.788772	225.014166	158.005433	134.998812	226.716852	205.632889	180.044515	134.998097	303.282567	86.845561	67.994882	179.146748	149.479654	136.561817	53.650111	56.776319	315.797118	0.000000	0.000000	0.000414	69.504267	45.052712	223.436031	146.717433	135.410035	134.792222	224.202227	183.360257	224.202882	134.794488	
46.152654	45.160299	167.811225	223.349283	140.988953	131.918315	89.998970	0.000000	314.916090	33.287647	0.000000	0.000000	61.127371	44.788772	225.014166	158.005433	134.998812	226.716852	205.632889	180.044515	134.998097	303.282567	86.722179	67.994882	179.248494	149.741213	136.561817	53.650111	56.776319	315.797118	0.000000	0.000000	0.000414	69.622284	45.044550	223.436031	146.717433	135.410035	134.792222	224.202227	183.360257	224.202882	134.794488	
46.152654	45.160299	167.811225	223.349283	140.988952	131.918315	89.998970	0.000000	314.916090	33.287647	0.000000	0.000000	61.127371	44.788772	225.014166	158.005433	134.998812	226.716851	205.632889	180.044515	134.998097	303.282567	86.605359	67.994882	179.279424	150.007052	136.561817	53.650111	56.776319	315.797118	0.000000	0.000000	0.000414	69.745737	45.042180	223.436031	146.717433	135.410035	134.792222	224.202227	183.360257	224.202882	134.794488	
46.152654	45.160299	167.811225	223.349283	140.988952	131.918315	89.998970	0.000000	314.916090	33.287647	0.000000	0.000000	61.127371	44.788772	225.014166	158.005433	134.998812	226.716851	205.632889	180.044515	134.998097	303.282567	86.495082	67.994882	179.288828	150.277141	136.561817	53.650111	56.776319	315.797118	0.000000	0.000000	0.000414	69.874538	45.041492	223.436031	146.717433	135.410035	134.792222	224.202227	183.360257	224.202882	134.794488	
46.152654	45.160299	167.811225	223.349283	140.988952	131.918315	89.998970	0.000000	314.916090	33.287647	0.000000	0.000000	61.127371	44.788772	225.014166	158.005433	134.998812	226.716851	205.632889	180.044515	134.998097	303.282567	86.391322	67.994882	179.291688	150.551459	136.561817	53.650111	56.776319	315.797118	0.000000	0.000000	0.000414	70.008602	45.041292	223.436031	146.717433	135.410035	134.792222	224.202227	183.360257	224.202882	134.794488	
46.152654	45.160299	167.811225	223.349283	140.988952	131.918315	89.998970	0.000000	314.916090	33.287647	0.000000	0.000000	61.127371	44.788772	225.014166	158.005433	134.998812	226.716851	205.632889	180.044515	134.998097	303.282567	86.294050	67.994882	179.292557	150.829983	136.561817	53.650111	56.776319	315.797118	0.000000	0.000000	0.000414	70.147844	45.041234	223.436031	146.717433	135.410035	134.792222	224.202227	183.360257	224.202882	134.794488	
46.152654	45.160299	167.811225	223.349283	140.988952	131.918315	89.998970	0.000000	314.916090	33.287647	0.000000	0.000000	61.127371	44.788772	225.014166	158.005433	134.998812	226.716851	205.632889	180.044515	134.998097	303.282567	86.203233	67.994882	179.292822	151.112696	136.561817	53.650111	56.776319	315.797118	0.000000	0.000000	0.000414	70.292183	45.041217	223.436031	146.717433	135.410035	134.792222	224.202227	183.360257	224.202882	134.794488	
46.152654	45.160299	167.811225	223.349283	140.988952	131.918315	89.998970	0.000000	314.916090	33.287647	0.000000	0.000000	61.127371	44.788772	225.014166	158.005433	134.998812	226.716851	205.632889	180.044515	134.998097	303.282567	86.118834	67.994882	179.292902	151.399582	136.561817	53.650111	56.776319	315.797118	0.000000	0.000000	0.000414	70.441538	45.041212	223.436031	146.717433	135.410035	134.792222	224.202227	183.360257	224.202882	134.794488	
46.152654	45.160299	167.811225	223.349283	140.988952	131.918315	89.998970	0.000000	314.916090	33.287647	0.000000	0.000000	61.127371	44.788772	225.014166	158.005433	134.998812	226.716851	205.632889	180.044515	134.998097	303.282567	86.040813	67.994882	179.292927	151.690628	136.561817	53.650111	56.776319	315.797118	0.000000	0.000000	0.000414	70.595833	45.041210	223.436031	146.717433	135.410035	134.792222	224.202227	183.360257	224.202882	134.794488	
46.152654	45.160299	167.811225	223.349283	140.988952	131.918315	89.998970	0.000000	314.916090	33.287647	0.000000	0.000000	61.127371	44.788772	225.014166	158.005433	134.998812	226.716851	205.632889	180.044515	134.998097	303.282567	85.969128	67.994882	179.292934	160.533535	136.561817	53.650111	56.776319	315.797118	0.000000	0.000000	0.000414	70.754992	45.041210	223.436031	146.717433	135.410035	134.792222	224.202227	183.360257	224.202882	134.794488	
46.152654	45.160299	167.811225	223.349283	140.988952	131.918315	89.998970	0.000000	314.916090	33.287647	0.000000	0.000000	61.127371	44.788772	225.014166	158.005433	134.998812	226.716851	205.632889	180.044515	134.998097	303.282567	85.903732	67.994882	179.292936	154.826221	136.561817	53.650111	56.776319	315.797118	0.000000	0.000000	0.000414	70.918941	45.041210	223.436031	146.717433	135.410035	134.792222	224.202227	183.360257	224.202882	134.794488	
46.152654	45.160299	167.811225	223.349283	140.988952	131.918315	89.998970	0.000000	314.916090	33.287647	0.000000	0.000000	61.127371	44.788772	225.014166	158.005433	134.998812	226.716851	205.632889	180.044515	134.998097	303.282567	85.844578	67.994882	179.292937	161.776527	136.561817	50.690682	56.776319	315.797118	0.000000	0.000000	0.000414	82.872544	45.041210	223.436031	146.717433	135.410035	134.792222	224.202227	183.360257	224.202882	134.794488	
46.152654	45.160299	167.811225	223.349283	140.988952	131.918315	89.998970	0.000000	314.916090	33.287647	0.000000	0.000000	61.127371	44.788772	225.014166	158.005433	134.998812	226.716851	205.632889	180.044515	134.998097	303.282567	85.791615	67.994882	179.292937	155.555978	136.561817	49.793807	56.776319	315.797118	0.000000	0.000000	0.000414	74.772587	45.041210	223.436031	146.717433	135.410035	134.792222	224.202227	183.360257	224.202882	134.794488	
46.152654	45.160299	167.811225	223.349283	140.988952	131.918315	89.998970	0.000000	314.916090	33.287647	0.000000	0.000000	61.127371	44.788772	225.014166	158.005433	134.998812	226.716851	205.632889	180.044515	134.998097	303.282567	85.744790	67.994882	179.292937	162.193608	136.561817	49.521892	56.776319	315.797118	0.000000	0.000000	0.000414	72.386973	45.041210	223.436031	146.717433	135.410035	134.792222	224.202227	183.360257	224.202882	134.794488	
46.152654	45.160299	167.811225	223.349283	140.988952	131.918315	89.998970	0.000000	314.916090	33.287647	0.000000	0.000000	61.127371	44.788772	225.014166	158.005433	134.998812	226.716851	205.632889	180.044515	134.998097	303.282567	85.704048	67.994882	179.292937	164.533605	136.561817	49.439443	56.776319	315.797118	0.000000	0.000000	0.000299	83.366701	45.041210	223.436031	146.717433	135.410035	134.792222	224.202227	183.360257	224.202882	134.794488	
46.152654	45.160299	167.811225	223.349283	140.988952	131.918315	89.998970	0.000000	314.916090	33.287647	0.000000	0.000000	61.127371	44.788772	225.014166	158.005433	134.998812	226.716851	205.632889	180.044515	134.998097	303.282567	85.669335	67.994882	179.292937	165.382255	136.561817	49.414441	56.776319	315.797118	0.000000	0.000000	0.000263	75.155612	45.041210	223.436031	146.717433	135.410035	134.792222	224.202227	183.360257	224.202882	134.794488	
46.152654	45.160299	167.811225	223.349283	140.988952	131.918315	89.998970	0.000000	314.916090	33.287647	0.000000	0.000000	61.127371	44.788772	225.014166	158.005433	134.998812	226.716851	205.632889	180.044515	134.998097	303.282567	85.640591	67.994882	179.292937	165.715293	136.561817	49.406859	56.776319	315.797118	0.000000	0.000000	0.000251	84.244488	45.041210	223.436031	146.717433	135.410035	134.792222	224.202227	183.360257	224.202882	134.794488	
46.152654	45.160299	167.811225	223.349283	140.988952	131.918315	89.998970	0.000000	314.916090	33.287647	0.000000	0.000000	61.127371	44.788772	225.014166	158.005433	134.998812	226.716851	205.632889	180.044515	134.998097	303.282567	85.617757	67.994882	179.292937	165.872766	136.561817	49.404560	56.776319	315.797118	0.000000	0.000000	0.000247	75.551057	45.041210	223.436031	146.717433	135.410035	134.792222	224.202227	183.360257	224.202882	134.794488	
46.152654	45.160299	167.811225	223.349283	140.988952	131.918315	89.998970	0.000000	314.916090	33.287647	0.000000	0.000000	61.127371	44.788772	225.014166	158.005433	134.998812	226.716851	205.632889	180.044515	134.998097	303.282567	85.600774	67.994882	179.292937	165.973061	136.561817	49.403862	56.776319	315.797118	0.000000	0.000000	0.000246	84.366124	45.041210	223.436031	146.717433	135.410035	134.792222	224.202227	183.360257	224.202882	134.794488	
46.152654	45.160299	167.811225	223.349283	140.988952	131.918315	89.998970	0.000000	314.916090	33.287647	0.000000	0.000000	61.127371	44.788772	225.014166	158.005433	134.999225	226.716851	205.632889	180.044515	134.998097	303.282567	85.589580	67.994882	179.292937	166.057323	136.561817	49.403650	56.776319	315.797118	0.000000	0.000000	0.000246	75.730755	45.041210	223.436031	146.717433	135.410035	134.792222	224.202227	183.360257	224.202882	134.794488	
46.152654	45.160299	167.811225	223.349283	140.988952	131.918315	89.998970	0.000000	314.916090	33.287647	0.000000	0.000000	61.127371	44.788772	225.014166	158.005433	134.999345	226.716851	205.632889	180.044515	134.998097	303.282567	85.584113	67.994882	179.292937	166.139819	136.561817	49.403586	56.776319	315.797118	0.000000	0.000000	0.000246	84.428348	45.041210	223.436031	146.717433	135.410035	134.792222	224.202227	183.360257	224.202882	134.794488	
46.152654	45.160299	167.811225	223.349283	140.988952	131.918315	89.998970	0.000000	314.916090	33.287647	0.000000	0.000000	61.127371	44.788772	225.014166	158.005433	134.999380	226.716851	205.632889	180.044515	134.998097	303.282567	85.584310	67.994882	179.292937	166.225472	136.561817	49.403567	56.776319	315.797118	0.000000	0.000000	0.000246	75.908835	45.041210	223.436031	146.717433	135.410035	134.792222	224.202227	183.360257	224.202882	134.794488	
46.152654	45.160299	167.811225	223.349283	140.988952	131.918315	89.998970	0.000000	314.916090	33.287647	0.000000	0.000000	61.127371	44.788772	225.014166	158.005433	134.999390	226.716851	205.632889	180.044515	134.998097	303.282567	85.590108	67.994882	179.292937	150.519726	136.561817	49.403561	56.776319	315.797118	0.000000	0.000000	0.000246	84.500458	45.041210	223.436031	146.717433	135.410035	134.792222	224.202227	183.360257	224.202882	134.794488	
46.152654	45.160299	167.811225	223.349283	140.988952	131.918315	89.998970	0.000000	314.916090	33.287647	0.000000	0.000000	61.127371	44.788772	225.014166	158.005433	134.999393	226.716851	205.632889	180.044515	134.998097	303.282567	85.601442	67.994882	179.292937	145.726160	136.561817	49.403559	56.776319	315.797118	0.000000	0.000000	0.000246	76.106107	45.041210	223.436031	146.717433	135.410035	134.792222	224.202227	183.360257	224.202882	134.794488	
46.152654	45.160299	167.811225	223.349283	140.988952	131.918315	89.998970	0.000000	314.916090	33.287647	0.000000	0.000000	61.127371	44.788772	225.014166	158.005433	134.999394	226.716851	205.632889	180.044515	134.998097	303.282567	85.618250	67.994882	179.292937	144.325357	136.561817	49.403559	56.776319	315.797118	0.000000	0.000000	0.000246	84.589178	45.041210	223.436031	146.717433	135.410035	134.792222	224.202227	183.360257	224.202882	134.794488	
46.152654	45.160299	167.811225	223.349283	140.988952	131.918315	89.998970	0.000000	314.916090	33.287647	0.000000	0.000000	61.127371	44.788772	225.014166	158.005433	134.999394	226.716851	205.632889	180.044515	134.998097	303.282567	85.640466	67.994882	179.292937	143.990048	136.561817	49.403558	56.776319	315.797118	0.000000	0.000000	0.000246	76.324188	45.041210	223.436031	146.717433	135.410035	134.792222	224.202227	183.360257	224.202882	134.794488	
46.152654	45.160299	167.811225	223.349283	140.988952	131.918315	89.998970	0.000000	314.916090	33.287647	0.000000	0.000000	61.127371	44.788772	225.014166	158.005433	134.999394	226.716851	205.632889	180.044515	134.998097	303.282567	85.668027	59.986253	179.292937	143.990123	136.561817	49.403558	56.776319	315.797118	0.000000	0.000000	0.000246	84.695006	45.041210	223.436031	146.717433	135.410035	134.792222	224.202227	183.360257	224.202882	134.794488	
46.152654	45.160299	167.811225	223.349283	140.988952	131.918315	89.998970	0.000000	314.916090	33.287647	0.000000	0.000000	61.127371	44.788772	225.014166	158.005433	134.999395	226.716851	205.632889	180.044515	134.998097	303.282567	85.700868	57.666725	179.292937	141.860502	136.561817	49.403558	56.776319	315.797118	0.000000	0.000000	0.000246	76.562811	45.041210	223.436031	146.717433	135.410035	134.792222	224.202227	183.360257	224.202882	134.794488	
46.152654	45.160299	167.811225	223.349283	140.988952	131.918315	89.998970	0.000000	314.916090	33.287647	0.000000	0.000000	61.127371	44.788772	225.014166	158.005433	134.999395	226.716851	205.632889	180.044515	134.998097	303.282567	85.738924	56.993179	179.292937	141.231284	136.561817	49.403558	56.776319	315.797118	0.000000	0.000000	0.000246	84.817820	45.041210	223.436031	146.717433	135.410035	134.792222	224.202227	183.360257	224.202882	134.794488	
46.152654	45.160299	167.811225	223.349283	140.988952	131.918315	89.998970	0.000000	314.916090	33.287647	0.000000	0.000000	61.127371	44.788772	225.014166	158.005433	134.999395	226.716851	205.632889	180.044515	134.998097	303.282567	95.576160	56.797538	179.292937	141.089607	136.561817	49.403558	56.776319	315.797118	0.000000	0.000000	0.000246	87.458015	45.041210	223.436031	142.651352	135.410035	134.792222	224.202227	183.360257	224.202882	134.794488	
46.152654	45.160299	167.811225	223.349283	140.988952	131.918315	89.998970	0.000000	314.916090	33.287647	0.000000	0.000000	61.127371	44.788772	225.014166	158.005433	134.999395	226.716851	205.632889	180.044515	134.998097	303.282567	88.519009	56.740706	179.292937	141.109092	136.561817	49.403558	56.776319	315.797118	0.000000	0.000000	0.000246	77.663733	45.041210	223.436031	141.471642	135.410035	134.792222	224.202227	183.360257	224.202882	134.794488	
46.152654	45.160299	167.811225	223.349283	140.988952	131.918315	89.998970	0.000000	314.916090	33.287647	0.000000	0.000000	61.127371	44.788772	225.014166	158.005433	134.999395	226.716851	205.632889	180.044515	134.998097	303.282567	86.522061	56.724195	179.292937	141.184663	136.561817	49.403558	56.776319	315.797118	0.000000	0.000000	0.000246	85.199796	45.041210	223.436031	141.129121	135.410035	134.792222	224.202227	183.360257	224.202882	134.794488	
46.152654	45.160299	167.811225	223.349283	140.988952	131.918315	89.998970	0.000000	314.916090	33.287647	0.000000	0.000000	61.127371	44.788772	225.014166	158.005433	134.999395	226.716851	205.632889	180.044515	134.998097	303.282567	95.692029	56.719398	179.292937	141.282487	136.561817	49.403558	56.776319	315.797118	0.000000	0.000000	0.000246	87.613961	45.041210	223.436031	141.029659	135.410035	134.792222	224.202227	183.360257	224.202882	134.794488	
46.152654	45.160299	167.811225	223.349283	140.988952	131.918315	89.998970	0.000000	314.916090	33.287647	0.000000	0.000000	61.127371	44.788772	225.014166	158.005433	134.999395	226.716851	205.632889	180.044515	134.998097	303.282567	88.541745	56.718004	179.292937	141.391623	136.561817	49.403558	56.776319	315.797118	0.000000	0.000000	0.000246	88.371912	45.041210	223.436031	141.000775	135.410035	134.792222	224.202227	183.360257	224.202882	134.794488	
46.152654	45.160299	167.811225	223.349283	140.988952	131.918315	89.999266	0.000000	314.916090	33.287647	0.000000	0.000000	61.127371	44.788772	225.014166	158.005433	134.999395	226.716851	205.632889	180.044515	134.998097	303.282567	86.533618	56.717599	179.292937	141.508477	136.561817	49.403558	56.776319	315.797118	0.000000	0.000000	0.000246	88.595268	45.041210	223.436031	140.992386	135.410035	134.792222	224.202227	183.360257	224.202882	134.794488	
46.152654	45.160299	167.811225	223.349283	140.988952	131.918315	89.999352	0.000000	314.916090	33.287647	0.000000	0.000000	61.127371	44.788772	225.014166	158.005433	134.999395	226.716851	205.632889	180.044515	134.998097	303.282567	95.605339	56.717482	179.292937	141.631812	136.561817	49.403558	56.776319	315.797118	0.000000	0.000000	0.000246	88.648331	45.041210	223.436031	140.989950	135.410035	134.792222	224.202227	183.360257	224.202882	134.794488	
46.152654	45.160299	167.811225	223.349283	140.988952	131.918315	89.999377	0.000000	314.916090	33.287647	0.000000	0.000000	61.127371	44.788772	225.014166	158.005433	134.999395	226.716851	205.632889	180.044515	134.998097	303.282567	88.543332	56.717447	179.292937	144.574850	136.561817	49.403558	56.776319	315.797118	0.000000	0.000000	0.000246	88.649422	45.041210	223.436031	140.989242	135.410035	134.792222	224.202227	183.360257	224.202882	134.794488	
46.152654	45.160299	167.811225	223.349283	140.988952	131.918315	89.999384	0.000000	314.916090	33.287647	0.000000	0.000000	61.127371	44.788772	225.014166	158.005433	134.999395	226.716851	205.632889	180.044515	134.998097	303.282567	96.102382	56.717438	179.292937	142.746862	136.561817	49.403558	56.776319	315.797118	0.000000	0.000000	0.000246	88.636962	45.041210	223.436031	140.989036	135.410035	134.792222	224.202227	183.360257	224.202882	134.794488	
46.152654	45.160299	167.811225	223.349283	140.988952	131.918315	89.999386	0.000000	314.916090	33.287647	0.000000	0.000000	61.127371	44.788772	225.014166	158.005433	134.999395	226.716851	205.632889	180.044515	134.998097	303.282567	88.677680	56.717435	179.292937	142.266047	136.561817	49.403558	56.776319	315.797118	0.000000	0.000000	0.000246	88.623419	45.041210	223.436031	140.988977	135.410035	134.792222	224.202227	183.360257	224.202882	134.794488	
46.152654	45.160299	171.176637	223.349283	140.988952	131.918315	89.999387	0.000000	314.916090	33.287647	0.000000	0.000000	61.127371	44.788772	225.014166	158.005433	134.999395	226.716851	205.632889	180.044515	134.998097	303.282567	96.067236	56.717434	179.292937	145.190300	136.561817	49.403558	56.776319	315.797118	0.000000	0.000000	0.000246	88.612840	45.041210	223.436031	140.988959	135.410035	134.792222	224.202227	183.360257	224.202882	134.794488	
46.152654	45.160299	172.241044	223.349283	140.988952	131.918315	89.999387	0.000000	314.916090	33.287647	0.000000	0.000000	61.127371	44.788772	225.014166	158.005433	134.999395	226.716851	205.632889	180.044515	134.998097	303.282567	88.676378	56.717434	179.292937	143.201501	136.561817	49.403558	56.776319	315.797118	0.000000	0.000000	0.000246	88.606538	45.041210	223.436031	140.988954	135.410035	134.792222	224.202227	183.360257	224.202882	134.794488	
46.152654	45.160299	172.577871	223.349283	140.988952	131.918315	89.999387	0.000000	314.916090	33.287647	0.000000	0.000000	61.127371	44.788772	225.014166	158.005433	134.999395	226.716851	205.632889	180.044515	134.998097	303.282567	96.001729	56.717433	179.292937	152.262232	136.561817	49.403558	56.776319	315.797118	0.000000	0.000000	0.000246	88.604938	45.041210	223.436031	140.988953	135.410035	134.792222	224.202227	183.360257	224.202882	134.794488	
46.152654	45.160299	172.684477	223.349283	140.988952	131.918315	89.999387	0.000000	314.916090	33.287647	0.000000	0.000000	61.127371	44.788772	225.014166	158.005433	134.999395	226.716851	205.632889	180.044515	134.998097	303.282567	88.683192	56.717433	179.292937	145.506274	136.561817	49.403558	56.776319	315.797118	0.000000	0.000000	0.000246	88.608175	45.041210	223.436031	140.988952	135.410035	134.792222	224.202227	183.360257	224.202882	134.794488	
46.152654	45.160299	172.718221	223.349283	140.988952	131.918315	89.999387	0.000000	314.916090	33.287647	0.000000	0.000000	61.127371	44.788772	225.014166	158.005433	134.999395	226.716851	205.632889	180.031774	134.998097	303.282567	95.947496	56.717433	179.292937	152.952424	136.561817	49.403558	56.776319	315.797118	0.000000	0.000000	0.000246	88.616291	45.041210	223.436031	140.988952	135.410035	134.792222	224.202227	183.360257	224.202882	134.794488	
46.152654	45.160299	172.728904	223.349283	140.988952	131.918315	89.999387	0.000000	314.916090	33.287647	0.000000	0.000000	61.127371	44.788772	225.014166	158.005433	134.999395	226.716851	205.632889	180.028065	134.998097	303.282567	88.709727	56.717433	179.292937	145.817795	136.561817	49.403558	56.776319	315.797118	0.000000	0.000000	0.000246	88.503542	45.041210	223.436031	140.988952	135.410035	134.792222	224.202227	183.360257	224.202882	134.794488	
46.152654	45.160299	172.732286	223.349283	140.988952	131.918315	89.999387	0.000000	314.916090	33.287647	0.000000	0.000000	61.127371	44.788772	225.014166	158.005433	134.999395	226.716851	205.632889	180.026985	134.998097	303.282567	95.907942	56.717433	179.292937	152.997552	136.561817	49.403558	56.776319	315.797118	0.000000	0.000000	0.000246	88.305231	45.041210	223.436031	140.988952	135.410035	134.792222	224.202227	183.360257	224.202882	134.794488	
46.152654	45.160299	172.733357	223.349283	140.988952	131.918315	89.999387	0.000000	314.916090	33.287647	0.000000	0.000000	61.127371	44.788772	225.014166	158.005433	134.999395	226.716851	205.632889	180.026671	134.998097	303.282567	88.756629	56.717433	179.292937	145.946499	136.561817	49.403558	56.776319	315.797118	0.000000	0.000000	0.000246	84.328579	45.041210	223.436031	140.988952	135.410035	134.792222	224.202227	182.432283	224.202882	134.794488	
46.152654	45.160299	172.733696	223.349283	140.988952	131.918315	89.999387	0.000000	314.916090	33.287647	0.000000	0.000000	61.127371	44.788772	225.014166	158.005433	134.999395	226.716851	205.632889	180.026579	134.998097	303.282567	95.883284	56.717433	179.292937	152.994135	136.561817	49.403558	56.776319	315.797118	0.000000	0.000000	0.000246	82.896449	45.041210	223.436031	140.988952	135.410035	134.792222	224.202227	182.138691	224.202882	134.794488	
46.152654	45.160299	172.733804	223.349283	140.988952	131.918315	89.999387	0.000000	314.916090	33.287647	0.000000	0.000000	61.127371	44.788772	225.014166	158.005433	134.999395	226.716851	205.632889	180.026553	134.998097	303.282567	88.823629	56.717433	179.292937	146.079021	136.561817	49.403558	56.776319	315.797118	0.000000	0.000000	0.000246	82.283290	45.041210	223.436031	140.988952	135.410035	134.792222	224.202227	182.045791	224.202882	134.794488	
46.152654	45.160299	172.733838	223.349283	140.988952	131.918315	89.999387	0.000000	314.916090	33.287647	0.000000	0.000000	61.127371	44.788772	225.014166	158.005433	134.999395	226.716851	205.632889	180.026545	134.998097	303.282567	95.873467	56.717433	179.292937	153.003618	136.561817	49.403558	56.776319	315.520201	0.000000	0.000000	0.000246	81.938444	45.041210	223.436031	140.988952	135.410035	134.792222	224.202227	182.016392	224.202882	134.794488	
46.152654	45.160299	172.733849	223.349283	140.988952	131.918315	89.999387	0.000000	314.916090	33.287647	0.000000	0.000000	61.127371	44.788772	225.014166	158.005433	134.999395	226.716851	205.632889	180.026543	134.998097	303.282567	97.868109	56.717433	179.292937	146.233883	136.561817	49.403558	56.776319	315.439807	0.000000	0.000000	0.000246	81.685530	45.041210	223.436031	140.988952	135.410035	134.792222	224.202227	182.007087	224.202882	134.794488	
46.152654	45.160299	172.733852	223.349283	140.988952	131.918315	89.999387	0.000000	314.916090	33.287647	0.000000	0.000000	61.127371	44.788772	225.014166	158.005433	134.999395	226.716851	205.632889	180.026542	134.998097	303.282567	89.460766	56.717433	179.292937	153.031930	136.561817	49.403558	56.776319	315.416465	0.000000	0.000000	0.000246	81.467973	45.041210	223.436031	140.988952	135.410035	134.792222	224.202227	182.004141	224.202882	134.794488	
46.152654	45.160299	172.733853	223.349283	140.988952	131.918315	89.999387	0.000000	314.916090	33.287647	0.000000	0.000000	61.127371	44.788772	225.014166	158.005433	134.999395	226.716851	205.632889	180.026542	134.998097	303.282567	95.982050	56.717433	179.292937	155.214165	136.561817	49.403558	56.776319	315.409688	0.000000	0.000000	0.000246	81.267621	45.041210	223.436031	140.988952	135.410035	134.792222	224.202227	182.003209	224.202882	134.794488	
46.152654	45.160299	172.733853	223.349283	140.988952	131.918315	89.999387	0.000000	314.916090	33.287647	0.000000	0.000000	61.127371	44.788772	225.014166	158.005433	134.999395	226.716851	205.632889	180.026542	134.998097	303.282567	97.831620	56.717433	179.292937	155.872030	136.561817	49.403558	56.776319	315.407719	0.000000	0.000000	0.000246	81.078657	45.041210	223.436031	140.988952	135.410035	134.792222	224.202227	182.002914	224.202882	134.794488	
46.152654	45.160299	172.733853	223.349283	140.988952	131.918315	89.999387	0.000000	314.916090	33.287647	0.000000	0.000000	61.127371	44.788772	225.014166	158.005433	134.999395	226.716851	205.632889	180.026542	134.998097	303.282567	98.320989	56.717433	179.292937	156.028093	136.561817	49.403558	56.776319	315.407148	0.000000	0.000000	0.000246	80.899224	45.041210	223.436031	140.988952	135.410035	134.792222	224.202227	182.002820	224.202882	134.794488	
46.152654	45.160299	172.733853	223.349283	140.988952	131.918315	89.999387	0.000000	314.916090	33.287647	0.000000	0.000000	61.127371	44.788772	225.014166	158.005433	134.999395	226.716851	205.632889	180.026542	134.998097	303.282567	98.415392	56.717433	179.292937	156.021500	136.561817	49.403558	56.776319	315.406982	0.000000	0.000000	0.000246	80.728732	45.041210	223.436031	140.988952	135.410035	134.792222	224.202227	182.002791	224.202882	134.794488	
46.152654	45.160299	172.733854	223.349283	140.988952	131.918315	89.999387	0.000000	314.916090	33.287647	0.000000	0.000000	61.127371	44.788772	225.014166	158.005433	134.999395	226.716851	205.632889	180.026542	134.998097	303.282567	98.396982	56.717433	179.292937	155.964742	136.561817	49.403558	56.776319	315.406934	0.000000	0.000000	0.000246	80.566990	45.041210	223.436031	140.988952	135.410035	134.792222	224.202227	182.002781	224.202882	134.794488	
46.152654	45.160299	172.733854	223.349283	140.988952	131.918315	89.999387	0.000000	314.916090	33.287647	0.000000	0.000000	61.127371	44.788772	225.014166	158.005433	134.999395	226.716851	205.632889	180.026542	134.998097	307.348648	98.348273	56.717433	179.292937	155.895123	136.561817	49.403558	56.776319	315.406920	0.000000	0.000000	0.000246	80.413933	45.041210	223.436031	140.988952	135.410035	134.792222	224.202227	182.002778	224.202882	134.794488	
46.152654	45.160299	172.733854	223.349283	140.988952	131.918315	89.999387	0.000000	314.916090	33.287647	0.000000	0.000000	61.127371	44.788772	225.014166	158.005433	134.999395	226.716851	205.632889	180.026542	134.998097	308.528358	98.293408	56.717433	179.292937	155.825003	136.561817	49.403558	56.776319	315.406916	0.000000	0.000000	0.000246	80.269526	45.041210	223.436031	140.988952	135.410035	134.792222	224.202227	182.002777	224.202882	134.794488	
46.152654	45.160299	172.733854	223.349283	140.988952	131.918315	89.999387	0.000000	314.916090	33.287647	0.000000	0.000000	61.127371	44.788772	225.014166	158.005433	134.999395	226.716851	205.632889	180.026542	134.998097	308.870879	98.239463	56.717433	179.292937	155.758465	136.561817	49.403558	56.776319	315.406914	0.000000	0.000000	0.000246	80.133742	45.041210	223.436031	140.988952	135.410035	134.792222	224.202227	182.002777	224.202882	134.794488	
46.152654	45.160299	172.733854	223.349283	140.988952	131.918315	89.999387	0.000000	314.916090	33.287647	0.000000	0.000000	61.127371	44.788772	225.014166	158.005433	134.999395	226.716851	205.632889	180.026542	134.998097	308.970341	98.188519	56.717433	179.292937	155.696844	136.561817	49.403558	56.776319	315.406914	0.000000	0.000000	0.000246	80.006546	45.041210	223.436031	140.988952	135.410035	134.792222	224.202227	182.002777	224.202882	134.794488	
46.152654	45.160299	172.733854	223.349283	140.988952	131.918315	89.999387	0.000000	314.916090	33.287647	0.000000	0.000000	61.127371	44.788772	225.014166	158.005433	134.999395	226.716851	205.632889	180.026542	134.998097	308.999225	98.141196	56.717433	179.292937	155.640561	136.561817	49.403558	56.776319	315.406914	0.000000	0.000000	0.000246	79.887902	45.041210	223.436031	140.988952	135.410035	134.792222	224.202227	182.002777	224.202882	134.794488	
46.152654	45.160299	172.733854	223.349283	140.988952	131.918315	89.999387	0.000000	314.916090	33.287647	0.000000	0.000000	61.127371	44.788772	225.014166	158.005433	134.999395	226.716851	205.632889	180.026542	134.998097	309.007614	98.097684	56.717433	179.292937	155.589733	136.561817	49.403558	56.776319	315.406914	0.000000	0.000000	0.000246	79.777762	45.041210	223.436031	140.988952	135.410035	134.792222	224.202227	182.002777	224.202882	134.794488	
46.152654	45.160299	172.733854	223.349283	140.988952	133.027626	89.999387	0.000000	314.916090	33.287647	0.000000	0.000000	61.127371	44.788772	225.014166	158.005433	134.999395	226.716851	205.632889	180.026542	134.998097	309.010050	98.058048	56.717433	179.292937	155.544372	136.561817	49.403558	56.776319	315.406914	0.000000	0.000000	0.000246	79.676074	45.041210	223.436031	140.988952	135.410035	134.792222	224.202227	182.002777	224.202882	134.794488	
46.152654	45.160299	172.733854	223.349283	140.988952	133.319676	89.999387	0.000000	314.916090	33.287647	0.000000	0.000000	61.127371	44.788772	225.014166	158.005433	134.999395	226.716851	205.632889	180.026542	134.998097	309.010758	92.036547	56.717433	179.292937	155.504458	136.561817	49.403558	56.776319	315.406914	0.000000	0.000000	0.000246	79.582780	45.041210	223.436031	140.988952	135.410035	134.792222	224.202227	182.002777	224.202882	134.794488	
46.152654	45.160299	172.733854	223.349283	140.988952	133.396573	89.999387	0.000000	314.916090	33.287647	0.000000	0.000000	61.127371	44.788772	225.014166	158.005433	134.999395	226.716851	205.632889	180.026542	134.998097	309.010964	90.314533	56.717433	179.292937	155.469953	136.561817	49.403558	56.776319	315.406914	0.000000	0.000000	0.000246	79.497815	45.041210	223.436031	140.988952	135.410035	134.792222	224.202227	182.002777	224.202882	134.794488	
46.152654	45.160299	172.733854	223.349283	140.988952	133.416821	89.999387	0.000000	314.916090	33.287647	0.000000	0.000000	61.127371	44.788772	225.014166	158.005433	134.999395	226.716851	205.632889	180.026542	134.998097	309.011023	89.811410	56.717433	179.292937	155.440817	136.561817	49.403558	56.776319	315.406914	0.000000	0.000000	0.000246	79.421111	45.041210	223.436031	140.988952	135.410035	134.792222	224.202227	182.002777	224.202882	134.794488	
46.152654	45.160299	172.733854	223.349283	140.988952	133.422153	89.999387	0.000000	314.916090	33.287647	0.000000	0.000000	61.127371	44.788772	225.014166	158.005433	134.999395	226.716851	205.632889	180.026542	134.998097	308.928076	89.655944	56.717433	179.292937	155.417004	136.561817	49.403558	56.776319	315.406914	0.000000	0.000000	0.000246	79.352592	45.041210	223.436031	140.988952	135.410035	134.792222	224.202227	182.002777	224.202882	134.794488	
46.152654	45.160299	172.733854	223.349283	140.988952	133.423558	89.999387	0.000000	314.916090	33.287647	0.000000	0.000000	61.127371	44.788772	225.014166	158.005433	134.999395	226.716851	205.632889	180.026542	134.998097	308.740736	89.601171	56.717433	179.292937	155.398467	136.561817	49.403558	56.776319	315.406914	0.000000	0.000000	0.000246	79.292180	45.041210	223.436031	140.988952	135.410035	134.792222	224.474174	182.002777	224.202882	134.864551	
46.152654	45.160299	172.733854	223.349283	140.988952	133.423927	89.999387	0.000000	314.916090	33.287647	0.000000	0.000000	61.127371	44.788772	225.014166	158.005433	134.999395	226.716851	205.632889	180.026542	134.998097	308.523894	89.577111	56.717433	179.292937	155.385158	136.561817	49.403558	56.776319	315.406914	0.000000	0.000000	0.000246	79.239793	45.041210	223.436031	140.988952	135.410035	134.792222	224.556610	182.002777	224.202882	134.885790	
46.152654	45.160299	172.733854	223.349283	140.988952	133.424025	89.999387	0.000000	314.916090	33.287647	0.000000	0.000000	61.127371	44.788772	225.014166	158.005433	134.999395	226.716851	205.632889	180.026542	134.998097	308.299667	89.563940	56.717433	179.491507	155.377023	136.561817	49.403558	56.776319	315.406914	0.000000	0.000000	0.000246	79.195345	45.041210	223.436031	140.988952	135.410035	134.792222	224.581602	182.002777	224.202882	134.892228	
46.152654	45.160299	172.733854	223.349283	140.988952	133.424050	89.999387	0.000000	314.916090	33.287647	0.000000	0.000000	61.127371	44.788772	225.014166	158.005433	134.999395	226.716851	205.632889	180.026542	134.998097	308.074667	89.466787	56.717433	179.551862	155.374012	136.561817	49.403558	56.776319	315.406914	0.000000	0.000000	0.000246	79.158748	45.041210	223.436031	140.988952	135.410035	134.792222	224.589179	182.002777	224.202882	134.894180	
46.152654	45.160299	172.733854	223.349283	140.988952	133.424057	89.999387	0.000000	314.916090	33.287647	0.000000	0.000000	61.127371	44.788772	225.014166	158.005433	134.999395	226.716851	205.632889	180.026542	134.998097	307.850936	89.283082	56.717433	179.570209	155.376071	136.561817	49.403558	56.776319	315.406914	0.000000	0.000000	0.000246	79.129910	45.041210	223.436031	140.988952	135.410035	134.864362	224.591476	182.002777	224.202882	134.894772	
46.152654	45.160299	172.733854	223.349283	140.988952	133.424059	89.999387	0.000000	314.916090	33.287647	0.000000	0.000000	61.127371	44.867766	225.014166	158.005433	134.999395	226.716851	205.632889	180.026542	134.998097	307.629167	89.079034	56.717433	179.575786	155.383143	136.561817	49.403558	56.776319	315.406914	0.000000	0.000000	0.000246	79.108739	45.041210	223.436031	140.988952	135.410035	134.885306	224.592173	182.002777	224.202882	134.894952	
46.152654	45.160299	172.733854	223.349283	140.988952	133.424059	89.999387	0.000000	314.916090	33.287647	0.000000	0.000000	61.127371	44.886268	225.014166	158.005433	134.999395	226.716851	205.632889	180.026542	134.998097	307.409650	88.873637	56.717433	179.577482	155.395173	136.561817	49.403558	56.776319	315.406914	0.000000	0.000000	0.000246	79.095140	45.041210	223.436031	140.988952	135.410035	134.891386	224.592384	182.002777	224.202882	134.895006	
46.152654	45.160299	172.733854	223.349283	140.988952	133.424060	89.999387	0.000000	314.916090	33.287647	0.000000	0.000000	61.127371	44.890602	225.014166	158.005433	134.999395	226.716851	205.632889	180.026542	134.998097	307.192555	88.672377	56.717433	179.577998	155.412103	136.561817	49.403558	56.776319	315.406914	0.000000	0.000000	0.000246	79.089015	45.041210	223.436031	140.988952	135.410035	134.893152	224.592448	182.002777	224.202882	134.895023	
46.152654	45.160299	172.733854	223.349283	140.988952	133.424060	89.999387	0.000000	314.916090	33.287647	0.000000	0.000000	61.127371	44.891617	225.014166	158.005433	134.999395	226.716851	205.632889	180.026542	134.998097	306.978016	88.476870	56.717433	179.578155	155.433874	136.561817	49.403558	56.776319	315.406914	0.000000	0.000000	0.000246	79.090266	45.041210	223.436031	140.988952	135.410035	134.893665	224.592468	182.002777	224.202882	134.895028	
46.152654	45.160299	172.733854	223.349283	140.988952	133.424060	89.999387	0.000000	314.916090	33.287647	0.000000	0.000000	61.127371	44.891855	225.014166	158.005433	134.999395	226.716851	205.632889	180.026542	134.998097	306.766154	88.287613	56.717433	179.578202	155.460428	136.561817	49.403558	56.776319	315.406914	0.000000	0.000000	0.000246	79.098796	45.041210	223.436031	140.988952	135.410035	134.893813	224.592473	182.002777	224.202882	134.895029	
46.152654	45.160299	172.733854	223.349283	140.988952	133.424060	89.999387	0.000000	314.916090	33.287647	0.000000	0.000000	61.127371	44.891910	225.014166	158.005433	134.999395	226.716851	205.632889	180.026542	134.998097	306.557084	88.104781	56.717433	179.578217	155.491704	136.561817	49.403558	56.776319	315.406914	0.000000	0.000000	0.000246	79.114505	45.041210	223.436031	140.988952	135.410035	134.893857	224.592475	182.002777	224.202882	134.895030	
46.152654	45.160299	172.733854	223.349283	140.988952	133.424060	89.999387	0.000000	314.916090	33.287647	0.000000	0.000000	61.127371	44.891923	225.014166	158.005433	134.999395	226.716851	205.632889	180.026542	134.998097	306.350920	87.928446	56.717433	179.578221	155.527642	136.561817	49.403558	56.776319	315.406914	0.000000	0.000000	0.000246	79.137293	45.041210	223.436031	140.988952	135.410035	134.893869	224.592476	182.002777	224.202882	134.895030	
46.152654	45.160299	172.733854	223.349283	140.988952	133.424060	89.999387	0.000000	314.916090	33.287647	0.000000	0.000000	61.127371	44.891927	225.014166	158.005433	134.999395	226.716851	205.632889	180.026542	134.998097	306.147771	87.758650	56.717433	179.578223	155.568180	136.561817	49.403558	56.776319	315.406914	0.000000	0.000000	344.899311	79.167060	45.041210	223.436031	140.988952	135.410035	134.893873	224.592476	182.002777	224.202882	134.895030	
46.152654	45.160299	172.733854	223.349283	140.988952	133.424060	89.999387	0.000000	314.916090	33.287647	0.000000	0.000000	61.127371	44.891927	225.014166	158.005433	134.999395	226.716851	205.632889	180.026542	134.998097	305.947746	87.595418	56.717433	179.578223	155.613257	136.561817	49.403558	56.776319	315.406914	0.000000	0.000000	340.172470	79.203707	45.041210	223.436031	140.988952	135.410035	134.893874	224.592476	182.002777	224.202882	134.895030	
46.152654	45.160299	172.733854	223.349283	140.988952	133.424060	89.999387	0.000000	314.916090	33.287647	0.000000	0.000000	61.127371	44.891927	225.014166	158.005433	134.999395	226.140847	205.632889	180.026542	134.998097	305.750948	87.438769	56.717433	179.578223	155.662811	136.561817	49.403558	56.776319	315.406914	0.000000	0.000000	338.680221	79.247134	45.041210	223.436031	140.988952	135.410035	134.893874	224.592476	182.002777	224.202882	134.895030	
46.152654	45.160299	172.733854	223.349283	140.988952	133.424060	89.999387	0.000000	314.916090	33.287647	0.000000	0.000000	61.127371	44.891927	225.014166	158.005433	134.999395	225.959101	205.632889	180.026542	134.998097	305.557481	87.288714	56.717433	179.578223	155.716779	136.561817	49.403558	56.776319	315.406914	0.000000	0.000000	338.208690	79.297242	45.041210	223.436031	140.988952	135.410035	134.893874	224.592476	182.002777	224.202882	134.895030	
45.737580	45.160299	172.733854	223.349283	140.988952	133.424060	89.999387	0.000000	314.916090	33.287647	0.000000	0.000000	61.127371	44.891927	225.014166	158.005433	134.999395	225.901750	205.632889	180.026542	134.998097	305.367443	87.145258	56.717433	179.578223	155.775099	136.561817	49.403558	56.776319	315.406914	0.000000	0.000000	338.059664	79.353933	45.041210	223.436031	140.988952	135.410035	134.893874	224.592476	182.002777	224.202882	134.895030	
45.628298	45.160299	172.733854	223.349283	140.988952	133.424060	89.999387	0.000000	314.916090	33.287647	0.000000	0.000000	61.127371	44.891927	225.014166	158.005433	134.999395	225.883651	205.632889	180.026542	134.998782	305.180931	87.008400	56.717433	179.578223	155.837707	136.561817	49.403558	56.776319	315.406914	0.000000	0.000000	338.012560	79.417109	45.041210	223.436031	140.988952	135.410035	134.893874	224.592476	182.002777	224.202882	134.895030	
45.599524	45.160299	172.733854	223.349283	140.988952	133.424060	89.999387	0.000000	314.916090	33.287647	0.000000	0.000000	61.127371	44.891927	225.014166	158.005433	134.999395	225.877938	205.632889	180.026542	134.998963	304.998036	86.878133	56.717433	179.578223	155.904542	136.561817	49.403558	56.776319	315.406914	0.000000	0.000000	337.997670	79.486673	45.041210	223.436031	140.988952	135.410035	134.893874	224.592476	182.002777	224.202882	134.895030	
45.591947	45.160299	172.733854	223.349283	140.988952	133.424060	89.999387	0.000000	314.916090	33.287647	0.000000	0.000000	61.127371	44.891927	225.014166	158.005433	134.999395	225.876135	205.632889	180.026542	134.999010	304.818850	86.754447	56.717433	179.578223	155.975540	136.561817	49.403558	56.776319	315.406914	0.000000	0.000000	337.992963	79.562531	45.041210	223.436031	140.988952	135.410035	134.893874	224.592476	182.002777	224.202882	134.895030	
45.589951	45.160299	172.733854	223.349283	140.988952	133.424060	89.999387	0.000000	314.916090	33.287647	0.000000	0.000000	61.127371	44.891927	225.014166	158.005433	134.999395	225.875566	205.632889	180.026542	134.999023	304.643458	86.637326	56.717433	179.578223	156.050638	136.561817	49.403558	56.776319	315.406914	0.000000	0.000000	337.991474	79.644586	45.041210	224.000073	140.988952	135.410035	134.893874	224.592476	182.002777	224.202882	134.895030	
45.589426	45.160299	172.733854	223.349283	140.988952	133.424060	89.999387	0.000000	314.916090	33.287647	0.000000	0.000000	61.127371	44.891927	225.014166	158.005433	134.999395	225.875386	205.632889	180.026542	134.999026	304.471943	86.526747	56.717433	179.578223	156.129774	136.561817	49.403558	56.776319	315.406914	0.000000	0.000000	337.991003	79.732746	45.041210	224.148579	140.988952	135.410035	134.893874	224.592476	182.002777	224.202882	134.895030	
45.589288	45.160299	172.733854	223.349283	140.988952	133.424060	89.999387	0.000000	314.916090	33.287647	0.000000	0.000000	61.127371	44.891927	225.014166	158.005433	134.999395	225.875329	205.632889	180.026542	134.999027	304.304383	86.422688	56.717433	179.578223	156.212883	136.561817	49.403558	56.776319	315.406914	0.000000	0.000000	337.990855	90.455800	45.041210	224.187682	140.988952	135.410035	134.893874	224.592476	182.002777	224.202882	134.895030	
45.589251	45.104597	172.733854	223.349283	140.988952	133.424060	89.999387	0.000000	314.916090	33.287647	0.000000	0.000000	61.127371	44.891927	225.014166	158.005433	134.999395	225.875312	205.632889	180.026542	134.999027	304.140854	86.325118	56.717433	179.578223	156.299905	136.561817	49.403558	56.776319	315.406914	0.000000	0.000000	337.990807	83.130542	45.041210	224.197979	140.988952	135.410035	134.893874	224.592476	182.002777	224.202882	134.895030	
45.589242	45.088425	172.733854	223.349283	140.988952	133.424060	89.999387	0.000000	314.916090	33.287647	0.000000	0.000000	61.127371	44.891927	225.014166	158.005433	134.999395	225.875306	205.632889	180.026542	134.999027	303.981429	86.234004	56.717433	179.578223	156.390775	136.561817	49.403558	56.776319	315.406914	0.000000	0.000000	337.990793	80.890180	45.041210	224.200691	140.988952	135.410035	134.893874	224.592476	182.002777	224.202882	134.895030	
45.589239	45.083730	172.733854	223.349283	140.988952	133.424060	89.999387	0.000000	314.916090	33.287647	0.000000	0.000000	61.127371	44.891927	225.014166	158.005433	134.999395	225.875304	205.632889	180.026542	134.999027	303.826174	86.149310	56.717433	179.578223	156.485431	136.561817	49.403558	56.776319	315.406914	0.000000	0.000000	337.990788	90.751200	45.041210	224.201405	140.988952	135.410035	134.893874	224.592476	182.002777	224.202882	134.895030	
45.589238	45.082366	172.733854	223.349283	138.910220	133.424060	89.999387	0.000000	314.916090	33.287647	0.000000	0.000000	61.127371	44.891927	225.014166	158.005433	134.999395	225.875304	205.632889	180.026542	134.999027	303.672800	86.070997	56.717433	179.578223	156.583813	136.561817	49.403558	56.776319	315.406914	0.000000	0.000000	337.990786	83.298122	45.041210	224.201593	140.988952	135.410035	134.893874	224.592476	182.002777	224.202882	134.895030	
45.589238	45.081970	172.733854	223.349283	138.306828	133.424060	89.999387	0.000000	314.916090	33.287647	0.000000	0.000000	61.127371	44.891927	225.014166	158.005433	134.999395	225.875303	205.632889	180.026542	134.999027	303.385626	85.999021	56.717433	179.578223	156.685856	136.561817	49.403558	56.776319	315.406914	0.000000	0.000000	337.990786	81.038199	45.041210	224.201642	140.988952	135.410035	134.893874	224.592476	182.002777	224.202882	134.895030	
45.589238	45.081855	172.733854	223.349283	138.131640	133.424060	89.999387	0.000000	314.916090	33.287647	0.000000	0.000000	61.127371	44.891927	225.014166	158.005433	134.999395	225.875303	205.632889	180.026542	134.999027	303.058912	85.933338	56.717433	179.578223	156.791500	136.561817	49.403558	56.776319	315.406914	0.000000	0.000000	337.990786	90.748401	45.041210	224.201655	140.988952	135.410035	134.893874	224.592476	182.002777	224.202882	134.895030	
45.589238	45.081822	172.733854	223.349283	138.080771	133.424060	89.999387	0.000000	314.916090	33.287647	0.000000	0.000000	61.127371	44.891927	225.014166	158.005433	134.999395	225.875303	205.632889	180.026542	134.999027	302.721990	85.873898	56.717433	179.578223	156.900684	136.561817	49.403558	56.776319	315.406914	0.000000	0.000000	337.990786	83.414455	45.041210	224.201659	140.988952	135.410035	134.893874	224.592476	182.002777	224.202882	134.895030	
45.589238	45.081812	172.733854	223.349283	138.065999	133.424060	89.999387	0.000000	314.916090	33.287647	0.000000	0.000000	61.127371	44.891927	225.014166	158.005433	134.999395	225.875303	205.632889	180.026542	134.999027	302.384199	85.820652	56.717433	179.578223	157.013346	136.561817	49.403558	56.776319	315.406914	0.000000	0.000000	337.990786	91.447745	45.041210	224.201660	140.988952	135.410035	134.893874	224.592476	182.002777	224.202882	134.895030	
45.589238	45.081809	172.733854	223.349283	138.061709	133.424060	89.999387	0.000000	314.916090	33.287647	0.000000	0.000000	61.127371	44.891927	225.014166	158.005433	134.999395	225.875303	205.632889	180.026542	134.999027	302.048693	85.773547	56.717433	179.578223	157.129425	136.561817	49.403558	52.364764	315.406914	0.000000	0.000000	337.990786	83.683107	45.041210	224.201660	140.988952	135.410035	134.893874	224.592476	182.002777	224.202882	134.895030	
45.589238	45.081809	172.733854	223.349283	138.060463	133.424060	89.999387	0.000000	314.916090	33.287647	0.000000	0.000000	61.127371	44.891927	225.014166	158.005433	134.999395	225.875303	205.632889	180.026542	134.999027	301.716694	85.732529	56.717433	179.578223	157.248860	136.561817	49.403558	51.332323	315.406914	0.000000	0.000000	337.990786	91.483997	45.041210	224.201660	140.988952	135.410035	134.893874	224.592476	182.002777	224.202882	134.895030	
45.589238	45.081808	172.733854	223.349283	138.060102	133.424060	89.999387	0.000000	314.916090	33.287647	0.000000	0.000000	61.127371	44.891927	225.014166	158.005433	134.999395	225.875303	205.632889	180.026542	134.999027	301.388817	85.697540	56.717433	179.578223	157.371593	136.561817	49.403558	51.090480	315.406914	0.000000	0.000000	337.990786	83.763502	45.041210	224.201660	140.988952	135.410035	134.893874	224.592476	182.002777	224.202882	134.895030	
45.589238	45.081808	172.733854	223.349283	138.059996	133.424060	89.999387	0.000000	314.916090	33.287647	0.000000	0.000000	61.127371	44.891927	225.014166	158.005433	134.999395	225.875303	205.632889	180.026542	134.999027	301.065485	85.668525	56.717433	179.578223	152.443920	136.561817	49.403558	51.033825	315.406914	0.000000	0.000000	337.990786	91.470816	45.041210	224.201660	140.988952	135.410035	134.893874	224.592476	182.002777	224.202882	134.895030	
45.589238	45.081808	172.733854	223.349283	138.059966	133.424060	89.999387	0.000000	314.916090	33.287647	0.000000	0.000000	61.127371	44.891927	225.014166	158.005433	134.999395	225.875303	205.632889	180.026542	134.999027	300.747053	85.645422	56.717433	179.578223	150.889738	136.561817	49.403558	51.020551	315.406914	0.000000	0.000000	337.990786	83.847735	45.041210	224.201660	140.988952	135.410035	134.893874	224.592476	182.002777	224.202882	134.895030	
45.589238	45.081808	172.733854	223.349283	138.059957	133.424060	89.999387	0.000000	314.916090	33.287647	0.000000	0.000000	61.127371	44.891927	225.014166	158.005433	134.999395	225.875303	205.632889	180.026542	134.999027	300.433849	85.628173	56.717433	179.578223	150.399071	136.561817	49.403558	51.017442	315.406914	0.000000	0.000000	337.990786	91.469804	45.041210	224.201660	140.988952	135.410035	134.893874	224.592476	182.002777	224.202882	134.895030	
45.589238	45.081808	174.743889	223.349283	138.059954	133.424060	89.999387	0.000000	314.916090	33.287647	0.000000	0.000000	61.127371	44.891927	225.014166	158.005433	134.999395	225.875303	205.632889	180.026542	134.999027	300.126188	85.616717	56.717433	179.578223	150.244135	136.561817	49.403558	51.016713	315.406914	0.000000	0.000000	337.990786	83.954608	45.041210	224.201660	140.988952	135.410035	134.893874	224.592476	182.002777	224.202882	134.895030	
45.589238	45.081808	175.379782	223.349283	138.059954	133.424060	89.999387	0.000000	314.916090	33.287647	0.000000	0.000000	61.127371	44.891927	225.014166	158.005433	134.999395	225.875303	205.632889	180.026542	134.999027	299.824372	85.610990	56.717433	179.578223	150.195207	136.561817	49.403558	51.016542	315.406914	0.000000	0.000000	337.990786	91.487012	45.026880	224.201660	140.988952	135.410035	134.893874	224.592476	182.002777	224.202882	134.895030	
45.589238	45.081808	175.581006	223.349283	138.059953	133.424060	89.999387	0.000000	314.916090	33.287647	0.000000	0.000000	61.127371	44.891927	225.014166	158.005433	134.999395	225.875303	205.632889	180.026542	134.999027	299.528693	85.610930	56.717433	179.578223	150.179754	136.561817	49.403558	51.016502	315.406914	0.000000	0.000000	337.990786	84.085536	45.022719	224.201660	140.988952	135.410035	134.893874	224.592476	182.002777	224.202882	134.895030	
45.589238	45.081808	175.644691	223.349283	138.059953	133.424060	89.999387	0.000000	314.916090	33.287647	0.000000	0.000000	61.127371	44.891927	225.014166	158.005433	134.999395	225.875303	205.632889	180.026542	134.999027	299.239433	85.616475	56.717433	179.578223	150.174873	136.561817	49.403558	51.016493	315.406914	0.000000	0.000000	337.990786	91.522898	45.021511	224.201660	140.988952	135.410035	134.893874	224.592476	182.002777	224.202882	134.895030	
45.589238	45.081808	175.664849	223.349283	138.059953	133.424060	89.999563	0.000000	314.916090	33.287647	0.000000	0.000000	61.127371	44.891927	225.014166	158.005433	134.999395	225.875303	205.632889	180.026542	134.999027	298.956860	85.627559	56.717433	179.578223	150.173331	136.561817	49.403558	51.016491	315.406914	0.000000	0.000000	337.990786	93.861315	45.021160	224.201660	140.988952	135.410035	134.893874	224.592476	182.002777	224.202882	134.895030	
45.589238	45.081808	175.671230	223.349283	138.059953	133.424060	89.999614	0.000000	314.916090	33.287647	0.000000	0.000000	61.127371	44.891927	225.014166	158.005433	134.999395	225.875303	205.632889	180.026542	134.999027	298.681231	85.644120	56.717433	179.578223	150.172844	136.561817	49.403558	51.016490	315.406914	0.000000	0.000000	337.990786	84.967095	45.021059	224.201660	140.988952	135.410035	134.893874	224.592476	182.002777	224.202882	134.895030	
45.589238	45.081808	175.673250	223.349283	138.059953	133.424060	89.999629	0.000000	314.916090	33.287647	0.000000	0.000000	61.127371	44.891927	225.014166	158.005433	134.999395	225.875303	205.632889	180.026542	134.999027	298.412790	85.666092	56.717433	179.578223	150.172690	136.561817	49.403558	51.016490	315.406914	0.000000	0.000000	337.990786	91.758493	45.021029	224.201660	140.988952	135.410035	134.893874	224.592476	182.002777	224.202882	134.895030	
45.589238	45.081808	175.673890	223.349283	138.059953	133.424060	89.999633	0.000000	314.916090	33.287647	0.000000	0.000000	61.127371	44.891927	225.014166	158.005433	134.999395	225.875303	205.632889	180.026542	134.999027	298.151766	85.693413	56.717433	179.578223	150.172642	136.561817	49.403558	51.016490	315.406914	0.000000	0.000000	337.990786	93.898755	45.021020	224.201660	140.988952	135.410035	134.893874	224.592476	182.002777	224.202882	134.895030	
45.589238	45.081808	175.674092	223.349283	138.059953	133.424060	89.999635	0.000000	314.916090	33.287647	0.000000	0.000000	61.127371	44.891927	225.014166	158.005433	134.999395	225.875303	205.632889	180.026542	134.999027	297.898376	85.726016	56.717433	179.578223	150.172626	136.561817	49.403558	51.016490	315.406914	0.000000	0.000000	337.990786	94.543110	45.021018	224.201660	140.988952	135.410035	134.893874	224.592476	181.448328	224.202882	134.895030	
45.589238	45.081808	175.674156	223.349283	138.059953	133.424060	89.999635	0.000000	314.916090	33.287647	0.000000	0.000000	61.127371	44.891927	225.014166	158.005433	134.999395	225.875303	205.632889	180.026542	134.999027	297.652822	85.763838	56.717433	179.578223	150.172622	136.561817	49.403558	51.016490	315.406914	0.000000	0.000000	337.990786	94.707630	45.021017	224.201660	140.988952	135.410035	134.893874	224.592476	181.272901	224.202882	134.895030	
45.589238	45.081808	175.674177	223.349283	138.059953	133.424060	89.999635	0.000000	314.916090	33.287647	0.000000	0.000000	61.127371	44.891927	225.014166	158.005433	134.999395	225.875303	205.632889	180.026542	134.999027	297.415292	95.595501	56.717433	179.578223	150.172620	136.561817	49.403558	51.016490	315.406914	0.000000	0.000000	337.990786	94.720492	45.021017	224.201660	140.988952	135.410035	134.893874	224.592476	181.217389	224.202882	134.895030	
45.589238	45.081808	175.674183	223.349283	138.059953	133.424060	89.999635	0.000000	314.916090	33.287647	0.000000	0.000000	61.127371	44.891927	225.014166	158.005433	134.999395	225.875303	205.632889	180.026542	134.999027	297.185959	88.542025	56.717433	179.578223	150.172620	136.561817	49.403558	51.016490	315.406914	0.000000	0.000000	337.990786	94.687724	45.021017	224.201660	140.988952	135.410035	134.893874	224.592476	181.199820	224.202882	134.895030	
45.589238	45.081808	175.674185	223.349283	138.059953	133.424060	89.999635	0.000000	314.916090	33.287647	0.000000	0.000000	61.127371	44.891927	225.014166	158.005433	134.999395	225.875303	205.632889	180.026542	134.999027	296.964983	86.545923	56.717433	179.578223	150.172619	136.561817	49.403558	51.016490	315.406914	0.000000	0.000000	337.990786	94.643592	45.021017	224.201660	140.988952	135.410035	134.893874	224.592476	181.194260	224.202882	134.895030	
45.589238	45.081808	175.674186	223.349283	138.059953	133.424060	89.999635	0.000000	314.916090	33.287647	0.000000	0.000000	61.127371	44.891927	225.014166	158.005433	134.999395	225.875303	205.632889	180.018945	134.999027	296.752506	95.710830	56.717433	179.578223	150.172619	136.561817	49.403558	51.016490	315.406914	0.000000	0.000000	337.990786	94.599179	45.021017	224.201660	140.988952	135.410035	134.893874	224.592476	181.192499	224.202882	134.895030	
45.589238	45.081808	175.674186	223.349283	138.059953	133.424060	89.999635	0.000000	314.916090	33.287647	0.000000	0.000000	61.127371	44.891927	225.014166	158.005433	134.999395	225.875303	205.632889	180.016733	134.999027	296.548661	88.564173	56.717433	179.578223	150.172619	136.561817	49.403558	51.016490	315.406914	0.000000	0.000000	337.990786	94.558073	45.021017	224.201660	140.988952	135.410035	134.893874	224.592476	181.191942	224.202882	134.895030	
45.589238	45.081808	175.674186	223.349283	138.059953	133.424060	89.999635	0.000000	314.916090	33.287647	0.000000	0.000000	61.127371	44.891927	225.014166	158.005433	134.999395	225.875303	205.632889	180.016090	134.999027	296.353561	86.556872	56.717433	179.578223	150.172619	136.561817	49.403558	51.016490	315.406914	0.000000	0.000000	337.990786	94.521445	45.021017	224.201660	140.988952	135.410035	134.893874	224.592476	181.191766	224.202882	134.895030	
45.589238	45.081808	175.674186	223.349283	138.059953	133.424060	89.999635	0.000000	314.916090	33.287647	0.000000	0.000000	61.127371	44.891927	225.014166	158.005433	134.999395	225.875303	205.632889	180.015902	134.999027	296.167309	95.623737	56.717433	179.578223	150.172619	136.561817	49.403558	51.016490	315.406914	0.000000	0.000000	337.990786	94.489680	45.021017	224.201660	140.988952	135.410035	134.893874	224.592476	181.191710	224.202882	134.895030	
45.589238	45.081808	175.674186	223.349283	138.059953	133.424060	89.999635	0.000000	314.916090	33.287647	0.000000	0.000000	61.127371	44.891927	225.014166	158.005433	134.999395	225.875303	205.632889	180.015848	134.999027	295.989993	88.565225	56.717433	179.578223	150.172619	136.561817	49.403558	51.016490	315.406914	0.000000	0.000000	337.990786	94.462908	45.021017	224.201660	140.988952	135.410035	134.893874	224.592476	181.191692	224.202882	134.895030	
45.589238	45.081808	175.674186	223.349283	138.059953	133.424060	89.999635	0.000000	314.916090	33.287647	0.000000	0.000000	61.127371	44.891927	225.014166	158.005433	134.999395	225.875303	205.632889	180.015832	134.999027	295.821686	96.120236	56.717433	179.578223	150.172619	136.561817	49.403558	51.016490	315.406914	0.000000	0.000000	337.990786	94.441177	45.021017	224.201660	140.988952	135.410035	134.893874	224.592476	181.191686	224.202882	134.895030	
45.589238	45.081808	175.674186	223.349283	138.059953	133.424060	89.999635	0.000000	314.916090	33.287647	0.000000	0.000000	61.127371	44.891927	225.014166	158.005433	134.999395	225.875303	205.632889	180.015827	134.999027	295.662452	88.699160	56.717433	179.578223	150.172619	136.561817	49.403558	51.016490	315.406914	0.000000	0.000000	337.990786	89.433095	45.021017	224.201660	140.988952	135.410035	134.893874	224.592476	181.191685	224.202882	134.895030	
45.589238	45.081808	175.674186	223.349283	138.059953	133.424060	89.999635	0.000000	314.916090	33.287647	0.000000	0.000000	61.127371	44.891927	225.014166	158.005433	134.999605	225.875303	205.632889	180.015826	134.999027	295.512339	96.084834	56.717433	179.578223	150.172619	136.561817	49.403558	51.016490	315.406914	0.000000	0.000000	337.990786	87.859128	45.021017	224.201660	140.988952	135.410035	134.893874	224.592476	181.191684	224.202882	134.895030	
45.589238	45.081808	175.674186	223.349283	138.059953	133.424060	89.999635	0.000000	314.916090	33.287647	0.000000	0.000000	61.127371	44.891927	225.014166	158.005433	134.999666	225.875303	205.632889	180.015825	134.999027	295.371384	88.697529	56.717433	179.578223	150.172619	136.561817	49.403558	51.016490	315.406914	0.000000	0.000000	337.990786	87.360882	45.021017	224.201660	140.988952	135.410035	134.893874	224.592476	181.191684	224.202882	134.895030	
45.589238	45.081808	175.674186	223.349283	138.059953	133.424060	89.999635	0.000000	314.916090	33.287647	0.000000	0.000000	61.127371	44.891927	225.014166	158.005433	134.999684	225.875303	205.632889	180.015825	134.999027	295.239612	96.019099	52.651352	179.578223	150.172619	136.561817	49.403558	51.016490	315.406914	0.000000	0.000000	337.990786	87.112348	45.021017	224.201660	140.988952	135.410035	134.893874	224.592476	181.191684	224.202882	134.895030	
45.589238	45.081808	175.674186	223.349283	138.059953	133.424060	89.999635	0.000000	314.916090	33.287647	0.000000	0.000000	61.127371	44.891927	225.014166	158.005433	134.999689	225.875303	205.632889	180.015825	134.999027	295.117039	88.704026	51.471642	179.578223	150.172619	136.561817	49.403558	51.016490	315.406914	0.000000	0.000000	337.990786	86.862408	45.021017	224.201660	140.988952	135.410035	134.893874	224.592476	181.191684	224.202882	134.895030	
45.589238	45.081808	175.674186	223.349283	138.059953	133.424060	89.999635	0.000000	314.916090	33.287647	0.000000	0.000000	61.127371	44.891927	225.014166	158.005433	134.999691	225.875303	205.632889	180.015825	134.999027	295.003667	95.964642	51.129121	179.578223	150.172619	136.561817	49.403558	51.016490	315.406914	0.000000	0.000000	337.990786	86.617580	45.021017	224.201660	140.988952	135.410035	134.893874	224.592476	181.191684	224.202882	134.895030	
45.589238	45.081808	175.674186	223.349283	138.059953	133.424060	89.999635	0.000000	314.916090	33.287647	0.000000	0.000000	61.127371	44.891927	225.014166	158.005433	134.999691	225.875303	205.632889	180.015825	134.999027	294.899491	88.730254	51.029659	179.578223	150.172619	136.561817	49.403558	51.016490	315.406914	0.000000	0.000000	337.990786	86.380000	45.021017	224.201660	140.988952	135.410035	134.893874	224.592476	181.191684	224.202882	134.895030	
45.589238	45.081808	175.674186	223.349283	138.059953	133.424060	89.999635	0.000000	314.916090	33.287647	0.000000	0.000000	61.127371	44.891927	225.014166	158.005433	134.999691	225.875303	205.632889	180.015825	134.999027	294.804495	95.924867	51.000775	179.578223	150.172619	136.561817	49.403558	51.016490	315.406914	0.000000	0.000000	337.990786	86.150410	45.021017	224.201660	140.988952	135.410035	134.893874	224.592476	181.191684	224.202882	134.895030	
45.589238	45.081808	175.674186	223.349283	138.059953	133.424060	89.999635	0.000000	314.916090	33.287647	0.000000	0.000000	61.127371	44.891927	225.014166	158.005433	134.999691	225.875303	205.632889	180.015825	134.999027	294.718654	88.776855	50.992386	179.578223	150.172619	136.561817	49.403558	51.016490	315.406914	0.000000	0.000000	337.990786	85.929100	45.021017	224.201660	140.988952	135.410035	134.893874	224.592476	181.191684	224.202882	134.895030	
45.589238	45.081808	175.674186	223.349283	138.059953	133.424060	89.999635	0.000000	314.916090	33.287647	0.000000	0.000000	61.127371	44.891927	225.014166	158.005433	134.999691	225.875303	205.632889	180.015825	134.999027	294.641938	95.899992	50.989950	179.578223	150.172619	136.561817	49.403558	51.016490	315.406914	0.000000	0.000000	337.990786	85.716209	45.021017	224.201660	140.988952	135.410035	134.893874	224.592476	181.191684	224.202882	134.895030	
45.589238	45.081808	175.674186	223.349283	138.059953	133.424060	89.999635	0.000000	314.916090	33.287647	0.000000	0.000000	61.127371	44.891927	225.014166	158.005433	134.999691	225.875303	205.632889	180.015825	134.999027	294.574304	88.843562	50.989242	179.578223	150.172619	136.561817	49.403558	51.016490	315.406914	0.000000	0.000000	337.990786	85.511821	45.021017	224.201660	138.910220	135.410035	134.893874	224.592476	181.191684	224.202882	134.895030	
45.589238	45.081808	175.674186	223.349283	138.059953	133.424060	89.999635	0.000000	314.916090	33.287647	0.000000	0.000000	61.127371	44.891927	225.014166	158.005433	134.999691	225.875303	205.632889	180.015825	134.999027	294.515706	95.889960	50.989036	179.578223	150.172619	136.561817	49.403558	51.016490	315.406914	0.000000	0.000000	337.990786	85.315992	45.021017	224.201660	138.306828	135.410035	134.893874	224.592476	181.191684	224.202882	134.895030	
45.589238	45.081808	175.674186	223.349283	138.059953	133.424060	89.999635	0.000000	314.916090	33.287647	0.000000	0.000000	61.127371	44.891927	225.014166	158.005433	134.999691	225.875303	205.632889	180.015825	134.999027	294.466090	97.883518	50.988977	179.578223	150.172619	136.561817	49.403558	51.016490	315.406914	0.000000	0.000000	337.990786	85.128761	45.021017	224.201660	138.131640	135.410035	134.893874	224.592476	181.191684	224.202882	134.895030	
45.589238	45.081808	175.674186	223.349283	138.059953	133.424060	89.999635	0.000000	314.916090	33.287647	0.000000	0.000000	61.127371	44.891927	225.014166	158.005433	134.999691	225.875303	205.632889	180.015825	134.999027	294.425395	89.480036	50.988959	179.578223	150.172619	136.561817	49.403558	51.016490	315.406914	0.000000	0.000000	337.990786	84.950157	45.021017	224.201660	138.080771	135.410035	134.893874	224.592476	181.191684	224.202882	134.895030	
45.589238	45.081808	175.674186	223.349283	138.059953	133.424060	89.999635	0.000000	314.916090	33.287647	0.000000	0.000000	61.127371	44.891927	225.014166	158.005433	134.999691	225.875303	205.632889	180.015825	134.999027	294.393556	95.998176	50.988954	179.578223	150.172619	136.561817	49.403558	51.016490	315.406914	0.000000	0.000000	337.990786	84.780196	45.021017	224.201660	138.065999	135.410035	134.893874	224.592476	181.191684	224.202882	134.895030	
45.589238	45.081808	175.674186	223.349283	138.059953	133.424060	89.999635	0.000000	314.916090	33.287647	0.000000	0.000000	61.127371	44.891927	225.014166	158.005433	134.999691	225.875303	205.632889	180.015825	134.999027	294.370502	97.846755	50.988953	179.578223	150.172619	136.561817	49.403558	51.016490	315.406914	0.000000	0.000000	337.990786	84.618883	45.021017	224.201660	138.061709	135.410035	134.893874	224.592476	181.191684	224.202882	134.895030	
45.589238	45.081808	175.674186	223.349283	138.059953	133.424060	89.999635	0.000000	314.916090	33.287647	0.000000	0.000000	61.127371	44.891927	225.014166	158.005433	134.999691	225.875303	205.632889	180.015825	134.999027	294.356159	98.335783	50.988952	179.578223	150.172619	136.561817	49.403558	51.016490	315.406914	0.000000	0.000000	337.990786	84.466215	45.021017	224.201660	138.060463	135.410035	134.893874	224.592476	181.191684	224.202882	134.895030	
45.589238	45.081808	175.674186	223.349283	138.059953	133.424060	89.999635	0.000000	314.916090	33.287647	0.000000	0.000000	61.127371	44.891927	225.014166	158.005433	134.999691	225.875303	205.632889	180.015825	134.999027	294.350446	98.430042	50.988952	195.106775	150.172619	136.561817	49.403558	51.016490	315.406914	0.000000	0.000000	337.990786	84.322178	45.021017	224.201660	138.060102	135.410035	134.893874	224.592476	181.191684	224.202882	134.895030	
45.589238	45.081808	175.674186	223.349283	138.059953	133.424060	89.999635	0.000000	314.916090	33.287647	0.000000	0.000000	61.127371	44.891927	225.014166	158.005433	134.999691	225.875303	205.632889	180.015825	134.999027	294.353282	98.411547	50.988952	199.772965	150.172619	136.561817	49.403558	51.016490	315.406914	0.000000	0.000000	337.990786	84.186751	45.021017	224.201660	138.059996	135.410035	134.893874	224.592476	181.191684	224.202882	134.895030	
45.589238	45.081808	175.674186	223.349283	138.059953	133.424060	89.999635	0.000000	314.916090	33.287647	0.000000	0.000000	61.127371	44.891927	225.014166	158.005433	134.999691	225.875303	205.632889	180.015825	134.999027	294.364579	98.362770	50.988952	201.188248	150.172619	136.561817	49.403558	51.016490	315.406914	0.000000	0.000000	337.990786	84.059903	45.021017	224.201660	138.059966	135.410035	134.893874	224.592476	181.191684	224.202882	134.895030	
45.589238	45.081808	175.674186	223.349283	138.059953	133.424060	89.999635	0.000000	314.916090	33.287647	0.000000	0.000000	61.127371	44.891927	225.014166	158.005433	134.999691	225.875303	205.632889	180.015825	134.999027	294.384250	98.307844	50.988952	201.617907	150.172619	136.561817	49.403558	51.016490	315.406914	0.000000	0.000000	337.990786	83.941598	45.021017	224.201660	138.059957	135.410035	134.893874	224.592476	181.191684	224.202882	134.895030	
45.589238	45.081808	175.674186	223.349283	138.059953	133.424060	89.999635	0.000000	314.916090	33.287647	0.000000	0.000000	61.127371	44.891927	225.014166	158.005433	134.999691	225.875303	205.632889	180.015825	134.999027	294.412202	98.253839	50.988952	201.748368	150.172619	136.561817	49.403558	51.016490	315.406914	0.000000	0.000000	337.990786	83.831789	45.021017	224.201660	138.059954	135.410035	134.893874	224.592476	181.191684	224.202882	134.895030	
45.589238	45.081808	175.674186	223.349283	138.059953	133.424060	89.999635	0.000000	314.916090	33.287647	0.000000	0.000000	61.127371	44.891927	225.014166	158.005433	134.999691	225.875303	205.632889	180.015825	134.999027	294.448342	98.202836	50.988952	201.787985	150.172619	136.561817	49.403558	51.016490	315.406914	0.000000	0.000000	337.990786	83.730427	45.021017	224.201660	138.059954	135.410035	134.893874	224.592476	181.191684	224.202882	134.895030	
45.589238	45.081808	175.674186	223.349283	138.059953	133.424060	89.999635	0.000000	314.916090	33.287647	0.000000	0.000000	61.127371	44.891927	225.014166	158.005433	134.999691	225.875303	205.632889	180.015825	134.999027	294.492576	98.155454	50.988952	201.800016	150.172619	136.561817	49.403558	51.016490	315.406914	0.000000	0.000000	337.990786	83.637453	45.021017	224.201660	138.059953	135.410035	134.893874	224.592476	181.191684	224.202882	134.895030	
45.589238	45.081808	175.674186	223.349283	138.059953	133.424060	89.999635	0.000000	314.916090	33.287647	0.000000	0.000000	61.127371	44.891927	225.014166	158.005433	134.999691	225.875303	205.632889	180.015825	134.999027	294.544807	98.111883	50.988952	201.803671	150.172619	136.561817	49.403558	51.016490	315.406914	0.000000	0.000000	337.990786	83.552805	45.021017	224.201660	138.059953	135.410035	134.893874	224.592476	181.191684	224.202882	134.895030	
45.589238	45.081808	175.674186	223.349283	138.059953	133.424060	89.999635	0.000000	314.916090	33.287647	0.000000	0.000000	61.127371	44.891927	225.014166	158.005433	134.999691	225.875303	205.632889	180.015825	134.999027	294.604938	98.072188	50.988952	201.804781	150.172619	136.561817	49.403558	51.016490	315.406914	0.000000	0.000000	337.990786	83.476415	45.021017	224.201660	138.059953	135.410035	134.893874	224.592476	181.191684	224.202882	134.895030	
45.589238	45.081808	175.674186	223.349283	138.059953	133.424060	89.999635	0.000000	314.916090	33.287647	0.000000	0.000000	61.127371	44.891927	225.014166	158.005433	134.999691	225.875303	205.632889	180.015825	134.999027	294.672870	92.047112	50.988952	201.805118	150.172619	136.561817	49.403558	51.016490	315.406914	0.000000	0.000000	337.990786	83.408210	45.021017	224.201660	138.059953	135.410035	134.893874	224.592476	181.191684	224.202882	134.895030	
45.589238	45.081808	175.674186	223.349283	138.059953	133.424060	89.999635	0.000000	314.916090	33.287647	0.000000	0.000000	61.127371	44.891927	225.014166	158.005433	134.999691	225.875303	205.632889	180.015825	134.999027	294.748504	90.324097	50.988952	201.805220	150.172619	136.561817	49.403558	51.016490	315.406914	0.000000	0.000000	337.990786	83.348115	45.021017	224.201660	138.059953	135.410035	134.893874	224.592476	181.191684	224.202882	134.895030	
45.589238	45.081808	175.674186	223.349283	138.059953	133.424060	89.999635	0.000000	314.916090	33.287647	0.000000	0.000000	61.127371	44.891927	225.014166	158.005433	134.999691	225.875303	205.632889	180.015825	134.999027	294.831741	89.820680	50.988952	201.805251	150.172619	136.561817	49.403558	51.016490	315.406914	0.000000	0.000000	337.990786	83.296048	45.021017	224.201660	138.059953	135.410035	134.893874	224.592476	181.191684	224.202882	134.895030	
45.589238	45.081808	175.674186	223.349283	138.059953	133.424060	89.999635	0.000000	314.916090	33.287647	0.000000	0.000000	61.127371	44.891927	225.014166	158.005433	134.999691	225.875303	205.632889	180.015825	134.999027	294.922483	89.665116	50.988952	201.805261	150.172619	136.561817	49.403558	51.016490	315.406914	0.000000	0.000000	337.990786	83.251925	45.021017	224.201660	138.059953	135.410035	134.893874	224.592476	181.191684	224.202882	134.895030	
45.589238	45.081808	175.674186	223.349283	138.059953	133.424060	89.999635	0.000000	314.916090	33.287647	0.000000	0.000000	61.127371	44.891927	225.014166	158.005433	134.999691	225.875303	205.632889	180.015825	134.999027	295.020630	89.610300	50.988952	201.805264	150.172619	136.561817	49.403558	51.016490	315.406914	0.000000	0.000000	337.990786	83.215662	45.021017	224.201660	138.059953	135.410035	134.893874	224.592476	181.191684	224.202882	134.895030	
45.589238	45.081808	175.674186	223.349283	138.059953	133.424060	89.999635	0.000000	314.916090	33.287647	0.000000	0.000000	61.127371	44.891927	225.014166	158.005433	134.999691	225.875303	205.632889	180.015825	134.999027	295.126083	89.586212	50.988952	201.805265	150.172619	136.561817	49.403558	51.016490	315.265593	0.000000	0.000000	337.990786	83.187168	45.021017	224.201660	138.059953	135.410035	134.893874	224.592476	181.191684	224.202882	134.895030	
45.589238	45.081808	175.674186	223.349283	138.059953	133.424060	89.999635	0.000000	314.916090	33.287647	0.000000	0.000000	61.127371	44.891927	225.014166	158.005433	134.999691	225.875303	205.632889	180.015825	134.999027	295.238744	89.573017	50.988952	201.805265	150.172619	136.561817	49.403558	51.016490	315.224564	0.000000	0.000000	337.990786	83.166352	45.021017	224.201660	138.059953	135.410035	134.893874	224.592476	181.191684	224.202882	134.895030	
45.589238	45.081808	175.674186	223.349283	138.059953	133.424060	89.999635	0.000000	314.916090	33.287647	0.000000	0.000000	61.127371	44.891927	225.014166	158.005433	134.999691	225.875303	205.632889	180.015825	134.999027	295.358515	89.476615	50.988952	201.805265	150.172619	136.561817	49.403558	51.016490	315.212652	0.000000	0.000000	337.990786	83.153123	45.021017	224.201660	138.059953	135.410035	134.893874	224.592476	181.191684	224.202882	134.895030	
45.589238	45.081808	175.674186	223.349283	138.059953	133.424060	89.999635	0.000000	314.916090	33.287647	0.000000	0.000000	61.127371	44.891927	225.014166	158.005433	134.999691	225.875303	205.632889	180.015825	134.999027	295.485299	89.293101	50.988952	201.805265	150.172619	136.561817	49.403558	51.016490	315.209193	0.000000	0.000000	337.990786	83.147384	45.021017	224.201660	138.059953	135.410035	134.893874	224.592476	181.191684	224.202882	134.895030	
45.589238	45.081808	175.674186	223.349283	138.059953	133.424060	89.999635	0.000000	314.916090	33.287647	0.000000	0.000000	61.127371	44.891927	225.014166	158.005433	134.999691	225.875303	205.632889	180.015825	134.999027	302.331830	89.089085	50.988952	201.805265	150.172619	136.561817	49.403558	51.016490	315.208189	0.000000	0.000000	337.990786	83.149041	45.021017	224.201660	138.059953	135.410035	134.893874	224.592476	181.191684	224.202882	134.895030	
45.589238	45.081808	175.674186	223.349283	138.059953	133.424060	89.999635	0.000000	314.916090	33.287647	0.000000	0.000000	61.127371	44.891927	225.014166	158.005433	134.999691	225.875303	205.632889	180.015825	134.999027	304.580107	88.883673	50.988952	201.805265	150.172619	136.561817	49.403558	51.016490	315.207897	0.000000	0.000000	337.990786	83.157998	45.021017	224.201660	138.059953	135.410035	134.893874	224.592476	181.191684	224.202882	134.895030	
45.589238	45.081808	175.674186	223.349283	138.059953	133.424060	89.999635	0.000000	314.916090	33.287647	0.000000	0.000000	61.127371	44.891927	225.014166	158.005433	134.999691	225.875303	205.632889	180.015825	134.999027	305.290700	88.682386	50.988952	201.805265	150.172619	136.561817	49.403558	51.016490	315.207813	0.000000	0.000000	337.990786	83.174157	45.021017	224.201660	138.059953	135.410035	134.893874	224.592476	181.191684	224.202882	134.895030	
45.589238	45.081808	175.674186	223.349283	138.059953	133.424060	89.999635	0.000000	314.916090	33.287647	0.000000	0.000000	61.127371	44.891927	225.014166	158.005433	134.999691	225.875303	205.632889	180.015825	134.999027	305.488221	88.486848	50.988952	201.805265	150.172619	136.561817	49.403558	51.016490	315.207788	0.000000	0.000000	337.990786	83.197421	45.021017	224.201660	138.059953	135.410035	134.893874	224.592476	181.191684	224.202882	134.895030	
45.589238	45.081808	175.674186	223.349283	138.059953	133.424060	89.999635	0.000000	314.916090	33.287647	0.000000	0.000000	61.127371	44.891927	225.014166	158.005433	134.999691	225.875303	205.632889	180.015825	134.999027	305.516658	88.297559	50.988952	201.805265	150.172619	136.561817	49.403558	51.016490	315.207781	0.000000	0.000000	337.990786	83.227692	45.021017	224.201660	138.059953	135.410035	134.893874	224.592476	181.191684	224.202882	134.895030	
45.589238	45.081808	175.674186	223.349283	138.059953	133.424060	89.999635	0.000000	314.916090	33.287647	0.000000	0.000000	61.127371	44.891927	225.014166	158.005433	134.999691	225.875303	205.632889	180.015825	134.999027	305.491529	88.114694	50.988952	201.805265	150.172619	136.561817	49.403558	51.016490	315.207779	0.000000	0.000000	337.990786	83.264872	45.021017	224.201660	138.059953	135.410035	134.893874	224.592476	181.191684	224.202882	134.895030	
0.000000	0.000000	0.000000	0.000000	0.000000	0.000000	0.000000	0.000000	0.000000	0.000000	0.000000	0.000000	0.000000	0.000000	0.000000	0.000000	0.000000	0.000000	0.000000	0.000000	0.000000	0.000000	0.000000	0.000000	0.000000	0.000000	0.000000	0.000000	0.000000	0.000000	0.000000	0.000000	0.000000	0.000000	0.000000	0.000000	0.000000	0.000000	0.000000	0.000000	0.000000	0.000000	0.000000	
