0.000000	0.000000	0.000000	0.000000	0.000000	0.000000	0.000000	0.000000	0.000000	0.000000	0.000000	0.000000	0.000000	0.000000	0.000000	0.000000	0.000000	0.000000	0.000000	0.000000	0.000000	0.000000	0.000000	0.000000	0.000000	0.000000	0.000000	0.000000	0.000000	0.000000	0.000000	0.000000	0.000000	0.000000	0.000000	0.000000	0.000000	0.000000	0.000000	0.000000	0.000000	0.000000	0.000000	
0.000000	0.000000	0.000000	0.000000	0.000000	0.000000	0.000000	0.000000	0.000000	0.000000	0.000000	0.000000	0.000000	0.000000	0.000000	0.000000	0.000000	0.000000	0.000000	0.000000	0.000000	0.000000	0.000000	0.000000	0.000000	0.000000	0.000000	0.000000	0.000000	0.000000	0.000000	0.000000	0.000000	0.000000	0.000000	0.000000	0.000000	0.000000	0.000000	0.000000	0.000000	0.000000	0.000000	
350.508915	0.000000	0.000000	0.000000	0.000000	0.000000	0.000000	0.000000	0.000000	0.000000	0.000000	0.000000	0.000000	0.000000	0.000000	0.000000	0.000000	0.000000	0.000000	0.000000	0.000000	0.000000	0.000000	0.000000	0.000000	0.000000	0.000000	0.000000	0.000000	0.000000	0.000000	0.000000	0.000000	0.000000	0.000000	0.000000	0.000000	0.000000	0.000000	0.000000	0.000000	0.000000	0.000000	
346.751637	0.000000	0.000000	0.000000	0.000000	0.000000	0.000000	0.000000	0.000000	0.000000	0.000000	0.000000	0.000000	0.000000	0.000000	0.000000	0.000000	0.000000	0.000000	0.000000	0.000000	0.000000	0.000000	0.000000	0.000000	0.000000	0.000000	0.000000	0.000000	0.000000	0.000000	0.000000	0.000000	0.000000	0.000000	0.000000	0.000000	0.000000	0.000000	0.000000	0.000000	0.000000	0.000000	
338.524322	0.000000	0.000000	0.000000	0.000000	0.000000	0.000000	0.000000	0.000000	0.000000	0.000000	0.000000	0.000000	0.000000	0.000000	0.000000	0.000000	0.000000	0.000000	0.000000	0.000000	0.000000	0.000000	0.000000	0.000000	0.000000	0.000000	0.000000	0.000000	0.000000	0.000000	0.000000	0.000000	0.000000	0.000000	0.000000	0.000000	0.000000	0.000000	0.000000	0.000000	0.000000	0.000000	
335.131799	0.000000	0.000000	0.000000	0.000000	0.000000	0.000000	0.000000	0.000000	0.000000	0.000000	0.000000	0.000000	0.000000	0.000000	0.000000	0.000000	0.000000	0.000000	0.000000	0.000000	0.000000	0.000000	0.000000	0.000000	0.000000	0.000000	0.000000	0.000000	0.000000	0.000000	0.000000	0.000000	0.000000	0.000000	0.000000	0.000000	0.000000	0.000000	0.000000	0.000000	0.000000	0.000000	
333.859457	351.253838	0.000000	0.000000	0.000000	0.000000	0.000000	0.000000	0.000000	0.000000	0.000000	0.000000	0.000000	0.000000	0.000000	0.000000	0.000000	0.000000	0.000000	0.000000	0.000000	0.000000	0.000000	0.000000	0.000000	0.000000	0.000000	0.000000	0.000000	0.000000	0.000000	0.000000	0.000000	0.000000	0.000000	0.000000	0.000000	0.000000	0.000000	0.000000	0.000000	0.000000	0.000000	
333.517328	347.264949	0.000000	0.000000	0.000000	0.000000	0.000000	0.000000	0.000000	0.000000	0.000000	0.000000	0.000000	0.000000	0.000000	0.000000	0.000000	0.000000	0.000000	0.000000	0.000000	0.000000	0.000000	0.000000	0.000000	0.000000	0.000000	0.000000	0.000000	0.000000	0.000000	0.000000	0.000000	0.000000	0.000000	0.000000	0.000000	0.000000	0.000000	0.000000	0.000000	0.000000	0.000000	
333.585542	338.959263	0.000000	0.000000	0.000000	0.000000	0.000000	0.000000	0.000000	0.000000	0.000000	0.000000	0.000000	0.000000	0.000000	0.000000	0.000000	0.000000	0.000000	0.000000	0.000000	0.000000	0.000000	0.000000	0.000000	0.000000	0.000000	0.000000	0.000000	0.000000	0.000000	0.000000	0.000000	0.000000	0.000000	0.000000	0.000000	0.000000	0.000000	0.000000	0.000000	0.000000	0.000000	
333.837917	335.042740	180.000000	0.000000	0.000000	0.000000	0.000000	0.000000	0.000000	0.000000	0.000000	0.000000	0.000000	0.000000	0.000000	0.000000	0.000000	0.000000	0.000000	0.000000	0.000000	0.000000	0.000000	0.000000	0.000000	0.000000	0.000000	0.000000	0.000000	0.000000	0.000000	0.000000	0.000000	0.000000	0.000000	0.000000	0.000000	0.000000	0.000000	0.000000	0.000000	0.000000	0.000000	
334.176352	333.348086	180.000000	0.000000	0.000000	0.000000	0.000000	0.000000	0.000000	0.000000	0.000000	0.000000	0.000000	0.000000	0.000000	0.000000	0.000000	0.000000	0.000000	0.000000	0.000000	0.000000	0.000000	0.000000	0.000000	0.000000	0.000000	0.000000	0.000000	0.000000	0.000000	0.000000	0.000000	0.000000	0.000000	0.000000	0.000000	0.000000	0.000000	0.000000	0.000000	0.000000	0.000000	
334.558375	332.774848	180.000000	0.000000	0.000000	0.000000	0.000000	0.000000	0.000000	0.000000	0.000000	0.000000	0.000000	0.000000	0.000000	0.000000	0.000000	0.000000	0.000000	0.000000	0.000000	0.000000	0.000000	0.000000	0.000000	0.000000	0.000000	0.000000	0.000000	0.000000	0.000000	0.000000	0.000000	0.000000	0.000000	0.000000	0.000000	0.000000	0.000000	0.000000	0.000000	0.000000	0.000000	
343.223683	332.768901	180.000000	0.000000	0.000000	0.000000	0.000000	0.000000	0.000000	0.000000	0.000000	0.000000	0.000000	0.000000	0.000000	0.000000	0.000000	0.000000	0.000000	0.000000	0.000000	0.000000	0.000000	0.000000	0.000000	0.000000	0.000000	0.000000	0.000000	0.000000	0.000000	0.000000	0.000000	0.000000	0.000000	0.000000	0.000000	0.000000	0.000000	0.000000	0.000000	0.000000	0.000000	
338.769804	333.053092	180.000000	180.000000	0.000000	0.000000	0.000000	0.000000	0.000000	0.000000	0.000000	0.000000	0.000000	0.000000	0.000000	0.000000	0.000000	0.000000	0.000000	0.000000	0.000000	0.000000	0.000000	0.000000	0.000000	0.000000	0.000000	0.000000	0.000000	0.000000	0.000000	0.000000	0.000000	0.000000	0.000000	0.000000	0.000000	0.000000	0.000000	0.000000	0.000000	0.000000	0.000000	
345.275026	340.911797	180.000000	180.000000	0.000000	0.000000	0.000000	0.000000	0.000000	0.000000	0.000000	0.000000	0.000000	0.000000	0.000000	0.000000	0.000000	0.000000	0.000000	0.000000	0.000000	0.000000	0.000000	0.000000	0.000000	0.000000	0.000000	0.000000	0.000000	0.000000	0.000000	0.000000	0.000000	0.000000	0.000000	0.000000	0.000000	0.000000	0.000000	0.000000	0.000000	0.000000	0.000000	
340.017002	337.493079	180.000000	180.000000	0.000000	0.000000	0.000000	0.000000	0.000000	0.000000	0.000000	0.000000	0.000000	0.000000	0.000000	0.000000	0.000000	0.000000	0.000000	0.000000	0.000000	0.000000	0.000000	0.000000	0.000000	0.000000	0.000000	0.000000	0.000000	0.000000	0.000000	0.000000	0.000000	0.000000	0.000000	0.000000	0.000000	0.000000	0.000000	0.000000	0.000000	0.000000	0.000000	
345.977323	343.441400	180.000000	180.000000	0.000000	0.000000	0.000000	0.000000	0.000000	0.000000	0.000000	0.000000	0.000000	0.000000	0.000000	0.000000	0.000000	0.000000	0.000000	0.000000	0.000000	0.000000	0.000000	0.000000	0.000000	0.000000	0.000000	0.000000	0.000000	0.000000	0.000000	0.000000	0.000000	0.000000	0.000000	0.000000	0.000000	0.000000	0.000000	0.000000	0.000000	0.000000	0.000000	
348.722612	346.606618	180.000000	180.000000	180.000000	0.000000	0.000000	0.000000	0.000000	0.000000	0.000000	0.000000	0.000000	0.000000	0.000000	0.000000	0.000000	0.000000	0.000000	0.000000	0.000000	0.000000	0.000000	0.000000	0.000000	0.000000	0.000000	0.000000	0.000000	0.000000	0.000000	0.000000	0.000000	0.000000	0.000000	0.000000	0.000000	0.000000	0.000000	0.000000	0.000000	0.000000	0.000000	
349.986656	348.295952	180.000000	180.000000	180.000000	0.000000	0.000000	0.000000	0.000000	0.000000	0.000000	0.000000	0.000000	0.000000	0.000000	0.000000	0.000000	0.000000	0.000000	0.000000	0.000000	0.000000	0.000000	0.000000	0.000000	0.000000	0.000000	0.000000	0.000000	0.000000	0.000000	0.000000	0.000000	0.000000	0.000000	0.000000	0.000000	0.000000	0.000000	0.000000	0.000000	0.000000	0.000000	
350.572672	349.208804	180.000000	180.000000	180.000000	0.000000	0.000000	0.000000	0.000000	0.000000	0.000000	0.000000	0.000000	0.000000	0.000000	0.000000	0.000000	0.000000	0.000000	0.000000	0.000000	0.000000	0.000000	0.000000	0.000000	0.000000	0.000000	0.000000	0.000000	0.000000	0.000000	0.000000	0.000000	0.000000	0.000000	0.000000	0.000000	0.000000	0.000000	0.000000	0.000000	0.000000	0.000000	
350.853049	349.719162	180.000000	180.000000	180.000000	0.000000	0.000000	0.000000	0.000000	0.000000	0.000000	0.000000	0.000000	0.000000	0.000000	0.000000	0.000000	0.000000	0.000000	0.000000	0.000000	0.000000	0.000000	0.000000	0.000000	0.000000	0.000000	0.000000	0.000000	0.000000	0.000000	0.000000	0.000000	0.000000	0.000000	0.000000	0.000000	0.000000	0.000000	0.000000	0.000000	0.000000	0.000000	
351.000310	350.026797	180.000000	180.000000	180.000000	90.000000	0.000000	0.000000	0.000000	0.000000	0.000000	0.000000	0.000000	0.000000	0.000000	0.000000	0.000000	0.000000	0.000000	0.000000	0.000000	0.000000	0.000000	0.000000	0.000000	0.000000	0.000000	0.000000	0.000000	0.000000	0.000000	0.000000	0.000000	0.000000	0.000000	0.000000	0.000000	0.000000	0.000000	0.000000	0.000000	0.000000	0.000000	
351.094291	350.238262	180.000000	180.000000	180.000000	90.000000	0.000000	0.000000	0.000000	0.000000	0.000000	0.000000	0.000000	0.000000	0.000000	0.000000	0.000000	0.000000	0.000000	0.000000	0.000000	0.000000	0.000000	0.000000	0.000000	0.000000	0.000000	0.000000	0.000000	0.000000	0.000000	0.000000	0.000000	0.000000	0.000000	0.000000	0.000000	0.000000	0.000000	0.000000	0.000000	0.000000	0.000000	
351.171868	350.410276	180.000000	180.000000	180.000000	90.000000	0.000000	0.000000	0.000000	0.000000	0.000000	0.000000	0.000000	0.000000	0.000000	0.000000	0.000000	0.000000	0.000000	0.000000	0.000000	0.000000	0.000000	0.000000	0.000000	0.000000	0.000000	0.000000	0.000000	0.000000	0.000000	0.000000	0.000000	0.000000	0.000000	0.000000	0.000000	0.000000	0.000000	0.000000	0.000000	0.000000	0.000000	
351.232056	0.780182	180.000000	180.000000	180.000000	90.000000	0.000000	0.000000	0.000000	0.000000	0.000000	0.000000	0.000000	0.000000	0.000000	0.000000	0.000000	0.000000	0.000000	0.000000	0.000000	0.000000	0.000000	0.000000	0.000000	0.000000	0.000000	0.000000	0.000000	0.000000	0.000000	0.000000	0.000000	0.000000	0.000000	0.000000	0.000000	0.000000	0.000000	0.000000	0.000000	0.000000	0.000000	
2.711685	6.272925	180.000000	180.000000	180.000000	90.000000	90.000000	0.000000	0.000000	0.000000	0.000000	0.000000	0.000000	0.000000	0.000000	0.000000	0.000000	0.000000	0.000000	0.000000	0.000000	0.000000	0.000000	0.000000	0.000000	0.000000	0.000000	0.000000	0.000000	0.000000	0.000000	0.000000	0.000000	0.000000	0.000000	0.000000	0.000000	0.000000	0.000000	0.000000	0.000000	0.000000	0.000000	
8.233494	359.982117	180.000000	180.000000	180.000000	90.000000	97.913191	0.000000	0.000000	0.000000	0.000000	0.000000	0.000000	0.000000	0.000000	0.000000	0.000000	0.000000	0.000000	0.000000	0.000000	0.000000	0.000000	0.000000	0.000000	0.000000	0.000000	0.000000	0.000000	0.000000	0.000000	0.000000	0.000000	0.000000	0.000000	0.000000	0.000000	0.000000	0.000000	0.000000	0.000000	0.000000	0.000000	
1.457952	4.360090	180.000000	180.000000	180.000000	90.000000	101.434690	0.000000	0.000000	0.000000	0.000000	0.000000	0.000000	0.000000	0.000000	0.000000	0.000000	0.000000	0.000000	0.000000	0.000000	0.000000	0.000000	0.000000	0.000000	0.000000	0.000000	0.000000	0.000000	0.000000	0.000000	0.000000	0.000000	0.000000	0.000000	0.000000	0.000000	0.000000	0.000000	0.000000	0.000000	0.000000	0.000000	
7.587975	8.122135	180.000000	180.000000	180.000000	90.000000	102.888966	0.000000	0.000000	0.000000	0.000000	0.000000	0.000000	0.000000	0.000000	0.000000	0.000000	0.000000	0.000000	0.000000	0.000000	0.000000	0.000000	0.000000	0.000000	0.000000	0.000000	0.000000	0.000000	0.000000	0.000000	0.000000	0.000000	0.000000	0.000000	0.000000	0.000000	0.000000	0.000000	0.000000	0.000000	0.000000	0.000000	
0.904224	8.297739	180.000000	180.000000	180.000000	90.000000	103.371420	0.000000	0.000000	0.000000	0.000000	0.000000	0.000000	0.000000	0.000000	0.000000	0.000000	0.000000	0.000000	0.000000	0.000000	0.000000	0.000000	0.000000	0.000000	0.000000	0.000000	0.000000	0.000000	0.000000	0.000000	0.000000	0.000000	0.000000	0.000000	0.000000	0.000000	0.000000	0.000000	0.000000	0.000000	0.000000	0.000000	
7.301062	8.115294	180.000000	180.000000	180.000000	90.000000	103.396126	350.537678	0.000000	0.000000	0.000000	0.000000	0.000000	0.000000	0.000000	0.000000	0.000000	0.000000	0.000000	0.000000	0.000000	0.000000	0.000000	0.000000	0.000000	0.000000	0.000000	0.000000	0.000000	0.000000	0.000000	0.000000	0.000000	0.000000	0.000000	0.000000	0.000000	0.000000	0.000000	0.000000	0.000000	0.000000	0.000000	
8.821751	7.745322	180.000000	180.000000	180.000000	90.000000	103.203360	346.501084	0.000000	0.000000	0.000000	0.000000	0.000000	0.000000	0.000000	0.000000	0.000000	0.000000	0.000000	0.000000	0.000000	0.000000	0.000000	0.000000	0.000000	0.000000	0.000000	0.000000	0.000000	0.000000	0.000000	0.000000	0.000000	0.000000	0.000000	0.000000	0.000000	0.000000	0.000000	0.000000	0.000000	0.000000	0.000000	
9.298252	7.284270	180.000000	180.000000	180.000000	90.000000	102.905111	337.479495	0.000000	0.000000	0.000000	0.000000	0.000000	0.000000	0.000000	0.000000	0.000000	0.000000	0.000000	0.000000	0.000000	0.000000	0.000000	0.000000	0.000000	0.000000	0.000000	0.000000	0.000000	0.000000	0.000000	0.000000	0.000000	0.000000	0.000000	0.000000	0.000000	0.000000	0.000000	0.000000	0.000000	0.000000	0.000000	
9.274538	6.787441	180.000000	180.000000	180.000000	90.000000	102.553500	333.493836	0.000000	0.000000	0.000000	0.000000	0.000000	0.000000	0.000000	0.000000	0.000000	0.000000	0.000000	0.000000	0.000000	0.000000	0.000000	0.000000	0.000000	0.000000	0.000000	0.000000	0.000000	0.000000	0.000000	0.000000	0.000000	0.000000	0.000000	0.000000	0.000000	0.000000	0.000000	0.000000	0.000000	0.000000	0.000000	
9.015013	6.287079	180.000000	180.000000	180.000000	90.000000	102.172805	331.884850	0.000000	0.000000	0.000000	0.000000	0.000000	0.000000	0.000000	0.000000	0.000000	0.000000	0.000000	0.000000	0.000000	0.000000	0.000000	0.000000	0.000000	0.000000	0.000000	0.000000	0.000000	0.000000	0.000000	0.000000	0.000000	0.000000	0.000000	0.000000	0.000000	0.000000	0.000000	0.000000	0.000000	0.000000	0.000000	
8.649068	5.802363	180.000000	180.000000	180.000000	90.000000	101.774386	331.394831	0.000000	0.000000	0.000000	0.000000	0.000000	0.000000	0.000000	0.000000	0.000000	0.000000	0.000000	0.000000	0.000000	0.000000	0.000000	0.000000	0.000000	0.000000	0.000000	0.000000	0.000000	0.000000	0.000000	0.000000	0.000000	0.000000	0.000000	0.000000	0.000000	0.000000	0.000000	0.000000	0.000000	0.000000	0.000000	
8.240649	5.344944	180.000000	180.000000	180.000000	90.000000	101.363617	331.432741	0.000000	0.000000	0.000000	0.000000	0.000000	0.000000	0.000000	0.000000	0.000000	0.000000	0.000000	0.000000	0.000000	0.000000	0.000000	0.000000	0.000000	0.000000	0.000000	0.000000	0.000000	0.000000	0.000000	0.000000	0.000000	0.000000	0.000000	0.000000	0.000000	0.000000	0.000000	0.000000	0.000000	0.000000	0.000000	
7.821805	4.922050	180.000000	180.000000	180.000000	90.000000	100.943105	331.722493	0.000000	0.000000	0.000000	0.000000	0.000000	0.000000	0.000000	0.000000	0.000000	0.000000	0.000000	0.000000	0.000000	0.000000	0.000000	0.000000	0.000000	0.000000	0.000000	0.000000	0.000000	0.000000	0.000000	0.000000	0.000000	0.000000	0.000000	0.000000	0.000000	0.000000	0.000000	0.000000	0.000000	0.000000	0.000000	
7.408944	4.538224	180.000000	180.000000	180.000000	90.000000	100.514171	340.319351	0.000000	0.000000	0.000000	0.000000	0.000000	0.000000	0.000000	0.000000	0.000000	0.000000	0.000000	0.000000	0.000000	0.000000	0.000000	0.000000	0.000000	0.000000	0.000000	0.000000	0.000000	0.000000	0.000000	0.000000	0.000000	0.000000	0.000000	0.000000	0.000000	0.000000	0.000000	0.000000	0.000000	0.000000	0.000000	
7.010728	4.196324	180.000000	180.000000	180.000000	90.000000	100.077537	336.222925	0.000000	0.000000	0.000000	0.000000	0.000000	0.000000	0.000000	0.000000	0.000000	0.000000	0.000000	0.000000	0.000000	0.000000	0.000000	0.000000	0.000000	0.000000	0.000000	0.000000	0.000000	0.000000	0.000000	0.000000	0.000000	0.000000	0.000000	0.000000	0.000000	0.000000	0.000000	0.000000	0.000000	0.000000	0.000000	
6.631936	3.898092	180.000000	180.000000	180.000000	90.000000	99.633640	342.741630	0.000000	0.000000	0.000000	0.000000	0.000000	0.000000	0.000000	0.000000	0.000000	0.000000	0.000000	0.000000	0.000000	0.000000	0.000000	0.000000	0.000000	0.000000	0.000000	0.000000	0.000000	0.000000	0.000000	0.000000	0.000000	0.000000	0.000000	0.000000	0.000000	0.000000	0.000000	0.000000	0.000000	0.000000	0.000000	
6.275357	3.644499	180.000000	180.000000	180.000000	90.000000	92.846055	337.779189	0.000000	0.000000	0.000000	0.000000	0.000000	0.000000	0.000000	0.000000	0.000000	0.000000	0.000000	0.000000	0.000000	0.000000	0.000000	0.000000	0.000000	0.000000	0.000000	0.000000	0.000000	0.000000	0.000000	0.000000	0.000000	0.000000	0.000000	0.000000	0.000000	0.000000	0.000000	0.000000	0.000000	0.000000	0.000000	
5.942719	3.435955	180.000000	180.000000	180.000000	90.000000	95.960643	343.711707	0.000000	0.000000	9.491085	0.000000	0.000000	0.000000	0.000000	0.000000	0.000000	0.000000	0.000000	0.000000	0.000000	0.000000	0.000000	0.000000	0.000000	0.000000	0.000000	0.000000	0.000000	0.000000	0.000000	0.000000	0.000000	0.000000	0.000000	0.000000	0.000000	0.000000	0.000000	0.000000	0.000000	0.000000	0.000000	
5.635158	3.272444	180.000000	180.000000	180.000000	90.000000	90.977380	346.696480	0.000000	0.000000	13.248363	0.000000	0.000000	0.000000	0.000000	0.000000	0.000000	0.000000	0.000000	0.000000	0.000000	0.000000	0.000000	0.000000	0.000000	0.000000	0.000000	0.000000	0.000000	0.000000	0.000000	0.000000	0.000000	0.000000	0.000000	0.000000	0.000000	0.000000	0.000000	0.000000	0.000000	0.000000	0.000000	
5.353443	3.153621	180.000000	180.000000	180.000000	90.000000	94.719482	348.210463	0.000000	0.000000	21.475678	0.000000	0.000000	0.000000	0.000000	0.000000	0.000000	0.000000	0.000000	0.000000	0.000000	0.000000	0.000000	0.000000	0.000000	0.000000	0.000000	0.000000	0.000000	0.000000	0.000000	0.000000	0.000000	0.000000	0.000000	0.000000	0.000000	0.000000	0.000000	0.000000	0.000000	0.000000	0.000000	
5.098097	3.078882	180.000000	180.000000	180.000000	90.000000	91.036267	348.995748	0.000000	0.000000	24.868201	0.000000	0.000000	0.000000	0.000000	0.000000	0.000000	0.000000	0.000000	0.000000	0.000000	0.000000	0.000000	0.000000	0.000000	0.000000	0.000000	0.000000	0.000000	0.000000	0.000000	0.000000	0.000000	0.000000	0.000000	0.000000	0.000000	0.000000	0.000000	0.000000	0.000000	0.000000	0.000000	
4.869460	3.047421	180.000000	180.000000	180.000000	90.000000	89.301678	349.425241	0.000000	0.000000	26.140543	0.000000	0.000000	0.000000	0.000000	0.000000	0.000000	0.000000	0.000000	0.000000	0.000000	0.000000	0.000000	0.000000	0.000000	0.000000	0.000000	0.000000	0.000000	0.000000	0.000000	0.000000	0.000000	0.000000	0.000000	0.000000	0.000000	0.000000	0.000000	0.000000	0.000000	0.000000	0.000000	
4.667725	3.058276	180.000000	180.000000	180.000000	90.000000	88.484403	349.686139	0.000000	0.000000	26.482672	0.000000	0.000000	0.000000	0.000000	0.000000	0.000000	0.000000	0.000000	0.000000	0.000000	0.000000	0.000000	0.000000	0.000000	0.000000	0.000000	0.000000	0.000000	0.000000	0.000000	0.000000	0.000000	0.000000	0.000000	0.000000	0.000000	0.000000	0.000000	0.000000	0.000000	0.000000	0.000000	
4.492956	3.110368	180.000000	180.000000	180.000000	90.000000	88.099204	349.872263	0.000000	0.000000	26.414458	0.000000	0.000000	0.000000	0.000000	0.000000	0.000000	0.000000	0.000000	0.000000	0.000000	0.000000	0.000000	0.000000	0.000000	0.000000	0.000000	0.000000	0.000000	0.000000	0.000000	0.000000	0.000000	0.000000	0.000000	0.000000	0.000000	0.000000	0.000000	0.000000	0.000000	0.000000	0.000000	
4.345112	3.202535	180.000000	180.000000	180.000000	90.000000	87.917595	350.030533	0.000000	0.000000	26.162083	0.000000	0.000000	0.000000	0.000000	0.000000	0.000000	0.000000	0.000000	0.000000	0.000000	0.000000	0.000000	0.000000	0.000000	0.000000	0.000000	0.000000	0.000000	0.000000	0.000000	0.000000	0.000000	0.000000	0.000000	0.000000	0.000000	0.000000	0.000000	0.000000	0.000000	0.000000	0.000000	
4.224053	3.333565	180.000000	180.000000	180.000000	90.000000	87.831946	350.184337	0.000000	0.000000	25.823648	0.000000	352.086809	0.000000	0.000000	0.000000	0.000000	0.000000	0.000000	0.000000	0.000000	0.000000	0.000000	0.000000	0.000000	0.000000	0.000000	0.000000	0.000000	0.000000	0.000000	0.000000	0.000000	0.000000	0.000000	0.000000	0.000000	0.000000	0.000000	0.000000	0.000000	0.000000	0.000000	
4.129553	3.502215	180.000000	180.000000	180.000000	90.000000	87.791540	348.893963	0.000000	0.000000	25.441625	0.000000	348.565310	0.000000	0.000000	0.000000	0.000000	0.000000	0.000000	0.000000	0.000000	0.000000	0.000000	0.000000	0.000000	0.000000	0.000000	0.000000	0.000000	0.000000	0.000000	0.000000	0.000000	0.000000	0.000000	0.000000	0.000000	0.000000	0.000000	0.000000	0.000000	0.000000	0.000000	
4.061317	3.707238	180.000000	180.000000	180.000000	90.000000	87.772471	348.314290	0.000000	0.000000	16.776317	0.000000	342.308900	0.000000	0.000000	0.000000	0.000000	0.000000	0.000000	0.000000	0.000000	0.000000	0.000000	0.000000	0.000000	0.000000	0.000000	0.000000	0.000000	0.000000	0.000000	0.000000	0.000000	0.000000	0.000000	0.000000	0.000000	0.000000	0.000000	0.000000	0.000000	0.000000	0.000000	
4.018984	3.947395	180.000000	180.000000	180.000000	90.000000	87.763469	348.086824	0.000000	0.000000	21.230196	0.000000	339.406610	0.000000	0.000000	0.000000	0.000000	0.000000	0.000000	0.000000	0.000000	0.000000	0.000000	0.000000	0.000000	0.000000	0.000000	0.000000	0.000000	0.000000	0.000000	0.000000	0.000000	0.000000	0.000000	0.000000	0.000000	0.000000	0.000000	0.000000	0.000000	0.000000	0.000000	
4.002141	4.221474	180.000000	180.000000	180.000000	90.000000	87.759218	348.037153	0.000000	0.000000	14.724974	0.000000	338.166953	351.292630	0.000000	0.000000	0.000000	0.000000	0.000000	0.000000	0.000000	0.000000	0.000000	0.000000	0.000000	0.000000	0.000000	0.000000	0.000000	0.000000	0.000000	0.000000	0.000000	0.000000	0.000000	0.000000	0.000000	0.000000	0.000000	0.000000	0.000000	0.000000	0.000000	
4.010330	4.528301	180.000000	180.000000	180.000000	90.000000	87.757210	345.236191	0.000000	0.000000	19.982998	0.000000	337.753793	347.559681	0.000000	0.000000	0.000000	0.000000	0.000000	0.000000	0.000000	0.000000	0.000000	0.000000	0.000000	0.000000	0.000000	0.000000	0.000000	0.000000	0.000000	0.000000	0.000000	0.000000	0.000000	0.000000	0.000000	0.000000	0.000000	0.000000	0.000000	0.000000	0.000000	
4.043060	4.866745	180.000000	180.000000	180.000000	90.000000	87.756261	343.744841	0.000000	0.000000	14.022677	0.000000	337.755491	340.085743	0.000000	0.000000	0.000000	0.000000	0.000000	0.000000	0.000000	0.000000	0.000000	0.000000	0.000000	0.000000	0.000000	0.000000	0.000000	0.000000	0.000000	0.000000	0.000000	0.000000	0.000000	0.000000	0.000000	0.000000	0.000000	0.000000	0.000000	0.000000	0.000000	
4.099812	5.235729	180.000000	180.000000	180.000000	90.000000	87.755813	342.932451	0.000000	0.000000	11.277388	0.000000	337.970108	336.754073	270.000000	0.000000	0.000000	0.000000	0.000000	0.000000	0.000000	0.000000	0.000000	0.000000	0.000000	0.000000	0.000000	0.000000	0.000000	0.000000	0.000000	0.000000	0.000000	0.000000	0.000000	0.000000	0.000000	0.000000	0.000000	0.000000	0.000000	0.000000	0.000000	
4.180047	5.634231	180.000000	180.000000	180.000000	90.000000	87.755601	342.479801	0.000000	0.000000	10.013344	0.000000	338.298799	335.394482	270.000000	0.000000	0.000000	0.000000	0.000000	0.000000	0.000000	0.000000	0.000000	0.000000	0.000000	0.000000	0.000000	0.000000	0.000000	0.000000	0.000000	0.000000	0.000000	0.000000	0.000000	0.000000	0.000000	0.000000	0.000000	0.000000	0.000000	0.000000	0.000000	
4.283215	6.061291	180.000000	180.000000	180.000000	90.000000	87.755500	342.225016	0.000000	0.000000	9.427328	0.000000	338.693203	334.974127	270.000000	0.000000	0.000000	0.000000	0.000000	0.000000	0.000000	0.000000	0.000000	0.000000	0.000000	0.000000	0.000000	0.000000	0.000000	0.000000	0.000000	0.000000	0.000000	0.000000	0.000000	0.000000	0.000000	0.000000	0.000000	0.000000	0.000000	0.000000	0.000000	
4.408758	6.516009	180.000000	180.000000	180.000000	90.000000	87.755453	342.085837	0.000000	0.000000	9.146951	0.000000	345.735963	335.003804	270.000000	0.000000	0.000000	0.000000	0.000000	0.000000	0.000000	0.000000	0.000000	0.000000	0.000000	0.000000	0.000000	0.000000	0.000000	0.000000	0.000000	0.000000	0.000000	0.000000	0.000000	0.000000	0.000000	0.000000	0.000000	0.000000	0.000000	0.000000	0.000000	
4.556116	6.997547	180.000000	180.000000	180.000000	90.000000	87.755430	342.020272	0.000000	0.000000	8.999690	0.000000	342.609375	335.252849	270.000000	180.000000	0.000000	0.000000	0.000000	0.000000	0.000000	0.000000	0.000000	0.000000	0.000000	0.000000	0.000000	0.000000	0.000000	0.000000	0.000000	0.000000	0.000000	0.000000	0.000000	0.000000	0.000000	0.000000	0.000000	0.000000	0.000000	0.000000	0.000000	
4.724733	16.083947	180.000000	180.000000	180.000000	90.000000	87.755420	342.006691	0.000000	0.000000	8.905709	0.000000	347.787284	335.612849	270.000000	180.000000	0.000000	0.000000	0.000000	0.000000	0.000000	0.000000	0.000000	0.000000	0.000000	0.000000	0.000000	0.000000	0.000000	0.000000	0.000000	0.000000	0.000000	0.000000	0.000000	0.000000	0.000000	0.000000	0.000000	0.000000	0.000000	0.000000	0.000000	
4.914060	12.452491	180.000000	180.000000	180.000000	90.000000	87.755414	342.033738	0.000000	0.000000	8.828132	0.000000	350.387378	343.532657	270.000000	180.000000	0.000000	0.000000	0.000000	0.000000	0.000000	0.000000	0.000000	0.000000	0.000000	0.000000	0.000000	0.000000	0.000000	0.000000	0.000000	0.000000	0.000000	0.000000	0.000000	0.000000	0.000000	0.000000	0.000000	0.000000	0.000000	0.000000	0.000000	
5.123558	10.772018	180.000000	180.000000	180.000000	90.000000	87.755412	342.095246	0.000000	0.000000	8.767944	0.000000	351.677772	339.802330	270.000000	180.000000	0.000000	0.000000	0.000000	0.000000	0.000000	0.000000	0.000000	0.000000	0.000000	0.000000	0.000000	0.000000	0.000000	0.000000	0.000000	0.000000	0.000000	0.000000	0.000000	0.000000	0.000000	0.000000	0.000000	0.000000	0.000000	0.000000	0.000000	
5.352700	18.399168	180.000000	180.000000	180.000000	90.000000	87.755411	342.187664	0.000000	0.000000	10.337491	0.000000	352.308886	345.706354	270.000000	180.000000	90.000000	0.000000	0.000000	0.000000	0.000000	0.000000	0.000000	0.000000	0.000000	0.000000	0.000000	0.000000	0.000000	0.000000	0.000000	0.000000	0.000000	0.000000	0.000000	0.000000	0.000000	0.000000	0.000000	0.000000	0.000000	0.000000	0.000000	
5.600976	14.323240	180.000000	180.000000	180.000000	90.000000	87.755410	342.308765	0.000000	0.000000	10.747913	0.000000	352.614271	341.195932	270.000000	180.000000	90.000000	0.000000	0.000000	0.000000	0.000000	0.000000	0.000000	0.000000	0.000000	0.000000	0.000000	0.000000	0.000000	0.000000	0.000000	0.000000	0.000000	0.000000	0.000000	0.000000	0.000000	0.000000	0.000000	0.000000	0.000000	0.000000	0.000000	
5.867894	20.496892	180.000000	180.000000	180.000000	90.000000	87.755410	342.456999	0.000000	0.000000	10.906865	0.000000	352.764896	346.517541	270.000000	180.000000	90.000000	0.000000	0.000000	0.000000	0.000000	0.000000	0.000000	0.000000	0.000000	0.000000	0.000000	0.000000	0.000000	0.000000	0.000000	0.000000	0.000000	0.000000	0.000000	0.000000	0.000000	0.000000	0.000000	0.000000	0.000000	0.000000	0.000000	
6.152978	15.858592	180.000000	180.000000	180.000000	90.000000	87.755410	342.631168	0.000000	0.000000	10.946343	0.000000	352.848333	349.146707	270.000000	180.000000	90.000000	0.000000	0.000000	0.000000	0.000000	0.000000	0.000000	0.000000	0.000000	0.000000	0.000000	0.000000	0.000000	0.000000	0.000000	0.000000	0.000000	0.000000	0.000000	0.000000	0.000000	0.000000	0.000000	0.000000	0.000000	0.000000	0.000000	
6.455773	21.511595	180.000000	180.000000	180.000000	90.000000	87.755410	342.830265	0.000000	0.000000	10.925761	0.000000	3.700043	350.444440	270.000000	180.000000	90.000000	180.000000	0.000000	0.000000	0.000000	0.000000	0.000000	0.000000	0.000000	0.000000	0.000000	0.000000	0.000000	0.000000	0.000000	0.000000	0.000000	0.000000	0.000000	0.000000	0.000000	0.000000	0.000000	0.000000	0.000000	0.000000	0.000000	
6.775846	24.632852	180.000000	180.000000	180.000000	90.000000	87.755410	343.053395	0.000000	0.000000	10.871860	0.000000	2.572747	351.089283	270.000000	180.000000	90.000000	180.000000	0.000000	0.000000	0.000000	0.000000	0.000000	0.000000	0.000000	0.000000	0.000000	0.000000	0.000000	0.000000	0.000000	0.000000	0.000000	0.000000	0.000000	0.000000	0.000000	0.000000	0.000000	0.000000	0.000000	0.000000	0.000000	
7.112781	28.358968	180.000000	192.215281	180.000000	90.000000	87.755410	343.299735	0.000000	0.000000	10.796716	0.000000	8.562854	351.419530	270.000000	180.000000	90.000000	180.000000	0.000000	0.000000	0.000000	0.000000	0.000000	0.000000	0.000000	0.000000	0.000000	0.000000	0.000000	0.000000	0.000000	0.000000	0.000000	0.000000	0.000000	0.000000	0.000000	0.000000	0.000000	0.000000	0.000000	0.000000	0.000000	
7.466188	30.597428	180.000000	197.750526	180.000000	90.000000	87.755410	352.376406	0.000000	0.000000	12.645217	0.000000	5.152869	351.603707	270.000000	180.000000	90.000000	180.000000	0.000000	0.000000	0.000000	0.000000	0.000000	0.000000	0.000000	0.000000	0.000000	0.000000	0.000000	0.000000	0.000000	0.000000	0.000000	0.000000	0.000000	0.000000	0.000000	0.000000	0.000000	0.000000	0.000000	0.000000	0.000000	
7.835695	40.511531	180.000000	200.265359	180.000000	90.000000	87.755410	347.924528	0.000000	0.000000	13.609005	0.000000	9.768033	351.725661	270.000000	180.000000	90.000000	180.000000	270.000000	0.000000	0.000000	0.000000	0.000000	0.000000	0.000000	0.000000	0.000000	0.000000	0.000000	0.000000	0.000000	0.000000	0.000000	0.000000	0.000000	0.000000	0.000000	0.000000	0.000000	0.000000	0.000000	0.000000	0.000000	
8.220951	45.983763	180.000000	201.408746	180.000000	90.000000	87.755410	345.921325	0.000000	0.000000	14.150277	0.000000	12.036649	350.565014	270.000000	180.000000	90.000000	180.000000	270.000000	0.000000	0.000000	0.000000	0.000000	0.000000	0.000000	0.000000	0.000000	0.000000	0.000000	0.000000	0.000000	0.000000	0.000000	0.000000	0.000000	0.000000	0.000000	0.000000	0.000000	0.000000	0.000000	0.000000	0.000000	
17.887185	48.968576	180.000000	201.928769	180.000000	90.000000	87.755410	353.669600	0.000000	0.000000	14.482220	0.000000	6.878639	350.013383	270.000000	180.000000	90.000000	180.000000	270.000000	0.000000	0.000000	0.000000	0.000000	0.000000	0.000000	0.000000	0.000000	0.000000	0.000000	0.000000	0.000000	0.000000	0.000000	0.000000	0.000000	0.000000	0.000000	0.000000	0.000000	0.000000	0.000000	0.000000	0.000000	
13.198733	50.569006	180.000000	202.165341	180.000000	90.000000	87.755410	348.855484	0.000000	0.000000	14.703384	0.000000	10.003639	349.765683	270.000000	180.000000	90.000000	180.000000	270.000000	0.000000	0.000000	0.000000	0.000000	0.000000	0.000000	0.000000	0.000000	0.000000	0.000000	0.000000	0.000000	0.000000	0.000000	0.000000	0.000000	0.000000	0.000000	0.000000	0.000000	0.000000	0.000000	0.000000	0.000000	
11.245788	51.403750	180.000000	202.272992	180.000000	90.000000	87.755410	355.098823	0.000000	0.000000	14.859472	0.000000	11.329166	349.673553	270.000000	180.000000	90.000000	180.000000	270.000000	180.000000	0.000000	0.000000	0.000000	0.000000	0.000000	0.000000	0.000000	0.000000	0.000000	0.000000	0.000000	0.000000	0.000000	0.000000	0.000000	0.000000	0.000000	0.000000	0.000000	0.000000	0.000000	0.000000	0.000000	
19.532564	51.818856	180.000000	202.321989	180.000000	90.000000	87.755410	349.734373	0.000000	0.000000	14.971826	0.000000	11.731377	349.664917	270.000000	180.000000	90.000000	180.000000	270.000000	180.000000	0.000000	0.000000	0.000000	0.000000	0.000000	0.000000	0.000000	0.000000	0.000000	0.000000	0.000000	0.000000	0.000000	0.000000	0.000000	0.000000	0.000000	0.000000	0.000000	0.000000	0.000000	0.000000	0.000000	
14.512113	52.007563	180.000000	202.344296	180.000000	90.000000	87.755410	355.534004	0.000000	0.000000	15.050567	0.000000	11.663475	349.704751	270.000000	180.000000	90.000000	180.000000	270.000000	180.000000	0.000000	0.000000	0.000000	0.000000	0.000000	0.000000	0.000000	0.000000	0.000000	0.000000	0.000000	0.000000	0.000000	0.000000	0.000000	0.000000	0.000000	0.000000	0.000000	0.000000	0.000000	0.000000	0.000000	
21.213081	52.077675	180.000000	202.354455	180.000000	90.000000	88.244440	350.182597	0.000000	0.000000	15.100651	0.000000	11.361403	349.775989	270.000000	180.000000	90.000000	180.000000	270.000000	180.000000	0.000000	0.000000	0.000000	0.000000	0.000000	0.000000	0.000000	0.000000	0.000000	0.000000	0.000000	0.000000	0.000000	0.000000	0.000000	0.000000	0.000000	0.000000	0.000000	0.000000	0.000000	0.000000	0.000000	
15.644349	52.089311	180.000000	202.359082	180.000000	90.000000	88.474779	355.786724	0.000000	0.000000	15.124668	0.000000	10.949205	348.499971	270.000000	180.000000	90.000000	180.000000	270.000000	180.000000	135.000000	0.000000	0.000000	0.000000	0.000000	0.000000	0.000000	0.000000	0.000000	0.000000	0.000000	0.000000	0.000000	0.000000	0.000000	0.000000	0.000000	0.000000	0.000000	0.000000	0.000000	0.000000	0.000000	
21.884791	52.076016	180.000000	202.361190	180.000000	90.000000	88.583303	358.519216	0.000000	0.000000	15.124121	0.000000	10.492967	347.733609	270.000000	180.000000	90.000000	180.000000	270.000000	180.000000	141.995629	0.000000	0.000000	0.000000	0.000000	0.000000	0.000000	0.000000	0.000000	0.000000	0.000000	0.000000	0.000000	0.000000	0.000000	0.000000	0.000000	0.000000	0.000000	0.000000	0.000000	0.000000	0.000000	
16.346621	52.056551	180.000000	202.362151	180.000000	90.000000	88.634449	359.823415	0.000000	0.000000	15.100020	0.000000	10.028522	347.237395	270.000000	180.000000	90.000000	180.000000	270.000000	180.000000	145.231326	0.000000	0.000000	0.000000	0.000000	0.000000	0.000000	0.000000	0.000000	0.000000	0.000000	0.000000	0.000000	0.000000	0.000000	0.000000	0.000000	0.000000	0.000000	0.000000	0.000000	0.000000	0.000000	
34.767987	52.041466	180.000000	202.362589	180.000000	90.000000	88.658561	0.422238	0.000000	0.000000	15.053147	0.000000	9.575754	346.892904	256.242717	180.000000	90.000000	180.000000	270.000000	180.000000	146.630822	0.000000	0.000000	0.000000	0.000000	0.000000	0.000000	0.000000	0.000000	0.000000	0.000000	0.000000	0.000000	0.000000	0.000000	0.000000	0.000000	0.000000	0.000000	0.000000	0.000000	0.000000	0.000000	
43.756787	52.036754	180.000000	202.362789	180.000000	90.000000	88.669931	0.677888	0.000000	0.000000	14.984178	0.000000	9.146019	346.641343	251.013061	180.000000	90.000000	180.000000	270.000000	180.000000	140.409342	270.000000	0.000000	0.000000	0.000000	0.000000	0.000000	0.000000	0.000000	0.000000	0.000000	0.000000	0.000000	0.000000	0.000000	0.000000	0.000000	0.000000	0.000000	0.000000	0.000000	0.000000	0.000000	
38.575663	52.045885	180.000000	202.362880	180.000000	90.000000	88.675295	0.771870	0.000000	0.000000	14.893739	0.000000	8.746023	346.453315	249.014057	180.000000	90.000000	180.000000	270.000000	180.000000	144.083703	270.000000	0.000000	0.000000	0.000000	0.000000	0.000000	0.000000	0.000000	0.000000	0.000000	0.000000	0.000000	0.000000	0.000000	0.000000	0.000000	0.000000	0.000000	0.000000	0.000000	0.000000	0.000000	
45.582791	52.070923	180.000000	202.362922	180.000000	90.000000	88.677826	0.795160	0.000000	0.000000	14.782427	0.000000	8.379862	346.313924	248.249247	180.000000	90.000000	180.000000	270.000000	180.000000	139.101285	270.000000	0.000000	0.000000	0.000000	0.000000	0.000000	0.000000	0.000000	0.000000	0.000000	0.000000	0.000000	0.000000	0.000000	0.000000	0.000000	0.000000	0.000000	0.000000	0.000000	0.000000	0.000000	
48.959468	52.113155	180.000000	202.362941	180.000000	90.000000	88.679021	0.793361	0.000000	0.000000	14.650819	0.000000	8.050102	346.215410	247.956556	180.000000	90.000000	180.000000	270.000000	180.000000	143.212605	270.000000	0.000000	0.000000	0.000000	0.000000	0.000000	0.000000	0.000000	0.000000	0.000000	0.000000	0.000000	0.000000	0.000000	0.000000	0.000000	0.000000	0.000000	0.000000	0.000000	0.000000	0.000000	
50.555353	52.173422	180.000000	202.362949	180.000000	90.000000	88.679585	0.789336	0.000000	0.000000	14.499477	0.000000	7.758358	346.153519	247.844525	180.000000	90.000000	180.000000	270.000000	180.000000	138.605018	270.000000	0.000000	0.000000	0.000000	0.000000	0.000000	0.000000	0.000000	0.000000	0.000000	0.000000	0.000000	0.000000	0.000000	0.000000	0.000000	0.000000	0.000000	0.000000	0.000000	0.000000	0.000000	
51.280724	52.252310	180.000000	202.362953	180.000000	90.000000	88.679851	0.734540	0.000000	0.000000	14.328944	0.000000	7.505613	346.125715	247.801636	180.000000	90.000000	180.000000	270.000000	180.000000	142.709409	270.000000	0.000000	0.000000	0.000000	0.000000	0.000000	0.000000	0.000000	0.000000	0.000000	0.000000	0.000000	0.000000	0.000000	0.000000	0.000000	0.000000	0.000000	0.000000	0.000000	0.000000	0.000000	
51.583167	52.350244	180.000000	202.362955	180.000000	90.000000	88.679977	357.148061	347.784719	0.000000	14.139750	0.000000	7.292401	346.130300	247.785215	180.000000	90.000000	180.000000	270.000000	180.000000	138.287412	270.000000	0.000000	0.000000	0.000000	0.000000	0.000000	0.000000	0.000000	0.000000	0.000000	0.000000	0.000000	0.000000	0.000000	0.000000	0.000000	0.000000	0.000000	0.000000	0.000000	0.000000	0.000000	
51.682536	52.467539	180.000000	202.362956	180.000000	90.000000	88.680037	355.131710	342.249474	0.000000	13.932404	0.000000	7.118911	346.165984	247.778926	180.000000	90.000000	180.000000	270.000000	180.000000	136.140915	270.000000	0.000000	0.000000	0.000000	0.000000	0.000000	0.000000	0.000000	0.000000	0.000000	0.000000	0.000000	0.000000	0.000000	0.000000	0.000000	0.000000	0.000000	0.000000	0.000000	0.000000	0.000000	
51.686734	52.604428	180.000000	202.362956	180.000000	90.000000	88.680065	353.908493	339.734641	0.000000	5.375233	0.000000	6.985064	346.231680	247.776518	180.000000	90.000000	180.000000	270.000000	180.000000	135.098470	270.000000	0.000000	0.000000	0.000000	0.000000	0.000000	0.000000	0.000000	0.000000	0.000000	0.000000	0.000000	0.000000	0.000000	0.000000	0.000000	0.000000	0.000000	0.000000	0.000000	0.000000	0.000000	
51.648708	52.761066	180.000000	202.362957	180.000000	90.000000	88.680078	353.096852	338.591254	0.000000	9.932392	0.000000	6.890561	346.326401	247.775595	180.000000	90.000000	180.000000	270.000000	180.000000	134.592034	270.000000	0.000000	0.000000	0.000000	0.000000	0.000000	0.000000	0.000000	0.000000	0.000000	0.000000	0.000000	0.000000	0.000000	0.000000	0.000000	0.000000	0.000000	0.000000	0.000000	0.000000	0.000000	
51.594459	52.937540	180.000000	202.362957	180.000000	90.000000	88.680084	352.508254	338.071231	0.000000	11.825744	0.000000	6.834924	346.449222	247.775241	180.000000	90.000000	180.000000	270.000000	180.000000	134.345920	270.000000	0.000000	0.000000	0.000000	0.000000	0.000000	0.000000	0.000000	0.000000	0.000000	0.000000	0.000000	0.000000	0.000000	0.000000	0.000000	0.000000	0.000000	0.000000	0.000000	0.000000	0.000000	
51.536797	53.133859	180.000000	202.362957	180.000000	90.000000	88.680087	352.049149	337.834659	0.000000	4.453389	0.000000	6.817531	346.599252	247.775106	180.000000	90.000000	180.000000	270.000000	180.000000	134.226278	270.000000	0.000000	0.000000	0.000000	0.000000	0.000000	0.000000	0.000000	0.000000	0.000000	0.000000	0.000000	0.000000	0.000000	0.000000	0.000000	0.000000	0.000000	0.000000	0.000000	0.000000	0.000000	
51.482085	53.349961	180.000000	202.362957	180.000000	90.000000	88.680089	351.672929	337.727008	0.000000	9.247308	0.000000	6.837645	346.775636	247.775054	180.000000	90.000000	180.000000	270.000000	180.000000	134.168098	270.000000	0.000000	0.000000	0.000000	0.000000	0.000000	0.000000	0.000000	0.000000	0.000000	0.000000	0.000000	0.000000	0.000000	0.000000	0.000000	0.000000	0.000000	0.000000	0.000000	0.000000	0.000000	
51.433538	53.585702	180.000000	202.362957	180.000000	90.000000	88.680090	351.356238	337.678011	0.000000	3.321536	0.000000	6.894440	346.977546	247.775034	180.000000	90.000000	180.000000	270.000000	180.000000	134.139797	270.000000	0.000000	0.000000	0.000000	0.000000	0.000000	0.000000	0.000000	0.000000	0.000000	0.000000	0.000000	0.000000	0.000000	0.000000	0.000000	0.000000	0.000000	0.000000	0.000000	0.000000	0.000000	
51.392835	58.409278	180.000000	202.362957	180.000000	90.000000	88.680090	351.087233	337.655704	0.000000	8.574470	0.000000	6.987027	347.204185	247.775027	180.000000	90.000000	180.000000	270.000000	180.000000	134.126026	270.000000	0.000000	0.000000	0.000000	0.000000	0.000000	0.000000	0.000000	0.000000	0.000000	0.000000	0.000000	0.000000	0.000000	0.000000	0.000000	0.000000	0.000000	0.000000	0.000000	0.000000	0.000000	
51.360909	60.892674	180.000000	202.362957	180.000000	90.000000	88.680090	350.859762	337.645545	0.000000	3.037608	0.000000	7.114472	354.787815	247.775024	180.000000	90.000000	180.000000	270.000000	180.000000	134.119322	270.000000	0.000000	0.000000	0.000000	0.000000	0.000000	0.000000	0.000000	0.000000	0.000000	0.000000	0.000000	0.000000	0.000000	0.000000	0.000000	0.000000	0.000000	0.000000	0.000000	0.000000	0.000000	
51.338326	62.202687	180.000000	202.362957	180.000000	90.000000	88.680090	350.670462	337.640918	0.000000	0.574144	0.000000	7.275817	351.062255	247.775022	180.000000	90.000000	180.000000	270.000000	180.000000	134.116057	270.000000	0.000000	0.000000	0.000000	0.000000	0.000000	0.000000	0.000000	0.000000	0.000000	0.000000	0.000000	0.000000	0.000000	0.000000	0.000000	0.000000	0.000000	0.000000	0.000000	0.000000	0.000000	
51.325474	62.931665	180.000000	202.362957	180.000000	90.000000	88.680090	350.517324	337.638810	0.000000	7.120093	0.000000	7.470094	356.589891	247.775022	180.000000	90.000000	180.000000	270.000000	180.000000	134.114467	270.000000	0.000000	0.000000	0.000000	0.000000	0.000000	0.000000	0.000000	0.000000	0.000000	0.000000	0.000000	0.000000	0.000000	0.000000	0.000000	0.000000	0.000000	0.000000	0.000000	0.000000	0.000000	
51.322652	63.378769	180.000000	202.362957	180.000000	90.000000	88.680090	350.398982	337.637849	0.000000	2.436743	0.000000	7.696342	352.058694	247.775022	180.000000	90.000000	180.000000	270.000000	180.000000	134.113692	270.000000	0.000000	0.000000	0.000000	0.000000	0.000000	0.000000	0.000000	0.000000	0.000000	0.000000	0.000000	0.000000	0.000000	0.000000	0.000000	0.000000	0.000000	0.000000	0.000000	0.000000	0.000000	
51.330111	63.694090	180.000000	202.362957	180.000000	90.000000	88.680090	350.314367	337.637411	0.000000	0.342552	0.000000	7.953612	357.014312	247.775022	180.000000	90.000000	180.000000	270.000000	180.000000	134.113315	270.000000	0.000000	0.000000	0.000000	0.000000	0.000000	0.000000	0.000000	0.000000	0.000000	0.000000	0.000000	0.000000	0.000000	0.000000	0.000000	0.000000	0.000000	0.000000	0.000000	0.000000	0.000000	
51.348077	63.952302	180.000000	202.362957	180.000000	90.000000	88.680090	350.262532	337.637211	0.000000	359.433376	0.000000	8.240983	352.446259	247.775022	180.000000	90.000000	180.000000	270.000000	180.000000	134.113130	270.000000	0.000000	0.000000	0.000000	0.000000	0.000000	0.000000	0.000000	0.000000	0.000000	0.000000	0.000000	0.000000	0.000000	0.000000	0.000000	0.000000	0.000000	0.000000	0.000000	0.000000	0.000000	
51.376759	64.190142	180.000000	202.362957	180.000000	90.000000	88.680090	350.242584	337.637120	0.000000	359.062039	0.000000	8.557563	357.172803	247.775022	180.000000	90.000000	180.000000	270.000000	180.000000	134.113040	270.000000	0.000000	0.000000	0.000000	0.000000	0.000000	0.000000	0.000000	0.000000	0.000000	0.000000	0.000000	0.000000	0.000000	0.000000	0.000000	0.000000	0.000000	0.000000	0.000000	0.000000	0.000000	
51.416354	64.425362	180.000000	202.362957	180.000000	90.000000	88.680090	350.253644	337.637078	0.000000	358.930063	0.000000	8.902501	359.424844	247.775022	180.000000	90.000000	180.000000	270.000000	180.000000	134.112997	270.000000	0.000000	0.000000	0.000000	0.000000	0.000000	0.000000	0.000000	0.000000	0.000000	0.000000	0.000000	0.000000	0.000000	0.000000	0.000000	0.000000	0.000000	0.000000	0.000000	0.000000	0.000000	
51.467045	64.666280	180.000000	202.362957	180.000000	90.000000	88.680090	350.294838	337.637059	0.000000	358.899763	0.000000	9.274986	0.460762	247.775022	180.000000	90.000000	180.000000	270.000000	180.000000	134.112975	270.000000	0.000000	0.000000	0.000000	0.000000	0.000000	0.000000	0.000000	0.000000	0.000000	0.000000	0.000000	0.000000	0.000000	0.000000	0.000000	0.000000	0.000000	0.000000	0.000000	0.000000	0.000000	
51.529004	57.997904	180.000000	202.362957	180.000000	90.000000	88.680090	350.365295	337.637051	0.000000	358.907619	0.000000	9.674251	0.904309	247.775022	180.000000	90.000000	180.000000	270.000000	180.000000	134.112965	270.000000	0.000000	0.000000	0.000000	0.000000	0.000000	0.000000	0.000000	0.000000	0.000000	0.000000	0.000000	0.000000	0.000000	0.000000	0.000000	0.000000	0.000000	0.000000	0.000000	0.000000	0.000000	
51.602387	54.722481	180.000000	202.362957	180.000000	90.000000	88.680090	350.464151	337.637047	0.000000	2.058184	0.000000	10.099576	1.064804	247.775022	180.000000	90.000000	180.000000	270.000000	180.000000	134.112960	270.000000	0.000000	0.000000	0.000000	0.000000	0.000000	0.000000	0.000000	0.000000	0.000000	0.000000	0.000000	0.000000	0.000000	0.000000	0.000000	0.000000	0.000000	0.000000	0.000000	0.000000	0.000000	
51.687334	53.207960	180.000000	202.362957	180.000000	90.000000	88.680090	350.590550	337.637045	0.000000	3.488165	0.000000	10.550287	1.095712	247.775022	180.000000	90.000000	180.000000	270.000000	180.000000	134.112957	270.000000	0.000000	0.000000	0.000000	0.000000	0.000000	0.000000	0.000000	0.000000	0.000000	0.000000	0.000000	0.000000	0.000000	0.000000	0.000000	0.000000	0.000000	0.000000	0.000000	0.000000	0.000000	
51.783966	52.604241	180.000000	202.362957	180.000000	90.000000	88.680090	358.712900	337.637044	0.000000	4.138317	0.000000	18.108042	1.073221	247.775022	180.000000	90.000000	180.000000	270.000000	180.000000	134.112956	270.000000	0.000000	0.000000	0.000000	0.000000	0.000000	0.000000	0.000000	0.000000	0.000000	0.000000	0.000000	0.000000	0.000000	0.000000	0.000000	0.000000	0.000000	0.000000	0.000000	0.000000	0.000000	
51.892384	52.472624	180.000000	202.362957	180.000000	90.000000	88.680090	354.616803	337.637044	0.000000	4.431476	0.000000	14.995388	1.035180	247.775022	180.000000	90.000000	180.000000	270.000000	180.000000	134.112955	270.000000	0.000000	0.000000	0.000000	0.000000	0.000000	0.000000	0.000000	0.000000	0.000000	0.000000	0.000000	0.000000	0.000000	0.000000	0.000000	0.000000	0.000000	0.000000	0.000000	0.000000	0.000000	
52.012661	52.588567	180.000000	202.362957	180.000000	90.000000	88.680090	352.708857	337.637043	0.000000	4.557639	0.000000	13.662635	358.160583	247.775022	180.000000	90.000000	180.000000	270.000000	180.000000	134.112955	270.000000	0.000000	0.000000	0.000000	0.000000	0.000000	0.000000	0.000000	0.000000	0.000000	0.000000	0.000000	0.000000	0.000000	0.000000	0.000000	0.000000	0.000000	0.000000	0.000000	0.000000	0.000000	
52.144846	52.837924	180.000000	202.362957	180.000000	90.000000	88.966754	359.647566	337.637043	0.000000	4.602130	0.000000	19.942955	356.753537	247.775022	180.000000	90.000000	180.000000	270.000000	180.000000	134.112955	270.000000	0.000000	0.000000	0.000000	0.000000	0.000000	0.000000	0.000000	0.000000	0.000000	0.000000	0.000000	0.000000	0.000000	0.000000	0.000000	0.000000	0.000000	0.000000	0.000000	0.000000	0.000000	
52.288955	53.162956	180.000000	208.515667	180.000000	90.000000	89.101766	355.220079	337.637043	0.000000	4.603267	0.000000	27.348394	356.065500	247.775022	180.000000	90.000000	180.000000	270.000000	180.000000	134.112955	270.000000	0.000000	0.000000	0.000000	0.000000	0.000000	0.000000	0.000000	0.000000	0.000000	0.000000	0.000000	0.000000	0.000000	0.000000	0.000000	0.000000	0.000000	0.000000	0.000000	0.000000	0.000000	
52.444973	53.534542	180.000000	211.306526	180.000000	90.000000	89.165371	0.798042	337.637043	0.000000	4.578292	0.000000	31.478055	355.733878	247.775022	180.000000	101.607752	180.000000	270.000000	180.000000	134.112955	270.000000	0.000000	0.000000	0.000000	0.000000	0.000000	0.000000	0.000000	0.000000	0.000000	0.000000	0.000000	0.000000	0.000000	0.000000	0.000000	0.000000	0.000000	0.000000	0.000000	0.000000	0.000000	
52.612852	53.937983	180.000000	212.573466	180.000000	90.000000	89.195345	355.871613	337.637043	0.000000	4.535015	0.000000	41.229647	355.583080	247.775022	180.000000	107.228479	180.000000	270.000000	180.000000	134.112955	270.000000	0.000000	0.000000	0.000000	0.000000	0.000000	0.000000	0.000000	0.000000	0.000000	0.000000	0.000000	0.000000	0.000000	0.000000	0.000000	0.000000	0.000000	0.000000	0.000000	0.000000	0.000000	
58.387566	54.365817	180.000000	213.148794	180.000000	90.000000	89.209475	1.059601	337.637043	0.000000	4.477028	0.000000	39.047010	355.528100	247.775022	180.000000	109.954493	180.000000	270.000000	180.000000	134.112955	270.000000	0.000000	0.000000	0.000000	0.000000	0.000000	0.000000	0.000000	0.000000	0.000000	0.000000	0.000000	0.000000	0.000000	0.000000	0.000000	0.000000	0.000000	0.000000	0.000000	0.000000	0.000000	
60.961706	54.814210	180.000000	213.410117	180.000000	90.000000	89.216137	356.144423	337.637043	0.000000	4.406048	0.000000	45.219881	355.405894	247.775022	180.000000	111.277364	180.000000	270.000000	180.000000	134.112955	270.000000	0.000000	0.000000	0.000000	0.000000	0.000000	0.000000	0.000000	0.000000	0.000000	0.000000	0.000000	0.000000	0.000000	0.000000	0.000000	0.000000	0.000000	0.000000	0.000000	0.000000	0.000000	
62.133088	55.281148	180.000000	213.528840	180.000000	90.000000	89.219279	1.167286	337.637043	0.000000	4.322959	0.000000	48.451731	355.128497	247.775022	180.000000	111.919550	180.000000	270.000000	180.000000	134.112955	270.000000	0.000000	0.000000	0.000000	0.000000	0.000000	0.000000	0.000000	0.000000	0.000000	0.000000	0.000000	0.000000	0.000000	0.000000	0.000000	0.000000	0.000000	0.000000	0.000000	0.000000	0.000000	
62.695483	55.765541	180.000000	213.582789	180.000000	90.000000	89.220762	3.579362	337.637043	0.000000	4.228272	0.000000	50.110523	354.793879	247.775022	180.000000	112.231393	180.000000	270.000000	180.000000	134.112955	270.000000	0.000000	0.000000	0.000000	0.000000	0.000000	0.000000	0.000000	0.000000	0.000000	0.000000	0.000000	0.000000	0.000000	0.000000	0.000000	0.000000	0.000000	0.000000	0.000000	0.000000	0.000000	
62.998223	56.266777	180.000000	213.607309	180.000000	90.000000	89.221462	4.699099	337.637043	0.000000	4.122340	0.000000	50.932109	354.449897	247.775022	180.000000	112.382870	180.000000	270.000000	180.000000	134.112955	270.000000	0.000000	0.000000	0.000000	0.000000	0.000000	0.000000	0.000000	0.000000	0.000000	0.000000	0.000000	0.000000	0.000000	0.000000	0.000000	0.000000	0.000000	0.000000	0.000000	0.000000	0.000000	
63.194223	56.784505	180.000000	213.618457	180.000000	90.000000	89.221792	5.184082	337.637043	0.000000	4.005443	0.000000	51.311497	354.119986	247.775022	180.000000	112.456470	180.000000	270.000000	180.000000	134.112955	270.000000	0.000000	0.000000	0.000000	0.000000	0.000000	0.000000	0.000000	0.000000	0.000000	0.000000	0.000000	0.000000	0.000000	0.000000	0.000000	0.000000	0.000000	0.000000	0.000000	0.000000	0.000000	
63.349981	57.318522	180.000000	213.623525	180.000000	90.000000	89.221948	5.362464	337.637043	0.000000	3.877831	0.000000	51.460507	353.815598	247.775022	180.000000	112.492243	180.000000	270.000000	180.000000	134.112955	270.000000	0.000000	0.000000	0.000000	0.000000	0.000000	0.000000	0.000000	0.000000	0.000000	0.000000	0.000000	0.000000	0.000000	0.000000	0.000000	0.000000	0.000000	0.000000	0.000000	0.000000	0.000000	
56.724274	57.868721	180.000000	213.625831	180.000000	90.000000	89.222022	5.398111	337.637043	0.000000	3.739742	0.000000	51.492676	353.542252	247.775022	180.000000	112.509636	180.000000	270.000000	180.000000	134.112955	270.000000	0.000000	0.000000	0.000000	0.000000	0.000000	0.000000	0.000000	0.000000	0.000000	0.000000	0.000000	0.000000	0.000000	0.000000	0.000000	0.000000	0.000000	0.000000	0.000000	0.000000	0.000000	
60.831591	58.435057	180.000000	213.626880	180.000000	90.000000	89.222057	5.372923	337.637043	0.000000	3.591407	0.000000	51.468887	353.302490	247.775022	180.000000	112.518095	180.000000	270.000000	180.000000	134.340978	270.000000	0.000000	0.000000	0.000000	0.000000	0.000000	0.000000	0.000000	0.000000	0.000000	0.000000	0.000000	0.000000	0.000000	0.000000	0.000000	0.000000	0.000000	0.000000	0.000000	0.000000	0.000000	
62.645257	59.017542	180.000000	213.627357	180.000000	90.000000	89.222074	5.327883	337.637043	0.000000	3.433055	0.000000	51.421845	353.097331	247.775022	180.000000	112.522211	180.000000	270.000000	180.000000	134.451377	270.000000	0.000000	0.000000	0.000000	0.000000	0.000000	0.000000	0.000000	0.000000	0.000000	0.000000	0.000000	0.000000	0.000000	0.000000	0.000000	0.000000	0.000000	0.000000	0.000000	0.000000	0.000000	
56.347131	65.311732	180.000000	213.627574	180.000000	90.000000	89.222081	1.301657	337.637043	0.000000	3.264913	0.000000	51.369198	352.926988	247.775022	180.000000	112.524214	180.000000	270.000000	180.000000	134.504839	270.000000	0.000000	0.000000	0.000000	0.000000	0.000000	0.000000	0.000000	0.000000	0.000000	0.000000	0.000000	0.000000	0.000000	0.000000	0.000000	0.000000	0.000000	0.000000	0.000000	0.000000	0.000000	
53.547665	68.706547	180.000000	213.627673	180.000000	90.000000	89.222085	359.336267	337.637043	0.000000	3.087205	0.000000	51.320560	352.791240	247.775022	180.000000	112.525189	180.000000	270.000000	180.000000	134.530735	270.000000	0.000000	0.000000	0.000000	0.000000	0.000000	0.000000	0.000000	0.000000	0.000000	0.000000	0.000000	0.000000	0.000000	0.000000	0.000000	0.000000	0.000000	0.000000	0.000000	0.000000	0.000000	
52.358617	70.581944	180.000000	213.627718	180.000000	90.000000	89.222087	358.202261	337.637043	0.000000	2.900156	0.000000	51.281263	352.689608	247.775022	180.000000	112.525664	180.000000	270.000000	180.000000	134.543281	270.000000	0.000000	0.000000	0.000000	0.000000	0.000000	0.000000	0.000000	0.000000	0.000000	0.000000	0.000000	0.000000	0.000000	0.000000	0.000000	0.000000	0.000000	0.000000	0.000000	0.000000	0.000000	
51.911085	71.666911	180.000000	213.627739	180.000000	90.000000	89.222088	357.390918	337.637043	0.000000	2.703985	0.000000	51.254362	352.621467	247.775022	180.000000	112.525895	180.000000	270.000000	180.000000	134.549361	270.000000	0.000000	0.000000	0.000000	0.000000	0.000000	0.000000	0.000000	0.000000	0.000000	0.000000	0.000000	0.000000	0.000000	0.000000	0.000000	0.000000	0.000000	0.000000	0.000000	0.000000	0.000000	
51.807384	72.346533	180.000000	213.627748	180.000000	90.000000	89.222088	356.756016	337.637043	0.000000	2.498910	0.000000	51.241698	352.586093	247.775022	180.000000	112.526008	180.000000	270.000000	180.000000	134.552308	270.000000	0.000000	0.000000	0.000000	0.000000	0.000000	0.000000	0.000000	0.000000	0.000000	0.000000	0.000000	0.000000	0.000000	0.000000	0.000000	0.000000	0.000000	0.000000	0.000000	0.000000	0.000000	
51.866553	72.866498	180.000000	213.627752	180.000000	90.000000	89.222088	356.226211	337.637043	0.000000	2.285147	0.000000	51.244465	352.582705	247.775022	180.000000	112.526063	180.000000	270.000000	180.000000	134.553737	270.000000	0.000000	0.000000	0.000000	0.000000	0.000000	0.000000	0.000000	0.000000	0.000000	0.000000	0.000000	0.000000	0.000000	0.000000	0.000000	0.000000	0.000000	0.000000	0.000000	0.000000	0.000000	
52.006616	73.193287	180.000000	213.627754	180.000000	90.000000	89.222088	355.766619	337.637043	0.000000	2.062906	0.000000	51.263504	352.610482	247.775022	180.000000	112.526090	180.000000	270.000000	180.000000	134.554430	270.000000	0.000000	0.000000	0.000000	0.000000	0.000000	0.000000	0.000000	0.000000	0.000000	0.000000	0.000000	0.000000	0.000000	0.000000	0.000000	0.000000	0.000000	0.000000	0.000000	0.000000	0.000000	
52.190503	73.429722	180.000000	213.627755	180.000000	90.000000	89.222088	355.360151	331.484333	0.000000	1.832397	0.000000	51.299462	352.668583	247.775022	180.000000	112.526103	180.000000	270.000000	180.000000	134.554767	270.000000	0.000000	0.000000	0.000000	0.000000	0.000000	0.000000	0.000000	0.000000	0.000000	0.000000	0.000000	0.000000	0.000000	0.000000	0.000000	0.000000	0.000000	0.000000	0.000000	0.000000	0.000000	
52.401394	73.628698	180.000000	213.627756	180.000000	90.000000	89.222088	354.998392	328.693474	0.000000	1.593823	0.000000	51.352865	352.756158	247.775022	180.000000	112.526109	180.000000	270.000000	180.000000	134.554930	270.000000	0.000000	0.000000	0.000000	0.000000	0.000000	0.000000	0.000000	0.000000	0.000000	0.000000	0.000000	0.000000	0.000000	0.000000	0.000000	0.000000	0.000000	0.000000	0.000000	0.000000	0.000000	
52.631552	73.817218	180.000000	213.627756	180.000000	90.000000	89.222088	354.677124	327.426534	0.000000	1.347384	0.000000	51.424157	352.872358	247.775022	180.000000	112.526112	180.000000	270.000000	180.000000	134.555009	270.000000	0.000000	0.000000	0.000000	0.000000	0.000000	0.000000	0.000000	0.000000	0.000000	0.000000	0.000000	0.000000	0.000000	0.000000	0.000000	0.000000	0.000000	0.000000	0.000000	0.000000	0.000000	
52.877307	74.008906	180.000000	213.627756	180.000000	90.000000	89.222088	354.394137	326.851206	0.000000	1.093277	0.000000	51.513712	359.664747	247.775022	180.000000	112.526114	180.000000	270.000000	180.000000	134.555047	270.000000	0.000000	0.000000	0.000000	0.000000	0.000000	0.000000	0.000000	0.000000	0.000000	0.000000	0.000000	0.000000	0.000000	0.000000	0.000000	0.000000	0.000000	0.000000	0.000000	0.000000	0.000000	
53.136811	74.210489	180.000000	213.627756	180.000000	90.000000	89.222088	354.148146	326.589883	0.000000	0.831693	0.000000	51.621838	356.223098	247.775022	180.000000	112.526115	180.000000	270.000000	180.000000	134.555066	270.000000	0.000000	0.000000	0.000000	0.000000	0.000000	0.000000	0.000000	0.000000	0.000000	0.000000	0.000000	0.000000	0.000000	0.000000	0.000000	0.000000	0.000000	0.000000	0.000000	0.000000	0.000000	
53.409043	74.425152	180.000000	213.627756	180.000000	90.000000	89.222088	353.938269	326.471160	0.000000	0.562819	0.000000	51.748770	354.654747	247.775022	180.000000	112.526115	180.000000	270.000000	180.000000	134.555075	270.000000	0.000000	0.000000	0.000000	0.000000	0.000000	0.000000	0.000000	0.000000	0.000000	0.000000	0.000000	0.000000	0.000000	0.000000	0.000000	0.000000	0.000000	0.000000	0.000000	0.000000	0.000000	
53.693366	74.654271	192.215281	213.627756	180.000000	90.000000	89.222088	353.763776	326.417211	0.000000	0.286839	0.000000	51.894661	0.392377	247.775022	180.000000	112.526115	180.000000	270.000000	180.000000	134.555080	270.000000	0.000000	0.000000	0.000000	0.000000	0.000000	0.000000	0.000000	0.000000	0.000000	0.000000	0.000000	0.000000	0.000000	0.000000	0.000000	0.000000	0.000000	0.000000	0.000000	0.000000	0.000000	
53.989335	74.898295	197.750526	213.627756	180.000000	90.000000	89.222088	353.623970	326.392691	0.000000	0.003930	0.000000	52.059577	356.751871	240.855839	180.000000	112.526115	180.000000	270.000000	180.000000	134.555082	270.000000	0.000000	0.000000	0.000000	0.000000	0.000000	0.000000	0.000000	0.000000	0.000000	0.000000	0.000000	0.000000	0.000000	0.000000	0.000000	0.000000	0.000000	0.000000	0.000000	0.000000	0.000000	
54.296607	75.157210	200.265359	213.627756	180.000000	90.000000	89.222088	353.518138	326.381543	0.000000	359.714267	0.000000	57.698733	1.316211	238.216450	180.000000	112.526115	180.000000	270.000000	180.000000	134.555083	270.000000	0.000000	0.000000	0.000000	0.000000	0.000000	0.000000	0.000000	0.000000	0.000000	0.000000	0.000000	0.000000	0.000000	0.000000	0.000000	0.000000	0.000000	0.000000	0.000000	0.000000	0.000000	
54.614902	70.666769	201.408746	213.627756	180.000000	90.000000	89.222088	353.445535	326.376475	0.000000	359.418020	0.000000	60.488075	357.322173	237.208144	180.000000	112.526115	180.000000	270.000000	180.000000	134.555083	270.000000	0.000000	0.000000	0.000000	0.000000	0.000000	0.000000	0.000000	0.000000	0.000000	0.000000	0.000000	0.000000	0.000000	0.000000	0.000000	0.000000	0.000000	0.000000	0.000000	0.000000	0.000000	
54.943988	68.411558	201.928769	213.627756	180.000000	90.000000	89.222088	353.405381	326.374169	0.000000	352.094315	0.000000	61.887235	1.524139	236.822823	180.000000	112.526115	180.000000	270.000000	180.000000	134.555084	270.000000	0.000000	0.000000	0.000000	0.000000	0.000000	0.000000	0.000000	0.000000	0.000000	0.000000	0.000000	0.000000	0.000000	0.000000	0.000000	0.000000	0.000000	0.000000	0.000000	0.000000	0.000000	
55.283669	67.350377	202.165341	213.627756	180.000000	90.000000	89.222088	353.396866	326.373120	0.000000	355.971311	0.000000	62.616194	3.498611	236.675549	180.000000	112.526115	180.000000	270.000000	180.000000	134.555084	270.000000	0.000000	0.000000	0.000000	0.000000	0.000000	0.000000	0.000000	0.000000	0.000000	0.000000	0.000000	0.000000	0.000000	0.000000	0.000000	0.000000	0.000000	0.000000	0.000000	0.000000	0.000000	
55.633776	66.930760	202.272992	213.627756	180.000000	90.000000	89.222088	353.419158	326.372643	0.000000	357.430894	0.000000	63.028448	4.382913	236.619251	180.000000	112.526115	180.000000	270.000000	180.000000	134.555084	270.000000	0.000000	0.000000	0.000000	0.000000	0.000000	0.000000	0.000000	0.000000	0.000000	0.000000	0.000000	0.000000	0.000000	0.000000	0.000000	0.000000	0.000000	0.000000	0.000000	0.000000	0.000000	
55.994173	66.860547	202.321989	213.627756	180.000000	90.000000	89.222088	353.471413	326.372426	0.000000	351.050321	0.000000	63.296477	4.738971	236.597728	180.000000	112.526115	180.000000	270.000000	180.000000	134.555084	270.000000	0.000000	0.000000	0.000000	0.000000	0.000000	0.000000	0.000000	0.000000	0.000000	0.000000	0.000000	0.000000	0.000000	0.000000	0.000000	0.000000	0.000000	0.000000	0.000000	0.000000	0.000000	
56.364743	66.985643	202.344296	213.627756	180.000000	90.000000	89.390487	353.552779	326.372327	0.000000	355.110893	0.000000	58.492867	4.844605	236.589498	180.000000	112.526115	180.000000	270.000000	180.000000	134.555084	270.000000	0.000000	0.000000	0.000000	0.000000	0.000000	0.000000	0.000000	0.000000	0.000000	0.000000	0.000000	0.000000	0.000000	0.000000	0.000000	0.000000	0.000000	0.000000	0.000000	0.000000	0.000000	
56.745395	67.224869	202.354455	213.627756	180.000000	90.000000	89.469792	1.190973	326.372282	0.000000	349.961424	0.000000	61.379832	4.837294	236.586350	180.000000	112.526115	180.000000	270.000000	180.000000	134.555084	270.000000	0.000000	0.000000	0.000000	0.000000	0.000000	0.000000	0.000000	0.000000	0.000000	0.000000	0.000000	0.000000	0.000000	0.000000	0.000000	0.000000	0.000000	0.000000	0.000000	0.000000	0.000000	
57.136056	67.535412	202.359082	213.627756	180.000000	90.000000	89.507150	357.291349	326.372261	0.000000	354.399219	0.000000	57.429504	1.358148	236.585147	180.000000	112.526115	180.000000	270.000000	180.000000	134.555084	270.000000	0.000000	0.000000	0.000000	0.000000	0.000000	0.000000	0.000000	0.000000	0.000000	0.000000	0.000000	0.000000	0.000000	0.000000	0.000000	0.000000	0.000000	0.000000	0.000000	0.000000	0.000000	
57.536673	67.894586	202.361190	213.627756	180.000000	90.000000	89.524753	355.453965	326.372252	0.000000	349.556182	0.000000	55.467135	359.640121	236.584686	180.000000	112.526115	180.000000	270.000000	180.000000	134.555084	270.000000	0.000000	0.000000	0.000000	0.000000	0.000000	0.000000	0.000000	0.000000	0.000000	0.000000	0.000000	0.000000	0.000000	0.000000	0.000000	0.000000	0.000000	0.000000	0.000000	0.000000	0.000000	
57.947210	68.290237	202.362151	213.627756	180.000000	90.000000	89.533051	1.984034	326.372248	0.000000	357.148418	0.000000	54.528330	358.782404	236.584510	180.000000	112.526115	180.000000	270.000000	180.000000	134.555084	270.000000	0.000000	0.000000	0.000000	0.000000	0.000000	0.000000	0.000000	0.000000	0.000000	0.000000	0.000000	0.000000	0.000000	0.000000	0.000000	0.000000	0.000000	0.000000	0.000000	0.000000	0.000000	
58.367648	76.799156	202.362589	213.627756	180.000000	90.000000	89.536963	357.773556	326.372246	0.000000	353.931948	0.000000	54.119728	358.349462	236.584443	180.000000	112.526115	180.000000	270.000000	180.000000	134.555084	270.000000	0.000000	0.000000	0.000000	0.000000	0.000000	0.000000	0.000000	0.000000	0.000000	0.000000	0.000000	0.000000	0.000000	0.000000	0.000000	0.000000	0.000000	0.000000	0.000000	0.000000	0.000000	
58.797981	73.069736	202.362789	213.627756	180.000000	90.000000	89.538808	3.019255	326.372245	0.000000	352.576837	0.000000	53.990238	358.130615	236.584417	180.000000	118.269483	180.000000	270.000000	180.000000	134.555084	270.000000	0.000000	0.000000	0.000000	0.000000	0.000000	0.000000	0.000000	0.000000	0.000000	0.000000	0.000000	0.000000	0.000000	0.000000	0.000000	0.000000	0.000000	0.000000	0.000000	0.000000	0.000000	
59.238220	79.353224	202.362880	213.627756	180.000000	90.000000	89.539678	358.339323	326.372244	0.000000	352.005664	0.000000	54.012613	358.023948	236.584407	180.000000	121.049835	180.000000	270.000000	180.000000	134.555084	270.000000	0.000000	0.000000	0.000000	0.000000	0.000000	0.000000	0.000000	0.000000	0.000000	0.000000	0.000000	0.000000	0.000000	0.000000	0.000000	0.000000	0.000000	0.000000	0.000000	0.000000	0.000000	
59.688385	74.649743	202.362922	213.627756	180.000000	90.000000	89.540089	3.220498	326.372244	0.000000	351.764853	0.000000	54.122499	357.980137	236.584403	180.000000	122.396538	180.000000	270.000000	180.000000	134.555084	270.000000	0.000000	0.000000	0.000000	0.000000	0.000000	0.000000	0.000000	0.000000	0.000000	0.000000	0.000000	0.000000	0.000000	0.000000	0.000000	0.000000	0.000000	0.000000	0.000000	0.000000	0.000000	
60.148513	80.238098	202.362941	213.627756	180.000000	90.000000	89.540283	5.533981	326.372244	0.000000	351.663301	0.000000	54.287278	357.975256	236.584402	180.000000	123.049036	180.000000	270.000000	180.000000	134.555084	270.000000	0.000000	0.000000	0.000000	0.000000	0.000000	0.000000	0.000000	0.000000	0.000000	0.000000	0.000000	0.000000	0.000000	0.000000	0.000000	0.000000	0.000000	0.000000	0.000000	0.000000	0.000000	
66.615895	75.434003	202.362949	213.627756	180.000000	90.000000	89.540375	359.654567	326.372244	0.000000	351.620465	0.000000	54.490272	357.890352	236.584401	180.000000	123.365266	180.000000	270.000000	180.000000	134.555084	270.000000	0.000000	0.000000	0.000000	0.000000	0.000000	0.000000	0.000000	0.000000	0.000000	0.000000	0.000000	0.000000	0.000000	0.000000	0.000000	0.000000	0.000000	0.000000	0.000000	0.000000	0.000000	
69.639671	80.736820	202.362953	213.627756	180.000000	90.000000	89.540418	3.733535	326.372244	0.000000	351.602392	0.000000	54.722783	357.630742	236.584401	180.000000	123.518563	180.000000	270.000000	180.000000	134.555084	270.000000	0.000000	0.000000	0.000000	0.000000	0.000000	0.000000	0.000000	0.000000	0.000000	0.000000	0.000000	0.000000	0.000000	0.000000	0.000000	0.000000	0.000000	0.000000	0.000000	0.000000	0.000000	
71.100442	83.512822	202.362955	213.627756	180.000000	90.000000	89.540438	5.679703	326.372244	0.000000	351.594765	0.000000	54.980116	357.304636	236.584401	180.000000	123.592896	180.000000	270.000000	180.000000	134.555084	270.000000	0.000000	0.000000	0.000000	0.000000	0.000000	0.000000	0.000000	0.000000	0.000000	0.000000	0.000000	0.000000	0.000000	0.000000	0.000000	0.000000	0.000000	0.000000	0.000000	0.000000	0.000000	
71.855808	84.952091	202.362956	213.627756	180.000000	90.000000	89.540448	6.572752	326.372244	0.000000	351.591546	0.000000	55.259591	356.964775	236.584401	180.000000	123.654037	180.000000	270.000000	180.000000	134.555084	270.000000	0.000000	0.000000	0.000000	0.000000	0.000000	0.000000	0.000000	0.000000	0.000000	0.000000	0.000000	0.000000	0.000000	0.000000	0.000000	0.000000	0.000000	0.000000	0.000000	0.000000	0.000000	
72.620746	85.690301	202.362956	213.627756	180.000000	90.000000	89.540453	6.950895	326.372244	0.000000	351.590186	0.000000	55.559570	356.636932	236.584401	180.000000	123.721999	180.000000	270.000000	180.000000	134.555084	270.000000	0.000000	0.000000	0.000000	0.000000	0.000000	0.000000	0.000000	0.000000	0.000000	0.000000	0.000000	0.000000	0.000000	0.000000	0.000000	0.000000	0.000000	0.000000	0.000000	0.000000	0.000000	
73.005665	86.066848	202.362957	213.627756	180.000000	90.000000	89.540455	7.082585	326.372244	0.000000	351.589612	0.000000	55.878968	356.333680	236.584401	180.000000	123.783952	180.000000	270.000000	180.000000	134.555084	270.000000	0.000000	0.000000	0.000000	0.000000	0.000000	0.000000	0.000000	0.000000	0.000000	0.000000	0.000000	0.000000	0.000000	0.000000	0.000000	0.000000	0.000000	0.000000	0.000000	0.000000	0.000000	
73.226859	86.262865	202.362957	213.627756	180.000000	90.000000	89.540456	7.101822	326.372244	0.000000	351.589369	0.000000	56.217011	356.061078	236.584401	180.000000	123.833674	180.000000	270.000000	180.000000	134.555084	270.000000	0.000000	0.000000	0.000000	0.000000	0.000000	0.000000	0.000000	0.000000	0.000000	0.000000	0.000000	0.000000	0.000000	0.000000	0.000000	0.000000	0.000000	0.000000	0.000000	0.000000	0.000000	
73.381296	86.374974	202.362957	216.720123	180.000000	90.000000	89.540456	2.801239	326.372244	0.000000	351.589267	0.000000	56.573121	355.821927	236.584401	180.000000	123.868282	180.000000	270.000000	180.000000	134.555084	270.000000	0.000000	0.000000	0.000000	0.000000	0.000000	0.000000	0.000000	0.000000	0.000000	0.000000	0.000000	0.000000	0.000000	0.000000	0.000000	0.000000	0.000000	0.000000	0.000000	0.000000	0.000000	
73.512255	86.454668	202.362957	218.123191	180.000000	90.000000	89.540457	0.695456	326.372244	0.000000	351.589224	0.000000	56.946843	355.617370	236.584401	180.000000	123.886580	180.000000	270.000000	180.000000	134.555084	270.000000	0.000000	0.000000	0.000000	0.000000	0.000000	0.000000	0.000000	0.000000	0.000000	0.000000	0.000000	0.000000	0.000000	0.000000	0.000000	0.000000	0.000000	0.000000	0.000000	0.000000	0.000000	
73.638928	84.143688	202.580969	218.760010	180.000000	90.000000	89.540457	359.663424	326.372244	0.000000	351.589205	0.000000	57.337821	355.447685	236.584401	180.000000	123.764948	180.000000	270.000000	180.000000	134.555084	270.000000	0.000000	0.000000	0.000000	0.000000	0.000000	0.000000	0.000000	0.000000	0.000000	0.000000	0.000000	0.000000	0.000000	0.000000	0.000000	0.000000	0.000000	0.000000	0.000000	0.000000	0.000000	
73.769729	83.107647	202.902416	219.049114	180.000000	90.000000	89.540457	358.935205	326.372244	0.000000	351.589198	0.000000	57.745773	355.312679	236.584401	180.000000	123.705836	180.000000	270.000000	180.000000	134.555084	270.000000	0.000000	0.000000	0.000000	0.000000	0.000000	0.000000	0.000000	0.000000	0.000000	0.000000	0.000000	0.000000	0.000000	0.000000	0.000000	0.000000	0.000000	0.000000	0.000000	0.000000	0.000000	
73.908266	81.867229	203.271396	219.180389	180.000000	90.000000	89.540457	358.327160	326.372244	0.000000	351.589194	0.000000	58.170479	355.211891	236.584401	180.000000	123.677098	180.000000	270.000000	180.000000	134.555084	270.000000	0.000000	0.000000	0.000000	0.000000	0.000000	0.000000	0.000000	0.000000	0.000000	0.000000	0.000000	0.000000	0.000000	0.000000	0.000000	0.000000	0.000000	0.000000	0.000000	0.000000	0.000000	
74.056005	80.994839	203.661886	219.240010	180.000000	90.000000	89.540457	357.795973	326.372244	0.000000	351.589193	0.000000	58.611774	355.144705	236.584401	180.000000	123.663123	180.000000	270.000000	180.000000	134.555084	270.000000	0.000000	0.000000	0.000000	0.000000	0.000000	0.000000	0.000000	0.000000	0.000000	0.000000	0.000000	0.000000	0.000000	0.000000	0.000000	0.000000	0.000000	0.000000	0.000000	0.000000	0.000000	
74.213463	80.339025	204.061420	219.267094	180.000000	90.000000	89.540457	357.320750	326.372244	0.000000	351.589192	0.000000	59.069540	355.110406	236.584401	180.000000	123.656324	180.000000	270.000000	180.000000	134.555084	270.000000	0.000000	0.000000	0.000000	0.000000	0.000000	0.000000	0.000000	0.000000	0.000000	0.000000	0.000000	0.000000	0.000000	0.000000	0.000000	0.000000	0.000000	0.000000	0.000000	0.000000	0.000000	
74.380734	79.820036	204.463720	219.279400	180.000000	90.000000	89.540457	356.891446	326.372244	0.000000	351.589192	0.000000	59.543700	355.108216	236.584401	180.000000	123.653016	180.000000	270.000000	180.000000	134.669291	270.000000	0.000000	0.000000	0.000000	0.000000	0.000000	0.000000	0.000000	0.000000	0.000000	0.000000	0.000000	0.000000	0.000000	0.000000	0.000000	0.000000	0.000000	0.000000	0.000000	0.000000	0.000000	
74.557729	79.395648	204.865340	219.284992	180.000000	90.000000	89.540457	356.503232	326.372244	0.000000	351.589192	0.000000	60.034218	355.137322	236.584401	180.000000	123.651406	180.000000	270.000000	180.000000	134.724583	270.000000	0.000000	0.000000	0.000000	0.000000	0.000000	0.000000	0.000000	0.000000	0.000000	0.000000	0.000000	0.000000	0.000000	0.000000	0.000000	0.000000	0.000000	0.000000	0.000000	0.000000	0.000000	
74.744273	79.043313	205.264134	219.287534	180.000000	90.000000	89.540457	356.153758	326.372244	0.000000	351.589192	0.000000	60.541088	355.196886	236.584401	180.000000	123.650621	180.000000	270.000000	180.000000	134.751358	270.000000	0.000000	0.000000	0.000000	0.000000	0.000000	0.000000	0.000000	0.000000	0.000000	0.000000	0.000000	0.000000	0.000000	0.000000	0.000000	0.000000	0.000000	0.000000	0.000000	0.000000	0.000000	
74.940158	78.750786	205.658549	219.288690	180.000000	90.000000	89.540457	355.841806	326.372244	0.000000	351.589192	0.000000	61.064341	355.286062	236.584401	180.000000	123.650239	180.000000	270.000000	180.000000	134.764327	270.000000	0.000000	0.000000	0.000000	0.000000	0.000000	0.000000	0.000000	0.000000	0.000000	0.000000	0.000000	0.000000	0.000000	0.000000	0.000000	0.000000	0.000000	0.000000	0.000000	0.000000	0.000000	
75.145159	78.511201	206.047296	219.289216	180.000000	90.000000	89.540457	355.566648	326.372244	0.000000	351.589192	0.000000	61.604033	1.645106	236.584401	180.000000	123.650053	180.000000	270.000000	180.000000	134.770610	270.000000	0.000000	0.000000	0.000000	0.000000	0.000000	0.000000	0.000000	0.000000	0.000000	0.000000	0.000000	0.000000	0.000000	0.000000	0.000000	0.000000	0.000000	0.000000	0.000000	0.000000	0.000000	
75.359049	78.320470	206.429206	219.289455	180.000000	90.000000	89.540457	355.327729	326.372244	0.000000	351.589192	0.000000	66.821053	358.401278	236.584401	180.000000	123.649962	180.000000	270.000000	180.000000	134.773655	270.000000	0.000000	0.000000	0.000000	0.000000	0.000000	0.000000	0.000000	0.000000	0.000000	0.000000	0.000000	0.000000	0.000000	0.000000	0.000000	0.000000	0.000000	0.000000	0.000000	0.000000	0.000000	
75.581595	78.175930	206.803159	219.289564	180.000000	90.000000	89.540457	355.124521	326.372244	0.000000	351.589192	0.000000	70.298272	3.001731	236.584401	180.000000	123.649918	180.000000	270.000000	180.000000	134.775131	270.000000	0.000000	0.000000	0.000000	0.000000	0.000000	0.000000	0.000000	0.000000	0.000000	0.000000	0.000000	0.000000	0.000000	0.000000	0.000000	0.000000	0.000000	0.000000	0.000000	0.000000	0.000000	
70.549361	78.075622	207.168056	219.289613	180.000000	90.000000	89.540457	354.956466	326.372244	0.000000	351.589192	0.000000	72.054353	359.077410	236.584401	180.000000	123.649896	180.000000	270.000000	180.000000	134.775846	270.000000	0.000000	0.000000	0.000000	0.000000	0.000000	0.000000	0.000000	0.000000	0.000000	0.000000	0.000000	0.000000	0.000000	0.000000	0.000000	0.000000	0.000000	0.000000	0.000000	0.000000	0.000000	
68.375241	78.017938	207.522808	219.289636	180.000000	90.000000	89.540457	354.822947	326.372244	0.000000	351.589192	0.000000	72.960755	3.199446	236.584401	180.000000	123.649886	180.000000	270.000000	180.000000	134.776193	270.000000	0.000000	0.000000	0.000000	0.000000	0.000000	0.000000	0.000000	0.000000	0.000000	0.000000	0.000000	0.000000	0.000000	0.000000	0.000000	0.000000	0.000000	0.000000	0.000000	0.000000	0.000000	
67.505338	78.001430	207.866334	219.289646	180.000000	90.000000	89.540457	354.723288	326.372244	0.000000	351.589192	0.000000	73.453548	359.250598	236.584401	180.000000	123.649881	180.000000	270.000000	180.000000	134.776362	270.000000	0.000000	0.000000	0.000000	0.000000	0.000000	0.000000	0.000000	0.000000	0.000000	0.000000	0.000000	0.000000	0.000000	0.000000	0.000000	0.000000	0.000000	0.000000	0.000000	0.000000	0.000000	
67.234007	78.024727	208.197563	219.289651	180.000000	90.000000	89.540457	354.656761	326.372244	0.000000	351.589192	0.000000	73.750326	3.186687	236.584401	180.000000	123.649878	180.000000	270.000000	180.000000	134.776443	270.000000	0.000000	0.000000	0.000000	0.000000	0.000000	0.000000	0.000000	0.000000	0.000000	0.000000	0.000000	0.000000	0.000000	0.000000	0.000000	0.000000	0.000000	0.000000	0.000000	0.000000	0.000000	
67.241495	78.086496	208.515438	219.289653	180.000000	90.000000	89.540457	354.622592	326.372244	0.000000	351.589192	0.000000	73.959253	5.018478	236.584401	180.000000	123.649877	180.000000	270.000000	180.000000	134.776483	270.000000	0.000000	0.000000	0.000000	0.000000	0.000000	0.000000	0.000000	0.000000	0.000000	0.000000	0.000000	0.000000	0.000000	0.000000	0.000000	0.000000	0.000000	0.000000	0.000000	0.000000	0.000000	
67.383220	78.185428	208.818921	219.289654	180.000000	90.000000	89.640742	354.619975	326.372244	0.000000	351.589192	0.000000	74.133820	5.822568	236.584401	180.000000	123.649876	180.000000	270.000000	180.000000	134.776502	270.000000	0.000000	0.000000	0.000000	0.000000	0.000000	0.000000	0.000000	0.000000	0.000000	0.000000	0.000000	0.000000	0.000000	0.000000	0.000000	0.000000	0.000000	0.000000	0.000000	0.000000	0.000000	
67.593867	78.320239	203.974804	219.289654	180.000000	90.000000	89.687980	354.648080	323.279877	0.000000	351.589192	0.000000	74.300273	6.130003	236.584401	180.000000	123.649876	180.000000	270.000000	180.000000	134.776512	270.000000	0.000000	0.000000	0.000000	0.000000	0.000000	0.000000	0.000000	0.000000	0.000000	0.000000	0.000000	0.000000	0.000000	0.000000	0.000000	0.000000	0.000000	0.000000	0.000000	0.000000	0.000000	
67.843881	78.489673	201.720101	219.289655	180.000000	90.000000	89.710236	354.706065	321.876809	0.000000	351.589192	0.000000	74.471327	6.202947	236.584401	180.000000	123.649876	180.000000	270.000000	180.000000	134.776516	270.000000	0.000000	0.000000	0.000000	0.000000	0.000000	0.000000	0.000000	0.000000	0.000000	0.000000	0.000000	0.000000	0.000000	0.000000	0.000000	0.000000	0.000000	0.000000	0.000000	0.000000	0.000000	
68.119803	86.181168	200.754215	219.289655	180.000000	90.000000	89.720726	2.150890	321.239990	0.000000	351.589192	0.000000	74.652990	6.170972	236.584401	180.000000	123.649876	180.000000	270.000000	180.000000	134.776518	270.000000	0.000000	0.000000	0.000000	0.000000	0.000000	0.000000	0.000000	0.000000	0.000000	0.000000	0.000000	0.000000	0.000000	0.000000	0.000000	0.000000	0.000000	0.000000	0.000000	0.000000	0.000000	
68.415405	82.597548	200.428662	219.289655	180.000000	90.000000	89.725671	358.322114	320.950886	0.000000	351.589192	0.000000	74.847959	2.449407	236.584401	180.000000	123.649876	180.000000	270.000000	180.000000	134.776520	270.000000	0.000000	0.000000	0.000000	0.000000	0.000000	0.000000	0.000000	0.000000	0.000000	0.000000	0.000000	0.000000	0.000000	0.000000	0.000000	0.000000	0.000000	0.000000	0.000000	0.000000	0.000000	
68.727707	80.864974	200.419519	219.289655	180.000000	90.000000	89.728003	356.506938	320.819611	0.000000	351.589192	0.000000	75.057299	0.611192	236.584401	180.000000	123.649876	180.000000	270.000000	180.000000	134.776520	270.000000	0.000000	0.000000	0.000000	0.000000	0.000000	0.000000	0.000000	0.000000	0.000000	0.000000	0.000000	0.000000	0.000000	0.000000	0.000000	0.000000	0.000000	0.000000	0.000000	0.000000	0.000000	
69.055191	87.337520	200.564445	219.289655	180.000000	90.000000	89.729104	2.877444	320.759990	0.000000	351.589192	0.000000	75.281275	359.691671	236.584401	180.000000	123.649876	180.000000	270.000000	180.000000	134.776520	270.000000	0.000000	0.000000	0.000000	0.000000	0.000000	0.000000	0.000000	0.000000	0.000000	0.000000	0.000000	0.000000	0.000000	0.000000	0.000000	0.000000	0.000000	0.000000	0.000000	0.000000	0.000000	
78.078521	83.426977	200.781688	219.289655	180.000000	90.000000	89.729623	358.744254	320.732906	0.000000	351.589192	0.000000	75.519760	359.224923	236.584401	180.000000	123.649876	180.000000	270.000000	180.000000	134.776520	270.000000	0.000000	0.000000	0.000000	0.000000	0.000000	0.000000	0.000000	0.000000	0.000000	0.000000	0.000000	0.000000	0.000000	0.000000	0.000000	0.000000	0.000000	0.000000	0.000000	0.000000	0.000000	
73.382141	88.611880	201.029787	219.289655	180.000000	90.000000	89.729868	3.861706	320.720600	0.000000	351.589192	0.000000	75.772440	358.985739	236.584401	180.000000	123.649876	180.000000	270.000000	180.000000	134.776521	270.000000	0.000000	0.000000	0.000000	0.000000	0.000000	0.000000	0.000000	0.000000	0.000000	0.000000	0.000000	0.000000	0.000000	0.000000	0.000000	0.000000	0.000000	0.000000	0.000000	0.000000	0.000000	
80.082014	84.241077	201.287487	219.289655	180.000000	90.000000	89.729984	359.269133	320.715008	0.000000	351.589192	0.000000	76.038913	358.865252	236.584401	180.000000	123.649876	180.000000	270.000000	180.000000	134.776521	270.000000	0.000000	0.000000	0.000000	0.000000	0.000000	0.000000	0.000000	0.000000	0.000000	0.000000	0.000000	0.000000	0.000000	0.000000	0.000000	0.000000	0.000000	0.000000	0.000000	0.000000	0.000000	
74.508455	89.002602	201.543703	219.289655	180.000000	90.000000	89.730038	4.033517	320.712466	0.000000	353.581105	0.000000	76.318736	358.810804	236.584401	180.000000	123.649876	180.000000	270.000000	180.000000	134.776521	270.000000	0.000000	0.000000	0.000000	0.000000	0.000000	0.000000	0.000000	0.000000	0.000000	0.000000	0.000000	0.000000	0.000000	0.000000	0.000000	0.000000	0.000000	0.000000	0.000000	0.000000	0.000000	
80.631693	91.426255	201.792482	219.289655	180.000000	90.000000	89.730064	6.284618	320.711310	0.000000	354.420161	0.000000	76.611456	358.796875	236.584401	180.000000	123.649876	180.000000	270.000000	180.000000	134.776521	270.000000	0.000000	0.000000	0.000000	0.000000	0.000000	0.000000	0.000000	0.000000	0.000000	0.000000	0.000000	0.000000	0.000000	0.000000	0.000000	0.000000	0.000000	0.000000	0.000000	0.000000	0.000000	
75.035656	92.621297	202.030488	219.289655	180.000000	90.000000	89.730076	0.519454	320.710784	0.000000	354.773705	0.000000	72.882635	358.799475	236.584401	180.000000	123.649876	180.000000	270.000000	180.000000	134.776521	270.000000	0.000000	0.000000	0.000000	0.000000	0.000000	0.000000	0.000000	0.000000	0.000000	0.000000	0.000000	0.000000	0.000000	0.000000	0.000000	0.000000	0.000000	0.000000	0.000000	0.000000	0.000000	
80.930765	93.176489	202.255718	219.289655	180.000000	90.000000	89.730082	4.502425	320.710545	0.000000	354.922710	0.000000	71.136789	358.575166	236.584401	180.000000	123.649876	180.000000	270.000000	180.000000	134.776521	270.000000	0.000000	0.000000	0.000000	0.000000	0.000000	0.000000	0.000000	0.000000	0.000000	0.000000	0.000000	0.000000	0.000000	0.000000	0.000000	0.000000	0.000000	0.000000	0.000000	0.000000	0.000000	
83.607140	93.404356	202.466871	219.289655	180.000000	90.000000	89.730085	6.397206	320.710436	0.000000	354.985523	0.000000	70.393819	358.259065	236.584401	180.000000	123.649876	180.000000	270.000000	180.000000	134.776521	270.000000	0.000000	0.000000	0.000000	0.000000	0.000000	0.000000	0.000000	0.000000	0.000000	0.000000	0.000000	0.000000	0.000000	0.000000	0.000000	0.000000	0.000000	0.000000	0.000000	0.000000	0.000000	
76.737684	93.470900	202.663021	219.289655	180.000000	90.000000	89.730086	7.261676	320.710387	0.000000	355.012009	0.000000	70.163001	357.916919	236.584401	180.000000	123.649876	180.000000	270.000000	180.000000	134.776521	270.000000	0.000000	0.000000	0.000000	0.000000	0.000000	0.000000	0.000000	0.000000	0.000000	0.000000	0.000000	0.000000	0.000000	0.000000	0.000000	0.000000	0.000000	0.000000	0.000000	0.000000	0.000000	
81.766425	93.464383	202.843452	219.289655	180.000000	90.000000	89.730087	7.622881	320.710364	0.000000	355.023179	0.000000	70.199185	357.580822	236.584401	180.000000	126.571980	180.000000	270.000000	180.000000	134.776521	270.000000	0.000000	0.000000	0.000000	0.000000	0.000000	0.000000	0.000000	0.000000	0.000000	0.000000	0.000000	0.000000	0.000000	0.000000	0.000000	0.000000	0.000000	0.000000	0.000000	0.000000	0.000000	
84.061111	93.431779	203.007578	219.289655	180.000000	90.000000	89.730087	7.743573	320.710354	0.000000	355.027891	0.000000	70.380065	357.266447	236.584401	180.000000	127.986775	180.000000	270.000000	180.000000	134.776521	270.000000	0.000000	0.000000	0.000000	0.000000	0.000000	0.000000	0.000000	0.000000	0.000000	0.000000	0.000000	0.000000	0.000000	0.000000	0.000000	0.000000	0.000000	0.000000	0.000000	0.000000	0.000000	
85.100355	90.051314	203.154902	219.289655	180.000000	90.000000	89.730087	7.754848	320.710349	0.000000	355.029880	0.000000	70.644606	356.981393	236.584401	180.000000	128.671991	180.000000	270.000000	180.000000	134.776521	270.000000	0.000000	0.000000	0.000000	0.000000	0.000000	0.000000	0.000000	0.000000	0.000000	0.000000	0.000000	0.000000	0.000000	0.000000	0.000000	0.000000	0.000000	0.000000	0.000000	0.000000	0.000000	
85.567690	88.294613	203.284994	219.289655	180.000000	90.000000	89.730087	3.320753	320.710347	0.000000	355.030719	0.000000	70.962245	356.729236	236.584401	180.000000	129.003941	180.000000	270.000000	180.000000	134.776521	270.000000	0.000000	0.000000	0.000000	0.000000	0.000000	0.000000	0.000000	0.000000	0.000000	0.000000	0.000000	0.000000	0.000000	0.000000	0.000000	0.000000	0.000000	0.000000	0.000000	0.000000	0.000000	
85.779252	87.388319	203.397480	219.289655	180.000000	90.000000	89.730087	1.150754	320.710346	0.000000	355.031073	0.000000	71.317554	356.511523	236.584401	180.000000	129.164792	180.000000	257.784719	180.000000	134.776521	270.000000	0.000000	0.000000	0.000000	0.000000	0.000000	0.000000	0.000000	0.000000	0.000000	0.000000	0.000000	0.000000	0.000000	0.000000	0.000000	0.000000	0.000000	0.000000	0.000000	0.000000	0.000000	
85.881191	86.659818	203.492038	219.289655	180.000000	90.000000	89.730087	0.087597	320.710346	0.000000	355.031223	0.000000	78.447849	356.328746	236.584401	180.000000	129.242754	180.000000	252.249474	180.000000	134.776521	270.000000	0.000000	0.000000	0.000000	0.000000	0.000000	0.000000	0.000000	0.000000	0.000000	0.000000	0.000000	0.000000	0.000000	0.000000	0.000000	0.000000	0.000000	0.000000	0.000000	0.000000	0.000000	
85.941018	86.031057	203.568391	219.289655	180.000000	90.000000	89.730087	359.347633	320.710345	0.000000	355.031286	0.000000	75.218890	356.180833	236.584401	180.000000	129.280550	180.000000	249.734641	180.000000	134.776521	270.000000	0.000000	0.000000	0.000000	0.000000	0.000000	0.000000	0.000000	0.000000	0.000000	0.000000	0.000000	0.000000	0.000000	0.000000	0.000000	0.000000	0.000000	0.000000	0.000000	0.000000	0.000000	
83.746323	85.476274	203.626311	219.289655	180.000000	90.000000	89.730087	358.733617	320.710345	0.000000	355.031313	0.000000	80.423691	356.067398	236.584401	180.000000	129.298879	180.000000	248.591254	180.000000	134.776521	270.000000	0.000000	0.000000	0.000000	0.000000	0.000000	0.000000	0.000000	0.000000	0.000000	0.000000	0.000000	0.000000	0.000000	0.000000	0.000000	0.000000	0.000000	0.000000	0.000000	0.000000	0.000000	
82.763605	84.982362	203.665612	219.289655	180.000000	90.000000	89.730087	358.199290	320.710345	0.000000	355.031324	0.000000	76.477377	355.987867	236.584401	180.000000	129.307770	180.000000	248.071231	180.000000	134.776521	270.000000	0.000000	0.000000	0.000000	0.000000	0.000000	0.000000	0.000000	0.000000	0.000000	0.000000	0.000000	0.000000	0.000000	0.000000	0.000000	0.000000	0.000000	0.000000	0.000000	0.000000	0.000000	
82.332685	84.542632	203.686150	219.289655	180.000000	90.000000	89.730087	357.722328	320.710345	0.000000	355.031329	0.000000	81.086080	355.941554	233.062366	180.000000	129.312083	180.000000	247.834659	180.000000	134.776521	270.000000	0.000000	0.000000	0.000000	0.000000	0.000000	0.000000	0.000000	0.000000	0.000000	0.000000	0.000000	0.000000	0.000000	0.000000	0.000000	0.000000	0.000000	0.000000	0.000000	0.000000	0.000000	
82.156301	84.153597	203.687822	219.289655	180.000000	90.000000	89.730087	357.291982	320.710345	0.000000	355.031331	0.000000	83.379382	355.927701	231.717627	180.000000	129.314177	180.000000	247.727008	180.000000	134.776521	270.000000	0.000000	0.000000	0.000000	0.000000	0.000000	0.000000	0.000000	0.000000	0.000000	0.000000	0.000000	0.000000	0.000000	0.000000	0.000000	0.000000	0.000000	0.000000	0.000000	0.000000	0.000000	
81.579382	83.813319	203.670565	219.289655	180.000000	90.000000	89.730087	356.903081	320.710345	0.000000	355.031332	0.000000	84.499411	355.945506	231.203953	180.000000	129.315193	180.000000	247.678011	180.000000	134.776521	270.000000	0.000000	0.000000	0.000000	0.000000	0.000000	0.000000	0.000000	0.000000	0.000000	0.000000	0.000000	0.000000	0.000000	0.000000	0.000000	0.000000	0.000000	0.000000	0.000000	0.000000	0.000000	
81.119505	83.520557	203.634351	219.289655	180.000000	90.000000	89.730087	356.553105	320.710345	0.000000	355.031332	0.000000	85.031018	355.994139	231.007700	180.000000	129.315687	180.000000	247.655704	180.000000	134.776521	270.000000	0.000000	0.000000	0.000000	0.000000	0.000000	0.000000	0.000000	0.000000	0.000000	0.000000	0.000000	0.000000	0.000000	0.000000	0.000000	0.000000	0.000000	0.000000	0.000000	0.000000	0.000000	
80.727856	83.274341	203.579190	219.289655	180.000000	90.000000	89.730087	356.240754	320.710345	0.000000	355.031332	0.000000	85.273672	356.072755	230.932709	180.000000	129.315927	180.000000	247.645545	180.000000	134.776521	270.000000	0.000000	0.000000	0.000000	0.000000	0.000000	0.000000	0.000000	0.000000	0.000000	0.000000	0.000000	0.000000	0.000000	0.000000	0.000000	0.000000	0.000000	0.000000	0.000000	0.000000	0.000000	
80.382307	83.073763	203.505121	219.289655	180.000000	90.000000	89.730087	355.965259	320.710345	0.000000	355.031332	0.000000	85.380684	2.287301	230.904051	180.000000	129.316043	180.000000	247.640918	180.000000	134.776521	270.000000	0.000000	0.000000	0.000000	0.000000	0.000000	0.000000	0.000000	0.000000	0.000000	0.000000	0.000000	0.000000	0.000000	0.000000	0.000000	0.000000	0.000000	0.000000	0.000000	0.000000	0.000000	
80.072800	82.917882	203.412217	219.289655	180.000000	90.000000	89.730087	355.726043	320.710345	0.000000	355.031332	0.000000	83.905987	359.107182	230.893097	180.000000	129.316100	180.000000	247.638810	180.000000	134.776521	270.000000	0.000000	0.000000	0.000000	0.000000	0.000000	0.000000	0.000000	0.000000	0.000000	0.000000	0.000000	0.000000	0.000000	0.000000	0.000000	0.000000	0.000000	0.000000	0.000000	0.000000	0.000000	
79.794729	82.805689	203.300578	219.289655	180.000000	90.000000	89.730087	355.522572	320.710345	0.000000	355.031332	0.000000	83.147616	3.599565	230.888910	180.000000	129.316127	180.000000	247.637849	180.000000	134.776521	270.000000	0.000000	0.000000	0.000000	0.000000	0.000000	0.000000	0.000000	0.000000	0.000000	0.000000	0.000000	0.000000	0.000000	0.000000	0.000000	0.000000	0.000000	0.000000	0.000000	0.000000	0.000000	
79.545923	82.736102	203.170332	220.835191	180.000000	90.000000	89.730087	355.354282	320.710345	0.000000	355.031332	0.000000	82.757900	359.755368	230.887309	180.000000	129.316141	180.000000	247.637411	180.000000	134.776521	270.000000	0.000000	0.000000	0.000000	0.000000	0.000000	0.000000	0.000000	0.000000	0.000000	0.000000	0.000000	0.000000	0.000000	0.000000	0.000000	0.000000	0.000000	0.000000	0.000000	0.000000	0.000000	
79.325281	82.707977	203.021627	221.536411	180.000000	90.000000	89.730087	355.220555	320.710345	0.000000	355.031332	0.000000	82.562547	3.779481	230.886697	180.000000	129.316147	180.000000	247.637211	180.000000	134.776521	270.000000	0.000000	0.000000	0.000000	0.000000	0.000000	0.000000	0.000000	0.000000	0.000000	0.000000	0.000000	0.000000	0.000000	0.000000	0.000000	0.000000	0.000000	0.000000	0.000000	0.000000	0.000000	
79.132149	82.720118	202.854636	221.854631	180.000000	90.000000	89.788793	355.120715	320.710345	0.000000	355.031332	0.000000	82.474207	359.913611	230.886463	180.000000	129.316150	180.000000	247.637120	180.000000	134.833804	270.000000	0.000000	0.000000	0.000000	0.000000	0.000000	0.000000	0.000000	0.000000	0.000000	0.000000	0.000000	0.000000	0.000000	0.000000	0.000000	0.000000	0.000000	0.000000	0.000000	0.000000	0.000000	
78.966042	82.771302	202.669549	221.999072	180.000000	90.000000	89.816443	355.054034	320.710345	0.000000	355.031332	0.000000	82.449076	3.755562	230.886374	180.000000	129.316152	180.000000	247.637078	180.000000	134.861536	270.000000	0.000000	0.000000	0.000000	0.000000	0.000000	0.000000	0.000000	0.000000	0.000000	0.000000	0.000000	0.000000	0.000000	0.000000	0.000000	0.000000	0.000000	0.000000	0.000000	0.000000	0.000000	
78.826524	82.860288	202.466573	222.064648	180.000000	90.000000	89.829469	355.019740	320.710345	0.000000	355.031332	0.000000	82.465125	5.539933	230.886339	180.000000	129.316153	180.000000	247.637059	180.000000	134.874964	270.000000	0.000000	0.000000	0.000000	0.000000	0.000000	0.000000	0.000000	0.000000	0.000000	0.000000	0.000000	0.000000	0.000000	0.000000	0.000000	0.000000	0.000000	0.000000	0.000000	0.000000	0.000000	
78.713152	89.906507	200.876809	222.094424	180.000000	90.000000	89.835608	355.017026	320.710345	0.000000	355.031332	0.000000	82.511192	6.319979	230.886326	180.000000	129.316153	180.000000	247.637051	180.000000	134.881469	270.000000	0.000000	0.000000	0.000000	0.000000	0.000000	0.000000	0.000000	0.000000	0.000000	0.000000	0.000000	0.000000	0.000000	0.000000	0.000000	0.000000	0.000000	0.000000	0.000000	0.000000	0.000000	
78.625463	86.543207	200.061301	222.107948	180.000000	90.000000	89.838502	355.045064	320.710345	0.000000	355.031332	0.000000	82.510734	6.615075	230.886321	180.000000	129.316153	180.000000	247.637047	180.000000	134.884620	270.000000	0.000000	0.000000	0.000000	0.000000	0.000000	0.000000	0.000000	0.000000	0.000000	0.000000	0.000000	0.000000	0.000000	0.000000	0.000000	0.000000	0.000000	0.000000	0.000000	0.000000	0.000000	
78.562965	84.882471	199.610142	222.114092	180.000000	90.000000	89.839867	355.103014	320.710345	0.000000	355.031332	0.000000	82.308589	6.681552	230.886319	180.000000	129.316153	180.000000	247.637045	180.000000	134.886146	270.000000	0.000000	0.000000	0.000000	0.000000	0.000000	0.000000	0.000000	0.000000	0.000000	0.000000	0.000000	0.000000	0.000000	0.000000	0.000000	0.000000	0.000000	0.000000	0.000000	0.000000	0.000000	
78.525140	90.816825	199.325757	222.116883	180.000000	90.000000	89.840510	2.471671	320.710345	0.000000	355.031332	0.000000	82.026043	2.966043	230.886319	180.000000	129.316153	180.000000	247.637044	180.000000	134.886887	270.000000	0.000000	0.000000	0.000000	0.000000	0.000000	0.000000	0.000000	0.000000	0.000000	0.000000	0.000000	0.000000	0.000000	0.000000	0.000000	0.000000	0.000000	0.000000	0.000000	0.000000	0.000000	
78.511451	87.157930	199.113331	222.118152	180.000000	90.000000	89.840814	358.683194	320.710345	0.000000	355.031332	0.000000	81.723866	1.120766	230.886318	180.000000	129.316153	180.000000	247.637044	180.000000	134.887245	270.000000	0.000000	0.000000	0.000000	0.000000	0.000000	0.000000	0.000000	0.000000	0.000000	0.000000	0.000000	0.000000	0.000000	0.000000	0.000000	0.000000	0.000000	0.000000	0.000000	0.000000	0.000000	
78.521344	91.904279	198.927626	222.118729	180.000000	90.000000	89.840957	356.887592	320.710345	0.000000	355.031332	0.000000	81.432506	0.188009	230.886318	180.000000	129.316153	180.000000	247.637043	180.000000	134.887419	270.000000	0.000000	0.000000	0.000000	0.000000	0.000000	0.000000	0.000000	0.000000	0.000000	0.000000	0.000000	0.000000	0.000000	0.000000	0.000000	0.000000	0.000000	0.000000	0.000000	0.000000	0.000000	
78.554256	87.825630	198.747237	222.118991	180.000000	90.000000	89.841025	3.190560	320.710345	0.000000	355.031332	0.000000	81.167131	359.705273	230.886318	180.000000	129.316153	180.000000	247.637043	180.000000	134.887504	270.000000	0.000000	0.000000	0.000000	0.000000	0.000000	0.000000	0.000000	0.000000	0.000000	0.000000	0.000000	0.000000	0.000000	0.000000	0.000000	0.000000	0.000000	0.000000	0.000000	0.000000	0.000000	
78.609618	92.185865	198.562185	222.119110	180.000000	90.000000	89.841057	359.103163	320.710345	0.000000	355.031332	0.000000	80.935148	359.448984	230.886318	180.000000	129.316153	180.000000	247.637043	180.000000	134.887545	270.000000	0.000000	0.000000	0.000000	0.000000	0.000000	0.000000	0.000000	0.000000	0.000000	0.000000	0.000000	0.000000	0.000000	0.000000	0.000000	0.000000	0.000000	0.000000	0.000000	0.000000	0.000000	
78.686860	94.383235	198.367940	222.119164	180.000000	90.000000	89.841072	4.164763	320.710345	0.000000	355.031332	0.000000	80.739988	359.311040	230.886318	180.000000	129.316153	180.000000	247.637043	180.000000	134.887565	270.000000	0.000000	0.000000	0.000000	0.000000	0.000000	0.000000	0.000000	0.000000	0.000000	0.000000	0.000000	0.000000	0.000000	0.000000	0.000000	0.000000	0.000000	0.000000	0.000000	0.000000	0.000000	
78.785415	95.447514	198.162572	222.119189	180.000000	90.000000	89.841079	359.624693	320.710345	0.000000	355.031332	0.000000	80.583010	359.239137	230.886318	180.000000	129.316153	180.000000	247.637043	180.000000	134.887574	270.000000	0.000000	0.000000	0.000000	0.000000	0.000000	0.000000	0.000000	0.000000	0.000000	0.000000	0.000000	0.000000	0.000000	0.000000	0.000000	0.000000	0.000000	0.000000	0.000000	0.000000	0.000000	
78.904723	95.923945	197.945376	222.119200	180.000000	90.000000	89.841083	4.335721	320.710345	0.000000	355.031332	0.000000	80.464482	359.207917	230.886318	180.000000	129.316153	180.000000	247.637043	180.000000	134.887579	270.000000	0.000000	0.000000	0.000000	0.000000	0.000000	0.000000	0.000000	0.000000	0.000000	0.000000	0.000000	0.000000	0.000000	0.000000	0.000000	0.000000	0.000000	0.000000	0.000000	0.000000	0.000000	
79.044232	96.101332	197.716232	222.119205	180.000000	90.000000	89.841084	6.561261	320.710345	0.000000	355.031332	0.000000	80.384076	359.205020	230.886318	180.000000	129.316153	180.000000	247.637043	180.000000	134.887581	270.000000	0.000000	0.000000	0.000000	0.000000	0.000000	0.000000	0.000000	0.000000	0.000000	0.000000	0.000000	0.000000	0.000000	0.000000	0.000000	0.000000	0.000000	0.000000	0.000000	0.000000	0.000000	
79.203403	96.132803	197.475290	222.119208	180.000000	90.000000	89.841085	0.865456	320.710345	0.000000	355.031332	0.000000	80.341138	359.203111	230.886318	180.000000	129.316153	180.000000	247.637043	180.000000	134.887582	270.000000	0.000000	0.000000	0.000000	0.000000	0.000000	0.000000	0.000000	0.000000	0.000000	0.000000	0.000000	0.000000	0.000000	0.000000	0.000000	0.000000	0.000000	0.000000	0.000000	0.000000	0.000000	
87.341784	96.099663	197.222828	222.119209	180.000000	90.000000	89.841085	4.801862	320.710345	0.000000	355.031332	0.000000	80.334829	358.977056	230.886318	180.000000	129.316153	180.000000	247.637043	180.000000	134.887583	270.000000	0.000000	0.000000	0.000000	0.000000	0.000000	0.000000	0.000000	0.000000	0.000000	0.000000	0.000000	0.000000	0.000000	0.000000	0.000000	0.000000	0.000000	0.000000	0.000000	0.000000	0.000000	
82.962893	92.284383	196.959178	222.119209	180.000000	90.000000	89.841086	6.674501	320.710345	0.000000	356.201914	0.000000	80.364205	358.660589	230.886318	180.000000	129.316153	180.000000	247.637043	180.000000	134.887583	270.000000	0.000000	0.000000	0.000000	0.000000	0.000000	0.000000	0.000000	0.000000	0.000000	0.000000	0.000000	0.000000	0.000000	0.000000	0.000000	0.000000	0.000000	0.000000	0.000000	0.000000	0.000000	
81.113310	90.292731	196.684695	222.119210	180.000000	90.000000	89.841086	7.529069	319.164809	0.000000	356.694954	0.000000	80.428267	358.318777	230.886318	180.000000	129.316153	180.000000	247.637043	180.000000	134.887583	270.000000	0.000000	0.000000	0.000000	0.000000	0.000000	0.000000	0.000000	0.000000	0.000000	0.000000	0.000000	0.000000	0.000000	0.000000	0.000000	0.000000	0.000000	0.000000	0.000000	0.000000	0.000000	
88.124713	89.254319	196.399741	222.119210	180.000000	90.000000	89.841086	7.886525	318.463589	0.000000	356.902669	0.000000	80.525989	357.983374	230.886318	180.000000	129.316153	180.000000	247.637043	180.000000	134.887583	270.000000	0.000000	0.000000	0.000000	0.000000	0.000000	0.000000	0.000000	0.000000	0.000000	0.000000	0.000000	0.000000	0.000000	0.000000	0.000000	0.000000	0.000000	0.000000	0.000000	0.000000	0.000000	
83.516884	88.718693	196.104674	222.119210	180.000000	90.000000	89.841086	8.006576	318.145369	0.000000	356.990198	0.000000	80.656339	357.669887	230.886318	180.000000	129.316153	180.000000	247.637043	180.000000	134.887583	270.000000	0.000000	0.000000	0.000000	0.000000	0.000000	0.000000	0.000000	0.000000	0.000000	0.000000	0.000000	0.000000	0.000000	0.000000	0.000000	0.000000	0.000000	0.000000	0.000000	0.000000	0.000000	
89.145219	88.174170	195.799846	222.119210	180.000000	90.000000	89.841086	8.018799	318.000928	0.000000	357.027090	0.000000	80.818296	357.385827	230.886318	180.000000	129.316153	180.000000	247.637043	180.000000	134.887583	270.000000	0.000000	0.000000	0.000000	0.000000	0.000000	0.000000	0.000000	0.000000	0.000000	0.000000	0.000000	0.000000	0.000000	0.000000	0.000000	0.000000	0.000000	0.000000	0.000000	0.000000	0.000000	
84.098087	87.643129	195.485598	222.119210	180.000000	90.000000	89.841086	3.511454	317.935352	0.000000	357.042643	0.000000	81.010854	357.134726	230.886318	180.000000	129.316153	180.000000	247.637043	180.000000	134.887583	270.000000	0.000000	0.000000	0.000000	0.000000	0.000000	0.000000	0.000000	0.000000	0.000000	0.000000	0.000000	0.000000	0.000000	0.000000	0.000000	0.000000	0.000000	0.000000	0.000000	0.000000	0.000000	
89.358971	87.140910	195.162260	222.119210	180.000000	90.000000	89.841086	1.308958	317.905576	0.000000	357.049201	0.000000	87.192358	356.918105	230.886318	180.000000	129.316153	180.000000	247.637043	180.000000	134.887583	270.000000	0.000000	0.000000	0.000000	0.000000	0.000000	0.000000	0.000000	0.000000	0.000000	0.000000	0.000000	0.000000	0.000000	0.000000	0.000000	0.000000	0.000000	0.000000	0.000000	0.000000	0.000000	
91.679892	86.675866	200.871497	222.119210	180.000000	90.000000	89.841086	0.216231	317.892052	0.000000	357.051968	0.000000	84.264105	356.736445	230.886318	180.000000	129.316153	180.000000	247.637043	180.000000	134.887583	270.000000	0.000000	0.000000	0.000000	0.000000	0.000000	0.000000	0.000000	0.000000	0.000000	0.000000	0.000000	0.000000	0.000000	0.000000	0.000000	0.000000	0.000000	0.000000	0.000000	0.000000	0.000000	
85.402875	86.252553	203.366150	222.119210	180.000000	90.000000	89.841086	359.415928	317.885908	0.000000	357.053134	0.000000	88.705133	356.589664	230.886318	180.000000	129.316153	180.000000	247.637043	180.000000	134.887583	270.000000	0.000000	0.000000	0.000000	0.000000	0.000000	0.000000	0.000000	0.000000	0.000000	0.000000	0.000000	0.000000	0.000000	0.000000	0.000000	0.000000	0.000000	0.000000	0.000000	0.000000	0.000000	
89.852173	85.873392	204.328983	222.119210	180.000000	90.000000	89.841086	358.776456	317.883117	0.000000	357.053627	0.000000	85.144482	356.477370	230.886318	180.000000	129.316153	180.000000	247.637043	180.000000	134.887583	270.000000	0.000000	0.000000	0.000000	0.000000	0.000000	0.000000	0.000000	0.000000	0.000000	0.000000	0.000000	0.000000	0.000000	0.000000	0.000000	0.000000	0.000000	0.000000	0.000000	0.000000	0.000000	
91.825352	85.539557	204.560502	222.119210	180.000000	90.000000	89.841086	358.233986	317.881848	0.000000	357.053835	0.000000	89.055147	356.398987	230.886318	180.000000	130.769323	180.000000	247.637043	180.000000	134.887583	270.000000	0.000000	0.000000	0.000000	0.000000	0.000000	0.000000	0.000000	0.000000	0.000000	0.000000	0.000000	0.000000	0.000000	0.000000	0.000000	0.000000	0.000000	0.000000	0.000000	0.000000	0.000000	
92.667529	85.251448	204.439660	222.119210	180.000000	90.000000	89.841086	357.757523	317.881271	0.000000	357.053923	0.000000	90.933645	356.353827	230.886318	180.000000	131.472798	180.000000	247.637043	180.000000	134.887583	270.000000	0.000000	0.000000	0.000000	0.000000	0.000000	0.000000	0.000000	0.000000	0.000000	0.000000	0.000000	0.000000	0.000000	0.000000	0.000000	0.000000	0.000000	0.000000	0.000000	0.000000	0.000000	
92.997616	85.008962	204.145135	222.119210	180.000000	90.000000	89.841086	357.332014	317.881009	0.000000	357.053960	0.000000	91.790159	356.341130	230.886318	180.000000	131.813431	180.000000	247.637043	180.000000	134.887583	270.000000	0.000000	0.000000	0.000000	0.000000	0.000000	0.000000	0.000000	0.000000	0.000000	0.000000	0.000000	0.000000	0.000000	0.000000	0.000000	0.000000	0.000000	0.000000	0.000000	0.000000	0.000000	
93.100591	84.811648	203.760945	222.119210	180.000000	90.000000	89.841086	356.950131	317.880890	0.000000	357.053975	0.000000	92.138597	356.360093	230.886318	180.000000	131.978410	180.000000	241.484333	180.000000	134.887583	270.000000	0.000000	0.000000	0.000000	0.000000	0.000000	0.000000	0.000000	0.000000	0.000000	0.000000	0.000000	0.000000	0.000000	0.000000	0.000000	0.000000	0.000000	0.000000	0.000000	0.000000	0.000000	
93.107723	84.658806	195.873314	222.119210	180.000000	90.000000	89.841086	356.608257	317.880836	0.000000	357.053982	0.000000	92.240555	356.409885	230.886318	180.000000	132.058334	180.000000	238.693474	180.000000	134.887583	270.000000	0.000000	0.000000	0.000000	0.000000	0.000000	0.000000	0.000000	0.000000	0.000000	0.000000	0.000000	0.000000	0.000000	0.000000	0.000000	0.000000	0.000000	0.000000	0.000000	0.000000	0.000000	
93.079506	84.549557	199.567662	222.119210	180.000000	90.000000	89.841086	356.304530	317.880811	0.000000	357.053985	0.000000	92.229325	2.599481	230.886318	180.000000	132.097062	180.000000	237.426534	180.000000	134.887583	270.000000	0.000000	0.000000	0.000000	0.000000	0.000000	0.000000	0.000000	0.000000	0.000000	0.000000	0.000000	0.000000	0.000000	0.000000	0.000000	0.000000	0.000000	0.000000	0.000000	0.000000	0.000000	
89.535623	84.482889	193.697196	222.119210	180.000000	90.000000	89.841086	356.037879	317.880800	0.000000	357.053986	0.000000	89.560139	359.392423	230.886318	180.000000	132.115832	180.000000	236.851206	180.000000	134.887583	270.000000	0.000000	0.000000	0.000000	0.000000	0.000000	0.000000	0.000000	0.000000	0.000000	0.000000	0.000000	0.000000	0.000000	0.000000	0.000000	0.000000	0.000000	0.000000	0.000000	0.000000	0.000000	
87.927047	84.457695	198.167749	222.119210	180.000000	90.000000	89.841086	355.807564	317.880795	0.000000	357.053986	0.000000	88.184408	357.901135	230.886318	180.000000	132.124932	180.000000	236.589883	180.000000	134.887583	270.000000	0.000000	0.000000	0.000000	0.000000	0.000000	0.000000	0.000000	0.000000	0.000000	0.000000	0.000000	0.000000	0.000000	0.000000	0.000000	0.000000	0.000000	0.000000	0.000000	0.000000	0.000000	
87.193638	84.472804	192.881610	222.119210	180.000000	90.000000	89.875534	355.612955	317.880792	0.000000	357.053987	0.000000	87.464390	3.133584	230.886318	180.000000	132.129345	180.000000	236.471160	180.000000	134.887583	270.000000	0.000000	0.000000	0.000000	0.000000	0.000000	0.000000	0.000000	0.000000	0.000000	0.000000	0.000000	0.000000	0.000000	0.000000	0.000000	0.000000	0.000000	0.000000	0.000000	0.000000	0.000000	
86.859635	84.527006	190.270462	222.119210	180.000000	90.000000	89.891757	355.453430	317.880791	0.000000	357.053987	0.000000	87.081781	359.749930	230.886318	180.000000	132.131486	180.000000	236.417211	180.000000	134.887583	270.000000	0.000000	0.000000	0.000000	0.000000	0.000000	0.000000	0.000000	0.000000	0.000000	0.000000	0.000000	0.000000	0.000000	0.000000	0.000000	0.000000	0.000000	0.000000	0.000000	0.000000	0.000000	
86.711525	91.305892	188.981406	222.119210	180.000000	90.000000	89.899400	355.328333	317.880791	0.000000	357.053987	0.000000	86.877640	3.905425	230.886318	180.000000	132.132524	180.000000	236.392691	180.000000	134.887583	270.000000	0.000000	0.000000	0.000000	0.000000	0.000000	0.000000	0.000000	0.000000	0.000000	0.000000	0.000000	0.000000	0.000000	0.000000	0.000000	0.000000	0.000000	0.000000	0.000000	0.000000	0.000000	
86.653529	88.030916	188.340271	222.119210	180.000000	90.000000	89.903001	355.236963	317.880790	0.000000	357.053987	0.000000	86.772573	5.823419	230.886318	180.000000	132.133028	180.000000	236.381543	180.000000	134.887583	270.000000	0.000000	0.000000	0.000000	0.000000	0.000000	0.000000	0.000000	0.000000	0.000000	0.000000	0.000000	0.000000	0.000000	0.000000	0.000000	0.000000	0.000000	0.000000	0.000000	0.000000	0.000000	
86.488738	86.399036	188.011100	222.119210	180.000000	90.000000	89.904699	355.178573	317.880790	0.000000	357.053987	0.000000	86.726868	1.102926	230.886318	180.000000	132.133273	180.000000	236.376475	180.000000	134.887583	270.000000	0.000000	0.000000	0.000000	0.000000	0.000000	0.000000	0.000000	0.000000	0.000000	0.000000	0.000000	0.000000	0.000000	0.000000	0.000000	0.000000	0.000000	0.000000	0.000000	0.000000	0.000000	
86.200535	92.113575	187.826602	222.119210	180.000000	90.000000	89.905499	355.152379	317.880790	0.000000	357.053987	0.000000	86.720585	4.361789	230.886318	180.000000	132.133392	180.000000	236.374169	180.000000	134.887583	270.000000	0.000000	0.000000	0.000000	0.000000	0.000000	0.000000	0.000000	0.000000	0.000000	0.000000	0.000000	0.000000	0.000000	0.000000	0.000000	0.000000	0.000000	0.000000	0.000000	0.000000	0.000000	
85.871207	88.555478	187.703579	222.119210	180.000000	90.000000	89.905877	355.157568	317.880790	0.000000	357.053987	0.000000	86.743622	5.872270	230.886318	180.000000	132.133450	180.000000	236.373120	180.000000	134.887583	270.000000	0.000000	0.000000	0.000000	0.000000	0.000000	0.000000	0.000000	0.000000	0.000000	0.000000	0.000000	0.000000	0.000000	0.000000	0.000000	0.000000	0.000000	0.000000	0.000000	0.000000	0.000000	
85.538115	93.124438	176.745186	222.119210	180.000000	90.000000	89.906055	355.193307	317.880790	0.000000	357.053987	0.000000	86.790759	6.530217	230.886318	180.000000	132.133478	180.000000	236.372643	180.000000	134.887583	270.000000	0.000000	0.000000	0.000000	0.000000	0.000000	0.000000	0.000000	0.000000	0.000000	0.000000	0.000000	0.000000	0.000000	0.000000	0.000000	0.000000	0.000000	0.000000	0.000000	0.000000	0.000000	
85.218300	89.162642	171.345575	222.119210	180.000000	90.000000	89.906139	355.258751	317.880790	0.000000	357.053987	0.000000	86.859192	6.777902	230.886318	180.000000	132.133491	180.000000	236.372426	180.000000	134.887583	270.000000	0.000000	0.000000	0.000000	0.000000	0.000000	0.000000	0.000000	0.000000	0.000000	0.000000	0.000000	0.000000	0.000000	0.000000	0.000000	0.000000	0.000000	0.000000	0.000000	0.000000	0.000000	
84.919550	93.361608	176.437536	222.119210	180.000000	90.000000	89.906179	2.589508	317.880790	0.000000	357.053987	0.000000	86.713364	3.077533	230.886318	180.000000	132.133498	180.000000	236.372327	180.000000	134.887583	270.000000	0.000000	0.000000	0.000000	0.000000	0.000000	0.000000	0.000000	0.000000	0.000000	0.000000	0.000000	0.000000	0.000000	0.000000	0.000000	0.000000	0.000000	0.000000	0.000000	0.000000	0.000000	
84.645403	95.468668	171.278847	222.119210	180.000000	90.000000	89.906198	358.831316	317.880790	0.000000	357.053987	0.000000	86.455494	1.242799	230.886318	180.000000	132.133501	180.000000	236.372282	180.000000	134.887583	270.000000	0.000000	0.000000	0.000000	0.000000	0.000000	0.000000	0.000000	0.000000	0.000000	0.000000	0.000000	0.000000	0.000000	0.000000	0.000000	0.000000	0.000000	0.000000	0.000000	0.000000	0.000000	
84.397416	96.481152	169.355148	222.119210	180.000000	90.000000	89.906206	357.054286	317.880790	0.000000	357.053987	0.000000	86.162361	0.318043	230.886318	180.000000	132.133503	180.000000	236.372261	180.000000	134.887583	270.000000	0.000000	0.000000	0.000000	0.000000	0.000000	0.000000	0.000000	0.000000	0.000000	0.000000	0.000000	0.000000	0.000000	0.000000	0.000000	0.000000	0.000000	0.000000	0.000000	0.000000	0.000000	
84.176196	96.926651	175.969420	222.119210	180.000000	90.000000	89.906211	3.319715	317.880790	0.000000	357.053987	0.000000	85.872362	359.841887	230.886318	180.000000	132.133504	180.000000	236.372252	180.000000	134.916357	270.000000	0.000000	0.000000	0.000000	0.000000	0.000000	0.000000	0.000000	0.000000	0.000000	0.000000	0.000000	0.000000	0.000000	0.000000	0.000000	0.000000	0.000000	0.000000	0.000000	0.000000	0.000000	
83.981880	97.084399	171.156951	222.119210	180.000000	90.000000	89.906213	359.267748	317.880790	0.000000	357.053987	0.000000	85.604632	359.591380	230.886318	180.000000	132.133504	180.000000	236.372248	180.000000	134.930286	270.000000	0.000000	0.000000	0.000000	0.000000	0.000000	0.000000	0.000000	0.000000	0.000000	0.000000	0.000000	0.000000	0.000000	0.000000	0.000000	0.000000	0.000000	0.000000	0.000000	0.000000	0.000000	
83.814350	97.102355	170.085587	222.119210	180.000000	90.000000	89.906213	4.297048	317.880790	0.000000	357.053987	0.000000	85.368576	359.458753	230.886318	180.000000	132.133504	180.000000	236.372246	180.000000	134.937031	270.000000	0.000000	0.000000	0.000000	0.000000	0.000000	0.000000	0.000000	0.000000	0.000000	0.000000	0.000000	0.000000	0.000000	0.000000	0.000000	0.000000	0.000000	0.000000	0.000000	0.000000	0.000000	
83.673344	93.201860	169.806250	222.119210	180.000000	90.000000	89.906214	359.798000	317.880790	0.000000	357.053987	0.000000	85.168636	359.391885	230.886318	180.000000	132.133504	180.000000	236.372245	180.000000	134.940298	270.000000	0.000000	0.000000	0.000000	0.000000	0.000000	0.000000	0.000000	0.000000	0.000000	0.000000	0.000000	0.000000	0.000000	0.000000	0.000000	0.000000	0.000000	0.000000	0.000000	0.000000	0.000000	
83.558510	91.153243	169.926066	222.899634	180.000000	90.000000	89.906214	4.476315	317.880790	0.000000	357.053987	0.000000	85.006694	359.365514	230.886318	180.000000	132.133504	180.000000	236.372244	180.000000	134.941880	270.000000	0.000000	0.000000	0.000000	0.000000	0.000000	0.000000	0.000000	0.000000	0.000000	0.000000	0.000000	0.000000	0.000000	0.000000	0.000000	0.000000	0.000000	0.000000	0.000000	0.000000	0.000000	
83.469431	90.072775	170.241799	223.253730	180.000000	90.000000	89.906214	6.688203	317.880790	0.000000	357.053987	0.000000	84.883289	359.367326	230.886318	180.000000	132.133504	180.000000	236.372244	180.000000	134.942647	270.000000	0.000000	0.000000	0.000000	0.000000	0.000000	0.000000	0.000000	0.000000	0.000000	0.000000	0.000000	0.000000	0.000000	0.000000	0.000000	0.000000	0.000000	0.000000	0.000000	0.000000	0.000000	
83.405646	89.503207	170.647383	223.414423	180.000000	90.000000	89.906214	1.047003	317.880790	0.000000	357.053987	0.000000	84.798245	359.294824	230.886318	180.000000	132.133504	180.000000	236.372244	180.000000	134.943019	270.000000	0.000000	0.000000	0.000000	0.000000	0.000000	0.000000	0.000000	0.000000	0.000000	0.000000	0.000000	0.000000	0.000000	0.000000	0.000000	0.000000	0.000000	0.000000	0.000000	0.000000	0.000000	
83.366660	89.207816	171.086788	223.487362	180.000000	90.000000	89.906214	4.952931	317.880790	0.000000	357.053987	0.000000	84.750992	359.039821	230.886318	180.000000	132.133504	180.000000	236.372244	180.000000	134.943199	270.000000	0.000000	0.000000	0.000000	0.000000	0.000000	0.000000	0.000000	0.000000	0.000000	0.000000	0.000000	0.000000	0.000000	0.000000	0.000000	0.000000	0.000000	0.000000	0.000000	0.000000	0.000000	
83.351952	88.804176	171.529935	223.520476	180.000000	90.000000	89.906214	6.812891	317.880790	0.000000	357.053987	0.000000	84.740741	358.714651	230.886318	180.000000	132.133504	180.000000	236.372244	180.000000	134.943286	270.000000	0.000000	0.000000	0.000000	0.000000	0.000000	0.000000	0.000000	0.000000	0.000000	0.000000	0.000000	0.000000	0.000000	0.000000	0.000000	0.000000	0.000000	0.000000	0.000000	0.000000	0.000000	
83.360985	88.345412	171.960326	223.535513	180.000000	90.000000	89.906214	7.663569	317.880790	0.000000	357.053987	0.000000	84.766583	358.374017	230.886318	180.000000	132.133504	180.000000	236.372244	180.000000	134.943329	270.000000	0.000000	0.000000	0.000000	0.000000	0.000000	0.000000	0.000000	0.000000	0.000000	0.000000	0.000000	0.000000	0.000000	0.000000	0.000000	0.000000	0.000000	0.000000	0.000000	0.000000	0.000000	
83.393211	87.879540	172.368657	223.542342	180.000000	90.000000	89.906214	8.021501	317.880790	0.000000	357.053987	0.000000	84.827540	358.044627	230.886318	180.000000	132.133504	180.000000	236.372244	180.000000	134.943349	270.000000	0.000000	0.000000	0.000000	0.000000	0.000000	0.000000	0.000000	0.000000	0.000000	0.000000	0.000000	0.000000	0.000000	0.000000	0.000000	0.000000	0.000000	0.000000	0.000000	0.000000	0.000000	
83.448073	87.431971	172.749506	223.545444	180.000000	90.000000	89.906214	8.144219	317.880790	0.000000	357.053987	0.000000	84.922600	357.739508	230.886318	180.000000	132.133504	180.000000	236.372244	180.000000	134.943359	270.000000	0.000000	0.000000	0.000000	0.000000	0.000000	0.000000	0.000000	0.000000	0.000000	0.000000	0.000000	0.000000	0.000000	0.000000	0.000000	0.000000	0.000000	0.000000	0.000000	0.000000	0.000000	
83.525015	87.016204	173.099610	223.546854	180.000000	90.000000	89.906214	3.712642	317.880790	0.000000	357.053987	0.000000	90.530207	357.464938	230.886318	180.000000	132.133504	180.000000	236.372244	180.000000	134.943364	270.000000	0.000000	0.000000	0.000000	0.000000	0.000000	0.000000	0.000000	0.000000	0.000000	0.000000	0.000000	0.000000	0.000000	0.000000	0.000000	0.000000	0.000000	0.000000	0.000000	0.000000	0.000000	
83.623480	86.639373	173.416947	223.547495	180.000000	90.000000	89.906214	1.538067	317.880790	0.000000	357.749659	0.000000	87.775284	357.223829	229.096448	180.000000	132.133504	180.000000	236.372244	180.000000	134.943366	270.000000	0.000000	0.000000	0.000000	0.000000	0.000000	0.000000	0.000000	0.000000	0.000000	0.000000	0.000000	0.000000	0.000000	0.000000	0.000000	0.000000	0.000000	0.000000	0.000000	0.000000	0.000000	
91.033736	86.305141	173.700261	223.547786	180.000000	90.000000	89.906214	0.467086	317.880790	0.000000	358.042689	0.000000	91.787138	357.017381	228.412902	180.000000	132.133504	180.000000	236.372244	180.000000	134.943368	270.000000	0.000000	0.000000	0.000000	0.000000	0.000000	0.000000	0.000000	0.000000	0.000000	0.000000	0.000000	0.000000	0.000000	0.000000	0.000000	0.000000	0.000000	0.000000	0.000000	0.000000	0.000000	
86.988789	86.015236	173.948798	223.547918	180.000000	90.000000	89.906214	359.867447	317.880790	0.000000	358.166146	0.000000	88.454044	356.845898	228.151802	180.000000	132.133504	180.000000	236.372244	180.000000	134.943368	270.000000	0.000000	0.000000	0.000000	0.000000	0.000000	0.000000	0.000000	0.000000	0.000000	0.000000	0.000000	0.000000	0.000000	0.000000	0.000000	0.000000	0.000000	0.000000	0.000000	0.000000	0.000000	
85.248115	85.770262	174.162156	223.547979	180.000000	90.000000	89.906214	359.312704	317.880790	0.000000	358.218172	0.000000	91.987370	356.709205	228.052052	180.000000	132.133504	180.000000	236.372244	180.000000	134.943368	270.000000	0.000000	0.000000	0.000000	0.000000	0.000000	0.000000	0.000000	0.000000	0.000000	0.000000	0.000000	0.000000	0.000000	0.000000	0.000000	0.000000	0.000000	0.000000	0.000000	0.000000	0.000000	
91.632105	85.570148	174.340202	223.548006	180.000000	90.000000	89.906214	358.797511	317.880790	0.000000	358.240100	0.000000	93.652616	356.606851	228.013940	180.000000	132.133504	180.000000	236.372244	180.000000	134.943369	270.000000	0.000000	0.000000	0.000000	0.000000	0.000000	0.000000	0.000000	0.000000	0.000000	0.000000	0.000000	0.000000	0.000000	0.000000	0.000000	0.000000	0.000000	0.000000	0.000000	0.000000	0.000000	
87.380032	85.414403	174.483016	223.548018	180.000000	90.000000	89.906214	358.319679	317.880790	0.000000	358.249345	0.000000	94.382135	356.538227	227.999376	180.000000	132.133504	180.000000	236.372244	180.000000	134.943369	270.000000	0.000000	0.000000	0.000000	0.000000	0.000000	0.000000	0.000000	0.000000	0.000000	0.000000	0.000000	0.000000	0.000000	0.000000	0.000000	0.000000	0.000000	0.000000	0.000000	0.000000	0.000000	
92.495255	85.302263	174.590851	223.548024	180.000000	90.000000	89.906214	357.878440	317.880790	0.000000	358.253244	0.000000	94.648719	356.502619	227.993809	180.000000	132.133504	180.000000	236.372244	180.000000	134.943369	270.000000	0.000000	0.000000	0.000000	0.000000	0.000000	0.000000	0.000000	0.000000	0.000000	0.000000	0.000000	0.000000	0.000000	0.000000	0.000000	0.000000	0.000000	0.000000	0.000000	0.000000	0.000000	
87.844112	85.232778	174.664103	223.548027	180.000000	90.000000	89.906214	357.473613	317.880790	0.000000	358.254888	0.000000	94.692354	356.499256	227.991682	180.000000	132.133504	180.000000	236.372244	180.000000	134.943369	270.000000	0.000000	0.000000	0.000000	0.000000	0.000000	0.000000	0.000000	0.000000	0.000000	0.000000	0.000000	0.000000	0.000000	0.000000	0.000000	0.000000	0.000000	0.000000	0.000000	0.000000	0.000000	
92.625746	85.204878	174.703284	223.548028	180.000000	90.000000	89.906214	357.105203	317.880790	0.000000	358.255582	0.000000	91.707457	356.527324	227.990868	180.000000	132.133504	180.000000	236.372244	180.000000	134.943369	270.000000	0.000000	0.000000	0.000000	0.000000	0.000000	0.000000	0.000000	0.000000	0.000000	0.000000	0.000000	0.000000	0.000000	0.000000	0.000000	0.000000	0.000000	0.000000	0.000000	0.000000	0.000000	
94.712133	85.217414	174.709004	223.548028	180.000000	90.000000	89.906214	356.773214	317.880790	0.000000	358.255875	0.000000	90.154767	356.585988	227.990557	180.000000	132.133504	180.000000	236.372244	180.000000	134.943369	270.000000	0.000000	0.000000	0.000000	0.000000	0.000000	0.000000	0.000000	0.000000	0.000000	0.000000	0.000000	0.000000	0.000000	0.000000	0.000000	0.000000	0.000000	0.000000	0.000000	0.000000	0.000000	
88.948981	85.269186	174.681946	223.548029	180.000000	90.000000	89.906214	356.477569	317.880790	0.000000	358.255999	0.000000	89.326418	2.725224	227.990438	180.000000	132.133504	180.000000	236.372244	180.000000	134.943369	270.000000	0.000000	0.000000	0.000000	0.000000	0.000000	0.000000	0.000000	0.000000	0.000000	0.000000	0.000000	0.000000	0.000000	0.000000	0.000000	0.000000	0.000000	0.000000	0.000000	0.000000	0.000000	
92.988890	91.913750	174.622854	223.548029	180.000000	90.000000	89.926709	356.218074	317.100366	0.000000	358.256051	0.000000	88.869739	359.557970	227.990393	180.000000	132.133504	180.000000	236.372244	180.000000	134.943369	270.000000	0.000000	0.000000	0.000000	0.000000	0.000000	0.000000	0.000000	0.000000	0.000000	0.000000	0.000000	0.000000	0.000000	0.000000	0.000000	0.000000	0.000000	0.000000	0.000000	0.000000	0.000000	
94.761917	88.703301	174.532510	223.548029	180.000000	90.000000	89.936363	355.994416	316.746270	0.000000	358.256073	0.000000	88.608834	3.996437	227.990376	180.000000	132.133504	180.000000	236.372244	180.000000	134.943369	270.000000	0.000000	0.000000	0.000000	0.000000	0.000000	0.000000	0.000000	0.000000	0.000000	0.000000	0.000000	0.000000	0.000000	0.000000	0.000000	0.000000	0.000000	0.000000	0.000000	0.000000	0.000000	
95.502527	87.103494	174.411725	223.548029	180.000000	90.000000	89.940911	355.806171	316.585577	0.000000	358.256082	0.000000	88.455918	0.169572	227.990369	180.000000	132.133504	180.000000	236.372244	180.000000	134.943369	270.000000	0.000000	0.000000	0.000000	0.000000	0.000000	0.000000	0.000000	0.000000	0.000000	0.000000	0.000000	0.000000	0.000000	0.000000	0.000000	0.000000	0.000000	0.000000	0.000000	0.000000	0.000000	
95.777484	92.700677	174.261327	223.548029	180.000000	90.000000	89.943055	355.652810	316.512638	0.000000	358.256086	0.000000	88.367123	4.149075	227.990366	180.000000	132.866208	180.000000	236.372244	180.000000	134.943369	270.000000	0.000000	0.000000	0.000000	0.000000	0.000000	0.000000	0.000000	0.000000	0.000000	0.000000	0.000000	0.000000	0.000000	0.000000	0.000000	0.000000	0.000000	0.000000	0.000000	0.000000	0.000000	
95.847203	89.217465	174.082144	223.548029	180.000000	90.000000	89.944066	355.533721	316.479524	0.000000	358.256088	0.000000	88.320457	0.298419	227.990365	180.000000	133.220905	180.000000	236.372244	180.000000	134.943369	270.000000	0.000000	0.000000	0.000000	0.000000	0.000000	0.000000	0.000000	0.000000	0.000000	0.000000	0.000000	0.000000	0.000000	0.000000	0.000000	0.000000	0.000000	0.000000	0.000000	0.000000	0.000000	
91.892494	93.689512	173.875003	223.548029	180.000000	90.000000	89.944543	355.448219	316.464487	0.000000	358.256088	0.000000	88.304809	4.101653	227.990365	180.000000	133.392652	180.000000	236.372244	180.000000	134.943369	270.000000	0.000000	0.000000	0.000000	0.000000	0.000000	0.000000	0.000000	0.000000	0.000000	0.000000	0.000000	0.000000	0.000000	0.000000	0.000000	0.000000	0.000000	0.000000	0.000000	0.000000	0.000000	
90.083975	89.814681	173.640714	223.548029	180.000000	90.000000	89.944768	355.395565	316.457658	0.000000	358.256089	0.000000	88.314468	5.862298	227.990365	180.000000	133.475832	180.000000	236.372244	180.000000	134.943369	270.000000	0.000000	0.000000	0.000000	0.000000	0.000000	0.000000	0.000000	0.000000	0.000000	0.000000	0.000000	0.000000	0.000000	0.000000	0.000000	0.000000	0.000000	0.000000	0.000000	0.000000	0.000000	
89.244623	93.922035	173.380070	223.548029	180.000000	90.000000	89.944874	355.374973	316.454556	0.000000	358.256089	0.000000	88.346401	6.626537	227.990365	180.000000	133.516127	180.000000	236.372244	180.000000	134.943369	270.000000	0.000000	0.000000	0.000000	0.000000	0.000000	0.000000	0.000000	0.000000	0.000000	0.000000	0.000000	0.000000	0.000000	0.000000	0.000000	0.000000	0.000000	0.000000	0.000000	0.000000	0.000000	
88.846894	95.982184	173.093838	223.548029	180.000000	90.000000	89.944924	355.385631	316.453146	0.000000	358.256089	0.000000	88.398891	6.909950	227.990365	180.000000	133.535652	180.000000	236.372244	180.000000	134.943369	270.000000	0.000000	0.000000	0.000000	0.000000	0.000000	0.000000	0.000000	0.000000	0.000000	0.000000	0.000000	0.000000	0.000000	0.000000	0.000000	0.000000	0.000000	0.000000	0.000000	0.000000	0.000000	
88.654172	96.971528	172.782757	223.548029	180.000000	90.000000	89.944948	355.426704	316.452505	0.000000	358.256089	0.000000	88.434581	6.966858	227.990365	180.000000	133.545115	180.000000	236.372244	180.000000	134.943369	270.000000	90.000000	0.000000	0.000000	0.000000	0.000000	0.000000	0.000000	0.000000	0.000000	0.000000	0.000000	0.000000	0.000000	0.000000	0.000000	0.000000	0.000000	0.000000	0.000000	0.000000	0.000000	
88.560348	97.406557	172.447534	223.548029	180.000000	90.000000	89.944959	2.749840	316.452214	0.000000	358.256089	0.000000	88.250996	3.215562	227.990365	180.000000	133.549702	180.000000	233.279877	180.000000	134.943369	270.000000	90.000000	0.000000	0.000000	0.000000	0.000000	0.000000	0.000000	0.000000	0.000000	0.000000	0.000000	0.000000	0.000000	0.000000	0.000000	0.000000	0.000000	0.000000	0.000000	0.000000	0.000000	
88.517830	97.560620	172.088841	223.548029	180.000000	90.000000	89.944964	358.962486	316.452082	0.000000	358.256089	0.000000	87.978653	1.350135	227.990365	180.000000	133.551927	180.000000	231.876809	180.000000	134.943369	270.000000	90.000000	0.000000	0.000000	0.000000	0.000000	0.000000	0.000000	0.000000	0.000000	0.000000	0.000000	0.000000	0.000000	0.000000	0.000000	0.000000	0.000000	0.000000	0.000000	0.000000	0.000000	
88.505243	97.578558	171.707315	223.548029	180.000000	90.000000	89.944967	357.158801	316.452021	0.000000	358.256089	0.000000	87.682769	0.404715	227.990365	180.000000	133.553006	180.000000	231.239990	180.000000	134.943369	270.000000	90.000000	0.000000	0.000000	0.000000	0.000000	0.000000	0.000000	0.000000	0.000000	0.000000	0.000000	0.000000	0.000000	0.000000	0.000000	0.000000	0.000000	0.000000	0.000000	0.000000	0.000000	
88.385477	80.817932	171.303558	223.548029	180.000000	90.000000	89.944968	3.430382	316.451994	0.000000	358.256089	0.000000	87.395943	359.912952	227.990365	180.000000	133.553530	180.000000	230.950886	180.000000	134.943369	270.000000	90.000000	90.000000	0.000000	0.000000	0.000000	0.000000	0.000000	0.000000	0.000000	0.000000	0.000000	0.000000	0.000000	0.000000	0.000000	0.000000	0.000000	0.000000	0.000000	0.000000	0.000000	
88.116206	72.700875	170.878134	223.548029	180.000000	90.000000	89.944968	359.341938	316.451982	0.000000	358.256089	0.000000	87.134388	359.649436	227.990365	180.000000	133.553784	180.000000	230.819611	180.000000	134.943369	270.000000	90.000000	90.000000	0.000000	0.000000	0.000000	0.000000	0.000000	0.000000	0.000000	0.000000	0.000000	0.000000	0.000000	0.000000	0.000000	0.000000	0.000000	0.000000	0.000000	0.000000	0.000000	
87.794170	68.855408	162.204389	223.548029	180.000000	90.000000	89.944969	4.380476	316.451976	0.000000	358.256089	0.000000	86.906019	359.505177	227.990365	180.000000	133.553907	180.000000	230.759990	180.000000	134.943369	270.000000	90.000000	90.000000	0.000000	0.000000	0.000000	0.000000	0.000000	0.000000	0.000000	0.000000	0.000000	0.000000	0.000000	0.000000	0.000000	0.000000	0.000000	0.000000	0.000000	0.000000	0.000000	
87.463184	67.124500	166.013404	223.548029	180.000000	90.000000	89.944969	359.838276	316.451973	0.000000	358.256089	0.000000	86.714517	359.427445	227.990365	180.000000	133.553967	180.000000	230.732906	180.000000	134.943369	270.000000	90.000000	90.000000	0.000000	0.000000	0.000000	0.000000	0.000000	0.000000	0.000000	0.000000	0.000000	0.000000	0.000000	0.000000	0.000000	0.000000	0.000000	0.000000	0.000000	0.000000	0.000000	
87.143172	72.478746	167.671043	223.548029	180.000000	90.000000	89.944969	4.531493	316.451972	0.000000	358.256089	0.000000	86.561366	359.390676	227.990365	180.000000	133.553996	180.000000	230.720600	180.000000	134.943369	270.000000	90.000000	90.000000	180.000000	0.000000	0.000000	0.000000	0.000000	0.000000	0.000000	0.000000	0.000000	0.000000	0.000000	0.000000	0.000000	0.000000	0.000000	0.000000	0.000000	0.000000	0.000000	
86.843223	69.092295	160.357000	223.548029	180.000000	90.000000	89.944969	6.744013	316.451972	0.000000	358.256089	0.000000	86.446895	359.382411	227.990365	180.000000	133.554010	180.000000	230.715008	180.000000	134.943369	270.000000	90.000000	90.000000	180.000000	0.000000	0.000000	0.000000	0.000000	0.000000	0.000000	0.000000	0.000000	0.000000	0.000000	0.000000	0.000000	0.000000	0.000000	0.000000	0.000000	0.000000	0.000000	
86.567461	73.460983	164.492484	223.548029	180.000000	90.000000	89.944969	1.044400	316.451971	0.000000	358.256089	0.000000	86.370813	359.396502	227.990365	180.000000	133.554017	180.000000	230.712466	180.000000	134.943369	270.000000	90.000000	90.000000	180.000000	0.000000	0.000000	0.000000	0.000000	0.000000	0.000000	0.000000	0.000000	0.000000	0.000000	0.000000	0.000000	0.000000	0.000000	0.000000	0.000000	0.000000	0.000000	
86.317710	69.581955	158.602997	223.548029	180.000000	90.000000	89.944969	4.969649	316.451971	0.000000	358.256089	0.000000	86.332486	359.226437	227.990365	180.000000	133.554020	180.000000	230.711310	180.000000	134.943369	270.000000	90.000000	90.000000	180.000000	0.000000	0.000000	0.000000	0.000000	0.000000	0.000000	0.000000	0.000000	0.000000	0.000000	0.000000	0.000000	0.000000	0.000000	0.000000	0.000000	0.000000	0.000000	
86.094701	73.440093	163.224038	223.548029	180.000000	90.000000	89.944969	6.832964	316.451971	0.000000	358.256089	0.000000	86.331092	358.931781	227.990365	180.000000	133.554022	180.000000	230.710784	180.000000	134.943369	270.000000	90.000000	90.000000	180.000000	180.000000	0.000000	0.000000	0.000000	0.000000	0.000000	0.000000	0.000000	0.000000	0.000000	0.000000	0.000000	0.000000	0.000000	0.000000	0.000000	0.000000	0.000000	
85.898628	75.185948	167.243038	223.548029	180.000000	90.000000	89.944969	7.679428	316.451971	0.000000	358.256089	0.000000	86.365700	358.595138	227.990365	180.000000	133.554023	180.000000	230.710545	180.000000	134.943369	270.000000	90.000000	90.000000	180.000000	180.000000	0.000000	0.000000	0.000000	0.000000	0.000000	0.000000	0.000000	0.000000	0.000000	0.000000	0.000000	0.000000	0.000000	0.000000	0.000000	0.000000	0.000000	
85.729402	70.258100	169.186120	223.548029	180.000000	90.000000	89.944969	8.029512	316.451971	0.000000	358.256089	0.000000	86.435322	358.256785	227.990365	180.000000	133.554023	180.000000	230.710436	180.000000	134.957843	270.000000	90.000000	90.000000	180.000000	180.000000	0.000000	0.000000	0.000000	0.000000	0.000000	0.000000	0.000000	0.000000	0.000000	0.000000	0.000000	0.000000	0.000000	0.000000	0.000000	0.000000	0.000000	
85.586777	73.373582	170.101796	223.548029	180.000000	90.000000	89.944969	8.142596	316.451971	0.000000	358.256089	0.000000	91.772932	357.936394	227.990365	180.000000	133.554023	180.000000	230.710387	180.000000	134.964849	270.000000	90.000000	90.000000	180.000000	180.000000	0.000000	0.000000	0.000000	0.000000	0.000000	0.000000	0.000000	0.000000	0.000000	0.000000	0.000000	0.000000	0.000000	0.000000	0.000000	0.000000	0.000000	
85.470411	74.784524	170.506391	223.548029	180.000000	90.000000	89.944969	8.148058	316.451971	0.000000	358.256089	0.000000	89.126567	357.643530	227.990365	180.000000	133.554023	180.000000	230.710364	180.000000	134.968242	270.000000	90.000000	90.000000	180.000000	180.000000	180.000000	0.000000	0.000000	0.000000	0.000000	0.000000	0.000000	0.000000	0.000000	0.000000	0.000000	0.000000	0.000000	0.000000	0.000000	0.000000	0.000000	
85.379893	75.343763	170.653474	223.548029	180.000000	90.000000	89.944969	3.637671	316.451971	0.000000	358.256089	0.000000	92.936728	357.382750	227.990365	180.000000	133.554024	180.000000	230.710354	180.000000	134.969885	270.000000	90.000000	90.000000	180.000000	180.000000	180.000000	0.000000	0.000000	0.000000	0.000000	0.000000	0.000000	0.000000	0.000000	0.000000	0.000000	0.000000	0.000000	0.000000	0.000000	0.000000	0.000000	
85.314767	75.483008	170.667215	223.548029	180.000000	90.000000	89.944969	1.430373	316.451971	0.000000	358.256089	0.000000	89.743136	357.156095	227.990365	180.000000	133.554024	180.000000	230.710349	180.000000	134.970681	270.000000	90.000000	90.000000	180.000000	180.000000	180.000000	0.000000	0.000000	0.000000	0.000000	0.000000	0.000000	0.000000	0.000000	0.000000	0.000000	0.000000	0.000000	0.000000	0.000000	0.000000	0.000000	
85.274543	75.420922	170.608273	223.548029	180.000000	90.000000	89.944969	0.348567	316.451971	0.000000	358.256089	0.000000	93.095197	356.964315	227.990365	180.000000	133.554024	180.000000	230.710347	180.000000	134.971067	270.000000	90.000000	90.000000	180.000000	180.000000	180.000000	0.000000	0.000000	0.000000	0.000000	0.000000	0.000000	0.000000	0.000000	0.000000	0.000000	0.000000	0.000000	0.000000	0.000000	0.000000	0.000000	
85.258704	75.268370	170.506255	223.548029	180.000000	90.000000	89.944969	359.615670	316.451971	0.000000	358.256089	0.000000	94.665408	356.807475	227.990365	180.000000	133.554024	180.000000	230.710346	180.000000	134.971254	270.000000	90.000000	90.000000	180.000000	180.000000	180.000000	0.000000	0.000000	0.000000	0.000000	0.000000	0.000000	0.000000	0.000000	0.000000	0.000000	0.000000	0.000000	0.000000	0.000000	0.000000	0.000000	
85.266716	75.081617	170.375645	223.548029	180.000000	90.000000	89.944969	359.004037	316.451971	0.000000	358.256089	0.000000	95.344299	356.685264	227.990365	180.000000	133.554024	180.000000	230.710346	180.000000	134.971344	270.000000	90.000000	90.000000	180.000000	180.000000	180.000000	14.785036	0.000000	0.000000	0.000000	0.000000	0.000000	0.000000	0.000000	0.000000	0.000000	0.000000	0.000000	0.000000	0.000000	0.000000	0.000000	
85.298034	74.889215	170.223592	223.548029	180.000000	90.000000	89.944969	358.469753	316.451971	0.000000	358.256089	0.000000	95.583126	356.597154	227.990365	180.000000	133.554024	180.000000	230.710345	180.000000	134.971388	270.000000	90.000000	90.000000	180.000000	180.000000	180.000000	21.503555	0.000000	0.000000	0.000000	0.000000	0.000000	0.000000	0.000000	0.000000	0.000000	0.000000	0.000000	0.000000	0.000000	0.000000	0.000000	
85.352105	74.705618	170.053706	223.548029	180.000000	90.000000	89.944969	357.991656	316.451971	0.000000	358.668591	0.000000	95.610796	356.542485	227.990365	180.000000	133.554024	180.000000	230.710345	180.000000	134.971410	270.000000	90.000000	90.000000	180.000000	180.000000	180.000000	24.568640	0.000000	0.000000	0.000000	0.000000	0.000000	0.000000	0.000000	0.000000	0.000000	0.000000	0.000000	0.000000	0.000000	0.000000	0.000000	
85.428373	74.538082	169.867900	223.941381	180.000000	90.000000	89.944969	357.559584	316.451971	0.000000	358.842352	0.000000	92.436272	356.520517	227.990365	180.000000	133.554024	180.000000	230.710345	180.000000	134.971420	270.000000	90.000000	90.000000	180.000000	180.000000	180.000000	25.968474	90.000000	0.000000	0.000000	0.000000	0.000000	0.000000	0.000000	0.000000	0.000000	0.000000	0.000000	0.000000	0.000000	0.000000	0.000000	
92.504004	74.390169	169.667273	224.119854	180.000000	90.000000	89.944969	357.168664	316.451971	0.000000	358.915562	0.000000	90.791429	356.530458	227.990365	180.000000	133.554024	180.000000	230.710345	180.000000	134.971425	270.000000	90.000000	90.000000	180.000000	180.000000	180.000000	26.608097	90.000000	0.000000	0.000000	0.000000	0.000000	0.000000	0.000000	0.000000	0.000000	0.000000	0.000000	0.000000	0.000000	0.000000	0.000000	
88.619231	74.263541	169.452545	224.200847	180.000000	90.000000	89.956954	356.816527	316.451971	0.000000	358.946414	0.000000	89.918899	356.571482	227.990365	180.000000	133.554024	180.000000	230.710345	180.000000	134.971427	270.000000	90.000000	90.000000	180.000000	180.000000	180.000000	26.900469	90.000000	0.000000	0.000000	0.000000	0.000000	0.000000	0.000000	0.000000	0.000000	0.000000	0.000000	0.000000	0.000000	0.000000	0.000000	
86.936591	74.158861	169.224253	224.237610	180.000000	90.000000	89.962599	356.501956	316.451971	0.000000	358.959419	0.000000	89.441668	356.642750	227.990365	180.000000	133.554024	180.000000	230.710345	180.000000	134.971429	270.000000	90.000000	90.000000	180.000000	180.000000	180.000000	27.034161	90.000000	0.000000	0.000000	0.000000	0.000000	0.000000	0.000000	0.000000	0.000000	0.000000	0.000000	0.000000	0.000000	0.000000	0.000000	
93.031421	74.076269	168.982852	224.254300	180.000000	90.000000	89.965259	356.224227	316.451971	0.000000	358.964902	0.000000	89.171845	2.750316	227.990365	180.000000	133.554024	180.000000	230.710345	180.000000	134.971429	270.000000	90.000000	90.000000	180.000000	180.000000	180.000000	27.095316	90.000000	0.000000	0.000000	0.000000	0.000000	0.000000	0.000000	0.000000	0.000000	0.000000	0.000000	0.000000	0.000000	0.000000	0.000000	
88.951636	74.015619	168.728757	224.261879	180.000000	90.000000	89.966512	355.982791	316.451971	0.000000	358.967214	0.000000	89.015725	359.617984	227.990365	180.000000	133.554024	180.000000	230.710345	180.000000	134.971429	270.000000	90.000000	90.000000	180.000000	180.000000	180.000000	27.123301	90.000000	0.000000	0.000000	0.000000	0.000000	0.000000	0.000000	0.000000	0.000000	0.000000	0.000000	0.000000	0.000000	0.000000	0.000000	
93.830936	73.976604	168.462363	224.265321	180.000000	90.000000	89.967103	355.777130	316.451971	0.000000	358.968189	0.000000	88.926521	4.030423	227.990365	180.000000	133.554024	180.000000	230.710345	180.000000	134.971430	270.000000	90.000000	90.000000	180.000000	180.000000	180.000000	27.136112	90.000000	0.000000	0.000000	0.000000	0.000000	0.000000	0.000000	0.000000	0.000000	0.000000	0.000000	0.000000	0.000000	0.000000	0.000000	
89.372225	73.958826	168.184055	224.266884	180.000000	90.000000	89.967382	355.606690	316.451971	0.000000	358.968601	0.000000	88.880796	0.246307	227.990365	180.000000	133.554024	180.000000	230.710345	180.000000	134.971430	270.000000	90.000000	90.000000	180.000000	180.000000	180.000000	27.141979	90.000000	0.000000	0.000000	0.000000	0.000000	0.000000	0.000000	0.000000	0.000000	0.000000	0.000000	0.000000	0.000000	0.000000	0.000000	
93.932382	73.961829	167.894208	224.267595	180.000000	90.000000	89.967513	355.470862	316.451971	0.000000	358.968774	0.000000	88.866724	4.197889	227.990365	180.000000	133.554024	180.000000	230.710345	180.000000	134.971430	270.000000	90.000000	90.000000	180.000000	180.000000	180.000000	27.144667	90.000000	0.000000	0.000000	0.000000	0.000000	0.000000	0.000000	0.000000	0.000000	0.000000	0.000000	0.000000	0.000000	0.000000	0.000000	
95.913730	73.985122	167.593189	224.267918	180.000000	90.000000	89.967575	355.368976	316.451971	0.000000	358.968848	0.000000	88.878241	0.394339	227.990365	180.000000	133.554024	180.000000	230.710345	180.000000	134.971430	270.000000	90.000000	90.000000	180.000000	180.000000	180.000000	27.145899	90.000000	0.000000	0.000000	0.000000	0.000000	0.000000	0.000000	0.000000	0.000000	0.000000	0.000000	0.000000	0.000000	0.000000	0.000000	
90.399851	74.028187	167.281358	224.268064	180.000000	90.000000	89.967605	355.300309	316.451971	0.000000	358.968879	0.000000	88.912135	4.166436	227.990365	180.000000	133.554024	180.000000	230.710345	180.000000	134.971430	270.000000	90.000000	90.000000	180.000000	180.000000	180.000000	27.146464	90.000000	0.000000	0.000000	0.000000	0.000000	0.000000	0.000000	0.000000	0.000000	0.000000	0.000000	0.000000	0.000000	0.000000	0.000000	
94.249376	74.090491	166.959062	224.268131	180.000000	90.000000	89.967619	355.264090	316.451971	0.000000	358.968892	0.000000	88.966599	5.915840	227.990365	180.000000	133.554024	180.000000	230.710345	180.000000	134.971430	270.000000	90.000000	90.000000	180.000000	180.000000	180.000000	27.146723	90.000000	0.000000	0.000000	0.000000	0.000000	0.000000	0.000000	0.000000	0.000000	0.000000	0.000000	0.000000	0.000000	0.000000	0.000000	
95.932292	74.171489	166.626639	224.268162	180.000000	90.000000	89.967625	355.259517	316.451971	0.000000	358.968897	0.000000	88.959102	6.678341	227.990365	180.000000	133.554024	180.000000	230.710345	180.000000	134.971430	270.000000	90.000000	90.000000	180.000000	180.000000	180.000000	27.146842	90.000000	0.000000	0.000000	0.000000	0.000000	0.000000	0.000000	0.000000	0.000000	0.000000	0.000000	0.000000	0.000000	0.000000	0.000000	
96.629600	65.452144	166.284412	224.268175	180.000000	90.000000	89.967628	355.285764	316.451971	0.000000	358.968899	0.000000	88.757163	6.964600	227.990365	180.000000	133.554024	180.000000	230.710345	180.000000	134.971430	270.000000	90.000000	90.000000	180.000000	180.000000	180.000000	27.146896	90.000000	0.000000	0.000000	0.000000	0.000000	0.000000	0.000000	0.000000	0.000000	0.000000	0.000000	0.000000	0.000000	0.000000	0.000000	
96.883121	63.914271	165.932694	224.268182	180.000000	90.000000	89.967630	355.341989	316.451971	0.000000	358.968900	0.000000	88.478890	7.026605	227.990365	180.000000	133.554024	180.000000	230.710345	180.000000	134.971430	270.000000	90.000000	90.000000	180.000000	180.000000	180.000000	27.146921	90.000000	0.000000	0.000000	0.000000	0.000000	0.000000	0.000000	0.000000	0.000000	0.000000	0.000000	0.000000	0.000000	0.000000	0.000000	
96.941637	63.168793	165.571780	224.268184	180.000000	90.000000	89.967630	2.666266	316.451971	0.000000	358.968901	0.000000	88.183311	3.231831	227.990365	180.000000	133.554024	180.000000	230.710345	180.000000	134.971430	270.000000	90.000000	90.000000	180.000000	180.000000	180.000000	27.146933	90.000000	0.000000	0.000000	0.000000	0.000000	0.000000	0.000000	0.000000	0.000000	0.000000	0.000000	0.000000	0.000000	0.000000	0.000000	
92.731036	62.807325	165.201952	224.268186	180.000000	90.000000	89.967631	358.898970	316.451971	0.000000	358.968901	0.000000	87.899924	1.349901	227.990365	180.000000	133.554024	180.000000	230.710345	180.000000	134.971430	270.000000	90.000000	90.000000	180.000000	180.000000	180.000000	27.116111	90.000000	0.000000	0.000000	0.000000	0.000000	0.000000	0.000000	0.000000	0.000000	0.000000	0.000000	0.000000	0.000000	0.000000	0.000000	
90.811907	62.632009	164.823476	224.268186	180.000000	90.000000	89.967631	357.112782	316.451971	0.000000	358.968901	0.000000	87.643372	0.400736	227.990365	180.000000	133.554024	180.000000	230.710345	180.000000	134.971430	270.000000	90.000000	90.000000	180.000000	180.000000	180.000000	26.995796	90.000000	0.000000	0.000000	0.000000	0.000000	0.000000	0.000000	0.000000	0.000000	0.000000	0.000000	0.000000	0.000000	0.000000	0.000000	
89.925757	62.546956	164.436601	224.268187	180.000000	90.000000	89.967631	3.377299	316.451971	0.000000	358.968901	0.000000	87.420777	359.911211	227.990365	180.000000	133.927048	180.000000	230.710345	180.000000	134.971430	270.000000	90.000000	90.000000	180.000000	180.000000	180.000000	26.623528	90.000000	0.000000	0.000000	0.000000	0.000000	0.000000	0.000000	0.000000	0.000000	0.000000	0.000000	0.000000	0.000000	0.000000	0.000000	
89.509278	62.505682	164.041560	224.268187	180.000000	90.000000	89.967631	359.313733	316.451971	0.000000	358.968901	0.000000	87.235404	359.652696	227.990365	180.000000	134.107664	180.000000	230.710345	180.000000	134.971430	270.000000	90.000000	90.000000	180.000000	180.000000	180.000000	26.112013	90.000000	0.000000	0.000000	0.000000	0.000000	0.000000	0.000000	0.000000	0.000000	0.000000	0.000000	0.000000	0.000000	0.000000	0.000000	
89.310120	62.485647	163.638570	224.268187	180.000000	90.000000	89.967631	4.343830	316.058619	0.000000	358.968901	0.000000	87.088521	359.514679	227.990365	180.000000	134.195136	180.000000	230.710345	180.000000	134.971430	270.000000	90.000000	90.000000	180.000000	180.000000	180.000000	25.552735	90.000000	0.000000	0.000000	0.000000	0.000000	0.000000	0.000000	0.000000	0.000000	0.000000	0.000000	0.000000	0.000000	0.000000	0.000000	
89.215243	62.475919	163.227829	224.268187	180.000000	90.000000	89.967631	359.830990	315.880146	0.000000	358.968901	0.000000	86.980341	359.443710	227.990365	180.000000	134.237510	180.000000	230.710345	180.000000	134.971430	270.000000	90.000000	90.000000	180.000000	180.000000	180.000000	24.990516	90.000000	0.000000	0.000000	0.000000	0.000000	350.537678	0.000000	0.000000	0.000000	0.000000	0.000000	0.000000	0.000000	0.000000	0.000000	
89.174011	62.471194	169.279261	224.268187	180.000000	90.000000	89.967631	4.512346	315.799153	0.000000	358.968901	0.000000	86.910510	359.413884	227.990365	180.000000	134.258041	180.000000	230.710345	180.000000	134.971430	270.000000	90.000000	90.000000	180.000000	180.000000	180.000000	24.447666	90.000000	0.000000	0.000000	0.000000	0.000000	346.501084	0.000000	0.000000	0.000000	0.000000	0.000000	0.000000	0.000000	0.000000	0.000000	
89.163705	62.468899	171.635141	224.268187	180.000000	90.000000	89.967631	6.723232	315.762390	0.000000	358.968901	0.000000	86.878357	359.412580	227.990365	180.000000	134.267992	180.000000	230.710345	180.000000	134.971430	270.000000	90.000000	90.000000	180.000000	180.000000	180.000000	23.935482	90.000000	0.000000	0.000000	0.000000	0.000000	337.479495	0.000000	0.000000	0.000000	0.000000	0.000000	0.000000	0.000000	0.000000	0.000000	
88.970084	62.467783	165.612553	224.268187	180.000000	90.000000	89.967631	1.063299	315.745700	0.000000	358.968901	0.000000	86.883038	359.378437	227.990365	180.000000	134.272815	180.000000	230.710345	180.000000	134.971430	270.000000	90.000000	90.000000	180.000000	180.000000	180.000000	23.459782	90.000000	0.000000	0.000000	0.000000	0.000000	333.493836	90.000000	0.000000	0.000000	0.000000	0.000000	0.000000	0.000000	0.000000	0.000000	
88.671989	62.467241	169.749262	224.268187	180.000000	90.000000	89.967631	4.974249	315.738121	0.000000	358.968901	0.000000	86.923612	359.139036	227.990365	180.000000	134.275154	180.000000	230.710345	180.000000	134.971430	270.000000	90.000000	90.000000	180.000000	180.000000	180.000000	27.904244	90.000000	0.000000	0.000000	0.000000	0.000000	331.884850	90.000000	0.000000	0.000000	0.000000	0.000000	0.000000	0.000000	0.000000	0.000000	
88.341545	62.466977	164.674806	224.268187	180.000000	90.000000	89.967631	6.834391	315.734679	0.000000	358.968901	0.000000	86.999082	358.818417	227.990365	180.000000	134.276289	180.000000	230.710345	180.000000	134.971430	270.000000	90.000000	90.000000	180.000000	180.000000	180.000000	29.784916	90.000000	0.000000	0.000000	0.000000	0.000000	331.394831	90.000000	0.000000	0.000000	0.000000	0.000000	0.000000	0.000000	0.000000	0.000000	
88.011451	62.466849	162.361247	224.268187	180.000000	90.000000	89.967631	7.682983	315.733116	0.000000	358.968901	0.000000	92.206656	358.476945	227.078076	180.000000	134.276839	192.215281	230.710345	180.000000	134.971430	270.000000	90.000000	90.000000	180.000000	180.000000	180.000000	30.422444	90.000000	0.000000	0.000000	0.000000	0.000000	331.432741	90.000000	0.000000	0.000000	0.000000	0.000000	0.000000	0.000000	0.000000	0.000000	
87.696593	62.466786	161.305680	224.268187	180.000000	90.000000	89.967631	8.037752	315.732405	0.000000	358.968901	0.000000	89.638077	358.144089	226.729633	180.000000	134.277106	197.750526	230.710345	180.000000	134.971430	270.000000	90.000000	90.000000	180.000000	180.000000	180.000000	31.236238	90.000000	0.000000	0.000000	0.000000	0.000000	331.722493	90.000000	180.000000	0.000000	0.000000	0.000000	0.000000	0.000000	0.000000	0.000000	
87.403755	62.466756	160.823883	224.268187	180.000000	90.000000	89.967631	8.156781	315.732082	0.000000	358.968901	0.000000	93.348524	357.834229	226.596528	180.000000	134.277236	200.265359	229.164809	180.000000	134.971430	270.000000	90.000000	90.000000	180.000000	180.000000	180.000000	31.414074	90.000000	0.000000	0.000000	0.000000	0.000000	340.319351	90.000000	180.000000	0.000000	0.000000	0.000000	0.000000	0.000000	0.000000	0.000000	
87.135999	62.466741	160.603900	224.268187	180.000000	90.000000	89.967631	3.740394	315.731936	0.000000	358.968901	0.000000	90.252549	357.554317	226.545675	180.000000	134.277299	201.408746	228.463589	180.000000	134.971430	270.000000	90.000000	90.000000	180.000000	180.000000	180.000000	31.294166	90.000000	0.000000	0.000000	0.000000	0.000000	336.222925	90.000000	180.000000	0.000000	0.000000	0.000000	0.000000	0.000000	0.000000	0.000000	
86.894651	62.466734	160.503425	224.268187	180.000000	90.000000	89.967631	1.570687	315.731869	0.000000	358.968901	0.000000	93.510142	357.307605	226.526244	180.000000	134.277330	201.928769	228.145369	180.000000	134.971430	270.000000	90.000000	90.000000	180.000000	180.000000	180.000000	31.037887	90.000000	0.000000	0.000000	0.000000	0.000000	342.741630	90.000000	180.000000	0.000000	0.000000	0.000000	0.000000	0.000000	0.000000	0.000000	
86.680200	62.466730	160.457518	224.268187	180.000000	90.000000	89.967631	0.499786	315.731838	0.000000	358.968901	0.000000	95.036319	357.095467	226.518819	180.000000	134.277344	202.165341	228.000928	180.000000	134.971430	270.000000	90.000000	90.000000	180.000000	180.000000	180.000000	30.722671	90.000000	0.000000	0.000000	0.000000	0.000000	337.779189	90.000000	180.000000	180.000000	0.000000	0.000000	0.000000	0.000000	0.000000	0.000000	
86.492716	62.466729	160.436537	224.268187	180.000000	90.000000	89.967631	359.958529	315.731825	0.000000	358.968901	0.000000	95.696598	356.918304	226.515981	180.000000	134.277352	202.272992	227.935352	180.000000	134.971430	270.000000	90.000000	90.000000	180.000000	180.000000	180.000000	30.385984	90.000000	0.000000	0.000000	0.000000	0.000000	343.711707	90.000000	180.000000	180.000000	0.000000	0.000000	0.000000	0.000000	0.000000	0.000000	
86.332047	62.466728	160.426944	224.268187	180.000000	90.000000	89.967631	359.428552	315.731818	0.000000	358.968901	0.000000	95.929687	356.775992	226.514896	180.000000	134.277355	202.321989	227.905576	180.000000	134.971430	270.000000	90.000000	90.000000	180.000000	180.000000	180.000000	30.046197	90.000000	0.000000	0.000000	0.000000	0.000000	346.696480	90.000000	180.000000	180.000000	0.000000	0.000000	0.000000	0.000000	0.000000	0.000000	
86.197908	62.466728	160.422556	224.268187	180.000000	90.000000	89.967631	358.921518	315.731816	0.000000	358.968901	0.000000	92.812473	356.668112	226.514481	180.000000	134.277357	202.344296	227.892052	180.000000	134.971430	270.000000	90.000000	90.000000	180.000000	180.000000	180.000000	29.712508	90.000000	0.000000	0.000000	0.000000	0.000000	348.210463	90.000000	180.000000	180.000000	0.000000	0.000000	0.000000	0.000000	0.000000	0.000000	
86.089931	62.466727	160.420549	224.268187	180.000000	90.000000	89.967631	358.443581	315.731814	0.000000	358.968901	0.000000	91.189041	356.594074	226.514322	180.000000	134.277358	202.354455	227.885908	180.000000	134.971430	270.000000	90.000000	90.000000	180.000000	180.000000	180.000000	28.382081	90.000000	0.000000	0.000000	0.000000	0.000000	348.995748	90.000000	180.000000	180.000000	180.000000	0.000000	0.000000	0.000000	0.000000	0.000000	
86.007688	62.466727	160.419630	224.268187	180.000000	90.000000	89.974657	357.998094	315.731814	0.000000	358.968901	0.000000	90.319932	356.553177	226.514262	180.000000	134.277358	202.359082	227.883117	180.000000	134.971430	270.000000	90.000000	90.000000	180.000000	180.000000	180.000000	27.617951	90.000000	0.000000	0.000000	0.000000	0.000000	349.425241	90.000000	180.000000	180.000000	180.000000	0.000000	0.000000	0.000000	0.000000	0.000000	
85.950712	62.466727	160.419209	224.268187	180.000000	90.000000	89.977966	357.586930	315.731813	0.000000	358.968901	0.000000	89.837201	356.544657	226.514238	180.000000	134.277358	202.361190	227.881848	180.000000	134.978797	270.000000	90.000000	90.000000	180.000000	180.000000	180.000000	27.913910	90.000000	0.000000	0.000000	0.000000	0.000000	349.686139	90.000000	180.000000	180.000000	180.000000	0.000000	0.000000	0.000000	0.000000	0.000000	
85.918502	62.466727	160.419016	224.268187	180.000000	90.000000	89.979525	357.211134	315.731813	0.000000	358.968901	0.000000	89.557522	356.567706	226.514230	180.000000	134.277358	202.362151	227.881271	180.000000	134.982364	270.000000	90.000000	90.000000	180.000000	180.000000	180.000000	27.705169	90.000000	0.000000	0.000000	0.000000	0.000000	349.872263	90.000000	180.000000	180.000000	180.000000	0.000000	0.000000	0.000000	0.000000	0.000000	
85.910538	62.466727	160.418928	224.268187	180.000000	90.000000	89.980260	356.871245	315.731813	0.000000	358.968901	0.000000	89.389486	356.621490	226.514226	180.000000	134.277358	202.362589	227.881009	180.000000	134.984092	270.000000	90.000000	90.000000	180.000000	180.000000	180.000000	27.256169	90.000000	0.000000	0.000000	0.000000	0.000000	350.030533	90.000000	180.000000	180.000000	180.000000	90.000000	0.000000	0.000000	0.000000	0.000000	
85.926281	62.466727	160.418887	224.268187	180.000000	90.000000	89.980606	356.567469	315.731813	0.000000	358.968901	0.000000	89.287451	2.760839	226.514225	180.000000	134.277358	202.362789	227.880890	180.000000	134.984929	270.000000	90.000000	90.000000	180.000000	180.000000	180.000000	26.696327	90.000000	0.000000	0.000000	0.000000	0.000000	350.184337	90.000000	180.000000	180.000000	180.000000	90.000000	0.000000	0.000000	0.000000	0.000000	
85.965183	62.466727	160.418869	224.268187	180.000000	90.000000	89.980769	356.299770	315.731813	0.000000	359.213153	0.000000	89.228559	359.586651	226.514224	180.000000	134.277358	202.362880	227.880836	180.000000	134.985334	270.000000	90.000000	90.000000	180.000000	180.000000	180.000000	26.090207	90.000000	0.000000	0.000000	0.000000	0.000000	348.893963	90.000000	180.000000	180.000000	180.000000	90.000000	0.000000	0.000000	0.000000	0.000000	
86.026690	62.466727	160.418860	224.268187	180.000000	90.000000	89.980846	356.067928	315.731813	0.000000	359.316044	0.000000	89.201275	358.113069	226.514224	180.000000	134.277358	202.362922	227.880811	180.000000	134.985531	270.000000	90.000000	90.000000	180.000000	180.000000	180.000000	25.470937	90.000000	0.000000	0.000000	0.000000	0.000000	348.314290	90.000000	180.000000	180.000000	180.000000	90.000000	0.000000	0.000000	0.000000	0.000000	
93.001568	62.466727	160.418856	224.268187	180.000000	90.000000	89.980883	355.871575	315.731813	0.000000	359.359396	0.000000	89.199687	3.298433	226.514224	180.000000	134.277358	202.362941	227.880800	180.000000	134.985626	270.000000	90.000000	90.000000	180.000000	180.000000	180.000000	24.856247	90.000000	0.000000	0.000000	0.000000	0.000000	348.086824	90.000000	180.000000	180.000000	180.000000	90.000000	180.000000	0.000000	0.000000	0.000000	
89.153513	62.466727	160.418855	224.268187	180.000000	90.000000	89.980900	355.710221	315.731813	0.000000	359.377666	0.000000	89.220663	359.952533	226.514224	180.000000	134.277358	202.362949	227.880795	180.000000	134.985672	270.000000	90.000000	90.000000	180.000000	180.000000	180.000000	24.256218	90.000000	0.000000	0.000000	0.000000	0.000000	348.037153	90.000000	180.000000	180.000000	180.000000	90.000000	180.000000	0.000000	0.000000	0.000000	
87.478826	62.466727	160.418854	224.268187	180.000000	90.000000	89.980908	355.583282	315.731813	0.000000	359.385367	0.000000	89.262440	4.068262	226.514224	180.000000	134.277358	202.362953	227.880792	180.000000	134.985694	270.000000	90.000000	90.000000	180.000000	180.000000	180.000000	23.677046	90.000000	0.000000	0.000000	0.000000	0.000000	345.236191	90.000000	180.000000	180.000000	180.000000	90.000000	180.000000	0.000000	0.000000	0.000000	
93.491505	62.466727	160.418853	224.268187	180.000000	90.000000	89.980912	355.490091	315.731813	0.000000	359.388615	0.000000	89.323925	5.968603	226.514224	180.000000	134.277358	202.362955	227.880791	180.000000	134.985705	270.000000	90.000000	90.000000	180.000000	180.000000	180.000000	23.122890	90.000000	0.000000	0.000000	0.000000	0.000000	343.744841	90.000000	180.000000	180.000000	180.000000	90.000000	180.000000	0.000000	0.000000	0.000000	
89.449051	62.466727	160.418853	224.268187	180.000000	90.000000	89.980913	355.429921	315.731813	0.000000	359.389984	0.000000	89.225097	1.303757	226.514224	180.000000	134.277358	202.362956	227.880791	180.000000	134.985711	270.000000	90.000000	90.000000	180.000000	180.000000	180.000000	22.596771	90.000000	0.000000	0.000000	0.000000	0.000000	342.932451	90.000000	180.000000	180.000000	180.000000	90.000000	180.000000	180.000000	0.000000	0.000000	
94.263089	62.466727	160.418853	224.268187	180.000000	90.000000	89.980914	355.402000	315.731813	0.000000	359.390562	0.000000	88.985149	4.528059	226.514224	180.000000	134.277358	202.362956	227.880790	180.000000	134.985713	270.000000	90.000000	90.000000	180.000000	180.000000	180.000000	22.101027	90.000000	0.000000	0.000000	0.000000	0.000000	342.479801	90.000000	180.000000	180.000000	180.000000	90.000000	180.000000	180.000000	0.000000	0.000000	
89.845043	62.466727	160.418853	224.268187	180.000000	90.000000	89.980915	355.405519	315.731813	0.000000	359.390805	0.000000	88.695519	6.023368	226.514224	180.000000	134.277358	202.362957	227.880790	180.000000	134.985714	270.000000	90.000000	90.000000	180.000000	180.000000	180.000000	21.637522	90.000000	0.000000	0.000000	0.000000	0.000000	342.225016	90.000000	180.000000	180.000000	180.000000	90.000000	180.000000	180.000000	0.000000	0.000000	
94.346389	62.466727	160.418853	224.268187	180.000000	90.000000	89.980915	355.439649	315.731813	0.000000	359.390908	0.000000	88.401925	6.675674	226.514224	180.000000	134.277358	202.362957	227.880790	180.000000	134.985715	270.000000	90.000000	90.000000	180.000000	180.000000	180.000000	21.207767	90.000000	0.000000	0.000000	0.000000	0.000000	342.085837	90.000000	180.000000	180.000000	180.000000	90.000000	180.000000	180.000000	0.000000	0.000000	
96.297315	62.466727	160.418853	224.268187	180.000000	90.000000	89.980915	355.503548	315.731813	0.000000	359.390952	0.000000	88.127183	6.922424	226.514224	180.000000	134.277358	202.362957	227.880790	180.000000	134.985715	270.000000	90.000000	90.000000	180.000000	180.000000	180.000000	20.812970	90.000000	0.000000	0.000000	0.000000	0.000000	342.020272	90.000000	180.000000	180.000000	180.000000	90.000000	180.000000	180.000000	180.000000	0.000000	
90.834841	62.466727	160.418853	224.466397	180.000000	90.000000	89.980915	2.788491	315.731813	0.000000	359.390970	0.000000	87.882559	3.173088	226.514224	180.000000	134.277358	202.362957	227.880790	180.000000	134.985715	270.000000	90.000000	90.000000	180.000000	180.000000	180.000000	20.454073	90.000000	0.000000	0.000000	0.000000	0.000000	342.006691	90.000000	180.000000	180.000000	180.000000	90.000000	180.000000	180.000000	180.000000	0.000000	
94.636580	62.466727	160.418853	224.556329	180.000000	90.000000	89.980915	359.052512	315.731813	0.000000	359.390978	0.000000	87.673448	1.317533	226.514224	180.000000	134.277358	202.362957	227.880790	180.000000	134.985715	270.000000	90.000000	90.000000	180.000000	180.000000	180.000000	20.131774	90.000000	0.000000	0.000000	0.000000	0.000000	342.033738	90.000000	180.000000	180.000000	180.000000	90.000000	180.000000	180.000000	180.000000	0.000000	
96.294488	62.466727	160.418853	224.597142	180.000000	90.000000	89.980915	357.285480	315.731813	0.000000	359.390981	0.000000	87.502225	0.385291	226.514224	180.000000	134.277358	202.362957	227.880790	180.000000	134.985716	270.000000	90.000000	90.000000	180.000000	180.000000	180.000000	19.846545	90.000000	0.000000	0.000000	0.000000	0.000000	342.095246	90.000000	180.000000	180.000000	180.000000	90.000000	180.000000	180.000000	180.000000	0.000000	
96.977596	57.972682	160.418853	224.615666	180.000000	90.000000	89.980915	3.511081	315.731813	0.000000	359.390982	0.000000	87.369692	359.907940	226.514224	180.000000	134.277358	202.362957	227.880790	180.000000	134.985716	270.000000	90.000000	90.000000	180.000000	180.000000	180.000000	19.598650	90.000000	0.000000	0.000000	0.000000	0.000000	342.187664	90.000000	180.000000	180.000000	180.000000	90.000000	180.000000	180.000000	180.000000	90.000000	
97.222027	55.796824	164.804157	224.624076	180.000000	90.000000	89.980915	359.484134	315.731813	0.000000	359.390983	0.000000	87.275809	359.659180	226.514224	180.000000	134.277358	202.362957	227.880790	180.000000	134.985716	270.000000	90.000000	90.000000	180.000000	180.000000	180.000000	19.388165	90.000000	0.000000	0.000000	0.000000	0.000000	342.308765	90.000000	180.000000	180.000000	180.000000	90.000000	180.000000	180.000000	180.000000	90.000000	
97.273860	54.742900	166.800835	224.627895	180.000000	90.000000	89.980915	4.480761	315.731813	0.000000	359.390983	0.000000	87.220084	359.529655	226.514224	180.000000	134.277358	202.362957	227.880790	180.000000	134.985716	270.000000	90.000000	90.000000	180.000000	180.000000	180.000000	19.214993	90.000000	0.000000	0.000000	0.000000	0.000000	342.456999	90.000000	180.000000	180.000000	180.000000	90.000000	180.000000	180.000000	180.000000	90.000000	
93.004544	54.232264	167.710473	224.629629	180.000000	90.000000	89.980915	0.010315	315.731813	0.000000	359.390983	0.000000	87.201770	359.466491	226.514224	180.000000	134.277358	202.362957	227.880790	180.000000	134.985716	270.000000	90.000000	90.000000	180.000000	180.000000	180.000000	19.078888	90.000000	0.000000	0.000000	0.000000	0.000000	342.631168	90.000000	180.000000	180.000000	180.000000	90.000000	180.000000	180.000000	180.000000	90.000000	
91.057866	53.984793	168.125024	224.630417	180.000000	90.000000	89.980915	4.657792	315.731813	0.000000	359.390983	0.000000	87.219980	359.444066	226.514224	180.000000	134.277358	202.362957	227.880790	180.000000	134.985716	270.000000	90.000000	90.000000	180.000000	180.000000	180.000000	18.979470	90.000000	0.000000	0.000000	0.000000	0.000000	342.830265	90.000000	180.000000	180.000000	180.000000	90.000000	180.000000	180.000000	180.000000	90.000000	
90.157950	53.864830	168.314003	224.630775	180.000000	90.000000	89.980915	6.854527	315.731813	0.000000	359.390983	0.000000	87.273746	359.449900	226.514224	180.000000	134.277358	202.362957	227.880790	180.000000	134.985716	270.000000	90.000000	90.000000	180.000000	180.000000	180.000000	18.916247	90.000000	0.000000	0.000000	0.000000	0.000000	343.053395	90.000000	180.000000	180.000000	180.000000	90.000000	180.000000	180.000000	180.000000	90.000000	
89.733840	53.806663	168.400178	224.630938	180.000000	90.000000	89.980915	1.251022	315.731813	0.000000	359.390983	0.000000	92.459590	359.316203	226.514224	180.000000	134.277358	202.362957	227.880790	180.000000	134.985716	270.000000	90.000000	90.000000	180.000000	180.000000	180.000000	18.888632	90.000000	0.000000	0.000000	0.000000	0.000000	343.299735	90.000000	180.000000	180.000000	180.000000	90.000000	180.000000	180.000000	180.000000	90.000000	
89.529795	53.778451	168.439485	224.631012	180.000000	90.000000	89.980915	5.130428	315.731813	0.000000	359.390983	0.000000	89.871872	359.036149	226.514224	180.000000	134.277358	202.362957	227.880790	180.000000	134.985716	270.000000	90.000000	90.000000	180.000000	180.000000	180.000000	18.895962	90.000000	0.000000	0.000000	0.000000	0.000000	352.376406	90.000000	180.000000	180.000000	180.000000	90.000000	180.000000	180.000000	180.000000	90.000000	
89.431273	53.764764	168.457420	224.631045	180.000000	90.000000	89.980915	6.977439	315.731813	0.000000	359.390983	0.000000	93.569335	358.703514	226.514224	180.000000	134.277358	202.362957	227.880790	180.000000	134.985716	270.000000	90.000000	90.000000	180.000000	180.000000	180.000000	18.937511	90.000000	0.000000	0.000000	0.000000	0.000000	347.924528	90.000000	180.000000	180.000000	180.000000	90.000000	180.000000	180.000000	180.000000	90.000000	
89.386966	53.758123	168.465606	224.631061	180.000000	90.000000	89.980915	7.821991	315.731813	0.000000	359.390983	0.000000	90.451377	358.364000	226.514224	180.000000	134.463524	202.362957	227.880790	180.000000	134.985716	270.000000	90.000000	90.000000	180.000000	180.000000	180.000000	19.012508	90.000000	0.000000	0.000000	0.000000	0.000000	345.921325	90.000000	180.000000	180.000000	180.000000	90.000000	180.000000	180.000000	180.000000	90.000000	
89.373860	53.754899	168.469343	224.631068	180.000000	90.000000	89.980915	8.177235	315.731813	0.000000	359.390983	0.000000	93.702750	358.039927	226.514224	180.000000	134.553661	202.362957	227.880790	180.000000	134.985716	270.000000	90.000000	90.000000	180.000000	180.000000	180.000000	19.120150	90.000000	0.000000	0.000000	0.000000	0.000000	353.669600	90.000000	180.000000	180.000000	180.000000	90.000000	180.000000	180.000000	180.000000	90.000000	
89.219654	53.753334	168.471050	224.631071	180.000000	90.000000	89.980915	8.299004	315.731813	0.000000	359.390983	0.000000	95.219930	357.742163	226.514224	180.000000	134.597314	202.362957	227.880790	180.000000	134.985716	270.000000	90.000000	90.000000	180.000000	180.000000	180.000000	19.259611	90.000000	0.000000	0.000000	0.000000	0.000000	348.855484	90.000000	180.000000	180.000000	180.000000	90.000000	180.000000	180.000000	180.000000	90.000000	
88.936660	53.752573	168.471830	224.631072	180.000000	90.000000	89.980915	3.827059	315.731813	0.000000	359.390983	0.000000	95.870328	357.475915	226.514224	180.000000	134.618459	202.362957	227.880790	180.000000	134.985716	270.000000	90.000000	90.000000	180.000000	180.000000	180.000000	19.430055	90.000000	0.000000	0.000000	0.000000	0.000000	355.098823	90.000000	180.000000	180.000000	180.000000	90.000000	180.000000	180.000000	180.000000	90.000000	
88.610339	53.752204	168.472186	224.631073	180.000000	90.000000	89.980915	1.634240	315.731813	0.000000	359.390983	0.000000	96.093287	357.243551	226.514224	180.000000	134.628704	202.362957	227.880790	180.000000	134.985716	270.000000	90.000000	90.000000	180.000000	180.000000	180.000000	19.630646	90.000000	0.000000	0.000000	0.000000	0.000000	349.734373	90.000000	180.000000	180.000000	180.000000	90.000000	180.000000	180.000000	180.000000	90.000000	
88.279392	53.752024	168.472349	224.631073	180.000000	90.000000	89.980915	0.555507	315.731813	0.000000	359.390983	0.000000	96.111596	357.045991	226.514224	180.000000	134.633669	202.362957	227.880790	180.000000	134.985716	270.000000	90.000000	90.000000	180.000000	180.000000	180.000000	19.860550	90.000000	0.000000	0.000000	0.000000	0.000000	355.534004	90.000000	180.000000	180.000000	180.000000	90.000000	180.000000	180.000000	180.000000	90.000000	
87.961422	53.751937	168.472423	224.631073	180.000000	90.000000	89.980915	359.924672	315.731813	0.000000	359.390983	0.000000	92.834628	356.883390	226.514224	180.000000	134.636076	202.362957	227.880790	180.000000	134.985716	270.000000	90.000000	90.000000	180.000000	180.000000	180.000000	20.118948	90.000000	0.000000	0.000000	0.000000	0.000000	350.182597	90.000000	180.000000	180.000000	180.000000	90.000000	180.000000	180.000000	180.000000	90.000000	
87.664451	53.751895	168.472458	224.631073	180.000000	90.000000	89.985044	359.356422	315.731813	0.000000	359.390983	0.000000	91.139762	356.755490	226.514224	180.000000	134.637243	208.515667	227.880790	180.000000	134.985716	270.000000	90.000000	90.000000	180.000000	180.000000	180.000000	27.162584	90.000000	0.000000	0.000000	0.000000	0.000000	355.786724	90.000000	180.000000	180.000000	180.000000	90.000000	180.000000	180.000000	180.000000	90.000000	
87.392111	53.751874	168.472473	224.631074	180.000000	90.000000	89.986988	358.836465	315.731813	0.000000	359.390983	0.000000	90.242986	356.661791	226.514224	180.000000	134.637809	211.306526	227.880790	180.000000	134.985716	270.000000	90.000000	90.000000	180.000000	180.000000	180.000000	24.020106	90.000000	0.000000	0.000000	0.000000	0.000000	358.519216	90.000000	180.000000	180.000000	180.000000	90.000000	180.000000	180.000000	180.000000	90.000000	
87.145993	53.751864	168.472480	224.631074	180.000000	90.000000	89.987904	358.358221	315.731813	0.000000	359.390983	0.000000	89.754202	356.601653	226.514224	180.000000	134.638084	212.573466	227.880790	180.000000	134.985716	270.000000	90.000000	90.000000	180.000000	180.000000	180.000000	22.568421	90.000000	0.000000	0.000000	0.000000	0.000000	359.823415	90.000000	180.000000	180.000000	180.000000	90.000000	180.000000	180.000000	180.000000	90.000000	
86.926716	53.751859	168.472484	224.631074	180.000000	90.000000	89.988336	357.918752	315.731813	0.000000	359.390983	0.000000	89.479075	356.574346	226.514224	180.000000	134.638217	213.148794	227.880790	180.000000	134.985716	270.000000	90.000000	90.000000	180.000000	180.000000	180.000000	28.490652	90.000000	0.000000	0.000000	0.000000	0.000000	0.422238	90.000000	180.000000	180.000000	180.000000	90.000000	180.000000	180.000000	180.000000	90.000000	
86.734417	53.751857	168.472485	224.631074	180.000000	90.000000	89.988539	357.516793	315.731813	0.000000	359.390983	0.000000	89.320725	356.579085	226.514224	180.000000	134.638282	213.410117	227.880790	180.000000	134.985716	270.000000	90.000000	90.000000	180.000000	180.000000	180.000000	25.071485	90.000000	0.000000	0.000000	0.000000	0.000000	0.677888	90.000000	180.000000	180.000000	180.000000	90.000000	180.000000	180.000000	180.000000	90.000000	
86.568977	53.751856	168.472486	224.631074	180.000000	90.000000	89.988635	357.151804	315.731813	0.000000	359.390983	0.000000	89.230794	356.615049	226.514224	180.000000	134.638313	213.528840	227.880790	180.000000	134.985716	270.000000	90.000000	90.000000	180.000000	180.000000	180.000000	29.819975	90.000000	0.000000	0.000000	0.000000	0.000000	0.771870	90.000000	180.000000	180.000000	180.000000	90.000000	180.000000	180.000000	180.000000	90.000000	
86.430133	53.751855	168.472486	224.631074	180.000000	90.000000	89.988680	356.823510	315.731813	0.000000	359.390983	0.000000	89.185073	356.681400	226.514224	180.000000	134.638329	213.582789	227.880790	180.000000	134.985716	270.000000	90.000000	90.000000	180.000000	180.000000	180.000000	26.003705	90.000000	0.000000	0.000000	0.000000	0.000000	0.795160	90.000000	180.000000	180.000000	180.000000	90.000000	180.000000	180.000000	180.000000	90.000000	
86.317530	53.751855	168.472486	224.631074	180.000000	90.000000	89.988702	356.531683	315.731813	0.000000	359.390983	0.000000	89.171355	2.788649	226.514224	180.000000	134.638336	213.607309	227.880790	180.000000	134.985716	270.000000	90.000000	90.000000	180.000000	180.000000	180.000000	40.501584	90.000000	0.000000	0.000000	0.000000	0.000000	0.793361	90.000000	180.000000	180.000000	180.000000	90.000000	180.000000	180.000000	180.000000	90.000000	
86.230751	53.751855	168.472486	224.631074	180.000000	90.000000	89.988712	356.276051	315.731813	0.000000	359.390983	0.000000	89.183384	359.649575	226.514224	180.000000	134.638340	213.618457	227.880790	180.000000	134.985716	270.000000	90.000000	90.000000	180.000000	180.000000	180.000000	47.974928	90.000000	0.000000	0.000000	0.000000	0.000000	0.789336	90.000000	180.000000	180.000000	180.000000	90.000000	180.000000	180.000000	180.000000	90.000000	
86.169333	53.751855	168.472486	224.631074	180.000000	90.000000	89.988716	356.056253	315.731813	0.000000	359.390983	0.000000	89.217855	4.062561	226.514224	180.000000	134.638341	213.623525	227.880790	180.000000	134.985716	270.000000	90.000000	90.000000	180.000000	180.000000	180.000000	51.776005	90.000000	0.000000	0.000000	0.000000	0.000000	0.734540	90.000000	180.000000	180.000000	180.000000	90.000000	180.000000	180.000000	180.000000	90.000000	
86.132784	53.751855	168.472486	224.631074	180.000000	90.000000	89.988719	355.871836	315.731813	0.000000	359.390983	0.000000	89.272913	0.270354	226.514224	180.000000	134.638342	213.625831	227.100366	180.000000	134.985716	270.000000	90.000000	90.000000	180.000000	180.000000	180.000000	53.664198	90.000000	0.000000	0.000000	0.000000	0.000000	357.148061	90.000000	180.000000	180.000000	180.000000	90.000000	180.000000	180.000000	180.000000	90.000000	
86.120584	53.751855	168.472486	224.631074	180.000000	90.000000	89.988720	355.722253	315.731813	0.000000	359.390983	0.000000	89.246896	4.223854	226.514224	180.000000	134.638343	213.626880	226.746270	180.000000	134.985716	270.000000	90.000000	90.000000	180.000000	180.000000	180.000000	54.559362	90.000000	0.000000	0.000000	0.000000	0.000000	355.131710	90.000000	180.000000	180.000000	180.000000	90.000000	180.000000	180.000000	180.000000	90.000000	
86.132197	53.751855	168.472486	224.631074	180.000000	90.000000	89.988720	355.606880	315.731813	0.000000	359.390983	0.000000	89.036975	0.411000	226.514224	180.000000	134.638343	213.627357	226.585577	180.000000	134.985716	270.000000	90.000000	90.000000	180.000000	180.000000	180.000000	54.941733	90.000000	0.000000	0.000000	0.000000	0.000000	353.908493	90.000000	180.000000	180.000000	180.000000	90.000000	180.000000	180.000000	180.000000	90.000000	
86.167078	53.751855	168.472486	224.631074	180.000000	90.000000	89.988721	355.525023	315.731813	0.000000	359.535450	0.000000	88.755998	4.186348	226.514224	180.000000	134.638343	213.627574	226.512638	180.000000	134.989394	270.000000	90.000000	90.000000	180.000000	180.000000	180.000000	55.061984	90.000000	0.000000	0.000000	0.000000	0.000000	353.096852	90.000000	180.000000	180.000000	180.000000	90.000000	180.000000	180.000000	180.000000	90.000000	
86.224673	53.751855	168.472486	224.631074	180.000000	90.000000	89.988721	355.475935	315.731813	0.000000	359.596309	0.000000	88.460369	5.935944	226.514224	180.000000	134.638343	213.627673	226.479524	180.000000	134.991174	270.000000	90.000000	90.000000	180.000000	180.000000	180.000000	55.051036	90.000000	0.000000	0.000000	0.000000	0.000000	352.508254	90.000000	180.000000	180.000000	180.000000	90.000000	180.000000	180.000000	180.000000	90.000000	
93.163945	53.751855	168.472486	224.631074	180.000000	90.000000	89.988721	355.458828	315.731813	0.000000	359.621952	0.000000	88.178268	6.697248	226.514224	180.000000	134.638343	213.627718	226.464487	180.000000	134.992037	270.000000	90.000000	90.000000	180.000000	180.000000	180.000000	54.977357	90.000000	0.000000	0.000000	0.000000	0.000000	352.049149	90.000000	180.000000	180.000000	180.000000	90.000000	180.000000	180.000000	180.000000	90.000000	
89.330681	53.751855	168.472486	224.631074	180.000000	90.000000	89.988721	355.472885	315.731813	0.000000	359.632759	0.000000	87.923677	6.981671	226.514224	180.000000	134.638343	213.627739	226.457658	180.000000	134.992455	270.000000	90.000000	90.000000	180.000000	180.000000	180.000000	54.876853	90.000000	0.000000	0.000000	0.000000	0.000000	351.672929	90.000000	180.000000	180.000000	180.000000	90.000000	180.000000	180.000000	180.000000	90.000000	
87.660376	53.751855	168.472486	224.631074	180.000000	90.000000	89.988721	355.517271	315.731813	0.000000	359.637315	0.000000	87.703375	7.041534	226.514224	180.000000	134.638343	213.627748	226.454556	180.000000	134.992657	270.000000	90.000000	90.000000	180.000000	180.000000	180.000000	54.768442	90.000000	0.000000	0.000000	0.000000	0.000000	351.356238	90.000000	180.000000	180.000000	180.000000	90.000000	180.000000	180.000000	180.000000	90.000000	
93.643307	53.751855	168.472486	224.631074	180.000000	90.000000	89.988721	2.819567	315.731813	0.000000	359.639236	0.000000	87.520454	3.253173	226.514224	180.000000	134.638343	213.627752	226.453146	180.000000	134.992755	270.000000	90.000000	90.000000	180.000000	180.000000	180.000000	54.662185	90.000000	0.000000	0.000000	0.000000	0.000000	351.087233	90.000000	180.000000	180.000000	180.000000	90.000000	180.000000	180.000000	180.000000	90.000000	
89.616347	53.751855	168.472486	224.631074	180.000000	90.000000	89.988721	359.047776	315.731813	0.000000	359.640046	0.000000	87.376092	1.373011	226.514224	180.000000	134.638343	213.627754	226.452505	180.000000	134.992803	270.000000	90.000000	90.000000	180.000000	180.000000	180.000000	54.563516	90.000000	0.000000	0.000000	0.000000	0.000000	350.859762	90.000000	180.000000	180.000000	180.000000	90.000000	180.000000	180.000000	180.000000	90.000000	
94.406504	53.751855	168.472486	224.631074	180.000000	90.000000	89.988721	357.253357	315.731813	0.000000	359.640387	0.000000	87.270452	0.423429	226.514224	180.000000	134.638343	213.627755	226.452214	180.000000	134.992826	270.000000	90.000000	90.000000	180.000000	180.000000	180.000000	54.475454	90.000000	0.000000	0.000000	0.000000	0.000000	350.670462	90.000000	180.000000	180.000000	180.000000	90.000000	180.000000	180.000000	180.000000	90.000000	
90.005561	53.751855	171.051828	224.631074	180.000000	90.000000	89.988721	3.504680	315.731813	0.000000	359.640532	0.000000	87.203151	359.932478	226.514224	180.000000	134.638343	213.627756	226.452082	180.000000	134.992837	270.000000	90.000000	90.000000	180.000000	180.000000	180.000000	54.399751	90.000000	0.000000	0.000000	0.000000	0.000000	350.517324	90.000000	180.000000	180.000000	180.000000	90.000000	180.000000	180.000000	180.000000	90.000000	
94.484977	53.751855	172.226206	224.631074	180.000000	90.000000	89.988721	359.434384	315.731813	0.000000	359.640592	0.000000	87.173506	359.672083	226.514224	180.000000	134.638343	213.627756	226.452021	180.000000	134.992842	270.000000	90.000000	90.000000	180.000000	180.000000	180.000000	54.337489	90.000000	0.000000	0.000000	0.000000	0.000000	350.398982	90.000000	180.000000	180.000000	180.000000	90.000000	180.000000	180.000000	180.000000	90.000000	
96.425055	53.751855	172.761100	224.631074	180.000000	90.000000	89.988721	4.455601	315.731813	0.000000	359.640618	0.000000	87.180663	359.531993	226.514224	180.000000	134.638343	213.627756	226.451994	180.000000	134.992845	270.000000	90.000000	90.000000	180.000000	180.000000	180.000000	54.289392	90.000000	0.000000	0.000000	0.000000	0.000000	350.314367	90.000000	180.000000	180.000000	180.000000	90.000000	180.000000	180.000000	180.000000	90.000000	
90.984457	53.751855	173.004799	224.631074	180.000000	90.000000	89.988721	359.934396	315.731813	0.000000	359.640629	0.000000	87.223675	359.458882	226.514224	180.000000	134.638343	213.627756	226.451982	180.000000	134.992846	270.000000	90.000000	90.000000	180.000000	180.000000	180.000000	54.255987	90.000000	0.000000	0.000000	0.000000	0.000000	350.262532	90.000000	180.000000	180.000000	180.000000	90.000000	180.000000	180.000000	180.000000	90.000000	
94.767899	53.751855	173.115861	224.631074	180.000000	90.000000	89.988721	4.610228	315.731813	0.000000	359.640634	0.000000	92.438338	359.426901	226.054373	180.000000	134.638343	213.627756	226.451976	180.000000	134.992847	270.000000	90.000000	90.000000	180.000000	180.000000	180.000000	54.237689	90.000000	0.000000	0.000000	0.000000	0.000000	350.242584	90.000000	180.000000	180.000000	180.000000	90.000000	180.000000	180.000000	180.000000	90.000000	
96.416719	53.751855	173.166490	224.631074	180.000000	90.000000	89.988721	6.815321	315.731813	0.000000	359.640635	0.000000	89.819948	359.423457	225.878748	180.000000	134.638343	213.627756	226.451973	180.000000	134.992847	270.000000	90.000000	90.000000	180.000000	180.000000	180.000000	54.234839	90.000000	0.000000	0.000000	0.000000	0.000000	350.253644	90.000000	180.000000	180.000000	180.000000	90.000000	180.000000	180.000000	180.000000	90.000000	
97.095063	53.751855	173.189576	224.631074	180.000000	90.000000	89.988721	1.143640	315.731813	0.000000	359.640636	0.000000	93.541092	359.419245	225.811665	180.000000	134.638343	213.627756	226.451972	180.000000	134.992847	270.000000	90.000000	90.000000	180.000000	180.000000	180.000000	54.247731	90.000000	0.000000	0.000000	0.000000	0.000000	350.294838	90.000000	180.000000	180.000000	180.000000	90.000000	180.000000	180.000000	180.000000	90.000000	
97.336761	53.751855	173.200106	224.631074	180.000000	90.000000	89.988721	5.052844	315.731813	0.000000	359.640637	0.000000	90.385471	359.192048	225.786038	180.000000	134.638343	213.627756	226.451972	180.000000	134.992847	270.000000	90.000000	90.000000	180.000000	180.000000	180.000000	54.276617	90.000000	0.000000	0.000000	0.000000	0.000000	350.365295	90.000000	180.000000	180.000000	180.000000	90.000000	180.000000	180.000000	180.000000	90.000000	
97.386812	53.751855	173.204911	224.631074	180.000000	90.000000	89.988721	6.909336	315.731813	0.000000	359.640637	0.000000	93.661873	358.875025	225.776247	180.000000	134.638343	213.627756	226.451971	180.000000	134.992847	270.000000	90.000000	90.000000	180.000000	180.000000	180.000000	54.321715	90.000000	0.000000	0.000000	0.000000	0.000000	350.464151	90.000000	180.000000	180.000000	180.000000	90.000000	180.000000	180.000000	180.000000	90.000000	
93.094468	51.500812	173.207104	224.631074	180.000000	90.000000	89.988721	7.753532	315.731813	0.000000	359.640637	0.000000	95.188166	358.532955	225.772505	180.000000	134.638343	213.627756	226.451971	180.000000	134.992847	270.000000	90.000000	90.000000	180.000000	180.000000	180.000000	54.383211	90.000000	0.000000	0.000000	0.000000	0.000000	350.590550	90.000000	180.000000	180.000000	180.000000	90.000000	180.000000	180.000000	180.000000	90.000000	
91.137445	50.410948	173.208105	224.631074	180.000000	90.000000	89.988721	8.103614	315.731813	0.000000	359.640637	0.000000	95.839891	358.197451	225.771075	180.000000	134.638343	213.627756	226.451971	180.000000	134.992847	270.000000	90.000000	90.000000	180.000000	180.000000	180.000000	54.461255	90.000000	0.000000	0.000000	0.000000	0.000000	358.712900	90.000000	180.000000	180.000000	180.000000	90.000000	180.000000	180.000000	180.000000	90.000000	
90.232765	49.883132	173.208562	224.631074	180.000000	90.000000	89.988721	8.217832	315.731813	0.000000	359.640637	0.000000	96.060325	357.883949	225.770529	180.000000	134.638343	213.627756	226.451971	180.000000	134.992847	270.000000	90.000000	90.000000	180.000000	180.000000	180.000000	54.555966	90.000000	0.000000	0.000000	0.000000	0.000000	354.616803	90.000000	180.000000	180.000000	180.000000	90.000000	180.000000	180.000000	180.000000	90.000000	
89.806358	49.627451	173.208771	224.631074	180.000000	90.000000	89.988721	8.225007	315.731813	0.000000	359.640637	0.000000	96.074168	357.599923	225.770320	180.000000	134.638343	213.627756	226.451971	180.000000	134.992847	270.000000	90.000000	90.000000	180.000000	180.000000	180.000000	54.667425	90.000000	0.000000	0.000000	0.000000	0.000000	352.708857	90.000000	180.000000	180.000000	180.000000	90.000000	180.000000	180.000000	180.000000	90.000000	
89.601107	49.503565	173.208866	224.730968	180.000000	90.000000	89.988721	3.686570	315.731813	0.000000	359.640637	0.000000	92.827604	357.348889	225.770240	180.000000	134.638343	213.627756	226.451971	180.000000	134.992847	270.000000	90.000000	90.000000	180.000000	180.000000	180.000000	54.795674	90.000000	0.000000	0.000000	0.000000	0.000000	359.647566	90.000000	180.000000	180.000000	180.000000	90.000000	180.000000	180.000000	180.000000	90.000000	
89.501863	49.443523	173.208910	224.776292	180.000000	90.000000	89.988721	1.467515	315.731813	0.000000	359.640637	0.000000	91.144231	357.132359	225.770210	180.000000	134.638343	213.627756	226.451971	180.000000	134.992847	270.000000	90.000000	90.000000	180.000000	180.000000	180.000000	54.940719	90.000000	0.000000	0.000000	0.000000	0.000000	355.220079	90.000000	180.000000	180.000000	180.000000	90.000000	180.000000	180.000000	180.000000	90.000000	
89.457051	49.414417	173.208930	224.796861	180.000000	90.000000	89.991181	0.381611	315.731813	0.000000	359.640637	0.000000	90.249647	356.950806	225.770198	180.000000	134.638343	213.627756	226.451971	180.000000	134.992847	270.000000	90.000000	90.000000	180.000000	180.000000	180.000000	55.102525	90.000000	0.000000	0.000000	0.000000	0.000000	0.798042	90.000000	180.000000	180.000000	180.000000	90.000000	180.000000	180.000000	180.000000	90.000000	
89.443537	49.400303	173.208939	224.806197	180.000000	90.000000	89.992339	359.606438	315.731813	0.000000	359.640637	0.000000	89.758520	356.804149	225.770193	180.000000	134.638343	213.627756	226.451971	180.000000	134.992847	270.000000	90.000000	90.000000	180.000000	180.000000	180.000000	55.281013	90.000000	0.000000	0.000000	0.000000	0.000000	355.871613	90.000000	180.000000	180.000000	180.000000	90.000000	180.000000	180.000000	180.000000	90.000000	
89.292888	49.393458	173.208943	224.810435	180.000000	90.000000	89.992885	358.976724	315.731813	0.000000	359.640637	0.000000	89.478872	356.691993	225.770192	180.000000	134.638343	213.627756	226.451971	180.000000	134.992847	270.000000	90.000000	90.000000	180.000000	180.000000	180.000000	55.476066	90.000000	0.000000	0.000000	0.000000	0.000000	1.059601	90.000000	180.000000	180.000000	180.000000	90.000000	180.000000	180.000000	180.000000	90.000000	
89.011223	49.390137	173.208945	224.812360	180.000000	90.000000	89.993142	358.436352	315.731813	0.000000	359.640637	0.000000	89.314985	356.613762	225.770191	180.000000	134.638343	213.627756	226.451971	180.000000	134.992847	270.000000	90.000000	90.000000	180.000000	180.000000	180.000000	55.687522	90.000000	0.000000	0.000000	0.000000	0.000000	356.144423	90.000000	180.000000	180.000000	180.000000	90.000000	180.000000	180.000000	180.000000	90.000000	
88.685229	49.388525	173.208946	224.813234	180.000000	90.000000	89.993264	357.958150	315.731813	0.000000	359.640637	0.000000	89.219075	356.568766	225.770191	180.000000	134.731379	213.627756	226.451971	180.000000	134.992847	270.000000	90.000000	90.000000	180.000000	180.000000	180.000000	60.214163	90.000000	0.000000	0.000000	0.000000	0.000000	1.167286	90.000000	180.000000	180.000000	180.000000	90.000000	180.000000	180.000000	180.000000	90.000000	
88.354159	49.387743	173.208947	224.813631	180.000000	90.000000	89.993321	357.528970	315.731813	0.000000	359.640637	0.000000	89.167217	356.556247	225.770191	180.000000	134.776423	213.627756	226.451971	180.000000	134.992847	270.000000	90.000000	90.000000	180.000000	180.000000	180.000000	62.412005	90.000000	0.000000	0.000000	0.000000	0.000000	3.579362	90.000000	180.000000	180.000000	180.000000	90.000000	180.000000	180.000000	180.000000	90.000000	
88.035862	49.387363	173.208947	224.813811	180.000000	90.000000	89.993348	357.142447	315.731813	0.000000	359.640637	0.000000	89.147345	356.575400	225.770191	180.000000	134.798237	213.627756	226.451971	180.000000	134.992847	270.000000	90.000000	90.000000	180.000000	180.000000	180.000000	63.509368	90.000000	0.000000	0.000000	0.000000	0.000000	4.699099	90.000000	180.000000	180.000000	180.000000	90.000000	180.000000	180.000000	180.000000	90.000000	
87.738474	49.387178	173.208947	224.813893	180.000000	90.000000	89.993361	356.795457	315.731813	0.000000	359.640637	0.000000	89.153278	356.625394	225.770191	180.000000	134.808803	213.627756	226.451971	180.000000	134.992847	270.000000	90.000000	90.000000	180.000000	180.000000	180.000000	64.092962	90.000000	0.000000	0.000000	0.000000	0.000000	5.184082	90.000000	180.000000	180.000000	180.000000	90.000000	180.000000	180.000000	180.000000	90.000000	
87.465678	49.387089	173.208947	224.813931	180.000000	90.000000	89.993367	356.486394	315.731813	0.000000	359.640637	0.000000	89.181748	2.769731	225.770191	180.000000	134.813922	213.627756	226.451971	180.000000	134.992847	270.000000	90.000000	90.000000	180.000000	180.000000	180.000000	64.441867	90.000000	0.000000	0.000000	0.000000	0.000000	5.362464	90.000000	180.000000	180.000000	180.000000	90.000000	180.000000	180.000000	180.000000	90.000000	
87.219090	49.387045	173.208947	224.813948	180.000000	90.000000	89.993369	356.214326	315.731813	0.000000	359.640637	0.000000	89.230921	359.587496	225.770191	180.000000	134.816403	213.627756	226.451971	180.000000	134.992847	270.000000	90.000000	90.000000	180.000000	180.000000	180.000000	64.688081	90.000000	0.000000	0.000000	0.000000	0.000000	5.398111	90.000000	180.000000	180.000000	180.000000	90.000000	180.000000	180.000000	180.000000	90.000000	
86.999341	49.387024	173.208947	224.813955	180.000000	90.000000	89.993371	355.978595	315.731813	0.000000	359.640637	0.000000	89.280045	358.108168	225.770191	180.000000	134.817606	213.627756	226.451971	180.000000	134.992847	270.000000	90.000000	90.000000	180.000000	180.000000	180.000000	64.893590	90.000000	0.000000	0.000000	0.000000	0.000000	5.372923	90.000000	180.000000	180.000000	180.000000	90.000000	180.000000	180.000000	180.000000	90.000000	
86.806573	49.387014	173.208947	224.813959	180.000000	90.000000	89.993371	355.778615	315.731813	0.000000	359.640637	0.000000	89.101133	3.300058	225.770191	180.000000	134.818189	213.627756	226.451971	180.000000	134.992847	270.000000	90.000000	90.000000	180.000000	180.000000	180.000000	65.087214	90.000000	0.000000	0.000000	0.000000	0.000000	5.327883	90.000000	180.000000	180.000000	180.000000	90.000000	180.000000	180.000000	180.000000	90.000000	
86.640671	49.387009	173.208947	224.813960	180.000000	90.000000	89.993372	355.613795	315.731813	0.000000	359.640637	0.000000	88.829143	359.944546	225.770191	180.000000	134.818472	213.627756	226.451971	180.000000	134.992847	270.000000	90.000000	90.000000	180.000000	180.000000	180.000000	65.282137	90.000000	0.000000	0.000000	0.000000	0.000000	1.301657	90.000000	180.000000	180.000000	180.000000	90.000000	180.000000	180.000000	180.000000	90.000000	
86.501373	49.387006	173.208947	224.813961	180.000000	90.000000	89.993372	355.483500	315.731813	0.000000	359.640637	0.000000	88.531496	4.066364	225.770191	180.000000	134.818609	213.627756	226.451971	180.000000	134.992847	270.000000	90.000000	90.000000	180.000000	180.000000	180.000000	65.484207	90.000000	0.000000	0.000000	0.000000	0.000000	359.336267	90.000000	180.000000	180.000000	180.000000	90.000000	180.000000	180.000000	180.000000	90.000000	
86.388326	49.387005	173.208947	224.813961	180.000000	90.000000	89.993372	355.387043	315.731813	0.000000	359.640637	0.000000	88.241897	5.968504	225.770191	180.000000	134.818676	213.627756	226.451971	180.000000	134.992847	270.000000	90.000000	90.000000	180.000000	180.000000	180.000000	65.695845	90.000000	0.000000	0.000000	0.000000	0.000000	358.202261	90.000000	180.000000	180.000000	180.000000	90.000000	180.000000	180.000000	180.000000	90.000000	
86.301113	49.387004	173.208947	224.813962	180.000000	90.000000	89.993372	355.323688	315.731813	0.000000	359.640637	0.000000	87.977115	1.289760	225.770191	180.000000	134.818708	216.720123	226.451971	180.000000	134.992847	270.000000	90.000000	90.000000	180.000000	180.000000	180.000000	65.917876	90.000000	0.000000	0.000000	0.000000	0.000000	357.390918	90.000000	180.000000	180.000000	180.000000	90.000000	180.000000	180.000000	180.000000	90.000000	
86.239274	49.387004	173.208947	224.813962	180.000000	90.000000	89.993372	355.292658	315.731813	0.000000	359.640637	0.000000	87.745355	4.520239	225.770191	180.000000	134.818724	218.123191	226.451971	180.000000	134.992847	270.000000	90.000000	90.000000	180.000000	180.000000	180.000000	66.150387	90.000000	0.000000	0.000000	0.000000	0.000000	356.756016	90.000000	180.000000	180.000000	180.000000	90.000000	180.000000	180.000000	180.000000	90.000000	
86.202315	49.387004	173.208947	224.813962	180.000000	90.000000	89.993372	355.293144	315.731813	0.000000	359.640637	0.000000	87.550444	6.017476	225.770191	180.000000	134.818731	218.760010	226.451971	180.000000	134.992847	270.000000	90.000000	90.000000	180.000000	180.000000	180.000000	59.864004	90.000000	0.000000	0.000000	0.000000	0.000000	356.226211	90.000000	180.000000	180.000000	180.000000	90.000000	180.000000	180.000000	180.000000	90.000000	
86.189718	49.387004	173.208947	224.813962	180.000000	90.000000	89.993372	355.324316	315.731813	0.000000	359.640637	0.000000	87.393947	6.669671	225.770191	180.000000	134.818735	219.049114	226.451971	180.000000	134.992847	270.000000	90.000000	90.000000	180.000000	180.000000	180.000000	56.991539	90.000000	0.000000	0.000000	0.000000	0.000000	355.766619	90.000000	180.000000	180.000000	180.000000	90.000000	180.000000	180.000000	180.000000	90.000000	
86.200947	49.387004	173.208947	224.813962	180.000000	90.000000	89.993372	355.385332	315.731813	0.000000	359.725202	0.000000	87.276236	6.915322	225.770191	180.000000	134.818737	219.180389	226.451971	180.000000	134.992847	270.000000	90.000000	90.000000	180.000000	180.000000	180.000000	55.765306	90.000000	0.000000	0.000000	0.000000	0.000000	355.360151	90.000000	180.000000	180.000000	180.000000	90.000000	180.000000	180.000000	180.000000	90.000000	
86.235456	49.387004	173.208947	224.813962	180.000000	90.000000	89.993372	2.696241	315.731813	0.000000	359.760819	0.000000	87.197045	3.176003	225.770191	180.000000	134.818738	219.240010	226.451971	180.000000	134.992847	270.000000	90.000000	90.000000	180.000000	180.000000	180.000000	55.332798	90.000000	0.000000	0.000000	0.000000	0.000000	354.998392	90.000000	180.000000	180.000000	180.000000	90.000000	180.000000	180.000000	180.000000	90.000000	
86.292692	49.387004	173.208947	224.813962	180.000000	90.000000	89.993372	358.942558	315.731813	0.000000	359.775824	0.000000	87.155753	1.324072	225.770191	180.000000	134.818738	219.267094	226.451971	180.000000	134.992847	270.000000	90.000000	90.000000	180.000000	180.000000	180.000000	55.285443	90.000000	0.000000	0.000000	0.000000	0.000000	354.677124	90.000000	180.000000	180.000000	180.000000	90.000000	180.000000	180.000000	180.000000	90.000000	
93.217892	49.387004	174.728364	224.813962	180.000000	90.000000	89.993372	357.165444	315.731813	0.000000	359.782147	0.000000	87.151545	0.392438	225.770191	180.000000	134.818738	219.279400	226.451971	180.000000	134.992847	270.000000	90.000000	90.000000	180.000000	180.000000	180.000000	55.428585	90.000000	0.000000	0.000000	0.000000	0.000000	354.394137	90.000000	180.000000	180.000000	180.000000	90.000000	180.000000	180.000000	180.000000	90.000000	
89.392157	49.387004	175.420155	224.813962	180.000000	90.000000	89.993372	3.415584	315.731813	0.000000	359.784812	0.000000	87.183495	359.914290	225.770191	180.000000	134.818738	219.284992	226.451971	180.000000	134.992847	270.000000	90.000000	90.000000	180.000000	180.000000	180.000000	55.669916	90.000000	0.000000	0.000000	0.000000	0.000000	354.148146	90.000000	180.000000	180.000000	180.000000	90.000000	180.000000	180.000000	180.000000	90.000000	
87.724998	49.387004	175.735222	224.813962	180.000000	90.000000	89.993372	359.368137	315.731813	0.000000	359.785935	0.000000	87.250614	359.664088	225.770191	180.000000	134.818738	219.287534	226.451971	180.000000	134.994687	270.000000	90.000000	90.000000	180.000000	180.000000	180.000000	55.965780	90.000000	0.000000	0.000000	0.000000	0.000000	353.938269	90.000000	180.000000	180.000000	180.000000	90.000000	180.000000	180.000000	180.000000	90.000000	
93.695471	49.387004	175.878755	224.813962	180.000000	90.000000	89.993372	4.385537	315.731813	0.000000	359.786409	0.000000	92.418630	359.532837	225.770191	180.000000	134.818738	219.288690	226.451971	180.000000	134.995577	270.000000	90.000000	90.000000	180.000000	180.000000	180.000000	56.295519	90.000000	0.000000	0.000000	0.000000	0.000000	353.763776	90.000000	180.000000	180.000000	180.000000	90.000000	180.000000	180.000000	180.000000	90.000000	
89.676766	49.387004	175.944161	224.813962	180.000000	90.000000	89.993372	359.891435	315.731813	0.000000	359.786608	0.000000	89.859383	359.467830	225.770191	180.000000	134.818738	219.289216	226.451971	180.000000	134.996008	270.000000	90.000000	90.000000	180.000000	180.000000	180.000000	56.649301	90.000000	0.000000	0.000000	0.000000	0.000000	353.623970	90.000000	180.000000	180.000000	180.000000	90.000000	180.000000	180.000000	180.000000	90.000000	
94.456670	49.387004	175.973974	224.813962	180.000000	90.000000	89.993372	4.559473	315.731813	0.000000	359.786693	0.000000	93.541124	359.443528	225.770191	180.000000	134.818738	219.289455	226.058619	180.000000	134.996217	270.000000	90.000000	90.000000	180.000000	180.000000	180.000000	57.022374	90.000000	0.000000	0.000000	0.000000	0.000000	353.518138	90.000000	180.000000	180.000000	180.000000	90.000000	180.000000	180.000000	180.000000	90.000000	
90.065020	49.387004	175.987567	224.813962	180.000000	90.000000	89.993372	6.765267	315.731813	0.000000	359.786728	0.000000	90.457776	359.447486	225.770191	180.000000	134.818738	219.289564	225.880146	180.000000	134.996318	270.000000	90.000000	90.000000	180.000000	180.000000	180.000000	57.412375	90.000000	0.000000	0.000000	0.000000	0.000000	353.445535	90.000000	180.000000	180.000000	180.000000	90.000000	180.000000	180.000000	180.000000	90.000000	
94.534647	49.387004	175.993767	224.813962	180.000000	90.000000	89.993372	1.130356	315.731813	0.000000	359.786743	0.000000	93.690870	359.340638	225.770191	180.000000	134.818738	219.289613	225.799153	180.000000	134.996367	270.000000	90.000000	90.000000	180.000000	180.000000	180.000000	57.818067	90.000000	0.000000	0.000000	0.000000	0.000000	353.405381	90.000000	180.000000	180.000000	180.000000	90.000000	180.000000	180.000000	180.000000	90.000000	
96.470299	49.387004	175.996595	224.813962	180.000000	90.000000	89.993372	5.028446	315.731813	0.000000	359.786749	0.000000	95.202915	359.071544	225.770191	180.000000	134.818738	219.289636	225.762390	180.000000	134.996391	270.000000	90.000000	90.000000	180.000000	180.000000	180.000000	58.238757	90.000000	0.000000	0.000000	0.000000	0.000000	353.396866	90.000000	180.000000	180.000000	180.000000	90.000000	180.000000	180.000000	180.000000	90.000000	
91.041803	49.387004	175.997886	224.813962	180.000000	90.000000	89.993372	6.883631	315.731813	0.000000	359.786752	0.000000	95.854510	358.742139	225.770191	180.000000	134.818738	219.289646	225.745700	180.000000	134.996402	270.000000	90.000000	90.000000	180.000000	180.000000	180.000000	58.674021	90.000000	0.000000	0.000000	0.000000	0.000000	353.419158	90.000000	180.000000	180.000000	180.000000	90.000000	180.000000	180.000000	180.000000	90.000000	
94.816645	49.387004	175.998475	224.813962	180.000000	90.000000	89.993372	7.731141	315.731813	0.000000	359.786753	0.000000	96.081763	358.402083	225.770191	180.000000	134.818738	219.289651	225.738121	180.000000	134.996408	270.000000	90.000000	90.000000	180.000000	192.957104	180.000000	59.123581	90.000000	0.000000	0.000000	0.000000	0.000000	353.471413	90.000000	180.000000	180.000000	180.000000	90.000000	180.000000	180.000000	180.000000	90.000000	
96.461595	49.387004	175.998744	224.813962	180.000000	90.000000	89.993372	8.086742	315.731813	0.000000	359.786754	0.000000	92.940225	358.075625	225.770191	180.000000	134.818738	219.289653	225.734679	180.000000	134.996411	270.000000	90.000000	90.000000	180.000000	198.381828	180.000000	59.587240	90.000000	0.000000	0.000000	0.000000	0.000000	353.552779	90.000000	180.000000	180.000000	180.000000	90.000000	180.000000	180.000000	180.000000	90.000000	
97.138257	49.387004	175.998867	224.813962	180.000000	90.000000	89.993372	8.207560	315.731813	0.000000	359.786754	0.000000	91.303887	357.774582	225.770191	180.000000	134.818738	219.289654	225.733116	180.000000	134.996412	270.000000	90.000000	90.000000	180.000000	200.661933	180.000000	60.064858	90.000000	0.000000	0.000000	0.000000	0.000000	1.190973	78.476755	180.000000	180.000000	180.000000	90.000000	180.000000	180.000000	180.000000	90.000000	
97.379287	49.387004	175.998924	224.813962	180.000000	90.000000	89.994813	350.297832	315.731813	0.000000	359.786754	0.000000	90.427483	357.504635	225.770191	180.000000	134.818738	219.289654	225.732405	180.000000	134.996413	270.000000	90.000000	90.000000	180.000000	201.621105	180.000000	60.556337	90.000000	0.000000	0.000000	0.000000	0.000000	357.291349	72.897697	180.000000	180.000000	180.000000	90.000000	180.000000	180.000000	180.000000	90.000000	
97.429140	49.387004	175.998949	224.813962	180.000000	90.000000	89.995491	342.200170	315.731813	0.000000	359.786754	0.000000	89.940227	357.268389	225.770191	180.000000	134.818738	219.289655	225.732082	180.000000	134.996413	270.000000	90.000000	90.000000	180.000000	202.024724	180.000000	61.061610	90.000000	0.000000	0.000000	0.000000	0.000000	355.453965	70.192327	180.000000	180.000000	180.000000	90.000000	180.000000	180.000000	180.000000	90.000000	
78.908527	49.387004	175.998961	224.813962	180.000000	90.000000	89.995811	338.613307	315.731813	0.000000	359.786754	0.000000	89.657405	357.066887	225.770191	192.941288	134.818738	219.289655	225.731936	180.000000	134.996413	270.000000	90.000000	90.000000	180.000000	202.194603	180.000000	61.580641	90.000000	0.000000	0.000000	0.000000	0.000000	1.984034	68.879696	180.000000	180.000000	180.000000	90.000000	180.000000	180.000000	180.000000	90.000000	
71.172376	49.387004	175.998966	224.813962	180.000000	90.000000	89.995961	337.111838	315.731813	0.000000	359.786754	0.000000	89.486919	356.900352	225.770191	198.359321	134.818738	219.289655	225.731869	180.000000	134.996413	270.000000	77.844020	90.000000	180.000000	202.266118	180.000000	68.131515	90.000000	0.000000	0.000000	0.000000	0.000000	357.773556	68.242593	180.000000	180.000000	180.000000	90.000000	180.000000	180.000000	180.000000	90.000000	
67.998615	49.387004	175.998969	224.813962	180.000000	90.000000	89.996032	343.192479	315.731813	0.000000	359.786754	0.000000	89.382790	356.768560	225.770191	200.636563	134.818738	219.289655	225.731838	180.000000	134.996413	270.000000	72.336038	90.000000	180.000000	202.296230	180.000000	71.416901	90.000000	0.000000	0.000000	0.000000	0.000000	3.019255	67.933272	180.000000	180.000000	180.000000	90.000000	180.000000	180.000000	180.000000	90.000000	
66.774364	49.387004	175.998970	224.813962	180.000000	90.000000	89.996066	339.230877	315.731813	0.000000	359.786754	0.000000	89.321994	356.671033	225.770191	201.594506	134.818738	219.289655	225.731825	180.000000	134.996413	270.000000	69.833836	90.000000	180.000000	202.308912	180.000000	73.096029	90.000000	0.000000	0.000000	0.000000	0.000000	358.339323	67.783049	180.000000	180.000000	180.000000	90.000000	180.000000	180.000000	180.000000	90.000000	
66.384696	48.257010	175.998970	224.813962	180.000000	90.000000	89.996082	343.913185	315.731813	0.000000	359.786754	0.000000	89.292915	356.607145	225.770191	201.997598	134.818738	219.289655	225.731818	180.000000	134.996413	270.000000	68.696313	90.000000	180.000000	202.314254	180.000000	73.990219	90.000000	0.000000	0.000000	0.000000	0.000000	3.220498	67.710071	180.000000	180.000000	180.000000	90.000000	180.000000	180.000000	180.000000	90.000000	
72.639112	47.709896	175.998971	224.813962	180.000000	90.000000	89.996089	339.433200	315.731813	0.000000	359.786754	0.000000	89.289601	356.576173	225.770191	202.167251	134.818738	219.289655	225.731816	180.000000	134.996413	270.000000	68.179013	90.000000	180.000000	202.316505	180.000000	74.506307	90.000000	0.000000	0.000000	0.000000	0.000000	5.533981	67.674607	180.000000	180.000000	180.000000	90.000000	180.000000	180.000000	180.000000	90.000000	
69.029829	47.444933	175.998971	224.813962	180.000000	90.000000	89.996093	343.767840	315.731813	0.000000	359.786754	0.000000	89.308900	356.577337	225.770191	202.238668	134.818738	219.289655	225.731814	180.000000	134.996413	270.000000	67.943705	90.000000	180.000000	202.317453	180.000000	74.791625	90.000000	0.000000	0.000000	0.000000	0.000000	359.654567	67.657369	180.000000	180.000000	180.000000	90.000000	180.000000	180.000000	180.000000	90.000000	
67.643989	47.316583	175.998971	224.813962	180.000000	90.000000	89.996094	339.291670	315.731813	0.000000	359.786754	0.000000	89.349040	356.609821	225.770191	202.268739	134.818738	219.289655	225.731814	180.000000	134.996413	270.000000	67.836643	90.000000	180.000000	202.317853	168.183251	74.963432	90.000000	0.000000	0.000000	0.000000	0.000000	3.733535	67.648986	180.000000	180.000000	180.000000	90.000000	180.000000	180.000000	180.000000	90.000000	
73.294057	47.254394	175.998971	224.813962	180.000000	90.000000	89.996095	343.493380	315.731813	0.000000	359.786754	0.000000	89.408926	356.672786	225.770191	202.281403	134.818738	219.289655	225.731813	180.000000	134.996413	270.000000	67.787918	90.000000	180.000000	202.318022	162.640984	75.088619	90.000000	0.000000	0.000000	0.000000	0.000000	5.679703	67.644909	180.000000	180.000000	180.000000	90.000000	180.000000	180.000000	180.000000	90.000000	
69.631211	47.224255	175.998971	224.813962	180.000000	90.000000	89.996095	345.312695	315.731813	0.000000	359.786754	0.000000	89.326963	2.787156	225.770191	202.286737	134.818738	219.289655	225.731813	180.000000	134.996413	270.000000	67.765738	90.000000	180.000000	202.318093	160.036235	75.199469	90.000000	0.000000	0.000000	0.000000	0.000000	6.572752	67.642925	180.000000	180.000000	180.000000	90.000000	180.000000	180.000000	180.000000	90.000000	
74.193958	47.209644	175.998971	224.813962	180.000000	90.000000	89.996096	346.013757	315.731813	0.000000	359.786754	0.000000	89.093859	359.639452	225.770191	202.288985	134.818738	219.289655	225.731813	180.000000	134.996413	270.000000	67.755639	90.000000	180.000000	202.318123	158.811271	75.311435	90.000000	0.000000	0.000000	0.000000	0.000000	6.950895	67.641959	180.000000	180.000000	180.000000	90.000000	180.000000	180.000000	180.000000	90.000000	
70.211909	47.202560	175.998971	224.813962	180.000000	90.000000	89.996096	346.194581	315.731813	0.000000	359.786754	0.000000	88.806071	4.058381	225.770191	202.289932	134.818738	219.289655	225.731813	180.000000	134.996413	270.000000	67.751039	90.000000	180.000000	202.318136	158.234997	75.431796	90.000000	0.000000	0.000000	0.000000	0.000000	7.082585	67.641489	180.000000	180.000000	180.000000	90.000000	180.000000	180.000000	180.000000	90.000000	
74.501060	47.199124	175.998971	224.813962	180.000000	90.000000	89.996096	346.138272	315.731813	0.000000	359.786754	0.000000	88.511822	0.255628	225.770191	202.290331	134.818738	219.289655	225.731813	180.000000	134.996413	270.000000	67.748944	90.000000	180.000000	202.318141	157.963818	75.563879	90.000000	0.000000	0.000000	0.000000	0.000000	7.101822	67.641260	180.000000	180.000000	180.000000	90.000000	180.000000	180.000000	180.000000	90.000000	
76.312258	47.197457	175.998971	224.813962	180.000000	90.000000	89.996096	345.979010	315.731813	0.000000	359.786754	0.000000	88.235186	4.215650	225.770191	202.290499	134.818738	219.289655	225.731813	180.000000	134.996413	270.000000	67.747989	90.000000	180.000000	202.318143	157.836174	75.709094	90.000000	0.000000	0.000000	0.000000	0.000000	2.801239	67.641148	180.000000	180.000000	180.000000	90.000000	180.000000	180.000000	180.000000	90.000000	
71.382750	47.196648	175.998971	224.864321	180.000000	90.000000	89.996096	345.780489	315.731813	0.000000	359.786754	0.000000	87.988066	0.391133	225.770191	202.290570	134.865300	219.289655	225.731813	180.000000	134.996413	270.000000	67.747553	90.000000	180.000000	202.318144	157.776076	75.867930	90.000000	0.000000	0.000000	0.000000	0.000000	0.695456	67.641094	180.000000	180.000000	180.000000	90.000000	180.000000	180.000000	180.000000	90.000000	
75.056720	47.196255	175.998971	224.887169	180.000000	90.000000	89.996096	345.572983	315.731813	0.000000	359.786754	0.000000	87.776185	4.173874	225.770191	202.290600	134.887843	219.289655	225.731813	180.000000	134.996413	270.000000	67.747355	90.000000	180.000000	202.318145	157.747772	76.040430	90.000000	0.000000	0.000000	0.000000	0.000000	359.663424	67.641067	180.000000	180.000000	180.000000	90.000000	180.000000	180.000000	180.000000	90.000000	
76.609655	47.196064	175.998971	224.897538	180.000000	90.000000	89.996096	345.370889	315.731813	0.000000	359.786754	0.000000	87.602085	5.926032	225.770191	202.290613	134.898759	219.289655	225.731813	180.000000	134.996413	270.000000	67.747264	90.000000	180.000000	202.318145	157.734438	76.226422	90.000000	0.000000	0.000000	0.000000	0.000000	358.935205	67.641054	180.000000	180.000000	180.000000	90.000000	180.000000	180.000000	180.000000	90.000000	
77.266451	47.195972	175.998971	224.902244	180.000000	90.000000	89.996096	345.181039	315.731813	0.000000	359.786754	0.000000	87.466656	6.687599	225.770191	202.290618	134.904047	219.289655	225.731813	180.000000	134.996413	270.000000	67.747223	90.000000	180.000000	202.318145	157.728155	76.425632	90.000000	0.000000	0.000000	0.000000	0.000000	358.327160	67.641048	180.000000	180.000000	180.000000	90.000000	180.000000	180.000000	180.000000	90.000000	
77.544334	47.195927	175.998971	224.904381	180.000000	90.000000	89.996096	345.006642	315.731813	0.000000	359.786754	0.000000	87.369907	6.971178	225.770191	202.290620	134.906608	219.289655	225.731813	180.000000	134.996413	270.000000	67.747204	90.000000	180.000000	202.318145	157.725193	76.637734	90.000000	0.000000	0.000000	0.000000	0.000000	357.795973	67.641045	180.000000	180.000000	180.000000	90.000000	180.000000	180.000000	180.000000	90.000000	
77.661940	47.195905	175.998971	224.905351	180.000000	90.000000	89.996096	344.849164	315.731813	0.000000	359.786754	0.000000	87.311371	7.029656	225.770191	202.290621	134.907850	219.289655	225.731813	180.000000	134.996413	270.000000	67.747196	90.000000	180.000000	202.318145	157.723797	73.109162	90.000000	0.000000	0.000000	0.000000	0.000000	357.320750	67.641043	180.000000	180.000000	180.000000	90.000000	180.000000	180.000000	180.000000	90.000000	
77.711729	47.195894	175.998971	224.905792	180.000000	90.000000	89.996096	344.709221	315.731813	0.000000	359.786754	0.000000	87.290315	3.251834	225.770191	202.290622	134.908452	219.289655	225.731813	180.000000	134.996413	270.000000	67.747192	90.000000	180.000000	202.318145	157.723138	71.415048	90.000000	0.000000	0.000000	0.000000	0.000000	356.891446	67.641043	180.000000	180.000000	180.000000	90.000000	180.000000	180.000000	180.000000	90.000000	
77.732815	47.195889	175.998971	224.905992	180.000000	90.000000	89.996096	344.587009	315.731813	0.000000	359.786754	0.000000	87.305861	1.375601	225.770191	202.290622	134.908743	219.289655	225.731813	180.000000	134.996413	270.000000	67.747190	90.000000	180.000000	202.318145	157.722828	70.638320	90.000000	0.000000	0.000000	0.000000	0.000000	356.503232	67.641042	180.000000	180.000000	180.000000	90.000000	180.000000	180.000000	180.000000	90.000000	
77.741747	47.195887	189.243107	224.906083	180.000000	90.000000	89.996096	344.482504	315.731813	0.000000	359.786754	0.000000	87.357046	0.426822	225.770191	202.290622	134.908885	219.289655	225.731813	180.000000	134.996413	270.000000	67.747189	90.000000	180.000000	202.318145	157.722681	70.326198	90.000000	0.000000	0.000000	0.000000	0.000000	356.153758	67.641042	180.000000	180.000000	180.000000	90.000000	180.000000	180.000000	180.000000	90.000000	
77.745532	47.195885	195.242802	224.906124	180.000000	90.000000	89.996096	344.395570	315.731813	0.000000	359.786754	0.000000	92.529317	359.935210	225.535807	202.290622	134.908954	219.289655	225.731813	180.000000	134.996413	270.000000	67.747189	90.000000	180.000000	202.487786	157.722612	70.255320	90.000000	0.000000	0.000000	0.000000	0.000000	355.841806	67.641042	180.000000	180.000000	180.000000	90.000000	180.000000	180.000000	180.000000	90.000000	
77.747137	47.195885	197.969039	224.906143	180.000000	90.000000	89.996096	344.326000	315.731813	0.000000	359.786754	0.000000	89.945184	359.673480	225.446288	202.290622	134.908987	219.289655	225.731813	180.000000	134.996413	270.000000	67.747189	90.000000	180.000000	202.761477	157.722579	70.315528	90.000000	0.000000	0.000000	0.000000	0.000000	355.566648	67.641042	180.000000	180.000000	180.000000	90.000000	180.000000	180.000000	180.000000	90.000000	
77.747818	47.195885	199.208832	224.906151	180.000000	90.000000	89.996096	344.273547	315.731813	0.000000	359.837002	0.000000	93.632778	359.531753	225.412094	202.290622	134.909003	219.289655	225.731813	180.000000	134.996413	270.000000	67.747188	90.000000	180.000000	203.079705	157.722563	70.452412	90.000000	0.000000	0.000000	0.000000	0.000000	355.327729	67.641042	180.000000	180.000000	180.000000	90.000000	180.000000	180.000000	180.000000	90.000000	
77.748106	47.195884	199.772847	224.906155	180.000000	90.000000	89.996096	344.237934	315.731813	0.000000	359.858167	0.000000	90.519606	359.456879	225.399030	202.290622	134.909011	219.289655	225.731813	180.000000	134.996413	270.000000	67.747188	90.000000	180.000000	203.416999	157.722556	70.638957	90.000000	0.000000	0.000000	0.000000	0.000000	355.124521	67.641042	180.000000	180.000000	180.000000	90.000000	180.000000	180.000000	180.000000	90.000000	
77.748229	47.195884	200.029502	224.906157	180.000000	90.000000	89.996096	344.218863	315.731813	0.000000	359.867083	0.000000	93.762496	359.423093	225.394039	202.290622	134.909015	219.289655	225.731813	180.000000	134.996413	270.000000	67.747188	90.000000	180.000000	203.762202	157.722553	70.861584	90.000000	0.000000	0.000000	0.000000	0.000000	354.956466	67.641042	180.000000	180.000000	180.000000	90.000000	180.000000	180.000000	180.000000	90.000000	
77.748281	47.195884	200.146322	224.906158	180.000000	90.000000	89.996096	344.216018	315.731813	0.000000	359.870840	0.000000	95.274873	359.417842	225.392132	202.290622	134.909017	219.289655	225.731813	180.000000	134.996413	270.000000	67.747188	90.000000	180.020063	204.110214	157.722551	71.113302	90.000000	0.000000	0.000000	0.000000	0.000000	354.822947	67.641042	180.000000	180.000000	180.000000	90.000000	180.000000	180.000000	180.000000	90.000000	
77.748303	47.195884	200.199508	224.906158	180.000000	90.000000	89.996096	344.229073	315.731813	0.000000	359.872424	0.000000	95.922393	359.434929	225.391403	202.290622	134.909017	219.289655	225.731813	180.000000	134.996413	270.000000	67.747188	90.000000	180.240504	204.458502	157.722550	71.390352	90.000000	0.000000	0.000000	0.000000	0.000000	354.723288	67.641042	180.000000	180.000000	180.000000	90.000000	180.000000	180.000000	180.000000	90.000000	
77.748312	47.195884	200.223729	224.906158	180.000000	90.000000	89.996096	344.257689	315.731813	0.000000	359.873091	0.000000	96.143478	359.220861	225.391124	202.290622	134.909018	220.835191	225.731813	180.000000	134.996413	270.000000	67.747188	90.000000	180.545854	204.805625	157.722550	71.690567	90.000000	0.000000	0.000000	0.000000	0.000000	354.656761	67.641042	180.000000	180.000000	180.000000	90.000000	180.000000	180.000000	180.000000	90.000000	
77.748316	47.195884	200.234763	224.906159	180.000000	90.000000	89.996096	344.301520	315.731813	0.000000	359.873373	0.000000	96.160433	358.908213	225.391018	202.290622	134.909018	221.536411	225.731813	180.000000	134.996413	270.000000	67.747188	90.000000	180.886696	205.150602	157.722550	72.012575	90.000000	0.000000	0.000000	0.000000	0.000000	354.622592	67.641042	180.000000	180.000000	180.000000	90.000000	180.000000	180.000000	180.000000	90.000000	
77.748318	47.195884	200.239790	224.906159	180.000000	90.000000	89.996096	344.360214	315.731813	0.000000	359.873491	0.000000	92.875344	358.566250	225.390977	202.290622	134.909018	221.854631	225.731813	180.000000	134.996413	270.000000	67.747188	90.000000	181.241509	205.492646	157.722550	80.067606	90.000000	0.000000	0.000000	0.000000	0.000000	354.619975	67.641042	180.000000	180.000000	180.000000	90.000000	180.000000	180.000000	180.000000	90.000000	
77.748319	47.195884	200.242081	224.906159	180.000000	90.000000	89.996942	344.433412	315.731813	0.000000	359.873542	0.000000	91.176233	358.228771	225.390961	202.290622	134.909018	221.999072	225.731813	180.000000	134.996413	270.000000	67.747188	90.000000	181.607014	205.831040	157.722550	76.198113	90.000000	0.000000	0.000000	0.000000	0.000000	354.648080	67.641042	180.000000	180.000000	180.000000	90.000000	180.000000	180.000000	180.000000	90.000000	
77.748319	47.195884	200.243126	224.906159	180.000000	90.000000	89.997340	344.520755	315.731813	0.000000	359.873563	0.000000	90.277117	357.912277	225.390955	202.290622	134.909018	222.064648	225.731813	180.000000	134.997334	270.000000	67.747188	90.000000	181.973556	206.165096	157.722550	82.107209	90.000000	0.000000	0.000000	0.000000	0.000000	354.706065	67.641042	180.000000	180.000000	180.000000	90.000000	180.000000	180.000000	180.000000	90.000000	
77.748319	47.195884	200.243602	224.906159	180.000000	90.000000	89.997528	335.041922	315.731813	0.000000	359.873572	0.000000	89.786936	357.624775	225.390953	202.290622	134.909018	222.094424	225.731813	180.000000	134.997780	270.000000	67.747188	90.000000	182.339632	206.494132	157.722550	77.396422	90.000000	0.000000	0.000000	0.000000	0.000000	2.150890	67.641042	180.000000	180.000000	180.000000	90.000000	180.000000	180.000000	180.000000	90.000000	
77.748319	47.195884	200.243819	224.906159	180.000000	90.000000	89.997616	333.944969	315.731813	0.000000	359.873575	0.000000	89.510880	357.370046	225.390952	202.290622	134.909018	222.107948	225.731813	180.000000	134.997996	270.000000	67.747188	90.000000	182.704268	206.817465	157.722550	82.697687	90.000000	0.000000	0.000000	0.000000	0.000000	358.322114	67.641042	180.000000	180.000000	180.000000	90.000000	180.000000	180.000000	180.000000	90.000000	
77.748319	47.195884	200.243918	224.906159	180.000000	90.000000	89.997658	333.446637	315.731813	0.000000	359.873577	0.000000	89.351835	357.149739	225.390952	202.290622	134.909018	222.114092	225.731813	180.000000	134.998100	270.000000	67.747188	90.000000	183.066712	207.134406	157.722550	77.954305	90.000000	0.000000	0.000000	0.000000	0.000000	356.506938	61.831729	180.000000	180.000000	180.000000	90.000000	180.000000	180.000000	180.000000	90.000000	
77.748319	47.195884	200.243964	224.906159	180.000000	90.000000	89.997677	333.220199	315.731813	0.000000	359.873578	0.000000	89.261330	356.964401	225.390952	202.290622	134.909018	222.116883	225.731813	180.000000	134.998151	270.000000	67.747188	90.000000	183.426299	207.444268	157.722550	83.003983	90.000000	0.000000	0.000000	0.000000	0.000000	2.877444	59.019217	180.000000	180.000000	180.000000	90.000000	180.000000	180.000000	180.000000	90.000000	
77.748319	47.195884	200.243984	224.906159	180.000000	90.000000	89.997687	333.117284	315.731813	0.000000	359.873578	0.000000	89.215097	356.813990	225.390952	202.290622	134.909018	222.118152	225.731813	180.000000	134.998176	270.000000	67.747188	90.000000	183.782400	207.746360	157.722550	85.449715	90.000000	0.000000	0.000000	0.000000	0.000000	358.744254	57.656809	180.000000	180.000000	180.000000	90.000000	180.000000	180.000000	180.000000	90.000000	
77.748319	47.195884	200.243994	224.906159	180.000000	90.000000	89.997691	333.070498	315.731813	0.000000	359.873578	0.000000	89.200902	356.698135	225.390952	202.290622	134.909018	222.118729	225.731813	180.000000	134.998188	270.000000	67.747188	90.000000	184.134396	208.039996	157.722550	86.611091	90.000000	0.000000	0.000000	0.000000	0.000000	3.861706	56.996637	180.000000	180.000000	180.000000	90.000000	180.000000	180.000000	180.000000	90.000000	
77.748319	47.195884	200.243998	224.906159	180.000000	90.000000	89.997693	333.049225	315.731813	0.000000	359.873578	0.000000	89.212477	356.616274	225.390952	202.290622	134.909018	222.118991	225.731813	180.000000	134.998193	270.000000	67.747188	90.000000	184.481671	208.324494	157.722550	87.144406	90.000000	0.000000	0.000000	0.000000	0.000000	359.269133	56.676656	180.000000	180.000000	180.000000	90.000000	180.000000	180.000000	180.000000	90.000000	
68.398150	47.195884	200.244000	224.906159	180.000000	90.000000	89.997694	333.039550	315.731813	0.000000	359.873578	0.000000	89.246507	356.567728	225.390952	202.290622	134.909018	222.119110	225.731813	180.000000	134.998196	270.000000	67.747188	90.000000	184.823611	208.599177	157.722550	87.376139	90.000000	0.000000	0.000000	0.000000	0.000000	4.033517	56.521525	180.000000	180.000000	180.000000	90.000000	180.000000	180.000000	180.000000	90.000000	
64.478603	47.195884	200.244001	224.906159	180.000000	90.000000	89.997694	333.035149	315.731813	0.000000	359.873578	0.000000	89.301136	356.551741	225.390952	202.290622	134.909018	222.119164	225.533603	180.000000	134.998197	270.000000	67.747188	90.000000	185.159601	208.863380	157.722550	87.468690	90.000000	0.000000	0.000000	0.000000	0.000000	6.284618	56.446295	180.000000	180.000000	180.000000	90.000000	180.000000	180.000000	180.000000	90.000000	
62.832093	47.195884	200.244001	224.906159	180.000000	90.000000	89.997695	333.033146	315.731813	0.000000	359.873578	0.000000	89.279423	356.567516	225.390952	202.290622	134.909018	222.119189	225.443671	180.000000	134.998198	270.000000	67.747188	90.000000	185.489032	209.116451	157.722550	87.502830	90.000000	0.000000	0.000000	0.000000	0.000000	0.519454	56.409803	180.000000	180.000000	180.000000	90.000000	180.000000	180.000000	180.000000	90.000000	
62.140079	47.195884	200.244002	224.906159	180.000000	90.000000	89.997695	333.032234	315.731813	0.000000	359.873578	0.000000	89.071241	356.614222	225.390952	202.290622	134.909018	222.119200	225.402858	180.000000	134.998198	270.000000	67.747188	90.000000	185.811298	209.357751	157.722550	87.518709	90.000000	0.000000	0.000000	0.000000	0.000000	4.502425	56.392097	180.000000	180.000000	180.000000	90.000000	180.000000	180.000000	180.000000	90.000000	
61.849164	47.195884	200.244002	224.906159	180.000000	90.000000	89.997695	333.031819	315.731813	0.000000	359.873578	0.000000	88.790724	2.765896	225.390952	202.290622	134.909018	222.119205	225.384334	180.000000	134.998199	270.000000	61.591210	90.000000	186.125803	204.184466	157.722550	85.266986	90.000000	0.000000	0.000000	0.000000	0.000000	6.397206	56.383504	180.000000	180.000000	180.000000	90.000000	180.000000	180.000000	180.000000	90.000000	
61.726843	47.195884	200.244002	224.906159	180.000000	90.000000	89.997695	333.031630	315.731813	0.000000	359.873578	0.000000	88.494918	359.575045	225.390952	202.290622	134.909018	222.125713	225.375924	180.000000	134.998199	270.000000	58.799109	90.000000	186.431962	201.911835	157.722550	84.174639	90.000000	0.000000	0.000000	0.000000	0.000000	7.261676	56.379332	180.000000	180.000000	180.000000	90.000000	180.000000	180.000000	180.000000	90.000000	
61.675401	47.195884	200.244002	224.906159	180.000000	90.000000	89.997695	333.031544	315.731813	0.000000	359.873578	0.000000	88.212324	358.089951	225.390952	202.290622	134.909018	222.371393	225.372105	180.000000	134.998199	270.000000	57.531716	90.000000	186.729203	200.992974	157.722550	83.652409	90.000000	0.000000	0.000000	0.000000	0.000000	7.622881	56.377306	180.000000	180.000000	180.000000	90.000000	180.000000	180.000000	180.000000	90.000000	
61.653763	47.195884	200.354353	224.906159	180.000000	90.000000	89.997695	333.031505	315.731813	0.000000	359.873578	0.000000	87.957085	3.290201	225.390952	202.290622	134.909018	222.721426	225.370371	180.000000	134.998199	270.000000	56.956233	90.000000	187.016968	200.705014	157.722550	83.414486	90.000000	0.000000	0.000000	0.000000	0.000000	7.743573	56.376322	180.000000	180.000000	180.000000	90.000000	180.000000	180.000000	180.000000	90.000000	
61.644660	47.195884	200.628358	224.906159	180.000000	90.000000	89.997695	333.031487	315.731813	0.000000	359.873578	0.000000	87.736066	359.924495	225.390952	202.290622	134.909018	223.113046	225.369583	180.000000	134.998199	270.000000	56.694864	90.000000	187.294721	200.709526	151.705025	83.285231	90.000000	0.000000	0.000000	0.000000	0.000000	7.754848	56.375844	180.000000	180.000000	180.000000	90.000000	180.000000	180.000000	180.000000	90.000000	
61.640830	46.630688	200.977452	224.906159	180.000000	90.000000	89.997695	333.031479	315.731813	0.000000	359.873578	0.000000	87.552401	4.053836	225.390952	202.290622	134.909018	223.712359	225.369225	180.000000	134.998199	270.000000	56.576131	90.000000	187.561942	200.847636	148.881036	82.995661	90.000000	0.000000	0.000000	0.000000	0.000000	3.320753	56.375611	180.000000	180.000000	180.000000	90.000000	180.000000	180.000000	180.000000	90.000000	
61.639218	46.357038	201.360768	224.906159	180.000000	90.000000	89.997695	333.031475	315.731813	0.000000	359.873578	0.000000	87.407290	5.958595	225.390952	202.290622	134.909018	224.411087	225.369062	180.000000	134.998199	270.000000	56.522183	90.000000	187.818136	201.044473	147.554855	82.646109	90.000000	0.000000	0.000000	0.000000	0.000000	1.150754	56.375498	180.000000	180.000000	180.000000	90.000000	180.000000	180.000000	180.000000	90.000000	
61.638539	46.224515	201.759044	224.906159	180.000000	90.000000	89.997695	333.031474	315.731813	0.000000	359.873578	0.000000	87.300909	1.265039	225.390952	202.290622	134.909018	225.153740	225.368988	180.000000	134.998199	270.000000	56.497665	90.000000	188.062832	201.264540	146.931861	82.285684	90.000000	0.000000	0.000000	0.000000	0.000000	0.087597	56.375443	180.000000	180.000000	180.000000	90.000000	180.000000	180.000000	180.000000	90.000000	
61.638254	46.160322	202.162862	224.906159	180.000000	90.000000	89.997695	333.031473	315.731813	0.000000	359.873578	0.000000	87.232882	4.502767	225.390952	202.290622	134.909018	225.912816	225.368955	180.000000	134.998199	270.000000	56.486520	90.000000	188.295583	201.490847	146.639126	81.938509	90.000000	0.000000	0.000000	0.000000	0.000000	359.347633	56.375417	180.000000	180.000000	180.000000	90.000000	180.000000	180.000000	180.000000	90.000000	
61.638133	46.129219	202.567316	224.906159	180.000000	90.000000	89.997695	333.031472	315.731813	0.000000	359.873578	0.000000	87.202529	6.002562	225.390952	202.290622	134.909018	226.673699	225.368939	180.000000	134.998199	270.000000	56.481452	90.000000	188.515970	201.715123	146.501542	81.616431	90.000000	0.000000	0.000000	0.000000	0.000000	358.733617	56.375404	180.000000	180.000000	180.000000	90.000000	180.000000	180.000000	180.000000	90.000000	
61.638083	46.114146	202.969566	224.906159	180.000000	90.000000	89.997695	333.031472	315.731813	0.000000	359.873578	0.000000	87.208998	6.655050	225.390952	202.290622	134.909018	227.427770	225.368932	180.000000	134.998199	270.000000	56.479148	90.000000	188.723603	201.933217	146.436863	81.325210	90.000000	0.000000	0.000000	0.000000	0.000000	358.199290	56.375397	180.000000	180.000000	180.000000	90.000000	180.000000	180.000000	180.000000	90.000000	
61.638061	46.106840	203.367726	224.906159	180.000000	90.000000	89.997695	333.031472	315.731813	0.000000	359.873578	0.000000	87.251343	6.899891	225.390952	202.290622	134.909018	228.169261	225.368929	180.000000	134.998199	270.000000	56.478099	90.000000	188.918119	202.142937	146.406449	81.067545	90.000000	0.000000	0.000000	0.000000	0.000000	357.722328	56.375394	180.000000	180.000000	180.000000	90.000000	180.000000	180.000000	180.000000	90.000000	
61.638052	46.103297	203.760343	224.906159	180.000000	90.000000	89.997695	333.031472	315.731813	0.000000	359.873578	0.000000	92.461174	15.016237	225.390952	202.290622	134.909018	228.893798	225.368928	180.000000	134.998199	270.000000	56.477622	90.000000	189.099185	202.343026	146.392144	80.844561	90.000000	0.000000	0.000000	0.000000	0.000000	357.291982	56.375393	180.000000	180.000000	180.000000	90.000000	180.000000	180.000000	180.000000	90.000000	
61.638048	46.101579	204.146160	224.906159	180.000000	90.000000	89.997695	333.031472	315.731813	0.000000	359.873578	0.000000	89.844417	13.593643	225.390952	202.290622	134.909018	229.597741	225.368927	180.000000	134.998199	270.000000	56.477405	90.000000	189.266497	202.532686	146.385414	80.656551	90.000000	0.000000	0.000000	0.000000	0.000000	356.903081	56.375392	180.000000	180.000000	180.000000	90.000000	180.000000	180.000000	180.000000	90.000000	
61.638047	46.100745	204.524003	224.906159	180.000000	90.000000	89.997695	333.031472	315.731813	0.000000	359.873578	0.000000	93.562008	18.067767	225.390952	202.290622	134.909018	230.277887	225.368927	180.000000	134.998199	270.000000	56.477307	90.000000	189.419781	202.711344	146.382247	80.503347	90.000000	0.000000	0.000000	0.000000	0.000000	356.553105	56.375392	180.000000	180.000000	180.000000	90.000000	180.000000	180.000000	180.000000	90.000000	
61.638046	46.100341	204.892739	224.906159	180.000000	90.000000	89.997695	333.031472	315.731813	0.000000	359.873578	0.000000	90.408517	15.000341	225.390952	202.290622	134.932355	230.931349	225.368927	180.000000	134.998199	270.000000	56.477262	90.000000	189.558795	202.878549	146.380757	80.384514	90.000000	0.000000	0.000000	0.000000	0.000000	356.240754	56.375391	180.000000	180.000000	180.000000	90.000000	180.000000	180.000000	180.000000	90.000000	
61.638046	46.100144	205.251252	224.906159	180.000000	90.000000	89.997695	333.031472	315.731813	0.000000	359.873578	0.000000	93.681793	18.539813	225.390952	202.290622	134.943654	231.555509	225.368927	180.000000	134.998199	270.000000	56.477241	90.000000	189.683322	203.033919	146.380055	80.299454	90.000000	0.000000	0.000000	0.000000	0.000000	355.965259	56.375391	180.000000	180.000000	180.000000	90.000000	180.000000	180.000000	180.000000	90.000000	
61.638046	46.100049	205.598438	224.906159	180.000000	90.000000	89.997695	333.031472	315.731813	0.000000	359.873578	0.000000	95.206395	15.177869	225.390952	202.290622	134.949125	232.148007	225.368926	180.000000	134.998199	270.000000	56.477232	90.000000	189.793178	203.177119	146.379724	80.247463	90.000000	0.000000	0.000000	0.000000	0.000000	355.726043	56.375391	180.000000	180.000000	180.000000	90.000000	180.000000	180.000000	180.000000	90.000000	
61.638046	46.100003	205.933202	224.906159	180.000000	90.000000	89.997695	333.031472	315.731813	0.000000	359.873578	0.000000	95.857170	18.434441	225.390952	202.290622	134.951775	232.706746	225.368926	180.000000	134.998199	270.000000	56.477227	90.000000	189.888204	203.307848	146.379568	80.227770	90.000000	0.000000	0.000000	0.000000	0.000000	355.522572	56.375391	180.000000	180.000000	180.000000	90.000000	180.000000	180.000000	180.000000	90.000000	
61.638046	46.099980	206.254467	224.906159	180.000000	90.000000	89.997695	333.031472	315.731813	0.000000	359.873578	0.000000	96.077040	19.917258	225.390952	202.290622	134.953058	233.229897	225.368926	180.000000	134.998199	270.000000	56.477225	90.000000	189.968270	203.425836	146.379495	80.239561	90.000000	0.000000	0.000000	0.000000	0.000000	355.354282	56.375391	180.000000	180.000000	180.000000	90.000000	180.000000	180.000000	180.000000	90.000000	
61.638046	46.099969	201.905941	224.906159	180.000000	90.000000	89.997695	333.031472	315.731813	0.000000	359.873578	0.000000	96.090515	20.530784	225.390952	202.290622	134.953680	233.715905	225.368926	180.000000	134.998199	270.000000	56.477225	90.000000	190.033271	203.530838	146.379460	80.281991	90.000000	0.000000	0.000000	0.000000	0.000000	355.220555	56.375391	180.000000	180.000000	180.000000	90.000000	180.000000	180.000000	180.000000	90.000000	
61.638046	46.099964	199.916130	224.906159	180.000000	90.000000	89.997695	333.031472	315.731813	0.000000	359.873578	0.000000	92.840874	20.722842	225.390952	202.290622	134.953982	234.163491	225.368926	180.000000	134.998199	270.000000	56.477224	90.000000	190.083129	203.622638	146.379444	80.354207	90.000000	0.000000	0.000000	0.000000	0.000000	355.120715	56.375391	180.000000	180.000000	180.000000	90.000000	180.000000	180.000000	180.000000	90.000000	
61.638046	46.099961	199.093790	224.906159	180.000000	90.000000	89.997695	333.031472	315.731813	0.000000	359.903407	0.000000	91.155959	20.715141	225.390952	202.290622	134.954128	234.571643	225.368926	180.000000	134.998199	270.000000	56.477224	90.000000	190.117787	203.701043	146.379436	80.455348	90.000000	0.000000	0.000000	0.000000	0.000000	355.054034	56.375391	180.000000	180.000000	180.000000	90.000000	180.000000	180.000000	180.000000	90.000000	
61.638046	46.099960	198.848295	224.906159	180.000000	90.000000	89.998198	333.031472	315.731813	0.000000	359.915972	0.000000	90.260590	20.617499	225.390952	202.290622	134.954199	230.850438	225.368926	180.000000	134.998199	270.000000	56.477224	90.000000	190.137213	203.765886	146.379433	80.584562	90.000000	0.000000	0.000000	0.000000	0.000000	355.019740	56.375391	180.000000	180.000000	180.000000	90.000000	180.000000	180.000000	180.000000	90.000000	
61.638046	46.099960	198.886136	224.906159	180.000000	90.000000	89.998435	333.031472	315.731813	0.000000	359.921265	0.000000	89.769049	20.484360	225.390952	202.290622	134.954233	233.250243	225.368926	180.000000	134.998199	270.000000	56.477224	90.000000	190.141395	203.817024	146.379431	80.741005	90.000000	0.000000	0.000000	0.000000	0.000000	355.017026	56.375391	180.000000	180.000000	180.000000	90.000000	180.000000	180.000000	180.000000	90.000000	
61.638046	46.099959	199.060902	224.906159	180.000000	90.000000	89.998547	333.031472	315.731813	0.000000	359.923496	0.000000	89.489172	20.342755	225.390952	202.290622	134.954250	230.411417	225.368926	180.000000	134.998199	270.000000	56.477224	90.000000	190.130341	203.854336	146.379430	87.860967	90.000000	0.000000	0.000000	0.000000	0.000000	355.045064	56.375391	180.000000	180.000000	180.000000	90.000000	180.000000	180.000000	180.000000	90.000000	
61.638046	46.099959	199.299154	224.906159	180.000000	90.000000	89.998600	333.031472	315.731813	0.000000	359.924436	0.000000	89.325146	20.206125	225.390952	202.290622	134.954258	233.368421	225.368926	180.000000	134.998199	270.000000	56.477224	90.000000	190.104077	203.877727	146.379430	84.296002	90.000000	0.000000	0.000000	0.000000	0.000000	355.103014	56.375391	180.000000	180.000000	180.000000	90.000000	180.000000	180.000000	180.000000	90.000000	
61.638046	46.099959	199.563762	224.906159	180.000000	90.000000	89.998625	333.031472	315.731813	0.000000	359.924832	0.000000	89.229143	20.081164	225.390952	202.290622	134.954262	230.670602	225.368926	180.000000	134.998199	270.000000	56.477224	90.000000	190.062647	203.887122	146.379430	82.691706	90.000000	0.000000	0.000000	0.000000	0.000000	2.471671	56.375391	180.000000	180.000000	180.000000	90.000000	180.000000	180.000000	180.000000	90.000000	
61.638046	46.099959	199.835720	224.906159	180.000000	90.000000	89.998636	333.031472	315.731813	0.000000	359.925000	0.000000	89.177214	19.971206	225.390952	202.290622	134.954264	229.422471	225.368926	180.000000	134.998199	270.000000	56.477224	90.000000	190.006108	203.882468	146.379430	88.704845	90.000000	0.000000	0.000000	0.000000	0.000000	358.683194	56.375391	180.000000	180.000000	180.000000	90.000000	180.000000	180.000000	180.000000	90.000000	
61.638046	46.099959	200.105099	224.906159	180.000000	90.000000	89.998642	333.031472	315.731813	0.000000	359.925070	0.000000	89.157283	19.877902	225.390952	202.290622	134.954265	228.905420	225.368926	180.000000	134.998199	270.000000	56.477224	90.000000	190.033321	203.863731	146.379430	84.930085	90.000000	0.000000	0.000000	12.215281	0.000000	356.887592	56.375391	180.000000	180.000000	180.000000	90.000000	180.000000	180.000000	180.000000	90.000000	
61.638046	46.099959	200.366542	224.906159	180.000000	90.000000	89.998644	333.031472	315.731813	0.000000	359.925100	0.000000	89.163163	19.802047	225.390952	202.290622	134.954265	228.753829	225.368926	180.000000	134.998199	270.000000	56.477224	90.000000	190.238764	203.830901	146.379430	89.718579	90.000000	0.000000	0.000000	17.750526	0.000000	3.190560	56.375391	180.000000	180.000000	180.000000	90.000000	180.000000	180.000000	180.000000	90.000000	
61.638046	46.099959	200.617005	224.906159	180.000000	90.000000	89.998646	333.031472	315.731813	0.000000	359.925112	0.000000	89.191583	19.743997	225.390952	202.290622	134.954266	228.781227	225.368926	180.000000	134.998199	270.000000	56.477224	90.000000	191.130339	203.783982	146.379430	91.970083	90.000000	0.000000	0.000000	20.265359	0.201313	359.103163	56.375391	180.000000	180.000000	180.000000	90.000000	180.000000	180.000000	180.000000	90.000000	
61.638046	46.099959	200.854631	224.906159	180.000000	90.000000	89.998646	333.031472	315.731813	0.000000	359.925118	0.000000	89.240708	19.703869	225.390952	202.290622	134.954266	228.892170	225.368926	180.000000	134.998199	270.000000	56.477224	90.000000	191.504532	203.722998	146.379430	86.655486	90.000000	0.000000	0.000000	21.408746	0.525626	4.164763	56.375391	180.000000	180.000000	180.000000	90.000000	180.000000	180.000000	180.000000	90.000000	
61.638046	46.099959	201.078180	224.906159	180.000000	90.000000	89.998646	333.031472	315.731813	0.000000	359.925120	0.000000	89.290066	19.681648	225.390952	202.290622	134.954266	229.037555	225.368926	180.000000	134.998199	270.000000	56.477224	90.000000	191.639817	203.647990	146.379430	90.420169	90.000000	0.000000	0.000000	21.928769	0.906242	359.624693	56.375391	180.000000	180.000000	180.000000	90.000000	180.000000	180.000000	180.000000	90.000000	
61.638046	46.099959	201.286747	224.906159	180.000000	90.000000	89.998647	333.031472	315.731813	0.000000	359.925121	0.000000	89.111238	19.677235	225.390952	202.290622	134.954266	229.191922	225.368926	180.000000	134.998199	270.000000	56.477224	90.000000	191.661531	203.559015	146.379430	92.198057	90.000000	0.000000	0.000000	22.165341	1.312383	4.335721	56.375391	180.000000	180.000000	180.000000	90.000000	180.000000	180.000000	180.000000	90.000000	
61.638046	46.099959	201.479617	224.906159	180.000000	90.000000	89.998647	333.031472	315.731813	0.000000	359.925121	0.000000	88.839257	19.690479	225.390952	202.290622	134.954266	229.341914	225.368926	180.000000	134.998661	270.000000	56.477224	90.000000	191.626013	203.456141	146.379430	93.002980	90.000000	0.000000	0.000000	22.272992	1.729498	6.561261	56.375391	180.000000	180.000000	180.000000	90.000000	180.000000	180.000000	180.000000	90.000000	
61.638046	46.099959	201.656193	224.906159	180.000000	90.000000	89.998647	333.031472	315.731813	0.000000	359.925121	0.000000	88.541585	19.721186	225.390952	202.290622	134.954266	229.480382	225.368926	180.000000	134.998884	270.000000	56.477224	90.000000	191.558591	203.339455	146.379430	93.336871	90.000000	0.000000	0.000000	22.321989	2.150412	0.865456	53.464870	180.000000	180.000000	180.000000	90.000000	180.000000	180.000000	180.000000	90.000000	
61.638046	46.099959	201.815962	224.906159	180.000000	90.000000	89.998647	328.136051	315.731813	0.000000	359.925121	0.000000	88.251942	19.769134	225.390952	202.290622	134.954266	220.508207	225.368926	180.000000	134.998992	270.000000	56.477224	90.000000	191.470691	203.209051	146.379430	93.448353	90.000000	0.000000	0.000000	22.344296	2.571318	4.801862	52.055871	180.000000	180.000000	180.000000	90.000000	180.000000	180.000000	180.000000	90.000000	
61.638046	46.099959	201.958476	224.906159	180.000000	90.000000	89.998647	325.915266	315.731813	0.000000	359.925121	0.000000	87.987109	19.834071	225.390952	202.290622	134.954266	215.975939	225.368926	180.000000	134.999045	270.000000	56.477224	90.000000	193.612395	203.065039	146.379430	90.271381	90.000000	0.000000	0.000000	22.354455	2.989950	6.674501	51.373557	180.000000	180.000000	180.000000	90.000000	180.000000	180.000000	180.000000	90.000000	
61.638046	46.099959	202.083344	224.906159	180.000000	90.000000	89.998647	324.907238	315.731813	0.000000	359.925121	0.000000	87.755294	19.915728	225.390952	202.290622	134.954266	213.740753	225.368926	180.000000	134.999070	270.000000	56.477224	90.000000	194.694208	202.907534	146.379430	88.699607	90.000000	0.000000	0.000000	22.359082	3.404750	7.529069	51.043059	180.000000	180.000000	180.000000	90.000000	180.000000	180.000000	180.000000	90.000000	
61.638046	46.099959	202.190225	224.906159	180.000000	90.000000	89.998647	324.449560	315.731813	0.000000	359.925121	0.000000	87.560327	20.013816	225.390952	202.290622	134.954266	212.690767	225.368926	180.000000	134.999082	270.000000	56.477224	90.000000	195.272405	202.736665	146.379430	87.913531	90.000000	0.000000	0.000000	22.361190	3.814483	7.886525	50.882934	180.000000	180.000000	180.000000	90.000000	180.000000	180.000000	180.000000	90.000000	
61.638046	46.099959	202.278825	224.906159	180.000000	90.000000	89.998647	324.241714	315.731813	0.000000	359.925121	0.000000	87.403775	20.128030	225.390952	202.290622	134.954266	212.249876	225.368926	180.000000	134.999088	270.000000	56.477224	90.000000	195.603931	202.552564	146.379430	87.516471	90.000000	0.000000	0.000000	22.362151	4.218061	8.006576	50.805336	180.000000	180.000000	180.000000	90.000000	180.000000	180.000000	180.000000	90.000000	
61.638046	46.099959	202.348901	224.906159	180.000000	90.000000	89.998647	324.147304	315.731813	0.000000	359.925121	0.000000	87.286011	20.258053	225.390952	202.290622	134.954266	212.119532	225.368926	180.000000	134.999091	270.000000	56.477224	90.000000	195.807687	200.977373	146.379430	87.316353	90.000000	0.000000	0.000000	22.362589	4.614467	8.018799	50.767721	180.000000	180.000000	180.000000	90.000000	180.000000	180.000000	180.000000	90.000000	
61.638046	46.099959	202.400250	224.906159	180.000000	90.000000	89.998647	324.104411	315.731813	0.000000	359.925121	0.000000	87.206768	20.403558	225.390952	202.290622	134.954266	212.144840	225.368926	180.000000	134.999093	270.000000	56.477224	90.000000	195.938841	200.225797	146.379430	87.220183	90.000000	0.000000	0.000000	22.362789	5.002717	3.511454	50.749483	180.000000	180.000000	180.000000	90.000000	180.000000	180.000000	180.000000	90.000000	
61.638046	46.099959	202.432716	224.906159	180.000000	90.000000	89.998647	324.084919	315.731813	0.000000	359.925121	0.000000	87.165426	20.564209	225.390952	202.290622	134.954266	212.245269	225.368926	180.000000	134.999093	270.000000	56.477224	90.000000	196.023135	199.835881	146.379430	87.182908	90.000000	0.000000	0.000000	22.362880	5.381852	1.308958	50.740638	180.000000	180.000000	180.000000	90.000000	180.000000	180.000000	180.000000	90.000000	
61.638046	46.099959	202.446183	224.906159	180.000000	90.000000	89.998647	324.076060	315.731813	0.000000	359.925121	0.000000	87.161171	20.739667	225.390952	202.290622	134.954266	212.378807	225.368926	180.000000	134.999094	270.000000	56.477224	90.000000	196.072740	199.600793	146.379430	87.182651	90.000000	0.000000	0.000000	22.362922	5.750931	0.216231	50.736347	180.000000	180.000000	180.000000	90.000000	180.000000	180.000000	180.000000	90.000000	
61.638046	46.099959	202.440576	224.906159	180.000000	90.000000	89.998647	324.072032	315.731813	0.000000	359.925121	0.000000	87.193075	20.929585	225.390952	202.290622	134.954266	212.523411	225.368926	180.000000	134.999094	270.000000	56.477224	90.000000	196.093574	199.428290	146.379430	87.071122	90.000000	0.000000	0.000000	22.362941	6.109032	359.415928	50.734265	180.000000	180.000000	180.000000	90.000000	180.000000	180.000000	180.000000	90.000000	
61.638046	46.099959	202.415856	224.906159	180.000000	90.000000	89.998647	324.070201	315.731813	0.000000	359.925121	0.000000	87.260151	21.133617	225.390952	202.290622	134.954266	212.667405	225.368926	180.000000	134.999094	270.000000	56.477224	90.000000	196.088677	199.277440	146.379430	86.800787	90.000000	0.000000	0.000000	22.362949	6.455259	358.776456	50.733255	180.000000	180.000000	180.000000	90.000000	180.000000	180.000000	180.000000	90.000000	
61.638046	46.099959	202.372024	224.906159	180.000000	90.000000	89.998647	324.069368	315.731813	0.000000	359.925121	0.000000	92.426188	21.351414	225.271737	202.290622	134.954266	212.804498	225.368926	180.000000	134.999094	270.000000	56.477224	90.000000	196.059768	199.130216	146.379430	86.471626	90.000000	0.000000	0.000000	22.362953	6.788743	358.233986	50.732764	180.000000	180.000000	180.000000	90.000000	180.000000	180.000000	180.000000	90.000000	
61.638046	46.099959	202.309110	224.906159	180.000000	90.000000	89.998647	324.068989	315.731813	0.000000	359.925121	0.000000	89.867938	21.582632	225.226204	202.290622	134.954266	212.931208	225.368926	180.000000	134.999094	270.000000	56.477224	90.000000	196.007957	198.978781	146.379430	86.132412	90.000000	0.000000	0.000000	22.362955	7.108648	357.757523	50.732526	180.000000	180.000000	180.000000	90.000000	180.000000	180.000000	180.000000	90.000000	
61.638046	46.099959	202.227180	224.906159	180.000000	90.000000	89.998647	324.068816	315.731813	0.000000	359.925121	0.000000	93.548184	21.826924	225.208810	202.290622	134.954266	213.045521	225.269032	180.000000	134.999094	270.000000	56.477224	90.000000	195.934075	198.819815	146.379430	85.806992	90.000000	0.000000	0.000000	22.362956	7.414175	357.332014	50.732410	180.000000	180.000000	180.000000	90.000000	180.000000	180.000000	180.000000	90.000000	
61.638046	46.099959	202.126325	224.906159	180.000000	90.000000	89.998647	324.068738	315.731813	0.000000	359.925121	0.000000	90.466099	22.083953	225.202165	202.290622	134.954266	213.146200	225.223708	180.000000	134.999094	270.000000	53.368802	90.000000	195.838818	198.651996	143.393488	85.506999	90.000000	0.000000	0.000000	22.362956	7.704566	356.950131	50.732354	180.000000	180.000000	180.000000	90.000000	180.000000	180.000000	180.000000	90.000000	
56.872339	45.817202	202.006665	224.906159	180.000000	90.000000	89.998647	324.068702	315.731813	0.000000	359.925121	0.000000	93.697812	22.353383	225.199626	202.290622	134.954266	213.232423	225.203139	180.000000	134.999094	270.000000	51.958567	90.000000	195.722818	198.474885	141.992299	85.238025	90.000000	0.000000	0.000000	22.362957	7.979106	356.608257	50.732326	180.000000	180.000000	180.000000	90.000000	180.000000	180.000000	180.000000	90.000000	
54.872192	45.680304	201.868345	224.906159	180.000000	90.000000	89.998647	324.068686	315.731813	0.000000	359.925121	0.000000	95.209178	22.634884	225.198656	202.290622	134.954266	213.303598	225.193803	180.000000	134.999094	270.000000	51.318547	90.000000	195.586667	198.288428	141.334563	85.002639	90.000000	0.000000	0.000000	22.362957	8.237130	356.304530	50.732313	180.000000	180.000000	180.000000	90.000000	180.000000	180.000000	180.000000	90.000000	
54.032186	45.614009	201.711531	224.906159	180.000000	90.000000	89.998647	324.068678	315.731813	0.000000	359.925121	0.000000	95.860452	22.928135	225.198285	202.290622	134.954266	213.359268	225.189565	180.000000	134.999094	270.000000	51.028016	90.000000	195.430935	198.092742	141.025739	84.801863	90.000000	0.000000	0.000000	22.362957	8.478020	356.037879	50.732307	180.000000	180.000000	180.000000	90.000000	180.000000	180.000000	180.000000	90.000000	
53.679319	45.581898	201.536405	224.906159	180.000000	90.000000	89.998647	324.068675	315.731813	0.000000	359.925121	0.000000	96.087566	23.232822	225.198143	202.290622	134.954266	213.399059	225.187640	180.000000	134.999094	270.000000	50.896103	90.000000	195.256169	197.888018	140.880707	84.635911	90.000000	0.000000	0.000000	22.362957	8.701212	355.807564	50.732303	180.000000	180.000000	180.000000	90.000000	180.000000	180.000000	180.000000	90.000000	
53.531060	45.566340	201.343170	224.906159	180.000000	90.000000	89.998647	324.068673	315.731813	0.000000	359.925121	0.000000	92.944544	23.548639	225.198089	202.290622	134.954266	213.422658	225.186766	180.000000	134.999094	270.000000	50.836198	90.000000	195.062898	197.674478	140.812580	84.504552	90.000000	0.000000	0.000000	22.362957	8.906193	355.612955	50.732302	180.000000	180.000000	180.000000	90.000000	180.000000	180.000000	180.000000	90.000000	
53.468757	45.558800	199.993810	224.906159	180.000000	90.000000	89.998647	324.068673	315.731813	0.000000	359.925121	0.000000	91.307521	23.875290	225.198068	202.290622	134.954266	213.429795	225.186369	180.000000	134.999094	270.000000	50.808988	90.000000	194.851633	197.452357	140.780571	84.407306	90.000000	0.000000	0.000000	22.362957	9.092507	355.453430	50.732301	180.000000	180.000000	180.000000	90.000000	180.000000	180.000000	180.000000	90.000000	
53.442572	45.555146	199.295441	224.906159	180.000000	90.000000	89.998941	324.068672	315.731813	0.000000	359.925121	0.000000	90.430823	24.212489	225.198060	202.290622	134.954266	213.420241	225.186189	180.000000	134.999094	270.000000	50.796626	90.000000	194.622864	197.221896	140.765528	84.343542	90.000000	0.000000	0.000000	22.362957	9.259747	355.328333	50.732301	180.000000	180.000000	180.000000	90.000000	180.000000	180.000000	180.000000	90.000000	
53.431564	45.553374	198.902494	224.906159	180.000000	90.000000	89.999080	324.068672	315.731813	0.000000	359.925121	0.000000	89.943468	24.559957	225.198057	202.290622	134.954266	213.393803	225.186107	180.000000	134.999094	270.000000	50.791008	90.000000	186.017107	196.983333	140.758457	84.312536	90.000000	0.000000	0.000000	22.362957	9.407564	355.236963	50.732301	180.000000	180.000000	180.000000	90.000000	180.000000	180.000000	180.000000	90.000000	
53.426936	45.552514	198.648232	224.906159	180.000000	90.000000	89.999145	324.068672	315.731813	0.000000	359.925121	0.000000	89.660640	24.917429	225.198056	202.290622	134.954266	213.350324	225.186069	180.099871	134.999094	270.000000	50.788455	90.000000	190.576111	196.736904	140.755133	84.313506	90.000000	0.000000	0.000000	22.362957	9.535660	355.178573	50.732301	180.000000	180.000000	180.000000	90.000000	180.000000	180.000000	180.000000	90.000000	
53.424990	45.552097	198.452561	224.906159	180.000000	90.000000	89.999176	324.068672	315.731813	0.000000	359.925121	0.000000	89.490195	25.284650	225.198056	202.290622	134.954266	213.289680	225.186052	180.367127	134.999094	270.000000	50.787294	90.000000	192.454352	196.482842	140.753569	84.345633	90.000000	0.000000	0.000000	22.362957	9.643786	355.152379	50.732301	180.000000	180.000000	180.000000	90.000000	180.000000	180.000000	180.000000	90.000000	
53.424171	45.551895	198.277241	224.906159	180.000000	90.000000	89.999191	324.068672	315.731813	0.000000	359.925121	0.000000	89.386130	25.661373	225.198055	202.290622	134.965980	213.211783	225.186045	180.711271	134.999094	270.000000	50.786766	90.000000	185.044558	196.221375	140.752834	84.408077	90.000000	0.000000	0.000000	22.362957	9.731747	355.157568	50.732300	180.000000	180.000000	180.000000	90.000000	180.000000	180.000000	180.000000	90.000000	
53.423827	45.551797	198.104180	224.906159	180.000000	90.000000	89.999198	324.068672	315.731813	0.000000	359.925121	0.000000	89.325406	27.444674	225.198055	202.290622	134.971651	213.116576	225.186041	181.090431	134.999094	270.000000	50.786526	90.000000	189.835496	195.952724	140.752488	84.499992	90.000000	0.000000	0.000000	22.362957	9.799391	355.193307	50.732300	180.000000	180.000000	180.000000	90.000000	180.000000	180.000000	180.000000	90.000000	
53.423682	45.551749	197.924954	224.906159	180.000000	90.000000	89.999201	324.068672	315.731813	0.000000	359.925121	0.000000	89.296405	28.396226	225.198055	202.290622	134.974397	213.004039	225.186040	181.484816	134.999094	270.000000	50.786417	90.000000	183.879437	195.677105	140.752325	91.013244	90.000000	0.000000	0.000000	22.362957	9.846613	355.258751	50.732300	180.000000	180.000000	180.000000	90.000000	180.000000	180.000000	180.000000	90.000000	
53.423621	45.551726	197.735764	224.906159	180.000000	90.000000	89.999202	324.068672	315.731813	0.000000	359.942813	0.000000	89.293169	28.975465	225.198055	202.290622	134.975727	212.874188	225.186039	181.884723	134.999094	270.000000	50.640347	90.000000	189.127113	195.394727	140.752248	87.689548	90.000000	0.000000	0.000000	22.362957	9.873353	2.589508	50.732300	180.000000	180.000000	180.000000	90.000000	180.000000	180.000000	180.000000	90.000000	
53.423595	45.551715	197.535013	224.906159	180.000000	90.000000	89.999203	324.068672	315.731813	0.000000	359.950265	0.000000	89.312546	29.390701	225.198055	202.290622	134.976371	212.727071	225.186039	182.285080	134.999094	270.000000	50.327269	90.000000	183.565442	201.889053	140.752212	86.164250	90.000000	0.000000	0.000000	22.362957	9.879585	358.831316	50.732300	180.000000	180.000000	180.000000	90.000000	180.000000	180.000000	180.000000	90.000000	
53.423585	45.551709	197.322154	224.906159	180.000000	90.000000	89.999203	324.068672	315.731813	0.000000	359.953404	0.000000	89.352763	29.736180	225.198055	202.290622	134.976683	212.562772	225.186038	182.682945	134.999094	270.000000	49.827179	90.000000	181.082942	204.536568	140.752195	91.663902	90.000000	0.000000	0.000000	22.362957	9.865325	357.054286	50.732300	180.000000	180.000000	180.000000	90.000000	180.000000	180.000000	180.000000	90.000000	
53.423580	45.551707	197.097134	224.906159	180.000000	90.000000	89.999203	324.068672	315.731813	0.000000	359.954727	0.000000	89.412724	30.054396	225.198055	202.290622	134.976835	212.381407	225.186038	183.076354	134.999094	270.000000	49.164976	90.000000	187.622053	205.490712	140.752187	88.153723	90.000000	0.000000	0.000000	22.362957	9.830619	3.319715	50.732300	180.000000	180.000000	180.000000	90.000000	180.000000	180.000000	180.000000	90.000000	
53.423578	45.551705	196.860132	224.906159	180.000000	90.000000	89.999204	324.068672	315.731813	0.000000	359.955285	0.000000	89.329674	30.364398	225.198055	202.290622	134.976908	212.183126	225.186038	183.508792	134.999094	270.000000	48.426277	90.000000	182.921124	205.698376	140.752183	92.523896	90.000000	0.000000	0.000000	22.362957	9.775544	359.267748	50.732300	180.000000	180.000000	180.000000	90.000000	180.000000	180.000000	180.000000	90.000000	
53.423577	45.551705	196.611437	224.906159	180.000000	90.000000	89.999204	324.068672	315.731813	0.000000	359.955520	0.000000	89.096117	37.471046	225.198055	202.290622	134.976943	211.968111	225.186038	183.925065	134.999094	270.000000	47.652050	90.000000	180.812030	205.574315	140.752181	94.555780	90.000000	0.000000	0.000000	22.362957	9.700205	4.297048	50.732300	180.000000	180.000000	180.000000	90.000000	180.000000	180.000000	180.000000	90.000000	
53.423577	45.551704	196.351384	224.906159	180.000000	90.000000	89.999204	324.068672	315.731813	0.000000	359.955619	0.000000	88.808194	33.923656	225.198055	202.290622	134.976961	208.122003	225.186038	184.331104	134.999094	270.000000	46.862971	90.000000	179.889575	205.299521	140.752181	89.642993	90.000000	0.000000	0.000000	22.362957	10.647308	359.798000	50.732300	180.000000	180.000000	180.000000	90.000000	180.000000	180.000000	180.000000	90.000000	
53.423577	45.551704	196.080328	224.906159	180.000000	90.000000	89.999204	324.068672	315.731813	0.000000	359.955661	0.000000	88.513968	39.153123	225.198055	202.290622	134.976969	206.237716	225.186038	184.729295	134.999094	270.000000	46.070419	90.000000	179.505857	204.952767	140.752180	93.071078	90.000000	0.000000	0.000000	22.362957	11.083129	4.476315	50.732300	180.000000	180.000000	180.000000	90.000000	180.000000	180.000000	180.000000	90.000000	
53.423577	45.551704	195.798627	224.906159	180.000000	90.000000	89.999204	324.068672	315.731813	0.000000	359.955679	0.000000	88.237435	34.928013	225.198055	202.290622	134.976973	205.283451	225.186038	185.120336	134.999094	270.000000	45.281470	90.000000	179.361961	196.163798	140.752180	94.671932	90.000000	0.000000	0.000000	22.362957	11.263025	6.688203	50.732300	180.000000	180.000000	180.000000	90.000000	180.000000	180.000000	180.000000	90.000000	
53.423577	45.551704	195.506639	224.906159	180.000000	90.000000	89.999204	324.068672	315.731813	0.000000	359.955686	0.000000	87.990458	39.675987	225.198055	202.290622	134.976975	204.764222	225.186038	185.504113	134.999094	270.000000	44.501185	90.000000	179.319970	200.705357	140.752180	95.380433	90.000000	0.000000	0.000000	28.515667	11.311007	1.047003	50.732300	180.000000	180.000000	180.000000	90.000000	180.000000	180.000000	180.000000	90.000000	
53.423577	45.551704	195.204711	224.906159	180.000000	90.000000	89.999204	324.068672	315.731813	0.000000	359.955689	0.000000	87.778737	35.432589	225.198055	202.290622	134.976976	204.443551	225.186038	185.880128	134.999094	270.000000	43.733659	90.000000	179.316250	194.114391	140.752180	95.658593	90.000000	0.000000	0.000000	31.306526	11.287242	4.952931	50.732300	180.000000	180.000000	180.000000	90.000000	180.000000	180.000000	180.000000	90.000000	
53.423577	45.551704	194.893186	224.906159	180.000000	90.000000	89.999204	324.068672	315.731813	0.000000	359.955691	0.000000	87.604806	39.971327	225.198055	202.290622	134.976977	204.209079	225.186038	186.247693	134.999094	270.000000	42.982489	90.000000	182.415248	199.477477	140.752180	92.177953	90.000000	0.000000	0.000000	32.573466	11.220940	6.812891	50.732300	180.000000	180.000000	180.000000	90.000000	180.000000	180.000000	180.000000	90.000000	
53.423577	45.551704	200.337069	224.906159	180.000000	90.000000	89.999204	324.068672	315.731813	0.000000	359.955691	0.000000	87.469547	42.035439	225.198055	202.290622	134.976977	204.007787	225.186038	186.606043	134.999094	270.000000	42.250975	90.000000	183.816750	193.439930	140.752180	90.449879	90.000000	0.000000	0.000000	33.148794	11.126336	7.663569	50.732300	180.000000	180.000000	180.000000	90.000000	180.000000	180.000000	180.000000	90.000000	
53.423577	45.551704	202.742204	224.906159	180.000000	90.000000	89.999204	324.068672	315.731813	0.000000	359.955692	0.000000	87.372968	42.974688	225.198055	202.290622	134.976977	203.814905	225.186038	186.954379	134.999094	270.000000	41.542202	90.000000	184.449147	198.806077	140.752180	89.577891	90.000000	0.000000	0.000000	33.410117	11.010444	8.021501	50.732300	180.000000	180.000000	180.000000	90.000000	180.000000	180.000000	180.000000	90.000000	
53.423577	45.551704	203.688183	224.906159	180.000000	90.000000	89.999204	324.068672	315.731813	0.000000	359.955692	0.000000	87.314599	43.402218	225.198055	202.290622	134.976977	203.619047	225.186038	187.291896	134.999094	270.000000	40.859053	90.000000	184.729592	192.997842	140.752180	89.128749	90.000000	0.000000	0.000000	33.528840	12.883055	8.144219	50.732300	180.000000	180.000000	180.000000	90.000000	180.000000	180.000000	180.000000	90.000000	
53.423577	45.551704	203.931624	224.906159	180.000000	90.000000	89.999204	324.068672	315.731813	0.000000	359.955692	0.000000	87.293709	43.596875	225.198055	202.290622	134.976977	203.415138	225.186038	187.617803	134.999094	270.000000	40.204203	90.000000	184.845450	190.322563	140.752180	88.892926	90.000000	0.000000	0.000000	33.582789	13.898263	3.712642	50.732300	180.000000	180.000000	180.000000	90.000000	180.000000	180.000000	180.000000	90.000000	
53.423577	45.551704	203.833333	224.906159	180.000000	90.000000	89.999204	324.068672	315.731813	0.000000	359.955692	0.000000	87.309415	43.685528	225.198055	202.290622	134.976977	203.201074	225.186038	187.931329	134.999094	270.000000	39.580101	90.000000	185.080427	189.088860	140.752180	88.769069	90.000000	0.000000	0.000000	33.607309	14.471396	1.538067	50.732300	180.000000	180.000000	180.000000	90.000000	180.000000	180.000000	180.000000	90.000000	
53.423577	45.551704	203.564733	224.906159	180.000000	90.000000	89.999204	324.068672	315.731813	0.000000	359.955692	0.000000	87.360756	43.725913	225.198055	202.290622	134.976977	202.976136	225.186038	188.231731	134.999326	270.000000	38.988954	90.000000	185.398785	188.514031	140.752180	88.708121	90.000000	0.000000	0.000000	33.618457	14.808339	0.467086	50.732300	180.000000	180.000000	180.000000	90.000000	180.000000	180.000000	180.000000	90.000000	
53.423577	45.551704	203.207083	224.906159	180.000000	90.000000	89.999204	324.068672	315.731813	0.000000	359.955692	0.000000	92.531964	43.744316	225.198055	202.290622	134.976977	202.740253	225.186038	188.518297	134.999438	270.000000	38.432709	90.000000	185.740244	188.235608	140.752180	88.686285	90.000000	0.000000	0.000000	33.623525	15.011428	359.867447	49.260548	180.000000	180.000000	180.000000	90.000000	180.000000	180.000000	180.000000	90.000000	
53.423577	45.551704	195.169127	224.906159	180.000000	90.000000	89.999204	324.068672	315.731813	0.000000	359.955692	0.000000	89.948622	43.752704	225.198055	202.290622	134.976977	202.493652	225.186038	188.790353	134.999493	270.000000	37.913046	90.000000	186.077336	188.085852	140.752180	88.691949	90.000000	0.000000	0.000000	33.625831	15.131742	359.312704	48.548012	180.000000	180.000000	180.000000	90.000000	180.000000	180.000000	180.000000	90.000000	
53.423577	45.551704	198.968931	224.906159	180.000000	90.000000	89.999204	324.068672	315.731813	0.000000	359.955692	0.000000	93.635382	43.756528	225.198055	202.290622	134.976977	208.551578	225.186038	189.047265	134.999519	270.000000	37.431368	90.000000	186.397484	187.987232	140.752180	88.594153	90.000000	0.000000	0.000000	33.626880	15.194990	358.797511	48.202958	180.000000	180.000000	180.000000	90.000000	180.000000	180.000000	180.000000	90.000000	
53.423577	45.551704	192.999803	224.906159	180.000000	90.000000	89.999204	324.068672	315.731813	0.000000	359.955692	0.000000	90.523193	43.758272	225.198055	202.290622	134.976977	211.311566	225.186038	189.288441	134.999532	270.000000	41.503834	90.000000	186.694921	187.903974	140.752180	88.329337	90.000000	0.000000	0.000000	33.627357	15.214331	358.319679	48.035822	180.000000	180.000000	180.000000	90.000000	180.000000	180.000000	180.000000	90.000000	
53.423577	45.551704	197.603368	224.906159	180.000000	90.000000	89.999204	324.068672	315.731813	0.000000	359.955692	0.000000	93.765263	43.759068	225.198055	202.290622	134.976977	205.701917	225.186038	189.513332	134.999538	270.000000	38.845466	90.000000	186.967025	176.512694	140.752180	88.001827	90.000000	0.000000	0.000000	33.627574	15.196720	357.878440	47.954846	180.000000	180.000000	180.000000	90.000000	180.000000	180.000000	180.000000	90.000000	
53.423577	45.551704	192.230474	224.906159	180.000000	90.000000	89.999204	321.622586	315.731813	0.000000	359.955692	0.000000	95.277288	43.759431	225.198055	202.290622	134.976977	209.788274	225.186038	189.721435	134.999541	270.000000	41.989877	90.000000	187.212663	171.144500	140.752180	87.662459	90.000000	0.000000	0.000000	33.627673	15.146049	357.473613	47.915604	180.000000	180.000000	180.000000	90.000000	180.000000	180.000000	180.000000	90.000000	
53.423577	45.551704	189.589860	224.906159	180.000000	90.000000	89.999204	320.512897	315.731813	0.000000	359.955692	0.000000	95.924688	43.759597	225.198055	202.290622	134.976977	211.543629	225.186038	189.912294	134.999542	270.000000	38.676142	90.000000	187.431421	177.823919	140.752180	87.336066	90.000000	0.000000	0.000000	33.627718	15.064688	357.105203	47.896582	180.000000	180.000000	180.000000	90.000000	180.000000	180.000000	180.000000	90.000000	
53.423577	45.551704	188.300884	224.906159	180.000000	101.565352	89.999204	320.009332	315.731813	0.000000	359.955692	0.000000	96.145771	43.759672	225.198055	202.290622	134.976977	212.189385	225.186038	190.085501	134.999543	270.000000	41.698838	90.000000	187.623259	171.823568	140.752180	87.034756	90.000000	0.000000	0.000000	33.627739	14.954257	356.773214	47.887359	180.000000	180.000000	167.844020	90.000000	180.000000	180.000000	180.000000	90.000000	
53.423577	45.551704	187.675060	224.906159	180.000000	107.165171	89.999204	319.780771	315.731813	0.000000	359.955692	0.000000	96.162783	43.759707	225.198055	202.290622	134.976977	212.305337	225.186038	190.240692	134.999543	270.000000	38.165002	90.000000	187.788339	178.406588	140.752180	86.764350	90.000000	0.000000	0.000000	33.627748	14.815993	356.477569	47.882886	180.000000	180.000000	162.336038	90.000000	180.000000	180.000000	180.000000	90.000000	
53.423577	45.551704	187.369045	224.906159	180.000000	109.880826	89.999204	319.677010	315.731813	0.000000	359.955692	0.000000	92.876768	43.759723	225.198055	202.290622	134.976977	212.165077	225.186038	190.377553	134.999544	270.000000	41.262778	90.000000	187.926948	173.340660	140.752180	86.527531	90.000000	0.000000	0.000000	33.627752	14.650932	356.218074	47.880716	180.000000	180.000000	159.833836	90.000000	180.000000	180.000000	180.000000	90.000000	
53.423577	45.551704	187.211717	224.906159	180.000000	111.198557	89.999376	319.629895	315.731813	0.000000	359.955692	0.000000	91.177270	43.759730	225.198055	202.290622	134.976977	211.897074	225.186038	190.495811	134.999544	270.000000	42.738375	90.000000	188.039453	171.158794	140.752180	86.325378	90.000000	0.000000	0.000000	33.627754	14.460000	355.994416	47.776032	180.000000	180.000000	158.696313	90.000000	180.000000	180.000000	180.000000	90.000000	
53.423577	45.551704	187.117868	224.906159	180.000000	111.838193	89.999458	319.608497	315.731813	0.000000	359.955692	0.000000	90.278033	43.759733	225.198055	202.290622	134.976977	211.561448	225.186038	190.595243	134.999544	270.000000	43.386089	90.000000	188.126281	170.365769	140.752180	86.158133	90.000000	0.000000	0.000000	33.627755	14.244051	355.806171	47.459657	180.000000	180.000000	158.179013	90.000000	180.000000	180.000000	180.000000	90.000000	
53.423577	45.551704	187.045130	224.906159	180.000000	112.148770	89.999496	319.598777	315.731813	0.000000	359.955692	0.000000	89.787860	43.759735	225.198055	202.290622	134.976977	211.186292	225.186038	190.675663	134.999544	270.000000	43.614367	90.000000	188.187902	170.239164	140.752180	86.025583	90.000000	0.000000	0.000000	33.627756	14.003889	355.652810	47.045020	180.000000	180.000000	157.943705	90.000000	180.000000	180.000000	180.000000	90.000000	
53.423577	45.551704	176.237419	224.906159	180.000000	112.299617	89.999514	319.594360	315.731813	0.000000	359.955692	0.000000	89.511875	43.759736	225.198055	202.290622	134.976977	210.784761	225.186038	190.736932	134.999544	270.000000	43.633647	90.000000	188.224816	170.428887	140.752180	85.927257	90.000000	0.000000	0.000000	33.627756	6.262805	355.533721	46.588458	180.000000	180.000000	157.836643	90.000000	180.000000	180.000000	180.000000	90.000000	
53.423577	45.551704	170.919482	224.906159	180.000000	112.372905	89.999523	319.592353	315.731813	0.000000	359.955692	0.000000	89.352930	43.759736	225.198055	202.290622	134.976977	210.363060	225.186038	190.778944	134.999544	270.000000	43.552674	90.000000	188.237549	170.764295	140.752180	85.862530	90.000000	0.000000	0.000000	33.627756	10.057265	355.448219	46.118401	180.000000	180.000000	157.787918	90.000000	180.000000	180.000000	180.000000	90.000000	
53.423577	45.551704	175.923221	224.906159	180.000000	112.408523	89.999527	319.591441	315.731813	0.000000	359.955692	0.000000	89.262539	43.759736	225.198055	202.290622	134.976977	209.924164	225.186038	190.801634	134.999544	270.000000	43.427880	90.000000	188.226643	171.161503	140.752180	85.830684	90.000000	0.000000	0.000000	33.627756	11.717445	355.395565	45.649552	180.000000	180.000000	157.765738	90.000000	180.000000	180.000000	180.000000	90.000000	
53.423577	45.410082	170.857645	224.906159	180.000000	112.425839	89.999529	319.591026	315.731813	0.000000	359.955692	0.000000	89.216426	43.759736	225.198055	202.290622	134.976977	209.469544	225.186038	190.804969	134.999544	270.000000	43.288734	90.000000	188.192652	171.578766	140.752180	85.830938	90.000000	0.000000	0.000000	33.627756	5.174539	355.374973	45.189808	180.000000	180.000000	157.755639	90.000000	180.000000	180.000000	180.000000	90.000000	
53.423577	45.341517	176.213388	224.906159	180.000000	112.434259	89.999529	319.590837	315.731813	0.000000	359.955692	0.000000	89.202352	43.759736	225.198055	202.290622	134.976977	208.999962	225.186038	190.788950	134.999544	270.000000	43.150769	90.000000	188.136134	171.994938	140.752180	85.862477	90.000000	0.000000	0.000000	33.627756	9.197773	355.385631	44.743658	180.000000	180.000000	157.751039	90.000000	180.000000	180.000000	180.000000	90.000000	
53.423577	45.308315	171.062340	224.906159	180.000000	112.438356	89.999530	319.590751	315.731813	0.000000	359.955692	0.000000	89.214047	43.759736	225.198055	202.290622	134.976977	208.515841	225.186038	190.753603	134.999544	270.000000	43.022299	90.000000	188.057650	172.399017	139.234102	85.924463	90.000000	0.000000	0.000000	33.627756	3.972839	355.426704	44.313849	180.000000	180.000000	157.748944	90.000000	180.000000	180.000000	180.000000	90.000000	
53.423577	45.292233	169.509781	224.906159	180.000000	112.440349	89.999530	319.590712	315.731813	0.000000	359.955692	0.000000	89.248196	43.759736	225.198055	202.290622	134.976977	208.017432	225.186038	190.698983	134.999544	270.000000	42.907882	90.000000	187.957757	172.785052	138.521618	92.195874	90.000000	0.000000	0.000000	33.627756	8.401022	2.749840	43.902219	180.000000	180.000000	157.747989	90.000000	180.000000	180.000000	180.000000	90.000000	
53.423577	45.284441	169.001311	224.906159	180.000000	112.441319	89.999530	319.590695	315.731813	0.000000	359.955692	0.000000	89.302942	43.759736	225.198055	202.290622	134.976977	200.949364	225.135679	190.625170	134.999544	270.000000	42.810110	90.000000	187.837007	173.149661	138.187146	88.961599	90.000000	0.000000	0.000000	33.627756	3.589577	358.962486	43.510104	180.000000	180.000000	157.747553	90.000000	180.000000	180.000000	180.000000	90.000000	
53.423577	45.280666	169.019393	224.906159	180.000000	112.441792	89.999530	319.590687	315.731813	0.000000	359.955692	0.000000	89.279703	43.759736	225.198055	202.290622	134.976977	204.162104	225.112831	190.532260	134.999544	270.000000	50.973333	90.000000	180.177492	173.490797	138.030095	87.463479	90.000000	0.000000	0.000000	33.627756	1.283761	357.158801	43.138537	180.000000	180.000000	157.747355	90.000000	180.000000	180.000000	180.000000	90.000000	
53.423577	45.278836	169.298825	224.906159	180.000000	112.442022	89.999530	319.590683	315.731813	0.000000	359.955692	0.000000	89.070891	43.759736	225.198055	202.290622	134.976977	198.834239	225.102462	190.420372	134.999544	270.000000	55.143974	90.000000	184.334217	173.807148	137.956336	92.762458	90.000000	0.000000	0.000000	33.627756	0.210467	3.430382	42.788355	180.000000	180.000000	157.747264	90.000000	180.000000	180.000000	180.000000	90.000000	
53.423577	45.277948	169.702544	224.906159	180.000000	112.442134	89.999530	319.590681	315.731813	0.000000	359.955692	0.000000	88.790191	43.759736	225.198055	202.290622	134.976977	196.161460	225.097756	190.289637	134.999544	270.000000	57.225245	90.000000	186.110809	174.097839	137.921687	89.349591	90.000000	0.000000	0.000000	33.627756	359.738082	359.341938	42.460248	180.000000	180.000000	157.747223	90.000000	180.000000	180.000000	180.000000	90.000000	
53.423577	45.277518	170.158862	224.906159	180.000000	112.442189	89.999530	319.590680	315.731813	0.000000	359.955692	0.000000	88.494424	43.759736	225.198055	202.290622	134.976977	194.796668	225.095619	191.487812	134.999544	270.000000	58.216932	90.000000	179.513747	174.362272	137.905406	93.558137	90.000000	0.000000	0.000000	33.627756	359.553127	4.380476	42.154784	180.000000	180.000000	157.747204	90.000000	180.000000	180.000000	180.000000	90.000000	
53.423577	45.277309	170.629668	224.906159	180.000000	112.442216	89.999530	319.590680	315.731813	0.000000	359.966174	0.000000	88.211980	43.759736	225.198055	202.290622	134.976977	194.070768	225.094649	192.024280	134.999544	270.000000	58.643289	90.000000	183.884488	174.600054	137.897755	95.504702	90.000000	0.000000	0.000000	33.627756	359.499972	359.838276	41.872423	180.000000	180.000000	157.747196	90.000000	180.000000	180.000000	180.000000	90.000000	
53.423577	45.277208	171.094242	224.906159	180.000000	112.442229	89.999530	319.590680	315.731813	0.000000	359.970590	0.000000	87.956947	43.759736	225.198055	202.290622	134.982865	193.651459	225.094208	192.232087	134.999544	270.000000	58.779140	90.000000	178.595895	174.810950	137.894158	90.739635	90.000000	0.000000	0.000000	33.627756	359.501328	4.531493	41.613530	180.000000	180.000000	157.747192	90.000000	180.000000	180.000000	180.000000	90.000000	
53.423577	45.277159	171.540974	224.906159	180.000000	112.442235	89.999530	319.590680	315.731813	0.000000	359.972450	0.000000	87.736159	43.759736	225.198055	202.290622	134.985716	193.373943	225.094008	192.273374	134.999544	270.000000	58.768646	90.000000	183.378893	174.994855	137.892467	94.039748	90.000000	0.000000	0.000000	33.627756	2.243275	6.744013	41.378375	180.000000	180.000000	157.747190	90.000000	180.000000	180.000000	180.000000	90.000000	
51.016923	45.277135	171.963108	224.906159	180.000000	112.442238	89.999530	319.590680	315.731813	0.000000	359.973234	0.000000	87.552736	43.759736	225.198055	202.290622	134.987096	193.579098	225.093917	195.070135	134.999544	270.000000	58.687536	90.000000	178.435982	175.151780	137.891672	95.572685	90.000000	0.000000	0.000000	33.627756	3.589313	1.044400	41.167143	180.000000	180.000000	157.747189	90.000000	180.000000	180.000000	180.000000	90.000000	
50.006609	45.277123	172.356539	224.906159	180.000000	112.442240	89.999530	319.590680	315.731813	0.000000	359.973565	0.000000	87.407870	43.759736	225.198055	202.290622	134.987765	193.644489	225.093876	196.562044	134.999544	270.000000	58.575688	90.000000	176.270668	175.281836	137.891297	96.243570	90.000000	0.000000	0.000000	33.627756	4.250506	4.969649	40.979936	180.000000	180.000000	157.747189	90.000000	180.000000	180.000000	180.000000	90.000000	
49.582358	45.277118	172.718666	224.906159	180.000000	112.442240	89.999530	319.590680	315.731813	0.000000	359.973704	0.000000	87.301733	43.759736	225.198055	202.290622	134.988089	193.634043	225.093857	197.376989	134.999544	270.000000	58.454190	90.000000	182.204285	175.385221	137.891121	96.499384	90.000000	0.000000	0.000000	33.627756	4.571544	6.832964	40.816782	180.000000	180.000000	157.747189	90.000000	180.000000	180.000000	180.000000	90.000000	
49.404174	45.277115	173.047790	224.906159	180.000000	112.442241	89.999530	319.590680	315.731813	0.000000	359.973763	0.000000	87.233946	43.759736	225.198055	202.290622	134.988245	193.578887	225.093849	197.832972	134.999544	270.000000	58.334277	90.000000	178.027370	175.462208	137.891039	92.850934	90.000000	0.000000	0.000000	33.627756	4.719464	7.679428	40.677638	180.000000	180.000000	157.747188	90.000000	180.000000	180.000000	180.000000	90.000000	
49.329325	45.277114	173.342796	224.906159	180.000000	112.442241	89.999530	319.590680	315.731813	0.000000	359.973788	0.000000	87.203828	43.759736	225.198055	202.290622	134.988322	193.494226	225.093845	198.091338	134.999544	270.000000	58.222009	90.000000	176.187284	175.513139	137.890999	91.041809	90.000000	0.000000	0.000000	33.627756	4.775190	8.029512	40.562395	180.000000	180.000000	157.747188	90.000000	180.000000	180.000000	180.000000	90.000000	
49.297879	45.277113	173.602975	224.906159	180.000000	112.442241	89.999530	319.590680	315.731813	0.000000	359.973798	0.000000	87.210526	44.094727	225.198055	202.290622	134.988358	193.387556	225.093843	198.234125	134.999544	270.000000	58.120722	90.000000	175.412509	175.538409	137.890981	90.130120	90.000000	0.000000	0.000000	33.627756	4.839143	8.142596	40.470887	180.000000	180.000000	157.747188	90.000000	180.000000	180.000000	180.000000	90.000000	
49.284664	45.277113	173.827925	224.906159	180.000000	112.442241	89.999530	319.590680	315.731813	0.000000	359.973803	0.000000	87.253095	44.246711	225.198055	202.290622	134.988376	193.262655	225.093842	198.303235	134.999544	270.000000	58.032315	90.000000	175.118851	175.538461	137.890972	89.661030	90.000000	0.000000	0.000000	33.627756	5.092723	8.148058	40.402895	180.000000	180.000000	157.747188	90.000000	180.000000	180.000000	180.000000	90.000000	
49.279111	45.277112	174.017489	224.906159	180.000000	112.442241	89.999530	319.590680	315.731813	0.000000	359.973804	0.000000	92.462178	44.315679	225.137956	202.290622	134.988385	193.121514	225.093842	198.320266	134.999544	270.000000	57.957918	90.000000	175.037700	175.513775	137.890968	89.414707	90.000000	0.000000	0.000000	33.627756	5.420346	3.637671	40.358150	180.000000	180.000000	157.747188	90.000000	180.000000	180.000000	180.000000	90.000000	
49.276776	45.277112	174.171714	224.906159	180.000000	112.442241	89.999530	319.590680	315.731813	0.000000	359.973805	0.000000	89.846138	44.346981	225.115003	202.290622	134.988389	192.965272	225.093842	198.296562	134.999544	270.000000	57.898249	90.000000	175.045482	175.464860	137.890966	89.284874	90.000000	0.000000	0.000000	33.627756	5.765580	1.430373	40.336346	180.000000	180.000000	157.747188	90.000000	180.000000	180.000000	180.000000	90.000000	
49.275795	45.277112	174.290815	224.906159	180.000000	112.442241	89.999530	319.590680	315.731813	0.000000	359.973806	0.000000	93.563123	44.361191	225.106236	202.290622	134.988391	192.794659	225.093841	198.238291	134.999544	270.000000	57.853795	90.000000	178.913060	175.392247	137.890966	89.220124	90.000000	0.000000	0.000000	33.627756	6.100795	0.348567	40.337137	180.000000	180.000000	157.747188	90.000000	180.000000	180.000000	180.000000	90.000000	
49.275382	45.277112	174.375154	224.906159	180.000000	112.442241	89.999530	319.590680	315.731813	0.000000	359.973806	0.000000	90.410515	44.367644	225.102887	202.290622	134.988392	192.610213	225.093841	198.149007	134.999544	270.000000	57.824909	90.000000	180.673572	175.296481	137.890965	89.195534	90.000000	0.000000	0.000000	33.627756	6.412468	359.615670	40.360149	180.000000	180.000000	157.747188	90.000000	180.000000	180.000000	180.000000	90.000000	
49.275209	45.277112	174.425214	224.906159	180.000000	112.442241	89.999530	319.590680	315.731813	0.000000	359.973806	0.000000	93.683165	44.370574	225.101608	202.290622	134.988393	195.611511	225.093841	198.030941	134.999544	270.000000	57.811859	90.000000	181.482551	175.178117	137.890965	89.198955	90.000000	0.000000	0.000000	33.627756	6.694044	359.004037	40.404981	180.000000	180.000000	157.747188	90.000000	180.000000	180.000000	180.000000	90.000000	
49.275136	45.277112	174.441576	224.906159	180.000000	112.442241	89.999530	319.590680	315.731813	0.000000	359.973806	0.000000	95.207526	44.371905	225.101119	202.290622	134.988393	197.092466	225.093841	197.885648	134.999544	270.000000	57.814857	90.000000	181.858008	175.037713	137.890965	89.111281	90.000000	0.000000	0.000000	33.627756	6.942457	358.469753	40.471213	180.000000	180.000000	157.747188	90.000000	180.000000	180.000000	180.000000	90.000000	
49.275105	45.277112	174.424904	224.906159	180.000000	112.442241	89.999530	319.590680	315.731813	0.000000	359.973806	0.000000	95.858250	44.372510	225.100932	202.290622	134.988393	197.806812	225.093841	197.714333	134.999544	270.000000	57.834072	90.000000	182.032258	174.875825	137.890965	88.850230	90.000000	0.000000	0.000000	33.627756	7.156417	357.991656	40.558407	180.000000	180.000000	157.747188	90.000000	180.000000	180.000000	180.000000	90.000000	
49.275092	45.277112	174.375922	224.906159	180.000000	112.442241	89.999530	319.590680	315.731813	0.000000	359.973806	0.000000	96.078163	44.372784	225.100860	202.290622	134.988393	198.127831	225.093841	197.518008	134.999544	270.000000	57.869636	90.000000	182.109459	174.693003	137.890965	88.523435	90.000000	0.000000	0.000000	33.627756	7.335561	357.559584	40.666112	180.000000	180.000000	157.747188	90.000000	180.000000	180.000000	180.000000	90.000000	
49.275086	45.277112	174.295402	224.906159	180.000000	112.442241	89.999530	319.590680	315.731813	0.000000	359.973806	0.000000	96.091728	44.372909	225.100833	202.290622	134.988393	198.240437	225.093841	197.297574	134.999544	270.000000	57.921649	90.000000	182.136314	174.489788	137.890965	88.183324	90.000000	0.000000	0.000000	33.627756	7.480032	357.168664	40.793870	180.000000	180.000000	157.747188	90.000000	180.000000	180.000000	180.000000	90.000000	
49.275084	45.277112	174.184146	224.906159	180.000000	112.442241	89.999530	319.590680	315.731813	0.000000	359.973806	0.000000	92.841340	44.372966	225.100823	202.290622	134.988393	198.236316	225.093841	197.053860	134.999544	270.000000	57.990182	90.000000	182.133792	174.266710	137.890965	87.855498	90.000000	0.000000	0.000000	33.627756	7.590257	356.816527	40.941218	180.000000	180.000000	157.747188	90.000000	180.000000	180.000000	180.000000	90.000000	
49.275083	45.277112	174.042976	224.906159	180.000000	112.442241	89.999530	319.590680	315.731813	0.000000	359.973806	0.000000	91.156134	44.372992	225.100819	202.290622	134.988393	198.161075	225.093841	196.787637	134.999544	270.000000	58.075277	90.000000	182.111360	174.024283	137.890965	87.552440	90.000000	0.000000	0.000000	33.627756	7.666833	356.501956	41.107688	180.000000	180.000000	157.747188	90.000000	180.000000	180.000000	180.000000	90.000000	
49.275083	45.277112	173.872721	224.906159	180.000000	112.442241	89.999633	319.590680	315.731813	0.000000	359.973806	0.000000	90.260697	44.373004	225.100817	202.290622	134.988393	198.037577	225.093841	187.739109	134.999660	270.000000	58.176952	90.000000	182.073345	173.763006	137.890965	87.280160	90.000000	0.000000	0.000000	33.627756	7.710466	356.224227	41.292817	180.000000	180.000000	157.747188	90.000000	180.000000	180.000000	180.000000	90.000000	
49.275083	45.277112	173.674206	224.906159	180.000000	118.248978	89.999681	319.590680	315.731813	0.000000	359.973806	0.000000	89.769199	44.373009	225.100817	202.290622	134.988393	197.877476	225.093841	192.153379	134.999717	270.000000	58.295195	90.000000	182.021789	173.483360	137.890965	87.041433	90.000000	0.000000	0.000000	33.627756	7.721924	355.982791	39.778350	180.000000	180.000000	157.747188	90.000000	180.000000	180.000000	180.000000	90.000000	
49.275083	45.277112	173.448248	224.906159	180.000000	121.060434	89.999704	319.590680	315.731813	0.000000	359.973806	0.000000	89.489416	44.373011	225.100816	202.290622	134.988393	197.686900	225.093841	194.125260	134.999744	270.000000	58.429970	90.000000	181.957714	173.185804	137.890965	86.837387	90.000000	0.000000	0.000000	33.627756	7.702022	355.777130	39.115944	180.000000	180.000000	157.747188	90.000000	180.000000	180.000000	180.000000	90.000000	
49.275083	45.277112	173.195644	224.906159	180.000000	122.422425	89.999715	319.590680	315.731813	0.000000	359.973806	0.000000	89.325510	44.373013	225.100816	202.290622	134.988393	197.469249	225.093841	186.407251	134.999757	270.000000	58.581216	90.000000	181.881697	172.870781	137.890965	86.668290	90.000000	0.000000	0.000000	33.627756	7.651598	355.606690	38.884866	180.000000	180.000000	157.747188	90.000000	180.000000	180.000000	180.000000	90.000000	
49.275083	45.277112	172.917170	224.906159	180.000000	123.082442	89.999720	319.590680	315.731813	0.000000	359.973806	0.000000	89.229637	44.373013	225.100816	202.290622	134.988393	197.226573	225.093841	191.175317	134.999764	270.000000	58.748848	90.000000	181.794113	172.538711	137.890965	86.533944	90.000000	0.000000	0.000000	33.627756	7.571500	355.470862	38.874898	180.000000	180.000000	157.747188	90.000000	180.000000	180.000000	180.000000	90.000000	
49.275083	45.277112	172.613574	224.906159	180.000000	123.402371	89.999722	319.590680	315.731813	0.000000	359.973806	0.000000	89.177843	44.373013	225.100816	202.290622	134.988393	196.960241	225.093841	184.958048	134.999767	270.000000	58.932760	90.000000	181.695255	172.189994	137.890965	86.433888	90.000000	0.000000	0.000000	33.627756	7.462582	355.368976	38.981097	180.000000	180.000000	157.747188	90.000000	180.000000	180.000000	180.000000	90.000000	
49.275083	45.277112	172.285572	224.906159	180.000000	123.557489	89.999723	319.590680	315.731813	0.000000	359.973806	0.000000	89.158048	44.373013	225.100816	202.290622	134.988393	196.671272	225.093841	190.268816	134.999768	270.000000	59.132821	90.000000	181.585378	171.825009	137.890965	86.367503	90.000000	0.000000	0.000000	33.627756	7.325687	355.300309	44.236233	180.000000	180.000000	151.591210	90.000000	180.000000	180.000000	180.000000	90.000000	
49.275083	45.277112	171.933849	224.906159	180.000000	123.632718	89.999724	319.590680	315.731813	0.000000	359.973806	0.000000	89.164062	44.373013	225.100816	202.290622	134.988393	188.678810	225.093841	184.497538	134.999769	270.000000	59.348883	90.000000	181.464720	171.444114	137.890965	86.334071	90.000000	0.000000	0.000000	33.627756	0.531124	355.264090	41.750313	180.000000	180.000000	148.799109	90.000000	180.000000	180.000000	180.000000	90.000000	
49.275083	45.277112	171.559053	224.906159	180.000000	123.669212	89.999724	319.590680	315.731813	0.000000	359.973806	0.000000	89.192614	44.373013	225.100816	202.290622	134.988393	192.551753	225.093841	181.692489	134.999770	270.000000	59.580774	90.000000	181.333514	161.803956	137.890965	86.332818	90.000000	0.000000	0.000000	33.627756	3.945761	355.259517	40.654519	180.000000	180.000000	147.531716	90.000000	180.000000	180.000000	180.000000	90.000000	
49.275083	45.277112	171.161798	224.906159	180.000000	123.686920	89.999724	319.590680	315.731813	0.000000	359.973806	0.000000	89.241869	44.373013	225.100816	202.290622	134.988393	194.213581	225.093841	188.409935	134.999770	270.000000	59.828311	90.000000	181.191991	166.479496	137.890965	86.362928	90.000000	0.000000	0.000000	33.627756	359.019808	355.285764	45.158052	180.000000	180.000000	146.956233	90.000000	180.000000	180.000000	180.000000	90.000000	
49.275083	45.277112	170.742660	224.906159	180.000000	123.695516	89.999724	319.590680	315.731813	0.000000	359.973806	0.000000	89.289563	44.373013	225.100816	202.290622	134.988393	187.452508	225.093841	183.591906	134.999770	270.000000	62.966442	90.000000	181.040378	168.432574	137.890965	86.423564	90.000000	0.000000	0.000000	33.627756	3.159872	355.341989	42.494639	180.000000	180.000000	146.694864	90.000000	180.000000	180.000000	180.000000	90.000000	
49.275083	45.277112	162.069073	224.906159	180.000000	123.699689	89.999724	319.590680	315.731813	0.000000	359.973806	0.000000	89.110048	44.373013	225.100816	202.290622	134.988393	191.557844	225.093841	181.237213	134.999770	270.000000	64.529923	90.000000	180.878903	160.170112	137.890965	92.593633	90.000000	0.000000	0.000000	33.627756	358.746645	2.666266	46.105639	180.000000	180.000000	146.576131	90.000000	180.000000	180.000000	180.000000	90.000000	
49.275083	45.277112	165.882874	224.906159	180.000000	123.701715	89.999724	318.348959	315.731813	0.000000	359.973806	0.000000	88.837868	44.373013	225.100816	202.290622	134.988393	186.149173	225.093841	180.106483	134.999770	270.000000	65.346498	90.000000	180.707790	165.178744	137.890965	89.412425	90.000000	0.000000	0.000000	33.627756	2.915878	358.898970	47.857854	180.000000	180.000000	146.522183	90.000000	180.000000	180.000000	180.000000	90.000000	
49.275083	45.277112	167.548563	224.906159	180.000000	123.702700	89.999724	317.785586	315.731813	0.000000	359.973806	0.000000	88.540239	44.373013	225.100816	202.290622	134.988393	183.548658	225.093841	179.578739	134.999770	270.000000	65.813922	90.000000	180.527265	158.498880	137.890965	93.873929	90.000000	0.000000	0.000000	33.627756	358.704096	357.112782	44.056978	180.000000	180.000000	146.497665	90.000000	180.000000	180.000000	180.000000	90.000000	
49.275083	45.277112	160.234481	224.906159	180.000000	123.703178	89.999724	317.529927	315.731813	0.000000	359.973806	0.000000	88.250761	44.373013	225.100816	202.290622	134.988393	189.383828	225.093841	179.342783	134.999770	270.000000	66.122506	90.000000	180.337547	164.055397	137.890965	90.029528	90.000000	0.000000	0.000000	33.627756	356.727767	3.377299	46.918280	180.000000	180.000000	146.486520	90.000000	180.000000	180.000000	180.000000	90.000000	
49.275083	45.277112	164.377466	224.906159	180.000000	123.703411	89.999724	317.413885	315.731813	0.000000	359.973806	0.000000	87.986152	44.373013	225.100816	202.290622	134.988393	185.115488	225.093841	179.242657	134.999770	270.000000	66.362799	90.000000	180.138857	157.834661	137.890965	94.029961	90.000000	0.000000	0.000000	33.627756	355.845466	359.313733	48.307997	180.000000	180.000000	146.481452	90.000000	180.000000	180.000000	180.000000	90.000000	
49.275083	45.277112	158.488171	224.906159	180.000000	123.703524	89.999724	317.361204	315.731813	0.000000	359.973806	0.000000	87.754590	44.373013	225.100816	202.290622	134.988393	183.052800	225.093841	179.200212	134.999770	270.000000	66.577583	90.000000	179.931410	163.361676	137.890965	90.161090	90.000000	0.000000	0.000000	33.627756	355.493315	4.343830	48.983233	180.000000	180.000000	146.479148	90.000000	180.000000	180.000000	180.000000	90.000000	
49.275083	45.206080	163.118628	224.906159	180.000000	123.703579	89.999724	317.337283	315.731813	0.000000	359.973806	0.000000	87.559888	44.373013	225.100816	202.290622	134.988393	182.075461	225.093841	179.176296	134.999770	270.000000	66.786864	90.000000	179.715419	167.551029	137.890965	93.984518	90.000000	0.000000	0.000000	33.627756	355.392562	359.830990	49.311425	180.000000	180.000000	146.478099	90.000000	180.000000	180.000000	180.000000	90.000000	
49.275083	45.171692	167.138004	224.906159	180.000000	123.703606	89.999724	317.326418	315.731813	0.000000	359.973806	0.000000	87.403604	44.373013	225.100816	202.290622	134.988393	181.626682	225.093841	182.647530	134.999770	270.000000	66.999845	90.000000	179.491093	169.428105	137.890965	95.755226	90.000000	0.000000	0.000000	33.627756	355.405275	4.512346	49.470991	180.000000	180.000000	146.477622	90.000000	180.000000	180.000000	180.000000	90.000000	
49.275083	45.155040	169.084044	224.906159	180.000000	123.703619	89.999724	317.321483	315.731813	0.000000	359.973806	0.000000	87.286106	44.373013	225.100816	202.290622	134.988393	181.429700	225.093841	184.612952	134.999770	270.000000	67.220622	90.000000	179.258639	170.245039	137.890965	96.524472	90.000000	0.000000	0.000000	33.627756	358.808870	6.723232	49.548597	180.000000	180.000000	146.477405	90.000000	180.000000	180.000000	180.000000	90.000000	
49.275083	45.146974	170.003383	224.906159	180.000000	123.703625	89.999724	317.103222	315.731813	0.000000	359.973806	0.000000	87.207126	44.373013	225.100816	202.290622	134.988393	181.346959	225.093841	185.818304	134.999770	270.000000	67.450894	90.000000	179.018257	170.573722	137.890965	96.810369	90.000000	0.000000	0.000000	33.627756	0.494961	1.063299	49.586354	180.000000	180.000000	146.477307	90.000000	180.000000	180.000000	180.000000	90.000000	
49.275083	45.143067	170.411670	224.906159	180.000000	123.703628	89.999724	316.752749	315.731813	0.000000	359.973806	0.000000	87.166042	44.373013	225.100816	202.290622	134.988393	183.743408	225.093841	186.629112	134.999770	270.000000	67.691233	90.000000	178.770146	170.674734	137.890965	96.868497	90.000000	0.000000	0.000000	33.627756	1.341368	4.974249	49.604730	180.000000	180.000000	146.477262	90.000000	180.000000	180.000000	180.000000	90.000000	
49.275083	45.141174	170.562284	224.906159	180.000000	123.703630	89.999724	316.345563	315.731813	0.000000	359.980011	0.000000	87.162038	44.373013	225.100816	202.290622	134.988393	184.915912	225.093841	187.225645	134.999770	270.000000	67.941690	90.000000	178.514499	170.666468	137.126398	96.825097	90.000000	0.000000	0.000000	33.627756	1.772706	6.834391	49.613676	180.000000	180.000000	146.477241	90.000000	180.000000	180.000000	180.000000	90.000000	
49.275083	45.140256	170.579373	224.906159	180.000000	123.703631	89.999724	315.916887	315.731813	0.000000	359.982625	0.000000	87.194187	44.373013	225.100816	202.290622	134.988393	185.486601	225.093841	187.697182	134.999770	270.000000	68.202078	90.000000	178.251508	170.602587	136.767544	92.984205	90.000000	0.000000	0.000000	33.627756	1.994474	7.682983	49.618033	180.000000	180.000000	146.477232	90.000000	180.000000	180.000000	180.000000	90.000000	
49.275083	45.139811	170.523622	224.906159	180.000000	123.703631	89.999724	315.483477	315.731813	0.000000	359.983727	0.000000	87.261501	44.373013	225.100816	202.290622	134.988393	185.757308	225.093841	188.088106	134.999770	270.000000	68.472099	90.000000	177.981356	170.507386	136.599076	91.086978	90.000000	0.000000	0.000000	33.627756	2.106135	8.037752	49.620156	180.000000	180.000000	146.477227	90.000000	180.000000	180.000000	180.000000	90.000000	
49.275083	45.139595	170.424668	224.906159	180.000000	123.703631	89.999724	315.053580	315.731813	0.000000	359.984191	0.000000	92.426837	44.373013	225.100816	202.290622	134.988393	185.874386	225.093841	188.420603	134.999770	270.000000	61.308540	90.000000	177.704226	170.391890	136.519969	90.137205	90.000000	0.000000	0.000000	33.627756	2.155853	8.156781	49.621191	180.000000	180.000000	146.477225	90.000000	180.000000	180.000000	180.000000	90.000000	
49.275083	45.139491	170.297018	224.906159	180.000000	123.703631	89.999724	314.571796	315.731813	0.000000	359.984387	0.000000	89.869299	44.373013	225.100816	202.290622	134.988393	185.918032	225.093841	188.705887	134.999770	270.000000	65.811770	90.000000	177.420295	170.261144	136.482816	89.653972	90.000000	0.000000	0.000000	33.627756	2.167005	3.740394	49.621695	180.000000	180.000000	146.477225	90.000000	180.000000	180.000000	180.000000	90.000000	
49.275083	45.139440	170.147837	224.906159	180.000000	123.703631	89.999724	313.929895	315.731813	0.000000	359.984469	0.000000	93.548975	44.373013	225.100816	202.290622	134.988393	186.166602	225.068447	188.949765	134.999770	270.000000	67.975665	90.000000	170.485739	170.117519	136.465362	89.404919	90.000000	0.000000	0.000000	33.627756	2.154461	1.570687	49.621941	180.000000	180.000000	146.477224	90.000000	180.000000	180.000000	180.000000	90.000000	
49.275083	45.139415	169.980743	224.906159	180.000000	123.703631	89.999724	313.212636	315.731813	0.000000	359.984504	0.000000	90.467764	44.373013	225.100816	202.290622	134.991388	186.496815	225.056925	189.155400	134.999770	270.000000	61.374275	90.000000	174.142051	169.962186	136.457161	89.277758	90.000000	0.000000	0.000000	33.627756	2.374155	0.499786	49.622062	180.000000	180.000000	146.477224	90.000000	180.000000	180.000000	180.000000	90.000000	
49.275083	45.139403	169.797651	224.906159	180.000000	123.703631	89.999724	312.461001	315.731813	0.000000	359.984518	0.000000	93.698882	44.373013	225.100816	202.290622	134.992838	186.848445	225.051697	189.324679	134.999770	270.000000	66.467096	90.000000	175.523093	169.795791	136.453307	89.218194	90.000000	0.000000	0.000000	33.627756	2.688329	359.958529	49.622120	180.000000	180.000000	146.477224	90.000000	180.000000	180.000000	180.000000	90.000000	
49.275083	45.139397	169.599664	224.906159	167.784719	123.703631	89.999724	311.695838	315.731813	0.000000	359.984525	0.000000	95.210027	44.373013	225.100816	202.290622	134.993541	187.191967	225.049324	189.458892	134.999770	270.000000	68.882716	90.000000	169.487695	169.618746	136.451495	89.199924	90.000000	0.000000	0.000000	33.627756	3.029924	359.428552	49.622149	180.000000	180.000000	146.477224	90.000000	180.000000	180.000000	180.000000	90.000000	
49.275083	45.139395	169.387500	224.906159	162.249474	123.703631	89.999724	310.928655	315.731813	0.000000	359.984527	0.000000	95.861263	44.373013	225.100816	202.290622	134.993881	187.512900	225.048246	189.559059	134.999770	270.000000	62.186876	90.000000	173.318033	169.431365	136.450643	89.210135	90.000000	0.000000	0.000000	33.627756	3.366186	358.921518	49.622163	180.000000	180.000000	146.477224	90.000000	180.000000	180.000000	180.000000	90.000000	
49.275083	45.139393	169.161697	224.906159	159.734641	123.703631	89.999724	310.166577	315.731813	0.000000	359.984528	0.000000	96.088429	44.373013	225.100816	202.290622	134.994046	187.804196	225.047757	189.626089	134.999770	270.000000	59.331474	90.000000	168.451361	169.233916	136.450242	89.018651	90.000000	0.000000	0.000000	33.627756	3.681112	358.443581	49.622170	180.000000	180.000000	146.477224	90.000000	180.000000	180.000000	180.000000	90.000000	
49.275083	45.139393	168.922708	224.906159	158.591254	123.703631	89.999724	309.414642	315.731813	0.000000	359.984529	0.000000	92.944696	44.373013	225.100816	202.290622	134.994126	188.062521	225.047535	189.660854	134.999770	270.000000	58.264899	90.000000	172.637834	169.026651	136.450054	88.715191	90.000000	0.000000	0.000000	33.627756	3.966939	357.998094	49.622173	180.000000	180.000000	146.477224	90.000000	180.000000	180.000000	180.000000	90.000000	
49.275083	45.139392	168.670948	224.906159	158.071231	123.703631	89.999724	308.676864	315.731813	0.000000	359.984529	0.000000	91.307400	44.373013	225.100816	202.290622	134.994165	188.286438	225.047434	189.664218	134.999770	270.000000	58.030008	90.000000	185.317244	168.809816	136.449965	88.375874	90.000000	0.000000	0.000000	33.627756	4.220002	357.586930	49.622175	180.000000	180.000000	146.477224	90.000000	180.000000	180.000000	191.917863	90.000000	
49.275083	45.139392	168.406812	224.906159	157.834659	123.703631	89.999785	307.956716	315.731813	0.000000	359.984529	0.000000	90.430645	44.373013	225.100816	202.290622	134.994183	188.475497	225.047388	189.637043	134.999770	270.000000	58.183468	90.000000	190.633944	168.583652	136.449923	88.037833	90.000000	0.000000	0.000000	33.627756	4.438711	357.211134	49.622175	180.000000	180.000000	146.477224	90.000000	180.000000	180.000000	197.508344	90.000000	
49.275083	45.139392	168.130684	224.906159	157.727008	123.703631	89.999813	307.257344	315.731813	0.000000	359.984529	0.000000	89.943340	44.373013	225.100816	202.290622	134.994192	188.629786	225.047367	189.580199	134.999770	270.000000	58.521188	90.000000	192.871854	168.348397	136.449904	87.719202	90.000000	0.000000	0.000000	33.627756	4.622549	356.871245	49.622176	180.000000	180.000000	146.477224	90.000000	180.000000	180.000000	200.136223	90.000000	
49.275083	45.139392	167.842939	224.906159	157.678011	123.703631	89.999826	306.581652	315.731813	0.000000	359.984529	0.000000	89.660613	44.373013	225.100816	202.290622	134.994197	188.749697	225.047358	189.494549	134.999770	270.000000	58.949662	90.000000	193.814631	168.104289	136.449894	87.428791	90.000000	0.000000	0.000000	33.627756	4.771576	356.567469	49.622176	180.000000	180.000000	146.477224	90.000000	180.000000	180.000000	201.372301	90.000000	
49.275083	45.139392	167.543946	224.906159	157.655704	123.703631	89.999832	305.932327	315.731813	0.000000	359.984529	0.000000	89.490292	44.373013	225.100816	202.290622	134.994199	188.835807	225.047353	189.380953	134.999770	270.000000	59.426213	90.000000	194.211932	167.851561	136.449890	87.170784	90.000000	0.000000	0.000000	33.627756	4.886171	356.299770	49.622176	180.000000	180.000000	146.477224	90.000000	180.000000	180.000000	201.953918	90.000000	
49.275083	45.139392	167.234062	224.906159	157.645545	123.703631	89.999835	305.311838	315.731813	0.000000	359.984529	0.000000	89.386362	44.373013	225.100816	202.290622	134.994200	188.888804	225.047351	181.248066	134.999770	270.000000	59.931420	90.000000	194.379401	167.590445	136.449888	86.947034	90.000000	0.000000	0.000000	33.627756	4.966903	356.067928	49.622176	180.000000	180.000000	146.477224	90.000000	180.000000	180.000000	202.227666	90.000000	
49.275083	45.139392	166.913639	224.906159	157.640918	123.703631	89.999837	304.722423	315.731813	0.000000	359.984529	0.000000	89.325778	44.542319	225.100816	202.290622	134.994201	188.909450	225.047350	185.366319	134.999770	270.000000	67.904268	90.000000	194.450008	167.321167	136.449887	86.758191	90.000000	0.000000	0.000000	33.627756	5.014455	355.871575	49.622176	180.000000	180.000000	146.477224	90.000000	180.000000	180.000000	202.356546	90.000000	
49.275083	45.139392	166.583014	224.906159	157.638810	123.703631	89.999837	304.166077	315.731813	0.000000	359.984529	0.000000	89.296917	44.619132	225.100816	202.290622	134.994201	188.898554	225.047350	187.292091	134.999770	270.000000	64.217520	90.000000	194.479785	167.043947	136.449887	86.604270	90.000000	0.000000	0.000000	33.627756	5.029584	355.710221	49.622176	180.000000	180.000000	146.477224	90.000000	180.000000	180.000000	202.417239	90.000000	
49.275083	45.139392	166.242513	224.906159	157.637849	123.703631	89.999838	303.644539	315.731813	0.000000	359.984529	0.000000	89.293820	44.653988	225.100816	202.290622	134.994201	188.856953	225.047350	180.338133	134.999770	270.000000	70.277681	90.000000	194.492345	166.759002	136.449886	86.484931	90.000000	0.000000	0.000000	33.627756	5.013093	355.583282	49.622176	180.000000	180.000000	146.477224	90.000000	180.000000	180.000000	202.445829	90.000000	
48.046544	45.139392	165.892450	224.906159	157.637411	123.703631	89.999838	303.159291	315.731813	0.000000	359.984529	0.000000	89.313334	44.669808	225.100816	202.290622	134.994201	188.785498	225.047350	184.792668	134.999770	270.000000	73.344165	90.000000	194.497644	166.466540	136.449886	86.399632	90.000000	0.000000	0.000000	33.627756	4.965811	355.490091	49.622176	180.000000	180.000000	146.477224	90.000000	180.000000	180.000000	202.459301	90.000000	
47.530706	45.139392	165.533122	224.906159	157.637211	123.703631	89.999838	302.711549	315.731813	0.000000	359.984529	0.000000	89.353685	44.676990	225.100816	202.290622	134.994201	188.685047	225.047350	179.200305	134.999770	270.000000	74.920954	90.000000	194.499880	166.166765	136.449886	86.347701	90.000000	0.000000	0.000000	33.627756	4.888582	355.429921	49.622176	180.000000	180.000000	146.477224	90.000000	180.000000	180.000000	202.465650	90.000000	
47.314075	45.139392	165.164814	224.906159	157.637120	123.703631	89.999838	302.302274	315.731813	0.000000	359.984529	0.000000	89.413778	44.680251	225.100816	202.290622	134.994201	188.556449	225.047350	184.158412	134.999770	270.000000	75.761543	90.000000	194.500824	165.859870	136.449886	86.328394	90.000000	0.000000	0.000000	33.627756	358.474864	355.402000	49.622176	180.000000	180.000000	146.477224	90.000000	180.000000	180.000000	202.468644	90.000000	
47.223083	45.139392	164.787794	224.906159	157.637078	126.602609	89.999838	307.561128	315.731813	0.000000	359.984529	0.000000	89.329040	44.681731	225.100816	202.290622	134.994201	188.400544	225.047350	178.953706	134.999770	270.000000	76.243508	90.000000	194.501223	165.546042	136.449886	86.340913	90.000000	0.000000	0.000000	33.627756	1.764989	355.405519	49.622176	180.000000	180.000000	146.477224	90.000000	180.000000	180.000000	202.470056	90.000000	
47.184858	45.139392	164.402314	224.906159	157.637059	128.006110	89.999838	304.433132	315.731813	0.000000	359.984529	0.000000	89.094787	44.682404	225.100816	202.290622	134.994201	181.437344	225.047350	183.903723	134.999770	270.000000	76.555806	90.000000	194.501391	165.225462	136.449886	86.384432	90.000000	0.000000	0.000000	33.627756	3.281929	355.439649	49.622176	180.000000	180.000000	146.477224	90.000000	180.000000	180.000000	202.470722	90.000000	
47.168796	45.139392	164.008609	224.906159	157.637051	128.685807	89.999838	308.427384	315.731813	0.000000	359.984529	0.000000	88.806663	44.682710	225.100816	202.290622	134.994201	184.917901	225.047350	178.861320	134.999829	270.000000	76.792810	90.000000	194.501462	164.898297	136.449886	86.458110	90.000000	0.000000	0.000000	33.627756	357.863758	355.503548	48.440556	180.000000	180.000000	146.477224	90.000000	180.000000	180.000000	202.471036	90.000000	
47.162047	45.139392	163.606900	224.906159	157.637047	129.015059	89.999838	304.504158	315.731813	0.000000	359.984529	0.000000	88.512484	44.682849	225.100816	202.290622	134.994201	179.864903	225.047350	176.443076	134.999858	270.000000	77.001523	90.000000	194.501492	164.564712	136.449886	92.600445	90.000000	0.000000	0.000000	33.627756	1.337857	2.788491	47.868539	180.000000	180.000000	146.477224	90.000000	180.000000	180.000000	202.471185	90.000000	
47.159210	45.139392	163.197388	224.906159	157.637045	129.174591	89.999838	308.271558	315.731813	0.000000	359.984529	0.000000	88.236120	44.682912	225.100816	202.290622	134.994201	184.088110	225.047350	175.323597	134.999872	270.000000	76.340148	90.000000	194.501505	164.224856	136.449886	89.452616	90.000000	0.000000	0.000000	33.627756	357.032962	359.052512	47.591561	180.000000	180.000000	146.477224	90.000000	180.000000	180.000000	202.471255	90.000000	
47.158017	45.139392	162.780260	224.906159	157.637044	129.251907	89.999838	304.100359	315.731813	0.000000	359.984529	0.000000	87.989373	44.682940	225.100816	202.290622	134.994201	179.560948	225.047350	174.841991	134.999879	270.000000	76.072092	90.000000	194.501510	163.878876	136.449886	93.891022	90.000000	0.000000	0.000000	33.627756	355.036347	357.285480	47.457414	180.000000	180.000000	146.477224	90.000000	180.000000	180.000000	202.471288	90.000000	
47.157516	45.139392	159.091865	224.906159	157.637044	129.289388	89.999838	307.901052	315.731813	0.000000	359.984529	0.000000	87.777911	44.682954	225.100816	202.290622	134.994201	183.814992	225.047350	174.668528	134.999882	270.000000	76.002060	90.000000	194.501513	163.526904	136.449886	90.087418	90.000000	0.000000	0.000000	33.627756	359.893925	3.511081	47.392428	180.000000	180.000000	146.477224	90.000000	180.000000	180.000000	202.471303	90.000000	
47.157305	45.139392	157.301849	224.906159	157.637043	129.307562	89.999838	309.740034	315.731813	0.000000	359.984529	0.000000	87.604250	44.682959	225.100816	202.290622	134.994201	179.495313	225.047350	174.638585	134.999883	270.000000	76.035038	90.000000	194.501514	163.169066	136.449886	94.062549	90.000000	0.000000	0.000000	33.627756	356.516884	359.484134	47.360939	180.000000	180.000000	146.477224	90.000000	180.000000	180.000000	202.471311	90.000000	
47.157216	45.139392	156.344819	224.906159	157.637043	129.316377	89.999838	310.574395	315.731813	0.000000	359.984529	0.000000	87.469265	44.682962	225.100816	202.290622	134.994201	177.461829	225.047350	174.669890	134.999884	270.000000	76.124861	90.000000	194.501514	162.805478	136.449886	90.238788	90.000000	0.000000	0.000000	33.627756	354.943880	4.480761	47.345677	180.000000	180.000000	146.477224	90.000000	180.000000	180.000000	202.471314	90.000000	
47.157179	45.139392	155.750926	224.906159	157.637043	129.320653	89.999838	310.897063	315.731813	0.000000	359.984529	0.000000	87.372958	44.682963	225.100816	202.290622	134.994201	176.548150	225.047350	174.721278	134.999885	270.000000	76.249079	90.000000	194.501514	169.420980	136.449886	94.033558	90.000000	0.000000	0.000000	33.627756	354.251463	0.010315	47.338278	180.000000	180.000000	146.477224	90.000000	180.000000	180.000000	202.471316	90.000000	
47.157163	45.139392	155.313076	224.906159	157.637043	129.322729	89.999838	310.962314	315.731813	0.000000	359.984529	0.000000	87.314856	44.682964	225.100816	202.290622	134.994201	176.177694	225.047350	174.772123	134.999885	270.000000	72.671541	90.000000	194.501514	171.804528	136.449886	95.794310	90.000000	0.000000	0.000000	33.627756	353.983434	4.657792	47.334690	180.000000	180.000000	146.477224	90.000000	180.000000	180.000000	202.471317	102.155980	
47.157157	45.139392	154.940204	224.906159	157.637043	129.323736	89.999838	310.901664	315.731813	0.000000	359.984529	0.000000	87.294227	44.682964	225.100816	202.290622	134.994201	176.065257	225.047350	178.834937	134.999885	270.000000	70.850581	90.000000	194.501514	165.070691	136.449886	96.562506	90.000000	0.000000	0.000000	33.627756	357.530870	6.854527	47.332949	180.000000	180.000000	143.368802	90.000000	180.000000	180.000000	202.471317	107.663962	
47.157154	45.139392	154.592416	224.906159	157.637043	129.324225	89.999838	310.783397	315.731813	0.000000	359.984529	0.000000	87.310189	44.682964	225.100816	202.290622	134.994201	176.069644	225.047350	180.905523	134.999885	270.000000	69.932552	90.000000	194.501514	169.805673	136.449886	96.851634	90.000000	0.000000	0.000000	33.627756	359.291870	1.251022	47.332105	180.000000	180.000000	141.958567	90.000000	180.000000	180.000000	202.471317	110.166164	
47.157153	45.139392	154.252334	224.906159	157.637043	129.324463	89.999838	310.643163	315.731813	0.000000	359.984529	0.000000	87.361778	44.682964	225.100816	202.290622	134.994201	176.120879	225.047350	182.182508	134.999885	270.000000	69.485119	90.000000	194.501514	164.153338	136.449886	96.915092	90.000000	0.000000	0.000000	33.627756	0.180618	5.130428	47.331695	180.000000	180.000000	141.318547	90.000000	180.000000	180.000000	202.471317	111.303687	
47.157152	45.139392	153.912462	224.906159	157.637043	129.324578	89.999838	310.499728	315.731813	0.000000	359.984529	0.000000	92.532346	44.682964	225.070163	202.290622	134.994201	179.476743	225.047350	183.052027	134.999885	270.000000	69.289283	90.000000	194.501514	161.770218	136.449886	93.145973	90.000000	0.000000	0.000000	33.627756	0.638778	6.977439	47.331496	180.000000	180.000000	141.028016	90.000000	180.000000	180.000000	202.471317	111.820987	
47.157152	45.139392	146.338959	224.906159	157.637043	129.324634	89.999838	310.363105	315.731813	0.000000	359.984529	0.000000	89.949699	44.682964	225.058456	202.290622	134.994201	181.128076	225.047350	183.702587	134.999885	270.000000	69.234074	90.000000	194.501514	160.764485	136.449886	91.275906	90.000000	0.000000	0.000000	33.627756	0.879901	7.821991	47.331399	180.000000	180.000000	140.896103	90.000000	180.000000	180.000000	202.471318	112.056295	
47.157152	45.139392	150.172898	224.906159	157.637043	129.324662	89.999838	310.238748	315.731813	0.000000	359.984529	0.000000	93.635932	44.682964	225.053984	202.290622	134.994201	181.946359	225.047350	184.226624	134.999885	270.000000	69.263152	90.000000	194.501514	160.339879	136.449886	90.332052	90.000000	0.000000	0.000000	33.627756	1.007264	8.177235	47.331353	180.000000	180.000000	140.836198	90.000000	180.000000	180.000000	202.471318	112.163357	
47.157152	45.139392	144.567255	224.906159	157.637043	129.324675	89.999838	310.129731	315.731813	0.000000	359.984529	0.000000	90.524595	44.682964	225.052275	202.290622	134.994201	182.353130	225.047350	184.669608	134.999885	270.000000	69.347751	90.000000	194.501514	160.160566	136.449886	89.844725	90.000000	0.000000	0.000000	33.627756	1.070845	8.299004	47.331330	180.000000	180.000000	140.808988	90.000000	180.000000	180.000000	202.471318	112.212082	
47.157152	45.103713	149.091440	224.906159	157.637043	129.324681	89.999838	310.037866	315.731813	0.000000	359.984529	0.000000	93.766106	44.682964	225.051623	202.290622	134.994201	182.552333	225.047350	185.053994	134.999885	270.000000	69.472999	90.000000	194.501514	160.084821	136.449886	89.586932	90.000000	0.000000	0.000000	33.627756	1.094882	3.827059	47.331319	180.000000	180.000000	140.796626	90.000000	180.000000	180.000000	202.471318	112.234262	
47.157152	45.086441	144.002209	224.906159	157.637043	129.324685	89.999838	309.964299	315.731813	0.000000	359.988199	0.000000	95.277929	44.682964	225.051373	202.290622	134.994201	182.642633	225.047350	185.390948	134.999885	270.000000	69.631022	90.000000	194.501514	160.052817	136.449886	89.448941	90.000000	0.000000	0.000000	33.627756	1.091199	1.634240	47.331313	180.000000	180.000000	140.791008	90.000000	180.000000	180.000000	202.471318	112.244361	
47.157152	45.078077	141.687480	224.906159	157.637043	129.324686	89.999838	318.736115	315.731813	0.000000	359.989745	0.000000	95.925304	44.682964	225.051278	202.290622	134.994201	182.671782	225.047350	185.686126	134.999885	270.000000	69.817464	90.000000	194.501514	160.039290	136.449886	89.377672	90.000000	0.000000	0.000000	33.627756	1.169818	0.555507	47.331311	180.000000	180.000000	140.788455	90.000000	180.000000	180.000000	202.471318	112.248961	
47.157152	45.074027	140.633974	224.906159	157.637043	129.324687	89.999838	323.249381	315.731813	0.000000	359.990397	0.000000	96.146447	44.682964	225.051241	202.290622	134.994201	182.700542	225.047350	185.942511	134.999885	270.000000	70.029748	90.000000	194.501514	160.033571	136.449886	89.347397	90.000000	0.000000	0.000000	33.627756	1.426946	359.924672	47.331309	180.000000	180.000000	140.787294	90.000000	180.000000	180.000000	202.471318	112.251056	
47.157152	45.072064	140.154326	224.906159	157.637043	129.324687	89.999838	325.525227	315.731813	0.000000	359.990671	0.000000	96.163562	44.682964	225.051227	202.290622	134.994201	182.937805	225.047350	186.161824	134.999885	270.000000	70.266200	90.000000	194.501514	160.031153	136.449886	89.345580	90.000000	0.000000	0.000000	33.627756	1.752338	359.356422	47.331309	180.000000	180.000000	140.786766	90.000000	180.000000	180.000000	202.471318	112.252011	
47.157152	45.071113	139.935887	224.906159	157.637043	129.324687	89.999838	326.629866	315.731813	0.000000	359.990787	0.000000	92.876866	44.682964	225.051222	202.290622	134.994201	183.258066	225.047350	186.345201	134.999885	270.000000	70.525617	90.000000	194.501514	160.030129	136.449886	89.321866	90.000000	0.000000	0.000000	33.627756	2.092294	358.836465	47.331308	180.000000	180.000000	140.786526	90.000000	180.000000	180.000000	202.471318	112.252447	
47.157152	45.070652	139.836380	224.906159	157.637043	129.324687	89.999873	327.124487	315.731813	0.000000	359.990836	0.000000	91.177112	44.682964	225.051220	202.290622	134.994201	183.600178	225.047350	186.493535	134.999885	270.000000	70.807046	90.000000	194.501514	160.029697	136.449886	89.086785	90.000000	0.000000	0.000000	33.627756	2.420587	358.358221	47.331308	180.000000	180.000000	140.786417	90.000000	180.000000	180.000000	202.471318	112.252645	
47.157152	45.070429	139.791039	224.906159	157.637043	129.324687	89.999890	327.304268	315.731813	0.000000	359.990856	0.000000	90.277829	44.682964	225.051219	202.290622	134.994201	183.934259	225.047350	186.607628	134.999885	270.000000	71.109678	90.000000	194.501514	160.029513	136.449886	88.767510	90.000000	0.000000	0.000000	33.627756	2.724425	357.918752	47.331308	180.000000	180.000000	140.786367	90.000000	180.000000	180.000000	202.471318	112.252736	
47.157152	45.070321	139.770373	224.906159	157.637043	129.324687	89.999898	327.324502	315.731813	0.000000	359.990865	0.000000	89.787711	44.682964	225.051219	202.290622	134.994201	184.245707	225.047350	186.688266	134.999885	270.000000	80.338280	90.000000	194.501514	160.029436	136.065992	88.425929	90.000000	0.000000	0.000000	33.627756	2.997646	357.516793	47.331308	180.000000	180.000000	140.786344	90.000000	180.000000	180.000000	202.471318	112.252777	
47.157152	45.070268	139.760950	224.906159	157.637043	129.324688	89.999901	327.266962	315.731813	0.000000	359.990869	0.000000	89.511830	44.682964	225.051219	202.290622	134.994201	184.527450	225.047350	186.736246	134.999885	270.000000	75.868302	90.000000	194.501514	160.029403	135.885803	88.092250	90.000000	0.000000	0.000000	33.627756	3.237397	357.151804	47.331308	180.000000	180.000000	140.786334	90.000000	180.000000	180.000000	202.471318	112.252796	
47.157152	45.070243	139.756653	224.906159	157.637043	129.324688	89.999903	327.174787	315.731813	0.000000	359.990870	0.000000	89.353013	44.682964	225.051219	202.290622	134.994201	184.776171	225.047350	186.752384	134.999885	270.000000	73.898108	90.000000	194.501514	160.029389	135.801210	87.781218	90.000000	0.000000	0.000000	33.627756	3.442510	356.823510	47.331308	180.000000	180.000000	140.786329	90.000000	180.000000	180.000000	202.471318	112.252804	
47.157152	45.070230	139.754693	224.906159	151.484333	129.324688	89.999904	327.070809	315.731813	0.000000	359.990871	0.000000	89.262759	44.682964	225.051219	202.290622	134.995695	184.990457	225.047350	186.737513	134.999885	270.000000	81.773293	90.000000	194.501514	160.029383	135.761487	87.499965	90.000000	0.000000	0.000000	33.627756	3.612695	356.531683	47.331308	180.000000	180.000000	140.786327	90.000000	180.000000	180.000000	202.471318	112.252808	
47.157152	45.070224	139.753799	224.906159	148.693474	129.324688	89.999904	326.967187	315.731813	0.000000	359.990871	0.000000	89.216787	44.682964	225.051219	202.290622	134.996419	185.169885	225.047350	186.692479	134.999885	270.000000	76.948006	90.000000	194.501514	160.029381	135.742831	87.251834	90.000000	0.000000	0.000000	33.627756	3.748138	356.276051	47.331308	180.000000	180.000000	140.786326	90.000000	180.000000	180.000000	208.423426	112.252810	
47.157152	45.070221	139.753390	224.906159	147.426534	129.324688	89.999904	326.870464	315.731813	0.000000	359.990871	0.000000	89.202853	44.682964	225.051219	202.290622	134.996769	185.314565	225.047350	186.618135	134.999885	270.000000	83.298681	90.000000	194.501514	160.029380	135.734066	87.038247	90.000000	0.000000	0.000000	33.627756	3.849295	356.056253	47.331308	180.000000	180.000000	140.786326	90.000000	180.000000	180.000000	211.216591	112.252811	
47.157152	45.070220	139.753204	224.906159	146.851206	129.324688	89.999904	326.784226	315.731813	0.000000	359.990871	0.000000	89.214687	44.682964	225.051219	202.290622	134.996939	185.424906	225.047350	178.940464	134.999885	270.000000	77.923523	90.000000	203.263773	160.029379	135.729948	86.859631	90.000000	0.000000	0.000000	33.627756	3.916780	355.871836	47.331308	180.000000	180.000000	140.786325	90.000000	180.000000	180.000000	212.528223	112.252811	
47.157152	45.070219	139.753119	224.906159	146.589883	129.324688	89.999905	326.710494	315.731813	0.000000	359.990871	0.000000	89.248974	44.682964	225.088978	202.290622	134.997021	185.501496	225.047350	182.870360	134.999885	270.000000	83.817421	90.000000	206.937965	160.029379	135.728012	86.715874	90.000000	0.000000	0.000000	33.627756	3.951307	355.722253	47.331308	180.000000	180.000000	140.786325	90.000000	180.000000	180.000000	213.144346	112.252811	
47.157152	45.070219	139.753080	224.906159	146.471160	129.324688	89.999905	326.650460	315.731813	0.000000	359.990871	0.000000	89.303854	44.682964	225.311369	202.290622	134.997061	185.545029	225.034540	184.726133	134.999885	270.000000	86.697403	90.000000	208.481503	160.029379	135.727102	86.606569	90.000000	0.000000	0.000000	33.627756	3.953651	355.606880	47.331308	180.000000	180.000000	140.786325	90.000000	180.000000	180.000000	213.433834	112.252812	
47.157152	45.070219	139.753062	224.906159	146.417211	129.324688	89.999905	326.604868	315.731813	0.000000	359.990871	0.000000	89.278899	44.682964	225.601836	202.290622	134.997080	185.556270	225.028729	178.157472	134.999885	270.000000	79.889691	90.000000	209.130252	160.029379	135.726674	86.531127	90.000000	0.000000	0.000000	33.627756	3.924627	355.525023	47.331308	180.000000	180.000000	140.786325	90.000000	180.000000	180.000000	213.569883	112.252812	
47.157152	45.070219	139.753054	224.906159	146.392691	129.324688	89.999905	326.574215	315.731813	0.000000	359.990871	0.000000	89.069379	44.682964	225.914854	202.290622	134.997090	185.536027	225.026091	182.403342	134.999885	270.000000	84.810819	90.000000	209.402983	160.029379	135.726473	86.488853	90.000000	0.000000	0.000000	33.627756	3.865069	355.475935	47.331308	180.000000	180.000000	140.786325	90.000000	180.000000	180.000000	213.633837	112.252812	
47.157152	45.070219	139.753050	224.906159	146.381543	129.324688	89.999905	326.558857	315.731813	0.000000	359.990871	0.000000	88.788474	44.682964	226.232445	202.290622	134.997094	185.485132	225.024894	177.124575	134.999885	270.000000	87.228597	90.000000	209.517660	160.029379	135.726378	86.478983	90.000000	0.000000	0.000000	33.627756	357.633380	355.458828	47.331308	180.000000	180.000000	140.786325	90.000000	180.000000	180.000000	213.663908	112.252812	
47.157152	45.070219	139.753048	224.906159	146.376475	129.324688	89.999905	326.559062	315.731813	0.000000	359.990871	0.000000	88.492753	44.682964	226.547357	202.290622	134.997096	185.404431	225.024351	181.845464	134.999885	270.000000	88.401295	90.000000	209.565887	160.029379	135.726334	86.500712	90.000000	0.000000	0.000000	33.627756	0.849526	355.472885	47.331308	180.000000	180.000000	140.786325	90.000000	180.000000	180.000000	213.678051	112.252812	
47.157152	45.070219	139.753048	224.906159	146.374169	129.324688	89.999905	326.575043	315.731813	0.000000	359.990871	0.000000	88.210482	44.682964	226.856530	202.290622	134.997097	178.892278	225.024104	176.930986	134.999885	270.000000	88.959920	90.000000	209.586173	160.029379	135.726313	86.553207	90.000000	0.000000	0.000000	33.627756	2.340227	355.517271	47.331308	180.000000	180.000000	140.786325	90.000000	180.000000	180.000000	213.684704	112.252812	
47.157152	45.070219	139.753047	224.906159	146.373120	129.324688	89.999905	326.606967	315.731813	0.000000	359.990871	0.000000	87.955682	44.682964	227.158556	202.290622	134.997098	182.230926	225.023992	181.641133	134.999885	270.000000	89.220967	90.000000	209.594708	160.029379	135.726303	92.708802	90.000000	0.000000	0.000000	33.627756	357.075454	2.819567	47.331308	180.000000	180.000000	140.786325	90.000000	180.000000	180.000000	213.687834	112.252812	
47.157152	45.070219	139.753047	224.906159	146.372643	129.324688	89.999905	326.654969	315.731813	0.000000	359.990871	0.000000	87.735157	44.682964	227.452689	202.290622	134.997098	183.769152	225.023941	176.877818	134.999885	270.000000	89.343149	90.000000	209.598299	160.029379	135.726298	89.523986	90.000000	0.000000	0.000000	33.627756	0.468110	359.047776	47.331308	180.000000	180.000000	140.786325	90.000000	180.000000	180.000000	213.689308	112.252812	
47.157152	45.070219	139.753047	224.906159	146.372426	129.324688	89.999905	326.719150	315.731813	0.000000	359.990871	0.000000	87.552008	44.682964	227.738451	202.290622	134.997098	178.264712	225.023918	174.604612	134.999885	270.000000	89.406032	90.000000	209.599810	160.029379	135.726296	88.044680	90.000000	0.000000	0.000000	33.627756	356.287525	357.253357	47.331308	180.000000	180.000000	140.786325	90.000000	180.000000	180.000000	213.690001	112.252812	
47.157152	45.070219	139.753047	224.906159	146.372327	129.324688	89.999905	326.799584	315.731813	0.000000	359.990871	0.000000	87.407420	44.682964	228.015480	202.290622	134.997098	181.793293	225.023907	173.561688	134.999885	270.000000	89.342095	90.000000	209.600446	160.029379	135.726295	93.245265	90.000000	0.000000	0.000000	33.627756	354.354884	3.504680	47.331308	180.000000	180.000000	140.786325	90.000000	180.000000	180.000000	213.690328	112.252812	
47.157152	45.070219	139.753047	224.906159	146.372282	129.324688	89.999905	326.896316	315.731813	0.000000	359.990871	0.000000	87.301558	44.682964	228.283476	202.290622	134.997098	177.417316	225.023903	173.121671	134.999885	270.000000	86.011115	90.000000	209.600714	160.029379	135.726295	89.887159	90.000000	0.000000	0.000000	33.627756	359.089703	359.434384	47.331308	180.000000	180.000000	140.786325	90.000000	180.000000	180.000000	213.690482	112.252812	
47.157152	45.070219	139.753047	224.906159	146.372261	129.324688	89.999905	327.009367	315.731813	0.000000	359.990871	0.000000	87.234043	44.682964	228.542171	202.290622	134.997098	181.284708	225.023900	172.971940	134.999885	270.000000	84.120500	90.000000	209.600827	160.029379	135.726294	94.015743	90.000000	0.000000	0.000000	33.627756	355.812443	4.455601	47.331308	180.000000	180.000000	140.786325	90.000000	180.000000	180.000000	213.690554	112.252812	
47.157152	45.070219	139.753047	224.906159	146.372252	129.324688	89.999905	327.138728	315.731813	0.000000	359.990871	0.000000	87.204191	44.682964	228.791324	202.290622	134.997098	177.255199	225.023899	172.956581	134.999885	270.000000	82.960233	90.000000	209.600875	160.029379	135.726294	95.921790	90.000000	0.000000	0.000000	33.627756	354.290849	359.934396	47.331308	180.000000	180.000000	140.786325	90.000000	180.000000	180.000000	213.690589	112.252812	
47.157152	45.070219	139.753047	224.906159	146.372248	130.786066	89.999905	327.284365	315.731813	0.000000	359.990871	0.000000	87.211149	44.768549	229.030716	202.290622	134.997098	175.372502	225.023899	172.997743	134.999885	270.000000	82.180926	90.000000	209.600895	160.029379	135.726294	91.238953	90.000000	0.000000	0.000000	33.627756	353.625562	4.610228	47.331308	180.000000	180.000000	140.786325	90.000000	180.000000	180.000000	213.690605	112.252812	
47.157152	45.070219	139.753047	224.906159	146.372246	131.493624	89.999905	327.446219	315.731813	0.000000	359.990871	0.000000	87.253971	44.807378	229.260150	202.290622	134.997098	174.539051	225.023899	173.056498	134.999885	270.000000	81.609662	90.000000	209.600903	164.736844	135.726294	94.474426	90.000000	0.000000	0.000000	33.627756	353.372475	6.815321	47.331308	180.000000	180.000000	140.786325	90.000000	180.000000	180.000000	213.690612	112.252812	
47.157152	45.070219	139.753047	224.906159	146.372245	131.836289	89.999905	327.624206	315.731813	0.000000	359.990871	0.000000	92.462444	44.824998	229.479448	202.290622	134.997098	174.213128	225.023899	177.413784	134.999915	270.000000	81.160511	90.000000	209.600907	166.719212	135.726294	95.974638	90.000000	0.000000	0.000000	33.627756	357.051431	1.143640	46.735709	180.000000	180.000000	140.786325	90.000000	180.000000	180.000000	213.690616	112.252812	
47.157152	45.070219	139.753047	224.906159	146.372244	132.002279	89.999905	327.818216	315.731813	0.000000	359.990871	0.000000	89.847089	44.832995	229.688452	202.290622	134.997098	174.127158	225.023899	179.538143	134.999929	270.000000	80.790599	90.000000	209.600908	167.554607	135.726294	96.628765	90.000000	0.000000	0.000000	33.627756	358.874594	5.052844	46.447386	180.000000	180.000000	140.786325	90.000000	180.000000	180.000000	213.690618	112.252812	
47.157152	45.070219	139.753047	224.906159	146.372244	132.082706	89.999905	328.028116	315.731813	0.000000	359.990871	0.000000	93.563569	44.836625	229.887025	202.290622	134.997098	174.148837	225.023899	180.741912	134.999936	270.000000	80.478404	90.000000	209.600909	167.906762	135.726294	96.875816	90.000000	0.000000	0.000000	33.627756	359.792496	6.909336	46.307780	180.000000	180.000000	140.786325	90.000000	180.000000	180.000000	213.690618	112.252812	
47.157152	45.070219	139.753047	224.906159	146.372244	132.121684	89.999905	328.253751	315.731813	0.000000	359.990871	0.000000	90.411800	44.838273	230.075050	202.290622	134.997098	177.825434	225.023899	181.587422	134.999939	270.000000	80.212983	90.000000	209.600909	168.055248	135.726294	93.142311	90.000000	0.000000	0.000000	33.627756	0.264081	7.753532	46.240167	180.000000	180.000000	140.786325	90.000000	180.000000	180.000000	213.690619	112.252812	
47.157152	45.070219	139.753047	224.906159	146.372244	132.140579	89.999905	328.494946	315.731813	0.000000	359.990871	0.000000	93.683909	44.839022	230.252428	202.290622	134.997098	179.639115	225.023899	182.239115	134.999941	270.000000	79.988622	90.000000	209.600909	168.117871	135.726294	91.293485	90.000000	0.000000	0.000000	33.627756	0.511137	8.103614	46.207414	180.000000	180.000000	140.786325	90.000000	180.000000	180.000000	213.690619	112.252812	
47.157152	45.070219	139.753047	224.906159	146.372244	132.149741	89.999905	331.985402	315.731813	0.000000	359.990871	0.000000	95.208079	44.839362	230.419078	202.290622	134.997098	180.543942	225.023899	182.777176	134.999942	270.000000	79.802170	90.000000	209.600909	168.144288	135.726294	90.363660	90.000000	0.000000	0.000000	33.627756	0.640871	8.217832	46.191544	180.000000	180.000000	140.786325	90.000000	180.000000	180.000000	213.690619	112.252812	
47.157152	45.070219	139.753047	224.906159	146.372244	132.154185	89.999905	333.713504	315.731813	0.000000	359.990871	0.000000	95.858782	44.839516	230.574940	202.290622	134.997098	181.000789	225.023899	183.240805	134.999942	270.000000	79.651720	90.000000	209.600909	168.155435	135.726294	89.886693	90.000000	0.000000	0.000000	33.627756	0.705137	8.225007	46.183852	180.000000	180.000000	140.786325	90.000000	180.000000	180.000000	213.690619	118.408790	
47.157152	45.070219	139.753047	224.906159	146.372244	132.156341	89.999905	334.604971	315.731813	0.000000	359.990871	0.000000	96.078758	44.839587	230.719968	202.290622	134.997098	181.232436	225.023899	183.649208	134.999942	270.000000	79.535953	90.000000	209.600909	168.160140	135.726294	89.637366	90.000000	0.000000	0.000000	33.627756	0.729066	15.445322	46.180123	180.000000	180.000000	140.786325	90.000000	180.000000	180.000000	213.690619	121.200891	
46.539855	45.070219	139.753047	224.906159	146.372244	132.157387	89.999905	335.104630	315.731813	0.000000	359.990871	0.000000	96.092429	44.839619	230.854135	202.290622	134.997098	181.346577	225.023899	184.011844	134.999942	270.000000	79.453815	90.000000	209.600909	168.162126	135.726294	89.506838	90.000000	0.000000	0.000000	33.627756	0.724909	12.546853	46.178315	180.000000	180.000000	140.786325	90.000000	180.000000	180.000000	213.690619	122.468284	
46.280681	45.070219	138.470349	224.906159	146.372244	132.157895	89.999905	335.425305	315.731813	0.000000	359.990871	0.000000	79.993631	44.839633	230.977431	202.290622	134.997098	181.395301	225.023899	184.333446	134.999942	270.000000	79.404368	90.000000	209.600909	168.162965	135.726294	89.442476	90.000000	0.000000	0.000000	33.627756	0.826539	17.392248	46.177438	180.000000	180.000000	140.786325	90.000000	180.000000	180.000000	213.690619	123.043767	
46.171848	45.070219	137.888413	224.906159	146.372244	132.158142	89.999925	335.668256	315.731813	0.000000	359.990871	0.000000	72.379725	44.839640	231.089860	202.290622	134.997098	181.403855	225.023899	184.616479	134.999942	270.000000	79.386719	90.000000	209.750118	168.163319	135.726294	89.418775	90.000000	0.000000	0.000000	33.627756	1.093351	13.213665	46.177012	180.000000	180.000000	140.786325	90.000000	180.000000	180.000000	213.690619	123.305136	
46.126140	45.070219	137.624341	224.906159	146.372244	132.158262	89.999935	335.881324	315.731813	0.000000	359.990871	0.000000	68.841858	44.839643	231.191440	202.290622	134.997098	181.467706	225.023899	184.862355	134.999942	270.000000	79.399984	90.000000	210.006636	168.163469	135.726294	89.423308	90.000000	0.000000	0.000000	33.627756	1.421915	17.093016	46.176806	180.000000	180.000000	140.786325	90.000000	180.000000	180.000000	213.690619	123.423869	
46.106939	45.070219	137.504487	224.906159	146.372244	132.158320	89.999940	336.086891	315.731813	0.000000	359.993019	0.000000	67.270541	44.839644	231.282206	202.290622	134.997098	181.719024	225.023899	185.072018	134.999942	270.000000	79.443288	90.000000	210.309412	168.163532	135.726294	89.309401	90.000000	0.000000	0.000000	33.627756	1.761845	18.717832	46.176706	180.000000	180.000000	140.786325	90.000000	180.000000	180.000000	213.690619	123.477817	
46.098873	45.070219	137.450078	224.906159	146.372244	132.158348	89.999942	336.295260	315.731813	0.000000	359.993924	0.000000	66.649517	44.839645	231.362202	202.290622	134.997098	182.042988	225.023899	185.246231	134.999942	270.000000	79.515756	90.000000	210.632452	168.163559	135.726294	89.037447	90.000000	0.000000	0.000000	33.627756	2.088532	19.209310	46.176657	180.000000	180.000000	140.786325	90.000000	180.000000	180.000000	213.690619	123.502335	
46.095483	45.070219	137.425373	224.906159	146.372244	132.158362	89.999943	336.511034	315.731813	0.000000	359.994305	0.000000	66.489735	44.839645	231.431487	202.290622	134.997098	182.383674	225.023899	185.385704	134.999942	270.000000	79.616520	90.000000	210.964457	168.163570	135.726294	88.707224	90.000000	0.000000	0.000000	33.627756	2.389983	19.131724	46.176633	180.000000	180.000000	139.226277	90.000000	180.000000	180.000000	213.690619	123.513480	
46.094058	45.070219	137.414154	224.906159	146.372244	132.158368	89.999943	336.736136	315.731813	0.000000	359.994466	0.000000	66.556255	44.839645	231.490131	202.290622	134.997098	182.713763	225.023899	185.491156	134.999942	270.000000	79.744722	90.000000	211.300320	168.163575	135.726294	88.367344	90.000000	0.000000	0.000000	33.627756	2.660433	18.770808	46.176622	180.000000	180.000000	138.518531	90.000000	180.000000	180.000000	213.690619	123.518548	
46.093460	45.052271	137.409058	224.906159	146.372244	132.158372	89.999943	336.971234	315.731813	0.000000	359.994534	0.000000	66.736324	44.839645	231.538214	202.290622	134.997098	183.019929	225.023899	185.563335	134.999942	270.000000	88.011133	90.000000	211.637555	168.163577	135.726294	88.041547	90.000000	0.000000	0.000000	33.627756	2.897229	18.272749	46.176616	180.000000	180.000000	138.197374	90.000000	180.000000	180.000000	213.690619	123.520852	
46.093208	45.043583	137.406742	224.906159	146.372244	132.158373	89.999944	337.216413	315.731813	0.000000	359.994562	0.000000	71.522037	44.839645	231.575826	202.290622	134.997098	183.295737	225.023899	185.603020	134.999942	270.000000	83.841454	90.000000	211.974784	168.163578	135.726294	87.741400	90.000000	0.000000	0.000000	33.627756	3.099307	17.713436	46.176613	180.000000	180.000000	138.051612	90.000000	180.000000	180.000000	213.690619	123.521901	
46.093102	45.039377	137.405690	224.906159	146.372244	132.158374	89.999944	337.471489	315.731813	0.000000	359.994574	0.000000	69.307118	44.839645	231.603066	202.290622	134.997098	183.538199	225.023899	185.611021	134.999942	270.000000	81.899059	90.000000	212.311095	168.163578	135.726294	87.472457	90.000000	0.000000	0.000000	33.627756	3.266431	17.133092	46.176612	180.000000	180.000000	137.985443	90.000000	180.000000	180.000000	213.690619	123.522378	
46.093057	45.037339	137.405212	224.906159	146.372244	132.158374	89.999944	337.736157	315.731813	0.000000	359.994579	0.000000	72.790828	44.839645	231.620043	202.290622	134.997098	183.746074	225.023899	185.588167	134.999942	270.000000	88.965156	90.000000	212.645766	168.163578	135.726294	87.237262	90.000000	0.000000	0.000000	33.627756	3.398820	16.553669	46.176612	180.000000	180.000000	137.955399	90.000000	180.000000	180.000000	213.690619	123.522595	
46.093039	45.036352	137.404994	224.906159	146.372244	132.158375	89.999944	330.455371	315.731813	0.000000	359.994581	0.000000	70.141377	44.839645	231.626870	202.290622	134.997098	183.919032	225.023899	185.535301	134.999942	270.000000	84.454217	90.000000	212.978151	168.163578	135.726294	87.036825	90.000000	0.000000	0.000000	33.627756	3.496946	15.987645	46.176611	180.000000	180.000000	137.941755	102.155980	180.000000	180.000000	213.690619	123.522693	
46.093031	45.035874	137.404895	224.906159	146.372244	132.158375	89.999944	335.022922	315.731813	0.000000	359.994582	0.000000	73.239906	44.839645	231.623669	202.290622	134.997098	184.057238	225.023899	178.039229	134.999942	270.000000	90.137782	90.000000	213.307623	168.163578	135.726294	86.871351	90.000000	0.000000	0.000000	33.627756	3.561434	15.442502	46.176611	180.000000	180.000000	137.935557	107.663962	180.000000	180.000000	213.690619	123.522738	
46.093028	45.035642	137.404850	224.906159	146.372244	132.158375	89.999944	329.398408	315.731813	0.000000	359.994583	0.000000	74.704036	44.839645	231.610568	202.290622	134.997098	184.161133	225.023899	181.902053	134.999942	270.000000	85.115733	90.000000	213.633563	168.163578	135.726294	86.740606	90.000000	0.000000	0.000000	33.627756	3.593005	14.923018	46.176611	180.000000	180.000000	137.932741	110.166164	180.000000	180.000000	213.690619	123.522759	
46.093026	45.035530	137.404830	224.906159	146.372244	132.158375	89.999944	334.986376	315.731813	0.000000	359.994583	0.000000	75.396219	44.839645	231.587700	202.290622	134.997098	184.231323	225.023899	183.736430	134.999942	270.000000	90.404205	90.000000	213.955342	168.163578	135.726294	86.644107	90.000000	0.000000	0.000000	33.627756	3.592439	14.432440	46.176611	180.000000	180.000000	137.931462	111.303687	180.000000	180.000000	213.690619	123.522768	
46.093026	45.035475	137.404821	224.906159	146.372244	132.158375	89.999944	329.652252	315.731813	0.000000	359.994583	0.000000	75.723589	44.839645	231.555202	202.290622	134.997098	184.268517	225.023899	177.317778	134.999942	270.000000	85.390157	90.000000	214.272327	168.163578	135.726294	86.581225	90.000000	0.000000	0.000000	33.627756	3.560551	13.973099	46.176611	180.000000	180.000000	137.930880	111.820987	180.000000	180.000000	213.690619	123.522773	
46.093025	45.035449	137.404816	224.906159	146.372244	132.158375	89.999944	327.385575	315.731813	0.000000	359.994583	0.000000	75.878482	44.839645	231.513217	202.290622	134.997098	184.273486	225.023899	181.490385	134.999942	270.000000	90.512374	90.000000	214.583877	168.163578	135.726294	86.551234	90.000000	0.000000	0.000000	33.627756	3.498179	13.546725	46.176611	180.000000	180.000000	137.930616	112.056295	180.000000	180.000000	213.690619	123.522774	
46.093025	45.035436	137.236846	224.906159	146.372244	132.158375	89.999944	326.560658	315.731813	0.000000	359.994583	0.000000	75.951797	44.839645	231.461890	202.290622	134.997098	184.247042	225.023899	176.332247	134.999942	270.000000	92.973325	90.000000	214.889346	168.163578	135.726294	86.553353	90.000000	0.000000	0.000000	33.627756	357.347133	13.154621	46.176611	180.000000	180.000000	137.930495	112.163357	180.000000	180.000000	213.690619	123.522775	
46.093025	45.035430	136.919082	224.906159	146.372244	132.158375	89.999944	326.412840	315.731813	0.000000	359.994583	0.000000	75.986514	44.839645	231.401369	202.290622	134.997845	184.190020	225.023899	180.970301	134.999942	270.000000	94.116368	90.000000	215.188085	168.163578	135.726294	86.586765	90.000000	0.000000	0.000000	33.627756	0.515578	12.797750	46.176611	180.000000	180.000000	137.930441	112.212082	180.000000	180.000000	213.690619	123.522776	
46.093025	45.035427	136.538361	224.906159	146.372244	132.158375	89.999944	326.585043	315.731813	0.000000	359.994583	0.000000	76.002960	44.839645	231.331806	202.290622	134.998206	177.887388	225.023899	176.165769	134.999942	270.000000	94.611685	90.000000	215.479446	168.163578	135.726294	86.650631	90.000000	0.000000	0.000000	33.627756	356.068768	12.476797	46.176611	180.000000	180.000000	137.930416	112.234262	180.000000	180.000000	213.690619	123.522776	
46.093025	45.035425	136.135351	224.906159	146.372244	132.158375	89.999944	326.911533	315.731813	0.000000	359.994583	0.000000	76.010755	44.839645	231.253352	202.290622	134.998381	181.145548	225.023899	180.793396	134.999942	270.000000	94.793793	90.000000	215.762781	168.163578	135.726294	92.768230	90.000000	0.000000	0.000000	33.627756	359.897358	12.192200	46.176611	180.000000	180.000000	137.930405	112.244361	180.000000	180.000000	213.690619	123.522776	
46.093025	45.035425	135.540820	224.906159	146.372244	132.158375	89.999944	327.315749	315.731813	0.000000	359.994583	0.000000	76.014450	44.839645	231.166163	202.290622	134.998466	182.657578	225.023899	176.134213	134.999942	270.000000	94.829777	90.000000	216.037448	168.163578	135.726294	89.620041	90.000000	0.000000	0.000000	33.627756	355.911141	11.944182	46.176611	180.000000	180.000000	137.930399	112.248961	180.000000	180.000000	213.690619	123.522776	
46.093025	45.035424	134.846556	224.906159	143.279877	132.158375	89.999944	327.762452	315.731813	0.000000	359.994583	0.000000	76.016204	44.839645	231.070395	202.290622	134.998507	177.328012	225.023899	173.916423	134.999942	270.000000	94.803165	90.000000	216.302812	168.163578	135.726294	94.041269	90.000000	0.000000	0.000000	33.627756	359.763042	11.732773	46.176611	180.000000	180.000000	137.930397	112.251056	180.000000	180.000000	213.690619	123.522776	
46.093025	45.035424	134.108307	224.906159	141.876809	132.158375	89.999944	328.235458	315.731813	0.000000	359.994583	0.000000	76.016539	44.839645	230.966203	202.290622	134.998527	180.768584	225.023899	172.903952	134.999942	270.000000	94.755762	90.000000	216.558246	168.163578	135.726294	90.237852	90.000000	0.000000	0.000000	33.627756	355.954181	11.557833	46.176611	180.000000	180.000000	137.930396	112.252011	180.000000	180.000000	213.690619	123.522776	
46.093025	45.035424	133.353721	224.906159	141.239990	132.158375	89.999944	328.727334	315.731813	0.000000	359.994583	0.000000	75.898240	44.839645	230.853745	202.290622	134.998537	176.533790	225.023899	172.481619	134.999942	270.000000	94.708514	90.000000	216.803139	168.163578	135.726294	94.199761	90.000000	0.000000	0.000000	33.627756	354.189870	11.419070	46.176611	180.000000	180.000000	137.930396	112.252447	180.000000	180.000000	213.690619	123.522776	
46.093025	45.035424	132.597494	224.906159	140.950886	132.158375	89.999944	329.234661	315.731813	0.000000	359.994583	0.000000	75.733192	44.839645	230.733178	202.290622	134.998542	180.301461	225.023899	172.343051	134.999942	270.000000	90.753625	90.000000	217.036890	168.163578	135.726294	90.374682	90.000000	0.000000	0.000000	33.627756	353.423031	11.316063	46.176611	180.000000	180.000000	137.930395	112.252645	180.000000	180.000000	213.690619	123.522776	
46.093025	45.035424	131.848274	224.906159	140.819611	132.158375	89.999944	329.755856	315.731813	0.000000	359.994583	0.000000	75.556586	44.839645	230.604658	202.290622	134.998544	176.401687	225.023899	172.335521	134.999942	270.000000	88.736447	90.000000	217.258918	168.163578	135.726294	94.159046	90.000000	0.000000	0.000000	33.627756	353.137583	11.248282	46.176611	180.000000	180.000000	137.930395	112.252736	180.000000	180.000000	213.690619	123.522776	
46.093025	45.035424	131.111836	224.906159	140.759990	132.158375	89.999944	337.581713	315.731813	0.000000	359.994583	0.000000	75.385592	44.839645	231.440356	202.290622	134.998545	174.586788	225.023899	172.382799	134.999942	270.000000	87.485202	90.000000	217.468659	168.163578	135.726294	95.912213	90.000000	0.000000	0.000000	33.627756	353.078932	11.215104	46.176611	180.000000	180.000000	137.930395	112.252777	180.000000	180.000000	213.690619	123.522776	
46.093025	45.035424	130.392541	224.906159	140.732906	132.158375	89.999944	333.977076	315.731813	0.000000	359.994583	0.000000	75.228503	44.839645	231.702513	202.290622	134.998545	173.789891	225.023899	176.782951	134.999942	270.000000	86.627933	90.000000	217.665567	168.163578	135.726294	96.674465	90.000000	0.000000	0.000000	33.627756	356.825541	11.215834	46.176611	180.000000	180.000000	137.930395	112.252796	180.000000	180.000000	213.690619	123.522776	
46.093025	45.035424	129.694010	224.906159	140.720600	132.158375	89.999944	339.933000	315.731813	0.000000	359.994583	0.000000	75.089220	44.839645	231.736523	202.290622	134.998546	173.484781	225.017435	178.940029	134.999942	270.000000	85.983002	90.000000	217.849121	168.163578	135.726294	96.958559	90.000000	0.000000	0.000000	33.627756	358.688100	11.249718	46.176611	180.000000	180.000000	137.930395	112.252804	180.000000	180.000000	213.690619	123.522776	
46.093025	45.035424	129.019417	224.906159	140.715008	132.158375	89.999944	342.951184	315.731813	0.000000	359.994583	0.000000	74.969461	44.839645	231.677543	202.290622	134.998546	173.411697	225.014503	179.999983	134.999942	270.000000	85.461329	90.000000	210.899652	168.163578	135.726294	97.017464	90.000000	0.000000	0.000000	33.627756	359.631525	11.315958	46.176611	180.000000	180.000000	137.930395	112.252808	180.000000	180.000000	213.690619	123.522776	
46.093025	45.035424	128.371618	224.906159	140.712466	132.158375	89.999944	344.509910	315.731813	0.000000	359.994583	0.000000	74.869848	44.839645	231.578453	202.290622	134.998546	190.399675	225.013172	180.661144	134.999942	270.000000	85.019087	90.000000	207.722792	170.949345	135.726294	93.241083	90.000000	0.000000	0.000000	33.627756	0.121723	11.413729	46.176611	180.000000	180.000000	137.930395	112.252810	180.000000	180.000000	213.690619	123.522776	
46.093025	45.035424	127.753199	224.906159	140.711310	132.158375	89.999944	345.348657	315.731813	0.000000	359.994583	0.000000	74.790442	44.839645	231.459975	202.290622	134.998546	198.126089	225.012568	181.241592	134.999942	270.000000	84.634636	90.000000	206.337270	172.122589	135.726294	91.365680	90.000000	0.000000	0.000000	33.627756	0.383893	11.542186	46.176611	180.000000	180.000000	137.930395	112.252811	180.000000	180.000000	213.690619	123.522776	
46.093025	45.035424	127.166486	224.906159	140.710784	132.158375	89.999944	345.837404	315.731813	0.000000	359.994583	0.000000	74.731018	44.839645	231.330274	202.290622	134.998546	201.575716	225.012294	181.764767	134.999942	270.000000	84.297213	90.000000	205.801100	172.616899	135.726294	90.417440	90.000000	0.000000	0.000000	33.627756	0.526920	11.700475	46.176611	180.000000	180.000000	137.930395	112.252811	180.000000	180.000000	213.690619	123.522776	
46.093025	45.035424	126.613540	224.906159	140.710545	132.158375	89.999944	346.161007	315.731813	0.000000	359.994583	0.000000	74.691190	44.839645	231.192614	202.290622	134.998546	203.039094	225.012169	182.241756	134.999942	270.000000	84.001365	90.000000	205.665919	172.825214	135.726294	89.926224	90.000000	0.000000	0.000000	33.627756	0.603486	11.887747	46.176611	180.000000	180.000000	137.930395	112.252811	180.000000	180.000000	213.690619	123.522776	
46.093025	45.035424	126.096158	224.906159	140.710436	132.158375	89.999944	346.411633	315.731813	0.000000	359.994583	0.000000	74.670488	44.839645	231.048352	202.290622	134.998546	203.578711	225.012113	182.677734	134.999942	270.000000	83.744208	90.000000	205.717979	172.913023	135.726294	89.664818	90.000000	0.000000	0.000000	33.627756	0.639129	12.103158	46.176611	180.000000	180.000000	137.930395	112.252812	180.000000	180.000000	213.690619	123.522776	
46.093025	45.035424	125.615863	224.906159	140.710387	132.889909	89.999944	345.887966	315.731813	0.000000	359.994583	0.000000	74.668386	44.839645	230.898100	202.290622	134.998546	203.686998	225.012087	183.075085	134.999942	270.000000	83.524075	90.000000	205.855131	172.950044	135.726294	89.523380	90.000000	0.000000	0.000000	33.627756	0.646298	12.345879	46.176611	180.000000	180.000000	137.930395	112.252812	180.000000	180.000000	213.690619	123.522776	
46.093025	45.035424	125.173906	224.906159	140.710364	133.244095	89.999956	345.684399	315.731813	0.000000	359.994583	0.000000	66.431900	44.839645	230.742179	202.290622	134.998546	198.030813	225.012076	183.434921	134.999942	270.000000	83.339854	90.000000	206.028376	172.965657	135.726294	89.448774	90.000000	0.000000	0.000000	33.627756	0.631136	12.615102	46.176611	180.000000	180.000000	137.930395	112.252812	180.000000	180.000000	213.690619	123.522776	
46.093025	45.035424	124.771269	224.906159	140.710354	133.415621	89.999962	345.643556	315.731813	0.000000	359.994583	0.000000	63.394014	44.839645	225.708578	202.290622	134.998546	200.961445	225.012070	183.757814	134.999957	270.000000	83.190668	90.000000	206.214066	172.972243	135.726294	89.415246	90.000000	0.000000	0.000000	33.627756	0.815301	12.910042	46.176611	180.000000	180.000000	137.930395	112.252812	180.000000	180.000000	213.690619	123.522776	
46.093025	45.035424	128.646707	224.906159	140.710349	133.498708	89.999964	345.688778	315.731813	0.000000	359.994583	0.000000	61.966889	44.839645	228.607529	202.290622	134.998546	202.151080	225.012068	184.044147	134.999964	270.000000	83.075721	90.000000	206.400669	172.975021	135.726294	89.410244	90.000000	0.000000	0.000000	33.627756	1.115688	13.229940	45.873264	180.000000	180.000000	137.930395	112.252812	180.000000	180.000000	213.690619	123.522776	
46.093025	45.035424	126.177801	224.906159	140.710347	133.538965	89.999966	345.782752	315.731813	0.000000	359.994583	0.000000	61.296226	44.839645	229.619697	202.290622	134.998546	197.204528	225.012067	184.294286	134.999968	270.000000	82.994232	90.000000	206.582455	172.976194	135.726294	89.427574	90.000000	0.000000	0.000000	33.627756	1.453990	22.461883	45.726389	180.000000	180.000000	137.930395	112.252812	180.000000	180.000000	213.690619	123.522776	
46.093025	45.035424	129.128958	224.906159	140.710346	133.558474	89.999966	345.907290	315.731813	0.000000	359.994583	0.000000	60.980972	44.839645	225.207589	202.290622	134.998546	200.220116	225.012066	184.508642	134.999970	270.000000	82.945404	90.000000	206.756478	172.976689	135.726294	89.210351	90.000000	0.000000	0.000000	33.627756	1.792014	18.350177	45.655257	180.000000	180.000000	137.930395	112.252812	180.000000	180.000000	213.690619	123.522776	
46.093025	45.035424	126.083021	224.906159	140.710346	133.567931	89.999967	346.053469	315.731813	0.000000	359.994583	0.000000	60.832746	44.882920	228.157156	202.290622	134.998546	196.261098	225.012066	184.687705	134.999970	270.000000	82.928423	90.000000	206.921139	172.976898	135.726294	88.896421	90.000000	0.000000	0.000000	33.627756	2.111107	16.405469	45.620801	180.000000	180.000000	137.930395	112.252812	180.000000	180.000000	213.690619	123.522776	
46.093025	45.035424	128.881571	224.906159	140.710345	133.572517	89.999967	342.291665	315.731813	0.000000	359.994583	0.000000	60.763036	44.902554	224.612892	202.290622	134.998546	199.557882	225.012066	184.832043	134.999971	270.000000	82.942456	90.000000	207.075493	172.976986	135.726294	88.554090	90.000000	0.000000	0.000000	33.627756	2.402205	24.234628	45.604105	180.000000	180.000000	137.930395	112.252812	180.000000	180.000000	213.690619	123.522776	
46.093025	45.035424	130.179924	224.906159	140.710345	133.574741	89.999967	340.394963	315.731813	0.000000	359.994583	0.000000	60.730243	44.911463	227.763084	202.290622	134.998546	195.896517	225.012066	184.942298	134.999971	270.000000	82.986655	90.000000	207.218923	172.977024	135.726294	88.216686	90.000000	0.000000	0.000000	33.627756	2.661000	19.661510	45.596014	180.000000	180.000000	137.930395	112.252812	180.000000	180.000000	213.690619	123.522776	
46.093025	45.035424	130.721424	224.906159	140.710345	133.575820	89.999967	339.454582	315.731813	0.000000	359.994583	0.000000	60.714813	44.915507	224.427034	202.290622	134.998546	194.224006	225.012066	185.019177	134.999971	270.000000	83.060168	90.000000	207.350975	172.977039	135.726294	87.900487	90.000000	0.000000	0.000000	33.627756	2.885578	25.994225	45.592092	180.000000	180.000000	137.930395	112.252812	180.000000	180.000000	213.690619	123.522776	
46.093025	45.035424	130.884233	224.906159	140.710345	133.576344	89.999967	339.010656	315.731813	0.000000	359.995859	0.000000	60.707551	44.917342	223.150109	202.290622	134.998546	193.459572	225.012066	185.063435	134.999971	270.000000	90.798437	90.000000	207.471290	172.977046	135.726294	87.613383	90.000000	0.000000	0.000000	33.627756	3.075253	20.818866	45.590190	180.000000	180.000000	137.930395	112.252812	180.000000	180.000000	213.690619	123.522776	
46.093025	45.035424	130.861189	224.906159	140.710345	133.576598	89.999967	338.830528	315.731813	0.000000	359.996397	0.000000	60.704132	44.918176	222.661113	202.290622	134.998546	193.110041	225.012066	185.075867	134.999971	270.000000	86.835427	90.000000	207.579564	172.977049	135.726294	87.359100	90.000000	0.000000	0.000000	33.627756	3.229997	26.684890	45.589267	191.896058	180.000000	137.930395	112.252812	180.000000	180.000000	213.690619	123.522776	
46.093025	45.035424	130.750978	224.906159	140.710345	133.576721	89.999967	338.796504	315.731813	0.000000	359.996624	0.000000	60.702522	44.918554	222.473813	202.290622	134.998546	193.093192	225.012066	185.057296	134.999971	270.000000	84.963141	90.000000	207.675531	172.977050	135.726294	87.139260	90.000000	0.000000	0.000000	33.627756	3.350137	21.474440	45.588820	197.476140	180.000000	137.930395	112.252812	180.000000	180.000000	213.690619	126.631198	
46.093025	45.035424	130.604360	224.906159	140.710345	133.576781	89.999967	338.848958	315.731813	0.000000	359.996719	0.000000	60.701763	44.918726	222.402059	202.290622	134.998546	193.243489	225.012066	185.008557	134.999971	270.000000	91.586010	90.000000	207.758954	172.977051	135.726294	86.954395	90.000000	0.000000	0.000000	33.627756	3.436214	27.144815	45.588603	200.099030	180.000000	137.930395	112.252812	180.000000	180.000000	213.690619	128.041433	
46.093025	45.035424	130.447643	224.906159	140.710345	133.576810	89.999967	338.957533	315.731813	0.000000	359.996759	0.000000	60.701406	44.918804	222.374565	202.290622	134.998546	193.462510	225.012066	177.609055	134.999971	270.000000	87.302366	90.000000	207.829624	172.977051	135.726294	86.804455	90.000000	0.000000	0.000000	33.627756	3.488894	22.062712	45.588497	201.332711	180.000000	137.930395	112.252812	180.000000	180.000000	213.690619	128.681453	
46.093025	45.035424	130.294627	224.906159	140.710345	133.576824	89.999967	339.106601	315.731813	0.000000	359.996776	0.000000	60.701237	44.918840	222.364029	202.290622	134.998546	193.703802	225.012066	181.426393	134.999971	270.000000	92.626155	90.000000	207.887355	172.977051	135.726294	86.689065	90.000000	0.000000	0.000000	33.627756	3.508922	27.601918	45.588446	201.913175	180.000000	137.930395	112.252812	180.000000	180.000000	213.690619	128.971984	
46.093025	45.035424	130.152690	224.906159	140.710345	133.576831	89.999967	339.287934	315.731813	0.000000	359.996783	0.000000	60.701158	44.918856	222.359990	202.290622	134.998546	193.945396	225.012066	183.240761	134.999971	270.000000	87.861904	90.000000	207.931984	172.977051	135.726294	86.607660	90.000000	0.000000	0.000000	33.627756	3.497092	40.595119	45.588421	202.186368	180.000000	137.930395	112.252812	180.000000	180.000000	213.690619	129.103897	
46.093025	45.035424	130.025899	224.906159	140.710345	133.576835	89.999967	339.497026	315.731813	0.000000	359.996786	0.000000	60.701121	44.918863	222.358442	202.290622	134.998546	194.176897	225.012066	176.905568	134.999971	270.000000	92.819599	90.000000	207.963370	172.977051	135.726294	86.559559	90.000000	0.000000	0.000000	33.627756	3.454230	47.396031	45.588409	202.314981	180.000000	137.930395	112.252812	180.000000	180.000000	213.690619	129.163802	
46.093025	45.035424	139.116971	224.906159	140.710345	133.576836	89.999967	339.731242	315.731813	0.000000	359.996788	0.000000	60.701103	44.918867	222.357848	202.290622	134.998546	194.393404	225.012066	181.027036	134.999971	270.000000	88.064332	90.000000	207.981397	172.977051	135.726294	86.544008	90.000000	0.000000	0.000000	33.627756	3.381178	50.911612	45.588403	202.375546	180.000000	137.930395	112.252812	180.000000	180.000000	213.690619	129.191012	
46.093025	45.026289	143.718097	224.906159	140.710345	133.576837	89.999967	339.988898	315.731813	0.000000	359.996788	0.000000	60.701095	44.918868	222.357621	202.290622	134.998546	194.592644	225.012066	175.937224	134.999971	270.000000	92.870780	90.000000	207.985964	172.977051	135.726294	86.560205	90.000000	0.000000	0.000000	33.627756	357.271440	52.691714	45.588400	202.404074	180.000000	137.930395	112.252812	180.000000	180.000000	213.690619	129.203374	
46.093025	45.021866	145.993869	224.906159	140.710345	133.576837	89.999967	340.268803	315.731813	0.000000	359.996788	0.000000	60.701091	44.918869	222.357533	202.290622	134.998546	194.773610	225.012066	180.516866	134.999971	270.000000	95.164538	90.000000	207.976997	172.977051	135.726294	86.607322	90.000000	0.000000	0.000000	33.627756	0.402445	53.558911	45.588399	202.417516	180.000000	137.930395	118.408790	180.000000	180.000000	213.690619	129.208992	
46.093025	45.019724	147.068852	224.906159	140.710345	133.576838	89.999967	340.570028	315.731813	0.000000	359.996789	0.000000	60.701089	44.918869	222.357500	202.290622	134.998546	194.935920	225.012066	175.776585	134.999971	270.000000	96.216701	90.000000	207.954437	172.977051	135.726294	92.759814	90.000000	0.000000	0.000000	33.627756	355.988643	53.948924	45.588398	202.423851	180.000000	137.930395	121.200891	180.000000	180.000000	213.690619	129.211545	
46.093025	45.018686	147.526371	224.906159	140.710345	133.576838	89.999967	349.863445	315.731813	0.000000	359.996789	0.000000	60.701088	44.918869	222.357487	202.290622	134.998546	195.079506	225.012066	173.539503	134.999971	270.000000	96.660270	90.000000	207.918249	172.977051	135.726294	89.569100	90.000000	0.000000	0.000000	33.627756	359.771219	54.092359	45.588398	202.426838	180.000000	137.930395	122.468284	180.000000	180.000000	213.690619	129.212706	
46.093025	45.018184	147.668993	224.906159	140.710345	133.576838	89.999967	345.357354	315.731813	0.000000	359.996789	0.000000	60.701087	44.918869	222.357482	202.290622	134.998546	195.204471	225.012066	179.288112	134.999971	270.000000	96.810682	90.000000	207.868414	172.977051	135.726294	88.084278	90.000000	0.000000	0.000000	33.627756	355.818875	54.111234	45.588398	202.428247	180.000000	137.930395	123.043767	180.000000	180.000000	213.690619	129.213234	
45.779203	45.017940	147.653809	224.906159	140.710345	133.576838	89.999967	343.369947	315.731813	0.000000	359.996789	0.000000	60.701087	44.918869	222.357480	202.290622	134.998546	195.311015	225.012066	175.323784	134.999971	270.000000	96.825255	90.000000	207.804931	172.977051	135.726294	93.285033	90.000000	0.000000	0.000000	33.627756	359.620524	54.070138	45.588398	202.428911	180.000000	137.930395	123.305136	180.000000	180.000000	213.690619	129.213474	
45.647434	45.017822	147.562533	224.906159	140.710345	133.576838	89.999967	351.304657	315.731813	0.000000	359.996789	0.000000	60.701087	44.918869	222.357479	202.290622	134.998546	195.399396	225.012066	173.440080	134.999971	270.000000	96.782546	90.000000	207.727819	172.977051	135.726294	89.919536	90.000000	0.000000	0.000000	33.627756	355.848159	54.003304	45.588398	202.429225	180.000000	137.930395	123.423869	180.000000	180.000000	213.690619	129.213583	
45.592098	45.017765	147.437799	224.906159	140.710345	133.576838	89.999967	346.438066	315.731813	0.000000	359.996789	0.000000	60.701087	44.918869	222.357479	202.290622	134.998546	195.469915	225.012066	172.582728	134.999971	270.000000	96.721838	90.000000	207.637111	172.977051	135.726294	94.049222	90.000000	0.000000	0.000000	33.627756	354.098143	53.928933	45.588398	202.429373	180.000000	137.930395	123.477817	180.000000	180.000000	213.690619	129.213633	
45.568856	45.017737	147.301968	224.906159	140.710345	133.576838	89.999967	352.839448	315.731813	0.000000	359.996789	0.000000	60.701087	44.918869	222.357479	202.290622	134.998546	195.522903	225.012066	172.226584	134.999971	270.000000	92.425785	90.000000	207.532858	172.977051	135.726294	95.954261	90.000000	0.000000	0.000000	33.627756	353.334903	53.856758	45.588398	202.429443	180.000000	137.930395	123.502335	180.000000	180.000000	213.690619	129.213656	
45.559092	45.017723	147.166877	224.906159	140.710345	133.576838	89.999967	347.416766	315.731813	0.000000	359.996789	0.000000	60.701087	44.918869	222.357479	202.290622	134.998546	195.558716	225.012066	172.109894	134.999971	270.000000	90.328464	90.000000	207.415125	172.977051	135.726294	91.260977	90.000000	0.000000	0.000000	33.627756	353.047858	53.792049	45.588398	202.429476	180.000000	137.930395	123.513480	180.000000	180.000000	213.690619	129.213666	
45.554990	45.017717	147.038886	224.906159	140.710345	133.576838	89.999967	353.359626	315.731813	0.000000	359.996789	0.000000	60.701087	44.918869	222.357479	202.290622	134.998920	195.577730	225.012066	172.102080	134.999971	270.000000	89.191934	90.000000	207.283992	172.977051	135.726294	94.498879	90.000000	0.000000	0.000000	33.627756	352.985052	53.737712	45.588398	202.429491	180.000000	137.930395	123.518548	180.000000	180.000000	213.690619	129.213671	
45.553266	45.017714	146.921508	224.906159	140.710345	133.576838	89.999967	356.264551	315.731813	0.000000	359.996789	0.000000	60.701087	44.918869	222.357479	202.290622	134.999100	195.580335	225.012066	190.049731	134.999971	270.000000	88.375941	90.000000	207.139551	172.977051	135.726294	95.998861	90.000000	0.000000	0.000000	33.627756	356.780424	53.695409	45.588398	202.429499	180.000000	137.930395	123.520852	180.000000	180.000000	213.690619	129.213673	
45.552541	45.017712	146.816760	224.906159	140.710345	133.576838	89.999967	349.392982	315.731813	0.000000	359.996789	0.000000	60.701087	44.918869	222.357479	202.290622	134.999188	195.566938	225.012066	198.150948	134.999971	270.000000	87.735027	90.000000	206.981907	172.977051	135.726294	96.651533	90.000000	0.000000	0.000000	33.627756	358.662232	53.666137	45.588398	202.429502	180.000000	137.930395	123.521901	180.000000	180.000000	213.690619	129.213674	
45.552237	45.017711	146.725872	224.906159	140.710345	133.576838	89.999967	354.357488	315.731813	0.000000	359.996789	0.000000	60.701087	44.918869	222.357479	202.290622	134.999230	195.537953	225.012066	201.731145	134.999971	270.000000	87.198377	90.000000	206.811178	172.977051	135.726294	96.896556	90.000000	0.000000	0.000000	33.627756	359.610938	53.650538	45.588398	202.429504	180.000000	137.930395	123.522378	180.000000	180.000000	213.690619	129.213674	
45.552109	45.017711	146.649653	224.906159	140.710345	133.576838	89.999967	356.797072	315.731813	0.000000	359.996789	0.000000	60.701087	44.918869	222.357479	202.290622	134.999251	204.346278	225.012066	203.236646	134.999971	270.000000	86.731451	90.000000	206.627491	172.977051	135.726294	93.168590	90.000000	0.000000	0.000000	33.627756	0.099855	53.649057	45.588398	202.429505	180.000000	137.930395	123.522595	180.000000	180.000000	213.690619	129.213675	
45.552055	45.017711	146.588678	224.906159	140.710345	133.576838	89.999967	357.980370	315.731813	0.000000	359.996789	0.000000	60.701087	44.918869	222.357479	202.290622	134.999261	206.492671	225.012066	197.228456	134.999971	270.000000	86.317380	90.000000	206.430981	172.977051	135.726294	91.321072	90.000000	0.000000	0.000000	33.627756	0.357698	53.662030	45.588398	202.429505	180.000000	137.930395	123.522693	180.000000	180.000000	213.690619	129.213675	
45.552032	45.017711	146.543386	224.906159	140.710345	133.576838	89.999967	358.543780	315.731813	0.000000	359.996789	0.000000	60.701087	44.918869	222.357479	202.290622	134.999266	207.467427	225.012066	201.289395	134.999971	270.000000	85.947884	90.000000	203.933791	172.977051	135.726294	90.390571	90.000000	0.000000	0.000000	33.627756	0.495022	53.689722	45.588398	202.429505	180.000000	137.930395	123.522738	180.000000	180.000000	213.690619	129.213675	
45.552023	45.017711	146.514134	224.906159	140.710345	133.576838	89.999974	358.806589	315.731813	0.000000	359.996789	0.000000	60.701087	44.918869	222.357479	202.290622	134.999268	207.910224	225.012066	196.574811	134.999971	270.000000	85.618840	90.000000	202.771817	172.977051	135.726294	89.912018	90.000000	0.000000	0.000000	33.627756	0.565294	53.732355	45.588398	202.429505	180.000000	137.930395	123.522759	180.000000	180.000000	213.690619	129.213675	
45.552019	45.017711	146.501215	224.906159	140.710345	133.576838	89.999977	358.928955	315.731813	0.000000	359.996789	0.000000	60.701087	44.918869	222.357479	202.290622	134.999269	208.111418	225.012066	201.097346	134.999971	270.000000	85.328102	90.000000	202.198811	172.977051	135.726294	89.660700	90.000000	0.000000	0.000000	33.627756	0.594428	53.790113	45.588398	202.429505	180.000000	137.930395	123.522768	180.000000	180.000000	213.690619	129.213675	
45.552017	45.017711	146.504879	224.906159	139.164809	133.576838	89.999979	358.991188	315.731813	0.000000	359.996789	0.000000	60.701087	44.918869	222.357479	202.290622	134.999270	208.202855	225.012066	196.712788	134.999971	270.000000	85.074433	90.000000	201.881282	174.641458	135.726294	89.528014	90.000000	0.000000	0.000000	33.627756	0.595049	53.863153	45.588398	202.429505	180.000000	137.930395	123.522773	180.000000	180.000000	213.690619	129.213675	
45.552016	45.017711	146.525336	224.906159	138.463589	133.576838	89.999980	358.970018	315.731813	0.000000	359.996789	0.000000	60.701087	44.918869	222.357479	202.290622	134.999270	208.244420	225.012066	194.822037	134.999971	270.000000	84.856987	90.000000	201.670747	175.342578	135.726294	89.461437	90.000000	0.000000	0.000000	33.627756	0.573387	53.951605	45.588398	202.429505	180.000000	137.930395	123.522774	180.000000	180.000000	213.690619	129.213675	
45.552016	45.017711	146.562759	224.906159	138.145369	133.576838	89.999980	355.757030	315.731813	0.000000	359.996789	0.000000	60.701087	44.918869	222.357479	202.290622	134.999270	208.263318	225.012066	200.438775	134.999971	270.000000	84.675062	90.000000	201.501407	175.638001	135.726294	89.435517	90.000000	0.000000	0.000000	33.627756	0.532599	54.055569	45.588398	202.429505	180.000000	137.930395	123.522775	180.000000	180.000000	213.690619	129.213675	
45.552016	45.017711	146.617285	224.906159	138.000928	133.576838	89.999980	353.921331	315.731813	0.000000	359.996789	0.000000	60.701087	44.918869	222.357479	202.290622	134.999270	208.271913	225.012066	196.763860	134.999971	270.000000	84.527986	90.000000	201.344296	175.762510	135.726294	89.437850	90.000000	0.000000	0.000000	33.627756	0.474372	54.175120	45.588398	202.429505	180.000000	137.930395	123.522776	180.000000	180.000000	213.690619	129.213675	
45.552016	45.017711	146.689018	224.906159	137.935352	133.576838	89.999980	352.784584	315.731813	0.000000	359.996789	0.000000	60.701087	44.918869	222.357479	202.290622	134.999270	208.275822	225.012066	195.175486	134.999971	270.000000	84.415066	90.000000	201.186785	175.814997	135.726294	89.354601	90.000000	0.000000	0.000000	33.627756	0.399692	54.310302	45.588398	202.429505	180.000000	137.930395	123.522776	180.000000	180.000000	213.690619	129.213675	
45.552016	45.017711	146.778028	224.906159	137.905576	133.576838	89.999980	352.013088	315.731813	0.000000	359.996789	0.000000	60.701087	44.918869	222.357479	202.290622	134.999270	208.277601	225.012066	194.567708	134.999971	270.000000	84.335571	90.000000	201.023472	175.837128	135.726294	89.095146	90.000000	0.000000	0.000000	33.627756	0.309209	54.461132	45.588398	202.429505	180.000000	137.930395	123.522776	180.000000	180.000000	213.690619	129.213675	
45.552016	45.017711	146.884348	224.906159	137.892052	133.576838	89.999980	351.441750	315.731813	0.000000	359.996789	0.000000	60.701087	44.918869	222.357479	202.290622	134.999270	208.278411	225.012066	194.415989	134.999971	270.000000	84.288733	90.000000	200.852135	175.846462	135.726294	88.768592	90.000000	0.000000	0.000000	33.627756	0.203423	54.627593	45.588398	202.429505	180.000000	137.930395	123.522776	180.000000	180.000000	213.690619	129.213675	
45.552016	45.017711	147.007977	224.906159	137.885908	133.576838	89.999980	350.988573	315.731813	0.000000	359.996789	0.000000	60.701087	44.918869	222.357479	202.290622	134.999270	208.278779	225.012066	194.471394	134.999971	270.000000	84.273752	90.000000	200.671953	175.850400	135.726294	88.428074	90.000000	0.000000	0.000000	33.627756	0.082755	54.809637	45.588398	202.429505	180.000000	137.930395	123.522776	180.000000	180.000000	213.690619	129.213675	
45.552016	45.017711	147.148881	224.906159	137.883117	133.576838	89.999980	350.612668	315.731813	0.000000	359.996789	0.000000	60.701087	44.918869	222.357479	202.290622	134.999270	208.278947	225.012066	194.615671	134.999971	270.000000	84.289804	90.000000	200.482715	175.852061	135.726294	88.099537	90.000000	0.000000	0.000000	33.627756	359.947598	55.007184	45.588398	202.429505	180.000000	137.930395	123.522776	180.000000	180.000000	213.690619	129.213675	
45.552016	45.017711	147.306990	224.906159	137.881848	133.942788	89.999980	350.293523	315.731813	0.000000	359.996789	0.000000	60.701087	44.918869	222.357479	202.290622	134.999270	208.279024	225.012066	194.792590	134.999971	270.000000	84.336048	90.000000	200.284480	175.852762	135.726294	87.795630	90.000000	0.000000	0.000000	33.627756	359.798327	55.220119	45.588398	202.429505	180.000000	137.930395	123.522776	180.000000	180.000000	213.690619	129.213675	
45.552016	45.017711	147.482200	224.906159	137.881271	134.119965	89.999980	350.020715	315.731813	0.000000	359.996789	0.000000	60.701087	44.918869	222.357479	202.290622	134.999270	208.279058	225.012066	194.975401	134.999971	270.000000	84.411637	90.000000	200.077421	175.853058	135.726294	87.522446	90.000000	0.000000	0.000000	33.627756	359.635310	55.448299	45.588398	202.429505	180.000000	137.930395	123.522776	180.000000	180.000000	213.690619	129.213675	
45.552016	45.017711	147.674373	224.906159	137.881009	134.205767	89.999980	349.788803	315.731813	0.000000	359.996789	0.000000	60.701087	44.918869	222.357479	202.290622	134.999270	208.279074	225.012066	195.151391	134.999979	270.000000	91.894067	90.000000	199.861764	175.853183	135.726294	87.282802	90.000000	0.000000	0.000000	33.627756	359.458910	59.835895	45.588398	202.429505	180.000000	137.930395	123.522776	180.000000	180.000000	213.690619	129.213675	
45.552016	45.017711	147.883340	224.906159	137.880890	134.247327	89.999980	349.594787	315.731813	0.000000	359.996789	0.000000	60.701087	44.918869	222.357479	202.290622	134.999270	208.279081	225.012066	195.314553	134.999982	270.000000	88.069170	90.000000	199.637753	175.853236	135.726294	87.077849	90.000000	0.000000	0.000000	33.627756	359.269488	61.978380	45.436914	202.429505	180.000000	137.930395	123.522776	180.000000	180.000000	213.690619	129.213675	
45.552016	45.017711	151.757872	224.906159	137.880836	134.267463	89.999981	349.436840	315.731813	0.000000	359.996789	0.000000	60.701087	44.918869	222.357479	202.290622	134.999270	208.279085	225.012066	195.462091	134.999984	270.000000	86.265006	90.000000	199.405642	175.853259	135.726294	86.907866	90.000000	0.000000	0.000000	33.627756	359.067399	63.057393	45.363570	202.429505	180.000000	137.930395	123.522776	180.000000	180.000000	213.690619	129.213675	
45.552016	45.017711	153.655803	224.906159	137.880811	134.277221	89.999981	349.313691	315.731813	0.000000	359.996789	0.000000	60.701087	44.918869	222.357479	202.290622	134.999270	208.279086	225.012066	195.592762	134.999985	270.000000	92.659761	90.000000	199.165683	175.853268	135.726294	86.772661	90.000000	0.000000	0.000000	33.627756	358.852997	63.638607	45.328051	202.429505	180.000000	137.930395	123.522776	180.000000	180.000000	213.690619	129.213675	
45.552016	45.017711	154.615128	224.906159	137.880800	134.281951	89.999981	349.224315	315.731813	0.000000	359.997546	0.000000	60.701087	44.918869	222.357479	202.290622	134.999270	208.279087	225.012066	195.706077	134.999985	270.000000	88.533400	90.000000	198.918130	175.853272	135.726294	86.671778	90.000000	0.000000	0.000000	33.627756	358.626629	63.991650	45.310846	208.383008	180.000000	137.930395	123.522776	180.000000	180.000000	213.690619	129.213675	
45.552016	45.017711	155.134641	224.906159	137.880795	134.284245	89.999981	349.167791	315.731813	0.000000	359.997865	0.000000	60.701087	44.918869	222.357479	202.290622	134.999270	208.279087	225.012066	195.801923	134.999985	270.000000	93.668015	90.000000	205.380002	175.853274	135.726294	86.604599	90.000000	0.000000	0.000000	33.627756	358.388637	64.244299	45.302510	211.176734	180.000000	137.930395	123.522776	180.000000	180.000000	213.690619	129.213675	
45.552016	45.017711	155.453040	224.906159	137.880792	134.285357	89.999981	349.143236	315.731813	0.000000	359.998000	0.000000	60.701087	44.918869	222.357479	202.290622	134.999270	208.279087	225.012066	195.880378	134.999985	270.000000	89.084218	90.000000	201.103289	175.853274	135.726294	86.570411	90.000000	0.000000	0.000000	33.627756	358.139358	64.456676	45.298470	212.488585	180.000000	137.930395	123.522776	180.000000	180.000000	213.690619	129.213675	
45.552016	45.017711	155.683936	224.906159	137.880791	134.285897	89.999981	349.149774	315.731813	0.000000	359.998057	0.000000	60.701087	44.918869	222.357479	202.290622	134.999270	208.279087	225.012066	195.941625	134.999985	270.000000	93.860667	90.000000	199.180338	175.853275	135.726294	86.568437	90.000000	0.000000	0.000000	33.627756	357.879124	64.656796	45.296511	213.104790	180.000000	137.930395	123.522776	180.000000	180.000000	213.690619	129.213675	
45.552016	45.017711	155.881030	224.906159	137.880791	134.286159	89.999981	349.186531	315.731813	0.000000	359.998080	0.000000	60.701087	44.918869	222.357479	202.290622	134.999270	208.279087	225.012066	195.985902	134.999985	270.000000	96.122272	90.000000	198.224558	175.853275	135.726294	86.597864	90.000000	0.000000	0.000000	33.627756	357.608257	64.857514	45.295562	213.394306	180.000000	137.930395	123.522776	180.000000	180.000000	213.690619	129.213675	
45.552016	45.017711	156.069462	224.906159	137.880790	134.286286	89.999981	349.252633	315.731813	0.000000	359.998091	0.000000	60.701087	44.918869	222.357479	202.290622	134.999270	208.279088	225.012066	196.013485	134.999985	270.000000	90.369634	90.000000	204.780794	175.853275	135.726294	86.657856	90.000000	0.000000	0.000000	33.627756	357.327076	65.064565	45.295101	213.530364	180.000000	137.930395	123.522776	180.000000	180.000000	213.690619	129.213675	
45.552016	45.017711	156.260816	224.906159	137.880790	134.286347	89.999981	349.347210	315.731813	0.000000	359.998095	0.000000	60.701087	44.940758	222.357479	202.290622	134.999270	208.279088	225.012066	196.024676	134.999985	270.000000	94.358644	90.000000	200.089837	175.853275	135.726294	92.779994	90.000000	0.000000	0.000000	33.627756	357.035890	65.280350	45.294878	213.594320	180.000000	137.930395	123.522776	180.000000	180.000000	213.690619	129.213675	
45.552016	45.017711	156.460267	224.906159	137.880790	134.286377	89.999981	349.469400	315.731813	0.000000	359.998097	0.000000	60.701087	44.950688	222.357479	202.290622	134.999270	208.279088	225.012066	196.019790	134.999985	270.000000	96.260524	90.000000	198.001983	175.853275	135.726294	89.623887	90.000000	0.000000	0.000000	33.627756	356.735003	65.505720	45.294770	213.624390	180.000000	137.930395	123.522776	180.000000	180.000000	213.690619	129.213675	
45.552016	45.017711	156.669975	224.906159	137.880790	134.286392	89.999981	349.618357	315.731813	0.000000	359.998097	0.000000	60.701087	44.955194	222.357479	202.290622	134.999270	208.279088	225.012066	195.999160	134.999985	270.000000	97.132313	90.000000	196.972027	175.853275	135.726294	94.049185	90.000000	0.000000	0.000000	33.627756	356.424712	65.740808	45.294717	213.638532	180.000000	137.930395	123.522776	180.000000	180.000000	213.690619	129.213675	
45.552016	45.017711	156.890686	224.906159	137.880790	134.286399	89.999981	357.879668	315.731813	0.000000	359.998098	0.000000	60.701087	44.957239	223.161787	202.290622	134.999270	208.279088	225.012066	195.963125	134.999985	270.000000	97.500829	90.000000	196.369945	175.853275	135.726294	90.236142	90.000000	0.000000	0.000000	33.627756	350.417331	58.327186	45.294691	213.645185	180.000000	137.930395	123.522776	180.000000	180.000000	213.690619	129.213675	
45.552016	45.017711	157.122484	224.906159	137.880790	134.286402	89.999981	353.739258	315.731813	0.000000	359.998098	0.000000	60.701087	44.958168	223.468975	202.290622	134.999270	208.279088	225.012066	195.912033	134.999985	270.000000	97.628789	90.000000	195.938731	175.853275	135.726294	94.202969	90.000000	0.000000	0.000000	33.627756	353.285592	54.934438	45.294679	213.648315	180.000000	137.930395	123.522776	180.000000	180.000000	213.690619	129.213675	
45.552016	45.017711	157.365145	224.906159	137.880790	134.286404	89.999981	351.822775	315.731813	0.000000	359.998098	0.000000	60.701087	44.958589	223.586316	202.290622	134.999270	208.279088	225.012066	195.846238	134.999985	270.000000	97.647311	90.000000	195.573762	175.853275	135.726294	90.367120	90.000000	0.000000	0.000000	33.627756	354.429431	53.486113	45.294673	213.649788	180.000000	137.930395	123.522776	180.000000	180.000000	213.690619	130.773723	
45.552016	45.017711	157.618309	224.906159	137.880790	134.286405	89.999981	358.875248	315.731813	0.000000	359.998098	0.000000	60.701087	44.958781	223.631144	202.290622	134.999270	208.279088	225.012066	195.766098	134.999985	270.000000	93.208635	90.000000	202.897630	175.853275	135.726294	94.157425	90.000000	0.000000	0.000000	33.627756	349.309036	52.975315	45.294670	213.650482	180.000000	137.930395	123.522776	180.000000	180.000000	213.690619	131.481469	
45.552016	45.013150	151.473482	224.906159	137.880790	134.286405	89.999981	354.400625	315.731813	0.000000	359.998098	0.000000	60.701087	44.958868	223.648273	202.290622	134.999270	208.279088	225.012066	195.671974	134.999985	270.000000	91.040270	90.000000	205.753199	175.853275	135.726294	95.912338	90.000000	0.000000	0.000000	33.627756	352.346868	52.917506	45.294669	213.650808	180.000000	137.930395	123.522776	180.000000	180.000000	213.690619	131.802626	
45.552016	45.010942	148.691549	224.906159	137.880790	134.286406	89.999981	0.070257	315.731813	0.000000	359.998098	0.000000	60.701087	44.958907	223.654818	202.290622	134.999270	208.279088	225.012066	205.126679	134.999985	270.000000	89.936319	90.000000	206.707167	175.853275	135.726294	96.674362	90.000000	0.000000	0.000000	33.627756	351.595327	53.081203	45.294668	213.650962	180.000000	137.930395	123.522776	180.000000	180.000000	213.690619	131.948388	
45.552016	45.009873	154.388592	224.906159	137.880790	134.286406	89.999981	355.090898	315.731813	0.000000	359.998098	0.000000	60.701087	44.958925	223.657319	202.290622	134.999270	208.279088	225.012066	206.170917	134.999985	270.000000	89.132244	90.000000	206.851692	175.853275	135.726294	96.957289	90.000000	0.000000	0.000000	33.627756	351.253121	53.356485	45.294668	213.651034	180.000000	137.930395	123.522776	180.000000	180.000000	213.690619	132.014557	
45.552016	45.009355	150.255662	224.906159	137.880790	134.286406	89.999981	0.361382	315.731813	0.000000	359.998098	0.000000	60.701087	44.958933	223.658275	202.290622	134.999270	208.279088	225.012066	206.645313	134.999985	270.000000	88.492784	90.000000	198.869231	175.853275	135.726294	97.014570	90.000000	0.000000	0.000000	33.627756	351.097258	53.691382	45.294667	213.651069	180.000000	137.930395	123.522776	180.000000	180.000000	213.690619	132.044601	
45.552016	45.009104	148.493089	224.906159	137.880790	134.286406	89.999981	2.882359	315.731813	0.000000	359.998098	0.000000	60.701087	44.958937	223.658641	202.290622	134.999270	208.279088	225.012066	206.860881	134.999985	270.000000	87.952261	90.000000	203.159297	175.853275	135.726294	93.247281	90.000000	0.000000	0.000000	33.627756	351.026248	54.061378	45.294667	213.651085	180.000000	137.930395	123.522776	180.000000	180.000000	213.690619	132.058245	
45.552016	45.008982	147.854017	224.906159	137.880790	134.286406	89.999985	356.608803	315.731813	0.000000	359.998098	0.000000	60.701087	44.958939	223.658781	202.290622	134.999270	208.279088	225.012066	206.958858	134.999985	270.000000	87.478739	90.000000	197.006049	175.853275	135.726294	91.375066	90.000000	0.000000	0.000000	33.627756	350.993888	54.454890	45.294667	213.651092	180.000000	137.930395	126.631198	180.000000	180.000000	213.690619	132.064443	
45.552016	45.008923	147.748961	224.906159	137.880790	134.286406	89.999987	1.011461	315.731813	0.000000	359.998098	0.000000	60.701087	44.958939	223.658834	202.290622	134.999270	208.279088	225.012066	207.003399	134.999985	270.000000	87.056681	90.000000	194.154940	175.853275	135.726294	90.427223	90.000000	0.000000	0.000000	33.627756	350.979137	54.866402	45.294667	213.651096	180.000000	137.930395	128.041433	180.000000	180.000000	213.690619	132.067259	
45.552016	45.008895	147.900906	224.906159	137.880790	134.286406	89.999988	3.130098	315.731813	0.000000	359.998098	0.000000	60.701087	44.958940	223.658855	202.290622	134.999270	208.279088	225.012066	207.023652	134.999985	270.000000	86.678505	90.000000	200.598708	175.853275	135.726294	89.935100	90.000000	0.000000	0.000000	33.627756	350.972411	55.293245	45.294667	213.651098	180.000000	137.930395	128.681453	180.000000	180.000000	213.690619	132.068538	
45.552016	45.008881	148.180323	224.906159	137.880790	134.286406	89.999988	4.118145	315.731813	0.000000	359.998098	0.000000	60.701087	44.958940	223.658862	202.290622	134.999270	208.279088	225.012066	207.032864	134.999985	270.000000	86.340458	90.000000	195.617528	175.853275	135.726294	89.672189	90.000000	0.000000	0.000000	33.627756	350.969344	55.734083	45.294667	213.651098	180.000000	137.930395	128.971984	180.000000	180.000000	213.690619	132.069120	
45.552016	45.008874	148.526860	224.906159	137.880790	134.286406	89.999988	4.551651	315.731813	0.000000	359.998098	0.000000	60.701087	44.958940	223.658865	202.290622	134.999270	208.279088	225.012066	207.037055	134.999985	270.000000	86.040601	90.000000	193.295865	175.853275	135.726294	89.528981	90.000000	0.000000	0.000000	33.627756	350.967944	56.188214	45.294667	213.651099	180.000000	137.930395	129.103897	180.000000	180.000000	213.690619	132.069384	
45.552016	45.008871	148.912445	224.906159	137.880790	134.286406	89.999988	4.718429	315.731813	0.000000	359.998098	0.000000	60.701087	44.958940	223.658867	202.290622	134.999458	208.279088	225.012066	207.038962	134.999985	270.000000	85.777816	90.000000	192.192872	175.853275	135.726294	89.452499	90.000000	0.000000	0.000000	33.627756	350.967305	56.655247	45.294667	213.651099	180.000000	137.930395	129.163802	180.000000	180.000000	213.690619	132.069505	
45.552016	45.008869	149.324002	224.906159	137.880790	134.286406	89.999988	4.762355	315.731813	0.000000	359.998098	0.000000	60.701087	44.958940	223.658867	202.290622	134.999548	208.279088	225.012066	207.039830	134.999985	270.000000	85.551334	90.000000	191.643731	175.853275	135.726294	89.417061	90.000000	0.000000	0.000000	33.627756	350.967013	57.134947	45.294667	213.651099	180.000000	137.930395	129.191012	180.000000	180.000000	213.690619	132.069559	
45.552016	45.008869	149.755403	224.906159	137.880790	134.286406	89.999988	4.755392	315.731813	0.000000	359.998098	0.000000	60.701087	44.958940	223.658867	202.290622	134.999592	208.279088	225.012066	207.040225	134.999985	270.000000	85.360505	90.000000	191.341633	175.853275	135.726294	89.410153	90.000000	0.000000	0.000000	33.627756	350.966880	57.627169	45.294667	213.651099	180.000000	137.930395	129.203374	192.862757	180.000000	213.690619	132.069584	
45.552016	45.008868	150.203734	224.906159	137.880790	134.286406	89.999988	0.843128	315.731813	0.000000	359.998098	0.000000	60.701087	44.958940	223.658867	202.290622	134.999613	208.279088	225.012066	207.040405	134.999985	270.000000	85.204691	90.000000	191.145166	175.853275	135.726294	89.425597	90.000000	0.000000	0.000000	33.627756	350.966819	58.131821	45.294667	213.651099	180.000000	137.930395	129.208992	198.247572	180.000000	213.690619	132.069595	
45.552016	45.008868	150.667573	224.906159	137.880790	134.286406	89.999988	358.934495	315.731813	0.000000	359.998098	0.000000	60.701087	44.958940	223.658867	202.290622	134.999624	208.279088	225.012066	207.040487	134.999985	270.000000	85.083226	90.000000	191.962449	189.900028	135.726294	89.235188	90.000000	0.000000	0.000000	33.627756	350.966792	58.648851	45.294667	213.651099	180.000000	137.930395	129.211545	200.510595	180.000000	213.690619	132.069601	
45.552016	45.008868	151.146197	224.906159	137.880790	134.286406	89.999988	357.778906	315.731813	0.000000	359.998098	0.000000	60.701087	44.958940	223.658867	202.290622	134.999629	208.279088	225.012066	207.040524	134.999985	270.000000	84.995399	90.000000	192.302114	195.777269	135.726294	88.932205	90.000000	0.000000	0.000000	33.627756	350.966779	59.178236	45.294667	213.651099	180.000000	137.930395	129.212706	201.462440	180.000000	213.690619	132.069603	
45.552016	45.008868	151.639216	224.906159	137.880790	134.286406	89.999988	356.959806	315.731813	0.000000	359.998098	0.000000	60.701087	44.958940	223.658867	202.290622	134.999631	212.808345	225.012066	207.040541	134.999985	270.000000	84.940459	90.000000	192.420652	198.247692	135.726294	88.593088	90.000000	0.000000	0.000000	33.627756	350.966773	66.458315	45.294667	213.651099	180.000000	137.930395	129.213234	201.862914	180.000000	213.690619	132.069604	
45.552016	45.008868	152.146408	224.906159	137.880790	134.286406	89.999988	356.324173	315.731813	0.000000	359.998098	0.000000	60.701087	44.958940	223.658867	202.290622	134.999632	214.862993	225.012066	207.040549	134.999985	270.000000	84.917615	90.000000	192.433565	199.287095	135.726294	88.255122	90.000000	0.000000	0.000000	33.627756	350.966770	70.140412	45.294667	213.651099	180.000000	137.930395	129.213474	202.031444	180.000000	213.690619	132.069604	
45.394291	45.008868	159.117442	224.906159	137.880790	134.286406	89.999988	355.797224	315.731813	0.000000	359.998098	0.000000	60.701087	44.958940	223.658867	202.290622	134.999633	215.795543	225.012066	207.040552	134.999985	270.000000	84.926052	90.000000	192.392805	199.724558	135.726294	87.936515	90.000000	0.000000	0.000000	33.627756	350.966769	72.037891	45.294667	213.651099	180.000000	137.930395	129.213583	202.102379	180.000000	213.690619	132.069605	
45.328072	45.008868	162.599964	224.906159	137.880790	134.286406	89.999988	355.342327	315.731813	0.000000	359.998098	0.000000	60.701087	44.958940	223.658867	202.290622	134.999633	216.218916	225.012066	207.040554	134.999985	270.000000	84.964933	90.000000	192.321742	199.908717	135.726294	87.646113	90.000000	0.000000	0.000000	33.627756	350.966769	73.054868	45.294667	213.651099	180.000000	137.930395	129.213633	202.132243	180.000000	213.690619	132.069605	
45.300265	45.008868	164.358553	224.906159	137.880790	134.286406	89.999988	354.941492	315.731813	0.000000	359.998098	0.000000	60.701087	44.958940	223.658867	202.290622	134.999633	216.411167	225.012066	207.040555	134.999985	270.000000	85.033415	90.000000	192.230930	199.986260	135.726294	87.388115	90.000000	0.000000	0.000000	33.627756	350.966768	73.642615	45.294667	213.651099	180.000000	137.930395	129.213656	202.144818	180.000000	213.690619	132.069605	
45.288587	45.008868	165.270402	224.906159	137.880790	134.286406	89.999988	354.585832	315.731813	0.000000	359.998098	0.000000	60.701087	44.958940	223.658867	202.290622	134.999633	216.498485	225.012066	207.040555	134.999985	270.000000	92.404434	90.000000	192.125188	200.018916	135.726294	87.164380	90.000000	0.000000	0.000000	33.627756	350.966768	74.026108	45.294667	213.651099	180.000000	137.930395	129.213666	202.150114	180.000000	213.690619	132.069605	
45.283682	45.008868	165.771913	224.906159	137.880790	134.286406	89.999988	354.270880	315.731813	0.000000	359.998098	0.000000	60.701087	44.958940	223.658867	202.290622	134.999633	216.538152	225.012066	207.040555	134.999985	270.000000	88.629003	90.000000	192.006782	200.032673	135.726294	86.975565	90.000000	0.000000	0.000000	33.627756	350.966768	74.317264	45.294667	213.651099	180.000000	137.930395	129.213671	202.152345	180.000000	213.690619	132.069605	
45.281621	45.008868	166.079961	224.906159	137.880790	134.286406	89.999988	353.994283	315.731813	0.000000	359.998098	0.000000	60.701087	44.958940	223.658867	202.290622	134.999633	216.556176	225.012066	207.040555	134.999985	270.000000	86.845165	90.000000	194.671916	200.038468	135.726294	86.821685	90.000000	0.000000	0.000000	33.627756	350.966768	74.213410	45.294667	213.651099	180.000000	137.930395	129.213673	202.153285	180.000000	213.690619	132.069605	
45.280755	45.008868	166.302121	224.906159	137.880790	134.286406	89.999988	353.754676	315.731813	0.000000	359.998098	0.000000	60.701087	44.958940	223.658867	202.290622	134.999633	216.564368	225.012066	207.040555	134.999985	270.000000	93.144730	90.000000	195.958876	200.040911	135.726294	86.702402	90.000000	0.000000	0.000000	33.627756	350.966768	74.218521	45.294667	213.651099	180.000000	137.930395	129.213674	202.153681	180.000000	213.690619	132.069605	
45.280391	45.008868	166.147235	224.906159	137.100366	134.286406	89.999988	353.551125	315.731813	0.000000	359.998098	0.000000	60.701087	44.958940	223.658867	202.290622	134.999633	216.568092	225.012066	207.040555	134.999985	270.000000	89.073593	90.000000	196.595945	200.041940	135.726294	86.617171	90.000000	0.000000	0.000000	33.627756	350.966768	74.283826	45.294667	213.651099	180.000000	137.930395	129.213674	202.153848	180.000000	213.690619	132.069605	
45.280239	45.008868	166.104842	224.906159	136.746270	134.286406	89.999988	353.382866	315.731813	0.000000	359.998098	0.000000	60.701087	44.958940	223.658867	202.290622	134.999633	216.569785	225.012066	207.040555	134.999985	270.000000	94.130621	90.000000	196.919647	200.042375	135.726294	86.565325	90.000000	0.000000	0.000000	33.627756	350.966768	74.385496	45.294667	213.651099	180.000000	137.930395	129.213675	202.153918	180.000000	213.690619	132.069605	
45.280174	45.008868	166.125155	224.906159	136.585577	134.286406	89.999988	353.249177	315.731813	0.000000	359.998098	0.000000	60.701087	44.958940	223.658867	202.290622	134.999633	216.570555	225.012066	207.040555	134.999985	270.000000	89.609759	90.000000	197.085657	200.042558	135.726294	86.546116	90.000000	0.000000	0.000000	33.627756	350.966768	74.511840	45.294667	213.651099	180.000000	137.930395	129.213675	202.153948	180.000000	213.690619	132.069605	
45.280147	45.008868	166.183884	224.906159	136.512638	134.469646	89.999988	353.149329	315.731813	0.000000	359.998098	0.000000	60.701087	44.958940	223.658867	202.290622	134.999633	216.570905	225.012066	207.040555	134.999985	270.000000	94.313818	90.000000	197.166108	200.042635	135.726294	86.558748	90.000000	0.000000	0.000000	33.627756	350.966768	74.657058	45.294667	213.651099	180.000000	137.930395	129.213675	202.153961	180.000000	213.690619	132.069605	
45.280136	45.008868	166.269124	224.906159	136.479524	134.558360	89.999988	353.082563	315.731813	0.000000	359.998098	0.000000	60.701087	44.958940	223.658867	202.290622	134.999633	216.571065	225.012066	207.040555	134.999985	270.000000	96.538833	90.000000	197.194561	200.042667	135.726294	86.602395	90.000000	0.000000	0.000000	33.627756	350.966768	74.818196	45.294667	213.651099	180.000000	137.930395	129.213675	202.153966	180.000000	213.690619	132.069605	
45.280131	45.008868	166.374968	224.906159	136.464487	134.601320	89.999988	353.048089	315.731813	0.000000	359.998547	0.000000	60.701087	44.958940	223.658867	202.290622	134.999633	216.571137	225.012066	207.040555	134.999989	281.903318	90.868979	90.000000	197.186787	200.042681	135.726294	92.761164	90.000000	0.000000	0.000000	33.627756	350.966768	74.993672	45.294667	213.651099	180.000000	137.930395	129.213675	202.153968	180.000000	213.690619	132.069605	
45.280129	45.008868	166.498400	224.906159	136.457658	134.622129	89.999988	353.045090	315.731813	0.000000	359.998737	0.000000	60.701087	44.958940	223.658867	202.290622	134.999633	216.571170	225.012066	207.040555	134.999991	287.486862	94.796604	90.000000	197.150360	200.042687	135.726294	89.562152	90.000000	0.000000	0.000000	33.627756	350.966768	75.182560	45.218914	213.651099	180.000000	137.930395	129.213675	202.153969	180.000000	213.690619	132.069605	
45.280128	45.008868	166.637794	224.906159	136.454556	134.632210	89.999988	353.072730	315.731813	0.000000	359.998816	0.000000	60.701087	44.958940	223.658867	202.290622	134.999633	216.571185	225.012066	207.040555	134.999992	290.111413	96.667592	90.000000	197.089081	200.042689	135.726294	88.071623	90.000000	0.000000	0.000000	33.627756	350.966768	75.384251	45.182238	213.651099	180.000000	137.930395	129.213675	202.153970	180.000000	213.690619	132.069605	
45.280128	45.008868	166.792186	224.906159	136.453146	134.637095	89.999988	353.130161	315.731813	0.000000	359.998850	0.000000	60.701087	44.958940	223.658867	202.290622	134.999633	216.571192	225.012066	207.040555	134.999992	291.345892	97.523899	90.000000	197.005015	200.042690	135.726294	93.279898	90.000000	0.000000	0.000000	33.627756	350.966768	70.760532	45.164477	213.651099	180.000000	137.930395	129.213675	202.153970	180.000000	213.690619	132.069605	
45.280128	45.008868	166.960929	224.906159	136.452505	134.639463	89.999988	353.216531	315.731813	0.000000	359.998864	0.000000	60.701087	44.958940	223.658867	202.290622	134.999633	216.571195	225.012066	207.040555	134.999993	291.926740	97.884729	90.000000	196.899423	200.042691	135.726294	89.904540	90.000000	0.000000	0.000000	33.627756	350.966768	68.518811	45.155874	213.651099	180.000000	137.930395	129.213675	202.153970	180.000000	213.690619	132.069605	
45.280128	45.008868	167.143525	224.906159	136.452214	134.640611	89.999988	0.911894	315.731813	0.000000	359.998870	0.000000	60.701087	44.958940	223.658867	202.290622	134.999633	216.571197	225.012066	207.040555	134.999993	292.200118	98.008957	90.000000	196.773195	200.042691	135.726294	94.041086	90.000000	0.000000	0.000000	33.627756	350.966768	67.482214	45.151706	216.645997	180.000000	137.930395	129.213675	202.153970	180.000000	213.690619	132.069605	
45.280128	45.008868	164.144710	224.906159	136.452082	134.641168	89.999988	356.988713	315.731813	0.000000	359.998873	0.000000	60.701087	44.958940	223.658867	202.290622	134.999633	216.571197	225.012066	207.040555	134.999993	292.328820	93.609060	90.000000	196.627041	200.042691	135.726294	90.347500	90.000000	0.000000	0.000000	33.627756	350.966768	67.059574	45.149686	218.051556	180.000000	137.930395	129.213675	202.153970	180.000000	213.690619	132.069605	
45.280128	45.008868	162.662559	224.906159	136.452021	134.641438	89.999988	355.142556	315.731813	0.000000	359.998874	0.000000	60.701087	44.958940	223.658867	202.290622	134.999633	216.571198	225.012066	207.040555	134.999993	292.389427	91.449185	90.000000	196.461579	200.042691	135.726294	94.156306	90.000000	0.000000	0.000000	33.627756	350.966768	66.954539	45.148707	218.711424	180.000000	137.930395	129.213675	202.153970	180.000000	213.690619	132.069605	
45.280128	45.008868	161.945507	224.906159	136.451994	134.641569	89.999988	1.720872	315.731813	0.000000	359.998874	0.000000	60.701087	44.958940	223.658867	202.290622	134.999633	216.571198	225.012066	207.040555	134.999993	292.417976	90.384831	90.000000	196.277378	200.042691	135.726294	95.924710	90.000000	0.000000	0.000000	33.627756	352.984303	67.018824	45.148232	219.021287	180.000000	137.930395	129.213675	202.153970	180.000000	213.690619	132.069605	
45.280128	45.008868	161.621215	224.906159	136.451982	134.641633	89.999988	357.484315	315.731813	0.000000	359.998874	0.000000	60.701087	44.958940	223.658867	202.290622	134.999633	216.571198	225.012066	207.040555	134.999993	292.431428	89.800794	90.000000	196.074974	200.042691	135.726294	96.697415	90.000000	0.000000	0.000000	33.627756	353.902848	67.178274	45.148002	219.166827	180.000000	137.930395	129.213675	202.153970	180.000000	213.690619	132.069605	
45.280128	45.008868	161.505170	224.906159	136.451976	134.641664	89.999988	2.769187	315.731813	0.000000	359.998874	0.000000	60.701087	44.958940	223.658867	202.290622	134.999633	216.571198	225.012066	207.040555	134.999993	292.437768	89.252902	90.000000	195.854875	200.042691	135.726294	96.989518	90.000000	0.000000	0.000000	33.627756	354.321182	67.395733	45.147890	219.235200	180.000000	137.930395	129.213675	202.153970	180.000000	213.690619	132.069605	
45.280128	45.008868	161.505850	224.906159	136.451973	134.641679	89.999991	358.059618	315.731813	0.000000	359.998874	0.000000	60.701087	44.958940	223.658867	202.290622	134.999633	216.571198	225.012066	207.040555	134.999993	292.440757	88.740238	90.000000	195.617569	200.042691	135.726294	97.055209	90.000000	0.000000	0.000000	33.627756	354.511757	67.652459	45.147836	219.267330	180.000000	137.930395	129.213675	202.153970	180.000000	213.690619	132.069605	
45.280128	45.008868	161.577712	224.906159	136.451972	134.641686	89.999992	2.977009	315.731813	0.000000	359.998874	0.000000	60.701087	44.958940	223.658867	202.290622	134.999633	216.571198	225.012066	207.040555	134.999993	292.442167	88.262784	90.000000	186.886110	200.042691	135.726294	93.248180	90.000000	0.000000	0.000000	33.627756	354.598600	67.938863	45.147810	219.282431	180.000000	137.930395	129.213675	202.153970	180.000000	213.690619	132.069605	
45.280128	45.008868	161.697917	224.906159	136.451972	134.641690	89.999993	5.309288	315.731813	0.000000	359.998874	0.000000	60.701087	44.958940	223.658867	202.290622	134.999633	216.571198	225.012066	207.040555	134.999993	292.442832	87.820845	90.000000	191.507265	200.223475	135.726294	91.361399	90.000000	0.000000	0.000000	33.627756	354.638184	68.249897	45.147797	219.289530	180.000000	137.930395	129.213675	202.153970	180.000000	213.690619	132.069605	
45.280128	45.008868	161.854816	224.906159	136.451971	134.641691	89.999993	359.390923	315.731813	0.000000	359.998874	0.000000	60.701087	44.958940	223.658867	202.290622	134.999633	216.571198	225.012066	207.040555	134.999993	292.443146	87.414775	90.000000	193.405161	200.503971	135.726294	90.410879	90.000000	0.000000	0.000000	33.627756	354.656232	68.582773	45.147791	219.292869	180.000000	137.930395	129.213675	202.153970	180.000000	213.690619	132.069605	
45.280128	45.008868	162.042280	224.906159	136.451971	134.641692	89.999993	3.500250	315.731813	0.000000	359.998874	0.000000	60.701087	44.958940	223.658867	202.290622	134.999633	216.571198	225.012066	207.040555	134.999993	292.443294	87.044846	90.000000	185.882809	200.827052	135.726294	89.921640	90.000000	0.000000	0.000000	33.627756	354.664463	77.987606	45.147788	219.294439	180.000000	137.930395	129.213675	202.153970	180.000000	213.690619	132.069605	
45.280128	45.008868	162.256903	224.906159	136.451971	134.641693	89.999993	5.462142	315.731813	0.000000	359.998874	0.000000	60.701087	44.970014	223.658867	202.290622	134.999633	216.571198	225.012066	207.040555	134.999993	292.443364	86.711203	90.000000	190.740489	201.168213	135.726294	89.664169	90.000000	0.000000	0.000000	33.627756	354.668218	73.454592	45.147786	219.295178	180.000000	137.930395	129.213675	202.153970	180.000000	213.690619	132.069605	
45.280128	45.006588	162.496631	224.906159	136.451971	134.641693	89.999993	6.363468	315.731813	0.000000	359.998874	0.000000	60.701087	44.975039	223.658867	202.290622	134.999633	216.571198	225.012066	207.040555	134.999993	292.443397	86.413838	90.000000	184.689849	201.516686	135.726294	89.527540	90.000000	0.000000	0.000000	33.627756	354.669932	71.483496	45.147785	219.295525	180.000000	137.930395	129.213675	202.153970	180.000000	213.690619	132.069605	
45.280128	45.005484	162.760090	224.906159	136.451971	134.641693	89.999993	6.746101	315.731813	0.000000	359.998874	0.000000	60.701087	44.977318	223.658867	202.290622	134.999633	216.571198	225.012066	207.040555	134.999993	292.443412	86.152598	90.000000	190.012231	201.867515	135.726294	89.458105	90.000000	0.000000	0.000000	33.627756	354.670714	79.520386	45.147785	219.295689	180.000000	137.930395	129.213675	202.153970	180.000000	213.690619	132.069605	
45.280128	45.004949	163.046256	224.906159	136.451971	134.641693	89.999993	6.880353	315.731813	0.000000	359.998874	0.000000	60.701087	44.978353	223.658867	202.290622	134.999633	216.571198	225.012066	211.921376	134.999993	292.443420	85.927193	90.000000	184.360784	202.218220	135.726294	89.429866	90.000000	0.000000	0.000000	33.627756	354.671071	74.629450	45.147785	219.295766	180.000000	137.930395	129.213675	202.153970	180.000000	213.690619	132.069605	
45.280128	45.004690	171.082770	224.906159	136.451971	134.641693	89.999993	6.901166	315.731813	0.000000	359.998874	0.000000	60.701087	44.978823	223.658867	202.290622	134.999633	216.571198	225.012066	214.135586	134.999993	292.443423	85.737211	90.000000	181.833407	202.567368	135.726294	89.430159	90.000000	0.000000	0.000000	33.627756	354.671235	81.121433	45.147785	219.295802	180.000000	137.930395	129.213675	202.153970	180.000000	213.690619	132.069605	
45.280128	45.004565	167.182234	224.906159	136.451971	134.641693	89.999993	349.236676	315.731813	0.000000	359.998874	0.000000	60.701087	44.979036	223.658867	202.290622	134.999633	216.571198	225.012066	215.140650	134.999993	292.443425	85.582133	90.000000	188.471373	202.913969	135.726294	89.372532	90.000000	0.000000	0.000000	33.627756	354.671309	75.671715	45.147785	219.295820	180.000000	137.930395	129.213675	202.153970	180.000000	213.690619	132.860428	
45.280128	45.004504	165.506177	224.906159	136.451971	134.641693	89.999993	341.262991	315.731813	0.000000	359.998874	0.000000	60.701087	44.979133	223.658867	202.290622	134.999633	216.571198	225.012066	215.596991	134.999993	292.443426	85.461354	90.000000	183.691956	203.257221	135.726294	89.123532	90.000000	0.000000	0.000000	33.627756	354.671343	81.698368	45.147785	219.295828	180.000000	137.930395	129.213675	202.153970	180.000000	213.690619	133.219214	
45.280128	45.004475	172.308294	224.906159	136.451971	134.641693	89.999993	337.740559	315.731813	0.000000	359.998874	0.000000	60.701087	44.979177	223.658867	202.290622	134.999633	216.571198	225.012066	215.804234	134.999993	292.443426	85.374192	90.000000	181.543850	203.596391	135.726294	88.800059	90.000000	0.000000	0.000000	33.627756	354.671359	84.659658	45.147785	219.295831	180.000000	137.930395	129.213675	202.153970	180.000000	213.690619	133.382022	
45.280128	45.004460	168.171346	224.906159	136.451971	134.641693	89.999993	336.237123	315.731813	0.000000	359.998874	0.000000	60.701087	44.979197	223.658867	202.290622	134.999633	216.571198	225.012066	215.898372	134.999993	292.443426	85.319909	90.000000	180.601193	203.930774	135.726294	88.459025	90.000000	0.000000	0.000000	33.627756	354.671366	77.745260	45.147785	219.295833	180.000000	137.930395	129.213675	202.153970	180.000000	213.690619	133.455915	
45.280128	45.004453	173.614964	224.906159	136.451971	134.641693	89.999993	342.364617	315.731813	0.000000	359.998874	0.000000	60.701087	44.979206	223.658867	202.290622	134.999633	216.571198	225.012066	215.941142	134.999993	292.443426	85.297724	90.000000	180.206232	204.259669	135.726294	88.128215	90.000000	0.000000	0.000000	33.627756	354.671369	82.781571	45.147785	219.295834	180.000000	137.930395	129.213675	202.153970	180.000000	213.690619	133.489460	
45.280128	45.004450	169.057275	224.906159	136.451971	134.641693	89.999993	338.237192	315.731813	0.000000	359.998874	0.000000	60.701087	44.979210	223.658867	202.290622	134.999633	216.571198	225.012066	215.960579	134.999993	292.443426	85.306825	90.000000	180.055360	204.582377	135.726294	87.821183	90.000000	0.000000	0.000000	33.627756	354.671371	85.269391	45.147785	219.295834	180.000000	137.930395	129.213675	202.153970	180.000000	213.690619	133.504690	
45.280128	45.004448	174.072657	224.906159	136.451971	134.641693	89.999993	343.042305	315.731813	0.000000	359.998874	0.000000	60.701087	44.979212	223.658867	202.290622	134.999727	216.571198	225.012066	215.969413	134.999993	292.443426	85.346378	90.000000	180.008432	204.898197	135.726294	87.544470	90.000000	0.000000	0.000000	33.627756	354.671371	86.488283	45.147785	219.295835	180.000000	137.930395	130.773723	202.153970	180.000000	213.690619	133.511607	
45.280128	45.004448	176.495159	224.906159	136.451971	134.641693	89.999993	338.436312	315.731813	0.000000	359.998874	0.000000	60.701087	44.979213	223.658867	202.290622	134.999773	216.571198	225.012066	215.973430	134.999993	292.443426	92.686552	90.000000	180.000766	205.206425	135.726294	87.301120	90.000000	0.000000	0.000000	33.627756	354.671372	87.080565	45.147785	219.295835	180.000000	137.930395	131.481469	202.153970	180.000000	213.690619	133.514749	
45.280128	45.004447	177.639745	224.906159	136.451971	134.641693	89.999993	342.906951	315.731813	0.000000	359.998874	0.000000	60.701087	44.979213	223.658867	202.290622	134.999795	216.571198	225.012066	215.975256	134.999993	292.443426	88.888100	90.000000	182.953143	205.506359	135.726294	87.092401	90.000000	0.000000	0.000000	33.627756	354.671372	87.368697	45.147785	219.295835	180.000000	137.930395	131.802626	202.153970	180.000000	213.690619	133.516177	
45.280128	45.004447	178.159916	224.906159	136.451971	134.641693	89.999993	338.316083	315.731813	0.000000	359.998874	0.000000	60.701087	44.979213	223.658867	202.290622	134.999805	216.571198	225.012066	215.976087	134.999993	292.443426	87.078237	90.000000	184.289911	205.797302	135.726294	86.918656	90.000000	0.000000	0.000000	33.627756	354.671372	87.514499	45.147785	219.295835	180.000000	137.930395	131.948388	202.153970	180.000000	213.690619	133.516825	
45.280128	45.004447	178.380532	224.906159	136.451971	134.641693	89.999993	342.653659	315.731813	0.000000	359.998874	0.000000	60.701087	44.979213	223.658867	202.290622	134.999811	216.571198	225.012066	215.976465	134.999993	292.443426	93.365743	90.000000	184.893841	206.078562	135.726294	86.779728	90.000000	0.000000	0.000000	33.627756	354.671372	87.594978	45.147785	219.295835	180.000000	137.930395	132.014557	202.153970	180.000000	213.690619	133.517120	
45.280128	45.004447	178.463093	224.906159	136.451971	134.641693	89.999993	344.542568	315.731813	0.000000	359.998874	0.000000	60.701087	44.979214	223.658867	202.290622	134.999813	216.571198	225.012066	215.976637	134.999993	292.443426	89.264472	90.000000	185.161880	206.349454	135.726294	86.675181	90.000000	0.000000	0.000000	33.627756	354.671372	87.387251	45.147785	219.295835	180.000000	137.930395	132.044601	202.153970	180.000000	213.690619	133.517254	
45.280128	45.004447	178.487882	224.906159	136.451971	134.641693	89.999993	345.280746	315.731813	0.000000	359.998874	0.000000	60.701087	44.979214	223.658867	202.290622	134.999814	216.571198	225.012066	215.976715	134.999993	292.443426	94.316440	90.000000	185.272435	206.609307	135.726294	86.604411	90.000000	0.000000	0.000000	33.627756	354.671372	84.312869	45.147785	219.295835	180.000000	137.930395	132.058245	202.153970	180.000000	213.690619	133.517315	
45.280128	45.004447	176.115986	224.906159	136.451971	134.641693	89.999993	345.482808	315.731813	0.000000	359.998874	0.000000	60.701087	44.979214	223.658867	202.290622	134.999815	216.571198	225.012066	215.976751	134.999993	292.443426	89.759447	90.000000	185.503822	202.000508	135.726294	86.566711	90.000000	0.000000	0.000000	33.627756	354.671372	82.554117	45.147785	219.295835	180.000000	137.930395	132.064443	208.725762	180.000000	213.690619	133.517343	
45.280128	45.004447	174.953208	224.906159	136.451971	134.641693	89.999993	345.439988	315.731813	0.000000	359.998874	0.000000	60.701087	44.979214	223.658867	202.290622	134.999815	216.571198	225.012066	215.976767	134.999993	292.195814	94.465880	90.000000	185.821114	200.011065	135.726294	86.561311	90.000000	0.000000	0.000000	33.627756	354.671372	81.466505	45.147785	219.295835	180.000000	137.930395	132.067259	211.483142	180.000000	213.690619	133.517355	
45.280128	45.004447	174.385326	224.906159	136.451971	134.641693	89.999993	345.290437	315.731813	0.000000	359.998874	0.000000	60.701087	44.979214	223.658867	202.290622	134.999815	216.571198	225.012066	215.976774	134.999993	291.822087	89.920236	90.000000	186.162689	199.236536	135.726294	86.587400	90.000000	0.000000	0.000000	33.627756	354.671372	80.731533	45.147785	219.295835	180.000000	137.930395	132.068538	212.641367	180.000000	213.690619	133.517361	
45.280128	45.004447	174.114227	224.906159	136.451971	134.641693	89.999993	345.099778	315.731813	0.000000	359.998874	0.000000	60.701087	44.979214	223.658867	202.290622	134.999815	216.571198	225.012066	215.976778	134.999993	291.394727	94.485123	90.000000	186.500454	199.024691	135.726294	86.644144	90.000000	0.000000	0.000000	33.627756	354.671372	80.190979	45.147785	219.295835	180.000000	137.930395	132.069120	213.128038	180.000000	213.690619	133.517364	
45.280128	45.004447	173.995297	224.906159	136.451971	134.641693	89.999993	344.899222	315.731813	0.000000	359.998874	0.000000	60.701087	44.979214	223.658867	202.290622	134.999815	218.856668	225.012066	215.976779	134.999993	290.949432	96.654456	90.000000	186.821539	199.071969	135.726294	92.774191	90.000000	0.000000	0.000000	33.627756	354.671372	79.765936	45.147785	219.295835	180.000000	137.930395	132.069384	213.332571	180.000000	213.690619	133.517365	
45.280128	45.004447	173.958409	224.906159	136.451971	134.641693	89.999993	344.703614	315.731813	12.215281	359.998874	0.000000	60.701087	44.979214	223.658867	202.290622	134.999815	219.893612	225.012066	215.976780	134.999993	290.504222	97.641740	90.000000	187.120039	199.236640	135.726294	89.609219	90.000000	0.000000	0.000000	33.627756	354.671372	79.416884	45.147785	219.295835	180.000000	137.930395	132.069505	213.418546	180.000000	213.690619	133.517366	
45.280128	45.004447	173.747005	224.906159	136.451971	134.641693	89.999993	344.519999	315.731813	17.750526	359.998874	0.000000	60.701087	44.979214	223.658867	202.290622	134.999815	220.364214	225.012066	215.976780	134.999993	290.068549	98.050695	90.000000	187.393267	199.452235	135.726294	94.041041	90.000000	0.000000	0.000000	33.627756	354.671372	79.123891	45.147785	219.295835	180.000000	137.930395	132.069559	213.454692	180.000000	213.690619	133.517366	
45.280128	45.004447	173.431540	224.906159	136.451971	134.641693	89.999993	344.351687	315.731813	20.265359	359.998874	0.000000	60.701087	44.979214	223.658867	202.290622	134.999815	220.577836	225.012066	215.976780	134.999993	289.647679	98.181887	90.000000	187.640055	199.687363	135.726294	90.217148	90.000000	0.000000	0.000000	33.627756	354.671372	78.876757	45.147785	219.295835	180.000000	137.930395	132.069584	213.469891	180.000000	213.690619	133.517366	
45.280128	45.004447	173.083680	224.906159	136.451971	134.641693	89.999993	344.200189	315.731813	21.408746	359.998874	0.000000	60.701087	44.979214	223.658867	202.290622	134.999815	220.674826	225.012066	215.976781	134.999993	295.291913	98.185101	90.000000	187.859974	199.927033	135.726294	94.191006	90.000000	0.000000	0.000000	33.627756	354.671372	78.670100	45.147785	219.295835	180.000000	137.930395	132.069595	213.476283	180.000000	213.690619	133.517366	
45.280128	45.004447	172.738537	224.906159	136.451971	134.641693	89.999993	344.066140	315.731813	21.928769	359.999141	0.000000	60.701087	44.979214	223.658867	202.290622	134.999815	220.718871	225.012066	215.976781	134.999993	297.830283	98.135082	90.000000	188.052973	200.163938	135.726294	90.343190	90.000000	0.000000	0.000000	33.627756	354.671372	78.500909	45.147785	219.295835	180.000000	137.930395	132.069601	213.478972	180.000000	213.690619	133.517366	
45.280128	45.004447	172.413339	224.906159	136.451971	134.641693	89.999993	343.949741	315.731813	22.165341	359.999253	0.000000	60.701087	44.979214	223.658867	202.290622	134.999815	220.738877	225.012066	215.976781	134.999993	298.852624	93.617851	90.000000	188.219208	200.394391	135.726294	94.141363	90.000000	0.000000	0.000000	33.627756	354.671372	78.367321	45.147785	219.295835	180.000000	137.930395	132.069603	213.480103	180.000000	213.690619	133.517366	
45.280128	45.004447	172.116494	224.906159	136.451971	134.733569	89.999993	343.850971	315.731813	22.272992	359.999300	0.000000	60.701087	44.979214	223.658867	202.290622	134.999815	220.747966	225.012066	215.976781	134.999993	299.136814	91.406120	90.000000	188.358965	200.616414	135.726294	95.899099	90.000000	0.000000	0.000000	33.627756	355.858993	78.268023	45.147785	219.295835	180.000000	137.930395	132.069604	213.480579	180.000000	213.690619	133.517366	
45.280128	45.004447	171.852015	224.906159	136.451971	134.778049	78.126761	343.769691	315.731813	22.321989	359.999320	0.000000	60.701087	44.979214	223.658867	202.290622	134.999815	220.752096	225.012066	215.976781	134.999993	299.064093	90.321197	90.000000	188.472608	200.828847	135.726294	96.661540	90.000000	0.000000	0.000000	33.627756	356.399667	78.201948	45.147785	219.295835	180.000000	137.930395	132.069604	213.480780	180.000000	213.690619	133.517366	
45.280128	45.004447	171.621689	224.906159	136.451971	134.799587	72.557563	343.705694	315.731813	22.344296	359.999328	0.000000	60.701087	44.979214	223.658867	202.290622	134.999815	220.753973	225.012066	215.976781	134.999995	298.822009	89.611336	90.000000	188.560562	201.030926	135.726294	96.943726	90.000000	0.000000	0.000000	33.627756	356.645883	78.168142	45.147785	219.295835	180.000000	137.930395	132.069605	213.480864	180.000000	213.690619	133.517366	
45.280128	45.004447	171.426146	224.906159	136.058619	134.810020	69.939894	343.658728	315.731813	22.354455	359.999332	0.000000	60.701087	44.979214	223.658867	202.290622	134.999815	220.754826	225.012066	215.976781	134.999995	298.503363	89.009384	90.000000	188.623297	201.222088	135.726294	96.999698	90.000000	0.000000	0.000000	33.627756	356.758037	78.165693	45.109847	219.295835	180.000000	137.930395	132.069605	213.480900	180.000000	213.690619	133.517366	
45.199836	45.004447	171.265395	224.906159	135.880146	134.815074	68.708723	343.628517	315.731813	22.359082	359.999334	0.000000	60.701087	44.979214	223.658867	202.290622	134.999815	220.755214	225.012066	215.976781	134.999996	298.154460	88.478158	90.000000	188.661314	201.401874	135.726294	93.243455	90.000000	0.000000	0.000000	33.627756	356.809139	78.193706	45.091480	219.295835	180.000000	137.930395	132.069605	213.480915	180.000000	213.690619	133.517366	
45.166124	45.004447	171.139099	224.906159	135.799153	134.817523	68.129466	343.614760	315.731813	22.361190	359.999334	0.000000	60.701087	44.979214	223.658867	202.290622	134.999815	220.755391	225.012066	215.976781	134.999996	297.798700	87.999814	90.000000	188.675138	201.569892	135.726294	91.375430	90.000000	0.000000	0.000000	33.627756	356.832429	78.251293	45.082586	219.295835	180.000000	137.930395	132.069605	213.480921	180.000000	213.690619	133.517366	
45.151967	45.004447	171.046713	224.906159	135.762390	134.818710	67.856852	343.617142	315.731813	22.362151	359.999334	0.000000	60.701087	44.979214	223.658867	202.290622	134.999815	220.755471	225.012066	215.976781	134.999996	297.448146	87.565837	90.000000	188.665312	201.725791	135.726294	90.428532	90.000000	0.000000	0.000000	33.627756	356.843046	78.337573	45.078278	219.295835	180.000000	137.930395	132.069605	213.480924	180.000000	213.690619	133.517366	
45.146021	45.004447	170.987570	224.906159	135.745700	134.819285	67.728518	343.635336	315.731813	22.362589	359.999335	0.000000	60.701087	44.979214	223.658867	202.290622	134.999815	220.755508	225.012066	215.976781	134.999996	297.109210	87.172176	90.000000	188.632389	201.869253	135.726294	89.935830	90.000000	0.000000	0.000000	33.627756	356.847888	78.451676	45.076191	219.295835	180.000000	137.930395	132.069605	213.480925	180.000000	213.690619	133.517366	
45.143523	45.004447	170.960918	224.906159	135.738121	134.819564	67.668088	343.669004	315.731813	22.362789	359.999335	0.000000	60.701087	44.979214	223.658867	202.290622	134.999815	220.755524	225.012066	215.976781	134.999996	296.785461	86.816882	90.000000	188.576930	201.999992	135.726294	89.671635	90.000000	0.000000	0.000000	33.627756	356.850097	78.592745	45.075180	219.295835	180.000000	137.930395	132.069605	213.480925	180.000000	213.690619	133.517366	
45.142474	45.004447	170.965956	224.906159	135.734679	134.819700	67.639624	343.717801	315.731813	22.362880	359.999335	0.000000	60.701087	44.979214	223.658867	202.290622	134.999815	220.755532	225.012066	215.976781	134.999996	296.479012	86.498953	90.000000	188.499496	202.117747	135.726294	89.526827	90.000000	0.000000	0.000000	33.627756	356.851105	78.759941	45.074689	220.795003	180.000000	137.930395	132.069605	213.480925	180.000000	213.690619	133.517366	
45.142033	45.004447	171.001851	224.906159	135.733116	134.819765	67.626213	343.781375	315.731813	22.362922	359.999335	0.000000	60.701087	44.979214	223.658867	202.290622	134.999815	220.755535	225.012066	215.976781	134.999996	296.150311	86.217779	90.000000	188.400646	202.222285	135.726294	89.448612	90.000000	0.000000	0.000000	33.627756	356.851565	87.140850	45.074452	221.498550	180.000000	137.930395	132.069605	213.480925	180.000000	213.690619	133.517366	
45.141847	45.004447	171.067753	224.906159	135.732405	134.819797	67.619893	343.859371	315.731813	22.362941	359.999335	0.000000	60.701087	44.979214	223.658867	202.290622	134.999815	220.755537	225.012066	215.976781	134.999996	295.633294	85.972876	90.000000	188.280933	202.313399	135.726294	89.411394	90.000000	0.000000	0.000000	33.627756	356.851775	82.960455	45.074336	221.828798	180.000000	137.930395	132.069605	213.480925	180.000000	213.690619	133.517366	
45.141770	45.004447	171.162806	224.906159	135.732082	134.819813	67.616914	343.951430	315.731813	22.362949	359.999335	0.000000	60.701087	44.979214	223.658867	202.290622	134.999815	220.755537	225.012066	215.976781	134.999996	295.029781	85.763760	90.000000	180.531809	202.390906	135.726294	89.402701	90.000000	0.000000	0.000000	33.627756	356.851871	81.035409	45.074280	221.983851	180.000000	137.930395	132.069605	213.480925	180.000000	213.690619	133.517366	
45.141737	45.004447	171.286156	224.906159	135.731936	134.819820	67.615508	334.620190	315.731813	22.362953	359.999335	0.000000	60.701087	44.979214	223.658867	202.290622	134.999815	220.755538	225.012066	215.976781	134.999996	294.391912	85.589903	90.000000	184.741065	202.454650	135.726294	89.416376	90.000000	0.000000	0.000000	33.627756	356.851914	88.186888	45.074253	222.056665	180.000000	137.930395	132.069605	213.480925	180.000000	213.690619	133.517366	
45.141723	45.004447	171.436962	224.906159	135.731869	134.819824	67.614846	333.708371	315.731813	22.362955	359.999335	0.000000	60.701087	44.979214	223.658867	202.290622	134.999815	220.755538	225.012066	215.976781	134.999996	293.747373	85.450711	90.000000	186.541391	202.504498	135.726294	89.251405	90.000000	0.000000	0.000000	33.627756	356.851934	83.669465	45.074240	222.090866	180.000000	137.930395	132.069605	213.480926	180.000000	213.690619	133.517366	
45.141717	45.004447	178.439657	224.906159	135.731838	134.819826	67.614533	333.294193	315.731813	22.362956	359.999335	0.000000	60.701087	44.979214	223.658867	202.290622	134.999815	220.755538	225.012066	215.976781	134.999996	293.111662	85.345522	90.000000	179.862895	202.540342	135.726294	88.958812	90.000000	0.000000	0.000000	33.627756	356.851944	89.419374	45.074234	222.106935	180.000000	137.930395	132.069605	213.480926	180.000000	213.690619	133.517366	
45.141715	45.004447	174.930795	224.906159	135.731825	134.819827	67.614385	333.106017	315.731813	22.362956	359.999335	0.000000	60.701087	44.979214	223.658867	202.290622	134.999815	220.755538	225.012066	215.976781	134.999996	292.494089	85.273621	90.000000	184.292014	202.562095	135.726294	88.622756	90.000000	0.000000	0.000000	33.627756	356.851948	84.391814	45.074231	222.114486	180.000000	137.930395	132.069605	213.480926	180.000000	213.690619	133.517366	
45.141714	45.004447	180.014432	224.906159	135.731818	134.819827	67.614316	333.020502	315.731813	22.362957	359.999335	0.000000	60.701087	44.979214	223.658867	202.290622	134.999815	220.755538	225.012066	215.976781	134.999996	291.900737	85.234242	90.000000	178.935524	202.569694	135.726294	88.284271	90.000000	0.000000	0.000000	33.627756	356.851950	89.735022	45.074229	222.118035	180.000000	137.930395	132.069605	213.480926	180.000000	213.690619	133.517366	
45.141713	45.004447	175.756220	224.906159	135.731816	134.819827	67.614283	332.981633	315.731813	22.362957	359.999335	0.000000	60.701087	44.979214	223.658867	202.290622	134.999815	220.755538	225.012066	215.976781	134.999996	291.335923	85.226587	90.000000	183.784586	202.563096	135.726294	87.963399	90.000000	0.000000	0.000000	33.627756	356.851951	92.296835	45.074228	222.119704	180.000000	137.930395	132.069605	213.480926	180.000000	213.690619	133.517366	
45.141713	45.003305	180.313285	224.906159	135.731814	134.819827	67.614267	332.963962	315.731813	22.362957	359.999335	0.000000	60.701087	44.979214	223.658867	202.290622	134.999815	220.755538	225.012066	215.976781	134.999996	290.802928	85.249831	90.000000	178.775909	202.542281	135.726294	87.669884	90.000000	0.000000	0.000000	33.627756	356.851951	85.959542	45.074228	222.120489	180.000000	137.930395	132.069605	213.480926	180.000000	213.690619	133.517366	
45.141713	45.002752	176.021554	224.906159	135.731814	134.819827	67.614260	332.955925	315.731813	22.362957	359.999335	0.000000	60.701087	44.979214	223.658867	202.290622	134.999815	220.755538	225.012066	215.976781	134.999996	290.304355	85.303135	90.000000	176.581436	202.507245	135.726294	87.408375	90.000000	0.000000	0.000000	33.627756	356.851951	90.421665	45.074228	222.120858	180.000000	137.930395	132.069605	213.480926	180.000000	213.690619	133.517366	
45.141713	45.002485	180.372141	224.906159	135.731813	134.819827	67.614256	332.952270	315.731813	22.362957	359.999335	0.000000	60.701087	44.979214	223.658867	202.290622	134.999815	220.755538	225.012066	215.976781	134.999996	289.842307	92.637926	90.000000	182.601661	202.458005	135.726294	87.180959	90.000000	0.000000	0.000000	33.627756	356.851951	92.573851	45.074228	222.121032	180.000000	137.930395	132.069605	213.480926	180.000000	213.690619	133.517366	
45.141713	45.002355	182.418992	224.906159	135.731813	134.819827	67.614255	332.950607	315.731813	22.362957	359.999335	0.000000	60.701087	44.979214	223.658867	202.290622	134.999815	220.755538	225.012066	215.976781	134.999996	289.418486	88.861077	90.000000	178.365945	202.394594	135.726294	86.988408	90.000000	0.000000	0.000000	33.627756	356.851951	93.581994	45.074228	222.121113	180.000000	137.930395	132.069605	213.480926	180.000000	213.690619	133.517366	
45.141713	45.002292	183.337426	224.906159	135.731813	134.819827	67.614254	332.949850	315.731813	22.362957	359.999335	0.000000	60.701087	44.979214	223.658867	202.290622	134.999815	220.755538	225.012066	215.976781	134.999996	289.034234	87.068748	90.000000	176.499948	202.317062	135.726294	86.830800	90.000000	0.000000	0.000000	33.627756	356.851951	94.028637	45.074228	222.121152	180.000000	137.930395	132.069605	213.480926	180.000000	213.690619	133.517366	
45.141713	45.002262	183.708384	224.906159	135.731813	134.819827	67.614253	332.949506	315.731813	22.362957	359.999335	0.000000	60.701087	44.984818	223.658867	202.290622	134.999815	220.755538	225.012066	215.976781	134.999996	288.690571	93.344133	90.000000	175.714524	202.225472	135.726294	86.707832	90.000000	0.000000	0.000000	33.627756	356.851951	94.204965	45.074228	222.121170	180.000000	137.930395	132.069605	213.480926	180.000000	213.690619	133.517366	
45.141713	45.002247	183.819203	224.906159	135.731813	134.819827	67.614253	332.949349	315.731813	22.362957	359.999335	0.000000	60.701087	44.987361	223.658867	202.290622	134.999815	220.755538	225.012066	218.412783	134.999996	288.388222	89.269313	90.000000	175.417319	202.119905	135.726294	86.618979	90.000000	0.000000	0.000000	33.627756	356.851951	94.256592	45.074228	222.121179	180.000000	137.930395	132.069605	213.480926	180.000000	213.690619	133.517366	
45.141713	45.002240	183.812125	224.906159	135.731813	134.819827	67.614253	332.949278	315.731813	22.362957	359.999335	0.000000	60.701087	44.988515	223.658867	202.290622	134.999815	220.755538	225.012066	219.517918	134.999996	288.127632	94.308892	90.000000	175.335942	202.000449	135.726294	86.563585	90.000000	0.000000	0.000000	33.627756	356.851951	94.256370	45.074228	222.121183	180.000000	137.930395	132.069605	213.480926	180.000000	213.690619	133.517366	
45.141713	45.002236	183.757647	224.906159	135.731813	134.819827	67.614253	332.949245	315.731813	22.362957	359.999335	0.000000	60.701087	44.989038	223.658867	202.290622	134.999815	220.755538	225.012066	220.019426	134.999996	287.908997	89.782990	90.000000	175.345063	201.867209	135.726294	86.540909	90.000000	0.000000	0.000000	33.627756	356.851951	90.437285	45.074228	222.121184	180.000000	137.930395	132.069605	213.480926	180.000000	213.690619	133.517366	
45.141713	45.002235	192.395548	224.906159	135.731813	134.819827	67.614253	332.949230	315.731813	22.362957	359.999335	0.000000	60.701087	44.989276	223.658867	202.290622	134.999815	220.755538	225.012066	220.247057	134.999996	287.732287	94.474134	90.000000	166.518472	201.720298	135.726294	86.550162	90.000000	0.000000	0.000000	33.627756	356.851951	88.574809	45.074228	222.121185	180.000000	137.930395	132.069605	213.480926	180.000000	213.690619	133.517366	
45.141713	45.002234	190.555751	224.906159	135.731813	134.819827	67.614253	332.949224	315.731813	22.362957	359.999335	0.000000	60.701087	44.989384	223.658867	202.290622	134.999863	220.755538	225.012066	220.350398	134.999996	287.597270	96.688922	90.000000	169.296840	201.559836	135.726294	86.590518	90.000000	0.000000	0.000000	33.627756	356.851951	87.405337	45.074228	222.121186	180.000000	137.930395	132.069605	213.480926	180.000000	213.690619	133.917492	
45.141713	45.002233	195.554410	224.906159	135.731813	134.819827	67.614253	332.949221	315.731813	22.362957	359.999335	0.000000	60.701087	44.989433	223.658867	202.290622	134.999885	220.755538	225.012066	220.397323	134.999996	287.503541	91.011566	90.000000	163.919113	201.385955	135.726294	86.661138	90.000000	0.000000	0.000000	33.627756	356.851951	86.581424	45.074228	222.121186	180.000000	137.930395	132.069605	213.480926	180.000000	213.690619	134.099024	
45.141713	45.002233	192.091709	224.906159	135.731813	134.819827	67.614253	332.949219	315.731813	22.362957	359.999335	0.000000	60.701087	44.989455	223.658867	202.290622	134.999897	220.755538	225.012066	220.418636	134.999996	287.450545	94.931815	90.000000	168.136377	200.075490	135.726294	92.765881	90.000000	0.000000	0.000000	33.627756	356.851951	85.945616	45.074228	222.121186	180.000000	137.930395	132.069605	213.480926	180.000000	213.690619	134.181399	
45.141713	45.002233	196.130887	224.906159	135.731813	134.819827	67.614253	332.949218	315.731813	22.362957	359.999335	0.000000	60.701087	44.989465	223.658867	202.290622	134.999902	220.755538	225.012066	220.428317	134.999996	287.437605	96.795673	90.000000	163.553566	199.444210	135.726294	89.634171	90.000000	0.000000	0.000000	33.627756	356.851951	85.420872	45.074228	222.121186	180.000000	137.930395	132.069605	213.480926	180.000000	213.690619	134.218786	
45.141713	45.002233	192.398614	224.906159	135.731813	134.819827	67.614253	332.949218	315.731813	22.362957	359.999335	0.000000	60.701087	44.989470	223.658867	202.290622	134.999905	220.755538	225.012066	220.432716	134.999996	287.463944	97.645236	90.000000	167.963292	199.110528	135.726294	94.044575	90.000000	0.000000	0.000000	33.627756	356.851951	84.969402	45.074228	222.121186	180.000000	137.930395	132.069605	213.480926	180.000000	213.690619	134.235758	
45.141713	45.002233	196.090110	224.906159	135.731813	134.819827	67.614253	332.949218	315.731813	22.362957	359.999335	0.000000	60.701087	44.989472	223.658867	202.290622	134.999906	220.755538	225.012066	220.434715	134.999996	287.528708	97.999618	90.000000	163.721906	198.903334	135.726294	90.261276	90.000000	0.000000	0.000000	33.627756	356.851951	84.572620	45.074228	222.121186	180.000000	137.930395	132.069605	213.480926	180.000000	213.690619	134.243464	
45.141713	45.002233	197.592165	224.906159	135.731813	134.819827	67.614253	332.949218	315.731813	22.362957	359.999335	0.000000	60.701087	44.989473	223.658867	202.290622	134.999906	220.755538	225.012066	220.435624	134.999996	287.630987	98.117578	90.000000	162.067005	198.746198	135.726294	94.211143	90.000000	0.000000	0.000000	33.627756	356.851951	84.221323	45.074228	222.121186	180.000000	137.930395	132.860428	213.480926	180.000000	213.690619	134.246964	
45.141713	45.002233	198.016139	224.906159	135.731813	134.819827	67.614253	332.949218	315.731813	22.362957	359.999335	0.000000	60.701087	44.989473	223.658867	202.290622	134.999907	220.755538	225.012066	220.436037	134.999996	287.769830	98.128212	90.000000	161.605014	198.605165	135.726294	90.408357	90.000000	0.000000	0.000000	33.627756	356.851951	83.910875	45.074228	222.121186	180.000000	137.930395	133.219214	213.480926	180.000000	213.690619	134.248553	
45.141713	45.002233	197.910042	224.906159	135.731813	134.819827	67.614253	332.949218	315.731813	22.362957	359.999335	0.000000	60.701087	44.989474	223.658867	202.290622	134.999907	220.755538	225.012066	220.436225	134.999996	287.944264	93.599393	90.000000	161.693272	198.465269	135.726294	94.178933	90.000000	0.000000	0.000000	33.627756	356.851951	83.638827	45.074228	222.121186	180.000000	137.930395	133.382022	213.480926	180.000000	213.690619	134.249276	
45.141713	45.002233	197.545990	224.906159	135.731813	134.819827	67.614253	332.949218	315.731813	22.362957	359.999335	0.000000	60.701087	44.989474	223.658867	202.290622	134.999907	220.755538	225.012066	220.436310	134.999996	288.153309	91.386423	90.000000	162.033629	198.320010	135.726294	95.927443	90.000000	0.000000	0.000000	33.627756	357.558154	83.403758	45.074228	222.121186	180.000000	137.930395	133.455915	213.480926	180.000000	213.690619	134.249604	
45.141713	45.002233	197.060597	224.906159	135.731813	134.819827	67.614253	332.949218	315.731813	22.362957	359.999335	0.000000	60.701087	44.989474	223.658867	202.290622	134.999907	220.755538	225.012066	220.436349	134.999996	288.395982	90.292595	90.000000	162.486456	198.166648	135.726294	96.689376	90.000000	0.000000	0.000000	33.627756	357.879708	83.204700	45.074228	222.121186	180.000000	137.930395	133.489460	213.480926	180.000000	213.690619	134.249753	
45.141713	45.002233	196.523533	224.906159	135.731813	134.819827	67.614253	332.949218	315.731813	22.362957	359.999335	0.000000	60.701087	44.989474	223.658867	202.290622	134.999907	220.755538	225.012066	220.436367	134.999996	288.671316	89.491503	90.000000	162.985461	198.004112	135.726294	96.975236	90.000000	0.000000	0.000000	33.627756	358.026161	83.040863	45.074228	222.121186	180.000000	137.930395	133.504690	213.480926	180.000000	213.690619	134.249821	
45.141713	45.002233	195.971131	224.906159	135.731813	134.819827	67.614253	332.949218	315.731813	22.362957	359.999492	0.000000	60.701087	44.989474	223.658867	202.290622	134.999907	220.755538	225.012066	220.436375	134.999996	288.978362	88.851376	90.000000	163.498505	197.832067	135.726294	97.036925	90.000000	0.000000	0.000000	33.627756	358.092882	82.911511	45.074228	222.121186	180.000000	137.930395	133.511607	213.480926	180.000000	213.690619	134.249852	
45.141713	45.002233	195.422966	224.906159	135.731813	134.819827	67.614253	332.949218	315.731813	22.362957	359.999559	0.000000	60.701087	44.989474	223.658867	202.290622	134.999907	220.755538	225.012066	220.436379	134.999996	295.358455	88.308304	90.000000	164.009485	197.650503	135.726294	93.240684	90.000000	0.000000	0.000000	33.627756	358.123287	82.815900	45.074228	222.121186	180.000000	137.930395	133.514749	213.480926	180.000000	213.690619	134.249866	
45.141713	45.002233	194.890075	224.906159	135.731813	134.819827	61.659338	332.949218	315.731813	22.362957	359.999587	0.000000	60.701087	44.989474	223.658867	202.290622	134.999907	220.755538	225.012066	220.436380	134.999996	292.690424	87.831262	90.000000	164.509909	197.459553	135.726294	91.357965	90.000000	0.000000	0.000000	33.627756	358.137146	82.753263	45.074228	222.121186	180.000000	137.930395	133.516177	213.480926	180.000000	213.690619	134.249872	
45.141713	45.002233	194.379068	224.906159	135.731813	134.819827	58.865047	332.949218	315.731813	22.362957	359.999598	0.000000	60.701087	44.989474	223.658867	202.290622	134.999907	220.755538	225.012066	220.436381	134.999996	291.482619	87.405183	90.000000	164.994943	197.259414	135.726294	90.408335	90.000000	0.000000	0.000000	33.627756	358.143465	82.722803	45.074228	222.121186	180.000000	137.930395	133.516825	213.480926	180.000000	213.690619	134.249875	
45.141713	45.002233	193.894186	224.906159	135.731813	134.819827	57.552977	332.949218	315.731813	22.362957	359.999603	0.000000	60.701087	44.989474	223.658867	202.290622	134.999907	220.755538	225.012066	220.436381	134.999996	296.759503	87.022733	90.000000	165.461559	197.050309	135.726294	89.918501	90.000000	0.000000	0.000000	33.627756	358.146347	82.723698	45.074228	222.121186	180.000000	137.930395	133.517120	213.480926	180.000000	213.690619	134.249876	
45.141713	45.002233	193.438342	224.906159	135.731813	134.819827	56.936691	332.949218	315.731813	22.362957	359.999605	0.000000	60.701087	44.989474	223.658867	202.290622	134.999907	221.909159	225.012066	220.436382	134.999996	293.889612	86.680298	90.000000	165.907662	196.832471	135.726294	89.659755	90.000000	0.000000	0.000000	33.627756	358.147662	82.755108	45.074228	222.121186	180.000000	137.930395	133.517254	213.480926	180.000000	213.690619	134.249877	
45.141713	45.002233	193.013651	224.906159	135.731813	134.865960	56.647148	332.949218	315.731813	22.362957	359.999606	0.000000	60.701087	44.989474	223.658867	202.290622	134.999907	222.432615	225.012066	220.436382	134.999996	308.597829	86.376014	90.000000	166.331669	196.606138	135.726294	89.521545	90.000000	0.000000	0.000000	33.627756	358.148263	82.816184	45.074228	222.121186	180.000000	137.930395	133.517315	216.789297	180.000000	213.690619	134.249877	
45.141713	45.002233	192.621700	224.906159	135.731813	134.888293	56.511082	332.949218	315.731813	22.362957	359.999607	0.000000	60.701087	44.989474	223.658867	202.290622	134.999907	222.670183	225.012066	220.436382	134.999996	316.369725	86.108813	90.000000	166.732318	196.371547	135.726294	89.450402	90.000000	0.000000	0.000000	33.627756	358.148536	82.906072	45.074228	222.121186	180.000000	137.930395	133.517343	218.178167	180.000000	213.690619	134.249877	
45.141713	45.002233	192.263690	224.906159	135.731813	134.899108	56.447125	332.949218	315.731813	22.362957	359.999607	0.000000	60.701087	44.989474	223.658867	202.290622	134.999907	222.778025	225.012066	220.436382	134.999997	320.421744	85.877957	90.000000	167.108572	196.128931	135.726294	89.420413	90.000000	0.000000	0.000000	33.627756	358.148662	90.654999	45.074228	222.121186	180.000000	137.930395	133.517355	218.761454	180.000000	213.690619	134.249877	
45.141713	45.002233	191.940512	224.906159	135.731813	134.904345	56.417055	332.949218	315.731813	22.362957	359.999607	0.000000	60.701087	44.989474	223.658867	202.290622	134.999907	222.826988	225.012066	220.436382	134.999998	322.488661	85.682818	90.000000	167.459575	195.878523	135.726294	89.418953	90.000000	0.000000	0.000000	33.627756	358.148719	86.708179	45.055201	222.121186	180.000000	137.930395	133.517361	219.006468	180.000000	213.690619	134.249877	
45.141713	45.002233	191.652798	224.906159	135.731813	134.906883	56.402915	332.949218	315.731813	22.362957	359.999607	0.000000	60.701087	44.989474	223.658867	202.290622	134.999907	222.849223	225.012066	220.436382	134.999998	323.500157	85.522774	90.000000	167.784627	195.620547	135.726294	89.386734	90.000000	0.000000	0.000000	33.627756	358.148745	84.852439	45.045989	222.121186	167.844020	137.930395	133.517364	219.109407	180.000000	213.690619	134.249877	
45.141713	45.002233	191.400944	224.906159	135.731813	134.908112	56.396263	332.949218	315.731813	22.362957	359.999607	0.000000	60.701087	44.989474	223.658867	202.290622	134.999907	222.859323	225.012066	220.436382	134.999998	323.953419	85.397172	90.000000	168.083173	195.355225	135.726294	89.148113	90.000000	0.000000	0.000000	33.627756	358.148757	91.476572	45.041529	222.121186	162.336038	137.930395	133.517365	219.152661	180.000000	213.690619	134.249877	
45.141713	45.002233	191.185145	224.906159	135.731813	134.908708	56.393133	332.949218	315.731813	22.362957	359.999607	0.000000	60.701087	44.989474	223.658867	202.290622	134.999907	222.863911	225.012066	220.436382	134.999998	324.114264	85.305310	90.000000	168.354791	195.082773	135.726294	88.827717	90.000000	0.000000	0.000000	33.627756	358.148762	87.213636	45.039368	222.121186	159.833836	137.930395	133.517366	219.170840	180.000000	213.690619	134.249877	
45.141713	45.002233	191.005408	224.906159	135.731813	134.908997	56.391660	332.949218	315.731813	22.362957	359.999607	0.000000	60.701087	44.989474	223.658867	202.290622	134.999907	222.865996	225.012066	220.436382	134.999998	324.124904	85.246445	90.000000	168.599185	201.296677	135.726294	88.486199	90.000000	0.000000	0.000000	33.627756	358.148765	92.535918	45.038321	222.121186	158.696313	137.930395	133.517366	219.178482	180.000000	213.690619	134.249877	
45.141713	45.002233	190.861578	224.906159	135.731813	134.909137	56.390967	332.949218	315.731813	22.362957	359.999607	0.000000	60.701087	44.989474	223.658867	202.290622	134.999907	222.866944	225.012066	220.436382	134.999998	324.061542	85.219792	90.000000	168.816178	203.858322	135.726294	88.153164	90.000000	0.000000	0.000000	33.627756	358.148766	87.796289	45.037814	222.121186	158.179013	137.930395	133.517366	219.181694	180.000000	213.690619	134.249877	
45.141713	45.002233	190.753356	224.906159	135.533603	134.909205	56.390640	332.949218	315.731813	22.362957	359.999607	0.000000	60.701087	44.989474	223.658867	202.290622	134.999907	222.867375	225.012066	220.436382	134.999998	323.965129	85.224537	90.000000	169.005703	204.799075	135.726294	87.843061	90.000000	0.000000	0.000000	33.627756	358.148766	92.748575	45.037568	222.121186	157.943705	137.930395	133.517366	219.183045	180.000000	213.690619	134.249877	
45.141713	45.002233	190.680320	224.906159	135.443671	134.909238	56.390486	332.949218	315.731813	22.362957	359.999607	0.000000	60.701087	44.989474	223.658867	202.290622	134.999907	222.867571	225.012066	220.436382	134.999998	323.857785	85.259849	90.000000	169.167789	205.019000	135.726294	87.562877	90.000000	0.000000	0.000000	33.627756	358.148767	95.098636	45.037449	222.121186	157.836643	137.930395	133.517366	219.183613	180.000000	213.690619	134.249877	
45.141713	45.002233	190.641943	224.906159	135.402858	134.909254	56.390414	332.949218	315.731813	22.362957	359.999607	0.000000	60.701087	44.989474	223.658867	202.290622	134.999907	222.867660	225.012066	220.436382	134.999998	323.751573	85.324884	90.000000	169.302561	204.915478	135.726294	87.315880	90.000000	0.000000	0.000000	33.627756	358.148767	89.140680	45.037391	222.121186	157.787919	137.930395	133.517366	219.183852	180.000000	213.690619	134.249877	
45.141713	45.002233	190.637613	224.906159	135.384334	134.909262	56.390380	332.949218	315.731813	22.362957	359.999607	0.000000	60.701087	44.989474	223.658867	202.290622	134.999907	222.867700	225.012066	220.436382	134.999998	323.653175	92.643277	90.000000	169.410221	204.663346	135.726294	87.103452	90.000000	0.000000	0.000000	33.627756	358.148767	93.279590	45.037363	222.879368	157.765738	137.930395	133.517366	219.183953	180.000000	213.690619	134.249877	
45.141713	45.002233	190.666649	224.906159	135.375924	134.909266	56.390364	332.949218	315.731813	22.362957	359.999607	0.000000	60.701087	44.989474	223.658867	202.290622	134.999907	222.867719	225.012066	220.436382	134.999998	323.566400	88.891090	90.000000	169.491043	204.339344	135.726294	86.926001	90.000000	0.000000	0.000000	33.627756	358.148767	95.256494	45.037350	223.235195	157.755639	137.930395	133.517366	219.183995	180.000000	213.690619	134.249877	
45.141713	45.002233	190.728315	224.906159	135.372105	134.909267	56.390356	328.102745	315.731813	22.362957	359.999607	0.000000	60.701087	44.989474	223.658867	202.290622	134.999907	222.867727	225.012066	220.436382	134.999998	323.493510	87.116766	90.000000	169.545364	203.977132	135.726294	86.783403	90.000000	0.000000	0.000000	33.627756	358.148767	96.165441	45.037343	223.402226	157.751039	137.930395	133.517366	219.184013	180.000000	213.690619	134.249877	
45.141713	45.002233	190.821839	224.906159	135.370371	134.909268	56.390352	325.904397	315.731813	22.362957	359.999607	0.000000	60.701087	44.989474	223.658867	202.290622	134.999907	222.867731	225.012066	220.436382	134.999998	323.435935	93.371442	90.000000	169.573573	195.106850	135.726294	86.675244	90.000000	0.000000	0.000000	33.627756	358.148767	96.551944	45.037340	223.480650	157.748944	137.930395	133.517366	219.184021	180.000000	213.690619	134.249877	
45.141713	45.002233	190.946421	224.906159	135.369583	134.909269	56.390351	324.906669	315.731813	22.362957	359.999607	0.000000	60.701087	44.989474	223.658867	202.290622	134.999907	222.867733	225.012066	220.436382	134.999998	323.394649	89.326240	90.000000	169.576103	199.686279	135.726294	86.600931	90.000000	0.000000	0.000000	33.627756	358.148767	96.688158	45.037338	223.517480	157.747989	137.930395	133.517366	219.184024	180.000000	213.690619	134.249877	
45.141713	45.002233	191.101249	224.906159	135.369225	134.909269	56.390350	324.453722	315.731813	22.362957	359.999607	0.000000	60.701087	44.989474	223.658867	202.290622	134.999907	222.867734	225.012066	220.436382	134.999998	323.370371	94.346716	90.000000	169.553423	193.054716	135.726294	86.559767	90.000000	0.000000	0.000000	33.627756	358.148767	96.709956	45.037338	223.534780	157.747553	137.930395	133.517366	219.184025	180.000000	213.690619	134.249877	
45.100966	45.002233	191.285504	224.906159	135.369062	134.909269	56.390350	324.248050	315.731813	22.362957	359.999607	0.000000	60.701087	44.989474	223.658867	202.290622	134.999907	222.867734	225.012066	220.436382	134.999998	323.363667	89.855402	90.000000	169.506027	198.471965	135.726294	86.550986	90.000000	0.000000	0.000000	33.627756	358.148767	92.498615	45.037337	223.542908	157.747355	137.930395	133.517366	219.184026	180.000000	213.690619	134.249877	
45.083857	45.001661	191.498374	224.906159	135.368988	134.909269	56.390349	324.154639	315.731813	22.362957	359.999607	0.000000	60.701087	44.989474	223.658867	202.290622	134.999907	222.867734	225.012066	220.436382	134.999998	323.375008	94.525387	90.000000	169.434436	192.403140	135.726294	86.573782	90.000000	0.000000	0.000000	33.627756	358.148767	90.434387	45.037337	223.546727	157.747264	137.930395	133.517366	219.184026	180.000000	213.690619	134.249877	
45.076672	45.001383	191.739055	224.906159	135.368955	134.909269	56.390349	324.112205	315.731813	22.362957	359.999607	0.000000	60.701087	44.989474	223.658867	202.290622	134.999907	222.867734	225.012066	220.436382	134.999998	323.404796	96.733182	90.000000	169.339179	197.827363	135.726294	86.627320	90.000000	0.000000	0.000000	33.627756	358.148767	89.421217	45.037337	223.548523	157.747223	137.930395	133.517366	219.184026	180.000000	213.690619	134.249877	
45.073654	45.001249	192.006762	224.906159	135.368939	134.909269	56.390349	324.092925	315.731813	22.362957	359.999607	0.000000	60.701087	44.989474	223.658867	202.290622	134.999907	222.867734	225.012066	220.436382	134.999998	323.453375	91.102177	90.000000	169.220799	191.989794	135.726294	92.765828	90.000000	0.000000	0.000000	33.627756	358.148767	88.732487	45.037337	223.549367	157.747204	137.930395	133.517366	219.184026	180.000000	213.690619	134.249877	
45.072386	45.001184	192.300731	224.906159	135.368932	134.909269	56.390349	324.084162	315.731813	22.362957	359.999607	0.000000	60.701087	44.989474	223.658867	202.290622	134.999907	222.867734	225.012066	220.436382	134.999998	323.521034	95.000938	90.000000	169.079841	189.309199	135.726294	89.591749	90.000000	0.000000	0.000000	33.627756	358.148767	88.141795	45.037337	223.549764	157.747196	137.930395	133.517366	219.184026	180.000000	213.690619	134.249877	
45.071853	45.001153	192.620224	224.906159	135.368929	134.909269	56.390349	324.080179	315.731813	22.362957	359.999607	0.000000	60.701087	44.989474	223.658867	202.290622	134.999907	222.867734	225.012066	220.436382	134.999998	323.608010	96.857400	90.000000	168.916850	188.081596	135.726294	88.118096	90.000000	0.000000	0.000000	33.627756	358.148767	87.616999	45.037337	223.549951	157.747192	137.930395	133.517366	219.184026	180.000000	213.690619	134.249877	
45.071629	45.001137	192.964530	224.906159	135.368928	134.909269	56.390349	324.078368	315.731813	22.362957	359.999607	0.000000	60.701087	44.989474	223.658867	202.290622	134.999907	222.867734	225.012066	220.436382	134.999998	323.714483	97.706424	90.000000	168.732367	187.518302	135.726294	93.302842	90.000000	0.000000	0.000000	33.627756	358.148767	87.142706	45.037337	223.550038	157.747190	137.930395	133.517366	219.184026	180.000000	213.690619	134.249877	
45.071535	45.001130	193.332970	224.906159	135.368927	134.909269	56.390349	324.077545	315.731813	22.362957	359.999607	0.000000	60.701087	44.989474	223.658867	202.290622	134.999907	222.867734	225.012066	220.436382	134.999998	323.840573	98.063631	90.000000	168.526924	187.253994	135.726294	89.957033	90.000000	0.000000	0.000000	33.627756	358.148767	86.711594	45.037337	223.550080	157.747189	137.930395	133.517366	219.184026	180.000000	213.690619	134.249877	
45.071495	45.001126	201.510144	224.906159	135.368927	134.909269	56.390349	324.077170	315.731813	22.362957	359.999607	0.000000	60.701087	44.989474	223.658867	202.290622	134.999907	222.867734	225.012066	220.436382	134.999998	323.986336	98.186095	90.000000	168.301046	187.119556	135.726294	94.072295	90.000000	0.000000	0.000000	33.627756	358.148767	86.320197	45.037337	223.550099	157.747189	137.930395	133.517366	219.184026	180.000000	213.690619	134.249877	
45.071479	45.001125	197.912760	224.906159	135.368927	134.909269	56.390349	324.077000	315.731813	22.362957	359.999607	0.000000	60.701087	44.989474	223.658867	202.290622	134.999907	222.867734	225.012066	220.436382	134.999998	324.151757	93.743601	77.844020	168.055243	187.036776	135.726294	95.972344	90.000000	0.000000	0.000000	33.627756	358.148767	85.966847	45.037337	223.550108	157.747189	137.930395	133.517366	219.184026	180.000000	213.690619	134.249877	
45.071472	45.001124	196.305461	224.906159	135.368927	134.909269	56.390349	324.076922	315.731813	22.362957	359.999607	0.000000	60.701087	44.989474	223.658867	202.290622	134.999907	222.867734	225.012066	220.436382	134.999998	324.336753	91.564092	72.336038	167.790012	186.969543	135.726294	91.307658	90.000000	0.000000	0.000000	33.627756	358.561993	85.650682	45.037337	223.550113	157.747188	137.930395	133.517366	219.184026	180.000000	213.690619	134.249877	
45.071469	45.001123	203.182904	224.906159	135.368926	134.909269	56.390349	324.076887	315.731813	22.362957	359.999607	0.000000	60.701087	44.989474	223.658867	202.290622	134.999931	222.867734	225.012066	220.436382	134.999998	329.241608	90.491016	69.833836	167.505833	186.901220	135.726294	94.531634	90.000000	0.000000	0.000000	33.627756	358.750124	85.371156	45.037337	223.550115	157.747188	137.930395	133.517366	219.184026	180.000000	213.690619	134.249877	
45.071468	45.001123	199.268443	224.906159	135.368926	134.909269	56.390349	324.076871	315.731813	22.362957	359.999607	0.000000	60.701087	44.989474	223.658867	202.290622	134.999942	222.867734	225.012066	220.436382	134.999998	331.686880	89.882918	68.696313	167.203172	175.726566	135.726294	96.026729	90.000000	0.000000	0.000000	33.627756	358.835798	85.127812	45.037337	223.550116	157.747188	137.930395	133.517366	219.184026	180.000000	213.690619	134.249877	
45.071467	45.001123	204.792852	224.906159	135.368926	134.909269	56.390349	324.076863	315.731813	22.362957	359.999607	0.000000	60.701087	44.992337	223.658867	202.290622	134.999948	222.867734	225.012066	221.671845	134.999998	332.929318	89.324512	68.179013	166.882474	170.460138	135.726294	96.678878	90.000000	0.000000	0.000000	33.627756	358.874824	84.920183	45.037337	223.550116	157.747188	137.930395	133.517366	219.184026	180.000000	213.690619	134.249877	
45.071467	45.001123	200.417654	224.906159	135.368926	134.909269	56.390349	324.076860	315.731813	22.362957	359.999607	0.000000	60.701087	44.993637	223.658867	202.290622	134.999950	222.867734	225.012066	222.232390	134.999998	333.590843	88.808027	67.943705	157.790356	177.017223	135.726294	96.925503	90.000000	0.000000	0.000000	33.627756	358.892605	84.747741	45.037337	223.550116	157.747188	137.930395	133.517366	219.184026	180.000000	213.690619	134.249877	
45.071467	45.001123	205.495775	224.906159	135.368926	134.909269	56.390349	324.076859	315.731813	22.362957	359.999607	0.000000	60.701087	44.994226	223.658867	202.290622	134.999952	222.867734	225.012066	222.486771	134.999998	333.977836	88.330083	67.836643	162.207311	171.883535	135.726294	93.175822	90.000000	0.000000	0.000000	33.627756	358.900710	84.609891	45.037337	223.550117	157.747188	137.930395	133.517366	219.184026	180.000000	213.690619	134.249877	
45.071467	45.001123	208.480201	224.906159	135.368926	134.909269	56.390349	324.076858	315.731813	22.362957	359.999607	0.000000	60.701087	44.994494	223.658867	202.290622	134.999952	222.867734	225.012066	222.602234	134.999998	334.240336	87.889324	67.787919	164.108203	169.710682	135.726294	91.320061	90.000000	0.000000	0.000000	33.627756	358.904405	84.505972	45.037337	223.550117	157.747188	137.930395	133.517366	219.184026	180.000000	213.690619	134.249877	
45.071467	45.001123	203.023398	224.906159	135.368926	134.909269	56.390349	324.076858	315.731813	22.362957	359.999607	0.000000	60.701087	44.994616	223.658867	202.290622	134.999953	222.867734	225.012066	222.654653	134.999998	334.451271	87.485274	67.765738	156.330989	168.947896	135.726294	90.387681	90.000000	0.000000	0.000000	33.627756	358.906089	84.435264	45.037337	223.550117	157.747188	137.930395	133.517366	219.184026	180.000000	213.690619	134.452272	
45.071467	45.001123	207.178134	224.906159	135.368926	134.909269	56.390349	324.076857	315.731813	22.362957	359.999607	0.000000	60.701087	44.994671	223.658867	202.290622	134.999953	222.867734	225.012066	222.678456	134.999998	334.645723	87.117792	67.755639	161.080476	168.855438	135.726294	89.910226	90.000000	0.000000	0.000000	33.627756	358.906858	84.396999	45.037337	223.550117	157.747188	137.930395	133.517366	219.184026	180.000000	213.690619	134.544096	
45.071467	45.001123	209.209242	224.906159	135.368926	134.909269	56.390349	324.076857	315.731813	22.362957	359.999700	0.000000	60.701087	44.994696	223.658867	202.290622	134.999953	222.867734	225.012066	222.689267	134.999998	334.840285	86.786805	67.751039	154.806532	169.079107	135.726294	89.661378	90.000000	0.000000	0.000000	33.627756	358.907209	84.390376	45.037337	223.550117	157.747188	137.930395	133.517366	219.184026	180.000000	213.690619	134.585763	
45.071467	45.001123	210.175875	224.906159	135.368926	134.909269	56.390349	324.076857	315.731813	22.362957	359.999740	0.000000	60.701087	44.994707	223.658867	202.290622	134.999953	222.867734	225.012066	222.694178	134.999998	335.042563	86.492195	67.748944	160.082803	169.448157	135.726294	89.531774	90.000000	0.000000	0.000000	33.627756	358.907369	84.414568	45.037337	223.550117	157.747188	137.930395	133.517366	219.184026	180.000000	213.690619	134.604675	
45.071467	45.001123	210.614356	224.906159	135.368926	134.909269	56.390349	324.076857	315.731813	22.362957	359.999756	0.000000	60.701087	44.994712	223.658867	202.290622	134.999953	222.867734	225.012066	222.696409	134.999998	335.255809	86.233748	67.747989	154.238481	169.879447	135.726294	89.468536	90.000000	0.000000	0.000000	33.627756	358.907442	84.468732	45.037337	223.550117	157.747188	137.930395	133.517366	219.184026	180.000000	213.690619	134.613259	
45.071467	45.001123	210.795578	224.906159	135.368926	134.909269	56.390349	324.076857	315.731813	22.362957	359.999763	0.000000	60.701087	44.994715	223.658867	202.290622	134.999953	222.867734	225.012066	222.697423	134.999998	335.481176	86.011137	67.747553	159.495468	170.331907	135.726294	89.446041	90.000000	0.000000	0.000000	33.627756	358.907475	91.962727	45.037337	223.550117	157.747188	137.930395	133.517366	219.184026	180.000000	213.690619	134.617157	
45.071467	45.001123	210.856029	224.906159	135.368926	134.909269	56.390349	324.076857	315.731813	22.362957	359.999766	0.000000	60.701087	44.994716	223.658867	202.290622	134.999953	222.867734	225.012066	222.697884	134.999998	330.109138	85.823930	67.747355	153.842127	170.784794	135.726294	89.451806	90.000000	0.000000	0.000000	33.627756	358.907491	88.102758	45.037337	223.550117	157.747188	137.930395	133.917492	219.184026	180.000000	213.690619	134.618927	
45.071467	45.001123	210.864313	224.906159	135.368926	134.909269	56.390349	324.076857	315.731813	22.362957	359.999767	0.000000	60.701087	44.994716	223.658867	202.290622	134.999953	222.867734	225.012066	222.698094	134.999998	327.551964	85.671595	67.747264	150.998565	171.227279	135.726294	89.318999	90.000000	0.000000	0.000000	33.627756	358.907498	86.270439	45.037337	223.550117	157.747188	137.930395	134.099024	219.184026	180.000000	213.690619	134.619731	
45.071467	45.001123	210.854822	224.906159	135.368926	134.909269	56.390349	324.076857	315.731813	22.362957	359.999768	0.000000	60.701087	44.994717	223.658867	202.290622	134.999953	222.867734	225.012066	222.698189	134.999998	326.402656	85.553514	67.747223	157.482265	171.653418	135.726294	89.039306	90.000000	0.000000	0.000000	33.627756	358.907501	92.686566	45.037337	223.550117	157.747188	137.930395	134.181399	219.184026	180.000000	213.690619	134.620097	
45.071467	45.001123	210.844741	224.906159	135.368926	134.909269	53.389249	324.076857	315.731813	22.362957	359.999768	0.000000	60.701087	44.994717	223.658867	202.290622	134.999953	222.867734	225.012066	222.698233	134.999998	325.958872	85.469001	67.747204	152.760772	172.059729	135.726294	88.706775	90.000000	0.000000	0.000000	33.627756	358.907502	88.517384	45.037337	223.550117	157.747188	137.930395	134.218786	219.184026	180.000000	213.690619	134.620263	
45.071467	45.001123	210.842623	224.906159	135.368926	134.909269	51.980827	324.076857	315.731813	22.362957	359.999768	0.000000	60.701087	44.994717	223.658867	202.290622	134.999953	222.867734	225.012066	222.698252	134.999998	325.872098	85.417314	67.747196	150.597233	172.444004	135.726294	88.367240	90.000000	0.000000	0.000000	33.627756	358.907503	93.673216	45.037337	223.550117	157.747188	137.930395	134.235758	219.184026	180.000000	213.690619	134.620338	
45.071467	45.001123	210.852684	224.906159	135.368926	134.909269	51.319636	324.076857	315.731813	22.362957	359.999768	0.000000	60.701087	44.994717	223.658867	202.290622	134.999953	222.867734	225.012066	222.698261	134.999998	325.970330	85.397669	67.747192	149.633182	172.804736	135.726294	88.043085	90.000000	0.000000	0.000000	33.627756	358.907503	89.039162	45.037337	223.550117	157.747188	137.930395	134.243464	219.184026	180.000000	213.690619	134.620372	
45.071467	45.001123	210.876964	224.906159	135.368926	134.932467	51.009163	324.076857	315.731813	22.362957	359.999768	0.000000	60.701087	44.994717	223.658867	202.290622	134.999953	222.867734	225.012066	222.698265	134.999998	326.169013	85.409249	67.747190	149.226977	173.140835	135.726294	87.745210	90.000000	0.000000	0.000000	33.627756	358.907503	93.841166	45.037337	223.550117	157.747188	137.930395	134.246964	219.184026	180.000000	213.690619	134.620388	
45.071467	45.001123	210.916407	224.906159	135.368926	134.943697	50.863342	324.076857	315.731813	22.362957	359.999768	0.000000	60.701087	44.994717	223.658867	202.290622	134.999953	222.867734	225.012066	222.698267	134.999998	326.426642	85.451222	67.747189	149.076145	173.451485	135.726294	87.478836	90.000000	0.000000	0.000000	33.627756	358.907503	89.217899	45.037337	223.550117	157.747188	137.930395	134.248553	219.184026	180.000000	213.690619	134.620395	
45.071467	45.001123	210.971393	224.906159	135.368926	134.949134	50.794838	324.076857	315.731813	22.362957	359.999768	0.000000	60.701087	44.994717	223.658867	202.290622	134.999953	222.867734	225.012066	222.698268	134.999998	326.722799	92.768721	67.747189	149.038416	173.736076	135.726294	87.246341	90.000000	0.000000	0.000000	33.627756	358.907503	93.874258	45.037337	223.550117	151.591210	137.930395	134.249276	219.184026	180.000000	213.690619	134.620398	
45.071467	45.001123	211.042007	224.906159	135.368926	134.951768	50.762649	324.076857	315.731813	22.362957	359.999768	0.000000	60.701087	44.994717	223.658867	202.290622	134.999953	222.867734	225.012066	222.698269	134.999998	327.047348	88.985579	67.747189	149.047023	173.994163	135.726294	87.048648	90.000000	0.000000	0.000000	33.627756	358.907503	96.091021	45.027780	223.550117	148.799109	137.930395	134.249604	219.184026	180.000000	213.690619	134.620400	
45.071467	45.001123	211.128174	224.906159	135.368926	134.953044	50.747520	324.076857	315.731813	22.362957	359.999768	0.000000	60.701087	44.994717	223.658867	202.290622	134.999953	222.867734	225.012066	222.698269	134.999998	327.395164	87.184405	67.747189	149.070702	174.225445	135.726294	86.885916	90.000000	0.000000	0.000000	33.627756	358.907503	97.103332	45.023153	223.550117	147.531716	137.930395	134.249753	219.184026	180.000000	213.690619	134.620400	
45.071467	45.001123	211.229725	224.906159	135.368926	134.953662	50.740408	324.076857	315.731813	22.362957	359.999768	0.000000	60.701087	44.994717	223.658867	202.290622	134.999953	223.447488	225.012066	222.698269	134.999998	327.763567	93.450504	67.747188	149.094848	174.429746	135.726294	86.757884	90.000000	0.000000	0.000000	33.627756	358.907503	97.525925	45.020913	223.550117	146.956233	137.930395	134.249821	219.184026	180.000000	213.690619	134.620401	
45.071467	45.001123	211.346428	224.906159	135.368926	134.953962	50.737064	324.076857	315.731813	22.362957	359.999768	0.000000	60.701087	44.994717	223.658867	202.290622	134.999953	223.710556	225.012066	222.698269	134.999998	328.151080	89.366973	67.747188	149.112659	174.607008	135.726294	86.664057	90.000000	0.000000	0.000000	33.627756	358.907503	97.664962	45.019828	223.550117	146.694864	137.930395	134.249852	219.184026	180.000000	213.690619	134.620401	
45.071467	45.001123	211.478008	224.906159	135.368926	134.954107	50.735491	324.076857	315.731813	22.362957	359.999768	0.000000	60.701087	44.994717	223.658867	202.290622	134.999953	223.829949	225.012066	222.698269	134.999998	328.556835	94.400824	67.747188	149.120982	174.757275	135.726294	86.603793	90.000000	0.000000	0.000000	33.627756	358.907503	97.673067	45.019303	223.550117	146.576131	137.930395	134.249866	219.184026	180.000000	213.690619	134.620401	
45.071467	45.001123	211.624158	224.906159	135.368926	134.954177	50.734751	324.076857	315.731813	22.362957	359.999768	0.000000	60.701087	44.994717	223.658867	202.290622	134.999953	223.884146	225.012066	222.698269	134.999998	328.980282	89.864309	67.747188	149.118373	174.880685	135.726294	86.576363	90.000000	0.000000	0.000000	33.627756	358.907503	97.626420	45.019048	223.550117	146.522183	137.930395	134.249872	219.184026	180.000000	213.690619	134.620401	
45.071467	45.001123	211.784544	224.906159	135.368926	134.954211	50.734402	324.076857	315.731813	22.362957	359.999768	0.000000	60.701087	44.994717	223.658867	202.290622	134.999953	223.908752	225.012066	222.698269	134.999998	329.421046	94.552820	67.747188	149.104191	174.977458	135.726294	86.580982	90.000000	0.000000	0.000000	33.627756	358.907503	93.221240	45.018924	223.550117	146.497665	137.930395	134.249875	219.184026	180.000000	213.690619	134.620401	
45.071467	45.001123	211.958809	224.906159	135.368926	134.954228	50.734238	324.076857	315.731813	22.362957	359.999768	0.000000	60.701087	44.994717	223.658867	202.290622	134.999953	223.919927	225.012066	222.698269	134.999998	329.878865	96.763330	67.747188	149.078180	175.047888	135.726294	86.616830	90.000000	0.000000	0.000000	33.627756	358.907503	91.062196	45.018865	223.550117	146.486520	137.930395	134.249876	219.184026	180.000000	213.690619	134.620401	
45.071467	45.001123	212.146580	224.906159	135.368926	134.954236	50.734161	324.076857	315.731813	22.362957	359.999768	0.000000	60.701087	44.994717	223.658867	202.290622	134.999953	223.925003	225.012066	222.698269	134.999998	330.353548	91.071281	67.747188	149.040267	175.092329	135.726294	86.683068	90.000000	0.000000	0.000000	33.627756	358.907503	90.001708	45.018835	223.550117	146.481452	137.930395	134.249877	219.184026	180.000000	213.690619	134.620401	
45.071467	45.001123	212.347467	224.906159	135.368926	134.954240	50.734125	324.076857	315.731813	22.362957	359.999768	0.000000	60.701087	44.994717	223.658867	202.290622	134.999953	223.927308	225.012066	222.698269	134.999998	330.844964	94.992185	67.747188	148.990477	175.111189	135.726294	92.790146	90.000000	0.000000	0.000000	33.627756	358.907503	89.329639	45.018821	223.550117	146.479148	137.930395	134.249877	219.184026	180.000000	213.690619	134.620401	
45.071467	45.001123	212.561069	224.906159	135.368926	134.954242	50.734108	324.076857	315.731813	22.362957	359.999768	0.000000	60.701087	44.994717	223.658867	202.290622	134.999953	223.928356	225.012066	222.698269	134.999998	331.353025	96.853653	67.747188	148.928891	175.104922	135.726294	89.651006	90.000000	0.000000	0.000000	33.627756	358.907503	88.744542	45.018815	223.550117	146.478099	137.930395	134.249877	220.854529	180.000000	213.690619	134.620401	
45.071467	45.001123	212.786979	224.906159	135.368926	134.954243	50.734100	324.076857	315.731813	22.362957	359.999768	0.000000	60.701087	44.994717	223.658867	202.290622	134.999953	223.928833	225.012066	222.698269	134.999998	331.877682	97.699503	67.747188	148.855620	175.074013	135.726294	94.063880	90.000000	0.000000	0.000000	33.627756	358.907503	88.219817	45.018811	223.550117	146.477622	137.930395	134.249877	221.555916	180.000000	213.690619	134.620401	
45.071467	45.001123	213.024782	224.906159	135.269032	134.954243	50.734096	324.076857	315.731813	22.362957	359.999768	0.000000	60.701087	44.994717	223.658867	202.290622	134.999953	223.929049	225.012066	222.698269	134.999998	332.418923	98.049587	67.747188	148.770804	175.018977	135.726294	90.271598	90.000000	0.000000	0.000000	33.627756	358.907503	87.742823	45.018810	223.932409	146.477405	137.930395	134.249877	221.850469	180.000000	213.690619	134.620401	
45.071467	45.001123	213.274064	224.906159	135.223708	134.954243	50.734094	324.076857	315.731813	22.362957	359.999768	0.000000	60.701087	44.994717	223.658867	202.290622	134.999953	223.929148	225.012066	222.698269	134.999998	338.053269	98.162978	67.747188	148.674600	174.940347	135.726294	94.225027	90.000000	0.000000	0.000000	33.627756	358.907503	87.307614	45.018809	224.111830	146.477307	137.930395	134.249877	221.974190	180.000000	213.690619	134.620401	
45.071467	45.001123	213.534411	224.906159	135.203139	134.954243	50.734093	324.076857	315.731813	22.362957	359.999768	0.000000	60.701087	44.994717	223.658867	202.290622	134.999953	223.929192	225.012066	222.698269	134.999998	340.970061	98.168904	67.747188	148.567182	174.838671	135.726294	90.412077	90.000000	0.000000	0.000000	33.627756	358.907503	86.911421	45.018809	224.196055	146.477262	137.930395	134.249877	222.026165	180.000000	213.690619	134.620401	
45.071467	45.001123	213.805412	224.906159	135.193803	134.954244	50.734093	324.076857	315.731813	22.362957	359.999768	0.000000	60.701087	44.994717	223.658867	202.290622	134.999953	223.929213	225.012066	222.698269	134.999998	342.517060	93.650924	67.747188	148.448741	174.714502	135.726294	94.187384	90.000000	347.058712	0.000000	33.627756	358.907503	86.552938	45.018808	224.235601	146.477241	137.930395	134.249877	222.048004	180.000000	213.690619	134.620401	
45.071467	45.000836	214.086663	224.906159	135.189565	134.954244	50.734093	321.619449	315.731813	22.362957	359.999768	0.000000	60.701087	44.994717	223.658867	202.290622	134.999953	223.929222	225.012066	222.698269	134.999998	343.742084	91.440443	67.747188	148.319479	174.568396	135.726294	95.936930	90.000000	341.640679	0.000000	33.627756	359.152714	86.231494	45.018808	224.254173	146.477232	137.930395	134.249877	222.057181	180.000000	213.690619	134.620401	
45.071467	45.000696	214.377771	224.906159	135.187640	134.954244	50.734093	320.504538	315.731813	22.362957	359.999768	0.000000	60.701087	44.994717	223.658867	202.290622	134.999953	223.929226	225.012066	222.698269	134.999998	344.377776	90.357527	67.747188	148.179612	174.400908	135.726294	96.698183	90.000000	339.363437	0.000000	33.627756	359.264367	85.946649	45.018808	224.262897	146.477227	137.930395	134.249877	222.061039	180.000000	213.690619	134.620401	
45.071467	45.000629	214.678350	224.906159	135.186766	134.954244	50.734093	319.998565	315.731813	22.362957	359.999768	0.000000	60.701087	44.994717	223.658867	202.290622	134.999953	223.929228	225.012066	222.698269	134.999998	344.729084	89.613176	67.747188	148.029365	174.212583	135.726294	96.982555	90.000000	338.405494	0.000000	33.627756	359.315220	85.698011	45.018808	224.266996	146.477226	137.930395	134.249877	222.062660	180.000000	213.690619	134.620401	
45.071467	45.000596	214.988029	224.906159	135.186369	134.954244	50.734093	319.768892	315.731813	22.362957	359.999768	0.000000	60.701087	44.994717	223.658867	202.290622	134.999953	223.929229	225.012066	222.698269	134.999998	344.948396	88.996645	67.747188	147.868973	174.003960	135.726294	97.042367	90.000000	338.002402	0.000000	33.627756	359.338387	85.485151	45.018808	224.268922	146.477225	137.930395	134.249877	222.063342	180.000000	213.690619	134.620401	
45.071467	45.000581	215.306450	224.906159	135.186189	134.954244	50.734093	319.664618	315.731813	22.362957	359.999768	0.000000	60.701087	44.994717	223.658867	202.290622	134.999953	223.929229	225.012066	222.698269	134.999998	345.111548	88.460710	67.747188	147.698681	173.775563	135.726294	93.254017	90.000000	337.832749	0.000000	33.627756	359.348945	85.307569	45.018808	224.269828	146.477224	137.930395	134.249877	222.063629	180.000000	213.690619	134.620401	
45.071467	45.000573	215.633273	224.906159	135.186107	134.954244	50.734093	319.617266	315.731813	22.362957	359.999768	0.000000	60.701087	44.994717	223.658867	202.290622	134.999953	223.929230	225.012066	222.698269	134.999998	345.256063	87.982583	67.747188	147.518736	173.527903	135.726294	91.373836	90.000000	337.761332	0.000000	33.627756	359.353757	85.164690	45.018808	224.270254	146.477224	137.930395	134.249877	222.063749	180.000000	213.690619	134.620401	
45.071467	45.000569	215.968169	224.906159	135.186069	134.954244	50.734093	319.595759	315.731813	22.362957	359.999768	0.000000	60.701087	44.994717	223.658867	202.290622	134.999953	223.929230	225.012066	222.698269	134.999998	344.034262	87.551293	61.591210	147.329394	173.261472	135.726294	90.424221	90.000000	337.731261	0.000000	33.627756	359.355952	85.055866	45.018808	224.270454	146.477224	137.930395	134.249877	222.063800	180.000000	213.690619	134.620401	
45.071467	45.000567	216.310833	224.906159	135.186052	134.954244	50.734093	319.585988	315.731813	22.362957	359.999768	0.000000	60.701087	44.994717	223.658867	202.290622	134.999953	223.929230	225.012066	222.698269	134.999998	344.911890	87.161562	58.799109	147.130914	172.976745	135.726294	89.933230	90.000000	337.718597	0.000000	33.627756	359.356952	84.980389	45.018808	224.270548	146.477224	137.930395	134.249877	222.063822	180.000000	213.690619	134.620401	
45.071467	45.000566	216.660971	224.906159	135.186045	134.954244	50.734093	319.581548	315.731813	22.362957	359.999768	0.000000	60.701087	44.994717	223.658867	202.290622	134.999953	223.929230	225.012066	222.698269	134.999998	345.430109	86.810818	57.531716	146.923555	172.674178	135.726294	89.672792	90.000000	337.713263	0.000000	33.627756	359.357409	84.937499	45.018808	224.270592	146.477224	137.930395	134.249877	222.063831	180.000000	213.690619	134.620401	
45.071467	45.000566	217.018313	224.906159	135.186041	134.954244	50.734093	319.579530	315.731813	22.362957	359.999768	0.000000	60.701087	44.994717	223.658867	202.290622	134.999953	223.929230	225.012066	222.698269	134.999998	345.781159	86.497738	56.956233	146.707578	172.354208	135.726294	89.532660	90.000000	337.711015	0.000000	33.627756	359.357617	84.926402	45.018808	224.270613	146.477224	137.930395	134.249877	222.063834	180.000000	213.690619	134.620401	
45.071467	45.000566	217.382603	224.906159	135.186040	134.954244	50.734093	319.578613	315.731813	22.362957	359.999768	0.000000	60.701087	44.994717	223.658867	202.290622	134.999953	223.929230	225.012066	222.698269	134.999998	346.058930	86.221542	56.694864	146.483246	172.017250	135.726294	89.459506	90.000000	337.710068	0.000000	33.627756	359.357713	84.946273	45.018808	224.270623	146.477224	137.930395	134.249877	222.063836	180.000000	213.690619	134.620401	
45.071467	45.000566	217.753604	224.906159	135.186039	134.954244	50.734093	319.578196	315.731813	22.362957	359.999768	0.000000	60.701087	44.994717	223.658867	202.290622	134.999965	223.929230	225.012066	222.698269	134.999998	346.309013	85.981651	56.576131	146.250816	171.663700	135.726294	89.427482	90.000000	337.709669	0.000000	33.627756	359.357756	84.996275	45.018808	224.270628	146.477224	137.930395	134.249877	222.063837	180.000000	213.690619	134.620401	
45.051018	45.000566	218.131098	224.906159	135.186039	134.954244	50.734093	319.578006	315.731813	22.362957	359.999768	0.000000	60.701087	44.994717	223.658867	202.290622	134.999971	223.929230	225.012066	222.698269	134.999998	346.553350	85.777528	56.522183	146.010545	171.293931	135.726294	89.423996	90.000000	337.709501	0.000000	33.627756	359.357776	92.393579	45.018808	224.270630	146.477224	137.930395	134.249877	222.063837	180.000000	213.690619	134.620401	
45.042433	45.000566	218.514883	224.906159	135.186038	134.954244	50.734093	319.577920	315.731813	22.362957	359.999823	0.000000	60.701087	44.994717	223.658867	202.290622	134.999974	223.929230	225.012066	222.698269	134.999998	346.802334	85.608610	56.497665	145.762687	161.635510	135.726294	89.420353	90.000000	337.709430	0.000000	33.627756	359.357785	88.579124	45.018808	224.270631	146.477224	137.930395	134.249877	222.063837	180.000000	213.690619	134.620401	
45.038828	45.000566	218.904777	224.906159	135.186038	134.954244	50.734093	319.577881	315.731813	22.362957	359.999846	0.000000	60.701087	44.994717	223.658867	202.290622	134.999975	223.929230	225.012066	222.698269	134.999998	347.060745	85.474282	56.486520	145.507487	166.328172	135.726294	89.193387	90.000000	337.709400	0.000000	33.627756	359.357789	86.766807	45.018808	224.270631	146.477224	137.930395	134.249877	222.063837	180.000000	213.690619	134.620401	
45.037314	45.000566	219.300611	224.906159	135.186038	134.954244	50.734093	319.577863	315.731813	22.362957	359.999855	0.000000	60.701087	44.994717	223.658867	202.290622	134.999976	223.929230	225.012066	222.698269	134.999998	347.330642	85.373867	56.481452	145.245189	168.300938	135.726294	88.876432	90.000000	337.709387	0.000000	33.627756	359.357791	93.099379	45.018808	224.270632	146.477224	137.930395	134.249877	222.063837	180.000000	213.690619	134.620401	
45.036678	45.000566	219.702233	224.906159	135.186038	134.954244	50.734093	319.577855	315.731813	22.362957	359.999859	0.000000	60.701087	44.994717	223.658867	202.290622	134.999976	223.929230	225.012066	222.698269	134.999998	344.074461	85.306639	56.479148	144.976025	160.021966	135.726294	88.534350	90.000000	337.709382	0.000000	33.627756	359.357792	88.981363	45.018808	224.270632	146.477224	137.930395	134.249877	222.063837	180.000000	213.690619	134.620401	
45.036410	45.000566	220.109508	224.906159	135.186038	134.954244	50.734093	319.577851	315.731813	22.362957	359.999861	0.000000	60.701087	44.994717	223.658867	202.290622	134.999976	223.929230	225.012066	222.698269	134.999998	342.517160	85.271827	56.478099	144.700225	165.054588	135.726294	88.198796	90.000000	337.709380	0.000000	33.627756	359.357792	94.068791	45.018808	224.270632	146.477224	137.930395	134.249877	222.063837	180.000000	213.690619	134.620401	
45.036298	45.000566	220.522314	224.906159	135.186038	134.954244	50.734093	319.577849	315.731813	22.362957	359.999862	0.000000	60.701087	44.996154	223.658867	202.290622	134.999976	223.929230	225.012066	223.321694	134.999998	341.827157	85.268625	56.477622	144.418006	158.361483	135.726294	87.885224	90.000000	337.709379	0.000000	33.627756	359.357792	89.493178	45.018808	224.270632	146.477224	137.930395	134.249877	222.063837	180.000000	213.690619	134.620401	
45.036251	45.000566	220.940544	224.906159	135.186038	134.954244	50.734093	319.577849	315.731813	22.362957	359.999862	0.000000	60.701087	44.996805	223.658867	202.290622	134.999976	223.929230	225.012066	223.604555	134.999998	341.585848	85.296206	56.477405	144.129581	163.947473	135.726294	87.601120	90.000000	337.709378	0.000000	33.627756	359.357792	94.230865	45.018808	224.270632	146.477224	137.930395	134.249877	222.063837	180.000000	213.690619	134.620401	
45.036231	45.000566	225.229402	224.906159	135.186038	134.954244	50.734093	319.577848	315.731813	22.362957	359.999862	0.000000	60.701087	44.997101	223.658867	202.290622	134.999976	223.929230	225.012066	223.732921	134.999998	341.582754	85.353730	56.477307	143.835150	157.712767	135.726294	87.350003	90.000000	337.709378	0.000000	33.627756	359.357793	96.467043	45.018808	224.270632	146.477224	137.930395	134.249877	222.063837	180.000000	213.690619	134.620401	
45.036223	45.000566	227.278739	224.906159	135.186038	134.954244	50.734093	319.577848	315.731813	22.362957	359.999862	0.000000	60.701087	44.997236	223.658867	202.290622	134.999976	223.929230	225.012066	223.791186	134.999998	341.712071	92.674393	56.477262	143.534907	163.272894	135.726294	87.133389	90.000000	337.709378	0.000000	33.627756	359.357793	90.723830	45.018808	224.270632	146.477224	137.930395	134.249877	222.063837	180.000000	213.690619	134.620401	
45.036219	45.000566	228.261185	224.906159	135.186038	134.954244	50.734093	319.577848	315.731813	22.362957	359.999862	0.000000	60.701087	44.997297	223.658867	202.290622	134.999977	223.929230	225.012066	223.817638	134.999998	341.920520	88.910782	56.477241	143.229035	157.247559	135.726294	86.951753	90.000000	337.709378	0.000000	33.627756	359.357793	94.685564	45.018808	224.270632	146.477224	137.930395	134.249877	222.063837	180.000000	213.690619	134.722794	
45.036218	45.000566	216.688786	224.906159	135.186038	134.954244	50.734093	319.577848	315.731813	22.362957	359.999862	0.000000	60.701087	44.997324	223.658867	202.290622	134.999977	223.929230	225.012066	223.829649	134.999998	342.181124	87.127052	56.477232	142.917705	164.794939	135.726294	86.805013	90.000000	337.709378	0.000000	33.627756	359.357793	96.568338	45.018808	224.270632	146.477224	137.930395	134.249877	222.063837	180.000000	213.690619	134.769248	
45.036217	45.000566	214.611057	224.906159	135.186038	134.954244	50.734093	319.577848	315.731813	22.362957	359.999862	0.000000	60.701087	44.997337	223.658867	202.290622	134.999977	223.929230	225.012066	223.835104	134.999998	342.480064	93.387678	56.477227	142.601084	168.185139	135.726294	86.692776	90.000000	337.709378	0.000000	33.627756	359.357793	97.425569	45.018808	224.270632	146.477224	137.930395	134.249877	222.063837	180.000000	213.690619	134.790328	
45.036217	45.000566	213.662073	224.906159	135.186038	134.954244	50.734093	319.577848	315.731813	22.362957	359.999862	0.000000	60.701087	44.997343	223.658867	202.290622	134.999977	223.929230	225.012066	223.837582	134.999998	342.810098	89.328477	56.477226	142.279323	169.680433	135.726294	86.614465	90.000000	337.709378	0.000000	33.627756	359.357793	97.781992	45.018808	224.270632	146.477224	137.930395	134.249877	222.063837	180.000000	213.690619	134.799895	
45.036217	45.000566	213.228457	224.906159	135.186038	134.954244	50.734093	319.577848	315.731813	22.362957	359.999862	0.000000	60.701087	44.997345	223.658867	202.290622	134.999977	223.929230	225.012066	223.838708	134.999998	349.890358	94.355137	56.477225	141.952567	170.310051	135.726294	86.569391	90.000000	337.709378	0.000000	33.627756	359.357793	97.899157	45.018808	224.270632	146.477224	137.930395	134.249877	222.063837	180.000000	213.690619	134.804238	
45.036217	45.000566	213.030254	224.906159	135.186038	134.954244	49.229353	319.577848	315.731813	22.362957	359.999862	0.000000	60.701087	44.997346	223.658867	202.290622	134.999977	223.929230	225.012066	223.839220	134.999998	346.655632	89.847371	56.477224	141.620950	170.541909	135.726294	86.556796	90.000000	337.709378	0.000000	33.627756	359.357793	97.907548	45.018808	224.270632	146.477224	137.930395	134.249877	222.063837	180.000000	213.690619	134.806210	
45.036217	45.000566	212.939625	224.906159	135.186038	134.954244	48.523214	319.577848	315.731813	22.362957	359.999862	0.000000	60.701087	44.997347	223.658867	202.290622	134.999977	223.929230	225.012066	223.839453	134.999998	351.808251	94.525121	56.477224	141.284597	170.588144	135.726294	86.575874	90.000000	337.709378	0.000000	33.627756	359.357793	93.446708	45.018808	224.270632	146.477224	137.930395	134.452272	222.063837	180.000000	213.690619	134.807105	
45.036217	45.000566	212.898169	224.906159	135.186038	134.966047	48.191761	319.577848	315.731813	22.362957	359.999862	0.000000	60.701087	44.997347	223.658867	202.290622	134.999977	223.929230	225.012066	223.839558	134.999998	347.854030	96.734629	56.477224	140.943625	170.544651	135.726294	86.625796	90.000000	337.709378	0.000000	33.627756	359.357793	91.263202	45.018808	224.270632	146.477224	137.930395	134.544096	222.063837	180.000000	213.690619	134.807512	
45.036217	45.000566	212.879199	224.906159	135.186038	134.971762	48.036147	319.577848	315.731813	22.362957	359.999862	0.000000	60.701087	44.997347	223.658867	202.290622	134.999977	223.929230	225.012066	223.839607	134.999998	352.412808	91.081472	56.477224	140.598138	170.454688	135.726294	92.770160	90.000000	337.709378	0.000000	33.627756	359.357793	90.192898	45.018808	224.270632	146.477224	137.930395	134.585763	222.063837	180.000000	213.690619	134.807697	
45.036217	45.000566	212.870515	224.906159	135.186038	134.974530	47.963072	319.577848	315.731813	22.362957	359.999862	0.000000	60.701087	44.997347	223.658867	202.290622	134.999977	223.929230	225.012066	223.839628	134.999998	354.666446	94.988939	56.477224	140.248236	170.337764	135.726294	89.587809	90.000000	337.709378	0.000000	33.627756	359.357793	89.465377	45.014001	224.270632	146.477224	137.930395	134.604675	222.063837	180.000000	213.690619	134.807781	
45.036217	45.000566	212.866539	224.906159	135.186038	134.975871	47.928749	319.577848	315.731813	22.362957	359.999862	0.000000	60.701087	44.997347	223.658867	202.290622	134.999977	223.929230	225.012066	223.839638	134.999998	355.753038	96.847739	56.477224	139.894007	170.202709	135.726294	88.108389	90.000000	337.709378	0.000000	33.627756	359.357793	88.856411	45.011674	224.270632	146.477224	137.930395	134.613259	222.063837	180.000000	213.690619	134.807819	
45.036217	45.000566	212.864717	224.906159	135.186038	134.976520	47.912624	319.577848	315.731813	22.362957	359.999862	0.000000	60.701087	44.997347	223.658867	202.290622	134.999977	223.929230	225.012066	223.839643	134.999998	356.254830	97.696037	56.477224	139.535533	170.053573	135.726294	93.300342	90.000000	337.709378	0.000000	33.627756	359.357793	88.323460	45.010547	224.270632	146.477224	137.930395	134.617157	222.063837	180.000000	213.690619	134.807836	
45.036217	45.000566	212.863882	224.906159	135.186038	134.976835	47.905046	319.577848	315.731813	22.362957	359.999862	0.000000	60.701087	44.997347	223.658867	202.290622	134.999977	223.929230	225.012066	223.839645	134.999998	356.469712	98.051032	56.477224	139.172886	169.892278	135.726294	89.944689	90.000000	337.709378	0.000000	33.627756	359.357793	87.846037	45.010001	224.270632	143.368802	137.930395	134.618927	222.063837	180.000000	213.690619	134.807844	
45.036217	45.000566	212.863499	224.906159	135.186038	134.976988	47.901485	319.577848	315.731813	22.362957	359.999862	0.000000	60.701087	44.997347	223.658867	202.290622	134.999977	223.929230	225.012066	223.839646	134.999998	356.550099	98.170545	56.477224	134.762280	169.719799	135.726294	94.066572	90.000000	337.709378	0.000000	33.627756	359.357793	87.414310	45.009737	224.270632	141.958567	137.930395	134.619731	222.063837	180.000000	213.690619	134.807848	
45.036217	45.000566	212.863323	224.906159	135.186038	134.977062	47.899810	319.577848	315.731813	22.362957	359.999862	0.000000	60.701087	44.997347	223.658867	202.290622	134.999977	223.929230	225.012066	223.839646	134.999998	356.573967	93.747669	56.477224	136.885403	169.536697	135.726294	95.968722	90.000000	337.709378	0.000000	33.627756	359.357793	87.023567	45.009609	224.270632	141.318547	137.930395	134.620097	222.063837	180.000000	213.690619	134.807849	
45.036217	45.000566	212.863243	224.906159	135.186038	134.977098	47.899023	319.577848	315.731813	22.362957	359.999862	0.000000	60.701087	44.997347	223.658867	202.290622	134.999977	223.929230	225.012066	223.839647	134.999998	354.835250	91.575342	56.477224	133.642249	169.343348	135.726294	91.289776	90.000000	337.709378	0.000000	33.627756	359.501170	86.671521	45.009547	224.270632	141.028016	137.930395	134.620263	222.063837	180.000000	213.690619	134.807850	
45.036217	45.000566	212.863206	224.906159	135.186038	134.977115	47.898653	319.577848	315.731813	22.362957	359.999862	0.000000	60.701087	44.997347	223.658867	202.290622	134.999977	223.929230	225.012066	223.839647	134.999998	353.948827	90.503640	56.477224	132.196882	169.140052	135.726294	94.520330	90.000000	337.709378	0.000000	33.627756	359.566447	86.356994	45.009517	224.270632	140.896103	137.930395	134.620338	222.063837	180.000000	213.690619	134.807850	
45.036217	45.000566	212.863189	224.906159	135.186038	134.977124	47.898478	319.577848	315.731813	22.362957	359.999862	0.000000	60.701087	44.997347	223.658867	202.290622	134.999977	224.220329	225.012066	223.839647	134.999998	353.498526	89.950012	56.477224	144.342270	168.927074	135.726294	96.017584	90.000000	337.709378	0.000000	33.627756	359.596173	86.079282	45.009502	224.270632	140.836198	137.930395	134.620372	222.063837	180.000000	213.690619	134.807850	
45.036217	45.000566	212.863181	224.906159	135.186038	134.977128	47.898396	319.577848	315.731813	22.362957	359.999862	0.000000	60.701087	44.997347	223.658867	202.290622	134.999977	224.352417	225.012066	223.839647	134.999998	353.276003	89.414760	56.477224	145.588406	168.704664	135.726294	96.669768	90.000000	337.709378	0.000000	33.627756	359.609714	85.837846	45.009495	224.270632	140.808988	137.930395	134.620388	222.063837	180.000000	213.690619	134.807851	
45.036217	45.000566	212.863177	224.906159	135.186038	134.977130	47.898358	319.577848	315.731813	22.362957	359.999862	0.000000	60.701087	44.997347	223.658867	202.290622	134.999977	224.412365	225.012066	223.839647	134.999998	353.176988	88.905955	56.477224	146.114852	168.473067	135.726294	96.915395	90.000000	337.709378	0.000000	33.627756	359.615884	85.632172	45.009491	224.270632	140.796626	137.930395	134.620395	222.063837	180.000000	213.690619	134.807851	
45.036217	45.000566	212.863176	224.906159	135.186038	134.977131	47.898340	319.577848	315.731813	22.362957	359.999862	0.000000	60.701087	44.997347	223.658867	202.290622	134.999977	224.439577	225.012066	223.839647	134.999998	353.149282	88.427988	56.477224	146.337326	168.232520	135.726294	93.176208	90.000000	337.709378	0.000000	33.627756	359.618696	85.461710	45.009490	224.270632	140.791008	137.930395	134.620398	222.063837	180.000000	213.690619	134.807851	
45.036217	45.000566	212.863175	224.906159	135.186038	134.977131	47.898331	319.577848	315.731813	22.362957	359.999862	0.000000	60.701087	44.997347	223.658867	202.290622	134.999977	224.451932	225.012066	223.839647	134.999998	353.166691	87.983345	56.477224	146.431369	167.983262	135.726294	91.324320	90.000000	337.709378	0.000000	33.627756	359.619978	85.325851	45.009489	224.270632	140.788455	137.930395	134.620400	222.063837	180.000000	213.690619	134.807851	
45.036217	45.000566	212.863174	224.906159	135.186038	134.977131	47.898327	319.577848	315.731813	22.362957	359.999862	0.000000	60.701087	44.997347	223.658867	202.290622	134.999977	224.457543	225.012066	223.839647	134.999998	353.215990	87.573467	56.477224	146.471134	167.725523	135.726294	90.392687	90.000000	337.709378	0.000000	33.627756	359.620563	85.223927	45.009489	224.270632	140.787294	137.930395	134.620400	222.063837	180.000000	213.690619	134.807851	
45.036217	45.000566	212.863174	224.906159	135.186038	134.977131	47.898325	319.577848	315.731813	22.362957	359.999862	0.000000	60.701087	44.997347	223.658867	202.290622	134.999977	224.460091	225.012066	223.839647	134.999998	353.167233	87.199178	56.477224	146.487953	167.459532	135.726294	89.914521	90.000000	337.709378	0.000000	33.627756	359.620830	85.155212	45.009488	224.270632	140.786766	137.930395	134.620401	222.063837	180.000000	213.690619	134.807851	
45.036217	45.000566	212.863174	224.906159	135.186038	134.977131	47.898324	319.577848	315.731813	22.362957	359.999862	0.000000	60.701087	44.997347	223.658867	202.290622	134.999977	224.461249	225.012066	223.839647	134.999998	352.946224	86.860906	56.477224	146.495068	167.185514	135.726294	89.664292	90.000000	337.709378	0.000000	33.627756	359.620951	85.118938	45.009488	224.463123	140.786526	137.930395	134.620401	222.063837	180.000000	213.690619	134.807851	
45.036217	45.000421	212.863174	224.906159	135.186038	134.977132	47.898324	319.577848	315.731813	22.362957	359.999862	0.000000	60.701087	44.997347	223.658867	202.290622	134.999977	224.461775	225.012066	223.839647	134.999998	352.659604	86.558796	56.477224	146.498080	166.903685	135.726294	89.533010	90.000000	337.709378	0.000000	33.627756	359.621007	85.114301	45.009488	224.553467	140.786417	137.930395	134.620401	222.063837	180.000000	213.690619	134.807851	
45.036217	45.000351	212.863174	224.906159	135.186038	134.977132	47.898324	319.577848	315.731813	22.362957	359.999862	0.000000	60.701087	44.997347	223.658867	202.290622	134.999977	224.462014	225.012066	223.839647	134.999998	352.360793	86.292780	56.477224	146.499355	166.614259	135.726294	89.467971	90.000000	337.709378	0.000000	33.627756	359.621032	85.140475	45.009488	224.595878	140.786367	137.930395	134.620401	222.063837	180.000000	213.690619	134.807851	
45.036217	45.000317	212.863174	224.906159	135.135679	134.977132	47.898323	319.577848	315.731813	22.362957	359.999862	0.000000	60.701087	44.997347	223.658867	202.290622	134.999977	224.462123	225.012066	223.839647	134.999998	352.076527	86.062619	56.477224	146.499895	166.317440	135.726294	89.443636	90.000000	337.709378	0.000000	33.627756	359.621044	85.196619	45.009488	224.615791	140.786344	137.930395	134.620401	222.063837	180.000000	213.690619	134.807851	
45.036217	45.000301	205.591155	224.906159	135.112831	134.977132	47.898323	319.577848	315.731813	22.362957	359.999862	0.000000	60.701087	44.997347	223.658867	202.290622	134.999977	224.462172	225.012066	223.839647	134.999998	351.820081	85.867931	56.477224	146.500124	166.013427	135.726294	89.447561	90.000000	331.194943	0.000000	33.627756	359.621049	92.549082	45.009488	224.625143	140.786334	137.930395	134.620401	222.063837	180.000000	213.690619	134.807851	
45.036217	45.000293	202.280945	224.906159	135.102462	134.977132	47.898323	319.577848	315.731813	22.362957	359.999862	0.000000	60.701087	44.997347	223.658867	202.290622	134.999977	224.462195	225.012066	223.839647	134.999998	351.597893	85.708221	56.477224	146.500221	165.702409	135.726294	89.341174	90.000000	328.461735	0.000000	33.627756	359.621051	88.766733	45.009488	224.629536	140.786329	137.930395	134.620401	222.063837	180.000000	213.690619	134.807851	
45.036217	45.000289	200.772428	224.906159	135.097756	134.977132	47.898323	319.577848	315.731813	22.362957	359.999862	0.000000	60.701087	44.997347	223.658867	202.290622	134.999977	224.462205	225.012066	223.839647	134.999998	351.412884	85.582897	56.477224	146.500262	165.384569	135.726294	89.072268	90.000000	327.313728	0.000000	33.627756	359.621053	86.973184	45.009488	224.631600	140.786327	137.930395	134.620401	222.063837	180.000000	213.690619	134.807851	
45.036217	45.000287	200.084653	224.906159	135.095619	134.977132	47.898323	318.334990	315.731813	22.362957	359.999862	0.000000	60.701087	44.997347	223.658867	202.290622	134.999977	224.462210	225.012066	223.839647	134.999998	351.266145	85.491289	56.477224	146.500279	165.060081	135.726294	88.742918	90.000000	326.831379	0.000000	33.627756	359.621053	93.262740	45.009488	224.632570	140.786326	137.930395	134.620401	222.063837	180.000000	213.690619	134.807851	
45.036217	45.000286	199.770974	224.906159	135.094649	134.977132	47.898323	317.771058	315.731813	22.362957	359.999862	0.000000	60.701087	44.997347	223.658867	202.290622	134.999977	224.462212	225.012066	223.839647	134.999998	351.157796	85.432667	56.477224	146.500286	164.729109	135.726294	88.402852	90.000000	326.628675	0.000000	33.627756	359.621053	89.182059	45.009488	224.633026	140.786326	137.930395	134.620401	222.904123	180.000000	213.690619	134.807851	
45.036217	45.000286	199.627867	224.906159	135.094208	134.977132	47.898323	317.515124	315.731813	22.362957	359.999862	0.000000	60.701087	44.997347	223.658867	202.290622	134.999977	224.462213	225.012066	223.839647	134.999998	351.087429	85.406257	56.477224	146.500290	164.391811	135.726294	88.076353	90.000000	326.543475	0.000000	33.627756	359.621053	94.232873	45.009488	224.633241	140.786325	137.930395	134.620401	223.256918	180.000000	213.690619	134.807851	
45.036217	45.000286	199.562559	224.906159	135.094008	134.977132	47.898323	317.398949	315.731813	22.362957	359.999895	0.000000	60.701087	44.997347	223.658867	202.290622	134.999977	224.462213	225.012066	223.839647	134.999998	351.054346	85.411248	56.477224	146.500291	164.048334	135.726294	87.775255	90.000000	326.507657	0.000000	33.627756	359.621053	89.700406	45.009488	224.633342	140.786325	137.930395	134.620401	223.405065	180.000000	213.690619	134.807851	
45.036217	45.000285	199.532746	224.906159	135.093917	134.977132	47.898323	317.346203	315.731813	22.362957	359.999908	0.000000	60.701087	44.997347	223.658867	202.290622	134.999977	224.462214	225.012066	223.839647	134.999998	351.057681	85.446810	53.368802	146.500291	163.698815	135.726294	87.505243	90.000000	326.492597	0.000000	33.627756	359.621053	94.401577	45.009488	224.633389	140.786325	137.930395	134.620401	223.467286	180.000000	213.690619	134.807851	
45.036217	45.000285	199.519132	224.906159	135.093876	134.977132	47.898323	317.322251	315.731813	22.362957	359.999914	0.000000	60.701087	44.997347	223.658867	202.290622	134.999977	224.462214	225.012066	223.839647	134.999998	351.096479	85.512103	51.958567	146.500292	163.343384	135.726294	87.268931	90.000000	326.486263	0.000000	33.627756	359.621053	96.621919	45.009488	224.633411	140.786325	137.930395	134.620401	223.493422	180.000000	213.690619	134.807851	
45.036217	45.000285	199.512913	224.906159	135.093857	134.977132	47.898323	317.311371	315.731813	22.362957	359.999917	0.000000	60.701087	44.997347	223.658867	202.290622	134.999977	224.462214	225.012066	223.839647	134.999998	351.169737	92.793910	51.318547	146.500292	162.982160	135.726294	87.067362	90.000000	326.483599	0.000000	33.627756	359.621053	90.936054	45.009488	224.633422	140.786325	137.930395	134.620401	223.504403	180.000000	213.690619	134.807851	
45.036217	45.000285	199.510071	224.906159	135.093849	134.977132	47.898323	317.306429	315.731813	22.362957	359.999918	0.000000	60.701087	44.997347	223.658867	202.290622	134.999977	224.462214	225.012066	223.839647	134.999998	351.276428	89.061493	51.028016	146.500292	162.615254	135.726294	86.900759	90.000000	326.482478	0.000000	33.627756	359.621053	94.864322	45.009488	224.633427	140.786325	137.930395	134.620401	223.509017	180.000000	213.690619	134.807851	
45.036217	45.000285	199.508772	224.906159	135.093845	134.977132	47.898323	317.304183	315.731813	22.362957	359.999918	0.000000	60.701087	44.997347	223.658867	202.290622	134.999977	224.462214	225.012066	223.839647	134.999998	351.415525	87.296905	50.896103	146.500292	158.952603	135.726294	86.768899	90.000000	326.482007	0.000000	33.627756	359.621053	96.732665	45.009488	224.633429	140.786325	137.930395	134.620401	223.510956	180.000000	213.690619	134.807851	
45.036217	45.000285	199.508178	224.906159	135.093843	134.977132	47.898323	317.303162	315.731813	22.362957	359.999918	0.000000	60.701087	44.997347	223.658867	202.290622	134.999977	224.462214	225.012066	223.839647	134.999998	351.586011	93.518997	50.836198	146.500292	157.311303	135.726294	86.671307	90.000000	326.481808	0.000000	33.627756	359.621053	97.584893	45.009488	224.633430	140.786325	137.930395	134.620401	223.511771	180.000000	213.690619	134.807851	
45.036217	45.000285	199.507906	224.906159	135.093842	134.977132	47.898323	317.302698	315.731813	22.362957	359.999918	0.000000	60.701087	44.997347	223.658867	202.290622	134.999977	224.462214	225.012066	223.839647	134.999998	357.705612	89.496284	50.808988	146.500292	156.488948	135.726294	86.607354	76.242717	326.481725	0.000000	33.627756	359.621053	97.941005	45.009488	224.633431	140.786325	137.930395	134.620401	223.512114	180.000000	213.690619	134.807851	
45.036217	45.000285	199.507782	224.906159	135.093842	134.977132	47.898323	317.302487	315.731813	22.362957	359.999918	0.000000	60.701087	44.997347	223.658867	202.290622	134.999977	224.462214	225.012066	223.839647	134.999998	354.780675	94.489775	50.796626	146.500292	155.996383	135.726294	86.576319	71.013061	326.481690	0.000000	33.627756	359.621053	98.060219	45.009488	224.633431	140.786325	137.930395	134.620401	223.512258	180.000000	213.690619	134.807851	
45.036217	45.000285	199.507725	224.906159	135.093842	134.977132	47.898323	317.302391	315.731813	22.362957	359.999918	0.000000	60.701087	44.997347	223.658867	202.290622	134.999977	224.462214	225.012066	223.839647	134.999998	359.175710	90.024256	50.791008	146.500292	155.634704	135.726294	86.577422	69.014057	326.481675	0.000000	33.627756	359.621053	98.071862	45.009488	224.633431	140.786325	137.930395	134.620401	223.512319	180.000000	213.690619	134.807851	
45.036217	45.000285	199.507699	224.906159	135.093841	134.977132	47.898323	317.302347	315.731813	22.362957	359.999918	0.000000	60.701087	44.997347	223.658867	202.290622	134.999977	224.462214	225.012066	223.839647	134.999998	355.621203	94.668395	50.788455	146.500292	155.323212	135.726294	86.609846	68.249247	326.481669	0.000000	33.627756	359.621053	93.553235	45.009488	224.633431	140.786325	137.930395	134.620401	223.512344	180.000000	213.690619	134.807851	
45.036217	45.000285	199.507687	224.906159	135.093841	134.977132	47.898323	317.302327	315.731813	22.362957	359.999918	0.000000	60.701087	44.997347	223.658867	202.290622	134.999977	224.462214	225.012066	223.839647	134.999998	359.493747	96.863905	50.787294	146.500292	155.029285	135.726294	86.672754	67.956556	326.481666	0.000000	33.627756	359.621053	91.345366	45.009488	224.633431	140.786325	137.930395	134.620401	223.512355	180.000000	213.690619	134.807851	
45.036217	45.000285	199.507681	224.906159	135.093841	134.977132	47.898323	317.302318	315.731813	22.362957	359.999918	0.000000	60.701087	44.997347	223.658867	202.290622	134.999977	224.462214	225.012066	223.839647	134.999998	1.346819	91.266985	50.786766	146.500292	154.739808	135.726294	92.787221	67.844525	326.481665	0.000000	33.627756	359.621053	90.249083	45.009488	224.633431	140.786325	137.930395	134.620401	223.512359	180.000000	213.690619	134.807851	
45.036217	45.000285	199.507679	224.906159	135.093841	134.977132	47.898323	317.302314	315.731813	22.362957	359.999918	0.000000	60.701087	44.997347	223.658867	202.290622	134.999977	224.462214	225.012066	223.839647	134.999998	2.184987	95.143121	50.786526	146.500292	154.449566	135.726294	89.639383	67.801636	326.481664	0.000000	33.627756	359.621053	89.447099	45.009488	224.633431	140.786325	137.930395	134.620401	223.512361	180.000000	213.690619	134.807851	
45.036217	45.000285	199.507677	224.906159	135.093841	134.977132	47.898323	317.302312	315.731813	22.362957	359.999918	0.000000	60.701087	44.997347	223.658867	202.290622	134.999977	224.462214	225.012066	223.839647	134.999998	2.518944	96.988913	50.786417	146.500292	154.156536	135.726294	94.058395	67.785215	326.481664	0.000000	33.627756	359.621053	88.806865	45.009488	224.633431	140.786325	137.930395	134.620401	223.512362	180.000000	213.690619	134.807851	
45.036217	45.000285	199.507677	224.906159	135.093841	134.977132	47.898323	317.302312	315.731813	22.362957	359.999918	0.000000	60.701087	44.998069	223.658867	202.290622	134.999977	224.462214	225.012066	224.153896	134.999998	2.608488	97.833252	50.786367	154.406301	145.842828	135.726294	90.255477	67.778926	326.481664	0.000000	33.627756	359.621053	88.264089	45.009488	224.633431	140.786325	137.930395	134.620401	223.512362	180.000000	213.690619	134.807851	
45.036217	45.000285	199.507677	224.906159	135.093841	134.977132	47.898323	317.302311	315.731813	22.362957	359.999918	0.000000	60.701087	44.998396	223.658867	202.290622	134.999977	224.462214	225.012066	224.296478	134.999998	2.585929	98.188778	50.786344	157.734439	150.438681	135.726294	94.215594	67.776518	326.481664	0.000000	33.627756	359.621053	87.787546	45.009488	224.633431	140.786325	137.930395	134.620401	223.512362	180.000000	213.690619	134.807851	
45.025822	45.000285	199.507677	224.906159	135.093841	134.977132	47.898323	317.302311	315.731813	22.362957	359.999918	0.000000	60.701087	44.998544	223.658867	202.290622	134.999977	224.462214	225.012066	224.361183	134.999998	359.869087	98.311077	50.786334	159.137752	144.211423	135.726294	90.390894	67.775595	326.481664	0.000000	33.627756	359.621053	87.362071	45.009488	224.633431	140.786325	137.930395	134.620401	223.512363	180.000000	213.690619	134.807851	
45.021457	45.000285	199.507677	224.906159	135.093841	134.977132	47.898323	317.302311	315.731813	22.362957	359.999918	0.000000	60.701087	44.998612	223.658867	202.290622	134.999977	224.462214	225.012066	224.390553	134.999998	358.465799	93.832885	50.786329	159.729749	149.504723	135.726294	94.173746	67.775241	326.481664	0.000000	33.627756	359.621053	86.980278	45.009488	224.633431	140.786325	137.930395	134.620401	223.512363	180.000000	213.690619	134.807851	
45.019624	45.000285	199.507676	224.906159	135.093841	134.977132	47.898323	317.302311	315.731813	22.362957	359.999918	0.000000	60.701087	44.998642	223.658867	202.290622	134.999977	224.462214	225.012066	224.403886	134.999998	357.728259	91.637579	50.786327	159.979559	143.747715	135.726294	95.925939	67.775106	326.481664	0.000000	33.627756	359.706113	86.638525	45.009488	224.633431	140.786325	137.930395	134.620401	223.512363	180.000000	213.690619	134.859666	
45.018854	45.000285	199.507676	224.906159	135.093841	134.983022	47.898323	317.302311	315.731813	22.362957	359.999918	0.000000	60.701087	44.998656	223.658867	202.290622	134.999977	224.462214	225.012066	224.409940	134.999998	357.333191	90.558122	50.786326	160.085001	149.025798	135.726294	96.687507	67.775054	326.481664	0.000000	33.627756	359.744844	86.334932	45.009488	224.633431	140.786325	137.930395	134.620401	223.512363	180.000000	213.690619	134.883173	
45.018531	45.000285	199.507676	224.906159	135.093841	134.985874	47.136156	317.302311	315.731813	22.362957	359.999918	0.000000	60.701087	44.998663	223.658867	202.290622	134.999977	224.462214	225.012066	224.412690	134.999998	357.119185	89.914693	50.786326	160.129517	143.475653	135.726294	96.971071	67.775034	326.481664	0.000000	33.627756	359.762484	86.068424	45.009488	224.633431	140.786325	137.930395	134.620401	223.512363	180.000000	213.690619	134.893840	
45.018395	45.000285	199.507676	224.906159	135.093841	134.987255	46.778470	317.302311	315.731813	22.362957	359.999918	0.000000	60.701087	44.998665	223.658867	202.290622	134.999977	224.462214	225.012066	224.413939	134.999998	357.005612	89.341075	50.786325	160.148317	141.140286	135.726294	97.029524	67.775027	326.481664	0.000000	33.627756	359.770521	85.838255	45.009488	224.633431	140.786325	137.930395	134.620401	223.512363	180.000000	213.690619	134.898681	
45.018338	45.000285	199.507676	224.906159	135.093841	134.987924	46.610572	317.302311	315.731813	22.362957	359.999918	0.000000	60.701087	44.998667	223.658867	202.290622	134.999977	224.462214	225.012066	224.414507	134.999998	356.952145	88.819325	50.786325	160.156259	140.156742	135.726294	79.960749	67.775024	326.481664	0.000000	33.627756	359.774183	85.643794	45.007041	224.633431	140.786325	137.930395	134.620401	223.512363	180.000000	213.690619	134.900879	
45.018314	45.000285	199.507676	224.906159	135.093841	134.988249	46.531743	317.302311	315.731813	22.362957	359.999918	0.000000	60.701087	44.998667	223.658867	202.290622	134.999977	224.462214	225.012066	224.414765	134.999998	356.938539	88.341067	50.786325	160.159614	139.742382	135.726294	72.191816	67.775022	326.481664	0.000000	33.627756	359.775852	85.484416	45.005857	224.633431	140.786325	137.930395	134.620401	223.512363	180.000000	213.690619	134.901877	
45.018304	45.000285	199.507676	224.906159	135.093841	134.988406	46.494724	317.302311	315.731813	22.362957	359.999918	0.000000	60.701087	44.998668	223.658867	202.290622	134.999977	224.462214	225.012066	224.414882	134.999998	356.954540	87.902476	50.786325	160.161032	139.567773	135.726294	68.718945	67.775022	326.481664	0.000000	33.627756	359.776614	85.359466	45.005283	224.633431	140.786325	137.930395	134.722794	223.512363	180.000000	213.690619	134.902330	
45.018299	45.000285	199.507676	224.906159	135.093841	134.988482	46.477336	317.302311	315.731813	22.362957	359.999918	0.000000	60.701087	44.998668	223.658867	202.290622	134.999977	224.462214	225.012066	224.414935	134.999998	356.994855	87.501846	50.786325	160.161632	139.494177	135.726294	67.242344	67.775022	326.481664	0.000000	33.627756	359.776961	85.268242	45.005005	224.633431	140.786325	137.930395	134.769248	223.512363	180.000000	213.690619	134.902536	
44.846307	45.000285	199.507676	224.906159	135.093841	134.988519	46.469167	317.302311	315.731813	22.362957	359.999918	0.000000	60.701087	44.998668	223.658867	202.290622	134.999977	224.462214	225.012066	224.414959	134.999998	357.056645	87.138410	50.786325	160.161885	139.463150	135.726294	66.694713	67.775022	326.481664	0.000000	33.627756	359.777119	85.209997	45.004870	224.633431	140.786325	137.930395	134.790328	223.512363	180.000000	213.690619	134.902629	
44.541515	45.000285	206.400674	224.906159	135.093841	134.988537	46.465328	317.302311	315.731813	22.362957	359.999918	0.000000	60.701087	44.998668	223.658867	202.290622	134.999977	224.462214	225.012066	224.414971	134.999998	356.991348	86.811778	50.786325	160.161993	139.450067	135.726294	66.581114	67.775022	326.481664	0.000000	33.627756	359.777191	85.183947	45.004805	224.633431	140.786325	137.930395	134.799895	223.512363	180.000000	213.690619	134.902672	
44.183778	45.000285	209.526735	224.906159	135.093841	134.988545	46.463524	317.302311	315.731813	22.362957	359.999918	0.000000	60.701087	44.998668	223.658867	202.290622	134.999977	224.462214	225.012066	224.414976	134.999998	356.766732	86.521663	50.786325	160.162038	139.444549	135.726294	72.168752	67.775022	326.481664	0.000000	33.627756	359.777224	85.189278	45.004773	224.633431	140.786325	137.930395	134.804238	223.512363	180.000000	213.690619	134.902691	
43.807485	45.000285	210.945792	224.906159	135.093841	134.988550	46.462676	317.302311	315.731813	22.362957	359.999918	0.000000	60.701087	44.998668	223.658867	202.290622	134.999977	224.462214	225.012066	224.414978	134.999998	356.483218	86.267756	50.786325	160.162057	139.442220	135.726294	69.272190	67.775022	326.481664	0.000000	33.627756	359.777240	85.225156	45.004758	224.633431	139.226277	137.930395	134.806210	223.512363	180.000000	213.690619	134.902700	
43.427702	45.000285	211.590196	224.906159	135.093841	134.988552	46.462277	317.302311	315.731813	22.362957	359.999918	0.000000	60.701087	44.998668	223.658867	202.290622	134.999977	224.462214	225.012066	224.414979	134.999998	356.191023	86.049680	50.786325	160.162065	139.441238	135.726294	68.095898	67.775022	326.481664	0.000000	33.627756	359.777246	85.290739	45.004751	224.633431	138.518531	137.930395	134.807105	223.512363	180.000000	213.690619	134.902704	
43.051241	45.000285	211.882894	224.906159	135.093841	134.988553	46.462089	317.302311	315.731813	22.362957	359.999918	0.000000	60.701087	44.998668	223.658867	202.290622	134.999977	224.462214	225.012066	224.414979	134.999998	355.915227	85.866967	50.786325	160.162069	139.440823	135.726294	72.984078	67.775022	326.481664	0.000000	33.627756	359.777250	92.615161	45.004747	224.633431	138.197374	137.930395	134.807512	223.512363	180.000000	213.690619	134.902706	
42.681371	45.000285	212.015871	224.906159	135.093841	134.988553	46.462001	317.302311	315.731813	22.362957	359.999918	0.000000	60.701087	44.998668	223.658867	202.290622	134.999977	224.462214	225.012066	224.414980	134.999998	355.668239	85.719064	50.786325	160.162070	139.440648	135.726294	70.005389	67.775022	326.481664	0.000000	33.627756	359.777251	88.860520	45.004745	224.633431	138.051612	137.930395	134.807697	223.512363	180.000000	213.690619	134.902706	
42.319821	45.000285	212.076298	224.906159	135.093841	134.988553	46.461959	317.302311	315.731813	22.362957	359.999918	0.000000	60.701087	44.998668	223.658867	202.290622	134.999977	224.462214	225.012066	224.414980	134.999998	355.456038	85.605340	50.786325	160.162071	139.440574	135.726294	73.917060	67.775022	326.481664	0.000000	33.627756	359.777252	87.085286	45.004744	224.633431	137.985443	137.930395	134.807781	223.512363	180.000000	213.690619	134.902707	
41.967641	45.000285	212.103763	224.906159	135.093841	134.988554	46.461940	317.302311	315.731813	22.362957	359.999918	0.000000	60.701087	44.998668	223.658867	202.290622	134.999977	224.462214	225.012066	224.414980	134.999998	355.281300	85.525097	50.786325	160.162071	139.440543	135.726294	70.661228	67.775022	326.481664	0.000000	33.627756	359.777252	93.345023	45.004744	224.633431	137.955399	137.930395	134.807819	223.512363	180.000000	213.690619	134.902707	
41.514693	45.000285	212.116249	224.906159	135.093841	134.988554	46.461931	317.302311	315.731813	22.362957	359.999918	0.000000	60.701087	44.998668	223.658867	202.290622	134.999977	224.608378	225.012066	224.414980	134.999998	355.144980	85.477587	50.786325	160.162071	139.440530	135.726294	74.278037	67.775022	326.481664	0.000000	33.627756	359.777252	89.297107	45.004744	224.633431	137.941755	137.930395	134.807836	223.512363	180.000000	213.690619	134.902707	
40.941510	45.000285	212.121926	224.906159	135.093841	134.988554	46.461926	317.302311	315.731813	22.362957	359.999918	0.000000	60.701087	44.998668	223.658867	202.290622	134.999977	224.674700	225.012066	224.414980	134.999998	355.047124	85.462020	50.786325	160.162071	139.440524	135.726294	75.930252	67.775022	326.481664	0.000000	33.627756	359.777252	94.321678	45.004744	224.633431	137.935557	137.930395	134.807844	223.512363	180.000000	213.690619	134.902707	
40.317496	45.000285	212.124509	224.906159	135.093841	134.988554	46.461924	317.302311	315.731813	22.362957	359.999918	0.000000	60.701087	44.998668	223.658867	202.290622	134.999977	224.704801	225.012066	224.414980	134.999998	354.987285	85.477576	50.786325	160.162071	139.440522	135.726294	76.685434	67.775022	326.481664	0.000000	33.627756	359.777252	89.827283	45.004744	224.633431	137.932741	137.930395	134.807848	223.512363	180.000000	213.690619	134.902707	
39.674058	45.000212	212.125683	224.906159	135.093841	134.988554	46.461923	317.302311	315.731813	22.362957	359.999918	0.000000	60.701087	44.998668	223.658867	202.290622	134.999977	224.718464	225.012066	224.414980	134.999998	354.964741	85.523421	50.786325	160.162071	139.440521	135.726294	77.030744	67.775022	326.481664	0.000000	33.627756	359.777252	94.501044	45.004744	224.633431	137.931462	137.930395	134.807849	223.512363	180.000000	213.690619	134.902707	
39.026158	45.000176	212.126218	224.906159	135.093841	134.988554	46.461923	317.302311	315.731813	22.362957	359.999918	0.000000	60.701087	44.998668	223.658867	202.290622	134.999977	224.724667	225.012066	224.414980	134.999998	354.978619	92.823067	50.786325	160.162071	139.440521	135.726294	77.114354	67.775022	326.481664	0.000000	33.627756	359.777252	96.710792	45.004744	224.730258	137.930880	137.930395	134.807850	223.512363	180.000000	213.690619	134.902707	
38.381566	45.000159	212.126461	224.906159	135.093841	134.988554	46.461923	317.302311	315.731813	22.362957	359.999918	0.000000	60.701087	44.998668	223.658867	202.290622	134.999977	224.727485	225.012066	224.414980	134.999998	355.027961	89.054672	50.786325	160.162071	139.440520	135.726294	76.993377	67.775022	326.481664	0.000000	33.627756	359.777252	91.075745	45.004744	224.775704	137.930616	137.930395	134.807850	223.512363	180.000000	213.690619	134.902707	
37.744876	45.000150	212.126572	224.906159	135.093841	134.988554	46.461922	317.302311	315.731813	22.362957	359.999918	0.000000	60.701087	44.998668	223.658867	202.290622	134.999977	224.728764	225.012066	224.414980	134.999998	355.111766	87.262649	50.786325	160.162071	139.440520	135.726294	76.786033	67.775022	326.481664	0.000000	33.627756	359.777252	94.977663	45.004744	224.797038	137.930495	137.930395	134.807850	223.512363	180.000000	213.690619	134.902707	
37.119247	45.000146	212.126623	224.906159	135.093841	134.988554	46.461922	317.302311	315.731813	22.362957	12.879656	0.000000	60.701087	44.998668	223.658867	202.290622	134.999977	224.729345	225.012066	224.414980	134.999998	0.700343	93.510841	50.786325	160.162071	139.440520	135.726294	76.548092	67.775022	326.481664	0.000000	33.627756	359.777252	96.835754	45.004744	224.807055	137.930441	137.930395	134.807851	223.512363	180.000000	213.690619	134.902707	
36.507167	45.000144	212.126646	224.906159	135.093841	134.988554	46.461922	317.302311	315.731813	22.362957	18.271653	0.000000	60.701087	44.998668	223.658867	202.290622	134.999977	224.729610	225.012066	224.414980	134.999998	357.939830	89.444606	50.786325	160.162071	139.440520	135.726294	76.305917	67.775022	326.481664	0.000000	33.627756	359.777252	97.685632	45.004744	224.811760	137.930416	137.930395	134.807851	223.512363	180.000000	213.690619	134.902707	
35.910781	45.000144	212.126656	224.906159	135.093841	134.988554	46.461922	317.302311	315.731813	22.362957	20.537750	0.000000	60.701087	44.998668	223.658867	202.290622	134.999977	224.729730	225.012066	224.414980	134.999998	1.938782	94.462983	50.786325	160.162071	139.440520	135.726294	76.071979	67.775022	326.481664	0.000000	33.627756	359.777252	98.043301	45.004744	224.813970	137.930405	137.930395	134.807851	223.512363	180.000000	213.690619	134.902707	
35.332031	45.000143	212.126661	224.906159	135.068447	134.988554	46.461922	317.302311	315.731813	22.362957	21.490913	0.000000	60.701087	44.998668	223.658867	202.290622	134.999977	224.729784	225.012066	224.414980	134.999998	358.599729	89.946514	50.786325	160.162071	139.440520	135.726294	75.852165	67.775022	326.481664	0.000000	33.627756	359.777252	98.166026	45.004744	224.815008	137.930399	137.930395	134.807851	223.512363	180.000000	213.690619	134.902707	
34.772707	45.000143	212.126663	224.906159	135.056925	134.988554	46.461922	317.302311	315.731813	22.362957	21.891953	0.000000	60.701087	44.998668	223.658867	202.290622	134.999977	224.729809	225.012066	224.414980	134.999998	2.123969	94.619265	50.786325	160.162071	139.440520	135.726294	75.649221	67.775022	326.481664	0.000000	33.627756	359.777252	93.728051	45.004744	224.815496	137.930397	137.930395	134.807851	223.512363	180.000000	213.690619	134.902707	
34.234465	45.000143	212.126664	224.906159	135.051697	134.988554	46.461922	317.302311	315.731813	22.362957	22.060725	0.000000	60.701087	44.998668	223.658867	202.290622	134.999977	224.729820	225.012066	224.414980	134.999998	3.781620	96.823274	50.786325	160.162071	139.440520	135.726294	75.464381	67.775022	326.481664	0.000000	33.627756	359.777252	91.550662	45.004744	224.815726	137.930396	137.930395	134.807851	223.512363	180.000000	213.690619	134.902707	
33.718830	45.000143	212.126665	224.906159	135.049324	134.988554	46.461922	317.302311	315.731813	22.362957	22.131765	0.000000	60.701087	44.998668	223.658867	202.290622	134.999977	224.729825	225.012066	224.414980	134.999998	4.504599	91.157938	50.786325	160.162071	139.440520	135.726294	75.298139	67.775022	326.481664	0.000000	33.627756	359.777252	90.478563	45.004744	224.815834	137.930396	137.930395	134.807851	223.512363	180.000000	213.690619	134.902707	
33.227189	45.000143	212.126665	224.906159	135.048246	134.988554	46.461922	316.676945	315.731813	22.362957	22.161673	0.000000	60.701087	44.998668	223.658867	202.290622	134.999977	224.729828	225.012066	224.414980	134.999998	4.765298	95.064071	50.786325	160.162071	139.440520	135.726294	75.150615	67.775022	326.481664	0.000000	33.627756	359.777252	89.872162	45.004744	224.815885	137.930395	137.930395	134.807851	223.512363	180.000000	213.690619	134.902707	
32.760787	45.000143	212.126665	224.906159	135.047757	134.988554	46.461922	316.393186	315.731813	22.362957	22.174267	0.000000	60.701087	44.998668	223.658867	202.290622	134.999977	224.729829	225.012066	224.414980	134.999998	4.803419	96.919454	50.786325	160.162071	139.440520	135.726294	75.021738	67.775022	326.481664	0.000000	33.627756	359.777252	89.314511	45.004744	224.815908	137.930395	137.930395	134.807851	223.512363	180.000000	213.690619	134.902707	
32.320722	45.000143	212.126665	224.906159	135.047535	134.988554	46.461922	316.264406	315.731813	22.362957	22.179572	0.000000	60.701087	44.998668	223.658867	202.290622	134.999977	224.729829	225.012066	224.414980	134.999998	4.740784	97.763497	50.786325	160.162071	139.440520	135.726294	74.911322	67.775022	323.193628	0.000000	33.627756	359.777252	88.798315	45.004744	224.815920	137.930395	137.930395	134.807851	223.512363	180.000000	213.690619	134.902707	
31.907943	45.000143	212.126665	224.906159	135.047434	134.988554	46.461922	316.205949	315.731813	22.362957	22.181806	0.000000	60.701087	44.998668	223.658867	202.290622	134.999977	224.729830	225.012066	224.414980	134.999998	348.795128	98.113895	49.226277	164.837954	139.440520	135.726294	74.819119	67.775022	321.813370	0.000000	33.627756	359.777252	88.320428	45.004744	224.815925	137.930395	137.930395	134.807851	223.512363	180.000000	213.690619	134.902707	
31.523250	45.000143	212.126665	224.906159	135.047388	134.988554	46.461922	316.179408	315.731813	22.362957	22.182748	0.000000	60.701087	44.998668	223.658867	202.290622	134.999977	224.729830	225.012066	224.414980	134.999998	341.278634	98.228663	48.518531	166.807027	139.440520	135.726294	74.744834	67.775022	321.233733	0.000000	33.627756	359.777252	87.879609	45.004744	224.815927	137.930395	137.930395	134.807851	223.512363	180.000000	213.690619	134.902707	
31.167295	45.000143	212.126665	224.906159	135.047367	134.988554	46.461922	316.167356	315.731813	22.362957	22.183145	0.000000	60.701087	44.998668	223.658867	202.290622	134.999977	224.729830	225.012066	224.414980	134.999998	337.804013	98.236509	48.197374	167.636813	139.440520	135.726294	74.688139	67.775022	320.990266	0.000000	33.627756	359.777252	87.475442	45.004744	224.815929	137.930395	137.930395	134.807851	223.512363	180.000000	213.690619	134.902707	
30.840587	45.000143	212.126665	224.906159	135.047358	134.988554	46.461922	316.161882	315.731813	22.362957	22.183312	0.000000	60.701087	44.998668	223.658867	202.290622	134.999977	224.729830	225.012066	224.414980	134.999998	336.274889	93.691978	48.051612	167.986603	139.440520	135.726294	74.648682	67.775022	320.887984	0.000000	33.627756	359.826983	87.107813	45.004744	224.815929	137.930395	137.930395	134.807851	223.512363	180.000000	213.690619	134.902707	
30.543496	45.000143	212.126665	224.906159	135.047353	134.988554	46.461922	316.159395	315.731813	22.362957	22.183383	0.000000	60.701087	44.998668	223.658867	202.290622	134.999977	224.729830	225.012066	224.414980	134.999998	335.683427	91.470521	47.985443	168.134089	139.440520	135.726294	74.626088	67.775022	320.845008	0.000000	33.627756	359.849625	86.776664	45.004744	224.815929	137.930395	137.930395	134.807851	223.512363	180.000000	213.690619	134.902707	
36.060043	45.000143	212.126665	224.906159	135.047351	134.988554	46.461922	316.158264	315.731813	22.362957	22.183412	0.000000	60.701087	44.998668	223.658867	202.290622	134.999977	224.729830	225.012066	224.414980	134.999998	335.545793	90.383939	47.955399	168.196291	139.440520	135.726294	74.619968	67.775022	320.826947	0.000000	33.627756	359.859936	86.481885	45.004744	224.815929	137.930395	137.930395	134.807851	223.512363	180.000000	213.690619	134.902707	
32.725973	45.000143	212.126665	224.906159	135.047350	134.988554	46.461922	316.157751	315.731813	22.362957	22.183425	0.000000	60.701087	44.998668	223.658867	202.290622	134.999977	224.729830	225.012066	224.414980	134.999998	335.630157	89.596139	47.941755	168.222530	139.440520	135.726294	74.629917	67.775022	320.819356	0.000000	33.627756	359.864633	86.223265	45.004744	224.815930	137.930395	137.930395	134.807851	223.939581	180.000000	213.690619	134.902707	
36.885549	45.000143	212.126665	224.906159	135.047350	134.988554	46.461922	316.157517	315.731813	22.362957	22.183430	0.000000	60.701087	44.998668	223.658867	202.290622	134.999977	224.729830	225.012066	224.414980	134.999998	335.825555	88.961043	47.935557	168.233602	139.440520	135.726294	74.655518	67.775022	320.816165	0.000000	33.627756	359.866773	86.000482	45.004744	224.815930	137.930395	137.930395	134.807851	224.118963	180.000000	213.690619	134.902707	
32.802685	45.000143	212.126665	224.906159	135.047350	134.988554	46.461922	316.157411	315.731813	22.362957	22.183432	0.000000	60.701087	44.998668	223.658867	202.290622	134.999977	224.729830	225.012066	224.414980	134.999998	340.836986	88.418883	47.932741	168.238275	139.440520	135.726294	74.655518	67.775022	320.814823	0.000000	33.627756	359.867748	85.813103	45.004744	224.815930	137.930395	137.930395	134.807851	224.194294	180.000000	213.690619	134.902707	
36.740279	45.000143	212.126665	224.906159	135.047350	134.988554	46.461922	316.157363	315.731813	22.362957	22.183433	0.000000	60.701087	44.998668	223.658867	202.290622	134.999977	224.729830	225.012066	224.414980	134.999998	338.515192	87.940686	47.931462	168.240247	139.440520	135.726294	74.655518	67.775022	320.814258	0.000000	33.627756	359.868193	85.660597	45.004744	224.815930	137.930395	137.930395	134.807851	224.225935	180.000000	213.690619	134.902707	
32.461262	45.000143	212.126665	224.906159	135.047350	134.988554	46.461922	316.157341	315.731813	22.362957	22.183434	0.000000	60.701087	44.998668	223.658867	202.290622	134.999977	224.729830	225.012066	224.414980	134.999998	342.164381	87.512410	47.930880	168.241080	139.440520	135.726294	74.655518	67.775022	320.814021	0.000000	33.627756	359.868395	85.542348	45.004744	224.815930	137.930395	137.930395	134.807851	224.239227	180.000000	213.690619	134.902707	
36.420116	45.000143	212.126665	224.906159	135.047350	134.988554	46.461922	316.157331	315.731813	22.362957	22.183434	0.000000	60.701087	44.998668	223.658867	202.290622	134.999977	224.729830	225.012066	224.414980	134.999998	339.385859	87.127241	47.930616	168.241432	139.440520	135.726294	74.655518	67.775022	320.813921	0.000000	33.627756	359.868488	85.457671	45.004744	224.815930	137.930395	137.930395	134.807851	224.244812	180.000000	213.690619	134.902707	
38.192997	45.000143	212.126665	224.906159	135.047350	134.988554	46.461922	316.157326	315.731813	22.362957	22.183434	0.000000	60.701087	44.998668	223.658867	202.290622	134.999977	224.729830	225.012066	224.414980	134.999998	342.633246	86.781829	47.930495	168.241581	138.168287	135.726294	74.655518	67.775022	320.813879	0.000000	33.627756	359.868530	85.405822	45.004744	224.815930	137.930395	137.930395	134.807851	224.247159	180.000000	213.690619	134.902707	
32.798050	45.000143	212.126665	224.906159	135.047350	134.988554	46.461922	316.157324	315.731813	22.362957	22.183434	0.000000	60.701087	44.998668	223.658867	202.290622	134.999977	224.729830	225.012066	224.414980	134.999998	344.167663	86.474451	47.930441	168.241644	137.634135	135.726294	74.655518	60.855839	320.813861	0.000000	33.627756	359.868549	85.386017	45.004744	224.815930	137.930395	137.930395	134.807851	224.248145	180.000000	213.690619	134.902707	
36.342075	45.000143	212.126665	224.906159	135.047350	134.988554	46.461922	316.157323	315.731813	22.362957	22.183434	0.000000	60.701087	44.998668	223.658867	202.290622	134.999977	224.729830	225.012066	224.414980	134.999998	344.893057	86.204114	47.930416	168.241670	137.409826	135.726294	74.655518	58.216450	320.813854	0.000000	33.627756	359.868558	85.397442	45.004744	224.815930	137.930395	137.930395	134.807851	224.248560	180.000000	213.690619	134.902707	
37.940317	45.000143	212.126665	224.906159	135.047350	134.988554	46.461922	316.157323	315.731813	22.362957	22.183434	0.000000	60.701087	44.999030	223.658867	202.290622	134.999977	224.729830	225.012066	224.573376	134.999998	345.236127	85.970124	47.930405	168.241681	137.315615	135.726294	74.655518	57.208144	320.813851	0.000000	33.627756	359.868562	85.439262	45.004744	224.815930	137.930395	137.930395	134.807851	224.248734	180.000000	213.690619	134.902707	
38.612825	45.000143	212.126665	224.906159	135.047350	134.988554	46.461922	316.157323	315.731813	22.362957	22.183434	0.000000	60.701087	44.999194	223.658867	202.290622	134.999977	224.729830	225.012066	224.645244	134.999998	345.398445	85.771879	47.930399	168.241686	137.276040	135.726294	74.655518	56.822823	320.813850	0.000000	33.627756	359.868564	92.759229	45.004744	224.815930	137.930395	137.930395	134.807851	224.248808	180.000000	213.690619	134.902707	
38.847912	45.000143	212.126665	224.906159	135.047350	134.988554	46.461922	316.157323	315.731813	22.362957	22.183434	0.000000	60.701087	44.999269	223.658867	202.290622	134.999977	224.729830	225.012066	224.677858	134.999998	345.475273	85.608773	47.930397	168.241688	137.259412	135.726294	74.655518	56.675549	320.813849	0.000000	33.627756	359.868565	88.974573	45.003522	224.815930	137.930395	137.930395	134.807851	224.248838	180.000000	213.690619	134.902707	
38.879651	45.000143	212.126665	224.906159	135.047350	134.988554	46.077036	316.157323	315.731813	22.362957	22.183434	0.000000	60.701087	44.999303	223.658867	202.290622	134.999977	224.729830	225.012066	224.692661	134.999998	345.511653	85.480164	47.930396	168.241689	137.252425	135.726294	74.655518	56.619251	320.813849	0.000000	33.627756	359.868565	87.172583	45.002931	224.815930	137.930395	137.930395	134.807851	224.248851	180.000000	213.690619	134.902707	
38.820464	45.000143	212.126665	224.906159	135.047350	134.988554	45.896404	316.157323	315.731813	22.362957	22.183434	0.000000	60.701087	44.999318	223.658867	202.290622	134.999977	224.729830	225.012066	224.699382	134.999998	345.528887	85.385361	47.930396	168.241689	137.249489	135.726294	74.655518	56.597728	320.813849	0.000000	33.627756	359.868565	93.440952	45.002644	224.815930	137.930395	137.930395	134.807851	224.248857	180.000000	213.690619	134.902707	
38.724502	45.000143	212.126665	224.906159	135.047350	134.988554	45.811613	316.157323	315.731813	22.362957	22.183434	0.000000	60.701087	44.999325	223.658867	202.290622	134.999977	224.729830	225.012066	224.702433	134.999998	345.537054	85.323624	47.930395	168.241689	137.248254	135.726294	74.655518	56.589498	320.813849	0.000000	33.627756	359.868565	89.355678	45.002506	224.815930	137.930395	137.930395	134.807851	224.248859	180.000000	213.690619	134.929177	
38.617971	45.000143	212.126665	224.906159	135.047350	134.988554	45.771802	316.157323	315.731813	22.362957	22.183434	0.000000	60.701087	44.999328	223.658867	202.290622	134.999977	224.729830	225.012066	224.703819	134.999998	345.530379	85.294173	47.930395	168.241690	137.247735	135.726294	74.655518	56.586350	320.813849	0.000000	33.627756	359.868566	94.391432	45.002438	224.815930	137.930395	137.930395	134.807851	224.248860	180.000000	213.690619	134.941189	
38.513655	45.000143	212.126665	224.906159	135.047350	134.988554	45.753107	316.157323	315.731813	22.362957	22.183434	0.000000	60.701087	44.999330	223.658867	202.290622	134.999977	224.729830	225.012066	224.704449	134.999998	345.396864	85.296197	47.930395	168.241690	137.247517	135.726294	74.655518	56.585147	320.813849	0.000000	33.627756	359.868566	89.852909	45.002406	224.815930	137.930395	137.930395	134.807851	224.248860	180.000000	213.690619	134.946640	
38.417879	45.000143	212.126665	224.906159	135.047350	134.988554	45.744325	316.157323	315.731813	22.362957	22.183434	0.000000	60.701087	44.999330	223.658867	202.290622	134.999977	224.729830	225.012066	224.704735	134.999998	345.212748	85.328867	47.930395	168.241690	137.247425	135.726294	74.655518	56.584686	320.813849	0.000000	33.627756	359.868566	94.543277	45.002390	224.815930	137.930395	137.930395	134.807851	224.248861	180.000000	213.690619	134.949115	
38.333852	45.000143	212.126665	224.906159	135.047350	134.988554	45.740199	316.157323	315.731813	22.362957	22.183434	0.000000	60.701087	44.999330	223.658867	202.290622	134.999977	224.729830	225.012066	224.704865	134.999998	345.015333	85.391339	47.930395	168.241690	137.247387	135.726294	74.655518	56.584510	320.813849	0.000000	33.627756	359.868566	96.754634	45.002382	224.815930	137.930395	137.930395	134.807851	224.248861	180.000000	213.690619	134.950238	
48.318735	45.000143	212.126665	224.906159	135.047350	134.988554	45.738260	316.157323	315.731813	22.362957	22.183434	0.000000	60.701087	44.999331	223.658867	202.290622	134.999977	224.729830	225.012066	224.704924	134.999998	344.822834	92.699558	47.930395	168.241690	137.247370	135.726294	74.655518	56.584443	320.813849	0.000000	33.627756	359.868566	91.059924	45.002379	224.815930	137.930395	137.930395	134.859666	224.248861	180.000000	213.690619	134.950748	
53.080109	45.000143	215.627763	224.906159	135.047350	134.988554	45.737349	316.157323	315.731813	22.362957	22.183434	0.000000	60.701087	44.999331	223.658867	202.290622	134.999977	224.729830	225.012066	224.704951	134.999998	344.644079	88.949284	47.930395	168.241690	137.247364	135.726294	74.655518	56.584417	320.813849	0.000000	33.627756	359.868566	94.982489	45.002377	224.815930	137.930395	137.930395	134.883173	224.248861	180.000000	213.690619	134.950980	
55.302381	45.000143	217.216246	224.906159	135.047350	134.988554	45.736920	316.157323	315.731813	22.362957	22.183434	0.000000	60.701087	44.999331	223.658867	202.290622	134.999977	224.729830	225.012066	224.704963	134.999998	344.483260	87.174574	47.930395	168.241690	137.130947	135.726294	74.655518	56.584407	320.813849	0.000000	33.627756	359.868566	96.844709	45.002376	224.815930	137.930395	137.930395	134.893840	224.248861	180.000000	213.690619	134.951086	
56.292271	45.000143	217.937237	224.906159	135.047350	134.988554	45.736719	316.157323	315.731813	22.362957	22.183434	0.000000	60.701087	44.999331	223.658867	202.290622	134.999977	224.729830	225.012066	224.704969	134.999998	344.342264	93.421565	47.930395	168.241690	136.852634	135.726294	74.655518	56.584403	320.813849	0.000000	33.627756	359.868566	97.690859	45.002376	224.815930	137.930395	137.930395	134.898681	224.248861	180.000000	213.690619	134.951133	
56.686161	45.000143	218.264563	224.906159	135.047350	134.988554	45.736624	316.157323	315.731813	22.362957	22.183434	0.000000	60.701087	44.999331	223.658867	202.290622	134.999977	224.729830	225.012066	224.704971	134.999998	344.221820	89.378189	47.930395	168.241690	136.509515	135.726294	74.655518	56.584402	320.813849	0.000000	33.627756	359.868566	98.041016	45.002375	224.815930	137.930395	137.930395	134.900879	224.248861	180.000000	213.690619	134.951155	
56.794012	45.000143	218.413199	224.906159	135.047350	134.988554	45.736580	316.157323	315.731813	22.362957	22.183434	0.000000	60.701087	44.999331	223.658867	202.290622	134.999977	224.729830	225.012066	224.704972	134.999998	344.122067	94.392740	47.930395	168.241690	136.143399	135.726294	74.655518	56.584401	320.813849	0.000000	33.627756	359.868566	98.154367	45.002375	224.815930	137.139572	137.930395	134.901877	224.248861	180.000000	213.690619	134.951165	
56.766888	45.000143	218.480707	224.906159	135.047350	134.988554	45.736559	316.157323	315.731813	22.362957	22.183434	0.000000	60.701087	44.999331	223.658867	202.290622	134.999977	224.729830	225.012066	224.704973	134.999998	344.042838	89.903383	47.930395	168.241690	135.772543	135.726294	74.655518	56.584401	320.813849	0.000000	33.627756	359.868566	98.160194	45.002375	224.815930	136.780786	137.930395	134.902330	224.248861	180.000000	213.690619	134.951170	
56.678501	45.000143	218.511374	224.906159	135.047350	134.988554	45.736549	316.157323	315.731813	22.362957	22.183434	0.000000	60.701087	44.999331	223.658867	202.290622	134.999977	224.729830	225.012066	224.704973	134.999998	343.983796	94.568338	47.930395	168.241690	135.405126	135.726294	74.655518	56.584401	320.813849	0.000000	33.627756	359.868566	93.644950	45.002375	224.815930	136.617978	137.930395	134.902536	224.248861	180.000000	213.690619	134.951172	
56.564908	45.000106	218.525309	224.906159	135.047350	134.988554	45.736544	316.157323	315.731813	22.362957	22.183434	0.000000	60.701087	44.999331	223.658867	202.290622	134.999977	224.729830	225.012066	224.704973	134.999998	343.944510	96.773047	47.930395	168.241690	134.891218	135.726294	74.655518	56.584401	320.813849	0.000000	33.627756	359.868566	91.435650	45.002375	224.815930	136.544085	137.930395	134.902629	224.248861	180.000000	213.690619	134.951172	
56.443824	45.000088	218.531642	224.906159	135.047350	134.988554	45.736542	316.157323	315.731813	22.362957	22.183434	0.000000	60.701087	44.999331	223.658867	202.290622	134.999977	224.729830	225.012066	224.704973	134.999998	343.924490	91.144484	47.930395	168.241690	134.283003	135.726294	74.655518	56.584401	320.813849	0.000000	33.627756	359.868566	90.353183	45.002375	224.815930	136.510540	137.930395	134.902672	224.248861	180.000000	213.690619	134.951173	
56.324033	45.000079	218.534521	224.906159	135.047350	134.988554	45.736541	316.157323	315.731813	22.362957	22.183434	0.000000	60.701087	44.999331	223.658867	202.290622	134.999977	224.729830	225.012066	224.704973	134.999998	343.923210	95.039511	47.930395	168.241690	133.635187	135.726294	74.655518	56.584401	320.813849	0.000000	33.627756	359.868566	89.612158	45.002375	224.815930	136.495310	137.930395	134.902691	224.248861	180.000000	213.690619	134.951173	
56.209962	45.000075	218.535830	224.906159	135.047350	134.988554	45.736540	316.157323	315.731813	22.362957	22.183434	0.000000	60.701087	44.999331	223.658867	202.290622	134.999977	224.803237	225.012066	224.704973	134.999998	343.940114	96.893590	47.930395	168.241690	132.972630	135.726294	74.655518	56.584401	320.813849	0.000000	33.627756	359.868566	88.997054	45.002375	224.815930	136.488393	137.930395	134.902700	224.248861	180.000000	213.690619	134.951173	
56.103913	45.000073	218.536425	224.906159	135.047350	134.988554	45.736540	316.157323	315.731813	22.362957	22.183434	0.000000	60.701087	44.999331	223.658867	202.290622	134.999977	224.836546	225.012066	224.704973	134.999998	335.829604	97.740950	47.930395	168.241690	132.307369	135.726294	74.655518	56.584401	320.813849	0.000000	33.627756	359.868566	88.461605	45.002375	224.864592	136.485251	137.930395	134.902704	224.248861	180.000000	213.690619	134.951173	
56.007145	45.000072	218.536696	224.906159	135.047350	134.988554	45.736540	316.157323	315.731813	22.362957	22.183434	0.000000	60.701087	44.999331	223.658867	202.290622	134.999977	224.851663	225.012066	224.704973	134.999998	333.020028	98.096872	47.930395	168.241690	131.645874	135.726294	74.655518	56.584401	320.813849	0.000000	33.627756	359.868566	87.983494	45.002375	224.887432	136.483823	137.930395	134.902706	224.248861	180.000000	213.690619	134.951173	
55.920405	45.000072	218.536819	224.906159	135.047350	134.988554	45.736540	316.157323	315.731813	22.362957	22.183434	0.000000	60.701087	44.999331	223.658867	202.290622	134.999977	224.858525	225.012066	224.704973	134.999998	331.700170	98.218246	47.930395	168.241690	130.992177	135.726294	74.655518	56.584401	320.813849	0.000000	33.627756	359.868566	87.551985	45.002375	224.898155	136.483175	137.930395	134.902706	224.248861	180.000000	213.690619	134.951173	
55.844183	45.000072	218.536875	224.906159	135.047350	134.988554	45.736540	316.157323	315.731813	22.362957	22.183434	0.000000	60.701087	44.999331	223.658867	202.290622	134.999977	224.861641	225.012066	224.704973	134.999998	331.079933	93.771933	47.930395	168.241690	130.349211	135.726294	74.655518	56.584401	320.813849	0.000000	33.627756	359.868566	87.161917	45.002375	224.903189	136.482880	137.930395	134.902707	224.248861	180.000000	213.690619	134.951173	
55.778835	45.000072	218.536901	224.906159	135.047350	134.988554	45.736540	316.157323	315.731813	22.362957	28.701058	0.000000	60.701087	44.999331	223.658867	202.290622	134.999977	224.863055	225.012066	224.704973	134.999998	330.788392	91.590204	47.930395	171.008317	129.719401	135.726294	74.655518	56.584401	320.813849	0.000000	33.627756	359.898068	86.810777	45.002375	224.905554	136.482746	137.930395	134.902707	224.248861	180.000000	213.690619	134.951173	
55.724646	45.000071	218.536912	224.906159	135.047350	134.988554	45.736540	316.157323	315.731813	22.362957	31.435386	0.000000	60.701087	44.999331	223.658867	202.290622	134.999977	224.863698	225.012066	224.704973	134.999998	330.651320	90.515692	47.930395	172.173494	129.104902	135.726294	74.655518	56.584401	320.813849	0.000000	33.627756	359.911502	86.497273	45.002375	224.906665	136.482685	137.930395	134.902707	224.248861	180.000000	213.690619	134.951173	
55.681857	45.000071	218.536918	224.906159	135.047350	134.988554	45.736540	316.157323	315.731813	22.362957	32.583773	0.000000	60.701087	44.999331	223.658867	202.290622	134.999977	224.863990	225.012066	224.704973	134.999998	330.586858	89.916147	47.930395	172.664402	128.507703	135.726294	74.655518	56.584401	320.813849	0.000000	33.627756	359.917620	86.220640	45.002375	224.907187	136.482657	137.930395	134.902707	224.248861	180.000000	213.690619	134.951173	
55.650682	45.000071	218.536920	224.906159	135.047350	134.988554	45.736540	316.157323	315.731813	22.362957	33.066241	0.000000	60.701087	44.999331	223.658867	202.290622	134.999977	224.864123	225.012066	224.704973	134.999998	330.556535	89.361318	47.930395	172.871281	127.929661	135.726294	74.655518	56.584401	320.813849	0.000000	33.627756	359.920407	85.980309	45.002375	224.907432	136.482645	137.930395	134.902707	224.248861	180.000000	213.690619	134.951173	
55.631310	45.000071	218.536921	224.906159	135.047350	134.988554	45.736540	316.157323	315.731813	22.362957	33.268979	0.000000	60.701087	44.999331	223.658867	202.290622	134.999977	224.864183	225.012066	224.704973	134.999998	330.542267	88.845951	47.930395	172.958484	127.372510	135.726294	74.655518	56.584401	320.813849	0.000000	33.627756	359.921678	85.775747	45.002375	224.907547	136.482639	137.930395	134.902707	224.248861	180.000000	213.690619	134.951173	
55.623913	45.000071	218.536922	224.906159	135.047350	134.988554	45.736540	316.157323	315.731813	22.362957	33.354186	0.000000	60.701087	44.999331	223.658867	202.290622	134.999977	224.864210	225.012066	224.704973	134.999998	330.535552	88.367898	47.930395	172.995250	126.837854	135.726294	74.655518	56.584401	320.813849	0.000000	33.627756	359.922257	85.606396	45.002375	224.907602	136.482636	137.930395	134.902707	224.248861	180.000000	213.690619	134.951173	
55.628643	45.000071	218.536922	224.906159	135.047350	134.988554	45.736540	316.157323	315.731813	22.362957	33.390004	0.000000	60.701087	44.999331	223.658867	202.290622	134.999977	224.864223	225.012066	224.704973	134.999998	330.532391	87.926416	47.930395	173.010755	126.327161	135.726294	74.655518	56.584401	320.813849	0.000000	33.627756	359.922521	85.471639	45.002375	224.907627	136.482635	137.930395	134.902707	224.248861	180.000000	213.690619	134.951173	
55.645638	45.000071	218.536922	224.906159	135.047350	134.988554	45.736540	316.157323	315.731813	22.362957	33.405062	0.000000	60.701087	44.999331	223.658867	202.290622	134.999977	224.864228	225.012066	224.704973	134.999998	330.530903	87.521335	47.930395	173.017295	125.841758	135.726294	74.655518	56.584401	320.813849	0.000000	33.627756	359.922641	85.370805	45.002375	224.907639	136.482634	137.930395	134.902707	224.248861	180.000000	213.690619	134.951173	
55.675016	45.000071	218.536922	224.906159	135.047350	134.988554	45.736540	316.157323	315.731813	22.362957	33.411395	0.000000	60.701087	44.999331	223.658867	202.290622	134.999977	224.864231	225.012066	224.704973	134.999998	330.530201	87.152666	47.930395	173.020055	125.382821	135.726294	74.655518	56.584401	320.813849	0.000000	33.627756	359.922696	85.303167	45.002375	224.907645	136.482634	137.930395	134.902707	224.248861	180.000000	213.690619	134.951173	
55.716881	45.000071	218.536922	224.906159	135.047350	134.988554	45.736540	315.842997	315.731813	22.362957	33.414058	0.000000	60.701087	44.999331	223.658867	202.290622	134.999977	224.864232	225.012066	224.704973	134.999998	330.529871	86.820418	47.930395	173.021219	124.951373	135.726294	74.655518	56.584401	320.813849	0.000000	33.627756	359.922721	85.267953	45.002375	224.907647	136.482634	137.930395	134.902707	224.248861	180.000000	213.690619	134.951173	
55.771315	45.000071	218.536922	224.906159	135.047350	134.988554	45.736540	315.700373	315.731813	22.362957	33.415178	0.000000	60.701087	44.999331	223.658867	202.290622	134.999977	224.864233	225.012066	224.704973	134.999998	330.529715	86.524514	47.930395	173.021711	124.548284	135.726294	74.655518	56.584401	320.813849	0.000000	33.627756	359.922733	85.264360	45.002375	224.907649	136.482634	137.930395	134.902707	224.248861	180.000000	213.690619	134.951173	
55.838387	45.000071	218.536922	224.906159	135.047350	134.988554	45.736540	315.635645	315.731813	22.362957	33.415650	0.000000	60.701087	44.999331	223.658867	202.290622	134.999977	224.864233	225.012066	224.704973	134.999998	330.529642	86.264764	47.930395	173.021918	124.174271	135.726294	74.655518	56.584401	320.813849	0.000000	33.627756	359.922738	85.291560	45.002375	224.907649	136.482634	137.930395	134.902707	224.248861	180.000000	213.690619	134.951173	
55.918146	45.000071	218.536922	224.906159	135.047350	134.988554	45.736540	315.606263	315.731813	22.362957	33.415848	0.000000	60.701087	44.999331	223.658867	202.290622	134.999977	224.864233	225.012066	224.704973	134.999998	330.529607	86.040856	47.139572	173.022006	123.829899	135.726294	74.655518	56.584401	320.813849	0.000000	33.627756	359.922740	85.348713	45.002375	224.907650	136.482634	137.930395	134.902707	224.248861	180.000000	213.690619	134.951173	
56.010624	45.000071	218.536922	224.906159	135.047350	134.988554	45.736540	315.592923	315.731813	22.362957	33.415932	0.000000	60.701087	44.999331	223.658867	202.290622	134.999977	224.864233	225.012066	224.704973	134.999998	330.529591	85.852366	46.780786	173.022043	128.533439	135.726294	74.655518	56.584401	320.813849	0.000000	33.627756	359.922741	92.670731	45.002375	224.907650	136.482634	137.930395	134.902707	224.248861	180.000000	213.690619	134.951173	
56.115832	45.000071	218.536922	224.906159	135.047350	134.988554	45.736540	315.586865	315.731813	22.362957	33.415967	0.000000	60.701087	44.999331	223.658867	202.290622	134.999977	224.864233	225.012066	224.704973	134.999998	330.529583	85.698767	46.617978	173.022058	125.555248	135.726294	74.655518	56.584401	320.813849	0.000000	33.627756	359.922742	88.905896	45.002375	224.907650	136.482634	137.930395	134.902707	224.248861	180.000000	213.690619	134.951173	
56.233765	45.000071	218.536922	224.906159	135.047350	134.988554	45.736540	315.584114	315.731813	22.362957	33.415982	0.000000	60.701087	44.999331	223.658867	202.290622	134.999977	224.864233	225.012066	224.704973	134.999998	330.529580	85.579446	46.544085	173.022065	129.130721	135.726294	74.655518	56.584401	320.813849	0.000000	33.627756	359.922742	87.121381	45.002375	224.907650	136.482634	137.930395	134.902707	224.248861	180.000000	213.690619	134.951173	
56.364399	45.000071	218.536922	224.906159	135.047350	134.988554	45.736540	315.582864	315.731813	22.362957	33.415988	0.000000	60.701087	44.999331	223.658867	202.290622	134.999977	224.864233	225.012066	224.704973	134.999998	330.529578	85.493721	46.510540	173.022068	125.490545	135.726294	74.655518	56.584401	320.813849	0.000000	33.627756	359.922742	93.383404	45.002375	224.907650	136.482634	137.930395	134.902707	224.248861	180.000000	213.690619	134.951173	
56.507688	45.000071	218.536922	224.906159	135.047350	134.988554	45.736540	315.582296	315.731813	22.362957	33.415991	0.000000	60.701087	44.999331	223.658867	202.290622	134.999977	224.864233	225.012066	224.704973	134.999998	330.529577	85.440851	46.495310	173.022069	128.908018	135.726294	74.655518	56.584401	320.813849	0.000000	33.627756	359.922742	89.322762	45.002375	224.907650	136.482634	137.930395	134.902707	224.248861	180.000000	213.690619	134.951173	
56.663570	45.000071	218.536922	224.906159	135.047350	134.988554	45.736540	315.582038	315.731813	22.362957	33.415992	0.000000	60.701087	44.999331	223.658867	202.290622	134.999977	224.864233	225.012066	224.704973	134.999998	330.529577	85.420052	46.488393	173.022070	125.083005	135.726294	74.655518	56.584401	319.148830	0.000000	33.627756	359.922742	94.350640	45.002375	224.907650	136.482634	137.930395	134.902707	224.248861	180.000000	213.690619	134.951173	
56.831963	45.000071	218.536922	224.906159	135.047350	134.988554	45.736540	315.581921	315.731813	22.362957	33.415992	0.000000	60.701087	44.999331	223.658867	202.290622	134.999977	224.864233	225.012066	224.704973	134.999998	330.529577	85.430511	46.485251	173.022070	128.546903	135.726294	74.655518	56.584401	318.449786	0.000000	33.627756	359.922742	89.841202	45.002375	224.907650	136.482634	137.930395	134.902707	224.248861	180.000000	213.690619	134.951173	
57.012767	45.000071	218.536922	224.906159	135.047350	134.988554	45.736540	315.581867	315.731813	22.362957	33.415992	0.000000	60.701087	44.999331	223.658867	202.290622	134.999977	224.864233	225.012066	224.704973	134.999998	330.529576	85.471394	46.483823	173.022070	130.080613	135.726294	74.655518	56.584401	318.156233	0.000000	33.627756	359.922742	94.520208	45.002375	224.907650	136.482634	137.930395	134.902707	224.248861	180.000000	213.690619	134.951173	
57.205865	45.000071	218.536922	224.906159	135.047350	134.988554	45.736540	315.581843	315.731813	22.362957	33.415992	0.000000	60.701087	44.999331	223.658867	202.290622	134.999977	224.864233	225.012066	224.704973	134.999998	330.529576	92.786057	46.483175	173.022070	130.701280	135.726294	74.655518	56.584401	318.032940	0.000000	33.627756	359.922742	96.730218	45.002375	224.907650	136.482634	137.930395	134.902707	224.248861	180.000000	213.690619	134.951173	
61.422798	45.000071	218.536922	224.906159	135.047350	134.988554	45.736540	315.581832	315.731813	22.362957	33.415992	0.000000	60.701087	44.999331	223.658867	202.290622	134.999977	224.864233	225.012066	224.704973	134.999998	330.529576	89.002930	46.482880	173.022070	130.892595	135.726294	74.655518	56.584401	317.981147	0.000000	33.627756	359.922742	91.074831	45.002375	224.907650	136.482634	137.930395	134.902707	224.248861	180.000000	213.690619	134.951173	
63.336175	45.000071	218.536922	224.906159	135.047350	134.988554	45.736540	315.581827	315.731813	22.362957	33.415992	0.000000	60.701087	44.999331	223.658867	202.290622	134.999977	224.864233	225.012066	224.704973	134.999998	330.529576	87.201207	46.482746	173.022070	130.884999	135.726294	74.655518	56.584401	317.959387	0.000000	33.627756	359.922742	94.983490	45.001764	224.907650	136.482634	137.930395	134.902707	224.248861	180.000000	213.690619	134.951173	
64.233877	45.000071	218.536922	224.906159	135.047350	134.988554	45.736540	315.581825	315.731813	22.362957	33.415992	0.000000	60.701087	44.999331	223.658867	202.290622	134.999977	224.864233	225.012066	224.704973	134.999998	330.529576	93.465378	46.482685	173.022070	130.788568	135.726294	74.655518	56.584401	317.950243	0.000000	33.627756	359.922742	96.842767	45.001469	224.907650	136.482634	137.930395	134.902707	224.248861	180.000000	213.690619	134.951173	
64.688835	45.000071	218.536922	224.906159	135.047350	134.988554	45.736540	315.581824	315.731813	22.362957	33.415992	0.000000	60.701087	44.999331	223.658867	202.290622	134.999977	224.864233	225.012066	224.704973	134.999998	330.529576	89.381713	46.482657	173.022070	130.656084	135.726294	74.655518	56.584401	317.946399	0.000000	33.627756	359.922742	97.691191	45.001326	224.907650	136.482634	137.930395	134.902707	224.463537	180.000000	213.690619	134.951173	
64.955036	45.000071	218.536922	224.906159	135.047350	134.988554	45.736540	315.581823	315.731813	22.362957	33.415992	0.000000	60.701087	44.999331	223.658867	202.290622	134.999977	224.864233	225.012066	224.704973	134.999998	330.529576	94.414159	46.482645	173.022070	130.513010	135.726294	74.655518	56.584401	317.944784	0.000000	33.627756	359.922742	98.046136	45.001256	224.907650	136.482634	137.930395	134.902707	224.553667	180.000000	213.690619	134.951173	
65.144517	45.000071	218.536922	224.906159	135.047350	134.988554	45.542448	315.581823	315.731813	22.362957	33.415992	0.000000	60.701087	44.999513	223.658867	202.290622	134.999977	224.864233	225.012066	224.704973	134.999998	330.529576	89.877429	46.482639	173.022070	130.371757	135.726294	74.655518	56.584401	317.944105	0.000000	33.627756	359.922742	98.165514	45.001223	224.907650	136.482634	137.930395	134.902707	224.591514	180.000000	213.690619	134.951173	
65.306394	45.000071	218.536922	224.906159	135.047350	134.988554	45.451357	315.581823	315.731813	22.362957	33.415992	0.000000	60.701087	44.999595	223.658867	202.290622	134.999977	224.864233	225.012066	224.704973	134.999998	330.529576	94.564873	46.482636	173.022070	130.238483	135.726294	74.655518	56.584401	317.943819	0.000000	33.627756	359.922742	93.744800	45.001206	224.907650	136.482634	137.930395	134.902707	224.607409	180.000000	213.690619	134.951173	
65.462014	45.000071	218.536922	224.906159	135.047350	134.988554	45.408596	315.581823	315.731813	22.362957	33.415992	0.000000	60.701087	44.999633	223.658867	202.290622	134.999977	224.864233	225.012066	224.704973	134.999998	330.529576	96.774583	46.482635	173.022070	130.116339	135.726294	74.655518	56.584401	317.943699	0.000000	33.627756	359.922742	91.573358	45.001198	224.907650	136.482634	137.930395	134.902707	224.614086	180.000000	213.690619	134.951173	
65.620523	45.000071	218.536922	224.906159	135.047350	134.988554	45.388519	315.581823	315.731813	22.362957	33.415992	0.000000	60.701087	44.999650	223.658867	202.290622	134.999977	224.864233	225.012066	224.704973	134.999998	330.529576	91.082182	46.482634	173.022070	130.007028	135.726294	74.655518	56.584401	317.943648	0.000000	33.627756	359.922742	90.501941	45.001195	224.907650	136.482634	137.930395	134.902707	224.616891	180.000000	213.690619	134.951173	
65.785728	45.000071	218.536922	224.906159	135.047350	134.988554	45.379091	315.581823	315.731813	22.362957	33.415992	0.000000	60.701087	44.999657	223.658867	202.290622	134.999977	224.864233	225.012066	224.704973	134.999998	330.529576	95.002441	46.482634	173.022070	129.911540	135.726294	74.655518	56.584401	317.943627	0.000000	33.627756	359.922742	89.952141	45.001193	224.907650	136.482634	137.930395	134.902707	224.618069	180.000000	213.690619	134.951173	
65.959104	45.000071	218.536922	224.906159	135.047350	134.988554	45.374662	315.581823	315.731813	22.362957	33.415992	0.000000	60.701087	44.999661	223.658867	202.290622	134.999977	224.864233	225.012066	224.704973	134.999998	330.529576	96.863343	46.482634	173.022070	139.536576	135.726294	74.655518	56.584401	317.943618	0.000000	33.627756	359.922742	89.418523	45.001192	224.907650	136.482634	137.930395	134.902707	224.618565	180.000000	213.690619	134.964453	
66.141116	45.000071	218.536922	224.906159	135.047350	134.988554	45.372581	315.581823	315.731813	22.362957	33.415992	0.000000	60.701087	44.999662	223.658867	202.290622	134.999977	224.864233	225.012066	224.704973	134.999998	330.529576	97.708687	46.482634	173.022070	144.108898	135.726294	74.655518	56.584401	317.943614	0.000000	33.627756	359.922742	88.910268	45.001191	224.907650	136.482634	137.930395	134.902707	224.618773	180.000000	213.690619	134.970479	
66.331786	45.000071	218.536922	224.906159	135.047350	134.988554	45.371603	315.581823	315.731813	22.362957	33.415992	0.000000	60.701087	44.999663	223.658867	202.290622	134.999977	224.864233	225.012066	224.704973	134.999998	330.529576	98.058302	46.482634	173.022070	146.230797	135.726294	74.655518	56.584401	317.943613	0.000000	33.627756	359.922742	88.432313	45.001191	224.907650	136.482634	137.930395	134.902707	224.618860	180.000000	213.690619	134.973214	
66.530942	45.000071	218.536922	224.906159	135.047350	134.988554	45.371144	315.581823	315.731813	22.362957	33.415992	0.000000	60.701087	44.999663	223.658867	202.290622	134.999977	224.864233	225.012066	224.704973	134.999998	330.529576	98.171247	46.482634	173.022070	147.166111	135.726294	74.655518	56.584401	317.943612	0.000000	33.627756	359.922742	87.987411	45.001191	224.907650	136.482634	137.930395	134.902707	224.618897	180.000000	213.690619	134.974456	
66.738332	45.000071	218.536922	224.906159	135.047350	134.988554	45.370928	315.581823	315.731813	22.362957	33.415992	0.000000	60.701087	44.999664	223.658867	202.290622	134.999977	224.864233	225.012066	224.704973	134.999998	330.529576	98.176737	46.482634	173.022070	147.528945	135.726294	74.655518	56.584401	317.943612	0.000000	33.627756	359.922742	87.577137	45.001191	224.907650	136.482634	137.930395	134.902707	224.618913	180.000000	213.690619	134.975020	
66.953666	45.000071	220.288844	224.906159	135.047350	134.988554	45.370826	315.581823	315.731813	22.362957	33.415992	0.000000	60.701087	44.999664	223.658867	202.290622	134.999977	224.864233	225.012066	224.704973	134.999998	330.529576	93.658700	46.482634	173.022070	147.617777	135.726294	74.655518	56.584401	317.943612	0.000000	33.627756	12.121741	87.202384	45.001191	224.907650	136.482634	137.930395	134.902707	224.618919	180.000000	213.690619	134.975275	
59.968002	45.000071	221.083722	224.906159	135.047350	134.988554	45.370778	315.581823	315.731813	22.362957	33.415992	0.000000	60.701087	44.999664	223.658867	202.290622	134.999977	224.864233	225.012066	224.704973	134.999998	330.529576	91.447973	46.482634	173.022070	147.577788	135.726294	74.655518	56.584401	317.943612	0.000000	33.627756	17.649338	86.863614	45.001191	224.907650	136.482634	137.930395	134.929177	224.618922	180.000000	213.690619	134.975392	
57.006427	45.000053	221.444458	224.906159	135.047350	134.988554	45.370756	315.581823	315.731813	22.362957	33.415992	0.000000	60.701087	44.999664	223.658867	202.290622	134.999977	224.864233	225.012066	224.704973	134.999998	330.529576	90.364735	46.482634	173.022070	147.479702	135.726294	74.655518	56.584401	317.943612	0.000000	33.627756	20.160552	86.560991	45.001191	224.907650	136.482634	137.930395	134.941189	224.618923	180.000000	213.690619	134.975445	
63.513508	45.000044	221.608204	224.906159	135.047350	134.988554	45.370745	315.581823	315.731813	22.362957	33.415992	0.000000	60.701087	44.999664	223.658867	202.290622	134.999977	224.864233	225.012066	224.704973	134.999998	330.529576	89.625404	46.482634	173.022070	147.358065	135.726294	74.655518	53.062366	317.943612	0.000000	33.627756	21.302225	86.294456	45.001191	224.907650	136.482634	137.930395	134.946640	224.618923	180.000000	213.690619	134.975469	
58.736721	45.000040	221.682546	224.906159	135.047350	134.988554	45.370740	315.581823	315.731813	22.362957	33.415992	0.000000	60.701087	44.999664	223.658867	202.290622	134.999977	224.864233	225.012066	224.704973	134.999998	330.529576	89.010992	46.482634	173.022070	147.229835	135.726294	74.655518	51.717627	317.943612	0.000000	33.627756	21.821436	86.063777	45.001191	224.907650	136.482634	137.930395	134.949115	224.618924	180.000000	213.690619	134.975479	
56.810566	45.000038	221.716306	224.906159	135.047350	134.988554	45.370738	315.581823	315.731813	22.362957	33.415992	0.000000	60.701087	44.999664	223.658867	202.290622	134.999977	224.864233	225.012066	224.704973	134.999998	326.435122	88.475739	46.482634	173.022070	147.103418	135.726294	74.655518	51.203953	317.943612	0.000000	33.627756	22.057625	85.868577	45.001191	224.907650	136.082508	137.930395	134.950238	224.618924	180.000000	213.690619	134.975484	
56.138623	45.000037	221.731639	224.906159	135.047350	134.988554	45.370737	315.581823	315.731813	22.362957	33.415992	0.000000	60.701087	44.999664	223.658867	202.290622	134.999977	224.864233	225.012066	224.704973	134.999998	324.513626	87.997576	46.482634	187.959589	146.983059	135.726294	74.655518	51.007700	317.943612	0.000000	33.627756	22.165093	85.708361	45.001191	224.907650	135.900976	137.930395	134.950748	224.618924	180.000000	213.690619	134.975487	
56.019411	45.000036	221.738605	224.906159	135.047350	134.988554	45.370736	315.581823	315.731813	22.362957	33.415992	0.000000	60.701087	44.999664	223.658867	202.290622	134.999977	224.864233	225.012066	224.704973	134.999998	323.611499	87.565890	46.482634	194.207273	146.870969	135.726294	74.655518	50.932710	317.943612	0.000000	33.627756	22.214005	85.582539	45.001191	224.907650	135.818601	137.930395	134.950980	224.618924	180.000000	213.690619	134.975488	
56.146387	45.000036	221.741770	224.906159	135.047350	134.988554	45.370736	315.581823	315.731813	22.362957	33.415992	0.000000	60.701087	44.999664	223.658867	202.290622	134.999977	224.864233	225.012066	224.704973	134.999998	323.187846	87.175583	46.482634	196.834039	146.768367	135.726294	74.655518	50.904051	317.943612	0.000000	33.627756	22.236272	85.490443	45.001191	224.907650	135.781214	137.930395	134.951086	224.618924	180.000000	213.690619	134.975488	
56.386248	45.000036	221.743209	224.906159	135.047350	134.988554	45.370736	315.581823	315.731813	22.362957	33.415992	0.000000	60.701087	44.999664	223.658867	202.290622	134.999977	224.864233	225.012066	224.704973	134.999998	322.988846	86.824173	46.482634	197.939606	146.675979	135.726294	74.655518	50.893097	317.943612	0.000000	33.627756	22.246411	85.431345	45.001191	224.932085	135.764242	137.930395	134.951133	224.618924	180.000000	213.690619	134.975488	
56.681237	45.000036	221.743863	224.906159	135.047350	134.988554	45.370736	315.581823	315.731813	22.362957	33.415992	0.000000	60.701087	44.999664	223.658867	202.290622	134.999977	224.864233	225.012066	224.704973	134.999998	322.895349	86.510385	46.482634	198.405089	146.594289	135.726294	74.655518	50.888910	317.943612	0.000000	33.627756	22.251029	85.404468	45.001191	224.943554	135.756536	137.930395	134.951155	224.618924	180.000000	213.690619	134.975489	
57.006366	45.000036	221.744160	224.906159	135.047350	134.988554	45.370736	315.581823	315.731813	22.362957	33.415992	0.000000	60.701087	44.999664	223.658867	202.290622	134.999977	224.901111	225.012066	224.704973	134.999998	322.851411	86.233462	46.482634	198.601120	146.523650	135.726294	74.655518	50.887309	317.943612	0.000000	33.627756	22.253133	85.409006	45.001191	224.948939	135.753036	137.930395	134.951165	224.618924	180.000000	213.690619	134.975489	
57.350807	45.000036	221.744295	224.906159	135.047350	134.988554	45.370736	315.581823	315.731813	22.362957	33.415992	0.000000	60.701087	44.999664	223.658867	202.290622	134.999977	224.917844	225.012066	224.704973	134.999998	322.830758	85.992839	46.482634	198.683693	146.464344	135.726294	74.655518	50.886697	317.943612	0.000000	33.627756	22.254092	85.444127	45.001191	224.951467	135.751447	137.930395	134.951170	224.618924	180.000000	213.690619	134.975489	
57.709820	45.000036	221.744357	224.906159	135.047350	134.988554	45.370736	315.581823	315.731813	22.362957	33.415992	0.000000	60.701087	44.999664	223.658867	202.290622	134.999977	224.925439	225.012066	224.704973	134.999998	322.821047	85.787989	46.482634	198.718482	146.416613	135.726294	74.655518	50.886463	317.943612	0.000000	33.627756	22.254529	85.508990	45.001191	224.952654	135.750724	137.930395	134.951172	224.618924	180.000000	213.690619	134.975489	
58.081288	45.000036	221.744385	224.906159	135.047350	134.988554	45.370736	315.581823	315.731813	22.362957	33.415992	0.000000	60.701087	44.999664	223.658867	202.290622	134.999977	224.928886	225.012066	224.704973	134.999998	322.816481	85.618353	46.482634	198.733142	146.380668	135.726294	74.655518	50.886374	317.943612	0.000000	33.627756	22.254728	92.791857	45.001191	224.953212	135.750396	137.930395	134.951172	224.618924	180.000000	213.690619	134.975489	
58.464225	45.000036	221.744398	224.906159	135.047350	134.988554	45.370736	315.581823	315.731813	22.362957	33.415992	0.000000	60.701087	44.999664	223.658867	202.290622	134.999977	224.930451	225.012066	224.704973	134.999998	322.814333	85.483317	46.482634	198.739322	146.356698	135.726294	74.655518	50.886339	317.943612	0.000000	33.627756	22.254819	89.058293	45.001191	224.953474	135.750247	137.930395	134.951173	224.618924	180.000000	213.690619	134.975489	
58.858131	45.000036	221.744403	224.906159	135.047350	134.988554	45.370736	315.581823	315.731813	22.362957	33.415992	0.000000	60.701087	44.999664	223.658867	202.290622	134.999977	224.931162	225.012066	224.704973	134.999998	322.813322	85.382210	46.482634	198.741927	146.344870	135.726294	74.655518	50.886326	317.943612	0.000000	33.627756	22.254861	87.292928	45.001191	224.953597	135.750179	137.930395	134.951173	224.618924	180.000000	213.690619	134.975489	
59.262732	45.000036	221.744406	224.906159	135.047350	134.988554	45.370736	315.581823	315.731813	22.362957	33.415992	0.000000	60.701087	44.999664	223.658867	202.290622	134.999977	224.931484	225.012066	224.704973	134.999998	322.812846	85.314304	46.482634	198.743026	146.345335	135.726294	74.655518	50.886321	317.943612	0.000000	33.627756	22.254880	93.516183	45.001191	224.953655	135.750148	137.930395	134.951173	224.618924	180.000000	213.690619	134.975489	
59.677853	45.000036	221.744407	224.906159	135.047350	134.988554	45.370736	315.581823	315.731813	22.362957	33.415992	0.000000	60.701087	44.999664	223.658867	202.290622	134.999977	224.931631	225.012066	224.704973	134.999998	322.812622	85.278831	46.482634	198.743489	146.358225	135.726294	74.655518	50.886319	317.943612	0.000000	33.627756	22.254888	89.492109	45.001191	224.953683	135.750134	137.930395	134.951173	224.618924	180.000000	213.690619	134.975489	
60.103375	45.000036	221.744408	224.906159	135.047350	134.988554	45.370736	315.581823	315.731813	22.362957	33.415992	0.000000	60.701087	44.999664	223.658867	202.290622	134.999977	224.931698	225.012066	224.704973	134.999998	322.812517	85.274985	46.482634	198.743684	146.383654	135.726294	74.655518	50.886319	317.943612	0.000000	33.627756	22.254892	94.486635	45.001191	224.953695	135.750128	137.930395	134.951173	224.618924	180.000000	213.690619	134.975489	
60.539213	45.000036	221.744408	224.906159	135.047350	134.988554	45.370736	315.581823	315.731813	22.362957	33.415992	0.000000	60.701087	44.999664	223.658867	202.290622	134.999977	224.931728	225.012066	224.704973	134.999998	322.812467	85.301940	46.482634	198.743767	146.421718	135.726294	74.655518	50.886318	317.943612	0.000000	33.627756	22.254894	90.019533	45.001191	224.953701	135.750125	137.930395	134.951173	224.618924	180.000000	213.690619	134.975489	
60.985303	45.000036	221.744408	224.906159	135.047350	134.988554	45.370736	315.581823	315.731813	22.362957	33.415992	0.000000	60.701087	44.999664	223.658867	202.290622	134.999977	224.931742	225.012066	224.704973	134.999998	322.812444	85.358856	46.482634	198.743802	146.472497	135.726294	74.655518	50.886318	317.943612	0.000000	33.627756	22.254895	94.664766	45.001191	224.953704	135.750124	137.930395	134.951173	224.618924	180.000000	213.690619	134.975489	
68.538436	45.000036	221.744408	224.906159	135.047350	134.988554	45.370736	315.581823	315.731813	22.362957	36.747156	0.000000	60.701087	44.999664	223.658867	202.290622	134.999977	224.931748	225.012066	224.704973	134.999998	322.812433	92.679155	46.482634	198.743816	146.536052	135.726294	74.655518	50.886318	317.943612	0.000000	33.627756	22.254895	96.860685	45.001191	224.953706	135.750123	137.930395	134.951173	224.618924	180.000000	213.690619	134.975489	
64.718738	45.000036	221.744408	224.906159	135.047350	134.988554	45.370736	315.581823	315.731813	22.362957	38.145624	0.000000	60.701087	44.999664	223.658867	202.290622	134.999977	224.931751	225.012066	224.704973	134.999998	322.812427	88.914908	46.482634	198.743823	146.612425	135.726294	74.655518	50.886318	317.943612	0.000000	33.627756	22.254895	91.261651	45.001191	224.953706	135.750123	137.930395	134.951173	224.618924	180.000000	213.690619	134.975489	
70.467052	45.000036	221.744408	224.906159	135.047350	134.988554	45.370736	315.581823	315.731813	22.362957	38.732956	0.000000	60.701087	44.999664	223.658867	202.290622	134.999977	224.931752	225.012066	224.704973	134.999998	322.812425	87.130557	46.482634	198.743825	146.701643	135.726294	74.655518	50.886318	317.943612	0.000000	33.627756	22.254895	95.138851	45.001191	224.953707	135.750123	137.930395	134.951173	224.618924	180.000000	213.690619	134.975489	
73.151495	45.000036	221.744408	224.906159	135.047350	134.988554	45.370736	315.423842	315.731813	22.362957	38.979677	0.000000	60.701087	44.999664	223.658867	202.290622	134.999977	224.931753	225.012066	224.704973	134.999998	322.812424	93.391182	46.482634	198.743826	146.803712	135.726294	74.655518	50.886318	317.943612	0.000000	33.627756	22.254896	96.985046	45.001191	224.953707	135.750123	137.930395	134.951173	224.618924	180.000000	213.690619	134.975489	
74.432419	45.000036	221.744408	224.906159	135.047350	134.988554	45.370736	315.352158	315.731813	22.362957	39.083334	0.000000	60.701087	44.999664	223.658867	202.290622	134.999977	224.931753	225.012066	224.704973	134.999998	322.812423	89.331175	46.482634	198.743827	146.918621	135.726294	74.655518	50.886318	317.943612	0.000000	33.627756	22.254896	97.829462	45.001191	224.953707	135.750123	137.930395	134.951173	224.618924	180.000000	213.690619	134.975489	
75.074837	45.000036	221.744408	224.906159	135.047350	134.988554	45.370736	315.319626	315.731813	22.362957	39.126893	0.000000	60.701087	44.999664	223.658867	202.290622	134.999977	224.931753	225.012066	224.704973	134.999998	322.812423	94.357937	46.482634	198.743827	147.046341	135.726294	74.655518	50.886318	317.943612	0.000000	33.627756	22.254896	98.184906	45.001191	224.953707	135.750123	137.930395	134.951173	224.618924	180.000000	213.690619	134.975489	
75.431428	45.000036	221.744408	224.906159	135.047350	134.988554	45.370736	315.304859	315.731813	22.362957	39.145199	0.000000	60.701087	44.999664	223.658867	202.290622	134.999977	224.931753	225.012066	224.704973	134.999998	322.812423	89.849215	46.082508	198.743827	147.186823	135.726294	74.655518	50.886318	317.943612	0.000000	33.627756	22.254896	98.307043	45.001191	224.953707	135.750123	137.930395	134.951173	224.618924	180.000000	213.690619	134.975489	
75.664562	45.000036	221.744408	224.906159	135.047350	134.988554	45.370736	315.298154	315.731813	22.362957	39.152895	0.000000	60.701087	44.999664	223.658867	202.290622	134.999977	224.931753	225.012066	224.704973	134.999998	322.812423	94.527213	45.900976	198.743827	147.340003	135.726294	74.655518	50.886318	317.943612	0.000000	33.627756	22.254896	93.830864	45.001191	224.953707	135.750123	137.930395	134.951173	224.618924	180.000000	213.690619	134.975489	
75.848832	45.000036	221.744408	224.906159	135.047350	134.988554	45.370736	315.295110	315.731813	22.362957	39.156130	0.000000	60.701087	44.999664	223.658867	202.290622	134.999977	224.931753	225.012066	224.704973	134.999998	322.812423	96.736677	45.818601	198.743827	147.505797	135.726294	74.655518	50.886318	317.943612	0.000000	33.627756	22.254896	91.636364	45.001191	224.953707	135.750123	137.930395	134.951173	224.618924	180.000000	213.690619	134.975489	
75.615781	45.000036	221.744408	224.906159	135.047350	134.988554	45.370736	315.293727	315.731813	22.362957	39.157491	0.000000	60.701087	44.999664	223.658867	202.290622	134.999977	224.931753	225.012066	224.704973	134.999998	322.812423	91.082223	45.781214	198.743827	147.684105	135.726294	74.655518	50.886318	317.943612	0.000000	33.627756	22.254896	90.557147	45.001191	224.953707	135.750123	137.930395	134.951173	224.618924	180.000000	213.690619	134.975489	
75.549277	45.000036	221.744408	224.906159	135.047350	134.988554	45.370736	315.293099	315.731813	22.362957	39.158063	0.000000	60.701087	44.999664	223.658867	202.290622	134.999977	224.931753	225.012066	224.704973	134.999998	322.812423	94.990063	45.764242	198.743827	147.874810	135.726294	74.655518	50.886318	317.943612	0.000000	33.627756	22.254896	89.917683	45.001191	224.953707	135.750123	137.930395	134.951173	224.618924	180.000000	213.690619	134.975489	
75.563905	45.000036	221.744408	224.906159	135.047350	134.988554	45.370736	315.292813	315.731813	22.362957	39.158304	0.000000	60.701087	44.999664	223.658867	202.290622	134.999977	224.931753	225.012066	224.704973	134.999998	322.812423	96.848895	45.756536	198.743827	148.077780	135.726294	74.655518	50.886318	317.943612	0.000000	33.627756	22.254896	89.345756	45.000885	224.953707	135.750123	137.930395	134.951173	224.618924	180.000000	213.690619	134.975489	
75.621202	45.000036	221.744408	224.906159	135.047350	134.988554	45.370736	315.292684	315.731813	22.362957	39.158405	0.000000	60.701087	44.999664	223.658867	202.290622	134.999977	224.931753	225.012066	224.704973	134.999998	322.812423	97.697065	45.753036	198.743827	152.056063	135.726294	74.655518	50.886318	317.943612	0.000000	33.627756	22.254896	88.824572	45.000737	224.953707	135.750123	137.930395	134.951173	224.618924	180.000000	213.690619	134.975489	
75.703829	45.000036	221.744408	224.906159	135.047350	134.988554	45.370736	315.292625	315.731813	22.362957	39.158448	0.000000	60.701087	44.999664	223.658867	202.290622	134.999977	224.931753	225.012066	224.704973	134.999998	322.812423	98.051855	45.751447	198.743827	153.865095	135.726294	74.655518	50.886318	317.943612	0.000000	33.627756	22.254896	88.346319	45.000665	224.953707	135.750123	137.930395	134.951173	224.618924	180.000000	213.690619	134.975489	
75.803927	45.000036	221.744408	224.906159	135.047350	134.988554	45.370736	315.292598	315.731813	22.362957	39.158466	0.000000	60.701087	44.999664	223.658867	202.290622	134.999977	224.931753	225.012066	224.704973	134.999998	322.812423	98.171126	45.750724	198.743827	154.720056	135.726294	74.655518	50.886318	317.943612	0.000000	33.627756	22.254896	87.907452	45.000631	224.953707	135.750123	137.930395	134.951173	224.618924	180.000000	213.690619	134.975489	
75.917876	45.000036	221.744408	224.906159	135.047350	134.988554	45.370736	315.292586	315.731813	22.362957	39.158473	0.000000	60.701087	44.999664	223.658867	202.290622	134.999977	224.931753	225.012066	224.704973	134.999998	322.812423	93.749321	45.750396	198.743827	155.160337	135.726294	74.655518	50.886318	317.943612	0.000000	33.627756	22.254896	87.506404	45.000614	224.953707	135.750123	137.930395	134.951173	224.618924	180.000000	213.690619	134.975489	
76.043946	45.000036	221.744408	224.906159	135.047350	134.988554	45.370736	315.292580	315.731813	22.362957	39.158476	0.000000	60.701087	44.999664	223.658867	202.290622	134.999977	224.931753	225.012066	224.704973	134.999998	322.812423	91.577346	45.750247	198.743827	155.424521	135.726294	74.655518	50.886318	317.943612	0.000000	33.627756	22.254896	87.142479	45.000606	224.953707	135.750123	137.930395	134.951173	224.618924	180.000000	213.690619	134.975489	
76.181245	45.000036	221.744408	224.906159	135.047350	134.988554	45.370736	315.292577	315.731813	22.362957	39.158478	0.000000	60.701087	44.999664	223.658867	202.290622	134.999977	224.931753	225.012066	224.704973	134.999998	322.812423	90.505663	45.750179	198.743827	155.617614	135.726294	74.655518	50.886318	317.943612	0.000000	33.627756	22.254896	86.815324	45.000602	224.953707	135.750123	137.930395	134.951173	224.618924	180.000000	213.690619	134.975489	
76.329251	45.000036	221.744408	224.906159	135.047350	134.988554	45.272955	315.292576	315.731813	22.362957	39.158478	0.000000	60.701087	44.999664	223.658867	202.290622	134.999977	224.931753	225.012066	224.704973	134.999998	322.812423	89.955949	45.750148	198.743827	155.785545	135.726294	74.655518	50.886318	317.943612	0.000000	33.627756	22.254896	86.524671	45.000600	224.953707	135.750123	137.930395	134.951173	224.618924	180.000000	213.690619	134.975489	
76.487605	45.000036	221.744408	224.906159	135.047350	134.988554	45.227064	315.292576	315.731813	22.362957	39.158479	0.000000	60.701087	44.999664	223.658867	202.290622	134.999977	224.931753	225.012066	224.704973	134.999998	322.812423	89.422357	45.750134	198.743827	155.948222	135.726294	74.655518	50.886318	317.943612	0.000000	33.627756	22.254896	86.270221	45.000599	224.953707	135.750123	137.930395	134.951173	224.618924	180.000000	213.690619	134.975489	
76.656021	45.000036	221.744408	224.906159	135.047350	134.988554	45.205521	315.292576	315.731813	22.362957	39.158479	0.000000	60.701087	44.999664	223.658867	202.290622	134.999977	224.931753	225.012066	224.704973	134.999998	322.812423	88.914099	45.750128	198.743827	156.114147	135.726294	74.655518	50.886318	317.096862	0.000000	33.627756	22.254896	86.051604	45.000599	224.953707	135.750123	137.930395	134.951173	224.618924	180.000000	213.690619	134.975489	
72.878133	45.000036	221.744408	224.906159	135.047350	134.988554	45.195406	315.292575	315.731813	22.362957	39.158479	0.000000	60.701087	44.999755	223.658867	202.290622	134.999977	224.931753	225.012066	224.704973	134.999998	322.812423	88.436127	45.750125	198.743827	156.286838	135.726294	74.655518	50.886318	316.741317	0.000000	33.627756	22.254896	85.868355	45.000598	224.953707	135.750123	137.930395	134.951173	224.618924	180.000000	213.690619	134.975489	
71.161359	45.000036	221.744408	224.906159	135.047350	134.988554	45.190656	315.292575	315.731813	22.362957	39.158479	0.000000	60.701087	44.999796	223.658867	202.290622	134.999977	224.931753	225.012066	224.704973	134.999998	322.812423	87.991201	45.750124	198.743827	156.467645	135.726294	74.655518	50.886318	316.592000	0.000000	33.627756	22.254896	85.719923	45.000598	224.953707	135.750123	137.930395	134.951173	224.618924	180.000000	213.690619	134.975489	
70.403716	45.000036	221.744408	224.906159	135.047350	134.988554	45.188425	315.292575	315.731813	22.362957	39.158479	0.000000	60.701087	44.999815	223.658867	202.290622	134.999977	224.931753	225.012066	224.704973	134.999998	322.812423	87.580900	45.750123	198.743827	156.656978	135.726294	74.655518	50.886318	316.529282	0.000000	33.627756	22.254896	85.605681	45.000598	224.953707	135.750123	137.930395	134.951173	224.618924	180.000000	213.690619	134.975489	
70.097887	45.000036	221.744408	224.906159	135.047350	134.988554	45.187376	315.292575	315.731813	22.362957	39.158479	0.000000	60.701087	44.999824	223.658867	202.290622	134.999977	224.931753	225.012066	224.704973	134.999998	322.812423	87.206117	45.750123	198.743827	156.854839	135.726294	74.655518	50.886318	316.502933	0.000000	33.627756	22.254896	85.524931	45.000598	224.953707	135.750123	137.930395	134.951173	224.618924	180.000000	213.690619	134.975489	
70.010415	45.000036	221.744408	224.906159	135.047350	134.988554	45.186883	315.292575	315.731813	22.362957	39.158479	0.000000	60.701087	44.999828	223.658867	202.290622	134.999977	224.931753	225.012066	224.704973	134.999998	322.812423	86.867317	45.750123	198.743827	157.061053	135.726294	74.655518	50.886318	316.491862	0.000000	33.627756	22.254896	85.476924	45.000598	224.953707	135.750123	137.930395	134.951173	224.618924	180.000000	213.690619	134.975489	
70.033903	45.000036	221.744408	224.906159	135.047350	134.988554	45.186652	315.292575	315.731813	22.362957	39.158479	0.000000	60.701087	44.999829	223.658867	202.290622	134.999977	224.931753	225.012066	224.704973	134.999998	322.812423	86.564663	45.750123	198.743827	157.275369	135.726294	74.655518	50.886318	316.487210	0.000000	33.627756	22.254896	85.460872	45.000598	224.953707	135.750123	137.930395	134.951173	224.618924	180.000000	213.690619	134.975489	
70.118873	45.000027	221.744408	224.906159	135.047350	134.988554	45.186543	315.292575	315.731813	22.362957	39.158479	0.000000	60.701087	44.999830	223.658867	202.290622	134.999977	224.931753	225.012066	224.704973	134.999998	322.812423	86.298099	45.750123	198.743827	157.497507	135.726294	74.655518	50.886318	316.485254	0.000000	33.627756	22.254896	85.475957	45.000598	224.953707	135.750123	137.930395	134.951173	224.728180	180.000000	213.690619	134.975489	
70.242416	45.000022	221.744408	224.906159	135.047350	134.988554	45.186492	315.292575	315.731813	22.362957	39.158479	0.000000	60.701087	44.999831	223.658867	202.290622	134.999977	224.931753	225.012066	224.704973	134.999998	322.812423	86.067390	45.750123	198.743827	150.553506	135.726294	74.655518	50.886318	316.484432	0.000000	33.627756	22.254896	85.521344	45.000598	224.953707	135.750123	137.930395	134.951173	224.774054	180.000000	213.690619	134.975489	
70.393781	45.000020	221.744408	224.906159	135.047350	134.988554	45.186468	315.292575	315.731813	22.362957	39.158479	0.000000	60.701087	44.999831	223.658867	202.290622	134.999977	224.931753	225.012066	224.704973	134.999998	322.812423	85.872160	45.750123	198.743827	147.621251	135.726294	74.655518	50.886318	316.484087	0.000000	33.627756	22.254896	92.821851	45.000598	224.953707	135.750123	137.930395	134.951173	224.793318	180.000000	213.690619	134.975489	
70.567784	45.000019	221.744408	224.906159	135.047350	134.988554	45.186456	315.292575	315.731813	22.362957	39.158479	0.000000	60.701087	44.999831	223.658867	202.290622	134.999977	224.931753	225.012066	224.704973	134.999998	322.812423	85.711915	45.750123	198.743827	154.103706	135.726294	74.655518	50.886318	316.483941	0.000000	33.627756	22.254896	89.052374	45.000598	224.953707	135.750123	137.930395	134.951173	224.801409	180.000000	213.690619	134.975489	
70.761783	45.000018	222.628011	224.906159	135.047350	134.988554	45.186451	315.292575	315.731813	22.362957	39.158479	0.000000	60.701087	44.999831	223.658867	202.290622	134.999977	224.931753	225.012066	224.704973	134.999998	322.812423	85.586065	45.750123	198.743827	149.360755	135.726294	74.655518	50.886318	316.483880	0.000000	33.627756	22.254896	87.259590	45.000598	224.953707	135.750123	137.930395	134.951173	224.804808	180.000000	213.690619	134.975489	
70.974305	45.000018	223.028935	224.906159	135.047350	134.988554	45.186448	315.292575	315.731813	22.362957	39.158479	0.000000	60.701087	44.999831	223.658867	202.290622	134.999977	224.931753	225.012066	224.704973	134.999998	320.752305	85.493942	45.750123	206.274878	147.457197	135.726294	74.655518	50.886318	316.483854	0.000000	33.627756	22.254896	93.508791	45.000598	224.953707	135.750123	137.930395	134.951173	224.806236	180.000000	213.690619	134.975489	
71.204417	45.000018	223.210888	224.906159	135.047350	134.988554	45.186447	315.292575	315.731813	22.362957	39.158479	0.000000	60.701087	44.999831	223.658867	202.290622	134.999977	224.931753	225.012066	224.704973	134.999998	319.785449	85.434817	45.750123	209.433819	146.801406	135.726294	74.655518	50.886318	316.483844	0.000000	33.627756	22.254896	89.441262	45.000598	224.953707	135.750123	137.930395	134.951173	224.806836	180.000000	213.690619	134.975489	
71.451446	45.000018	223.293480	224.906159	135.047350	134.988554	45.186447	315.292575	315.731813	22.362957	39.158479	0.000000	60.701087	44.999831	223.658867	202.290622	134.999977	224.931753	225.012066	224.704973	134.999998	319.331564	85.407916	45.750123	210.760730	146.694943	135.726294	74.655518	50.886318	316.483839	0.000000	33.627756	22.254896	94.460553	45.000598	224.953707	135.750123	137.930395	134.951173	224.807088	180.000000	213.690619	134.975489	
71.714845	45.000018	223.330978	224.906159	135.047350	134.988554	45.186446	315.292575	315.731813	22.362957	39.158479	0.000000	60.701087	44.999831	223.658867	202.290622	134.999977	224.931753	225.012066	224.704973	134.999998	319.118442	85.412429	45.750123	211.318315	146.832961	135.726294	74.655518	50.886318	316.483837	0.000000	33.627756	22.254896	89.942575	45.000598	224.953707	135.750123	137.930395	134.951173	224.807194	180.000000	213.690619	134.975489	
71.994137	45.000018	223.348006	224.906159	135.047350	134.988554	45.186446	315.292575	315.731813	22.362957	39.158479	0.000000	60.701087	44.999831	223.658867	202.290622	134.999977	224.931753	225.012066	224.704973	134.999998	319.018348	85.447526	45.750123	211.552668	147.083036	135.726294	74.655518	50.886318	316.483836	0.000000	33.627756	22.254896	94.616315	45.000598	224.953707	135.547728	137.930395	134.951173	224.807238	180.000000	213.690619	134.975489	
80.911014	45.000018	223.355740	224.906159	135.047350	134.988554	45.186446	315.292575	315.731813	22.362957	39.158479	0.000000	60.701087	44.999831	223.658867	202.290622	134.999977	224.931753	225.012066	224.704973	134.999998	318.971328	85.512366	45.750123	211.651185	147.387842	135.726294	74.655518	50.886318	316.483836	348.392248	33.627756	22.254896	96.820674	45.000598	224.965966	135.455904	137.930395	134.951173	224.807257	180.000000	213.690619	134.975489	
76.229962	45.000018	223.359253	224.906159	135.047350	134.988554	45.186446	315.292575	315.731813	22.362957	39.158479	0.000000	60.701087	44.999831	223.658867	202.290622	134.999977	224.931753	225.012066	224.704973	134.999998	318.949234	92.794601	45.750123	211.692607	147.722600	135.726294	74.655518	50.886318	316.483836	342.771521	33.627756	22.254896	91.153316	45.000598	224.971720	135.414237	137.930395	134.951173	224.807265	180.000000	213.690619	134.975489	
74.342333	45.000018	223.360850	224.906159	135.047350	134.988554	45.186446	315.292575	315.731813	22.362957	39.158479	0.000000	60.701087	44.999831	223.658867	202.290622	134.999977	224.931753	225.012066	224.704973	134.999998	318.938851	89.061341	45.750123	211.710026	148.076577	135.726294	74.655518	50.886318	316.483836	340.045507	33.627756	22.254896	95.060433	45.000598	224.974422	135.395325	137.930395	134.951173	224.807268	180.000000	213.690619	134.975489	
82.027437	45.000018	223.361576	224.906159	135.047350	134.988554	45.186446	315.292575	315.731813	22.362957	39.158479	0.000000	60.701087	44.999831	223.658867	202.290622	134.999977	224.931753	225.012066	224.704973	134.999998	318.933970	87.296112	45.750123	211.717352	148.445085	135.726294	74.655518	50.886318	316.483836	338.722636	33.627756	22.254896	96.916172	45.000598	224.975690	135.386741	137.930395	134.951173	224.807270	180.000000	213.690619	134.975489	
77.113462	45.000018	223.361905	224.906159	135.047350	134.988554	45.186446	315.292575	315.731813	22.362957	39.158479	0.000000	60.701087	44.999831	223.658867	202.290622	134.999977	224.931753	225.012066	224.704973	134.999998	318.931675	93.518820	45.750123	211.720434	148.826033	135.726294	74.655518	50.886318	316.483836	338.080450	33.627756	22.254896	97.760267	45.000598	224.976286	135.382843	137.930395	134.951173	224.807270	180.000000	213.690619	134.975489	
83.302833	45.000018	223.362055	224.906159	135.047350	134.988554	45.186446	315.292575	315.731813	22.362957	39.158479	0.000000	60.701087	44.999831	223.658867	202.290622	134.999977	224.950285	225.012066	224.704973	134.999998	318.930596	89.495088	45.750123	211.721731	149.218447	135.726294	74.655518	50.886318	316.483836	337.768607	33.627756	22.254896	98.110567	45.000598	224.976566	135.381073	137.930395	134.951173	224.807271	180.000000	213.690619	134.975489	
77.920142	45.000018	223.362124	224.906159	135.047350	134.988554	45.186446	315.292575	315.731813	22.362957	39.158479	0.000000	60.701087	44.999831	223.658867	202.290622	134.999977	224.958694	225.012066	224.704973	134.999998	318.930088	94.489165	45.750123	211.722277	149.621840	135.726294	74.655518	50.886318	316.483836	337.617131	33.627756	22.254896	98.225162	45.000598	224.976697	135.380269	137.930395	134.951173	224.807271	180.000000	213.690619	134.975489	
83.698901	45.000018	223.362155	224.906159	135.047350	134.988554	45.186446	315.292575	315.731813	22.362957	39.158479	0.000000	60.701087	44.999831	223.658867	202.290622	134.999977	224.962510	225.012066	224.704973	134.999998	318.929849	90.022454	45.750123	211.722507	150.035943	135.726294	74.655518	50.886318	316.483836	337.543530	33.627756	22.254896	98.232797	45.000598	224.976759	135.379903	137.930395	134.951173	224.807271	180.000000	213.690619	134.975489	
86.302383	45.000018	223.362169	224.906159	135.047350	134.988554	45.186446	315.292575	315.731813	22.362957	39.158479	0.000000	60.701087	44.999831	223.658867	202.290622	134.999977	224.964243	225.012066	224.704973	134.999998	318.929736	94.667263	45.750123	211.722603	150.460589	135.726294	74.655518	50.886318	316.483836	337.507757	33.627756	22.254896	93.690209	45.000598	224.976788	135.379737	137.930395	134.951173	224.807271	180.000000	213.690619	134.975489	
79.581411	45.000018	223.362175	224.906159	135.047350	134.988554	45.186446	315.292575	315.731813	22.362957	39.158479	0.000000	60.701087	44.999831	223.658867	202.290622	134.999977	224.965029	225.012066	224.704973	134.999998	318.929683	96.862973	45.750123	211.722644	150.895663	135.726294	74.655518	50.886318	316.483836	337.490364	33.627756	22.254896	91.469520	45.000598	224.976802	135.379662	137.930395	134.951173	224.807271	180.000000	213.690619	134.975489	
84.468190	45.000018	223.362178	224.906159	135.047350	134.988554	45.186446	315.292575	315.731813	22.362957	39.158479	0.000000	60.701087	44.999831	223.658867	202.290622	134.999977	224.965386	225.012066	224.704973	134.999998	318.929658	91.264455	45.750123	211.722661	151.341083	135.726294	74.655518	50.886318	316.483836	337.481905	33.627756	22.254896	90.383156	45.000598	224.976808	135.379628	137.930395	134.951173	224.807271	180.000000	213.690619	134.975489	
86.680975	45.000018	223.362179	224.906159	135.047350	134.988554	45.186446	315.292575	315.731813	22.362957	39.158479	0.000000	60.701087	44.999831	223.658867	202.290622	134.999977	224.965548	225.012066	224.704973	134.999998	318.929647	95.141291	45.750123	211.722669	159.035002	135.726294	74.655518	50.886318	316.483836	337.477789	33.627756	22.254896	89.599353	45.000598	224.976811	135.379612	137.930395	134.951173	224.807271	180.000000	213.690619	134.975489	
87.667475	45.000018	223.362180	224.906159	135.047350	134.988554	45.186446	315.292575	315.731813	22.362957	39.158479	0.000000	60.701087	44.999831	223.658867	202.290622	134.999977	224.965622	225.012066	224.704973	134.999998	318.929641	96.987308	45.750123	211.722672	155.139647	135.726294	74.655518	50.886318	316.483836	337.475786	33.627756	22.254896	88.965960	45.000598	224.976813	135.379605	137.930395	134.951173	224.807271	180.000000	213.690619	134.975489	
88.096171	45.000018	223.362180	224.906159	135.047350	134.988554	45.186446	315.292575	315.731813	22.362957	39.158479	0.000000	60.701087	44.999831	223.658867	202.290622	134.999977	224.965656	225.012066	224.704973	134.999998	318.929638	97.831640	45.750123	211.722673	160.985483	135.726294	74.655518	50.886318	316.483836	337.474811	33.627756	22.254896	88.424367	45.000598	224.976814	135.379602	137.930395	134.951173	224.807271	180.000000	213.690619	134.975489	
88.275907	45.000018	223.362180	224.906159	135.047350	134.988554	45.186446	315.292575	315.731813	22.362957	39.158479	0.000000	60.701087	44.999831	223.658867	202.290622	134.999977	224.965671	225.012066	224.704973	134.999998	318.929637	98.187046	45.750123	211.722673	163.711390	135.726294	74.655518	49.096448	316.483836	337.474336	33.627756	22.254896	87.946168	45.000598	224.976814	135.379600	137.930395	134.951173	224.807271	180.000000	213.690619	134.975489	
88.349344	45.000018	223.362180	224.906159	135.047350	134.988554	45.186446	315.292575	315.731813	22.362957	39.158479	0.000000	60.701087	44.999831	223.658867	202.290622	134.999977	224.965678	225.012066	224.704973	134.999998	318.929637	98.309169	45.750123	211.722674	165.006333	135.726294	74.655518	48.412902	316.483836	337.474105	33.627756	22.254896	87.517606	45.000598	224.976814	135.379600	137.930395	134.951173	224.807271	180.000000	213.690619	134.975489	
88.382347	45.000018	223.362181	224.906159	135.047350	134.988554	45.186446	315.292575	315.731813	22.362957	39.158479	0.000000	60.701087	44.999831	223.658867	202.290622	134.999977	224.965681	225.012066	224.704973	134.999998	318.929636	93.832438	45.750123	211.722674	165.649377	135.726294	74.655518	48.151802	316.483836	337.473992	33.627756	22.254896	87.132009	45.000598	224.976814	135.379599	137.930395	134.951173	224.807271	180.000000	213.690619	134.975489	
85.715837	45.000018	223.362181	224.906159	135.047350	134.988554	45.186446	315.292575	315.731813	22.362957	39.158479	0.000000	60.701087	44.999831	223.658867	202.290622	134.999977	224.965682	225.012066	224.704973	134.999998	318.929636	91.637687	45.750123	211.722674	166.000107	135.726294	74.655518	48.052052	316.483836	337.473937	33.627756	22.254896	86.786097	45.000598	224.976814	135.379599	137.930395	134.951173	224.807271	180.000000	213.690619	134.975489	
84.515531	45.000018	223.362181	224.906159	135.047350	134.988554	45.186446	315.292575	315.731813	22.362957	39.158479	0.000000	60.701087	44.999831	223.658867	202.290622	134.999977	224.965683	225.012066	224.704973	134.999998	318.929636	90.558363	45.750123	211.722674	166.224282	135.726294	74.655518	48.013940	316.483836	337.473910	33.627756	22.254896	86.478186	45.000598	224.976814	135.379599	137.930395	134.951173	224.807271	180.000000	213.690619	134.975489	
83.980857	45.000018	223.362181	224.906159	135.047350	134.988554	45.186446	315.213156	315.731813	22.362957	39.158479	0.000000	60.701087	44.999831	223.658867	202.290622	134.999977	224.965683	225.012066	224.704973	134.999998	318.929636	89.918479	45.750123	211.722674	166.398157	135.726294	74.655518	47.999376	316.483836	337.473897	33.627756	22.254896	86.207301	45.000598	224.976814	135.379599	137.930395	134.951173	224.807271	180.000000	213.690619	134.975489	
83.750550	45.000018	223.362181	224.906159	135.047350	134.988554	45.186446	315.177120	315.731813	22.362957	39.158479	0.000000	60.701087	44.999831	223.658867	202.290622	134.999977	224.965683	225.012066	224.704973	134.999998	318.929636	89.346369	45.750123	211.722674	166.061674	135.726294	74.655518	47.993809	316.483836	337.473891	33.627756	22.254896	85.972760	45.000598	224.976814	135.379599	137.930395	134.951173	224.807271	180.000000	213.690619	134.975489	
83.420519	45.000018	223.362181	224.906159	135.047350	134.988554	45.186446	315.160766	315.731813	22.362957	39.158479	0.000000	60.701087	44.999831	223.658867	202.290622	134.999977	224.965683	225.012066	224.704973	134.999998	318.929636	88.825120	45.750123	211.722674	165.944289	135.726294	74.655518	47.991682	316.483836	337.473888	33.627756	22.254896	85.773966	45.000445	224.976814	135.379599	137.930395	134.951173	224.807271	180.000000	213.690619	134.975489	
83.059744	45.000018	223.362181	224.906159	135.047350	134.988554	45.186446	315.153342	315.731813	22.362957	39.158479	0.000000	60.701087	44.999831	223.658867	202.290622	134.999977	224.965683	225.012066	224.704973	134.999998	318.929636	88.346862	45.547728	211.722674	165.931782	135.726294	74.655518	47.990868	316.483836	337.473886	33.627756	22.254896	85.610317	45.000371	224.976814	135.379599	137.930395	134.951173	224.807271	180.000000	213.690619	134.975489	
82.699687	45.000018	223.362181	224.906159	135.047350	134.988554	45.186446	315.149972	315.731813	22.362957	40.838487	0.000000	60.701087	44.999831	223.658867	202.290622	134.999977	224.965683	225.012066	224.704973	134.999998	318.929636	87.908019	45.455904	211.722674	165.972686	135.726294	74.655518	47.990557	316.483836	337.473886	33.627756	22.254896	85.481175	45.000335	224.976814	135.379599	137.930395	134.951173	224.807271	180.000000	213.690619	134.975489	
82.354799	45.000018	223.362181	224.906159	135.047350	134.988554	45.186446	315.148442	315.731813	22.362957	41.543883	0.000000	60.701087	44.999831	223.658867	202.290622	134.999977	224.965683	225.012066	224.704973	134.999998	318.929636	87.507009	45.414237	211.722674	166.043808	135.726294	74.655518	47.990438	316.483836	337.473885	33.627756	22.254896	85.385849	45.000317	224.976814	135.379599	137.930395	134.951173	224.807271	180.000000	213.690619	134.975489	
82.031760	45.000018	223.362181	224.906159	135.047350	134.988554	45.186446	315.147746	315.731813	22.362957	41.840127	0.000000	60.701087	44.999831	223.658867	202.290622	134.999977	224.965683	225.012066	224.704973	134.999998	318.929636	87.143131	45.395325	211.722674	166.134663	135.726294	74.655518	47.990393	316.483836	337.473885	33.627756	22.254896	85.323600	45.000309	224.976814	135.379599	137.930395	134.951173	224.807271	180.000000	213.690619	134.975489	
81.733661	45.000018	223.362181	224.906159	135.047350	134.988554	45.186446	315.147431	315.731813	22.362957	41.964561	0.000000	60.701087	44.999831	223.658867	202.290622	134.999977	224.965683	225.012066	224.704973	134.999998	318.929636	86.816026	45.386741	211.722674	166.240456	135.726294	74.655518	47.990376	316.483836	337.473885	33.627756	22.254896	85.293649	45.000305	224.976814	135.379599	137.930395	134.951173	224.807271	180.000000	213.690619	134.975489	
81.461901	45.000018	223.362181	224.906159	135.047350	134.988554	45.186446	315.147287	315.731813	22.362957	42.016838	0.000000	60.701087	44.999831	223.658867	202.290622	134.999977	224.965683	225.012066	224.704973	134.999998	318.929636	86.525424	45.382843	211.722674	166.358931	135.726294	74.655518	47.990369	316.483836	337.473885	33.627756	22.254896	85.295187	45.000303	224.976814	135.379599	137.930395	134.951173	224.807271	180.000000	213.690619	134.975489	
81.217058	45.000018	223.362181	224.906159	135.047350	134.988554	45.186446	315.147222	315.731813	22.362957	42.038803	0.000000	60.701087	44.999831	223.658867	202.290622	134.999977	224.965683	225.012066	224.704973	134.999998	318.929636	86.271026	45.381073	211.722674	166.488966	135.726294	74.655518	47.990366	316.483836	337.473885	33.627756	22.254896	85.327383	45.000302	224.976814	135.379599	137.930395	134.951173	224.807271	180.000000	213.690619	134.975489	
80.999288	45.000018	223.362181	224.906159	135.047350	134.988554	45.186446	315.147192	315.731813	22.362957	42.048034	0.000000	60.701087	44.999831	223.658867	202.290622	134.999977	224.965683	225.012066	224.704973	134.999998	318.929636	86.052460	45.380269	211.722674	166.629936	135.726294	74.655518	47.990365	316.483836	337.473885	33.627756	22.254896	85.389394	45.000301	224.976814	135.379599	137.930395	134.951173	224.807271	180.000000	213.690619	134.975489	
80.808512	45.000018	223.362181	224.906159	135.047350	134.988554	45.186446	315.147179	315.731813	22.362957	42.051914	0.000000	60.701087	44.999831	223.658867	202.290622	134.999977	224.965683	225.012066	224.704973	134.999998	318.929636	85.869263	45.379903	211.722674	166.781439	135.726294	74.655518	47.990365	316.483836	337.473885	33.627756	22.254896	92.698473	45.000301	224.976814	135.379599	137.930395	134.951173	224.807271	180.000000	213.690619	134.975489	
80.644511	45.000018	223.362181	224.906159	135.047350	134.988554	45.137230	315.147173	315.731813	22.362957	42.053546	0.000000	60.701087	44.999831	223.658867	202.290622	134.999977	224.965683	225.012066	224.704973	134.999998	318.929636	85.720883	45.379737	211.722674	166.943168	135.726294	74.655518	47.990365	316.483836	337.473885	33.627756	22.254896	88.947116	45.000301	224.976814	135.379599	137.930395	134.951173	224.807271	180.000000	213.690619	134.975489	
80.506968	45.000018	223.362181	224.906159	135.047350	134.988554	45.114131	315.147170	315.731813	22.362957	42.054231	0.000000	60.701087	44.999831	223.658867	202.290622	134.999977	224.965683	225.012066	224.704973	134.999998	318.929636	85.606690	45.379662	211.722674	163.334543	135.726294	74.655518	47.990365	316.483836	337.473885	33.627756	22.254896	87.171643	45.000301	224.976814	135.379599	137.930395	134.951173	224.807271	180.000000	213.690619	134.975489	
80.395500	45.000018	223.362181	224.906159	135.047350	134.988554	45.103287	315.147169	315.731813	22.362957	42.054520	0.000000	60.701087	44.999831	223.658867	202.290622	134.999977	224.965683	225.012066	224.704973	134.999998	318.929636	85.525989	45.379628	211.722674	161.683060	135.726294	74.655518	47.990365	316.483836	337.473885	33.627756	22.254896	93.419638	45.000301	224.976814	135.379599	137.930395	134.951173	224.807271	180.000000	213.690619	134.975489	
80.309669	45.000018	223.362181	224.906159	135.047350	134.988554	45.098195	315.147168	315.731813	22.362957	42.054641	0.000000	60.701087	44.999831	223.658867	202.290622	134.999977	224.965683	225.012066	224.704973	134.999998	318.929636	85.478030	45.379612	211.722674	160.944068	135.726294	74.655518	47.990365	316.483836	337.473885	33.627756	22.254896	89.374968	45.000301	224.976814	135.379599	137.930395	134.951173	224.807271	180.000000	213.690619	134.975489	
80.248999	45.000018	223.362181	224.906159	135.047350	134.988554	45.095804	315.147168	315.731813	22.362957	42.054692	0.000000	60.701087	44.999831	223.658867	202.290622	134.999977	224.965683	225.012066	224.704973	134.999998	318.929636	85.462025	45.379605	211.722674	160.636241	135.726294	74.655518	47.990365	316.483836	337.473885	33.627756	22.254896	94.390428	45.000301	224.976814	135.379599	137.930395	134.951173	224.807271	180.000000	213.690619	134.975489	
80.212982	45.000018	223.362181	224.906159	135.047350	134.988554	45.094681	315.147168	315.731813	22.362957	42.054714	0.000000	60.701087	44.999831	223.658867	202.290622	134.999977	224.965683	225.012066	224.704973	134.999998	318.929636	85.477156	45.379602	211.722674	160.537843	135.726294	74.655518	47.990365	316.483836	337.473885	33.627756	22.254896	89.899563	45.000301	224.976814	135.379599	137.930395	134.951173	224.807271	180.000000	213.690619	134.975489	
80.201087	45.000013	223.362181	224.906159	135.047350	134.988554	45.094153	315.147168	315.731813	22.362957	42.054723	0.000000	60.701087	44.999877	223.658867	202.290622	134.999977	224.965683	225.012066	224.704973	134.999998	318.929636	85.522587	45.379600	211.722674	160.546729	135.726294	74.655518	47.990365	316.483836	337.473885	33.627756	22.254896	94.565500	45.000301	224.976814	135.379599	137.930395	134.951173	224.807271	180.000000	213.690619	134.975489	
80.212766	45.000011	223.362181	224.906159	135.047350	134.988554	45.093905	315.147168	315.731813	22.362957	42.054727	0.000000	60.701087	44.999898	223.658867	202.290622	134.999977	224.965683	225.012066	224.704973	134.999998	318.929636	92.822809	45.379600	211.722674	160.615764	135.726294	74.655518	47.990365	316.483836	337.473885	33.627756	22.254896	96.770555	45.000301	224.976814	135.379599	137.930395	134.951173	224.807271	180.000000	213.690619	134.975489	
80.247463	45.000010	223.362181	224.906159	135.047350	134.988554	45.093788	315.147168	315.731813	22.362957	42.054728	0.000000	60.701087	44.999907	223.658867	202.290622	134.999977	224.965683	225.012066	224.704973	134.999998	318.929636	89.053543	45.379599	211.722674	160.723067	135.726294	74.655518	47.990365	316.483836	331.730517	33.627756	22.254896	91.139975	45.000301	224.976814	135.379599	137.930395	134.951173	224.807271	180.000000	213.690619	134.975489	
80.304613	45.000010	223.362181	224.906159	135.047350	134.988554	45.093734	315.147168	315.731813	22.362957	42.054729	0.000000	60.701087	44.999911	223.658867	202.290622	134.999977	224.965683	225.012066	224.704973	134.999998	318.929636	87.260886	45.379599	211.722674	160.858340	135.726294	74.655518	47.990365	316.483836	328.950165	33.627756	22.254896	95.035977	45.000301	224.976814	135.379599	137.930395	134.951173	224.807271	180.000000	213.690619	134.975489	
80.383653	45.000009	223.362181	224.906159	135.047350	134.988554	45.093708	315.147168	315.731813	22.362957	42.054729	0.000000	60.701087	44.999913	223.658867	202.290622	134.999977	224.965683	225.012066	224.704973	134.999998	318.929636	93.509810	45.379599	211.722674	161.016587	135.726294	74.655518	47.990365	316.483836	327.603462	33.627756	22.254896	96.890409	45.000301	224.976814	135.379599	137.930395	134.951173	224.807271	180.000000	213.690619	134.975489	
80.484020	45.000009	223.362181	224.906159	135.047350	134.988554	45.093696	315.147168	315.731813	22.362957	42.054729	0.000000	60.701087	44.999914	223.658867	202.290622	134.999977	224.965683	225.012066	224.704973	134.999998	318.929636	89.442528	45.379599	211.722674	161.195241	135.726294	74.655518	47.990365	316.483836	326.950964	33.627756	22.254896	97.737817	45.000301	224.976814	135.379599	137.930395	134.951173	224.807271	180.000000	213.690619	134.975489	
80.605161	45.000009	223.362181	224.906159	135.047350	134.988554	45.093690	315.147168	315.731813	22.362957	42.054729	0.000000	60.701087	44.999915	223.658867	202.290622	134.999977	224.965683	225.012066	224.704973	134.999998	318.929636	94.461582	45.379599	211.722674	161.392855	135.726294	74.655518	47.990365	316.058951	326.634734	33.627756	22.254896	98.093638	45.000301	224.976814	135.379599	137.930395	134.951173	224.807271	180.000000	213.690619	134.975489	
80.746529	45.000009	223.362181	224.906159	135.047350	134.988554	45.093687	315.147168	315.731813	22.362957	42.054729	0.000000	60.701087	44.999915	223.658867	202.290622	134.999977	224.965683	225.012066	224.704973	134.999998	318.929636	89.943890	45.379599	211.722674	161.608497	135.726294	74.655518	47.990365	315.880558	326.481437	33.627756	22.254896	98.214836	45.000301	224.976814	135.379599	137.930395	134.951173	224.807271	180.000000	213.690619	134.975489	
88.637346	45.000009	223.362181	224.906159	135.047350	134.988554	45.093686	315.147168	315.731813	22.362957	42.054729	0.000000	60.701087	44.999915	223.658867	202.290622	134.999977	224.965683	225.012066	224.704973	134.999998	317.890126	94.617392	45.379599	211.722674	161.841484	135.726294	74.655518	47.990365	315.805647	326.407105	33.627756	22.254896	93.770418	45.000301	224.976814	135.379599	137.930395	134.951173	224.807271	180.000000	213.690619	134.975489	
84.376303	45.000009	223.362181	224.906159	135.047350	134.988554	45.093685	315.147168	315.731813	22.362957	42.054729	0.000000	60.701087	44.999915	223.658867	202.290622	134.999977	224.965683	225.012066	224.704973	134.999998	317.402223	96.821650	45.379599	211.722674	162.091257	135.726294	74.655518	47.990365	315.774184	326.371052	33.627756	22.254896	91.589436	45.000301	224.976814	135.379599	137.930395	134.951173	224.807271	180.000000	213.690619	134.975489	
82.566721	45.000009	223.806744	224.906159	135.047350	134.988554	45.093685	315.147168	315.731813	22.362957	42.054729	0.000000	60.701087	44.999915	223.658867	202.290622	134.999977	224.965683	225.012066	224.704973	134.999998	317.173170	91.154673	45.379599	211.722674	162.357323	135.726294	74.655518	47.990365	315.760968	326.353561	33.627756	22.254896	90.515134	45.000301	224.976814	135.379599	137.930395	134.951173	224.807271	180.000000	213.690619	134.975489	
89.362446	45.000009	224.008462	224.906159	135.047350	134.988554	45.093685	315.147168	315.731813	22.362957	42.054729	0.000000	60.701087	44.999915	223.658867	202.290622	134.999977	224.965683	225.012066	224.704973	134.999998	317.065614	95.061570	45.379599	211.722674	171.276084	135.726294	74.655518	47.990365	315.755415	326.345073	33.627756	22.254896	89.919590	45.000301	224.976814	135.379599	137.930395	134.951173	224.807271	180.000000	213.690619	134.975489	
84.880953	45.000009	224.100007	224.906159	135.047350	134.988554	45.093685	315.147168	315.731813	22.362957	42.054729	0.000000	60.701087	44.999915	223.658867	202.290622	134.999977	224.965683	225.012066	224.704973	134.999998	317.015098	96.917217	45.379599	211.722674	166.579568	135.726294	74.655518	47.990365	315.753082	326.340953	33.627756	22.254896	89.366467	45.000301	224.982900	135.379599	137.930395	134.951173	224.807271	180.000000	213.690619	134.975489	
90.331807	45.000009	224.141562	224.906159	135.047350	134.988554	45.093685	315.147168	315.731813	22.362957	42.054729	0.000000	60.701087	44.999915	223.658867	202.290622	134.999977	224.965683	225.012066	224.704973	134.999998	316.991367	97.761281	45.379599	211.722674	164.674002	135.726294	74.655518	47.990365	315.752101	326.338952	33.627756	22.254896	88.851669	45.000301	224.985756	135.379599	137.930395	134.951173	224.807271	180.000000	213.690619	134.975489	
85.425700	45.000009	224.160428	224.906159	135.047350	134.988554	45.093685	315.147168	315.731813	22.362957	42.054729	0.000000	60.701087	44.999915	223.658867	202.290622	134.999977	224.965683	225.012066	224.704973	134.999998	316.980216	98.111580	45.379599	211.722674	172.362529	135.726294	74.655518	47.990365	315.751689	326.337980	33.627756	22.254896	88.373621	45.000301	224.987096	135.379599	137.930395	134.951173	224.862702	180.000000	213.690619	134.975489	
90.519803	45.000009	224.168995	224.906159	135.047350	134.988554	45.093685	315.147168	315.731813	22.362957	42.054729	0.000000	60.701087	44.999915	223.658867	202.290622	134.999977	224.965683	225.012066	224.704973	134.999998	316.974975	98.226191	45.379599	215.518541	167.428300	135.726294	74.655518	47.990365	315.751516	326.337508	33.627756	22.254896	87.931860	45.000301	224.987725	135.277206	137.930395	134.951173	224.885977	180.000000	213.690619	134.975489	
92.759549	45.000009	224.172886	224.906159	135.047350	134.988554	45.093685	315.147168	315.731813	22.362957	42.054729	0.000000	60.701087	44.999915	223.658867	202.290622	134.999977	224.965683	225.012066	224.704973	134.999998	316.972512	98.233848	45.379599	217.111825	173.619887	135.726294	74.655518	47.990365	315.751443	326.337279	33.627756	22.254896	87.526357	45.000301	224.988021	135.230752	137.930395	134.951173	224.895752	180.000000	213.690619	134.975489	
86.666319	45.000009	224.174654	224.906159	135.047350	134.988554	45.093685	315.147168	315.731813	22.362957	42.054729	0.000000	60.701087	44.999915	223.658867	202.290622	134.999977	224.965683	225.012066	224.704973	134.999998	316.971353	80.141389	45.379599	217.780911	168.213284	135.726294	74.655518	47.990365	315.751412	326.337167	33.627756	22.254896	87.157195	45.000301	224.988160	135.209672	137.930395	134.951173	224.899857	180.000000	213.690619	134.975489	
90.971983	45.000009	224.175457	224.906159	135.047350	134.988554	45.093685	315.147168	315.731813	22.362957	42.054729	0.000000	60.701087	44.999915	223.658867	202.290622	134.999977	224.965683	225.012066	224.704973	134.999998	316.970808	71.982197	45.379599	218.061949	173.996176	135.726294	74.655518	47.990365	315.751399	326.337113	33.627756	22.254896	86.824418	45.000301	224.988225	135.200105	137.930395	134.951173	224.901582	180.000000	213.690619	134.975489	
92.875433	45.000009	224.175822	224.906159	135.047350	134.988554	45.093685	315.147168	315.731813	22.362957	42.054729	0.000000	60.701087	44.999915	223.658867	202.290622	134.999977	224.965683	225.012066	224.704973	134.999998	316.970552	68.380148	45.379599	218.180014	176.596355	135.726294	74.655518	47.990365	315.751394	326.337087	33.627756	22.254896	86.527971	45.000301	224.988255	135.195762	137.930395	134.951173	224.902307	180.000000	213.690619	134.975489	
93.682738	45.000009	224.175988	224.906159	135.047350	134.988554	45.093685	315.147168	315.731813	22.362957	42.054729	0.000000	60.701087	44.999915	223.658867	202.290622	134.999977	224.965683	225.012066	224.704973	134.999998	316.970431	66.794780	45.379599	218.229622	169.844996	135.726294	74.655518	47.990365	315.751392	326.337074	33.627756	22.254896	86.267672	45.000301	224.988270	135.193790	137.930395	134.951173	224.902612	180.000000	213.690619	134.975489	
93.994393	45.000009	224.176064	224.906159	135.047350	134.988554	45.093685	315.147168	315.731813	22.362957	42.054729	0.000000	60.701087	44.999915	223.658867	202.290622	134.999977	224.974999	225.012066	224.704973	134.999998	316.970374	72.741991	45.379599	218.250470	174.737243	135.726294	74.655518	47.990365	315.751391	326.337068	33.627756	22.254896	86.043216	45.000301	224.988277	135.192895	137.930395	134.951173	224.902740	180.000000	213.690619	134.975489	
94.086693	45.000009	224.176098	224.906159	135.047350	134.988554	45.093685	315.147168	315.731813	22.362957	42.054729	0.000000	60.701087	44.999915	223.658867	202.290622	134.999977	224.979226	225.012066	224.704973	134.999998	316.970348	68.689128	45.379599	218.259233	176.947838	135.726294	74.655518	47.990365	315.751390	326.337065	33.627756	22.254896	85.854183	45.000301	224.988280	135.192488	137.930395	134.951173	224.902793	180.000000	213.690619	134.975489	
94.086825	45.000009	224.176114	224.906159	135.047350	134.988554	45.093685	315.147168	315.731813	22.362957	42.054729	0.000000	60.701087	44.999915	223.658867	202.290622	134.999977	224.981144	225.012066	224.704973	134.999998	316.970335	73.378292	45.379599	218.262916	177.928641	135.726294	74.655518	47.990365	315.751390	326.337063	33.627756	22.254896	85.700049	45.000301	224.988281	135.192303	137.930395	134.951173	224.902816	180.000000	213.690619	134.975489	
90.403813	45.000009	224.176121	224.906159	135.047350	134.988554	45.093685	315.147168	315.731813	22.362957	42.054729	0.000000	60.701087	44.999915	223.658867	202.290622	134.999977	224.982015	225.012066	224.704973	134.999998	316.970329	68.886495	45.379599	218.264465	178.350021	135.726294	74.655518	47.990365	315.751390	326.337062	33.627756	22.254896	85.580203	45.000301	224.988282	135.192219	137.930395	134.951173	224.902826	180.000000	213.690619	134.975489	
88.725066	45.000009	224.176124	224.906159	135.047350	134.988554	45.093685	315.147168	315.731813	22.362957	42.054729	0.000000	60.701087	44.999915	223.658867	202.290622	134.999977	224.982410	225.012066	224.704973	134.999998	316.970326	73.249607	45.379599	218.265117	178.521681	135.726294	74.655518	47.990365	315.751390	326.337062	33.627756	22.254896	85.493963	45.000301	224.988282	135.192181	137.930395	134.951173	224.902830	180.000000	213.690619	134.975489	
87.952502	45.000009	224.176125	224.906159	135.047350	134.988554	45.093685	315.147168	315.731813	22.362957	42.054729	0.000000	60.701087	44.999915	223.658867	202.290622	134.999977	224.982590	225.012066	224.704973	134.999998	316.970325	75.134821	45.379599	218.265391	178.586685	135.726294	74.655518	47.990365	315.751390	326.337062	33.627756	22.254896	85.440590	45.000301	224.988283	135.192164	137.930395	134.951173	224.902831	180.000000	213.690619	134.975489	
87.593425	45.000009	224.176126	224.906159	135.047350	134.988554	45.093685	315.147168	315.731813	22.362957	42.054729	0.000000	60.701087	44.999915	223.658867	202.290622	134.999977	224.982671	225.012066	224.704973	134.999998	316.970324	75.858074	45.379599	218.265506	178.611094	135.726294	74.655518	47.990365	315.751390	326.337062	33.627756	22.254896	85.419300	45.000301	224.988283	135.192156	137.930395	134.951173	224.902832	180.000000	213.690619	134.975489	
87.426701	45.000009	224.176126	224.906159	135.047350	134.988554	45.093685	315.147168	315.731813	22.362957	42.054729	0.000000	60.701087	44.999915	223.658867	202.290622	134.999977	224.982709	225.012066	224.704973	134.999998	316.970324	76.041002	45.379599	218.265555	178.625396	135.726294	74.655518	47.990365	315.751390	326.337062	33.627756	22.254896	85.429281	45.000301	224.988283	135.192152	137.930395	134.951173	224.902832	180.000000	213.690619	134.975489	
87.353116	45.000009	224.176126	224.906159	135.047350	134.988554	45.093685	315.147168	315.731813	22.362957	42.054729	0.000000	60.701087	44.999915	223.658867	202.290622	134.999977	224.982725	225.012066	224.704973	134.999998	316.970324	75.977492	45.379599	218.265575	175.872746	135.726294	74.655518	47.990365	315.751390	326.337062	33.627756	22.254896	85.469699	45.000301	224.988283	135.192151	137.930395	134.951173	224.902832	180.000000	213.690619	134.975489	
87.328152	45.000009	224.176126	224.906159	135.047350	134.988554	45.093685	315.147168	315.731813	22.362957	42.054729	0.000000	60.701087	44.999915	223.658867	202.290622	134.999977	224.982733	225.012066	224.704973	134.999998	316.970324	75.806673	45.379599	218.265584	174.639097	135.726294	74.655518	47.990365	315.751390	326.337062	33.627756	22.254896	92.785149	45.000301	224.988283	135.192150	137.930395	134.951173	224.902832	180.000000	213.690619	134.975489	
87.177453	45.000009	224.176127	224.906159	135.047350	134.988554	45.093685	315.147168	315.731813	22.362957	42.054729	0.000000	60.701087	44.999915	223.658867	202.290622	134.999977	224.982736	225.012066	224.704973	134.999998	316.970324	75.594527	45.379599	218.265587	174.094051	135.726294	74.655518	47.990365	315.751390	326.337062	33.627756	22.254896	89.000969	45.000224	224.988283	135.192150	137.930395	134.951173	224.902832	180.000000	213.690619	134.975489	
86.895873	45.000009	224.176127	224.906159	135.047350	134.988554	45.093685	315.147168	315.731813	22.362957	42.054729	0.000000	60.701087	44.999915	223.658867	202.290622	134.999977	224.982738	225.012066	224.704973	134.999998	316.970324	75.372405	45.379599	218.265589	173.728546	135.726294	74.655518	47.990365	315.751390	326.337062	33.627756	22.254896	87.198498	45.000187	224.988283	135.192150	137.930395	134.951173	224.902832	180.000000	213.690619	134.975489	
86.569847	45.000009	224.176127	224.906159	135.047350	134.988554	45.093685	315.147168	315.731813	22.362957	42.054729	0.000000	60.701087	44.999915	223.658867	202.290622	134.999977	224.982739	225.012066	224.704973	134.999998	316.970324	75.155223	45.379599	218.265589	173.345309	135.726294	74.655518	47.990365	315.751390	326.337062	33.627756	22.254896	93.463617	45.000168	224.988283	135.192149	137.930395	134.951173	224.902832	180.000000	213.690619	134.975489	
86.238587	45.000009	224.176127	224.906159	135.047350	134.988554	45.093685	315.147168	315.731813	22.362957	42.054729	0.000000	60.701087	44.999915	223.658867	202.290622	134.999977	224.982739	225.012066	224.704973	134.999998	316.970324	74.950074	45.379599	218.265590	172.968631	135.726294	74.655518	47.990365	315.751390	326.337062	33.627756	22.254896	89.378691	45.000160	224.988283	135.192149	137.930395	134.951173	224.902832	180.000000	213.690619	134.975489	
85.919957	45.000009	224.176127	224.906159	135.047350	134.988554	45.093685	315.107231	315.731813	22.362957	42.054729	0.000000	60.701087	44.999915	223.658867	202.290622	134.999977	224.982739	225.012066	224.704973	134.999998	316.970324	74.760312	45.379599	218.265590	172.609725	135.726294	74.655518	47.990365	315.751390	326.337062	33.627756	22.254896	94.412002	45.000155	224.988283	135.192149	137.930395	134.951173	224.902832	180.000000	213.690619	134.975489	
85.622112	45.000009	224.176127	224.906159	135.047350	134.988554	45.093685	315.089110	315.731813	22.362957	42.054729	0.000000	60.701087	44.999915	223.658867	202.290622	134.999977	224.982739	225.012066	224.704973	134.999998	316.970324	74.587486	45.379599	218.265590	172.273821	135.726294	74.655518	47.990365	315.751390	326.337062	33.627756	22.254896	89.873800	45.000153	224.988283	135.192149	137.930395	134.951173	224.902832	180.000000	213.690619	134.975489	
85.348756	45.000009	224.176127	224.906159	135.047350	134.988554	45.093685	315.080887	315.731813	22.362957	42.054729	0.000000	60.701087	44.999915	223.658867	202.290622	134.999977	224.982739	225.012066	224.704973	134.999998	316.970324	74.432271	45.379599	218.265590	171.963373	135.726294	74.655518	47.990365	315.751390	326.337062	33.627756	22.254896	94.562188	45.000152	224.988283	135.192149	137.930395	134.951173	224.902832	180.000000	213.690619	134.975489	
85.101516	45.000009	224.176127	224.906159	135.047350	134.988554	45.093685	315.237980	315.731813	22.362957	42.054729	0.000000	60.701087	44.999915	223.658867	202.290622	134.999977	224.982739	225.012066	224.704973	134.999998	316.970324	74.294904	45.277206	218.265590	171.679513	135.726294	74.655518	47.990365	315.751390	326.337062	33.627756	22.254896	96.772225	45.000152	224.988283	135.192149	137.930395	134.951173	224.902832	180.000000	213.690619	134.975489	
84.881031	45.000009	224.176127	224.906159	135.047350	134.988554	45.093685	315.562579	315.731813	22.362957	42.054729	0.000000	60.701087	44.999915	223.658867	202.290622	134.999977	224.982739	225.012066	224.704973	134.999998	316.970324	74.175396	45.230752	218.265590	171.422718	135.726294	74.655518	47.990365	315.751390	326.337062	33.627756	22.254896	91.077853	45.000152	224.988283	135.192149	137.930395	134.951173	224.902832	180.000000	213.690619	134.975489	
84.687450	45.000009	224.176127	224.906159	135.047350	134.988554	45.093685	315.960930	315.731813	22.362957	42.054729	0.000000	60.701087	44.999915	223.658867	202.290622	134.999977	224.982739	225.012066	224.704973	134.999998	316.970324	74.073638	45.209672	218.265590	171.193115	135.726294	74.655518	47.990365	315.751390	326.337062	33.627756	22.254896	94.999057	45.000152	224.988283	135.192149	137.930395	134.951173	224.902832	180.000000	213.690619	134.975489	
84.520662	45.000009	224.176127	224.906159	135.047350	134.988554	45.093685	316.389590	315.731813	22.362957	42.054729	0.000000	60.701087	44.999915	223.658867	202.290622	134.999977	224.982739	225.012066	224.704973	134.999998	316.970324	73.989450	45.200105	218.265590	170.990631	135.726294	74.655518	47.990365	315.751390	326.337062	33.627756	22.254896	96.860297	45.000152	224.988283	135.192149	137.930395	134.951173	224.902832	180.000000	213.690619	134.975489	
84.380407	45.000009	224.176127	224.906159	135.047350	134.988554	45.093685	316.828066	315.731813	22.362957	42.054729	0.000000	60.701087	44.999915	223.658867	202.290622	134.999977	224.982739	225.012066	224.704973	134.999998	316.970324	73.922604	45.195762	218.265590	170.815063	135.726294	74.655518	47.990365	315.751390	326.337062	33.627756	22.254896	97.705683	45.000152	224.988283	135.192149	137.930395	134.951173	224.902832	180.000000	213.690619	134.975489	
84.266332	45.000009	224.176127	224.906159	135.047350	134.988554	45.093685	317.266395	315.731813	22.362957	42.054729	0.000000	60.701087	44.999915	223.658867	202.290622	134.999977	224.982739	225.012066	224.704973	134.999998	316.970324	73.872844	45.193790	218.265590	170.666114	135.726294	74.655518	47.990365	315.751390	326.337062	33.627756	22.254896	98.055196	45.000152	224.988283	135.192149	137.930395	134.951173	224.902832	180.000000	213.690619	134.975489	
84.178022	45.000009	224.176127	224.906159	135.047350	134.988554	45.093685	317.699476	315.731813	22.362957	42.054729	0.000000	60.701087	44.999915	223.658867	202.290622	134.999977	224.982739	225.012066	224.704973	134.999998	316.970324	73.839888	45.192895	218.265590	170.543421	135.726294	74.655518	47.990365	315.751390	326.337062	33.627756	22.254896	98.167965	45.000152	224.988283	135.192149	137.930395	134.951173	224.902832	180.000000	213.690619	134.975489	
84.115016	45.000009	224.176127	224.906159	135.047350	134.988554	45.093685	318.124470	315.731813	22.362957	42.054729	0.000000	60.701087	44.999915	223.658867	202.290622	134.999977	224.982739	225.012066	224.704973	134.999998	316.970324	73.823435	45.192488	218.265590	170.446563	135.726294	74.655518	47.990365	315.751390	326.337062	33.627756	22.254896	98.173243	45.000151	224.988283	135.192149	137.930395	134.951173	224.902832	180.000000	213.690619	134.975489	
84.076818	45.000009	224.176127	224.906159	135.047350	134.988554	45.093685	318.539610	315.731813	22.362957	42.898714	0.000000	60.701087	44.999915	223.658867	202.290622	134.999977	224.982739	225.012066	224.704973	134.999998	316.970324	73.823169	45.192303	218.265590	170.375080	135.726294	74.655518	47.990365	315.751390	326.337062	33.627756	22.254896	93.657096	45.000151	224.988283	135.192149	137.930395	134.951173	224.902832	180.000000	213.690619	134.975489	
84.062910	45.000007	224.176127	224.906159	135.047350	134.988554	45.093685	318.943644	315.731813	22.362957	43.253071	0.000000	60.701087	44.999915	223.658867	202.290622	134.999977	224.982739	225.012066	224.704973	134.999998	316.970324	73.838764	45.192219	218.265590	170.328474	135.726294	74.655518	47.990365	315.751390	326.337062	33.627756	22.254896	91.447112	45.000151	224.988283	135.192149	137.930395	134.951173	224.902832	180.000000	213.690619	134.975489	
84.072754	45.000006	224.176127	224.906159	135.047350	134.988554	45.093685	319.335583	315.731813	22.362957	43.401877	0.000000	60.701087	44.999915	223.658867	202.290622	134.999977	224.982739	225.012066	224.704973	134.999998	316.970324	73.869881	45.192181	218.265590	170.306225	135.726294	74.655518	47.078076	315.751390	323.418320	33.627756	22.254896	90.364081	45.000151	224.988283	135.192149	137.930395	134.951173	224.902832	180.000000	213.690619	134.975489	
84.105803	45.000005	224.176127	224.906159	135.047350	134.988554	45.093685	319.714586	315.731813	22.362957	43.464377	0.000000	60.701087	44.999915	223.658867	202.290622	134.999977	224.982739	225.012066	224.704973	134.999998	316.970324	73.916175	45.192164	218.265590	170.307791	135.726294	74.655518	46.729633	315.751390	322.005152	33.627756	22.254896	89.628724	45.000151	224.988283	135.192149	137.930395	134.951173	224.902832	180.000000	213.690619	134.975489	
84.161502	45.000005	224.176127	224.906159	135.047350	134.988554	45.093685	320.079905	315.731813	22.362957	43.490631	0.000000	60.701087	44.999915	223.658867	202.290622	134.999977	224.982739	225.012066	224.704973	134.999998	316.970324	73.977294	45.192156	218.265590	170.332619	135.726294	74.655518	46.596528	315.751390	321.320725	33.627756	22.254896	89.016006	45.000151	224.988283	135.192149	137.930395	134.951173	224.902832	180.000000	213.690619	134.975489	
84.239294	45.000005	224.176127	224.906159	135.047350	134.988554	45.093685	320.430860	315.731813	22.362957	43.501661	0.000000	60.701087	44.999915	223.658867	202.290622	134.999977	224.982739	225.012066	224.704973	134.999998	316.970324	74.052883	45.192152	218.265590	170.380147	135.726294	74.655518	46.545675	315.751390	320.989157	33.627756	22.254896	88.481316	45.000151	224.988283	135.192149	137.930395	134.951173	224.902832	180.000000	213.690619	134.975489	
91.562309	45.000005	224.176127	224.906159	135.047350	134.988554	45.093685	320.766834	315.731813	22.362957	43.506297	0.000000	60.701087	44.999915	223.658867	202.290622	134.999977	224.982739	225.012066	224.704973	134.999998	316.970324	74.142582	45.192151	218.265590	170.449811	135.726294	74.655518	46.526244	315.751390	320.828491	33.627756	22.254896	88.003153	45.000151	224.988283	135.192149	137.930395	134.951173	224.902832	180.000000	213.690619	134.975489	
87.538448	45.000005	224.176127	224.906159	135.047350	134.988554	45.093685	321.087263	315.731813	22.362957	43.508245	0.000000	60.701087	44.999938	223.658867	202.290622	134.999977	224.982739	225.012066	224.704973	134.999998	316.970324	74.142582	45.192150	218.265590	170.541050	135.726294	74.655518	46.518819	315.751390	320.750619	33.627756	22.254896	87.571184	45.000151	224.988283	135.192149	137.930395	134.951173	224.902832	180.000000	213.690619	134.975489	
85.795037	45.000005	224.176127	224.906159	135.047350	134.988554	45.093685	321.391640	315.731813	22.362957	43.509064	0.000000	60.701087	44.999949	223.658867	202.290622	134.999977	224.982739	225.012066	224.704973	134.999998	316.970324	74.142582	45.192150	218.265590	170.653304	135.726294	74.655518	46.515981	315.751390	320.712866	33.627756	22.254896	87.180453	45.000151	224.988283	135.192149	137.930395	134.951173	224.902832	180.000000	213.690619	134.975489	
92.111902	45.000005	224.176127	224.906159	135.047350	134.988554	45.093685	321.679511	315.731813	22.362957	43.509408	0.000000	60.701087	44.999953	223.658867	202.290622	134.999977	224.982739	225.012066	224.704973	134.999998	316.970324	74.142582	45.192150	218.265590	170.786023	135.726294	74.655518	46.514896	315.751390	320.694558	33.627756	22.254896	86.828547	45.000151	224.988283	135.192149	137.930395	134.951173	224.902832	180.000000	213.690619	134.975489	
87.878483	45.000005	224.176127	224.906159	135.047350	134.988554	45.093685	321.950478	315.731813	22.362957	43.509553	0.000000	60.701087	44.999955	223.658867	202.290622	134.999977	224.982739	225.012066	224.704973	134.999998	316.970324	74.142582	45.192149	218.265590	178.688142	135.726294	74.655518	46.514481	315.751390	320.685678	33.627756	22.254896	86.514229	45.000151	224.988283	135.192149	137.930395	134.951173	224.902832	180.000000	213.690619	134.975489	
92.941689	45.000005	224.176127	224.906159	135.047350	134.988554	45.093685	322.204195	315.731813	22.362957	43.509613	0.000000	60.701087	44.999956	223.658867	202.290622	134.999977	224.982739	225.012066	224.704973	134.999998	316.970324	74.142582	45.192149	218.265590	174.409121	135.726294	74.655518	46.514322	315.751390	320.681369	33.627756	22.254896	86.236762	45.000151	224.988283	135.192149	137.930395	134.951173	224.902832	180.000000	213.690619	134.975489	
88.309510	45.000005	224.176127	224.906159	135.047350	134.988554	45.093685	322.440372	315.731813	22.362957	43.509639	0.000000	60.701087	44.999957	223.658867	202.290622	134.999977	224.982739	225.012066	224.704973	134.999998	316.970324	74.142582	45.192149	218.265590	172.586222	135.726294	74.655518	46.514262	315.751390	320.679278	33.627756	22.254896	85.995592	45.000151	224.988283	135.192149	137.930395	134.951173	224.902832	180.000000	213.690619	134.975489	
93.046648	45.000005	224.176127	224.906159	135.047350	134.988554	45.093685	322.658770	315.731813	22.362957	43.509650	0.000000	60.701087	44.999957	223.658867	202.290622	134.999977	224.982739	225.012066	224.704973	134.999998	316.970324	74.142582	45.192149	218.265590	179.396373	135.726294	74.655518	46.514238	315.751390	320.678263	33.627756	22.254896	85.790197	45.000151	224.988283	135.192149	137.930395	134.951173	224.902832	180.000000	213.690619	134.975489	
88.463060	45.000005	224.176127	224.906159	135.047350	134.988554	45.093685	322.859199	315.731813	22.362957	43.509654	0.000000	60.701087	44.999957	223.658867	202.290622	134.999977	224.982739	225.012066	224.704973	134.999998	316.970324	74.142582	45.192149	218.265590	174.893003	135.726294	74.655518	46.514230	315.751390	320.677770	33.627756	22.254896	85.620021	45.000151	224.988283	135.192149	137.930395	134.951173	224.902832	180.000000	213.690619	134.975489	
93.053967	45.000005	224.176127	224.906159	135.047350	134.988554	45.093685	323.041521	315.731813	22.362957	43.509656	0.000000	60.701087	44.999957	223.658867	202.290622	134.999977	224.982739	225.012066	224.704973	134.999998	316.970324	74.142582	45.192149	218.265590	180.357111	135.726294	74.655518	46.514226	315.751390	320.677530	33.627756	22.254896	85.484454	45.000151	224.988283	135.192149	137.930395	134.951173	224.902832	180.000000	213.690619	134.975489	
95.064825	45.000005	224.176127	224.906159	135.047350	134.988554	45.093685	323.205643	315.731813	22.362957	43.509657	0.000000	60.701087	44.999957	223.658867	202.290622	134.999977	224.982739	225.012066	224.704973	134.999998	316.970324	74.142582	45.192149	218.265590	175.425439	135.726294	74.655518	46.514225	315.751390	320.677414	33.627756	22.254896	85.382825	45.000151	224.991361	135.192149	137.930395	134.951173	224.902832	180.000000	213.690619	134.975489	
95.900863	45.000005	224.399710	224.906159	135.047350	134.988554	45.093685	323.351518	315.731813	22.362957	43.509657	0.000000	60.701087	44.999957	223.658867	202.290622	134.999977	224.982739	225.012066	224.704973	134.999998	316.970324	74.142582	45.192149	218.265590	180.534539	135.726294	74.655518	46.514224	315.751390	320.677357	33.627756	22.254896	85.314410	45.000151	224.992805	135.192149	137.930395	134.951173	224.902832	180.000000	213.690619	134.975489	
96.206311	45.000005	224.501159	224.906159	135.047350	134.988554	45.093685	323.479141	315.731813	22.362957	43.509658	0.000000	60.701087	44.999957	223.658867	202.290622	134.999977	224.982739	225.012066	224.704973	134.999998	316.970324	74.142582	45.192149	218.265590	175.653306	135.726294	74.655518	46.514224	315.751390	320.677330	33.627756	22.254896	85.278439	45.000151	224.993483	135.192149	137.930395	134.951173	224.902832	180.000000	213.690619	134.975489	
96.276809	45.000005	224.547200	224.906159	135.047350	134.988554	45.093685	323.588546	315.731813	22.362957	43.509658	0.000000	60.701087	44.999957	223.658867	202.290622	134.999977	224.982739	225.012066	224.704973	134.999998	316.970324	74.142582	45.192149	218.265590	180.601024	135.726294	74.655518	46.514224	315.751390	320.677317	33.627756	22.254896	85.274108	45.000151	224.993801	135.192149	137.930395	134.951173	224.902832	180.000000	213.690619	134.975489	
96.248145	45.000005	224.568099	224.906159	135.047350	134.988554	45.093685	323.679802	315.731813	22.362957	43.509658	0.000000	60.701087	44.999957	223.658867	202.290622	134.999977	224.982739	225.012066	224.704973	134.999998	316.970324	74.142582	45.192149	218.265590	182.787407	135.726294	74.655518	46.514224	315.751390	320.677310	33.627756	22.254896	85.300590	45.000151	224.993951	135.192149	137.930395	134.951173	224.902832	180.000000	213.690619	134.975489	
96.182753	45.000005	224.577587	224.906159	135.047350	134.988554	45.093685	323.753015	315.731813	22.362957	43.509658	0.000000	60.701087	44.999957	223.658867	202.290622	134.999977	224.982739	225.012066	224.704973	134.999998	316.970324	74.142582	45.192149	218.265590	183.713340	135.726294	74.655518	46.514224	315.535540	320.677307	33.627756	22.254896	85.357046	45.000151	224.994021	135.192149	137.930395	134.951173	224.902832	180.000000	213.690619	134.975489	
92.068748	45.000005	224.581895	224.906159	135.047350	134.988554	45.093685	323.808319	315.731813	22.362957	43.509658	0.000000	60.701087	44.999957	223.658867	202.290622	134.999977	224.982739	225.012066	224.704973	134.999998	316.970324	74.142582	45.192149	218.265590	184.068268	135.726294	74.655518	46.514224	315.444907	320.677305	33.627756	22.254896	92.678170	45.000151	224.994054	135.140334	137.930395	134.951173	224.902832	180.000000	213.690619	134.975489	
90.195393	45.000005	224.583852	224.906159	135.047350	134.988554	45.093685	323.845877	315.731813	22.362957	43.509658	0.000000	60.701087	44.999957	223.658867	202.290622	134.999977	224.982739	225.012066	224.704973	134.999998	316.970324	74.142582	45.192149	218.265590	184.169197	135.726294	74.655518	46.514224	315.406845	320.677305	33.627756	22.254896	88.912861	45.000151	224.994070	135.116827	137.930395	134.951173	224.902832	180.000000	213.690619	134.975489	
89.332717	45.000005	224.584741	224.906159	135.047350	134.988554	45.093685	323.865878	315.731813	22.362957	43.509658	0.000000	60.701087	44.999957	223.658867	202.290622	134.999977	224.982739	225.012066	224.704973	134.999998	316.970324	74.142582	45.192149	218.265590	184.161976	135.726294	74.655518	46.514224	315.390859	320.677304	33.627756	22.254896	87.127758	45.000151	224.994077	135.106160	137.930395	134.951173	224.902832	180.000000	213.690619	134.975489	
88.929852	45.000005	224.585145	224.906159	135.047350	134.988554	45.093685	323.868530	315.731813	22.362957	43.509658	0.000000	60.701087	44.999957	223.658867	202.290622	134.999977	224.982739	225.012066	224.704973	134.999998	316.970324	74.142582	45.192149	218.265590	184.113760	135.726294	74.655518	46.514224	315.384143	320.677304	33.627756	22.254896	93.389356	45.000151	224.994080	135.101319	137.930395	134.951173	224.902832	180.000000	213.690619	134.975489	
88.739913	45.000005	224.585329	224.906159	135.047350	134.988554	45.093685	323.854065	315.731813	22.362957	43.509658	0.000000	60.701087	44.999957	223.658867	202.290622	134.999977	224.982739	225.012066	224.704973	134.999998	316.970324	74.142582	45.192149	218.265590	184.055500	135.726294	74.655518	46.514224	315.381321	320.677304	33.627756	22.254896	89.328079	45.000151	224.994082	135.099121	137.930395	134.951173	224.902832	180.000000	213.690619	134.975489	
88.652273	45.000005	224.585412	224.906159	135.047350	134.988554	45.093685	323.822727	315.731813	22.362957	43.509658	0.000000	60.701087	44.999957	223.658867	202.290622	134.999977	224.982739	225.012066	224.704973	134.999998	316.970324	74.142582	45.192149	218.265590	166.252659	135.726294	74.655518	46.514224	315.380135	320.677304	33.627756	22.254896	94.355723	45.000151	224.994083	135.098123	137.930395	134.951173	224.902832	180.000000	213.690619	134.975489	
88.617357	45.000005	224.585450	224.906159	135.047350	134.988554	45.093685	323.774779	315.731813	22.362957	43.509658	0.000000	60.701087	44.999957	223.658867	202.290622	134.999977	224.987424	225.012066	224.704973	134.999998	316.970324	74.142582	45.192149	218.265590	158.846025	135.726294	74.655518	46.514224	315.379637	320.677304	33.627756	22.254896	89.845520	45.000151	224.994083	135.097670	137.930395	134.951173	224.930642	180.000000	213.690619	134.975489	
88.559332	45.000005	224.585467	224.906159	135.047350	134.988554	45.093685	323.710493	315.731813	22.362957	43.509658	0.000000	60.701087	44.999957	223.658867	202.290622	134.999977	224.989549	225.012066	224.704973	134.999998	316.970324	74.142582	45.192149	220.194247	155.829554	135.726294	74.655518	46.514224	315.379427	320.677304	33.627756	22.254896	94.524476	45.000151	224.994083	135.097464	137.930395	134.951173	224.942318	180.000000	213.690619	134.975489	
88.313363	45.000005	224.585475	224.906159	135.047350	134.988554	45.093685	323.630152	315.731813	22.362957	43.509658	0.000000	60.701087	44.999957	223.658867	202.290622	134.999977	224.990514	225.012066	224.704973	134.999998	316.970324	74.142582	45.192149	221.003965	154.683039	135.726294	74.655518	46.514224	315.379339	320.677304	33.627756	22.254896	96.734276	45.000151	224.994083	135.097371	137.930395	134.951173	224.947221	180.000000	213.690619	134.975489	
87.997277	45.000005	224.585479	224.906159	135.047350	134.988554	45.093685	323.534045	315.731813	22.362957	43.509658	0.000000	60.701087	44.999957	223.658867	202.290622	134.999977	224.990951	225.012066	224.704973	134.999998	316.970324	74.142582	45.192149	221.343995	154.334260	135.726294	74.655518	46.514224	315.379302	320.677304	33.627756	22.254896	91.077839	45.000151	224.994083	135.097328	137.930395	134.951173	224.949281	180.000000	213.690619	134.975489	
87.664367	45.000005	224.585480	224.906159	135.047350	134.988554	45.093685	323.422471	315.731813	22.362957	43.509658	0.000000	60.701087	44.999957	223.658867	202.290622	134.999977	224.991150	225.012066	224.704973	134.999998	316.970324	74.142582	45.192149	221.486810	154.327238	135.726294	74.655518	46.514224	315.379287	320.677304	33.627756	22.254896	94.986633	45.000113	224.994083	135.097309	137.930395	134.951173	224.950146	180.000000	213.690619	134.975489	
87.338848	45.000005	224.585481	224.906159	135.047350	134.988554	45.093685	323.295728	315.731813	22.362957	43.509658	0.000000	60.701087	44.999957	223.658867	202.290622	134.999977	224.991240	225.012066	224.704973	134.999998	316.970324	74.142582	45.192149	221.546804	161.189241	135.726294	74.655518	46.514224	315.379280	320.677304	33.627756	22.254896	96.845808	45.000094	225.137246	135.097300	137.930395	134.951173	224.950509	180.000000	213.690619	134.975489	
87.031758	45.000005	224.585482	224.906159	135.047350	134.988554	45.093685	323.154120	315.731813	22.362957	43.509658	0.000000	60.701087	44.999957	223.658867	202.290622	134.999977	224.991281	225.012066	224.704973	134.999998	316.970324	74.142582	45.192149	221.572010	157.393963	135.726294	74.655518	46.514224	315.379277	320.677304	33.627756	22.254896	97.694023	45.000085	225.450596	135.097296	137.930395	134.951173	224.950662	180.000000	213.690619	134.975489	
86.748121	45.000005	224.585482	224.906159	135.047350	134.988554	45.093685	322.997951	315.731813	22.362957	43.509658	0.000000	60.701087	44.999957	223.658867	202.290622	134.999977	224.991300	225.012066	224.704973	134.999998	316.970324	74.142582	45.192149	221.582602	155.947123	135.726294	74.655518	46.514224	315.379276	320.677304	33.627756	22.254896	98.048711	45.000081	225.837837	135.097294	137.930395	134.951173	224.950726	180.000000	213.690619	134.975489	
86.490186	45.000005	224.585482	224.906159	135.047350	134.988554	45.093685	322.827522	315.731813	22.362957	43.509658	0.000000	60.701087	44.999957	223.658867	202.290622	134.999977	224.991308	225.012066	224.704973	134.999998	316.970324	74.142582	45.192149	221.587054	162.003938	135.726294	74.655518	46.514224	315.379276	320.677304	33.627756	22.254896	98.167807	45.000078	226.252266	135.097294	137.930395	134.951173	224.950753	180.000000	213.690619	134.975489	
86.258890	45.000005	224.585482	224.906159	135.047350	134.988554	45.093685	322.643137	315.731813	22.362957	43.509658	0.000000	60.701087	44.999957	223.658867	202.290622	134.999977	224.991312	225.012066	224.704973	134.999998	316.970324	74.142582	45.192149	221.588925	158.084294	135.726294	74.655518	46.514224	315.379276	320.677304	33.627756	22.254896	80.300000	45.000077	226.670892	135.097293	137.930395	134.951173	224.950764	180.000000	213.690619	134.975489	
86.054530	45.000005	224.585482	224.906159	135.047350	134.988554	45.093685	322.445092	315.731813	22.362957	43.509658	0.000000	60.701087	44.999957	223.658867	202.290622	134.999977	224.991314	225.012066	224.704973	134.999998	316.970324	74.142582	45.192149	221.589712	162.810612	135.726294	74.655518	46.514224	315.379275	320.677304	33.627756	22.254896	72.216784	45.000077	227.236894	135.097293	137.930395	134.951173	224.950769	180.000000	213.690619	134.975489	
85.877078	45.000005	224.585482	224.906159	135.047350	134.988554	45.093685	322.233684	315.731813	22.362957	43.509658	0.000000	60.701087	44.999957	223.658867	202.290622	134.999977	224.991315	225.012066	224.704973	134.999998	316.970324	74.142582	45.192149	221.590043	158.355309	135.726294	74.655518	46.514224	315.379275	320.677304	33.627756	22.254896	68.633718	45.000077	227.927006	135.097293	137.930395	134.951173	224.950771	180.000000	213.690619	134.975489	
85.726324	45.000005	224.585482	224.906159	135.047350	134.988554	45.093685	322.009202	315.731813	22.362957	43.509658	0.000000	60.701087	44.999957	223.658867	202.290622	134.999977	224.991315	225.012066	224.704973	134.999998	316.970324	74.142582	45.192149	221.590182	162.713659	135.726294	74.655518	46.514224	315.379275	320.677304	33.627756	22.254896	67.132039	45.000077	228.671960	135.097293	137.930395	134.951173	224.950772	180.000000	213.690619	134.975489	
85.601947	45.000005	224.585482	224.906159	135.047350	134.988554	45.093685	321.771929	315.731813	22.362957	43.509658	0.000000	60.701087	44.999957	223.658867	202.290622	134.999977	224.991315	225.012066	224.704973	134.999998	316.970324	74.142582	45.192149	221.590240	164.446741	135.726294	74.655518	46.514224	315.379275	320.677304	33.627756	22.254896	73.219965	45.000076	229.436354	135.097293	137.930395	134.951173	224.950772	180.000000	213.690619	134.975489	
85.503555	45.000005	224.585482	224.906159	135.047350	134.988554	45.093685	322.987357	315.731813	22.362957	43.509658	0.000000	60.701087	44.999957	223.658867	202.290622	134.999977	224.991315	225.012066	224.704973	134.999998	316.970324	74.142582	45.192149	221.590265	158.947432	135.726294	74.655518	46.514224	315.379275	320.677304	33.627756	22.254896	69.299482	45.000076	230.200984	135.097293	137.930395	134.951173	224.950772	180.000000	213.690619	134.975489	
85.430703	45.000005	224.585482	224.906159	135.047350	134.988554	45.093685	323.445405	315.731813	22.362957	43.509658	0.000000	60.701087	44.999957	223.658867	202.290622	134.999977	224.991316	225.012066	224.704973	134.999998	316.970324	74.142582	45.192149	221.590275	162.630053	135.726294	74.655518	46.514224	315.379275	320.677304	33.627756	22.254896	73.996920	45.000076	230.954512	135.097293	137.930395	134.951173	224.950772	180.000000	213.690619	134.975489	
85.382912	45.000005	224.585482	224.906159	135.047350	134.988554	45.093685	323.547076	315.731813	22.362957	43.509658	0.000000	60.701087	44.999957	223.658867	202.290622	134.999977	224.991316	225.012066	224.704973	134.999998	316.970324	74.142582	45.192149	221.590280	164.096601	135.726294	74.655518	46.514224	315.379275	320.677304	33.627756	22.254896	69.520538	45.000076	231.689509	135.097293	137.930395	134.951173	224.950772	180.000000	213.690619	134.975489	
85.359670	45.000005	224.585482	224.906159	135.047350	134.988554	45.093685	323.478780	315.731813	22.362957	43.509658	0.000000	60.701087	44.999957	223.658867	202.290622	134.999977	224.991316	225.012066	224.704973	134.999998	316.970324	74.142582	45.140334	221.590282	164.602048	135.726294	74.655518	46.514224	315.379275	320.677304	33.627756	22.254896	73.856260	45.000076	232.400565	135.097293	137.930395	134.951173	224.950773	180.000000	213.690619	134.975489	
85.360449	45.000005	224.585482	224.906159	135.047350	134.988554	45.093685	316.959004	315.731813	22.362957	43.509658	0.000000	60.701087	44.999957	223.658867	202.290622	134.999977	224.991316	225.012066	224.704973	134.999998	316.970324	74.142582	45.116827	221.590282	164.694901	135.726294	74.655518	46.514224	315.379275	320.677304	33.627756	22.254896	69.373655	45.000076	233.083399	135.097293	137.930395	134.951173	224.950773	180.000000	213.690619	134.975489	
85.384707	45.000005	224.585482	224.906159	135.047350	134.988554	45.093685	320.325654	315.731813	22.362957	43.509658	0.000000	60.701087	44.999957	223.658867	202.290622	134.999977	224.991316	225.012066	224.704973	134.999998	316.970324	74.142582	45.106160	221.590283	164.615092	135.726294	74.655518	46.514224	315.379275	320.677304	33.627756	22.254896	73.575266	45.000076	233.734428	135.097293	137.930395	134.951173	224.950773	180.000000	213.690619	134.975489	
85.431892	45.000003	224.585482	224.906159	135.047350	134.988554	45.093685	321.742096	315.731813	22.362957	43.509658	0.000000	60.701087	44.999957	223.658867	202.290622	134.999977	224.991316	225.012066	224.704973	134.999998	316.970324	74.142582	45.101319	221.590283	164.467670	135.726294	74.655518	46.514224	315.379275	319.225822	33.627756	22.254896	75.392010	45.000076	234.350578	135.097293	137.930395	134.951173	224.950773	180.000000	213.690619	134.975489	
85.501449	45.000003	224.585482	224.906159	135.047350	134.988554	45.093685	316.049843	315.731813	22.362957	43.509658	0.000000	60.701087	44.999957	223.658867	202.290622	134.999977	224.991316	225.012066	224.704973	134.999998	316.970324	74.142582	45.099121	221.590283	164.298667	135.726294	74.655518	46.514224	315.379275	318.523166	33.627756	22.254896	76.089726	45.000076	234.929197	135.097293	137.930395	134.951173	224.950773	180.000000	213.690619	134.975489	
92.574094	45.000003	224.585482	224.906159	135.047350	134.988554	45.093685	319.628257	315.731813	22.362957	43.509658	0.000000	60.701087	44.999957	223.658867	202.290622	134.999977	224.991316	225.012066	224.704973	134.999998	316.970324	74.142582	45.098123	221.590283	164.128262	135.726294	74.655518	46.514224	315.379275	318.182928	33.627756	22.254896	76.267006	45.000076	235.468019	135.097293	137.930395	134.951173	224.950773	180.000000	213.690619	134.975489	
88.681575	45.000002	224.585482	224.906159	135.047350	134.988554	45.093685	315.029399	315.731813	22.362957	43.509658	0.000000	60.701087	44.999957	223.658867	202.290622	134.999977	224.991316	225.012066	224.704973	134.999998	316.970324	74.142582	45.097670	221.590283	163.965288	135.726294	74.655518	46.514224	315.379275	318.018141	33.627756	22.254896	76.207124	45.000076	235.965145	135.097293	137.930395	134.951173	224.950773	180.000000	213.690619	134.975489	
86.991687	45.000002	224.585482	224.906159	135.047350	134.988554	45.093685	318.987380	315.731813	22.362957	43.509658	0.000000	60.701087	44.999957	223.658867	202.290622	134.999977	224.991316	225.012066	224.704973	134.999998	316.970324	74.142582	45.097464	221.590283	163.813586	135.726294	74.655518	46.514224	315.379275	317.938310	33.627756	22.254896	76.044300	45.000076	236.419038	135.097293	137.930395	134.951173	224.950773	180.000000	213.690619	134.975489	
93.087706	45.000002	224.585482	224.906159	135.047350	134.988554	45.093685	314.677284	315.731813	22.362957	43.509658	0.000000	60.701087	44.999957	223.658867	202.290622	134.999977	224.991316	225.012066	224.704973	134.999998	316.970324	74.142582	45.097371	221.590283	163.674789	135.726294	74.655518	46.514224	315.379275	317.899627	33.627756	22.254896	75.842231	45.000076	236.828504	135.097293	137.930395	134.951173	224.950773	180.000000	213.690619	134.975489	
88.997840	45.000002	224.585482	224.906159	135.047350	134.988554	45.093685	318.630984	315.731813	22.362957	43.509658	0.000000	60.701087	44.999957	223.658867	202.290622	134.999977	224.991316	225.012066	224.704973	134.999998	316.970324	74.142582	45.097328	221.590283	163.549551	135.726294	74.655518	46.514224	315.379275	317.880878	33.627756	22.254896	75.631187	45.000076	237.192682	135.097293	137.930395	134.951173	224.950773	180.000000	213.690619	134.975489	
93.879404	45.000002	224.585482	224.906159	135.047350	134.988554	45.093685	314.454429	315.731813	22.362957	43.509658	0.000000	60.701087	44.999957	223.658867	202.290622	134.999977	224.991316	225.012066	224.704973	134.999998	316.970324	74.142582	45.097309	221.590283	163.438083	135.726294	74.655518	46.514224	315.379275	317.871789	33.627756	22.254896	75.425567	45.000076	233.572812	135.097293	137.930395	134.951173	224.950773	180.000000	213.690619	134.975489	
89.408609	45.000002	224.585482	224.906159	135.047350	134.988554	45.093685	312.555011	315.731813	22.362957	43.509658	0.000000	60.701087	44.999957	223.658867	202.290622	134.999977	224.991316	225.012066	224.704973	134.999998	316.970324	74.142582	45.097300	221.590283	163.340389	135.726294	74.655518	46.514224	315.379275	317.867381	33.627756	22.254896	75.232201	45.000076	235.797749	135.097293	137.930395	134.951173	224.950773	180.000000	213.690619	134.975489	
93.972828	45.000002	224.585482	224.906159	135.047350	134.988554	45.093685	311.690739	315.731813	22.362957	43.509658	0.000000	60.701087	44.999957	223.658867	202.290622	134.999977	224.991316	225.012066	224.704973	134.999998	316.970324	74.142582	45.097296	221.590283	163.256376	135.726294	74.655518	46.514224	315.379275	317.865243	33.627756	22.254896	75.054306	45.000076	233.073956	135.097293	137.930395	134.951173	224.950773	180.000000	213.690619	134.975489	
95.953952	45.000002	224.585482	224.906159	135.047350	134.988554	45.093685	311.297358	315.731813	22.362957	43.509658	0.000000	60.701087	44.999957	223.658867	202.290622	134.999977	224.991316	225.012066	224.704973	134.999998	316.970324	74.142582	45.097294	221.590283	163.185897	135.726294	74.655518	46.514224	315.379275	317.864206	33.627756	22.254896	74.893353	45.000076	231.790296	135.097293	137.930395	134.951173	224.950773	180.000000	213.690619	134.975489	
90.423486	45.000002	224.585482	224.906159	135.047350	134.988554	45.093685	311.118259	315.731813	22.362957	43.509658	0.000000	60.701087	44.999957	223.658867	202.290622	134.999977	224.991316	225.012066	224.704973	134.999998	316.970324	74.142582	45.097294	221.590283	163.128777	135.726294	74.655518	46.514224	315.379275	317.863702	33.627756	22.254896	74.749964	45.000076	235.297742	135.097293	137.930395	134.951173	224.950773	180.000000	213.690619	134.975489	
94.278683	45.000002	224.585482	224.906159	135.047350	134.988554	45.093685	311.036697	315.731813	22.362957	43.509658	0.000000	60.701087	44.999969	223.658867	202.290622	134.999977	224.991316	225.012066	224.704973	134.999998	316.970324	74.142582	45.097293	221.590283	163.084817	135.726294	74.655518	46.514224	315.379275	317.863458	33.627756	22.254896	74.624338	45.000076	233.130544	135.097293	137.930395	134.951173	224.950773	180.000000	213.690619	134.975489	
95.962267	45.000002	224.585482	224.906159	135.047350	134.988554	45.093685	310.999544	315.731813	22.362957	43.938210	0.000000	60.701087	44.999974	223.658867	202.290622	134.999977	224.991316	225.012066	224.704973	134.999998	316.970324	74.142582	45.097293	221.590283	163.053808	135.726294	74.655518	46.514224	315.379275	317.863339	33.627756	22.254896	74.516459	45.000076	232.107671	135.097293	137.930395	134.951173	224.950773	180.000000	213.690619	134.975489	
96.658069	45.000002	224.585482	224.906159	135.047350	134.988554	45.093685	310.982615	315.731813	22.362957	44.118156	0.000000	60.701087	44.999976	223.658867	202.290622	134.999977	224.991316	225.012066	224.704973	134.999998	316.970324	74.142582	45.097293	221.590283	163.035527	135.726294	74.655518	46.514224	315.379275	317.863282	33.627756	22.254896	74.426195	45.000076	231.676766	135.097293	137.930395	134.951173	224.950773	180.000000	213.690619	134.975489	
96.909130	45.000002	224.585482	224.906159	135.047350	134.988554	45.093685	310.974899	315.731813	22.362957	44.193727	0.000000	60.701087	44.999978	223.658867	202.290622	134.999977	224.991316	225.012066	224.704973	134.999998	316.970324	74.142582	45.097293	221.590283	163.029740	135.726294	74.655518	46.514224	315.379275	317.863254	33.627756	22.254896	74.353343	45.000076	231.547824	135.097293	137.930395	134.951173	224.950773	180.000000	213.690619	134.975489	
96.964754	45.000002	224.585482	224.906159	135.047350	134.988554	45.093685	310.971382	315.731813	22.362957	44.225469	0.000000	60.701087	44.999978	223.658867	202.290622	134.999977	224.991316	225.012066	224.704973	134.999998	316.970324	74.142582	45.097293	221.590283	163.036209	135.726294	74.655518	46.514224	315.379275	317.863240	33.627756	22.254896	74.297660	45.000076	231.568210	135.097293	137.930395	134.951173	224.950773	180.000000	213.690619	134.975489	
92.764876	45.000002	224.585482	224.906159	135.047350	134.988554	45.093685	310.969778	315.731813	22.362957	44.238804	0.000000	60.701087	44.999978	223.658867	202.290622	134.999977	224.991316	225.012066	224.704973	134.999998	316.970324	74.142582	45.097293	221.590283	163.054687	135.726294	74.655518	46.514224	315.379275	317.863233	33.627756	22.254896	74.258872	45.000076	231.657295	135.097293	137.930395	134.951173	224.950773	180.000000	213.690619	134.975489	
90.848565	45.000002	224.585482	224.906159	135.047350	134.988554	45.093685	310.969046	315.731813	22.362957	44.244407	0.000000	60.701087	44.999978	223.658867	202.290622	134.999977	224.991316	225.012066	224.704973	134.999998	316.970324	74.142582	45.097293	221.590283	163.084922	135.726294	74.655518	46.514224	315.379275	317.863230	33.627756	22.254896	74.236684	45.000076	231.772263	135.097293	137.930395	134.951173	224.950773	180.000000	213.690619	134.975489	
89.961850	45.000002	224.585482	224.906159	135.047350	134.988554	45.093685	310.968712	315.731813	22.362957	44.246762	0.000000	60.701087	44.999978	223.658867	202.290622	134.999977	224.991316	225.012066	224.704973	134.999998	316.970324	74.142582	45.097293	221.590283	163.126656	135.726294	74.655518	46.514224	315.379275	317.863228	33.627756	22.254896	74.230783	45.000076	233.099280	135.097293	137.930395	134.951173	224.950773	180.000000	213.690619	134.975489	
89.543390	45.000002	224.585482	224.906159	135.047350	134.988554	45.093685	310.968560	315.731813	22.362957	44.247751	0.000000	60.701087	44.999978	223.658867	202.290622	134.999977	224.991316	225.012066	224.704973	134.999998	316.970324	74.142582	45.097293	221.590283	163.179629	135.726294	74.655518	46.514224	315.379275	317.863228	33.627756	22.254896	74.240845	45.000076	233.883517	135.097293	137.930395	134.951173	224.950773	180.000000	213.690619	134.975489	
89.341672	45.000002	224.585482	224.906159	135.047350	134.988554	45.093685	310.968490	315.731813	22.362957	44.248167	0.000000	60.701087	44.999978	223.658867	202.290622	134.999977	224.991316	225.012066	224.704973	134.999998	316.970324	74.142582	45.097293	221.590283	163.243577	135.726294	74.655518	46.514224	315.379275	317.863227	33.627756	22.254896	74.266532	45.000076	234.379042	135.097293	137.930395	134.951173	224.950773	180.000000	213.690619	134.975489	
89.244018	45.000002	224.697943	224.906159	135.047350	134.988554	45.093685	310.968458	315.731813	22.362957	44.248342	0.000000	60.701087	44.999978	223.658867	202.290622	134.999977	224.991316	225.012066	224.704973	134.999998	316.970324	74.142582	45.097293	221.590283	163.318234	135.726294	74.655518	46.514224	315.379275	317.863227	33.627756	22.254896	74.307500	45.000076	234.716743	135.097293	137.930395	134.951173	224.950773	180.000000	213.690619	134.975489	
89.199941	45.000002	224.748971	224.906159	135.047350	134.988554	45.093685	310.968444	315.731813	22.362957	44.248416	0.000000	60.701087	44.999978	223.658867	202.290622	134.999977	224.991316	225.012066	224.704973	134.999998	316.970324	74.142582	45.097293	221.590283	153.949838	135.726294	74.655518	46.514224	315.379275	317.863227	33.627756	22.254896	74.363396	45.000076	234.963958	135.097293	137.930395	134.951173	224.950773	180.000000	213.690619	134.975489	
89.186788	45.000002	224.772129	224.906159	135.047350	134.988554	45.093685	310.968437	315.731813	22.362957	44.248447	0.000000	60.701087	44.999978	223.658867	202.290622	134.999977	224.991316	225.012066	224.704973	134.999998	316.970324	74.142582	45.097293	221.590283	152.733963	135.726294	74.655518	46.054373	315.379275	317.863227	33.627756	22.254896	74.433866	45.000076	235.155250	135.097293	137.930395	134.951173	224.950773	180.000000	213.690619	134.975489	
89.043465	45.000002	224.782640	224.906159	135.047350	134.988554	45.093685	310.968434	315.731813	22.362957	44.248460	0.000000	60.701087	44.999978	223.658867	202.290622	134.999977	224.991316	225.012066	224.704973	134.999998	316.970324	74.142582	45.097293	221.590283	152.222952	135.726294	74.655518	45.878748	315.379275	317.863227	33.627756	22.254896	74.518547	45.000076	235.308289	135.097293	137.930395	134.951173	224.950773	180.000000	213.690619	134.975489	
88.764785	45.000002	224.787413	224.906159	135.047350	134.988554	45.093685	310.968433	315.731813	22.362957	44.248465	0.000000	60.701087	44.999978	223.658867	202.290622	134.999977	224.991316	225.012066	224.704973	134.999998	316.970324	74.142582	45.097293	221.590283	152.008139	135.726294	74.655518	45.811665	315.379275	317.863227	33.627756	22.254896	65.053867	45.000076	235.432070	135.097293	137.930395	134.951173	224.950773	180.000000	213.690619	134.975489	
88.439792	45.000002	224.789580	224.906159	135.047350	134.988554	45.093685	310.968432	315.731813	22.362957	44.248468	0.000000	60.701087	44.999978	223.658867	202.290622	134.999977	224.991316	225.012066	224.704973	134.999998	316.970324	74.142582	45.097293	221.590283	151.917822	135.726294	74.655518	45.786038	315.379275	317.863227	33.627756	22.254896	63.962739	45.000076	235.531146	135.097293	137.930395	134.951173	224.950773	180.000000	213.690619	134.975489	
88.108811	45.000002	224.790564	224.906159	135.047350	134.988554	45.093685	310.968432	315.731813	22.362957	44.248469	0.000000	60.701087	44.999978	223.658867	202.290622	134.999977	224.991316	225.012066	224.704973	134.999998	316.970324	74.142582	45.097293	221.590283	151.879842	135.726294	74.655518	45.776247	315.379275	317.863227	33.627756	22.254896	63.467070	45.000076	235.607816	135.097293	137.930395	134.951173	224.950773	180.000000	213.690619	134.975489	
87.790179	45.000002	224.791011	224.906159	135.047350	134.988554	45.093685	310.968432	315.731813	22.362957	44.248469	0.000000	60.701087	44.999978	223.658867	202.290622	134.999977	224.991316	225.012066	224.704973	134.999998	316.970324	74.142582	45.097293	221.590283	151.863867	135.726294	74.655518	45.772505	315.379275	317.863227	33.627756	22.254896	63.241850	45.000076	235.663252	135.097293	137.930395	134.951173	224.950773	180.000000	213.690619	134.975489	
87.492255	45.000002	224.791214	224.906159	135.047350	134.988554	45.093685	310.968432	315.731813	22.362957	44.248469	0.000000	60.701087	44.999978	223.658867	202.290622	134.999977	224.991316	225.012066	224.704973	134.999998	316.970324	74.142582	45.097293	221.590283	151.857147	135.726294	74.655518	45.771075	315.379275	317.863227	33.627756	22.254896	63.139492	45.000076	235.698075	135.097293	137.930395	134.951173	224.950773	180.000000	213.690619	134.975489	
87.218825	45.000002	224.791307	224.906159	135.047350	134.988554	45.093685	310.968431	315.731813	22.362957	44.248469	0.000000	60.701087	44.999978	223.658867	202.290622	134.999977	224.991316	225.012066	224.704973	134.999998	316.970324	74.142582	45.097293	221.590283	151.854319	135.726294	74.655518	45.770529	315.379275	317.863227	33.627756	22.254896	63.092962	45.000076	235.712655	135.097293	137.930395	134.951173	224.950773	180.000000	213.690619	134.975489	
86.971555	45.000002	224.791349	224.906159	135.047350	134.988554	45.093685	310.968431	315.731813	22.362957	44.248469	0.000000	60.701087	44.999978	223.658867	202.290622	134.999977	224.991316	225.012066	224.704973	134.999998	316.970324	74.142582	45.097293	221.590283	151.853129	135.726294	74.655518	45.770320	315.379275	317.863227	33.627756	22.254896	63.071805	45.000057	235.707255	135.097293	137.930395	134.951173	224.950773	180.000000	213.690619	134.975489	
86.751099	45.000002	224.791368	224.906159	135.047350	134.988554	45.093685	310.968431	315.731813	22.362957	44.248469	0.000000	60.701087	44.999978	223.658867	202.290622	134.999977	224.993672	225.012066	224.704973	134.999998	316.970324	74.142582	45.097293	221.590283	151.852628	135.726294	74.655518	45.770240	315.270852	317.863227	33.627756	22.254896	63.062183	45.000047	235.682114	135.097293	137.930395	134.951173	224.950773	180.000000	213.690619	134.975489	
86.557610	45.000002	224.791376	224.906159	135.047350	134.988554	45.093685	310.968431	315.731813	22.362957	44.248469	0.000000	60.701087	44.999978	223.658867	202.290622	134.999977	224.994741	225.012066	224.704973	134.999998	316.970324	74.142582	45.097293	221.590283	151.852417	135.726294	74.655518	45.770210	315.225330	317.863227	33.627756	22.254896	63.057806	45.000043	235.637478	135.097293	137.930395	134.951173	224.950773	180.000000	213.690619	134.975489	
86.390980	45.000002	224.791380	224.906159	135.047350	134.988554	45.093685	310.968431	315.731813	22.362957	44.248469	0.000000	60.701087	44.999978	223.658867	202.290622	134.999977	224.995226	225.012066	224.704973	134.999998	316.970324	74.142582	45.097293	221.590283	151.852329	135.726294	74.655518	45.770198	315.206215	317.863227	33.627756	22.254896	63.055815	45.000040	235.573620	135.097293	137.930395	134.951173	224.950773	180.000000	213.690619	134.975489	
86.250952	45.000002	224.791382	224.906159	135.047350	134.988554	45.093685	310.968431	315.731813	22.362957	44.248469	0.000000	60.701087	44.999978	223.658867	202.290622	134.999977	224.995446	225.012066	224.704973	134.999998	316.970324	74.142582	45.097293	221.590283	151.852291	135.726294	74.655518	45.770193	315.198187	317.863227	33.627756	22.254896	63.054908	45.000039	235.490845	135.097293	137.930395	134.951173	224.950773	180.000000	213.690619	134.975489	
86.137173	45.000002	224.791383	224.906159	135.047350	134.988554	45.093685	310.968431	315.731813	22.362957	44.248469	0.000000	60.701087	44.999978	223.658867	202.290622	134.999977	224.995546	225.012066	224.704973	134.999998	316.970324	74.142582	45.097293	221.590283	151.852275	135.726294	74.655518	45.770192	315.194815	317.863227	33.627756	22.254896	63.054496	45.000039	235.389494	135.097293	137.930395	134.951173	224.950773	180.000000	213.690619	134.975489	
86.049229	45.000002	224.791383	224.906159	135.047350	134.988554	45.093685	310.968431	315.731813	22.362957	44.248469	0.000000	60.701087	44.999978	223.658867	202.290622	134.999977	224.995591	225.012066	224.704973	134.999998	316.970324	74.142582	45.097293	221.590283	151.852269	135.726294	74.655518	45.770191	315.193398	317.863227	33.627756	22.254896	63.054308	45.000038	235.269940	135.097293	137.930395	134.951173	224.950773	180.000000	213.690619	134.975489	
85.986659	45.000002	224.791384	224.906159	135.047350	134.988554	45.093685	310.968431	315.731813	22.362957	44.248469	0.000000	60.701087	44.999978	223.658867	202.290622	134.999977	224.995612	225.012066	224.704973	134.999998	316.970324	74.142582	45.097293	221.590283	151.852266	135.726294	74.655518	45.770191	315.192803	317.863227	33.627756	22.254896	63.054222	45.000038	235.132585	135.097293	137.930395	134.951173	224.950773	180.000000	213.690619	134.975489	
85.948972	45.000002	224.791384	224.906159	135.047350	134.988554	45.093685	310.968431	315.731813	22.362957	44.248469	0.000000	60.701087	44.999978	223.658867	202.290622	134.999977	224.995621	225.012066	224.704973	134.999998	316.970324	74.142582	45.097293	221.590283	151.852265	135.726294	74.655518	45.770191	315.192553	317.863227	33.627756	22.254896	63.054183	45.000038	234.977862	135.097293	137.930395	134.951173	224.950773	180.000000	213.690619	134.975489	
85.935649	45.000002	224.791384	224.906159	135.047350	134.988554	45.093685	310.968431	315.731813	22.362957	44.248469	0.000000	60.701087	44.999978	223.658867	202.290622	134.999977	224.995626	225.012066	224.704973	134.999998	316.970324	74.142582	45.097293	222.563680	151.852264	135.726294	74.655518	45.770191	315.192448	317.863227	33.627756	22.254896	63.054166	45.000038	234.806223	135.097293	137.930395	134.951173	224.964906	180.000000	213.690619	134.975489	
85.946155	45.000002	224.791384	224.906159	135.047350	134.988554	45.093685	310.968431	315.731813	22.362957	44.248469	0.000000	60.701087	44.999978	223.658867	202.290622	134.999977	224.995628	225.012066	224.704973	134.999998	316.970324	74.142582	45.097293	222.972341	151.852264	135.726294	74.655518	45.770191	315.192403	317.863227	33.627756	22.254896	63.054158	45.000038	234.618141	135.097293	137.930395	134.951173	224.970840	180.000000	213.690619	134.975489	
85.979945	45.000002	224.791384	224.906159	135.047350	134.988554	45.093685	310.968431	315.731813	22.362957	44.248469	0.000000	60.701087	44.999978	223.658867	202.290622	134.999977	224.995628	225.012066	224.704973	134.999998	316.970324	74.142582	45.097293	223.143939	151.852264	135.726294	74.655518	45.770191	315.192385	317.863227	33.627756	22.254896	63.054154	45.000038	234.414103	135.097293	137.930395	134.951173	224.973333	180.000000	213.690619	134.975489	
86.036464	45.000002	224.791384	224.906159	135.047350	134.988554	45.093685	310.968431	315.731813	22.362957	44.248469	0.000000	60.701087	44.999978	223.658867	202.290622	134.999977	224.995629	225.012066	224.704973	134.999998	316.970324	74.142582	45.097293	223.216006	151.852264	135.726294	74.655518	45.770191	315.192377	317.863227	33.627756	22.254896	63.054152	45.000038	234.194610	135.097293	137.930395	134.951173	224.974379	180.000000	213.690619	134.975489	
93.018327	45.000002	224.791384	224.906159	135.047350	134.988554	45.093685	310.968431	315.731813	22.362957	44.248469	0.000000	60.701087	44.999978	223.658867	202.290622	134.999977	224.995629	225.012066	224.704973	134.999998	316.970324	74.142582	45.097293	223.246277	151.852264	135.726294	74.655518	45.770191	315.192374	317.863227	33.627756	22.254896	63.054151	45.000038	233.960165	135.097293	137.930395	134.951173	224.974819	180.000000	213.690619	134.975489	
89.159212	45.000002	224.791384	224.906159	135.047350	134.988554	45.093685	310.968431	315.731813	22.362957	44.248469	0.000000	60.701087	44.999978	223.658867	202.290622	134.999977	224.995629	225.012066	224.704973	134.999998	316.970324	74.142582	45.097293	223.258994	151.852264	135.726294	74.655518	45.770191	315.192372	317.863227	33.627756	22.254896	63.054151	45.000038	233.711279	135.097293	137.930395	134.951173	224.975004	180.000000	213.690619	134.975489	
87.476814	45.000002	224.791384	224.906159	135.047350	134.988554	45.093685	310.968431	315.731813	22.362957	44.248469	0.000000	60.701087	44.999978	223.658867	202.290622	134.999977	224.995629	225.012066	224.704973	134.999998	316.970324	74.142582	45.097293	223.264337	151.852264	135.726294	74.655518	45.770191	315.192372	317.131369	33.627756	22.254896	63.054151	45.000038	233.448461	135.097293	137.930395	134.951173	224.975081	180.000000	213.690619	134.975489	
93.498738	45.000002	224.791384	224.906159	135.047350	134.988554	45.093685	312.065192	315.731813	22.362957	44.248469	0.000000	60.701087	44.999978	223.658867	202.290622	134.999977	224.995629	225.012066	224.704973	134.999998	316.970324	74.142582	45.097293	223.266583	151.852264	135.726294	74.655518	45.770191	315.192372	316.777081	33.627756	22.254896	63.054151	45.000038	233.172217	135.097293	137.930395	134.951173	224.975114	180.000000	213.690619	134.975489	
89.442912	45.000001	224.791384	224.906159	135.047350	134.988554	45.093685	312.562857	315.731813	22.362957	44.248469	0.000000	60.701087	44.999978	223.658867	202.290622	134.999977	224.995629	225.012066	224.704973	134.999998	316.970324	74.142582	45.097293	223.267527	151.852264	135.726294	74.655518	45.770191	315.192371	316.605533	33.627756	22.254896	63.054151	45.000038	232.883045	135.097293	137.930395	134.951173	224.975128	180.000000	213.690619	134.975489	
94.265598	45.000001	224.791384	224.906159	135.047350	134.988554	45.093685	312.788725	315.731813	22.362957	44.248469	0.000000	60.701087	44.999978	223.658867	202.290622	134.999977	224.995629	225.012066	224.704973	134.999998	316.970324	74.142582	45.097293	223.267924	151.852264	135.726294	74.655518	45.770191	315.192371	316.522449	33.627756	22.254896	63.054151	45.000038	232.581435	135.097293	137.930395	134.951173	224.975133	180.000000	213.690619	134.975489	
89.831915	45.000001	224.791384	224.906159	135.047350	134.988554	45.093685	312.891257	315.731813	22.362957	44.248469	0.000000	60.701087	44.999978	223.658867	202.290622	134.999977	224.995629	225.012066	224.704973	134.999998	316.970324	74.142582	45.097293	223.268090	151.852264	135.726294	74.655518	45.770191	315.192371	316.482200	33.627756	22.254896	63.054151	45.000038	232.267866	135.097293	137.930395	134.951173	224.975136	180.000000	213.690619	134.975489	
94.343020	45.000001	224.791384	224.906159	135.047350	134.988554	45.093685	312.937810	315.731813	22.362957	44.248469	0.000000	60.701087	44.999978	223.658867	202.290622	134.999977	224.995629	225.012066	224.704973	134.999998	316.970324	74.142582	45.097293	223.268161	151.852264	135.726294	74.655518	45.770191	315.192371	316.462698	33.627756	22.254896	63.054151	45.000038	231.942801	135.097293	137.930395	134.951173	224.975137	180.000000	213.690619	134.975489	
96.296762	45.000001	224.791384	224.906159	135.047350	134.988554	45.093685	312.958951	315.731813	22.362957	44.248469	0.000000	60.701087	44.999978	223.658867	202.290622	134.999977	224.995629	225.012066	224.704973	134.999998	316.970324	74.142582	45.097293	223.268190	151.852264	135.726294	74.655518	45.770191	315.192371	316.453246	33.627756	22.254896	63.054151	45.000038	231.606690	135.097293	137.930395	134.951173	224.975137	180.000000	213.690619	134.975489	
90.813232	45.000001	224.791384	224.906159	135.047350	134.988554	45.093685	312.968554	315.731813	22.362957	44.248469	0.000000	60.701087	44.999978	223.658867	202.290622	134.999977	224.995629	225.012066	224.704973	134.999998	316.970324	74.142582	45.097293	223.268203	151.852264	135.726294	74.655518	45.770191	315.192371	316.448663	33.627756	22.254896	63.054151	45.000038	231.259964	135.097293	137.930395	134.951173	224.975138	180.000000	213.690619	134.975489	
94.625212	45.000001	224.791384	224.906159	135.047350	134.988554	45.093685	312.972917	315.731813	22.362957	44.248469	0.000000	60.701087	44.999978	223.658867	202.290622	134.999977	224.995629	225.012066	224.704973	134.999998	316.970324	74.142582	45.097293	223.318488	151.852264	135.726294	74.655518	45.770191	315.192371	316.446441	33.627756	22.254896	63.054151	45.000038	230.903037	135.097293	137.930395	134.951173	224.975138	180.000000	213.690619	134.975489	
96.286267	45.000001	224.791384	224.906159	135.047350	134.988554	45.093685	312.974900	315.731813	22.362957	44.248469	0.000000	60.701087	44.999978	223.658867	202.290622	134.999977	224.995629	225.012066	224.704973	134.999998	316.970324	74.142582	45.097293	223.570763	151.852264	135.726294	74.655518	45.770191	315.192371	316.445363	33.627756	22.254896	63.054151	45.000038	230.536302	135.097293	137.930395	134.951173	224.975138	180.000000	213.690619	134.975489	
96.969355	45.000001	224.791384	224.906159	135.047350	134.988554	45.093685	312.975801	315.731813	22.362957	44.248469	0.000000	60.701087	44.999978	223.658867	202.290622	134.999977	224.995629	225.012066	224.704973	134.999998	316.970324	74.142582	45.097293	223.905139	151.852264	135.726294	74.655518	45.770191	315.192371	316.444841	33.627756	22.254896	63.054151	45.000038	230.160134	135.097293	137.930395	134.951173	224.975138	180.000000	213.690619	134.975489	
97.212340	45.000001	224.791384	224.906159	135.047350	134.988554	45.093685	312.976210	315.731813	22.362957	44.248469	0.000000	60.701087	44.999978	223.658867	202.290622	134.999977	224.995629	225.012066	224.704973	134.999998	316.970324	74.142582	45.097293	224.270160	151.852264	135.726294	74.655518	45.770191	315.192371	316.444587	33.627756	22.254896	63.054151	45.000038	229.774888	135.097293	137.930395	134.951173	224.975138	180.000000	213.690619	134.975489	
97.262073	45.000001	224.791384	224.906159	135.047350	134.988554	45.093685	312.976397	315.731813	22.362957	44.248469	0.000000	60.701087	44.999978	223.658867	202.290622	134.999977	224.995629	225.012066	224.704973	134.999998	316.970324	74.142582	45.097293	224.643465	151.852264	135.726294	74.655518	45.770191	315.192371	316.444464	33.627756	22.254896	63.054151	45.000038	229.380896	135.097293	137.930395	134.951173	224.975138	180.000000	213.690619	134.975489	
93.009257	45.000001	224.791384	224.906159	135.047350	134.988554	45.093685	312.976481	315.731813	22.362957	44.248469	0.000000	60.701087	44.999978	223.658867	202.290622	134.999977	224.995629	225.012066	224.704973	134.999998	316.970324	74.142582	45.097293	225.015115	151.852264	135.726294	74.655518	45.770191	315.192371	316.444404	33.627756	22.254896	63.054151	45.000038	228.978472	135.097293	137.930395	134.951173	224.975138	180.000000	213.690619	134.975489	
91.068188	45.000001	224.791384	224.906159	135.047350	134.988554	45.093685	312.976520	315.731813	22.362957	44.248469	0.000000	60.701087	44.999978	223.658867	202.290622	134.999977	224.995629	225.012066	224.704973	134.999998	316.970324	74.142582	45.097293	225.380507	151.852264	135.726294	74.655518	45.770191	315.192371	316.444375	33.627756	22.254896	63.054151	45.000038	228.567911	135.097293	137.930395	134.951173	224.975138	180.000000	213.690619	134.975489	
90.169173	45.000001	224.791384	224.906159	135.047350	134.988554	45.093685	312.976537	315.731813	22.362957	44.248469	0.000000	60.701087	44.999978	223.658867	202.290622	134.999977	224.995629	225.012066	224.704973	134.999998	316.970324	74.142582	45.097293	225.737348	151.852264	135.726294	74.655518	45.770191	315.192371	316.444361	33.627756	22.254896	63.054151	45.000038	228.149487	135.097293	137.930395	134.951173	224.975138	180.000000	213.690619	134.975489	
89.743949	45.000001	224.791384	224.906159	135.047350	134.988554	45.093685	312.976545	315.731813	22.362957	44.248469	0.000000	60.701087	44.999978	223.658867	202.290622	134.999977	224.995629	225.012066	224.704973	134.999998	316.970324	74.142582	45.097293	226.084355	151.852264	135.726294	74.655518	45.770191	315.192371	316.444354	33.627756	22.254896	63.054151	45.000038	227.723454	135.097293	137.930395	134.951173	224.975138	180.000000	213.690619	134.975489	
89.537944	45.000001	224.791384	224.906159	135.047350	134.988554	45.093685	312.976549	315.731813	22.362957	44.248469	0.000000	60.701087	44.999978	223.658867	202.290622	134.999977	224.995629	225.012066	224.704973	134.999998	316.970324	74.142582	45.097293	226.420700	151.852264	135.726294	74.655518	45.770191	315.192371	316.444350	33.627756	22.254896	63.054151	45.000038	227.290051	135.097293	137.930395	134.951173	224.975138	180.000000	213.690619	134.975489	
89.437119	45.000001	224.791384	224.906159	135.047350	134.988554	45.093685	312.976551	315.731813	22.362957	44.248469	0.000000	60.701087	44.999984	223.658867	202.290622	134.999977	224.995629	225.012066	224.704973	134.999998	316.970324	74.142582	45.097293	226.745771	151.852264	135.726294	74.655518	45.770191	315.192371	316.444349	33.627756	22.254896	63.054151	45.000038	226.849497	135.097293	137.930395	134.951173	224.975138	180.000000	213.690619	134.975489	
89.390385	45.000001	224.791384	224.906159	135.047350	134.988554	45.093685	312.976552	315.731813	22.362957	44.248469	0.000000	60.701087	44.999987	223.658867	202.290622	134.999977	224.995629	225.012066	224.704973	134.999998	316.970324	74.142582	45.097293	227.059068	151.852264	135.726294	74.655518	45.770191	315.192371	316.444348	33.627756	22.254896	63.054151	45.000038	226.401996	135.097293	137.930395	134.951173	224.975138	180.000000	213.690619	134.975489	
89.374819	45.000001	224.791384	224.906159	135.047350	134.988554	45.093685	312.976552	315.731813	22.362957	44.248469	0.000000	60.701087	44.999988	223.658867	202.290622	134.999977	224.995629	225.012066	224.704973	134.999998	316.970324	74.142582	45.097293	227.360160	151.852264	135.726294	74.655518	45.770191	315.192371	316.444348	33.627756	22.254896	63.054151	45.000038	220.212326	135.097293	137.930395	134.951173	224.975138	180.000000	213.690619	134.975489	
89.265026	45.000001	224.791384	224.906159	135.047350	134.988554	45.093685	312.976552	315.731813	22.362957	44.248469	0.000000	60.701087	44.999989	223.658867	202.290622	134.999977	224.995629	225.012066	224.704973	134.999998	316.970324	74.142582	45.097293	227.648663	151.852264	135.726294	74.655518	45.770191	315.192371	316.444347	33.627756	22.254896	63.054151	45.000038	222.986880	135.097293	137.930395	134.951173	224.975138	180.000000	213.690619	134.975489	
88.999178	45.000001	224.791384	224.906159	135.047350	134.988554	45.093685	312.976552	315.731813	22.362957	44.248469	0.000000	60.701087	44.999989	223.658867	202.290622	134.999977	224.995629	225.012066	224.704973	134.999998	316.970324	74.142582	45.097293	227.924234	151.852264	135.726294	74.655518	45.770191	315.192371	316.444347	33.627756	22.254896	63.054151	45.000038	218.543346	135.097293	137.930395	134.951173	224.975138	180.000000	213.690619	134.975489	
88.677684	45.000001	224.791384	224.906159	135.047350	134.988554	45.093685	312.976552	315.731813	22.362957	44.248469	0.000000	60.701087	44.999989	223.658867	202.290622	134.999977	224.995629	225.012066	224.704973	134.999998	316.970324	74.142582	45.097293	228.186571	151.852264	135.726294	74.655518	45.770191	315.192371	316.444347	33.627756	22.254896	63.054151	45.000038	219.489888	135.097293	137.930395	134.951173	224.975138	180.000000	213.690619	134.975489	
88.345974	45.000001	224.791384	224.906159	135.047350	134.988554	45.093685	312.976552	315.731813	22.362957	44.248469	0.000000	60.701087	44.999989	223.658867	202.290622	134.999977	224.995629	225.012066	224.704973	134.999998	316.970324	74.142582	45.097293	228.435403	151.852264	135.726294	74.655518	45.770191	315.192371	316.444347	33.627756	22.254896	63.054151	45.000038	219.994253	135.097293	137.930395	134.951173	224.975138	180.000000	213.690619	134.975489	
88.024695	45.000001	224.791384	224.906159	135.047350	134.988554	45.093685	312.976552	315.731813	22.362957	44.248469	0.000000	60.701087	44.999989	223.658867	202.290622	134.999977	224.995629	225.012066	224.704973	134.999998	316.970324	74.142582	45.097293	228.670497	151.852264	135.726294	74.655518	45.770191	315.192371	316.444347	33.627756	22.254896	63.054151	45.000038	220.273406	135.097293	137.930395	134.951173	224.975138	180.000000	213.690619	134.975489	
87.723256	45.000001	224.791384	224.906159	135.047350	134.988554	45.093685	312.976552	315.731813	22.362957	44.463535	0.000000	60.701087	44.999989	223.658867	202.290622	134.999977	224.995629	225.012066	224.704973	134.999998	316.970324	74.142582	45.097293	228.891655	151.852264	135.726294	74.655518	45.770191	315.192371	316.444347	33.627756	22.254896	63.054151	45.000038	220.433244	135.097293	137.930395	134.951173	224.975138	180.000000	213.690619	134.975489	
87.445927	45.000001	224.791384	224.906159	135.047350	134.988554	45.093685	312.976552	315.731813	22.362957	44.553832	0.000000	60.701087	44.999989	223.658867	202.290622	134.999977	224.995629	225.012066	224.704973	134.999998	316.970324	74.142582	45.097293	229.098711	151.852264	135.726294	74.655518	45.770191	315.192371	316.444347	33.627756	22.254896	58.159968	45.000038	220.525595	135.097293	137.930395	134.951173	224.975138	180.000000	213.690619	134.975489	
87.194598	45.000001	224.847966	224.906159	135.047350	134.988554	45.093685	312.976552	315.731813	22.362957	44.591750	0.000000	60.701087	44.999989	223.658867	202.290622	134.999977	224.995629	225.012066	224.704973	134.999998	316.970324	74.142582	45.097293	229.291532	151.852264	135.726294	74.655518	45.770191	315.192371	316.444347	33.627756	22.254896	55.939811	45.000038	220.575951	135.097293	137.930395	134.951173	224.975138	180.000000	213.690619	134.975489	
86.970035	45.000001	224.873639	224.906159	135.047350	134.988554	45.093685	312.976552	315.731813	22.362957	44.607675	0.000000	60.701087	44.999989	223.658867	202.290622	134.999977	224.995629	225.012066	224.704973	134.999998	316.970324	74.142582	45.097293	229.470017	151.852264	135.726294	74.655518	45.770191	315.192371	316.444347	33.627756	22.254896	54.932100	45.000038	220.596979	135.097293	137.930395	134.951173	224.975138	180.000000	213.690619	134.975489	
86.772446	45.000001	224.885290	224.906159	135.047350	134.988554	45.093685	312.976552	315.731813	22.362957	44.614364	0.000000	60.701087	44.999989	223.658867	202.290622	134.999977	224.995629	225.012066	224.704973	134.999998	316.970324	74.142582	45.097293	229.634095	151.852264	135.726294	74.655518	45.770191	315.192371	316.444347	33.627756	22.254896	54.474581	45.000038	220.595096	135.097293	137.930395	134.951173	224.975138	180.000000	213.690619	134.975489	
86.601752	45.000001	224.890579	224.906159	135.047350	134.988554	45.093685	312.976552	315.731813	22.362957	44.617174	0.000000	60.701087	44.999989	223.658867	202.290622	134.999977	224.995629	225.012066	224.704973	134.999998	316.970324	74.142582	45.097293	229.783724	147.037357	135.726294	74.655518	45.770191	315.192371	316.444347	33.627756	22.254896	54.266813	45.000038	220.573678	135.097293	137.930395	134.951173	224.975138	180.000000	213.690619	134.975489	
86.457714	45.000001	224.892980	224.906159	135.047350	134.988554	45.093685	312.976552	315.731813	22.362957	44.618355	0.000000	60.701087	44.999989	223.658867	202.290622	134.999977	224.995629	225.012066	224.704973	134.999998	316.970324	74.142582	45.097293	229.918891	145.016675	135.726294	74.655518	45.770191	315.192371	316.444347	33.627756	22.254896	54.172442	45.000028	220.534621	135.097293	137.930395	134.951173	224.975138	180.000000	213.690619	134.975489	
86.339992	45.000001	224.894070	224.906159	135.047350	134.988554	45.093685	312.976552	315.731813	22.362957	44.618852	0.000000	60.701087	44.999989	223.658867	202.290622	134.999977	224.995629	225.012066	224.704973	134.999998	316.970324	74.142582	45.097293	230.039608	144.168084	135.726294	74.655518	45.770191	315.192371	316.444347	33.627756	22.254896	54.129568	45.000024	220.479098	135.097293	137.930395	134.951173	224.975138	180.000000	213.690619	134.975489	
86.248180	45.000001	224.894565	224.906159	135.047350	134.988554	45.093685	312.976552	315.731813	22.362957	44.619060	0.000000	60.701087	44.999989	223.658867	202.290622	134.999977	224.995629	225.012066	224.704973	134.999998	316.970324	74.142582	45.097293	230.145911	143.811626	135.726294	74.655518	45.770191	315.192371	316.444347	33.627756	22.254896	54.110086	45.000021	220.407932	135.097293	137.930395	134.951173	224.975138	180.000000	213.690619	134.975489	
86.181823	45.000001	224.894790	224.906159	135.047350	134.988554	45.093685	312.976552	315.731813	22.362957	44.619148	0.000000	60.701087	44.999989	223.658867	202.290622	134.999977	224.995629	225.012066	224.704973	134.999998	316.970324	74.142582	45.097293	230.237861	143.661866	135.726294	74.655518	45.770191	315.192371	316.444347	33.627756	22.254896	54.101231	45.000020	220.321776	135.097293	137.930395	134.951173	224.975138	180.000000	213.690619	134.975489	
86.140434	45.000001	224.894892	224.906159	135.047350	134.988554	45.093685	312.976552	315.731813	22.362957	44.619185	0.000000	60.701087	44.999989	223.658867	202.290622	134.999977	224.995629	225.012066	224.704973	134.999998	316.970324	74.142582	45.097293	230.315537	143.598936	135.726294	74.655518	45.770191	315.192371	316.444347	33.627756	22.254896	54.097206	45.000020	219.550950	135.097293	137.930395	134.951173	224.975138	180.000000	213.690619	134.975489	
86.123497	45.000001	224.894939	224.906159	135.047350	134.988554	45.093685	312.976552	315.731813	22.362957	44.619200	0.000000	60.701087	44.999989	223.658867	202.290622	134.999977	224.995629	225.012066	224.704973	134.999998	316.970324	74.142582	45.097293	230.379042	143.572488	135.726294	74.655518	45.770191	315.192371	316.444347	33.627756	22.254896	54.095375	45.000019	219.188021	135.097293	137.930395	134.951173	224.975138	180.000000	213.690619	134.975489	
86.130480	45.000001	224.894960	224.906159	135.047350	134.988554	45.093685	312.976552	315.731813	22.362957	44.619207	0.000000	60.701087	44.999989	223.658867	202.290622	134.999977	224.995629	225.012066	224.704973	134.999998	316.970324	74.142582	45.097293	230.428492	143.561370	135.726294	74.655518	45.770191	315.192371	316.444347	33.627756	22.254896	54.094543	45.000019	219.017094	135.097293	137.930395	134.951173	224.975138	180.000000	213.690619	134.975489	
86.160839	45.000001	224.894969	224.906159	135.047350	134.988554	45.093685	312.976552	315.731813	22.362957	44.619210	0.000000	60.701087	44.999989	223.658867	202.290622	134.999977	224.996815	225.012066	224.704973	134.999998	316.970324	74.142582	45.097293	230.464025	143.556696	135.726294	74.655518	45.770191	315.192371	316.444347	33.627756	22.254896	54.094164	45.000019	218.936571	135.097293	137.930395	134.951173	224.975138	180.000000	213.690619	134.975489	
86.214021	45.000001	224.894974	224.906159	135.047350	134.988554	45.093685	312.976552	315.731813	22.362957	44.619211	0.000000	60.701087	44.999989	223.658867	202.290622	134.999977	224.997352	225.012066	224.704973	134.999998	316.970324	74.142582	45.097293	230.485788	143.554731	135.726294	74.655518	45.770191	315.192371	316.444347	33.627756	22.254896	54.093991	45.000019	218.898625	135.097293	137.930395	134.951173	224.975138	180.000000	213.690619	134.975489	
93.163585	45.000001	224.894976	224.906159	135.047350	134.988554	45.093685	312.976552	315.731813	22.362957	44.619211	0.000000	60.701087	44.999989	223.658867	202.290622	134.999977	224.997597	225.012066	224.704973	134.999998	316.970324	74.142582	45.097293	230.493946	143.553904	135.726294	74.655518	45.770191	315.192371	316.444347	33.627756	22.254896	54.093913	45.000019	218.880738	135.097293	137.930395	134.951173	224.975138	180.000000	213.690619	134.975489	
89.318173	45.000001	224.894977	224.906159	135.047350	134.988554	45.093685	312.976552	315.731813	22.362957	44.619212	0.000000	60.701087	44.999989	223.658867	202.290622	134.999977	224.997707	225.012066	224.704973	134.999998	316.970324	74.142582	45.097293	230.488673	143.553556	135.726294	74.655518	45.770191	315.192371	316.444347	33.627756	22.254896	54.093877	45.000019	218.872304	135.097293	137.930395	134.951173	224.975138	180.000000	213.690619	134.975489	
87.640001	45.000001	224.894977	224.906159	135.047350	134.988554	45.093685	312.976552	315.731813	22.362957	44.619212	0.000000	60.701087	44.999989	223.658867	202.290622	134.999977	224.997758	225.012066	224.704973	134.999998	316.970324	74.142582	45.097293	230.470154	143.553410	135.726294	74.655518	45.770191	315.192371	316.444347	33.627756	22.254896	54.093861	45.000019	218.868326	135.097293	137.930395	134.951173	224.975138	180.000000	213.690619	134.975489	
93.634833	45.000001	224.894977	224.906159	135.047350	134.988554	45.093685	312.976552	315.731813	22.362957	44.619212	0.000000	60.701087	44.999989	223.658867	202.290622	134.999977	224.997781	225.012066	224.704973	134.999998	316.970324	74.142582	45.097293	230.438583	143.553348	135.726294	74.655518	45.770191	315.192371	316.444347	33.627756	22.254896	54.093854	45.000019	218.866449	135.097293	137.930395	134.951173	224.975138	180.000000	213.690619	134.975489	
89.593424	45.000001	224.894977	224.906159	135.047350	134.988554	45.093685	312.976552	315.731813	22.362957	44.619212	0.000000	60.701087	44.999989	223.658867	202.290622	134.999977	224.997791	225.012066	224.704973	134.999998	316.970324	74.142582	45.097293	230.394162	143.553322	135.726294	74.655518	45.770191	315.192371	316.444347	33.627756	22.254896	54.093850	45.000019	218.865564	135.097293	137.930395	134.951173	224.975138	180.000000	213.690619	134.975489	
94.394322	45.000001	224.894977	224.906159	135.047350	134.988554	45.093685	312.976552	315.731813	22.362957	44.619212	0.000000	60.701087	44.999989	223.658867	202.290622	134.999977	224.997796	225.012066	224.704973	134.999998	316.970324	74.142582	45.097293	230.337099	143.553312	135.726294	74.655518	45.770191	315.192371	316.444347	33.627756	22.254896	54.093849	45.000019	218.865145	135.097293	137.930395	134.951173	224.975138	180.000000	213.690619	134.975489	
89.976585	45.000001	224.894977	224.906159	135.047350	134.988554	45.093685	312.976552	315.731813	22.362957	44.619212	0.000000	60.701087	44.999989	223.658867	202.290622	134.999977	224.997798	225.012066	224.704973	134.999998	316.970324	74.142582	45.097293	230.267607	143.553307	135.726294	74.655518	45.770191	315.192371	316.444347	33.627756	22.254896	54.093848	45.000019	218.864948	135.097293	137.930395	134.951173	224.975138	180.000000	213.690619	134.975489	
94.467623	45.000001	224.894977	224.906159	135.047350	134.988554	45.093685	312.976552	315.731813	22.362957	44.619212	0.000000	60.701087	44.999989	223.658867	202.290622	134.999977	224.997799	225.012066	224.704973	134.999998	316.970324	74.142582	45.097293	230.185905	143.553305	135.726294	74.655518	45.535807	315.192371	316.071748	33.627756	22.254896	54.093848	45.000019	218.864854	135.097293	137.930395	134.951173	224.975138	180.000000	213.690619	134.975489	
96.411509	45.000001	224.894977	224.906159	135.047350	134.988554	45.093685	312.976552	315.731813	22.362957	44.619212	0.000000	60.701087	44.999989	223.658867	202.290622	134.999977	224.997799	225.012066	224.704973	134.999998	316.970324	74.142582	45.097293	230.092212	143.553304	135.726294	74.655518	45.446288	315.192371	315.891339	33.627756	22.254896	54.093848	45.000019	218.864810	135.097293	137.930395	134.951173	224.975138	180.000000	213.690619	134.975489	
90.948404	45.000001	224.894977	224.906159	135.047350	134.988554	45.093685	312.976552	315.731813	22.362957	44.619212	0.000000	60.701087	44.999989	223.658867	202.290622	134.999977	224.997799	225.012066	224.704973	134.999998	316.970324	74.142582	45.097293	229.986753	143.553304	135.726294	74.655518	45.412094	315.192371	315.803966	33.627756	22.254896	54.093847	45.000019	218.864789	135.097293	137.930395	134.951173	224.975138	180.000000	213.690619	134.975489	
94.743572	45.000001	224.894977	224.906159	135.047350	134.988554	45.093685	312.976552	315.731813	22.362957	44.619212	0.000000	60.701087	44.999989	223.658867	202.290622	134.999977	224.997799	225.012066	224.704973	134.999998	316.970324	74.142582	45.097293	229.869751	143.553304	135.726294	74.655518	45.399030	315.192371	315.761641	33.627756	22.254896	54.093847	45.000019	218.864780	135.097293	137.930395	134.951173	224.975138	180.000000	213.690619	134.975489	
96.396345	45.000001	224.894977	224.906159	135.047350	134.988554	45.093685	312.976552	315.731813	22.362957	44.619212	0.000000	60.701087	44.999989	223.658867	202.290622	134.999977	224.997800	225.012066	224.704973	134.999998	316.970324	74.142582	45.097293	229.741432	143.553304	135.726294	74.655518	45.394039	315.192371	315.741133	33.627756	22.254896	54.093847	45.000019	218.864775	135.097293	137.930395	134.951173	224.975138	180.000000	213.690619	134.975489	
97.075153	45.000001	224.894977	224.906159	135.047350	134.988554	45.093685	313.522146	315.731813	22.362957	44.619212	0.000000	60.701087	44.999989	223.658867	202.290622	134.999977	224.997800	225.012066	224.704973	134.999998	316.970324	74.142582	45.097293	229.602021	143.553304	135.726294	74.655518	45.392132	315.192371	315.731194	33.627756	22.254896	54.093847	45.000019	218.864773	135.097293	137.930395	134.951173	224.975138	180.000000	213.690619	134.975489	
97.315734	45.000001	224.894977	224.906159	135.047350	134.988554	45.093685	313.769671	315.731813	22.362957	44.619212	0.000000	60.701087	44.999989	223.658867	202.290622	134.999977	224.997800	225.012066	224.704973	134.999998	316.970324	74.142582	45.097293	229.451744	143.553304	135.726294	74.655518	45.391403	315.192371	315.726376	33.627756	22.254896	54.093847	45.000019	218.864772	135.097293	137.930395	134.951173	224.982241	180.000000	213.690619	134.975489	
97.363942	45.000001	224.894977	224.906159	135.047350	134.988554	45.093685	313.881989	315.731813	22.362957	44.619212	0.000000	60.701087	44.999989	223.658867	202.290622	134.999977	224.997800	225.012066	224.704973	134.999998	316.970324	74.142582	45.097293	230.842098	143.553304	135.726294	74.655518	45.391124	315.192371	315.724040	33.627756	22.254896	54.093847	45.000019	218.864771	135.097293	137.930395	134.951173	224.985223	180.000000	213.690619	134.975489	
93.089900	45.000001	224.894977	224.906159	135.047350	134.988554	45.093685	313.932966	315.731813	22.362957	44.619212	0.000000	60.701087	44.999989	223.658867	202.290622	134.999977	224.997800	225.012066	224.704973	134.999998	316.970324	74.142582	45.097293	231.364591	143.553304	135.726294	74.655518	45.391018	315.192371	315.722906	33.627756	22.254896	54.093847	45.000019	218.864771	135.097293	137.930395	134.951173	224.986475	180.000000	213.690619	134.975489	
91.139360	45.000001	224.894977	224.906159	135.047350	134.988554	45.093685	313.956106	315.731813	22.362957	44.619212	0.000000	60.701087	44.999989	223.658867	202.290622	134.999977	224.997800	225.012066	224.704973	134.999998	316.970324	74.142582	45.097293	231.508716	143.553304	135.726294	74.655518	45.390977	315.192371	315.722357	33.627756	22.254896	54.093847	45.000019	218.864771	135.097293	137.930395	134.951173	224.987001	180.000000	213.690619	134.975489	
90.236043	45.000001	224.894977	224.906159	135.047350	134.988554	45.093685	313.966613	315.731813	22.362957	44.619212	0.000000	60.701087	44.999989	223.658867	202.290622	134.999977	224.997800	225.012066	224.704973	134.999998	316.970324	74.142582	45.097293	231.485514	143.553304	135.726294	74.655518	45.390961	315.192371	315.722090	33.627756	22.254896	54.093847	45.000019	218.864771	135.097293	137.930395	134.951173	224.987222	180.000000	213.690619	134.975489	
89.808799	45.000001	224.894977	224.906159	135.047350	134.988554	45.093685	313.971384	315.731813	22.362957	44.619212	0.000000	60.701087	44.999989	223.658867	202.290622	134.999977	224.997800	225.012066	224.704973	134.999998	316.970324	74.142582	45.097293	231.385911	143.553304	135.726294	74.655518	45.390955	315.192371	315.721960	33.627756	22.254896	54.093847	45.000019	218.864771	135.097293	137.930395	134.951173	224.987315	180.000000	213.690619	134.975489	
89.601782	45.000001	224.894977	224.906159	135.047350	134.988554	45.093685	313.973552	315.731813	22.362957	44.619212	0.000000	60.701087	44.999989	223.658867	202.290622	134.999977	224.997800	225.012066	224.704973	134.999998	316.970324	74.142582	45.097293	231.249097	143.553304	135.726294	74.655518	45.390953	315.192371	315.721897	33.627756	22.254896	54.093847	45.000019	218.864771	135.097293	137.930395	134.951173	224.987354	180.000000	213.690619	134.975489	
89.500392	45.000001	224.894977	224.906159	135.047350	134.988554	45.093685	313.974536	315.731813	22.362957	44.619212	0.000000	60.701087	44.999989	223.658867	202.290622	134.999977	224.997800	225.012066	224.704973	134.999998	316.970324	74.142582	45.097293	231.092011	143.553304	135.726294	74.655518	45.390952	315.192371	315.721867	33.627756	22.254896	54.093847	45.000019	218.864771	135.097293	137.930395	134.951173	224.987370	180.000000	213.690619	134.975489	
89.453290	45.000001	224.894977	224.906159	135.047350	134.988554	45.093685	313.974984	315.731813	22.362957	44.619212	0.000000	60.701087	44.999989	223.658867	202.290622	134.999977	224.997800	225.012066	224.704973	134.999998	316.970324	74.142582	45.097293	230.922029	143.553304	135.726294	74.655518	45.390952	315.192371	315.721852	33.627756	22.254896	54.093847	45.000019	218.864771	135.097293	137.930395	134.951173	224.987377	180.000000	213.690619	134.975489	
89.437445	45.000001	224.894977	224.906159	135.047350	134.988554	45.093685	313.975187	315.731813	22.362957	44.619212	0.000000	60.701087	44.999989	223.658867	202.290622	134.999977	224.997800	225.012066	224.704973	134.999998	316.970324	74.142582	45.097293	225.422419	143.553304	135.726294	74.655518	45.390952	315.192371	315.721845	33.627756	22.254896	54.093847	45.000019	218.864771	135.097293	137.930395	134.951173	224.987380	180.000000	213.690619	134.975489	
89.329260	45.000001	224.894977	224.906159	135.047350	134.988554	45.093685	313.975280	315.731813	22.362957	44.619212	0.000000	60.701087	44.999989	223.658867	202.290622	134.999977	224.997800	225.012066	224.704973	134.999998	316.970324	74.142582	45.097293	228.384601	143.553304	135.726294	74.655518	45.390952	315.192371	315.721841	33.627756	22.254896	54.093847	45.000019	218.864771	135.097293	137.930395	134.951173	224.987381	180.000000	213.690619	134.975489	
89.063992	45.000001	224.894977	224.906159	135.047350	134.988554	45.093685	313.975322	315.731813	22.362957	44.619212	0.000000	60.701087	44.999989	223.658867	202.290622	134.999977	224.997800	225.012066	224.704973	134.999998	316.970324	74.142582	45.097293	229.529886	143.553304	135.726294	74.655518	45.390952	315.192371	315.721840	33.627756	22.254896	54.093847	45.000019	218.864771	135.097293	137.930395	134.951173	224.987382	180.000000	213.690619	134.975489	
88.742617	45.000001	224.894977	224.906159	135.047350	134.988554	45.093685	313.975341	315.731813	22.362957	44.619212	0.000000	60.701087	44.999989	223.658867	202.290622	134.999977	224.997800	225.012066	224.704973	134.999998	316.970324	74.142582	45.097293	224.746703	143.553304	135.726294	74.655518	45.390952	315.192371	315.721839	33.627756	22.254896	54.093847	45.000019	218.864771	135.097293	137.930395	134.951173	224.987382	180.000000	213.690619	134.975489	
88.410823	45.000001	224.894977	224.906159	135.047350	134.988554	45.093685	313.975350	315.731813	22.362957	44.619212	0.000000	60.701087	44.999989	223.658867	202.290622	134.999977	224.997800	225.012066	224.704973	134.999998	316.970324	74.142582	45.097293	227.834571	143.553304	135.726294	74.655518	45.390952	315.192371	315.721838	33.627756	22.254896	54.093847	45.000019	218.864771	135.097293	137.930395	134.951173	224.987382	180.000000	213.690619	134.975489	
88.089369	45.000001	224.894977	224.906159	135.047350	134.988554	45.093685	313.975353	315.731813	22.362957	44.619212	0.000000	60.701087	44.999989	223.658867	202.290622	134.999977	224.997800	225.012066	224.704973	134.999998	316.970324	74.142582	45.097293	223.988967	143.553304	135.726294	74.655518	45.390952	315.192371	315.721838	33.627756	22.254896	54.093847	45.000019	218.864771	135.097293	137.930395	134.951173	224.987382	180.000000	213.690619	134.975489	
87.787714	45.000001	224.894977	224.906159	135.047350	134.988554	45.093685	313.975355	315.731813	22.362957	44.619212	0.000000	60.701087	44.999989	223.658867	202.290622	134.999977	224.997800	225.012066	224.704973	134.999998	316.970324	74.142582	45.097293	227.346189	143.553304	135.726294	74.655518	45.390952	315.192371	315.721838	33.627756	22.254896	54.093847	45.000019	218.864771	135.097293	137.930395	134.951173	224.987382	180.000000	213.690619	134.975489	
87.510153	45.000001	224.894977	224.906159	135.047350	134.988554	45.093685	313.975356	315.731813	22.362957	44.619212	0.000000	60.701087	44.999989	223.658867	202.290622	134.999977	224.997800	225.012066	224.704973	134.999998	316.970324	74.142582	45.097293	223.738625	143.553304	135.726294	74.655518	45.390952	315.192371	315.721838	33.627756	22.254896	54.093847	45.000019	218.864771	135.097293	137.930395	134.951173	224.987382	180.000000	213.690619	134.975489	
87.258589	45.000001	224.894977	224.906159	135.047350	134.988554	45.093685	313.975356	315.731813	22.362957	44.619212	0.000000	60.701087	44.999992	223.658867	202.290622	134.999977	224.997800	225.012066	224.704973	134.999998	316.970324	74.142582	45.097293	222.220536	143.553304	135.726294	74.655518	45.390952	315.192371	315.721838	33.627756	22.254896	54.093847	45.000019	218.864771	135.097293	137.930395	134.951173	224.987382	180.000000	213.690619	134.975489	
87.033790	45.000001	224.894977	224.906159	135.047350	134.988554	45.093685	313.975357	315.731813	22.362957	44.619212	0.000000	60.701087	44.999993	223.658867	202.290622	134.999977	224.997800	225.012066	224.704973	134.999998	316.970324	74.142582	45.097293	221.581399	143.553304	135.726294	74.655518	45.390952	315.192371	315.721838	33.627756	22.254896	54.093847	45.000019	218.864771	135.097293	137.930395	134.951173	224.987382	180.000000	213.690619	134.975489	
86.835967	45.000001	224.894977	224.906159	135.047350	134.988554	45.093685	313.975357	315.731813	22.362957	44.619212	0.000000	60.701087	44.999994	223.658867	202.290622	134.999977	224.997800	225.012066	224.704973	134.999998	316.970324	74.142582	45.097293	221.312245	143.553304	135.726294	74.655518	45.390952	315.192371	315.721838	33.627756	22.254896	54.093847	45.000019	218.864771	135.097293	137.930395	134.951173	224.987382	180.000000	213.690619	134.975489	
86.665045	45.000001	224.894977	224.906159	135.047350	134.988554	45.093685	313.975357	315.731813	22.362957	44.619212	0.000000	60.701087	44.999994	223.658867	202.290622	134.999977	224.997800	225.012066	224.704973	134.999998	316.970324	74.142582	45.097293	221.198873	143.553304	135.726294	74.655518	45.390952	315.192371	315.721838	33.627756	22.254896	54.093847	45.000019	218.864771	135.097293	137.930395	134.951173	224.987382	180.000000	213.690619	134.975489	
86.520785	45.000001	224.894977	224.906159	135.047350	134.988554	45.093685	313.975357	315.731813	22.362957	44.619212	0.000000	60.701087	44.999994	223.658867	202.290622	134.999977	224.997800	225.012066	224.704973	134.999998	316.970324	74.142582	45.097293	221.151109	143.553304	135.726294	74.655518	45.390952	315.192371	315.721838	33.627756	22.254896	54.093847	45.000019	218.864771	135.097293	137.930395	134.951173	224.987382	180.000000	213.690619	134.975489	
86.402846	45.000001	224.894977	224.906159	135.047350	134.988554	45.093685	313.975357	315.731813	22.362957	44.619212	0.000000	60.701087	44.999995	223.658867	202.290622	134.999977	224.997800	225.012066	224.704973	134.999998	316.970324	74.142582	45.097293	221.130981	143.553304	135.726294	74.655518	45.390952	315.192371	315.721838	33.627756	22.254896	54.093847	45.000019	218.864771	135.097293	137.930395	134.951173	224.987382	180.000000	213.690619	134.975489	
86.310823	45.000001	224.894977	224.906159	135.047350	134.988554	45.093685	313.975357	315.731813	22.362957	44.619212	0.000000	60.701087	44.999995	223.658867	202.290622	134.999977	224.997800	225.012066	224.704973	134.999998	316.970324	74.142582	45.097293	221.122497	143.553304	135.726294	74.655518	45.390952	315.192371	315.721838	33.627756	22.254896	54.093847	45.000019	218.864771	135.097293	137.930395	134.951173	224.987382	180.000000	213.690619	134.975489	
86.244263	45.000001	224.894977	224.906159	135.047350	134.988554	45.093685	313.975357	315.731813	22.362957	44.619212	0.000000	60.701087	44.999995	223.658867	202.290622	134.999977	224.997800	225.012066	224.704973	134.999998	316.970324	74.142582	45.097293	221.118921	143.553304	135.726294	74.655518	45.390952	315.192371	315.721838	33.627756	22.254896	54.093847	45.000019	218.864771	135.097293	137.930395	134.951173	224.987382	180.000000	213.690619	134.975489	
86.202677	45.000001	224.894977	224.906159	135.047350	134.988554	45.093685	313.975357	315.731813	22.362957	44.619212	0.000000	60.701087	44.999995	223.658867	202.290622	134.999977	224.997800	225.012066	224.704973	134.999998	316.970324	74.142582	45.097293	221.117413	143.553304	135.726294	74.655518	45.390952	315.192371	315.721838	33.627756	22.254896	51.621856	45.000014	218.864771	135.097293	137.930395	134.951173	224.987382	180.000000	213.690619	134.975489	
86.185552	45.000001	224.894977	224.906159	135.047350	134.988554	45.093685	313.975357	315.731813	22.362957	44.619212	0.000000	60.701087	44.999995	223.658867	202.290622	134.999977	224.997800	225.012066	224.704973	134.999998	316.970324	74.142582	45.097293	221.116777	143.553304	135.726294	74.655518	45.390952	315.192371	315.721838	33.627756	22.254896	50.500236	45.000012	218.864771	135.097293	137.930395	134.951173	224.987382	180.000000	213.690619	134.975489	
86.192353	45.000001	224.923454	224.906159	135.047350	134.988554	45.093685	313.975357	315.731813	22.362957	44.619212	0.000000	60.701087	44.999995	223.658867	202.290622	134.999977	224.997800	225.012066	224.704973	134.999998	316.970324	74.142582	45.097293	221.116508	143.553304	135.726294	74.655518	45.390952	315.192371	315.721838	33.627756	22.254896	49.991175	45.000011	218.864771	135.097293	137.930395	134.951173	224.987382	180.000000	213.690619	134.975489	
86.222538	45.000001	224.936374	224.906159	135.047350	134.988554	45.093685	313.975357	315.731813	22.362957	44.619212	0.000000	60.701087	44.999995	223.658867	202.290622	134.999977	224.997800	225.012066	224.704973	134.999998	316.970324	74.142582	45.097293	221.116395	143.553304	135.726294	74.655518	45.390952	315.192371	315.721838	33.627756	22.254896	49.760081	45.000010	218.864771	135.097293	137.930395	134.951173	224.987382	180.000000	213.690619	134.975489	
86.275554	45.000001	224.942238	224.906159	135.047350	134.988554	45.093685	313.975357	315.731813	22.362957	44.619212	0.000000	60.701087	44.999995	223.658867	202.290622	134.999977	224.997800	225.012066	224.704973	134.999998	316.970324	74.142582	45.097293	221.116347	143.553304	135.726294	74.655518	45.390952	315.192371	315.721838	33.627756	22.254896	49.655151	45.000010	218.864771	135.097293	137.930395	134.951173	224.987382	180.000000	213.690619	134.975489	
93.212105	45.000001	224.944899	224.906159	135.047350	134.988554	45.093685	313.975357	315.731813	22.362957	44.619212	0.000000	60.701087	44.999995	223.658867	202.290622	134.999977	224.997800	225.012066	224.704973	134.999998	316.970324	74.142582	45.097293	221.116327	143.553304	135.726294	74.655518	45.390952	315.192371	315.721838	33.627756	22.254896	49.607498	45.000010	218.864771	135.097293	137.930395	134.951173	224.987382	180.000000	213.690619	134.975489	
89.373888	45.000001	224.946108	224.906159	135.047350	134.988554	45.093685	313.975357	315.731813	22.362957	44.619212	0.000000	60.701087	44.999995	223.658867	202.290622	134.999977	224.997800	225.012066	224.704973	134.999998	316.970324	74.142582	45.097293	221.116318	143.553304	135.726294	74.655518	45.390952	315.192371	315.721838	33.627756	22.254896	49.585851	45.000010	218.864771	135.097293	137.930395	134.951173	224.987382	180.000000	213.690619	134.975489	
87.698823	45.000001	224.946656	224.906159	135.047350	134.988554	45.093685	313.975357	315.731813	22.362957	44.619212	0.000000	60.701087	44.999995	223.658867	202.290622	134.999977	224.997800	225.012066	224.704973	134.999998	316.970324	74.142582	45.097293	221.116315	143.553304	135.726294	74.655518	45.390952	315.192371	315.721838	33.627756	22.254896	49.576017	45.000010	218.864771	135.097293	137.930395	134.951173	224.987382	180.000000	213.690619	134.975489	
93.682037	45.000001	224.946906	224.906159	135.047350	134.988554	45.093685	313.975357	315.731813	22.362957	44.728527	0.000000	60.701087	44.999995	223.658867	202.290622	134.999977	224.997800	225.012066	224.704973	134.999998	316.970324	74.142582	45.097293	221.116313	143.553304	135.726294	74.655518	45.390952	315.192371	315.721838	33.627756	22.254896	49.571547	45.000010	218.864771	135.097293	137.930395	134.951173	224.987382	180.000000	213.690619	134.975489	
89.648557	45.000001	224.947019	224.906159	135.047350	134.988554	45.093685	313.975357	315.731813	22.362957	44.774427	0.000000	60.701087	44.999995	223.658867	202.290622	134.999977	224.997800	225.012066	224.704973	134.999998	316.970324	74.142582	45.097293	221.116313	143.553304	135.726294	74.655518	45.390952	315.192371	315.721838	33.627756	22.254896	49.569516	45.000010	218.864771	135.097293	137.930395	134.951173	224.987382	180.000000	213.690619	134.975489	
94.439861	45.000001	224.947070	224.906159	135.047350	134.988554	45.093685	313.975357	315.731813	22.362957	44.793703	0.000000	60.701087	44.999995	223.658867	202.290622	134.999977	224.997800	225.012066	224.704973	134.999998	316.970324	74.142582	45.097293	221.116312	143.553304	135.726294	74.655518	45.390952	315.192371	315.721838	33.627756	22.254896	49.568592	45.000010	218.864771	135.097293	137.930395	134.951173	224.987382	180.000000	213.690619	134.975489	
90.031069	45.000001	224.947094	224.906159	135.047350	134.988554	45.093685	313.975357	315.731813	22.362957	44.801799	0.000000	60.701087	44.999995	223.658867	202.290622	134.999977	224.997800	225.012066	224.704973	134.999998	316.970324	74.142582	45.097293	221.116312	143.553304	135.726294	74.655518	45.390952	315.192371	315.721838	33.627756	22.254896	49.568172	45.000010	218.864771	135.097293	137.930395	134.951173	224.987382	180.000000	213.690619	134.975489	
94.512898	45.000001	224.947104	224.906159	135.047350	134.988554	45.093685	313.975357	315.731813	22.362957	44.805200	0.000000	60.701087	44.999995	223.658867	202.290622	134.999977	224.997800	225.012066	224.704973	134.999998	316.970324	74.142582	45.097293	221.116312	141.095280	135.726294	74.655518	45.390952	315.192371	315.721838	33.627756	22.254896	49.567981	45.000010	218.864771	135.097293	137.930395	134.951173	224.987382	180.000000	213.690619	134.975489	
96.452672	45.000001	224.947109	224.906159	135.047350	134.988554	45.093685	313.975357	315.731813	22.362957	44.806629	0.000000	60.701087	44.999995	223.658867	202.290622	134.999977	224.998396	225.012066	224.704973	134.999998	316.970324	74.142582	45.097293	221.116312	140.063289	135.726294	74.655518	45.390952	315.192371	315.721838	33.627756	22.254896	49.567894	45.000010	218.864771	135.097293	137.930395	134.951173	224.987382	180.000000	213.690619	134.975489	
91.001238	45.000001	224.947111	224.906159	135.047350	134.988554	45.093685	313.975357	315.731813	22.362957	44.807229	0.000000	60.701087	44.999995	223.658867	202.290622	134.999977	224.998667	225.012066	224.704973	134.999998	316.970324	74.142582	45.097293	221.116312	139.629886	135.726294	74.655518	45.390952	315.192371	315.721838	33.627756	22.254896	49.567855	45.000010	218.864771	135.097293	137.930395	134.951173	224.987382	180.000000	213.690619	134.975489	
94.788263	45.000001	224.947112	224.906159	135.047350	134.988554	45.093685	313.975357	315.731813	22.362957	44.807481	0.000000	60.701087	44.999995	223.658867	202.290622	134.999977	224.998790	225.012066	224.704973	134.999998	316.970324	74.142582	45.097293	221.116312	139.447836	135.726294	74.655518	45.390952	315.192371	315.721838	33.627756	22.254896	49.567837	45.000010	218.864771	135.097293	137.930395	134.951173	224.987382	180.000000	213.690619	134.975489	
96.437418	45.000000	224.947113	224.906159	135.047350	134.988554	45.093685	313.975357	315.731813	22.362957	44.807588	0.000000	60.701087	44.999995	223.658867	202.290622	134.999977	224.998845	225.012066	224.704973	134.999998	316.970324	74.142582	45.097293	221.116312	139.371354	135.726294	74.655518	45.390952	315.192371	315.535882	33.627756	22.254896	49.567828	45.000010	218.864771	135.097293	137.930395	134.951173	224.987382	180.000000	213.690619	134.975489	
97.114696	45.000000	224.947113	224.906159	135.047350	134.988554	45.093685	313.975357	315.731813	22.362957	44.807632	0.000000	60.701087	44.999995	223.658867	202.290622	134.999977	224.998871	225.012066	224.704973	134.999998	316.970324	74.142582	45.097293	221.116312	139.339218	135.726294	74.655518	45.390952	315.192371	315.445846	33.627756	22.254896	49.567825	45.000010	218.864771	135.097293	137.930395	134.951173	224.987382	180.000000	213.690619	134.975489	
97.354715	45.000000	224.947113	224.906159	135.047350	134.988554	45.093685	313.975357	315.731813	22.362957	44.807651	0.000000	60.701087	44.999995	223.658867	202.290622	134.999977	224.998882	225.012066	224.704973	134.999998	316.970324	74.142582	45.097293	221.116312	139.325712	135.726294	74.655518	45.390952	315.192371	315.402243	33.627756	22.254896	49.567823	45.000010	218.864771	135.097293	137.930395	134.951173	224.987382	180.000000	213.690619	134.975489	
97.402810	45.000000	224.947113	224.906159	135.047350	134.988554	45.093685	313.975357	315.731813	22.362957	44.807659	0.000000	60.701087	44.999995	223.658867	202.290622	134.999977	224.998888	225.012066	224.704973	134.999998	316.970324	74.142582	45.097293	221.116312	139.320035	135.726294	74.655518	45.390952	315.192371	315.381122	33.627756	22.254896	49.567822	45.000010	218.864771	135.097293	137.930395	134.951173	224.987382	180.000000	213.690619	134.975489	
93.117749	45.000000	224.947113	224.906159	135.047350	134.988554	45.093685	313.975357	315.731813	22.362957	44.807662	0.000000	60.701087	44.999995	223.658867	202.290622	134.999977	224.998890	225.012066	224.704973	134.999998	316.970324	74.142582	45.097293	221.116312	139.317648	135.726294	74.655518	45.390952	315.192371	315.370888	33.627756	22.254896	49.567822	45.000010	218.864771	135.097293	137.930395	134.951173	224.987382	180.000000	213.690619	134.975489	
91.162654	45.000000	224.947113	224.906159	135.047350	134.988554	45.093685	313.975357	315.731813	22.362957	44.807664	0.000000	60.701087	44.999995	223.658867	202.290622	134.999977	224.998891	225.012066	224.704973	134.999998	316.970324	74.142582	45.097293	221.116312	139.316645	135.726294	74.655518	45.390952	315.192371	315.365928	33.627756	22.254896	49.567822	45.000010	218.864771	135.097293	137.930395	134.951173	224.987382	180.000000	213.690619	134.975489	
90.257608	45.000000	224.947113	224.906159	135.047350	134.988554	45.093685	313.975357	315.731813	22.362957	44.807664	0.000000	60.701087	44.999995	223.658867	202.290622	134.999977	224.998891	225.012066	224.704973	134.999998	316.970324	74.142582	45.097293	221.116312	139.316223	135.726294	74.655518	45.390952	315.192371	315.363524	33.627756	22.254896	49.567822	45.000010	218.864771	135.097293	137.930395	134.951173	224.987382	180.000000	213.690619	134.975489	
89.829871	45.000000	224.947113	224.906159	135.047350	134.988554	45.093685	313.975357	315.731813	22.362957	44.807664	0.000000	60.701087	44.999995	223.658867	202.290622	134.999977	224.998892	225.012066	224.704973	134.999998	316.970324	74.142582	45.097293	221.116312	139.316045	135.726294	74.655518	45.390952	315.192371	315.362359	33.627756	22.254896	49.567822	45.000010	218.864771	135.097293	137.930395	134.951173	224.987382	180.000000	213.690619	134.975489	
89.622897	45.000000	224.947113	224.906159	135.047350	134.988554	45.093685	313.975357	315.731813	22.362957	44.807664	0.000000	60.701087	44.999995	223.658867	202.290622	134.999977	224.998892	225.012066	224.704973	134.999998	316.970324	74.142582	45.097293	221.116312	139.315970	135.726294	74.655518	45.390952	315.192371	315.361793	33.627756	22.254896	49.567822	45.000010	218.864771	135.097293	137.930395	134.951173	224.987382	180.000000	213.690619	134.975489	
89.521781	45.000000	224.947113	224.906159	135.047350	134.988554	45.093685	313.975357	315.731813	22.362957	44.807665	0.000000	60.701087	44.999995	223.658867	202.290622	134.999977	224.998892	225.012066	224.704973	134.999998	316.970324	74.142582	45.097293	221.116312	139.315939	135.726294	74.655518	45.390952	315.192371	315.361519	33.627756	22.254896	49.567822	45.000010	218.864771	135.097293	137.930395	134.951173	224.987382	180.000000	213.690619	134.975489	
89.475049	45.000000	224.947113	224.906159	135.047350	134.988554	45.093685	313.975357	315.731813	22.362957	44.807665	0.000000	60.701087	44.999995	223.658867	202.290622	134.999977	224.998892	225.012066	224.704973	134.999998	316.970324	74.142582	45.097293	221.116312	139.315926	135.726294	74.655518	45.390952	315.192371	315.361386	33.627756	22.254896	49.567822	45.000010	218.864771	135.097293	137.930395	134.951173	224.987382	180.000000	213.690619	134.975489	
89.459614	45.000000	224.947113	224.906159	135.047350	134.988554	45.093685	313.975357	315.731813	22.362957	44.807665	0.000000	60.701087	44.999995	223.658867	202.290622	134.999977	224.998892	225.012066	224.704973	134.999998	316.970324	74.142582	45.097293	221.116312	139.315920	135.726294	74.655518	45.390952	315.192371	315.361321	33.627756	22.254896	49.567822	45.000010	218.864771	135.097293	137.930395	134.951173	224.987382	180.000000	213.690619	134.975489	
89.342809	45.000000	224.947113	224.906159	135.047350	134.988554	45.093685	314.254148	315.731813	22.362957	44.807665	0.000000	60.701087	44.999995	223.658867	202.290622	134.999977	224.998892	225.012066	224.704973	134.999998	316.970324	74.142582	45.097293	221.116312	139.315918	135.726294	74.655518	45.390952	315.192371	315.361290	33.627756	22.254896	49.567822	45.000010	218.864771	135.097293	137.930395	134.951173	224.987382	180.000000	213.690619	134.975489	
89.074199	45.000000	224.947113	224.906159	135.047350	134.988554	45.093685	314.380653	315.731813	22.362957	44.807665	0.000000	60.701087	44.999995	223.658867	202.290622	134.999977	224.998892	225.012066	224.704973	134.999998	316.970324	74.142582	45.097293	221.116312	139.315917	135.726294	74.655518	45.390952	315.192371	315.361274	33.627756	22.254896	49.567822	45.000010	218.864771	135.097293	137.930395	134.951173	224.987382	180.000000	213.690619	134.975489	
88.751868	45.000000	224.947113	224.906159	135.047350	134.988554	45.093685	314.438068	315.731813	22.362957	44.807665	0.000000	60.701087	44.999995	223.658867	202.290622	134.999977	224.998892	225.012066	224.704973	134.999998	316.970324	74.142582	45.097293	221.116312	139.315916	135.726294	74.655518	45.390952	315.192371	315.361267	33.627756	22.254896	49.567822	45.000010	218.864771	135.097293	137.930395	134.951173	224.987382	180.000000	213.690619	134.975489	
88.420200	45.000000	224.947113	224.906159	135.047350	134.988554	45.093685	314.464131	315.731813	22.362957	44.807665	0.000000	60.701087	44.999995	223.658867	202.290622	134.999977	224.998892	225.012066	224.704973	134.999998	316.970324	74.142582	45.097293	221.116312	139.315916	135.726294	74.655518	45.390952	315.192371	315.361263	33.627756	22.254896	49.567822	45.000010	218.864771	135.097293	137.930395	134.951173	224.987382	180.000000	213.690619	134.975489	
88.099366	45.000000	224.947113	224.906159	135.047350	134.988554	45.093685	314.475965	315.731813	22.362957	44.807665	0.000000	60.701087	44.999995	223.658867	202.290622	134.999977	224.998892	225.012066	224.704973	134.999998	316.970324	74.142582	45.097293	221.116312	139.315916	135.726294	74.655518	45.390952	315.192371	315.361262	33.627756	22.254896	49.567822	45.000010	218.864771	135.097293	137.930395	134.951173	224.987382	180.000000	213.690619	134.975489	
87.798557	45.000000	224.947113	224.906159	135.047350	134.988554	45.093685	314.481339	315.731813	22.362957	44.807665	0.000000	60.701087	44.999995	223.658867	202.290622	134.999977	224.998892	225.012066	224.704973	134.999998	316.970324	74.142582	45.097293	221.116312	139.315916	135.726294	74.655518	45.390952	315.192371	315.361261	33.627756	22.254896	49.567822	45.000010	218.864771	135.097293	137.930395	134.951173	224.987382	180.000000	213.690619	134.975489	
87.521945	45.000000	224.947113	224.906159	135.047350	134.988554	45.093685	314.483780	315.731813	22.362957	44.807665	0.000000	60.701087	44.999995	223.658867	202.290622	134.999977	224.998892	225.012066	224.704973	134.999998	316.970324	74.142582	45.097293	221.116312	139.315916	135.726294	74.655518	45.390952	315.192371	315.361260	33.627756	22.254896	49.567822	45.000010	218.864771	135.097293	137.930395	134.951173	224.987382	180.000000	213.690619	134.975489	
87.271373	45.000000	224.947113	224.906159	135.047350	134.988554	45.093685	314.484889	315.731813	22.362957	44.807665	0.000000	60.701087	44.999995	223.658867	202.290622	134.999977	224.998892	225.012066	224.704973	134.999998	316.970324	74.142582	45.097293	221.116312	139.315916	135.726294	74.655518	45.390952	315.192371	315.361260	33.627756	22.254896	49.567822	45.000010	218.864771	135.097293	137.930395	134.951173	224.987382	180.000000	213.690619	134.975489	
87.047583	45.000000	224.947113	224.906159	135.047350	134.988554	45.093685	314.485392	315.731813	22.362957	44.807665	0.000000	60.701087	44.999995	223.658867	202.290622	134.999977	224.998892	225.012066	224.704973	134.999998	316.970324	74.142582	45.097293	221.116312	139.315916	135.726294	74.655518	45.390952	315.192371	315.361260	33.627756	22.254896	49.567822	45.000010	218.864771	135.097293	137.930395	134.951173	224.990999	180.000000	213.690619	134.975489	
86.850771	45.000000	224.947113	224.906159	135.047350	134.988554	45.093685	314.485622	315.731813	22.362957	44.807665	0.000000	60.701087	44.999995	223.658867	202.290622	134.999977	224.998892	225.012066	224.704973	134.999998	316.970324	74.142582	45.097293	222.229146	139.315916	135.726294	74.655518	45.390952	315.192371	315.361260	33.627756	22.254896	49.567822	45.000010	218.864771	135.097293	137.930395	134.951173	224.992517	180.000000	213.690619	134.975489	
86.680855	45.000000	224.947113	224.906159	135.047350	134.988554	45.093685	314.485726	315.731813	22.362957	44.807665	0.000000	60.701087	44.999995	223.658867	202.290622	134.999977	224.998892	225.012066	224.704973	134.999998	316.970324	74.142582	45.097293	222.696378	139.315916	135.726294	74.655518	45.390952	315.192371	315.361260	33.627756	22.254896	49.567822	45.000010	218.864771	135.097293	137.930395	134.951173	224.993155	180.000000	213.690619	134.975489	
86.537589	45.000000	224.947113	224.906159	135.047350	134.988554	45.093685	314.485773	315.731813	22.362957	44.807665	0.000000	60.701087	44.999995	223.658867	202.290622	134.999977	224.998892	225.012066	224.704973	134.999998	316.970324	74.142582	45.097293	222.892586	139.315916	135.726294	74.655518	45.390952	315.192371	315.361260	33.627756	22.254896	49.567822	45.000010	218.864771	135.097293	137.930395	134.951173	224.993422	180.000000	213.690619	134.975489	
86.420632	45.000000	224.947113	224.906159	135.047350	134.988554	45.093685	314.485795	315.731813	22.362957	44.807665	0.000000	60.701087	44.999995	223.658867	202.290622	134.999977	224.998892	225.012066	224.704973	134.999998	316.970324	74.142582	45.097293	222.974993	139.315916	135.726294	74.655518	45.390952	315.192371	315.361260	33.627756	22.254896	49.567822	45.000010	218.864771	135.097293	137.930395	134.951173	224.993535	180.000000	213.690619	134.975489	
86.329576	45.000000	224.947113	224.906159	135.047350	134.988554	45.093685	314.485804	315.731813	22.362957	44.807665	0.000000	60.701087	44.999995	223.658867	202.290622	134.999977	224.998892	225.012066	224.704973	134.999998	316.970324	74.142582	45.097293	223.009611	139.315916	135.726294	74.655518	45.390952	315.192371	315.361260	33.627756	22.254896	49.567822	45.000010	218.864771	135.097293	137.930395	134.951173	224.993582	180.000000	213.690619	134.975489	
86.263966	45.000000	224.947113	224.906159	135.047350	134.988554	45.093685	314.485809	315.731813	22.362957	44.807665	0.000000	60.701087	44.999995	223.658867	202.290622	134.999977	224.998892	225.012066	224.704973	134.999998	316.970324	74.142582	45.097293	223.024155	139.315916	135.726294	74.655518	45.390952	315.192371	315.361260	33.627756	22.254896	49.567822	45.000010	218.864771	135.097293	137.930395	134.951173	224.993602	180.000000	213.690619	134.975489	
86.223312	45.000000	224.947113	224.906159	135.047350	134.988554	45.093685	314.485811	315.731813	22.362957	44.807665	0.000000	60.701087	44.999995	223.658867	202.290622	134.999977	224.998892	225.012066	224.704973	134.999998	316.970324	74.142582	45.097293	223.030267	139.315916	135.726294	74.655518	45.390952	315.192371	315.361260	33.627756	22.254896	49.567822	45.000010	218.864771	135.097293	137.930395	134.951173	224.993610	180.000000	213.690619	134.975489	
86.207099	45.000000	224.947113	224.906159	135.047350	134.988554	45.093685	314.485812	315.731813	22.362957	44.807665	0.000000	60.701087	44.999995	223.658867	202.290622	134.999977	224.998892	225.012066	224.704973	134.999998	316.970324	74.142582	45.097293	223.032835	139.315916	135.726294	74.655518	45.390952	315.192371	315.361260	33.627756	22.254896	49.567822	45.000010	218.864771	135.097293	137.930395	134.951173	224.993614	180.000000	213.690619	134.975489	
86.214795	45.000000	224.947113	224.906159	135.047350	134.988554	45.093685	314.485812	315.731813	22.362957	44.807665	0.000000	60.701087	44.999996	223.658867	202.290622	134.999977	224.998892	225.012066	224.704973	134.999998	316.970324	74.142582	45.097293	223.033915	139.315916	135.726294	74.655518	45.390952	315.192371	315.361260	33.627756	22.254896	49.567822	45.000010	218.864771	135.097293	137.930395	134.951173	224.993615	180.000000	213.690619	134.975489	
86.245855	45.000000	224.947113	224.906159	135.047350	134.988554	45.093685	314.485812	315.731813	22.362957	44.807665	0.000000	60.701087	44.999997	223.658867	202.290622	134.999977	224.998892	225.012066	224.704973	134.999998	316.970324	74.142582	45.097293	223.034369	139.315916	135.726294	74.655518	45.390952	315.192371	315.361260	33.627756	22.254896	49.567822	45.000010	218.864771	135.097293	137.930395	134.951173	224.993616	180.000000	213.690619	134.975489	
86.299725	45.000000	224.947113	224.906159	135.047350	134.988554	45.093685	314.485812	315.731813	22.362957	44.807665	0.000000	60.701087	44.999997	223.658867	202.290622	134.999977	224.998892	225.012066	224.704973	134.999998	316.970324	74.142582	45.097293	223.034560	139.315916	135.726294	74.655518	45.390952	315.192371	315.361260	33.627756	22.254896	49.567822	45.000010	218.864771	135.097293	137.930395	134.951173	224.993616	180.000000	213.690619	134.975489	
93.229502	45.000000	224.947113	224.906159	135.047350	134.988554	45.093685	314.485812	315.731813	22.362957	44.807665	0.000000	60.701087	44.999997	223.658867	202.290622	134.999977	224.998892	225.012066	224.704973	134.999998	316.970324	74.142582	45.097293	223.034640	139.315916	135.726294	74.655518	45.390952	315.192371	315.361260	33.627756	22.254896	49.567822	45.000010	218.864771	135.097293	137.930395	134.951173	224.993616	180.000000	213.690619	134.975489	
89.396368	45.000000	224.947113	224.906159	135.047350	134.988554	45.093685	314.485812	315.731813	22.362957	44.807665	0.000000	60.701087	44.999997	223.658867	202.290622	134.999977	224.998892	225.012066	224.704973	134.999998	316.970324	74.142582	45.097293	223.034674	139.315916	135.726294	74.655518	45.390952	315.192371	315.361260	33.627756	22.254896	49.567822	45.000010	218.864771	135.097293	137.930395	134.951173	224.993616	180.000000	213.690619	134.975489	
87.724041	45.000000	224.947113	224.906159	135.047350	134.988554	45.093685	314.485812	315.731813	22.362957	44.807665	0.000000	60.701087	44.999997	223.658867	202.290622	134.999977	224.998892	225.012066	224.704973	134.999998	316.970324	74.142582	45.097293	223.034688	139.315916	135.726294	74.655518	45.390952	315.192371	315.361260	33.627756	22.254896	49.567822	45.000010	218.864771	135.097293	137.930395	134.951173	224.993616	180.000000	213.690619	134.975489	
93.700643	45.000000	224.947113	224.906159	135.047350	134.988554	45.093685	314.485812	315.731813	22.362957	44.807665	0.000000	60.701087	44.999997	223.658867	202.290622	134.999977	224.998892	225.012066	224.704973	134.999998	316.970324	74.142582	45.097293	223.034694	139.315916	135.726294	74.655518	45.390952	315.192371	315.361260	33.627756	22.254896	49.567822	45.000010	218.864771	135.097293	137.930395	134.951173	224.993616	180.000000	213.690619	134.975489	
89.672987	45.000000	224.947113	224.906159	135.047350	134.988554	45.093685	314.485812	315.731813	22.362957	44.807665	0.000000	60.701087	44.999997	223.658867	202.290622	134.999977	224.998892	225.012066	224.704973	134.999998	316.970324	74.142582	45.097293	223.034697	139.315916	135.726294	74.655518	45.390952	315.192371	315.361260	33.627756	22.254896	49.567822	45.000010	218.864771	135.097293	137.930395	134.951173	224.993616	180.000000	213.690619	134.975489	
94.458641	45.000000	224.947113	224.906159	135.047350	134.988554	45.093685	314.485812	315.731813	22.362957	44.807665	0.000000	60.701087	44.999997	223.658867	202.290622	134.999977	224.998892	225.012066	224.704973	134.999998	316.970324	74.142582	45.097293	223.034698	139.315916	135.726294	74.655518	45.390952	315.192371	315.361260	33.627756	22.254896	49.567822	45.000010	218.864771	135.097293	137.930395	134.951173	224.993616	180.000000	213.690619	134.975489	
90.056521	45.000000	224.947113	224.906159	135.047350	134.988554	45.093685	314.485812	315.731813	22.362957	44.807665	0.000000	60.701087	44.999997	223.658867	202.290622	134.999977	224.998892	225.012066	224.704973	134.999998	316.970324	74.142582	45.097293	223.034698	139.315916	135.726294	74.655518	45.390952	315.192371	315.361260	33.627756	22.254896	49.567822	45.000010	218.864771	135.097293	137.930395	134.951173	224.993616	180.000000	213.690619	134.975489	
94.532655	45.000000	224.947113	224.906159	135.047350	134.988554	45.093685	314.485812	315.731813	22.362957	44.807665	0.000000	60.701087	44.999997	223.658867	202.290622	134.999977	224.998892	225.012066	224.704973	134.999998	316.970324	74.142582	45.097293	223.034699	139.315916	135.726294	74.655518	45.390952	315.192371	315.361260	33.627756	22.254896	49.567822	45.000010	218.864771	135.097293	137.930395	134.951173	224.993616	180.000000	213.690619	134.975489	
96.470172	45.000000	224.947113	224.906159	135.047350	134.988554	45.093685	314.485812	315.731813	22.362957	44.807665	0.000000	60.701087	44.999997	223.658867	202.290622	134.999977	224.998892	225.012066	224.704973	134.999998	316.970324	74.142582	45.097293	223.034699	139.315916	135.726294	74.655518	45.390952	315.192371	315.361260	33.627756	22.254896	49.567822	45.000010	218.864771	135.097293	137.930395	134.951173	224.993616	180.000000	213.690619	134.975489	
91.027568	45.000000	224.947113	224.906159	135.047350	134.988554	45.093685	314.485812	315.731813	22.362957	44.807665	0.000000	60.701087	44.999997	223.658867	202.290622	134.999977	224.998892	225.012066	224.704973	134.999998	316.970324	74.142582	45.097293	223.034699	139.315916	135.726294	74.655518	45.390952	315.192371	315.361260	33.627756	22.254896	49.567822	45.000010	218.864771	135.097293	137.930395	134.951173	224.993616	180.000000	213.690619	134.975489	
94.809255	45.000000	224.947113	224.906159	135.047350	134.988554	45.093685	314.485812	315.731813	22.362957	44.807665	0.000000	60.701087	44.999997	223.658867	202.290622	134.999977	224.998892	225.012066	224.704973	134.999998	316.970324	74.142582	45.097293	223.034699	139.315916	135.726294	74.655518	45.390952	315.192371	315.361260	33.627756	22.254896	49.567822	45.000010	218.864771	135.097293	137.930395	134.951173	224.993616	180.000000	213.690619	134.975489	
96.456299	45.000000	224.947113	224.906159	135.047350	134.988554	45.093685	314.485812	315.731813	22.362957	44.807665	0.000000	60.701087	44.999997	223.658867	202.290622	134.999977	224.998892	225.012066	224.704973	134.999998	316.970324	74.142582	45.097293	223.034699	139.315916	135.726294	74.655518	45.390952	315.192371	315.361260	33.627756	22.254896	49.567822	45.000010	218.864771	135.097293	137.930395	134.951173	224.993616	180.000000	213.690619	134.975489	
97.132936	45.000000	224.947113	224.906159	135.047350	134.988554	45.093685	314.485812	315.731813	22.362957	44.807665	0.000000	60.701087	44.999997	223.658867	202.290622	134.999977	224.998892	225.012066	224.704973	134.999998	316.970324	74.142582	45.097293	223.034699	139.315916	135.726294	74.655518	45.390952	315.192371	315.361260	33.627756	22.254896	49.567822	45.000010	218.864771	135.097293	137.930395	134.951173	224.993616	180.000000	213.690619	134.975489	
97.372985	45.000000	224.947113	224.906159	135.047350	134.988554	45.093685	314.485812	315.731813	22.362957	44.807665	0.000000	60.701087	44.999997	223.658867	202.290622	134.999977	224.998892	225.012066	224.704973	134.999998	316.970324	74.142582	45.097293	223.034699	139.315916	135.726294	74.655518	45.390952	315.192371	315.361260	33.627756	22.254896	49.567822	45.000010	218.864771	135.097293	137.930395	134.951173	224.993616	180.000000	213.690619	134.975489	
97.421422	45.000000	224.947113	224.906159	135.047350	134.988554	45.093685	314.485812	315.731813	22.362957	44.807665	0.000000	60.701087	44.999997	223.658867	202.290622	134.999977	224.998892	225.012066	224.704973	134.999998	316.970324	74.142582	45.097293	223.034699	139.315916	135.726294	74.655518	45.390952	315.192371	315.361260	33.627756	22.254896	49.567822	45.000010	218.864771	135.097293	137.930395	134.951173	224.993616	180.000000	213.690619	134.975489	
93.128629	45.000000	224.947113	224.906159	135.047350	134.988554	45.093685	314.485812	315.731813	22.362957	44.807665	0.000000	60.701087	44.999997	223.658867	202.290622	134.999977	224.998892	225.012066	224.704973	134.999998	316.970324	74.142582	45.097293	223.034699	139.315916	135.726294	74.655518	45.390952	315.192371	315.268328	33.627756	22.254896	49.567822	45.000010	218.864771	135.097293	137.930395	134.951173	224.993616	180.000000	213.690619	134.975489	
91.170562	45.000000	224.947113	224.906159	135.047350	134.988554	45.093685	314.485812	315.731813	22.362957	44.807665	0.000000	60.701087	44.999997	223.658867	202.290622	134.999977	224.998892	225.012066	224.704973	134.999998	316.970324	74.142582	45.097293	223.034699	139.315916	135.726294	74.655518	45.390952	315.192371	315.223334	33.627756	22.254896	49.567822	45.000010	218.864771	135.097293	137.930395	134.951173	224.993616	180.000000	213.690619	134.975489	
90.264616	45.000000	224.947113	224.906159	135.047350	134.988554	45.093685	314.485812	315.731813	22.362957	44.807665	0.000000	60.701087	44.999997	223.658867	202.290622	134.999977	224.998892	225.012066	224.704973	134.999998	316.970324	74.142582	45.097293	223.034699	139.315916	135.726294	74.655518	45.390952	315.192371	315.201544	33.627756	22.254896	49.567822	45.000010	218.864771	135.097293	137.930395	134.951173	224.993616	180.000000	213.690619	134.975489	
89.836875	45.000000	224.947113	224.906159	135.047350	134.988554	45.093685	314.485812	315.731813	22.362957	44.807665	0.000000	60.701087	44.999997	223.658867	202.290622	134.999977	224.999192	225.012066	224.704973	134.999998	316.970324	74.142582	45.097293	223.034699	139.315916	135.726294	74.655518	45.390952	315.192371	315.190990	33.627756	22.254896	49.567822	45.000010	218.864771	135.097293	137.930395	134.951173	224.993616	180.000000	213.690619	134.975489	
89.630282	45.000000	224.947113	224.906159	135.047350	134.988554	45.093685	314.485812	315.731813	22.362957	44.807665	0.000000	60.701087	44.999997	223.658867	202.290622	134.999977	224.999328	225.012066	224.704973	134.999998	316.970324	74.142582	45.097293	223.034699	139.315916	135.726294	74.655518	45.390952	315.192371	315.185876	33.627756	22.254896	49.567822	45.000010	218.864771	135.097293	137.930395	134.951173	224.993616	180.000000	213.690619	134.975489	
89.529708	45.000000	224.947113	224.906159	135.047350	134.988554	45.093685	314.485812	315.731813	22.362957	44.862610	0.000000	60.701087	44.999997	223.658867	202.290622	134.999977	224.999390	225.012066	224.704973	134.999998	316.970324	74.142582	45.097293	223.034699	139.315916	135.726294	74.655518	45.390952	315.192371	315.183398	33.627756	22.254896	49.567822	45.000010	218.864771	135.097293	137.930395	134.951173	224.993616	180.000000	213.690619	134.975489	
89.483584	45.000000	224.947113	224.906159	135.047350	134.988554	45.093685	314.485812	315.731813	22.362957	44.885679	0.000000	60.701087	44.999997	223.658867	202.290622	134.999977	224.999418	225.012066	224.704973	134.999998	316.970324	74.142582	45.097293	223.034699	139.315916	135.726294	74.655518	45.390952	315.192371	315.182197	33.627756	22.254896	49.567822	45.000010	218.864771	135.097293	137.930395	134.951173	224.993616	180.000000	213.690619	134.975489	
89.468777	45.000000	224.947113	224.906159	135.047350	134.988554	45.093685	314.485812	315.731813	22.362957	44.895366	0.000000	60.701087	44.999997	223.658867	202.290622	134.999977	224.999431	225.012066	224.704973	134.999998	316.970324	74.142582	45.097293	223.034699	139.315916	135.726294	74.655518	45.390952	315.192371	315.181614	33.627756	22.254896	49.567822	45.000010	218.864771	135.097293	137.930395	134.951173	224.993616	180.000000	213.690619	134.975489	
89.340096	45.000000	224.947113	224.906159	135.047350	134.988554	45.093685	314.485812	315.731813	22.362957	44.899434	0.000000	60.701087	44.999997	223.658867	202.290622	134.999977	224.999437	225.012066	224.704973	134.999998	316.970324	74.142582	45.097293	223.034699	139.315916	135.726294	74.655518	45.390952	315.192371	315.181332	33.627756	22.254896	49.567822	45.000010	218.864771	135.097293	137.930395	134.951173	224.993616	180.000000	213.690619	134.975489	
89.066895	45.000000	224.947113	224.906159	135.047350	134.988554	45.093685	314.485812	315.731813	22.362957	44.901143	0.000000	60.701087	44.999997	223.658867	202.290622	134.999977	224.999440	225.012066	224.704973	134.999998	316.970324	74.142582	45.097293	223.034699	138.078306	135.726294	74.655518	45.390952	315.192371	315.181195	33.627756	22.254896	49.567822	45.000010	218.864771	135.097293	137.930395	134.951173	224.993616	180.000000	213.690619	134.975489	
88.743265	45.000000	224.947113	224.906159	135.047350	134.988554	45.093685	314.485812	315.731813	22.362957	44.901861	0.000000	60.701087	44.999997	223.658867	202.290622	134.999977	224.999441	225.012066	224.704973	134.999998	316.970324	74.142582	45.097293	223.034699	137.558681	135.726294	74.655518	45.390952	315.192371	315.181128	33.627756	22.254896	49.567822	45.000010	218.864771	135.097293	137.930395	134.951173	224.993616	180.000000	213.690619	134.975489	
88.411792	45.000000	224.947113	224.906159	135.047350	134.988554	45.093685	314.485812	315.731813	22.362957	44.902162	0.000000	60.701087	44.999997	223.658867	202.290622	134.999977	224.999441	225.012066	224.704973	134.999998	316.970324	74.142582	45.097293	223.034699	137.340469	135.726294	74.655518	45.390952	315.192371	315.181096	33.627756	22.254896	49.567822	45.000010	218.864771	135.097293	137.930395	134.951173	224.993616	180.000000	213.690619	134.975489	
88.091834	45.000000	224.947113	224.906159	135.047350	134.988554	45.093685	314.485812	315.731813	22.362957	44.902289	0.000000	60.701087	44.999997	223.658867	202.290622	134.999977	224.999442	225.012066	224.704973	134.999998	316.970324	74.142582	45.097293	223.034699	137.248817	135.726294	74.655518	45.390952	315.192371	315.181080	33.627756	22.254896	49.567822	45.000010	218.864771	135.097293	137.930395	134.951173	224.993616	180.000000	213.690619	134.975489	
87.792211	45.000000	224.947113	224.906159	135.047350	134.988554	45.093685	314.485812	315.731813	22.362957	44.902342	0.000000	60.701087	44.999997	223.658867	202.290622	134.999977	224.999442	225.012066	224.704973	134.999998	316.970324	74.142582	45.097293	223.034699	137.210316	135.726294	74.655518	45.390952	315.192371	315.181073	33.627756	22.254896	49.567822	45.000010	218.864771	135.097293	137.930395	134.951173	224.993616	180.000000	213.690619	134.975489	
87.516925	45.000000	224.947113	224.906159	135.047350	134.988554	45.093685	314.485812	315.731813	22.362957	44.902365	0.000000	60.701087	44.999997	223.658867	202.290622	134.999977	225.014180	225.012066	224.704973	134.999998	316.970324	74.142582	45.097293	223.034699	137.194140	135.726294	74.655518	45.390952	315.192371	315.181069	33.627756	22.254896	49.567822	45.000010	218.864771	135.097293	137.930395	134.951173	224.993616	180.000000	213.690619	134.975489	
87.267739	45.000000	224.947113	224.906159	135.047350	134.988554	45.093685	314.485812	315.731813	22.362957	44.902374	0.000000	60.701087	44.999997	223.658867	202.290622	134.999977	225.270900	225.012066	224.704973	134.999998	316.970324	74.142582	45.097293	223.034699	137.187342	135.726294	74.655518	45.390952	315.192371	315.181067	33.627756	22.254896	49.567822	45.000010	218.864771	135.097293	137.930395	134.951173	224.993616	180.000000	213.690619	134.975489	
87.045355	45.000000	224.947113	224.906159	135.047350	134.988554	45.093685	314.485812	315.731813	22.362957	44.902378	0.000000	60.701087	44.999997	223.658867	202.290622	134.999977	225.634095	225.012066	224.704973	134.999998	316.970324	74.142582	45.097293	223.034699	137.184485	135.726294	74.655518	45.390952	315.192371	315.181066	33.627756	22.254896	49.567822	45.000010	218.864771	135.097293	137.930395	134.951173	224.993616	180.000000	213.690619	134.975489	
86.849952	45.000000	224.947113	224.906159	135.047350	134.988554	45.093685	314.485812	315.731813	22.362957	44.902380	0.000000	60.701087	44.999997	223.658867	202.290622	134.999977	226.040938	225.012066	224.704973	134.999998	316.970324	74.142582	45.097293	223.034699	137.183284	135.726294	74.655518	45.390952	315.192371	315.181066	33.627756	22.254896	49.567822	45.000010	218.864771	135.097293	137.930395	134.951173	224.993616	180.000000	213.690619	134.975489	
86.681434	45.000000	224.947113	224.906159	135.047350	134.988554	45.093685	314.485812	315.731813	22.362957	44.902381	0.000000	60.701087	44.999997	223.658867	202.290622	134.999977	226.461914	225.012066	224.704973	134.999998	316.970324	74.142582	45.097293	223.034699	137.182779	135.726294	74.655518	45.390952	315.192371	315.181066	33.627756	22.254896	49.567822	45.000010	218.864771	135.097293	137.930395	134.951173	224.993616	180.000000	213.690619	134.975489	
86.539552	45.000000	224.947113	224.906159	135.047350	134.988554	45.093685	314.485812	315.731813	22.362957	44.902381	0.000000	60.701087	44.999997	223.658867	202.290622	134.999977	226.882850	225.012066	224.704973	134.999998	316.970324	74.142582	45.097293	223.034699	137.182567	135.726294	74.655518	45.390952	315.192371	315.181066	33.627756	22.254896	49.567822	45.000010	218.864771	135.097293	137.930395	134.951173	224.993616	180.000000	213.690619	134.975489	
86.423959	45.000000	224.947113	224.906159	135.047350	134.988554	45.093685	314.485812	315.731813	22.362957	44.902381	0.000000	60.701087	44.999997	223.658867	202.290622	134.999977	227.296691	225.012066	224.704973	134.999998	316.970324	74.142582	45.097293	223.034699	137.182477	135.726294	74.655518	45.390952	315.192371	315.181066	33.627756	22.254896	49.567822	45.000010	218.864771	135.097293	137.930395	134.951173	224.993616	180.000000	213.690619	134.975489	
86.334245	45.000000	224.947113	224.906159	135.047350	134.988554	45.093685	314.485812	315.731813	22.362957	44.902381	0.000000	60.701087	44.999997	223.658867	202.290622	134.999977	227.699707	225.012066	224.704973	134.999998	316.970324	74.142582	45.097293	223.034699	137.182440	135.726294	74.655518	45.390952	315.192371	315.181065	33.627756	22.254896	49.567822	45.000010	218.864771	135.097293	137.930395	134.951173	224.993616	180.000000	213.690619	134.975489	
86.269952	45.000000	224.947113	224.906159	135.047350	134.988554	45.093685	314.485812	315.731813	22.362957	44.902381	0.000000	60.701087	44.999997	223.658867	202.290622	134.999977	228.089745	225.012066	224.704973	134.999998	316.970324	74.142582	45.097293	223.034699	137.182424	135.726294	74.655518	45.390952	315.192371	315.181065	33.627756	22.254896	49.567822	45.000010	218.864771	135.097293	137.930395	134.951173	224.993616	180.000000	213.690619	134.975489	
86.230590	45.000000	224.947113	224.906159	135.047350	134.988554	45.093685	314.485812	315.731813	22.362957	44.902381	0.000000	60.701087	44.999997	223.658867	202.290622	134.999977	228.465423	225.012066	224.704973	134.999998	316.970324	74.142582	45.097293	223.034699	137.182417	135.726294	74.655518	45.390952	315.192371	315.181065	33.627756	22.254896	49.567822	45.000010	218.864771	135.097293	137.930395	134.951173	224.993616	180.000000	213.690619	134.975489	
86.215642	45.000000	224.947113	224.906159	135.047350	134.988554	45.093685	314.485812	315.731813	22.362957	44.902381	0.000000	60.701087	44.999997	223.658867	202.290622	134.999977	228.825745	225.012066	224.704973	134.999998	316.970324	74.142582	45.097293	223.034699	137.182415	135.726294	74.655518	45.390952	315.192371	315.181065	33.627756	22.254896	49.567822	45.000010	218.864771	135.097293	137.930395	134.951173	224.993616	180.000000	213.690619	134.975489	
86.224575	45.000000	224.947113	224.906159	135.047350	134.988554	45.093685	314.485812	315.731813	22.362957	44.902381	0.000000	60.701087	44.999997	223.658867	202.290622	134.999977	229.169934	225.012066	224.704973	134.999998	316.970324	74.142582	45.097293	223.034699	137.182413	135.726294	74.655518	45.390952	315.192371	315.181065	33.627756	22.254896	49.567822	45.000010	218.864771	135.097293	137.930395	134.951173	224.993616	180.000000	213.690619	134.975489	
86.256843	45.000000	224.947113	224.906159	135.047350	134.988554	45.093685	314.485812	315.731813	22.362957	44.902381	0.000000	60.701087	44.999997	223.658867	202.290622	134.999977	229.497346	225.012066	224.704973	134.999998	316.970324	74.142582	45.097293	223.034699	137.182413	135.726294	74.655518	45.390952	315.192371	315.181065	33.627756	22.254896	49.567822	45.000010	218.864771	135.097293	137.930395	134.951173	224.993616	180.000000	213.690619	134.975489	
86.311893	45.000000	224.947113	224.906159	135.047350	134.988554	45.093685	314.485812	315.731813	22.362957	44.902381	0.000000	60.701087	44.999997	223.658867	202.290622	134.999977	229.807434	225.012066	224.704973	134.999998	316.970324	74.142582	45.097293	223.034699	137.182413	135.726294	74.655518	45.390952	315.192371	315.181065	33.627756	22.254896	49.567822	45.000010	218.864771	135.097293	137.930395	134.951173	224.993616	180.000000	213.690619	134.975489	
93.236901	45.000000	224.947113	224.906159	135.047350	134.988554	45.093685	314.485812	315.731813	22.362957	44.902381	0.000000	60.701087	44.999997	223.658867	202.290622	134.999977	230.099728	225.012066	224.704973	134.999998	316.970324	74.142582	45.097293	223.034699	137.182413	135.726294	74.655518	45.390952	315.192371	315.181065	33.627756	22.254896	49.567822	45.000010	218.864771	135.097293	137.930395	134.951173	224.993616	180.000000	213.690619	134.975489	
89.408169	45.000000	224.947113	224.906159	135.047350	134.988554	45.093685	314.485812	315.731813	22.362957	44.902381	0.000000	60.701087	44.999997	223.658867	202.290622	134.999977	230.373831	225.012066	224.704973	134.999998	316.970324	74.142582	45.097293	223.034699	137.182413	135.726294	74.655518	45.390952	315.192371	315.181065	33.627756	22.254896	49.567822	45.000010	218.864771	135.097293	137.930395	134.951173	224.993616	180.000000	213.690619	134.975489	
87.738457	45.000000	224.947113	224.906159	135.047350	134.988554	45.093685	314.485812	315.731813	22.362957	44.902381	0.000000	60.701087	44.999997	223.658867	202.290622	134.999977	230.629408	225.012066	224.704973	134.999998	316.970324	74.142582	45.097293	223.034699	137.182413	135.726294	74.655518	45.390952	315.192371	315.181065	33.627756	22.254896	49.567822	45.000010	218.864771	135.097293	137.930395	134.951173	224.993616	180.000000	213.690619	134.975489	
93.710060	45.000000	224.947113	224.906159	135.047350	134.988554	45.093685	314.485812	315.731813	22.362957	44.902381	0.000000	60.701087	44.999997	223.658867	202.290622	134.999977	230.866188	225.012066	224.704973	134.999998	316.970324	74.142582	45.097293	223.034699	137.182413	135.726294	74.655518	45.390952	315.192371	315.181065	33.627756	22.254896	49.567822	45.000010	218.864771	135.097293	137.930395	134.951173	224.993616	180.000000	213.690619	134.975489	
89.687543	45.000000	224.947113	224.906159	135.047350	134.988554	45.093685	314.485812	315.731813	22.362957	44.902381	0.000000	60.701087	44.999997	223.658867	202.290622	134.999977	231.083960	225.012066	224.704973	134.999998	316.970324	74.142582	45.097293	223.034699	137.182413	135.726294	74.655518	45.390952	315.192371	315.181065	33.627756	22.254896	49.567822	45.000010	218.864771	135.097293	137.930395	134.951173	224.993616	180.000000	213.690619	134.975489	
94.468819	45.000000	224.947113	224.906159	135.047350	134.988554	45.093685	314.485812	315.731813	22.362957	44.902381	0.000000	60.701087	44.999997	223.658867	202.290622	134.999977	231.282569	225.012066	224.704973	134.999998	316.970324	74.142582	45.097293	223.034699	137.182413	135.726294	74.655518	45.390952	315.192371	315.181065	33.627756	22.254896	49.567822	45.000010	218.864771	135.097293	137.930395	134.951173	224.993616	180.000000	213.690619	134.975489	
90.072632	45.000000	224.947113	224.906159	135.047350	134.988554	45.093685	314.485812	315.731813	22.362957	44.902381	0.000000	60.701087	44.999997	223.658867	202.290622	134.999977	231.461917	225.012066	224.704973	134.999998	316.970324	74.142582	45.097293	223.034699	137.182413	135.726294	74.655518	45.390952	315.192371	315.181065	33.627756	22.254896	49.567822	45.000010	218.864771	135.097293	137.930395	134.951173	224.995452	180.000000	213.690619	134.975489	
94.544205	45.000000	224.947113	224.906159	135.047350	134.988554	45.093685	314.485812	315.731813	22.362957	44.902381	0.000000	60.701087	44.999997	223.658867	202.290622	134.999977	231.621955	225.012066	224.704973	134.999998	316.970324	74.142582	45.097293	223.034699	137.182413	135.726294	74.655518	45.390952	315.192371	315.181065	33.627756	22.254896	49.567822	45.000010	218.864771	135.097293	137.930395	134.951173	224.996222	180.000000	213.690619	134.975489	
96.480064	45.000000	224.947113	224.906159	135.047350	134.988554	45.093685	314.485812	315.731813	22.362957	44.902381	0.000000	60.701087	44.999997	223.658867	202.290622	134.999977	231.762686	225.012066	224.704973	134.999998	316.970324	74.142582	45.097293	223.034699	137.182413	135.726294	74.655518	45.390952	315.192371	315.181065	33.627756	22.254896	49.567822	45.000010	218.864771	135.097293	137.930395	134.951173	224.996546	180.000000	213.690619	134.975489	
91.045363	45.000000	224.947113	224.906159	135.047350	134.988554	45.093685	314.485812	315.731813	22.362957	44.902381	0.000000	60.701087	44.999997	223.658867	202.290622	134.999977	231.884156	225.012066	224.704973	134.999998	316.970324	74.142582	45.097293	223.034699	137.182413	135.726294	74.655518	45.390952	315.192371	315.181065	33.627756	22.254896	49.567822	45.000010	218.864771	135.097293	137.930395	134.951173	224.996682	180.000000	213.690619	134.975489	
94.822622	45.000000	224.947113	224.906159	135.047350	134.988554	45.093685	314.485812	315.731813	22.362957	44.902381	0.000000	60.701087	44.999997	223.658867	202.290622	134.999977	231.986456	225.012066	224.704973	134.999998	316.970324	74.142582	45.097293	223.034699	137.182413	135.726294	74.655518	45.390952	315.192371	315.181065	33.627756	22.254896	49.567822	45.000010	218.864771	135.097293	137.930395	134.951173	224.996739	180.000000	213.690619	134.975489	
96.468042	45.000000	224.947113	224.906159	135.047350	134.988554	45.093685	314.485812	315.731813	22.362957	44.902381	0.000000	60.701087	44.999997	223.658867	202.290622	134.999977	232.069713	225.012066	224.704973	134.999998	316.970324	74.142582	45.097293	223.034699	137.182413	135.726294	74.655518	45.390952	315.192371	315.181065	33.627756	22.254896	49.567822	45.000010	218.864771	135.097293	137.930395	134.951173	224.996763	180.000000	213.690619	134.975489	
97.144321	45.000000	224.947113	224.906159	135.047350	134.988554	45.093685	314.485812	315.731813	22.362957	44.902381	0.000000	60.701087	44.999997	223.658867	202.290622	134.999977	232.134093	225.012066	224.704973	134.999998	316.970324	74.142582	45.097293	223.034699	137.182413	135.726294	74.655518	45.390952	315.192371	315.181065	33.627756	22.254896	49.567822	45.000010	218.864771	135.097293	137.930395	134.951173	224.996773	180.000000	213.690619	134.975489	
97.384591	45.000000	224.947113	224.906159	135.047350	134.988554	45.093685	314.485812	315.731813	22.362957	44.902381	0.000000	60.701087	44.999997	223.658867	202.290622	134.999977	232.179791	225.012066	224.704973	134.999998	316.970324	74.142582	45.097293	223.034699	137.182413	135.726294	74.655518	45.390952	315.192371	315.181065	33.627756	22.254896	49.567822	45.000010	218.864771	135.097293	137.930395	134.951173	224.996777	180.000000	213.690619	134.975489	
97.433515	45.000000	224.947113	224.906159	135.047350	134.988554	45.093685	314.485812	315.731813	22.362957	44.902381	0.000000	60.701087	44.999997	223.658867	202.290622	134.999977	232.207033	225.012066	224.704973	134.999998	316.970324	74.142582	45.097293	223.034699	137.182413	135.726294	74.655518	45.390952	315.192371	315.181065	33.627756	22.254896	49.567822	45.000010	218.864771	135.097293	137.930395	134.951173	224.996779	180.000000	213.690619	134.975489	
93.134055	45.000000	224.947113	224.906159	135.047350	134.988554	45.093685	314.485812	315.731813	22.362957	44.902381	0.000000	60.701087	44.999997	223.658867	202.290622	134.999977	232.216069	225.012066	224.704973	134.999998	316.970324	74.142582	45.097293	223.034699	137.182413	135.726294	74.655518	45.390952	315.192371	315.181065	33.627756	22.254896	49.567822	45.000010	218.864771	135.097293	137.930395	134.951173	224.996780	180.000000	213.690619	134.975489	
91.173529	45.000000	224.947113	224.906159	135.047350	134.988554	45.093685	314.485812	315.731813	22.362957	44.902381	0.000000	60.701087	44.999997	223.658867	202.290622	134.999977	232.207172	225.012066	224.704973	134.999998	316.970324	74.142582	45.097293	223.034699	137.182413	135.726294	74.655518	45.390952	315.192371	315.181065	33.627756	22.254896	49.567822	45.000010	218.864771	135.097293	137.930395	134.951173	225.225125	180.000000	213.690619	134.975489	
90.266950	45.000000	224.947113	224.906159	135.047350	134.988554	45.093685	314.485812	315.731813	22.362957	44.902381	0.000000	60.701087	44.999997	223.658867	202.290622	134.999977	232.180636	225.012066	224.704973	134.999998	316.970324	74.142582	45.097293	223.034699	137.182413	135.726294	74.655518	45.390952	315.192371	315.181065	33.627756	22.254896	49.567822	45.000010	218.864771	135.097293	137.930395	134.951173	225.553132	180.000000	213.690619	134.975489	
89.839363	45.000000	224.947113	224.906159	135.047350	134.988554	45.093685	314.485812	315.731813	22.362957	44.902381	0.000000	60.701087	44.999997	223.658867	202.290622	134.999977	232.136767	225.012066	224.704973	134.999998	316.970324	74.142582	45.097293	223.034699	137.182413	135.726294	74.655518	45.390952	315.192371	315.181065	33.627756	22.254896	49.567822	45.000010	218.864771	135.097293	137.930395	134.951173	225.919882	180.000000	213.690619	134.975489	
89.633259	45.000000	224.947113	224.906159	135.047350	134.988554	45.093685	314.485812	315.731813	22.362957	44.902381	0.000000	60.701087	44.999997	223.658867	202.290622	134.999977	232.075890	225.012066	224.704973	134.999998	316.970324	74.142582	45.097293	223.034699	137.182413	135.726294	74.655518	45.390952	315.192371	315.181065	33.627756	22.254896	49.567822	45.000010	218.864771	135.097293	137.930395	134.951173	226.299031	180.000000	213.690619	134.975489	
89.533312	45.000000	224.947113	224.906159	135.047350	134.988554	45.093685	314.485812	315.731813	22.362957	44.902381	0.000000	60.701087	44.999997	223.658867	202.290622	134.999977	231.998338	225.012066	224.704973	134.999998	316.970324	74.142582	45.097293	223.034699	137.182413	135.726294	74.655518	45.390952	315.192371	315.181065	33.627756	22.254896	49.567822	45.000010	218.864771	135.097293	137.930395	134.951173	226.678947	180.000000	213.690619	134.975489	
89.487869	45.000000	224.947113	224.906159	135.047350	134.988554	45.093685	314.485812	315.731813	22.362957	44.902381	0.000000	60.701087	44.999997	223.658867	202.290622	134.999977	231.904452	225.012066	224.704973	134.999998	316.970324	74.142582	45.097293	223.034699	137.182413	135.726294	74.655518	45.390952	315.192371	315.181065	33.627756	22.254896	49.567822	45.000010	218.864771	135.097293	137.930395	134.951173	227.054291	180.000000	213.690619	134.975489	
89.473761	45.000000	224.947113	224.906159	135.047350	134.988554	45.093685	314.485812	315.731813	22.362957	44.902381	0.000000	60.701087	44.999997	223.658867	202.290622	134.999977	231.794584	225.012066	224.704973	134.999998	316.970324	74.142582	45.097293	223.034699	137.182413	135.726294	74.655518	45.390952	315.192371	315.181065	33.627756	22.254896	49.567822	45.000010	218.864771	135.097293	137.930395	134.951173	227.422431	180.000000	213.690619	134.975489	
89.332184	45.000000	224.947113	224.906159	135.047350	134.988554	45.093685	314.485812	315.731813	22.362957	44.902381	0.000000	60.701087	44.999997	223.658867	202.290622	134.999977	231.669085	225.012066	224.704973	134.999998	316.970324	74.142582	45.097293	223.034699	137.182413	135.726294	74.655518	45.390952	315.192371	315.181065	33.627756	22.254896	49.567822	45.000010	218.864771	135.097293	137.930395	134.951173	227.781917	180.000000	213.690619	134.975489	
89.054001	45.000000	224.947113	224.906159	135.047350	134.988554	45.093685	314.485812	315.731813	22.362957	44.902381	0.000000	60.701087	44.999997	223.658867	202.290622	134.999977	231.528314	225.012066	224.704973	134.999998	316.970324	74.142582	45.097293	223.034699	137.182413	135.726294	74.655518	45.390952	315.192371	315.181065	33.627756	22.254896	49.567822	45.000010	218.864771	135.097293	137.930395	134.951173	228.131820	180.000000	213.690619	134.975489	
88.728966	45.000000	224.947113	224.906159	135.047350	134.988554	45.093685	314.485812	315.731813	22.362957	44.902381	0.000000	60.701087	44.999997	223.658867	202.290622	134.999977	231.372629	225.012066	224.704973	134.999998	316.970324	74.142582	45.097293	223.034699	137.182413	135.726294	74.655518	45.390952	315.192371	315.181065	33.627756	22.254896	49.567822	45.000010	218.864771	135.097293	137.930395	134.951173	228.471455	180.000000	213.690619	134.975489	
88.397711	45.000000	224.947113	224.906159	135.047350	134.988554	45.093685	314.485812	315.731813	22.362957	44.902381	0.000000	60.701087	44.999997	223.658867	202.290622	134.999977	231.202386	225.012066	224.704973	134.999998	316.970324	74.142582	45.097293	223.034699	137.182413	135.726294	74.655518	45.390952	315.192371	315.181065	33.627756	22.254896	49.567822	45.000010	218.864771	135.097293	137.930395	134.951173	228.800260	180.000000	213.690619	134.975489	
88.078710	45.000000	224.947113	224.906159	135.047350	134.988554	45.093685	314.485812	315.731813	22.362957	44.902381	0.000000	60.701087	44.999997	223.658867	202.290622	134.999977	231.017944	225.012066	224.704973	134.999998	316.970324	74.142582	45.097293	223.034699	137.182413	135.726294	74.655518	45.390952	315.192371	315.181065	33.627756	22.254896	49.567822	45.000010	218.864771	135.097293	137.930395	134.951173	229.117743	180.000000	213.690619	134.975489	
87.780381	45.000000	224.947113	224.906159	135.047350	134.988554	45.093685	314.485812	315.731813	22.362957	44.902381	0.000000	60.701087	44.999997	223.658867	202.290622	134.999977	231.834690	225.012066	224.704973	134.999998	316.970324	74.142582	45.097293	223.034699	137.182413	135.726294	74.655518	45.390952	315.192371	315.181065	33.627756	22.254896	49.567822	45.000010	218.864771	135.097293	137.930395	134.951173	229.423458	180.000000	213.690619	134.975489	
87.506540	45.000000	224.947113	224.906159	135.047350	134.988554	45.093685	314.485812	315.731813	22.362957	44.902381	0.000000	60.701087	44.999997	223.658867	202.290622	134.999977	232.129277	225.012066	224.704973	134.999998	316.970324	74.142582	45.097293	223.034699	137.182413	135.726294	74.655518	45.390952	315.192371	315.181065	33.627756	22.254896	49.567822	45.000010	218.864771	135.097293	137.930395	134.951173	229.717003	180.000000	213.690619	134.975489	
87.258863	45.000000	224.947113	224.906159	135.047350	134.988554	45.093685	314.485812	315.731813	22.362957	44.902381	0.000000	60.701087	44.999997	223.658867	202.290622	134.999977	232.174890	225.012066	224.704973	134.999998	316.970324	74.142582	45.097293	223.034699	137.182413	135.726294	74.655518	45.390952	315.192371	315.181065	33.627756	22.254896	49.567822	45.000010	218.864771	135.097293	137.930395	134.951173	229.998010	180.000000	213.690619	134.975489	
87.038011	45.000000	224.947113	224.906159	135.047350	134.988554	45.093685	314.485812	315.731813	22.362957	44.902381	0.000000	60.701087	44.999997	223.658867	202.290622	134.999977	232.099007	225.012066	224.704973	134.999998	316.970324	74.142582	45.097293	223.034699	137.182413	135.726294	74.655518	45.390952	315.192371	315.181065	33.627756	22.254896	49.567822	45.000010	218.864771	135.097293	137.930395	134.951173	230.266148	180.000000	213.690619	134.975489	
86.844141	45.000000	224.947113	224.906159	135.047350	134.988554	45.093685	314.485812	315.731813	22.362957	44.902381	0.000000	60.701087	44.999997	223.658867	202.290622	134.999977	231.961113	225.012066	224.704973	134.999998	316.970324	74.142582	45.097293	223.034699	137.182413	135.726294	74.655518	45.390952	315.192371	315.181065	33.627756	22.254896	49.567822	45.000010	218.864771	135.097293	137.930395	134.951173	230.521120	180.000000	213.690619	134.975489	
86.677146	45.000000	224.947113	224.906159	135.047350	134.988554	45.093685	314.485812	315.731813	22.362957	44.902381	0.000000	60.701087	44.999997	223.658867	202.290622	134.999977	231.789018	225.012066	224.704973	134.999998	316.970324	74.142582	45.097293	223.034699	137.182413	135.726294	74.655518	45.390952	315.192371	315.181065	33.627756	22.254896	49.567822	45.000010	218.864771	135.097293	137.930395	134.951173	230.762661	180.000000	213.690619	134.975489	
86.536770	45.000000	224.947113	224.906159	135.047350	134.988554	45.093685	314.485812	315.731813	22.362957	44.902381	0.000000	60.701087	44.999997	223.658867	202.290622	134.999977	231.595796	225.012066	224.704973	134.999998	316.970324	74.142582	45.097293	223.034699	137.182413	135.726294	74.655518	45.390952	315.192371	315.181065	33.627756	22.254896	49.567822	45.000010	218.864771	135.097293	137.930395	134.951173	230.990545	180.000000	213.690619	134.975489	
86.422661	45.000000	224.947113	224.906159	135.047350	134.988554	45.093685	314.485812	315.731813	22.362957	44.902381	0.000000	60.701087	44.999997	223.658867	202.290622	134.999977	226.511685	225.012066	224.704973	134.999998	316.970324	74.142582	45.097293	223.034699	137.182413	135.726294	74.655518	45.390952	315.192371	315.181065	33.627756	22.254896	49.567822	45.000010	218.864771	135.097293	137.930395	134.951173	231.204575	180.000000	213.690619	134.975489	
86.334406	45.000000	224.947113	224.906159	135.047350	134.988554	45.093685	314.485812	315.731813	22.362957	44.902381	0.000000	60.701087	44.999997	223.658867	202.290622	134.999977	229.022089	225.012066	224.704973	134.999998	316.970324	74.142582	45.097293	223.034699	137.182413	135.726294	74.655518	45.390952	315.192371	315.181065	33.627756	22.254896	49.567822	45.000010	218.864771	135.097293	137.930395	134.951173	231.404589	180.000000	213.690619	134.975489	
86.271546	45.000000	224.947113	224.906159	135.047350	134.988554	45.093685	314.485812	315.731813	22.362957	44.902381	0.000000	60.701087	44.999997	223.658867	202.290622	134.999977	230.048256	225.012066	224.704973	134.999998	316.970324	74.142582	45.097293	223.034699	137.182413	135.726294	74.655518	45.390952	315.192371	315.181065	33.627756	22.254896	49.567822	45.000010	218.864771	135.097293	137.930395	134.951173	231.590458	180.000000	213.690619	134.975489	
86.233588	45.000000	224.947113	224.906159	135.047350	134.988554	45.093685	314.485812	315.731813	22.362957	44.930356	0.000000	60.701087	44.999997	223.658867	202.290622	134.999977	225.713674	225.012066	224.704973	134.999998	316.970324	74.142582	45.097293	223.034699	137.182413	135.726294	74.655518	45.390952	315.192371	315.181065	33.627756	22.254896	49.567822	45.000010	218.864771	135.097293	137.930395	134.951173	231.762082	180.000000	213.690619	134.975489	
86.220014	45.000000	224.947113	224.906159	135.047350	134.988554	45.093685	314.485812	315.731813	22.362957	44.942102	0.000000	60.701087	44.999997	223.658867	202.290622	134.999977	228.351200	225.012066	224.704973	134.999998	316.970324	74.142582	45.097293	223.034699	137.182413	135.726294	74.655518	45.390952	315.192371	315.181065	33.627756	22.254896	49.567822	45.000010	218.864771	135.097293	137.930395	134.951173	231.919393	180.000000	213.690619	134.975489	
86.230290	45.000000	224.947113	224.906159	135.047350	134.988554	45.093685	314.485812	315.731813	22.362957	44.947035	0.000000	60.701087	44.999997	223.658867	202.290622	134.999977	224.895448	225.012066	224.704973	134.999998	316.970324	74.142582	45.097293	223.034699	137.182413	135.726294	74.655518	45.390952	315.192371	315.181065	33.627756	22.254896	49.567822	45.000010	218.864771	135.097293	137.930395	134.951173	232.062350	180.000000	213.690619	134.975489	
86.263871	45.000000	224.947113	224.906159	135.047350	134.988554	45.093685	314.485812	315.731813	22.362957	44.949106	0.000000	60.701087	44.999997	223.658867	202.290622	134.999977	223.323985	225.012066	224.704973	134.999998	316.970324	74.142582	45.097293	223.034699	136.559213	135.726294	74.655518	45.390952	315.192371	315.181065	33.627756	22.254896	49.567822	45.000010	218.864771	135.097293	137.930395	134.951173	232.190940	180.000000	213.690619	134.975489	
86.320203	45.000000	224.947113	224.906159	135.047350	134.988554	45.093685	314.485812	315.731813	22.362957	44.949977	0.000000	60.701087	44.999997	223.658867	202.290622	134.999977	226.996367	225.012066	224.704973	134.999998	316.970324	74.142582	45.097293	223.034699	136.297572	135.726294	74.655518	45.390952	315.192371	315.181065	33.627756	22.254896	49.567822	45.000010	218.864771	135.097293	137.930395	134.951173	232.305176	180.000000	213.690619	134.975489	
93.241086	45.000000	224.947113	224.906159	135.047350	134.988554	45.093685	314.485812	315.731813	22.362957	44.950342	0.000000	60.701087	44.999997	223.658867	202.290622	134.999977	224.233479	225.012066	224.704973	134.999998	316.970324	74.142582	45.097293	223.034699	136.187707	135.726294	74.655518	45.390952	315.192371	315.181065	33.627756	22.254896	49.567822	45.000010	218.864771	135.097293	137.930395	134.951173	232.405095	180.000000	213.690619	134.975489	
89.416531	45.000000	224.947113	224.906159	135.047350	134.988554	45.093685	314.485812	315.731813	22.362957	44.950496	0.000000	60.701087	44.999997	223.658867	202.290622	134.999977	222.976055	225.012066	224.704973	134.999998	316.970324	74.142582	45.097293	223.034699	136.141567	135.726294	74.655518	45.390952	315.192371	315.181065	33.627756	22.254896	49.567822	45.000010	218.864771	135.097293	137.930395	134.951173	232.490757	180.000000	213.690619	134.975489	
87.749392	45.000000	224.947113	224.906159	135.047350	134.988554	45.093685	314.485812	315.731813	22.362957	44.950560	0.000000	60.701087	44.999997	223.658867	202.290622	134.999977	222.403570	225.012066	224.704973	134.999998	316.970324	74.142582	45.097293	223.034699	136.122186	135.726294	74.655518	45.390952	315.192371	315.181065	33.627756	22.254896	49.567822	45.000010	218.864771	135.097293	137.930395	134.951173	232.562241	180.000000	213.690619	134.975489	
93.716517	45.000000	224.947113	224.906159	135.047350	134.988554	45.093685	314.485812	315.731813	22.362957	44.950587	0.000000	60.701087	44.999997	223.658867	202.290622	134.999977	222.142852	225.012066	224.704973	134.999998	316.970324	74.142582	45.097293	223.034699	136.114044	135.726294	74.655518	45.390952	315.192371	315.181065	33.627756	22.254896	49.567822	45.000010	218.864771	135.097293	137.930395	134.951173	232.619649	180.000000	213.690619	134.975489	
89.698915	45.000000	224.947113	224.906159	135.047350	134.988554	45.093685	314.485812	315.731813	22.362957	44.950599	0.000000	60.701087	44.999997	223.658867	202.290622	134.999977	222.024085	225.012066	224.704973	134.999998	316.970324	74.142582	45.097293	223.034699	136.110623	135.726294	74.655518	45.390952	315.192371	315.181065	33.627756	22.254896	49.567822	45.000010	218.864771	135.097293	137.930395	134.951173	232.663098	180.000000	213.690619	134.975489	
94.476224	45.000000	224.947113	224.906159	135.047350	134.988554	45.093685	314.485812	315.731813	22.362957	44.950604	0.000000	60.701087	44.999997	223.658867	202.290622	134.999977	221.969967	225.012066	224.704973	134.999998	316.970324	74.142582	45.097293	223.034699	136.109185	135.726294	74.655518	45.390952	315.192371	315.181065	33.627756	22.254896	49.567822	45.000010	218.864771	135.097293	137.930395	134.951173	232.692722	180.000000	213.690619	134.975489	
90.085726	45.000000	224.947113	224.906159	135.047350	134.988554	45.093685	314.485812	315.731813	22.362957	44.950606	0.000000	60.701087	44.999997	223.658867	202.290622	134.999977	221.945300	225.012066	224.704973	134.999998	316.970324	74.142582	45.097293	223.034699	136.108581	135.726294	74.655518	45.390952	315.192371	315.181065	33.627756	22.254896	49.567822	45.000010	218.864771	135.097293	137.930395	134.951173	232.708670	180.000000	213.690619	134.975489	
94.553108	45.000000	224.947113	224.906159	135.047350	134.988554	45.093685	314.485812	315.731813	22.362957	44.950607	0.000000	60.701087	44.999997	223.658867	202.290622	134.999977	221.934054	225.012066	224.704973	134.999998	316.970324	74.142582	45.097293	223.034699	136.108327	135.726294	74.655518	45.390952	315.192371	315.181065	33.627756	22.254896	49.567822	45.000010	218.864771	135.097293	137.930395	134.951173	232.711103	180.000000	213.690619	134.975489	
96.487500	45.000000	224.947113	224.906159	135.047350	134.988554	45.093685	314.485812	315.731813	22.362957	44.950607	0.000000	60.701087	44.999997	223.658867	202.290622	134.999977	221.928926	225.012066	224.704973	134.999998	316.970324	74.142582	45.097293	223.034699	136.108220	135.726294	74.655518	45.390952	315.192371	315.181065	33.627756	22.254896	49.567822	45.000010	218.864771	135.097293	137.930395	134.951173	232.700195	180.000000	213.690619	134.975489	
91.060396	45.000000	224.947113	224.906159	135.047350	134.988554	45.093685	314.485812	315.731813	22.362957	44.950607	0.000000	60.701087	44.999997	223.658867	202.290622	134.999977	221.926586	225.012066	224.704973	134.999998	316.970324	74.142582	45.097293	223.034699	136.108175	135.726294	74.655518	45.390952	315.192371	315.181065	33.627756	22.254896	49.567822	45.000010	218.864771	135.097293	137.930395	134.951173	232.676129	180.000000	213.690619	134.975489	
94.833523	45.000000	224.947113	224.906159	135.047350	134.988554	45.093685	314.485812	315.731813	22.362957	44.950607	0.000000	60.701087	44.999997	223.658867	202.290622	134.999977	221.925518	225.012066	224.704973	134.999998	316.970324	74.142582	45.097293	223.034699	136.108156	135.726294	74.655518	45.390952	315.192371	315.181065	33.627756	22.254896	49.567822	45.000010	218.864771	135.097293	137.930395	134.951173	232.639098	180.000000	213.690619	134.975489	
96.477476	45.000000	224.947113	224.906159	135.047350	134.988554	45.093685	314.485812	315.731813	22.362957	44.950607	0.000000	60.701087	44.999997	223.658867	202.290622	134.999977	221.925031	225.012066	224.704973	134.999998	316.970324	74.142582	45.097293	223.034699	136.108148	135.726294	74.655518	45.390952	315.192371	315.181065	33.627756	22.254896	49.567822	45.000010	218.864771	135.097293	137.930395	134.951173	232.589301	180.000000	213.690619	134.975489	
97.153491	45.000000	224.947113	224.906159	135.047350	134.988554	45.093685	314.485812	315.731813	22.362957	44.950607	0.000000	60.701087	44.999997	223.658867	202.290622	134.999977	221.924808	225.012066	224.704973	134.999998	316.970324	74.142582	45.097293	223.034699	136.108145	135.726294	74.655518	45.390952	315.192371	315.181065	33.627756	22.254896	49.567822	45.000010	218.864771	135.097293	137.930395	134.951173	232.526946	180.000000	213.690619	134.975489	
97.394042	45.000000	224.947113	224.906159	135.047350	134.988554	45.093685	314.485812	315.731813	22.362957	44.950607	0.000000	60.701087	44.999997	223.658867	202.290622	134.999977	221.924707	225.012066	224.704973	134.999998	316.970324	74.142582	45.097293	223.034699	136.108144	135.726294	74.655518	45.390952	315.192371	315.181065	33.627756	22.254896	49.567822	45.000010	218.864771	135.097293	137.930395	134.951173	232.452243	180.000000	213.690619	134.975489	
97.443497	45.000000	224.947113	224.906159	135.047350	134.988554	45.093685	314.485812	315.731813	22.362957	44.950607	0.000000	60.701087	44.999997	223.658867	202.290622	134.999977	221.924660	225.012066	224.704973	134.999998	316.970324	74.142582	45.097293	223.034699	136.108143	135.726294	74.655518	45.390952	315.192371	315.181065	33.627756	22.254896	49.567822	45.000010	218.864771	135.097293	137.930395	134.951173	232.365409	180.000000	213.690619	134.975489	
93.137725	45.000000	224.947113	224.906159	135.047350	134.988554	45.093685	314.485812	315.731813	22.362957	44.950607	0.000000	60.701087	44.999997	223.658867	202.290622	134.999977	221.924639	225.012066	224.704973	134.999998	316.970324	74.142582	45.097293	223.034699	136.108143	135.726294	74.655518	45.390952	315.192371	315.181065	33.627756	22.254896	49.567822	45.000010	218.864771	135.097293	137.930395	134.951173	232.266662	180.000000	213.690619	134.975489	
91.174908	45.000000	224.947113	224.906159	135.047350	134.988554	45.093685	314.485812	315.731813	22.362957	44.950607	0.000000	60.701087	44.999997	223.658867	202.290622	134.999977	221.924629	225.012066	224.704973	134.999998	316.970324	74.142582	45.097293	223.034699	136.108143	135.726294	74.655518	45.390952	315.192371	315.181065	33.627756	22.254896	49.567822	45.000010	218.864771	135.097293	137.930395	134.951173	232.156225	180.000000	213.690619	134.975489	
90.267783	45.000000	224.947113	224.906159	135.047350	134.988554	45.093685	314.485812	315.731813	22.362957	44.950607	0.000000	60.701087	44.999997	223.658867	202.290622	134.999977	221.924625	225.012066	224.704973	134.999998	316.970324	74.142582	45.097293	223.034699	136.108143	135.726294	74.655518	45.390952	315.192371	315.181065	33.627756	22.254896	49.567822	45.000010	218.864771	135.097293	137.930395	134.951173	232.034318	180.000000	213.690619	134.975489	
89.840400	45.000000	224.947113	224.906159	135.047350	134.988554	45.093685	314.485812	315.731813	22.362957	44.950607	0.000000	60.701087	44.999997	223.658867	202.290622	134.999977	221.924623	225.012066	224.704973	134.999998	316.970324	74.142582	45.097293	223.034699	136.108143	135.726294	74.655518	45.390952	315.192371	315.181065	33.627756	22.254896	49.567822	45.000010	218.864771	135.097293	137.930395	134.951173	231.901167	180.000000	213.690619	134.975489	
89.634818	45.000000	224.947113	224.906159	135.047350	134.988554	45.093685	314.485812	315.731813	22.362957	44.950607	0.000000	60.701087	44.999997	223.658867	202.290622	134.999977	221.924622	225.012066	224.704973	134.999998	316.970324	74.142582	45.097293	223.034699	136.108143	135.726294	74.655518	45.390952	315.192371	315.181065	33.627756	22.254896	49.567822	45.000010	218.864771	135.097293	137.930395	134.951173	231.756994	180.000000	213.690619	134.975489	
89.535525	45.000000	224.947113	224.906159	135.047350	134.988554	45.093685	314.485812	315.731813	22.362957	44.950607	0.000000	60.701087	44.999997	223.658867	202.290622	134.999977	221.924621	225.012066	224.704973	134.999998	316.970324	74.142582	45.097293	223.034699	136.108143	135.726294	74.655518	45.390952	315.192371	315.181065	33.627756	22.254896	49.567822	45.000010	218.864771	135.097293	137.930395	134.951173	231.602022	180.000000	213.690619	134.975489	
89.490786	45.000000	224.947113	224.906159	135.047350	134.988554	45.093685	314.485812	315.731813	22.362957	44.950607	0.000000	60.701087	44.999997	223.658867	202.290622	134.999977	221.924621	225.012066	224.704973	134.999998	316.970324	74.142582	45.097293	223.034699	136.108143	135.726294	74.655518	45.390952	315.192371	315.181065	33.627756	22.254896	49.567822	45.000010	218.864771	135.097293	137.930395	134.951173	231.436472	180.000000	213.690619	134.975489	
89.477397	45.000000	224.947113	224.906159	135.047350	134.988554	45.093685	314.485812	315.731813	22.362957	44.950607	0.000000	60.701087	44.999997	223.658867	202.290622	134.999977	221.924621	225.012066	224.704973	134.999998	316.970324	74.142582	45.097293	223.034699	136.108143	135.726294	74.655518	45.390952	315.192371	315.181065	33.627756	22.254896	49.567822	45.000010	218.864771	135.097293	137.930395	134.951173	231.260564	180.000000	213.690619	134.975489	
89.322622	45.000000	224.947113	224.906159	135.047350	134.988554	45.093685	314.485812	315.731813	22.362957	44.950607	0.000000	60.701087	44.999997	223.658867	202.290622	134.999977	221.924621	225.012066	224.704973	134.999998	316.970324	74.142582	45.097293	223.034699	136.108143	135.726294	74.655518	45.390952	315.192371	315.181065	33.627756	22.254896	49.567822	45.000010	218.864771	135.097293	137.930395	134.951173	231.074514	180.000000	213.690619	134.975489	
89.039343	45.000000	224.947113	224.906159	135.047350	134.988554	45.093685	314.485812	315.731813	22.362957	44.950607	0.000000	60.701087	44.999997	223.658867	202.290622	134.999977	221.924621	225.012066	224.704973	134.999998	316.970324	74.142582	45.097293	223.034699	136.108143	135.726294	74.655518	45.390952	315.192371	315.181065	33.627756	22.254896	49.567822	45.000010	218.864771	135.097293	137.930395	134.951173	232.153974	180.000000	213.690619	134.975489	
88.712872	45.000000	224.947113	224.906159	135.047350	134.988554	45.093685	314.485812	315.731813	22.362957	44.950607	0.000000	60.701087	44.999997	223.658867	202.290622	134.999977	221.924621	225.012066	224.704973	134.999998	316.970324	74.142582	45.097293	223.034699	136.108143	135.726294	74.655518	45.390952	315.192371	315.181065	33.627756	22.254896	49.567822	45.000010	218.864771	135.097293	137.930395	134.951173	232.528957	180.000000	213.690619	134.975489	
88.381842	45.000000	224.947113	224.906159	135.047350	134.988554	45.093685	314.485812	315.731813	22.362957	44.950607	0.000000	60.701087	44.999997	223.658867	202.290622	134.999977	221.924621	225.012066	224.704973	134.999998	316.970324	74.142582	45.097293	223.034699	136.108143	135.726294	74.655518	45.390952	315.192371	315.181065	33.627756	22.254896	49.567822	45.000010	218.864771	135.097293	137.930395	134.951173	232.597164	180.000000	213.690619	134.975489	
88.063823	45.000000	224.947113	224.906159	135.047350	134.988554	45.093685	314.485812	315.731813	22.362957	44.950607	0.000000	60.701087	44.999997	223.658867	202.290622	134.999977	221.924621	225.012066	224.704973	134.999998	316.970324	74.142582	45.097293	223.034699	136.108143	135.726294	74.655518	45.390952	315.192371	315.181065	33.627756	22.254896	49.567822	45.000010	218.864771	135.097293	137.930395	134.951173	232.529515	180.000000	213.690619	134.975489	
87.766821	45.000000	224.947113	224.906159	135.047350	134.988554	45.093685	314.485812	315.731813	22.362957	44.950607	0.000000	60.701087	44.999997	223.658867	202.290622	134.999977	221.924621	225.012066	224.704973	134.999998	316.970324	74.142582	45.097293	223.034699	136.108143	135.726294	74.655518	45.390952	315.192371	315.181065	33.627756	22.254896	49.567822	45.000010	218.864771	135.097293	137.930395	134.951173	232.399422	180.000000	213.690619	134.975489	
87.494461	45.000000	224.947113	224.906159	135.047350	134.988554	45.093685	314.485812	315.731813	22.362957	44.950607	0.000000	60.701087	44.999997	223.658867	202.290622	134.999977	221.924621	225.012066	224.704973	134.999998	316.970324	74.142582	45.097293	223.034699	136.108143	135.726294	74.655518	45.390952	315.192371	315.181065	33.627756	22.254896	49.567822	45.000010	218.864771	135.097293	137.930395	134.951173	232.238438	180.000000	213.690619	134.975489	
87.248331	45.000000	224.947113	224.906159	135.047350	134.988554	45.093685	314.485812	315.731813	22.362957	44.950607	0.000000	60.701087	44.999997	223.658867	202.290622	134.999977	221.924621	225.012066	224.704973	134.999998	316.970324	74.142582	45.097293	223.034699	136.108143	135.726294	74.655518	45.390952	315.192371	315.181065	33.627756	22.254896	49.567822	45.000010	218.864771	135.097293	137.930395	134.951173	232.060171	180.000000	213.690619	134.975489	
87.029049	45.000000	224.947113	224.906159	135.047350	134.988554	45.093685	314.485812	315.731813	22.362957	44.950607	0.000000	60.701087	44.999997	223.658867	202.290622	134.999977	221.924621	225.012066	224.704973	134.999998	316.970324	74.142582	45.097293	223.034699	136.108143	135.726294	74.655518	45.390952	315.192371	315.181065	33.627756	22.254896	49.567822	45.000010	218.864771	135.097293	137.930395	134.951173	226.217067	180.000000	213.690619	134.975489	
86.836750	45.000000	224.947113	224.906159	135.047350	134.988554	45.093685	314.485812	315.731813	22.362957	44.950607	0.000000	60.701087	44.999997	223.658867	202.290622	134.999977	221.924621	225.012066	224.704973	134.999998	316.970324	74.142582	45.097293	223.034699	136.108143	135.726294	74.655518	45.390952	315.192371	315.181065	33.627756	22.254896	49.567822	45.000010	218.864771	135.097293	137.930395	134.951173	229.369705	180.000000	213.690619	134.975489	
86.671315	45.000000	224.947113	224.906159	135.047350	134.988554	45.093685	314.485812	315.731813	22.362957	44.950607	0.000000	60.701087	44.999997	223.658867	202.290622	134.999977	221.924621	225.012066	224.704973	134.999998	316.970324	74.142582	45.097293	223.034699	136.108143	135.726294	74.655518	45.390952	315.192371	315.181065	33.627756	22.254896	49.567822	45.000010	218.864771	135.097293	137.930395	134.951173	230.585955	180.000000	213.690619	134.975489	
86.532481	45.000000	224.947113	224.906159	135.047350	134.988554	45.093685	314.485812	315.731813	22.362957	44.950607	0.000000	60.701087	44.999997	223.658867	202.290622	134.999977	221.924621	225.012066	224.704973	134.999998	316.970324	74.142582	45.097293	223.034699	136.108143	135.726294	74.655518	45.390952	315.192371	315.181065	33.627756	22.254896	49.567822	45.000010	218.864771	135.097293	137.930395	134.951173	225.501585	180.000000	213.690619	134.975489	
86.419892	45.000000	224.947113	224.906159	135.047350	134.988554	45.093685	314.485812	315.731813	22.362957	44.950607	0.000000	60.701087	44.999997	223.658867	202.290622	134.999977	221.924621	225.012066	224.704973	134.999998	316.970324	74.142582	45.097293	223.034699	136.108143	135.726294	74.655518	45.390952	315.192371	315.181065	33.627756	22.254896	49.567822	45.000010	218.864771	135.097293	137.930395	134.951173	228.788184	180.000000	213.690619	134.975489	
86.333131	45.000000	224.947113	224.906159	135.047350	134.988554	45.093685	314.485812	315.731813	22.362957	44.950607	0.000000	60.701087	44.999997	223.658867	202.290622	134.999977	221.924621	225.012066	224.704973	134.999998	316.970324	74.142582	45.097293	223.034699	136.108143	135.726294	74.655518	45.390952	315.192371	315.181065	33.627756	22.254896	49.567822	45.000010	218.864771	135.097293	137.930395	134.951173	224.698201	180.000000	213.690619	134.975489	
86.271738	45.000000	224.947113	224.906159	135.047350	134.988554	45.093685	314.485812	315.731813	22.362957	44.950607	0.000000	60.701087	44.999997	223.658867	202.290622	134.999977	221.924621	225.012066	224.704973	134.999998	316.970324	74.142582	45.097293	223.034699	136.108143	135.726294	74.655518	45.390952	315.192371	315.181065	33.627756	22.254896	49.567822	45.000010	218.864771	135.097293	137.930395	134.951173	228.272651	180.000000	213.690619	134.975489	
86.235216	45.000000	224.947113	224.906159	135.047350	134.988554	45.093685	314.485812	315.731813	22.362957	44.950607	0.000000	60.701087	44.999997	223.658867	202.290622	134.999977	222.754664	225.012066	224.704973	134.999998	316.970324	74.142582	45.097293	223.034699	136.108143	135.726294	74.655518	45.390952	315.192371	315.181065	33.627756	22.254896	49.567822	45.000010	218.864771	135.097293	137.930395	134.951173	224.433741	180.000000	213.690619	134.975489	
86.223049	45.000000	224.947113	224.906159	135.047350	134.988554	45.093685	314.485812	315.731813	22.362957	44.950607	0.000000	60.701087	44.999997	223.658867	202.290622	134.999977	223.131243	225.012066	224.704973	134.999998	316.970324	74.142582	45.097293	223.034699	136.108143	135.726294	74.655518	45.390952	315.192371	315.181065	33.627756	22.254896	49.567822	45.000010	218.864771	135.097293	137.930395	134.951173	222.818485	180.000000	213.690619	134.975489	
86.234700	45.000000	224.947113	224.906159	135.047350	134.988554	45.093685	314.485812	315.731813	22.362957	44.950607	0.000000	60.701087	44.999997	223.658867	202.290622	134.999977	223.302127	225.012066	224.704973	134.999998	316.970324	74.142582	45.097293	223.034699	136.108143	135.726294	74.655518	45.390952	315.192371	315.181065	33.627756	22.254896	49.567822	45.000010	218.864771	135.097293	137.930395	134.951173	222.138493	180.000000	213.690619	134.975489	
86.269624	45.000000	224.947113	224.906159	135.047350	134.988554	45.093685	314.485812	315.731813	22.362957	44.950607	0.000000	60.701087	44.999997	223.658867	202.290622	134.999977	223.379685	225.012066	224.704973	134.999998	316.970324	74.142582	45.097293	223.034699	136.108143	135.726294	74.655518	45.390952	315.192371	315.181065	33.627756	22.254896	49.567822	45.000010	218.864771	135.097293	137.930395	134.951173	221.852155	180.000000	213.690619	134.975489	
86.327266	45.000000	224.947113	224.906159	135.047350	134.988554	45.093685	314.485812	315.731813	22.362957	44.950607	0.000000	60.701087	44.999997	223.658867	202.290622	134.999977	223.414893	225.012066	224.704973	134.999998	316.970324	74.142582	45.097293	223.034699	136.108143	135.726294	74.655518	45.390952	315.192371	315.181065	33.627756	22.254896	49.567822	45.000010	218.864771	135.097293	137.930395	134.951173	221.731553	180.000000	213.690619	134.975489	
93.244234	45.000000	224.947113	224.906159	135.047350	134.988554	45.093685	314.485812	315.731813	22.362957	44.950607	0.000000	60.701087	44.999997	223.658867	202.290622	134.999977	223.430879	225.012066	224.704973	134.999998	316.970324	74.142582	45.097293	223.034699	136.108143	135.726294	74.655518	45.390952	315.192371	315.181065	33.627756	22.254896	49.567822	45.000010	218.864771	135.097293	137.930395	134.951173	221.680747	180.000000	213.690619	134.975489	
89.423779	45.000000	224.947113	224.906159	135.047350	134.988554	45.093685	314.485812	315.731813	22.362957	44.950607	0.000000	60.701087	44.999997	223.658867	202.290622	134.999977	223.438139	225.012066	224.704973	134.999998	316.970324	74.142582	45.097293	223.034699	136.108143	135.726294	74.655518	45.390952	315.192371	315.181065	33.627756	22.254896	49.567822	45.000010	218.864771	135.097293	137.930395	134.951173	221.659339	180.000000	213.690619	134.975489	
87.759194	45.000000	224.947113	224.906159	135.047350	134.988554	45.093685	314.485812	315.731813	22.362957	44.950607	0.000000	60.701087	44.999997	223.658867	202.290622	134.999977	223.441437	225.012066	224.704973	134.999998	316.970324	74.142582	45.097293	223.034699	136.108143	135.726294	74.655518	45.390952	315.192371	315.181065	33.627756	22.254896	49.567822	45.000010	218.864771	135.097293	137.930395	134.951173	221.650317	180.000000	213.690619	134.975489	
93.722013	45.000000	224.947113	224.906159	135.047350	134.988554	45.093685	314.485812	315.731813	22.362957	44.950607	0.000000	60.701087	44.999997	223.658867	202.290622	134.999977	223.442936	225.012066	224.704973	134.999998	316.970324	74.142582	45.097293	223.034699	136.108143	135.726294	74.655518	45.390952	315.192371	315.181065	33.627756	22.254896	49.567822	45.000010	218.864771	135.097293	137.930395	134.951173	221.646513	180.000000	213.690619	134.975489	
89.709246	45.000000	224.947113	224.906159	135.047350	134.988554	45.093685	314.485812	315.731813	22.362957	44.950607	0.000000	60.701087	44.999997	223.658867	202.290622	134.999977	223.443616	225.012066	224.704973	134.999998	316.970324	74.142582	45.097293	223.034699	136.108143	135.726294	74.655518	45.390952	315.192371	315.181065	33.627756	22.254896	49.567822	45.000010	218.864771	135.097293	137.930395	134.951173	221.644910	180.000000	213.690619	134.975489	
94.482726	45.000000	224.947113	224.906159	135.047350	134.988554	45.093685	314.485812	315.731813	22.362957	44.950607	0.000000	60.701087	44.999997	223.658867	202.290622	134.999977	223.443926	225.012066	224.704973	134.999998	316.970324	74.142582	45.097293	223.034699	136.108143	135.726294	74.655518	45.390952	315.192371	315.181065	33.627756	22.254896	49.567822	45.000010	218.864771	135.097293	137.930395	134.951173	221.644233	180.000000	213.690619	134.975489	
90.097829	45.000000	224.947113	224.906159	135.047350	134.988554	45.093685	314.485812	315.731813	22.362957	44.950607	0.000000	60.701087	44.999997	223.658867	202.290622	134.999977	223.444067	225.012066	224.704973	134.999998	316.970324	74.142582	45.097293	223.034699	136.108143	135.726294	74.655518	45.390952	315.192371	315.181065	33.627756	22.254896	49.567822	45.000010	218.864771	135.097293	137.930395	134.951173	221.643948	180.000000	213.690619	134.975489	
94.561143	45.000000	224.947113	224.906159	135.047350	134.988554	45.093685	314.485812	315.731813	22.362957	44.950607	0.000000	60.701087	44.999997	223.658867	202.290622	134.999977	223.444131	225.012066	224.704973	134.999998	316.970324	74.142582	45.097293	223.034699	136.108143	135.726294	74.655518	45.390952	315.192371	315.181065	33.627756	22.254896	49.567822	45.000010	218.864771	135.097293	137.930395	134.951173	221.643828	180.000000	213.690619	134.975489	
96.494133	45.000000	224.947113	224.906159	135.047350	134.988554	45.093685	314.485812	315.731813	22.362957	44.950607	0.000000	60.701087	44.999997	223.658867	202.290622	134.999977	223.444160	225.012066	224.704973	134.999998	316.970324	74.142582	45.097293	223.034699	136.108143	135.726294	74.655518	45.390952	315.192371	315.181065	33.627756	22.254896	49.567822	45.000010	218.864771	135.097293	137.930395	134.951173	221.643777	180.000000	213.690619	134.975489	
91.074515	45.000000	224.947113	224.906159	135.047350	134.988554	45.093685	314.485812	315.731813	22.362957	44.950607	0.000000	60.701087	44.999997	223.658867	202.290622	134.999977	223.444173	225.012066	224.704973	134.999998	316.970324	74.142582	45.097293	223.034699	136.108143	135.726294	74.655518	45.390952	315.192371	315.181065	33.627756	22.254896	49.567822	45.000010	218.864771	135.097293	137.930395	134.951173	221.643755	180.000000	213.690619	134.975489	
94.843612	45.000000	224.947113	224.906159	135.047350	134.988554	45.093685	314.485812	315.731813	22.362957	44.950607	0.000000	60.701087	44.999997	223.658867	202.290622	134.999977	223.444179	225.012066	224.704973	134.999998	316.970324	74.142582	45.097293	223.034699	136.108143	135.726294	74.655518	45.390952	315.192371	315.181065	33.627756	22.254896	49.567822	45.000010	218.864771	135.097293	137.930395	134.951173	221.643746	180.000000	213.690619	134.975489	
96.486151	45.000000	224.947113	224.906159	135.047350	134.988554	45.093685	314.485812	315.731813	22.362957	44.950607	0.000000	60.701087	44.999997	223.658867	202.290622	134.999977	223.444182	225.012066	224.704973	134.999998	316.970324	74.142582	45.097293	223.034699	136.108143	135.726294	74.655518	45.390952	315.192371	315.181065	33.627756	22.254896	49.567822	45.000010	218.864771	135.097293	137.930395	134.951173	221.643742	180.000000	213.690619	134.975489	
97.161931	45.000000	224.947113	224.906159	135.047350	134.988554	45.093685	314.485812	315.731813	22.362957	44.950607	0.000000	60.701087	44.999997	223.658867	202.290622	134.999977	223.444183	225.012066	224.704973	134.999998	316.970324	74.142582	45.097293	223.034699	136.108143	135.726294	74.655518	45.390952	315.192371	315.181065	33.627756	22.254896	49.567822	45.000010	218.864771	135.097293	137.930395	134.951173	221.643741	180.000000	213.690619	134.975489	
97.402783	45.000000	224.947113	224.906159	135.047350	134.988554	45.093685	314.485812	315.731813	22.362957	44.964807	0.000000	60.701087	44.999997	223.658867	202.290622	134.999977	223.444183	225.012066	224.704973	134.999998	316.970324	74.142582	45.097293	223.034699	136.108143	135.726294	74.655518	45.390952	315.192371	315.181065	33.627756	22.254896	49.567822	45.000010	218.864771	135.097293	137.930395	134.951173	221.643740	180.000000	213.690619	134.975489	
97.452784	45.000000	224.947113	224.906159	135.047350	134.988554	45.093685	314.485812	315.731813	22.362957	44.970769	0.000000	60.701087	44.999997	223.658867	202.290622	134.999977	223.444184	225.012066	224.704973	134.999998	316.970324	74.142582	45.097293	223.034699	136.108143	135.726294	74.655518	45.390952	315.192371	315.181065	33.627756	22.254896	49.567822	45.000010	218.864771	135.097293	137.930395	134.951173	221.643740	180.000000	213.690619	134.975489	
93.140823	45.000000	224.947113	224.906159	135.047350	134.988554	45.093685	314.485812	315.731813	22.362957	44.973273	0.000000	60.701087	44.999997	223.658867	202.290622	134.999977	223.444184	225.012066	224.704973	134.999998	316.970324	74.142582	45.097293	223.034699	136.108143	135.726294	74.655518	45.390952	315.192371	315.181065	33.627756	22.254896	49.567822	45.000010	218.864771	135.097293	137.930395	134.951173	221.643740	180.000000	213.690619	134.975489	
91.175774	45.000000	224.947113	224.906159	135.047350	134.988554	45.093685	314.485812	315.731813	22.362957	44.974324	0.000000	60.701087	44.999997	223.658867	202.290622	134.999977	223.444184	225.012066	224.704973	134.999998	316.970324	74.142582	45.097293	223.034699	135.790656	135.726294	74.655518	45.390952	315.192371	315.181065	33.627756	22.254896	49.567822	45.000010	218.864771	135.097293	137.930395	134.951173	221.643740	180.000000	213.690619	134.975489	
90.268132	45.000000	224.947113	224.906159	135.047350	134.988554	45.093685	314.485812	315.731813	22.362957	44.974766	0.000000	60.701087	44.999997	223.658867	202.290622	134.999977	223.444184	225.012066	224.704973	134.999998	316.970324	74.142582	45.097293	223.034699	135.657354	135.726294	74.655518	45.390952	315.192371	315.181065	33.627756	22.254896	49.567822	45.000010	218.864771	135.097293	137.930395	134.951173	221.643740	180.000000	213.690619	134.975489	
89.840969	45.000000	224.947113	224.906159	135.047350	134.988554	45.093685	314.485812	315.731813	22.362957	44.974952	0.000000	60.701087	44.999997	223.658867	202.290622	134.999977	223.444184	225.012066	224.704973	134.999998	316.970324	74.142582	45.097293	223.034699	135.601377	135.726294	74.655518	45.390952	315.192371	315.181065	33.627756	22.254896	49.567822	45.000010	218.864771	135.097293	137.930395	134.951173	221.643740	180.000000	213.690619	134.975489	
89.635919	45.000000	224.947113	224.906159	135.047350	134.988554	45.093685	314.485812	315.731813	22.362957	44.975030	0.000000	60.701087	44.999997	223.658867	202.290622	134.999977	223.444184	225.012066	224.704973	134.999998	316.970324	74.142582	45.097293	223.034699	135.577866	135.726294	74.655518	45.390952	315.192371	315.181065	33.627756	22.254896	49.567822	45.000010	218.864771	135.097293	137.930395	134.951173	221.643740	180.000000	213.690619	134.975489	
89.537287	45.000000	224.947113	224.906159	135.047350	134.988554	45.093685	314.485812	315.731813	22.362957	44.975063	0.000000	60.701087	44.999997	223.658867	202.290622	134.999977	223.444184	225.012066	224.704973	134.999998	316.970324	74.142582	45.097293	223.034699	135.567990	135.726294	74.655518	45.390952	315.192371	315.181065	33.627756	22.254896	49.567822	45.000010	218.864771	135.097293	137.930395	134.951173	221.643740	180.000000	213.690619	134.975489	
89.493257	45.000000	224.947113	224.906159	135.047350	134.988554	45.093685	314.485812	315.731813	22.362957	44.975076	0.000000	60.701087	44.999997	223.658867	202.290622	134.999977	223.444184	225.012066	224.704973	134.999998	316.970324	74.142582	45.097293	223.034699	135.563841	135.726294	74.655518	45.390952	315.192371	315.181065	33.627756	22.254896	49.567822	45.000010	218.864771	135.097293	137.930395	134.951173	221.643740	180.000000	213.690619	134.975489	
89.480592	45.000000	224.947113	224.906159	135.047350	134.988554	45.093685	314.485812	315.731813	22.362957	44.975082	0.000000	60.701087	44.999997	223.658867	202.290622	134.999977	223.444184	225.012066	224.704973	134.999998	316.970324	74.142582	45.097293	223.034699	135.562097	135.726294	74.655518	45.390952	315.192371	315.181065	33.627756	22.254896	49.567822	45.000010	218.864771	135.097293	137.930395	134.951173	221.643740	180.000000	213.690619	134.975489	
89.312549	45.000000	224.947113	224.906159	135.047350	134.988554	45.093685	314.485812	315.731813	22.362957	44.975085	0.000000	60.701087	44.999997	223.658867	202.290622	134.999977	223.444184	225.012066	224.704973	134.999998	316.970324	74.142582	45.097293	223.034699	135.561364	135.726294	74.655518	45.390952	315.192371	315.181065	33.627756	22.254896	49.567822	45.000010	218.864771	135.097293	137.930395	134.951173	221.643740	180.000000	213.690619	134.975489	
89.024146	45.000000	224.947113	224.906159	135.047350	134.988554	45.093685	314.485812	315.731813	22.362957	44.975086	0.000000	60.701087	44.999997	223.658867	202.290622	134.999977	223.444184	225.012066	224.704973	134.999998	316.970324	74.142582	45.097293	223.034699	135.561056	135.726294	74.655518	45.390952	315.192371	315.181065	33.627756	22.254896	49.567822	45.000010	218.864771	135.097293	137.930395	134.951173	221.643740	180.000000	213.690619	134.975489	
88.696232	45.000000	224.947113	224.906159	135.047350	134.988554	45.093685	314.485812	315.731813	22.362957	44.975086	0.000000	60.701087	44.999997	223.658867	202.290622	134.999977	223.444184	225.012066	224.704973	134.999998	316.970324	74.142582	45.097293	223.034699	135.560927	135.726294	74.655518	45.390952	315.192371	315.181065	33.627756	22.254896	49.567822	45.000010	218.864771	135.097293	137.930395	134.951173	221.643740	180.000000	213.690619	134.975489	
88.365431	45.000000	224.947113	224.906159	135.047350	134.988554	45.093685	314.485812	315.731813	22.362957	44.975086	0.000000	60.701087	44.999997	223.658867	202.290622	134.999977	223.444184	225.012066	224.704973	134.999998	316.970324	74.142582	45.097293	223.034699	135.560872	135.726294	74.655518	45.390952	315.192371	315.181065	33.627756	22.254896	49.567822	45.000010	218.864771	135.097293	137.930395	134.951173	221.643740	180.000000	213.690619	134.975489	
88.048401	45.000000	224.947113	224.906159	135.047350	134.988554	45.093685	314.485812	315.731813	22.362957	44.975086	0.000000	60.701087	44.999997	223.658867	202.290622	134.999977	223.444184	225.012066	224.704973	134.999998	316.970324	74.142582	45.097293	223.034699	135.560850	135.726294	74.655518	45.390952	315.192371	315.181065	33.627756	22.254896	49.567822	45.000010	218.864771	135.097293	137.930395	134.951173	221.643740	180.000000	213.690619	134.975489	
87.752735	45.000000	224.947113	224.906159	135.047350	134.988554	45.093685	314.485812	315.731813	22.362957	44.975086	0.000000	60.701087	44.999997	223.658867	202.290622	134.999977	223.444184	225.012066	224.704973	134.999998	316.970324	74.142582	45.097293	223.034699	135.560840	135.726294	74.655518	45.390952	315.192371	315.181065	33.627756	22.254896	49.567822	45.000010	218.864771	135.097293	137.930395	134.951173	221.643740	180.000000	213.690619	134.975489	
87.481866	45.000000	224.947113	224.906159	135.047350	134.988554	45.093685	314.485812	315.731813	22.362957	44.975086	0.000000	60.701087	44.999997	223.658867	202.290622	134.999977	223.444184	225.012066	224.704973	134.999998	316.970324	74.142582	45.097293	223.034699	135.560836	135.726294	74.655518	45.390952	315.192371	315.181065	33.627756	22.254896	49.567822	45.000010	218.864771	135.097293	137.930395	134.951173	221.643740	180.000000	213.690619	134.975489	
87.237294	45.000000	224.947113	224.906159	135.047350	134.988554	45.093685	314.485812	315.731813	22.362957	44.975086	0.000000	60.701087	44.999997	223.658867	202.290622	134.999977	223.444184	225.012066	224.704973	134.999998	316.970324	74.142582	45.097293	223.034699	135.560834	135.726294	74.655518	45.390952	315.192371	315.181065	33.627756	22.254896	49.567822	45.000010	218.864771	135.097293	137.930395	134.951173	221.643740	180.000000	213.690619	134.975489	
87.019591	45.000000	224.947113	224.906159	135.047350	134.988554	45.093685	314.485812	315.731813	22.362957	44.975086	0.000000	60.701087	44.999997	223.658867	202.290622	134.999977	223.444184	225.012066	224.704973	134.999998	316.970324	74.142582	45.097293	223.034699	135.560833	135.726294	74.655518	45.390952	315.192371	315.181065	33.627756	22.254896	49.567822	45.000010	218.864771	135.097293	137.930395	134.951173	221.643740	180.000000	213.690619	134.975489	
86.828872	45.000000	224.947113	224.906159	135.047350	134.988554	45.093685	314.485812	315.731813	22.362957	44.975086	0.000000	60.701087	44.999997	223.658867	202.290622	134.999977	223.444184	225.012066	224.704973	134.999998	316.970324	74.142582	45.097293	223.034699	135.560833	135.726294	74.655518	45.390952	315.192371	315.181065	33.627756	22.254896	49.567822	45.000010	218.864771	135.097293	137.930395	134.951173	221.643740	180.000000	213.690619	134.975489	
86.665007	45.000000	224.947113	224.906159	135.047350	134.988554	45.093685	314.485812	315.731813	22.362957	44.975086	0.000000	60.701087	44.999997	223.658867	202.290622	134.999977	223.444184	225.012066	224.704973	134.999998	316.970324	74.142582	45.097293	223.034699	135.560833	135.726294	74.655518	45.390952	315.192371	315.181065	33.627756	22.254896	49.567822	45.000010	218.864771	135.097293	137.930395	134.951173	221.643740	180.000000	213.690619	134.975489	
86.527723	45.000000	224.947113	224.906159	135.047350	134.988554	45.093685	314.485812	315.731813	22.362957	44.975086	0.000000	60.701087	44.999997	223.658867	202.290622	134.999977	223.444184	225.012066	224.704973	134.999998	316.970324	74.142582	45.097293	223.034699	135.560833	135.726294	74.655518	45.390952	315.192371	315.181065	33.627756	22.254896	49.567822	45.000010	218.864771	135.097293	137.930395	134.951173	221.643740	180.000000	213.690619	134.975489	
86.416662	45.000000	224.947113	224.906159	135.047350	134.988554	45.093685	314.485812	315.731813	22.362957	44.975086	0.000000	60.701087	44.999997	223.658867	202.290622	134.999977	223.444184	225.012066	224.704973	134.999998	316.970324	74.142582	45.097293	223.034699	135.560833	135.726294	74.655518	45.390952	315.192371	315.181065	33.627756	22.254896	49.567822	45.000010	218.864771	135.097293	137.930395	134.951173	221.643740	180.000000	213.690619	134.975489	
86.331404	45.000000	224.947113	224.906159	135.047350	134.988554	45.093685	314.485812	315.731813	22.362957	44.975086	0.000000	60.701087	44.999997	223.658867	202.290622	134.999977	223.444184	225.012066	224.704973	134.999998	316.970324	74.142582	45.097293	223.034699	135.560833	135.726294	74.655518	45.390952	315.192371	315.181065	33.627756	22.254896	49.567822	45.000010	218.864771	135.097293	137.930395	134.951173	221.643740	180.000000	213.690619	134.975489	
86.271485	45.000000	224.947113	224.906159	135.047350	134.988554	45.093685	314.485812	315.731813	22.362957	44.975086	0.000000	60.701087	44.999997	223.658867	202.290622	134.999977	223.444184	225.012066	224.704973	134.999998	316.970324	74.142582	45.097293	223.034699	135.560833	135.726294	74.655518	45.390952	315.192371	315.181065	33.627756	22.254896	49.567822	45.000010	218.864771	135.097293	137.930395	134.951173	221.643740	180.000000	213.690619	134.975489	
86.236408	45.000000	224.947113	224.906159	135.047350	134.988554	45.093685	314.485812	315.731813	22.362957	44.975086	0.000000	60.701087	44.999997	223.658867	202.290622	134.999977	223.444184	225.012066	224.704973	134.999998	316.970324	74.142582	45.097293	223.034699	135.560833	135.726294	74.655518	45.390952	315.192371	315.181065	33.627756	22.254896	49.567822	45.000010	218.864771	135.097293	137.930395	134.951173	221.643740	180.000000	213.690619	134.975489	
86.225655	45.000000	224.947113	224.906159	135.047350	134.988554	45.093685	314.485812	315.731813	22.362957	44.975086	0.000000	60.701087	44.999997	223.658867	202.290622	134.999977	223.444184	225.012066	224.704973	134.999998	316.970324	74.142582	45.097293	223.034699	135.560833	135.726294	74.655518	45.390952	315.192371	315.181065	33.627756	22.254896	49.567822	45.000010	218.864771	135.097293	137.930395	134.951173	221.643740	180.000000	213.690619	134.975489	
86.238688	45.000000	224.947113	224.906159	135.047350	134.988554	45.093685	314.485812	315.731813	22.362957	44.975086	0.000000	60.701087	44.999997	223.658867	202.290622	134.999977	223.444184	225.012066	224.704973	134.999998	316.970324	74.142582	45.097293	223.034699	135.560833	135.726294	74.655518	45.390952	315.192371	315.181065	33.627756	22.254896	49.567822	45.000010	218.864771	135.097293	137.930395	134.951173	221.643740	180.000000	213.690619	134.975489	
86.274962	45.000000	224.947113	224.906159	135.047350	134.988554	45.093685	314.485812	315.731813	22.362957	44.975086	0.000000	60.701087	44.999997	223.658867	202.290622	134.999977	223.444184	225.012066	224.704973	134.999998	316.970324	74.142582	45.097293	223.034699	135.560833	135.726294	74.655518	45.390952	315.192371	315.181065	33.627756	22.254896	49.567822	45.000010	218.864771	135.097293	137.930395	134.951173	222.602783	180.000000	213.690619	134.975489	
86.333922	45.000000	224.947113	224.906159	135.047350	134.988554	45.093685	314.485812	315.731813	22.362957	44.975086	0.000000	60.701087	44.999997	223.658867	202.290622	134.999977	223.444184	225.012066	224.704973	134.999998	316.970324	74.142582	45.097293	223.034699	135.560833	135.726294	74.655518	45.390952	315.192371	315.181065	33.627756	22.254896	49.567822	45.000010	218.864771	135.097293	137.930395	134.951173	223.005426	180.000000	213.690619	134.975489	
93.247042	45.000000	224.947113	224.906159	135.047350	134.988554	45.093685	314.485812	315.731813	22.362957	44.975086	0.000000	60.701087	44.999997	223.658867	202.290622	134.999977	223.444184	225.012066	224.704973	134.999998	316.970324	74.142582	45.097293	223.034699	135.560833	135.726294	74.655518	45.390952	315.192371	315.181065	33.627756	22.254896	49.567822	45.000010	218.864771	135.097293	137.930395	134.951173	223.174500	180.000000	213.690619	134.975489	
89.430658	45.000000	224.947113	224.906159	135.047350	134.988554	45.093685	314.485812	315.731813	22.362957	44.975086	0.000000	60.701087	44.999997	223.658867	202.290622	134.999977	223.444184	225.012066	224.704973	134.999998	316.970324	74.142582	45.097293	223.034699	135.560833	135.726294	74.655518	45.390952	315.192371	315.181065	33.627756	22.254896	49.567822	45.000010	218.864771	135.097293	137.930395	134.951173	223.245508	180.000000	213.690619	134.975489	
87.768618	45.000000	224.947113	224.906159	135.047350	134.988554	45.093685	314.485812	315.731813	22.362957	44.975086	0.000000	60.701087	44.999997	223.658867	202.290622	134.999977	223.444184	225.012066	224.704973	134.999998	316.970324	74.142582	45.097293	223.034699	135.560833	135.726294	74.655518	45.390952	315.192371	315.181065	33.627756	22.254896	49.567822	45.000010	218.864771	135.097293	137.930395	134.951173	223.275335	180.000000	213.690619	134.975489	
93.727189	45.000000	224.947113	224.906159	135.047350	134.988554	45.093685	314.485812	315.731813	22.362957	44.975086	0.000000	60.701087	44.999997	223.658867	202.290622	134.999977	223.444184	225.012066	224.704973	134.999998	316.970324	74.142582	45.097293	223.034699	135.560833	135.726294	74.655518	45.390952	315.192371	315.181065	33.627756	22.254896	49.567822	45.000010	218.864771	135.097293	137.930395	134.951173	223.287866	180.000000	213.690619	134.975489	
89.719224	45.000000	224.947113	224.906159	135.047350	134.988554	45.093685	314.485812	315.731813	22.362957	44.975086	0.000000	60.701087	44.999997	223.658867	202.290622	134.999977	223.444184	225.012066	224.704973	134.999998	316.970324	74.142582	45.097293	223.034699	135.560833	135.726294	74.655518	45.390952	315.192371	315.181065	33.627756	22.254896	49.567822	45.000010	218.864771	135.097293	137.930395	134.951173	223.293131	180.000000	213.690619	134.975489	
94.488923	45.000000	224.947113	224.906159	135.047350	134.988554	45.093685	314.485812	315.731813	22.362957	44.975086	0.000000	60.701087	44.999997	223.658867	202.290622	134.999977	223.444184	225.012066	224.704973	134.999998	316.970324	74.142582	45.097293	223.034699	135.560833	135.726294	74.655518	45.390952	315.192371	315.181065	33.627756	22.254896	49.567822	45.000010	218.864771	135.097293	137.930395	134.951173	223.295344	180.000000	213.690619	134.975489	
90.109592	45.000000	224.947113	224.906159	135.047350	134.988554	45.093685	314.485812	315.731813	22.362957	44.975086	0.000000	60.701087	44.999997	223.658867	202.290622	134.999977	223.444184	225.012066	224.704973	134.999998	316.970324	74.142582	45.097293	223.034699	135.560833	135.726294	74.655518	45.390952	315.192371	315.181065	33.627756	22.254896	49.567822	45.000010	218.864771	135.097293	137.930395	134.951173	223.296274	180.000000	213.690619	134.975489	
94.568884	45.000000	224.947113	224.906159	135.047350	134.988554	45.093685	314.485812	315.731813	22.362957	44.975086	0.000000	60.701087	44.999997	223.658867	202.290622	134.999977	223.444184	225.012066	224.704973	134.999998	316.970324	74.142582	45.097293	223.034699	135.560833	135.726294	74.655518	45.390952	315.192371	315.181065	33.627756	22.254896	49.567822	45.000010	218.864771	135.097293	137.930395	134.951173	223.296665	180.000000	213.690619	134.975489	
96.500493	45.000000	224.947113	224.906159	135.047350	134.988554	45.093685	314.485812	315.731813	22.362957	44.975086	0.000000	60.701087	44.999997	223.658867	202.290622	134.999977	223.444184	225.012066	224.704973	134.999998	316.970324	74.142582	45.097293	223.034699	135.560833	135.726294	74.655518	45.390952	315.192371	315.181065	33.627756	22.254896	49.567822	45.000010	218.864771	135.097293	137.930395	134.951173	223.296829	180.000000	213.690619	134.975489	
91.088314	45.000000	224.947113	224.906159	135.047350	134.988554	45.093685	314.485812	315.731813	22.362957	44.975086	0.000000	60.701087	44.999997	223.658867	202.290622	134.999977	223.444184	225.012066	224.704973	134.999998	316.970324	74.142582	45.097293	223.034699	135.560833	135.726294	74.655518	45.390952	315.192371	315.181065	33.627756	22.254896	49.567822	45.000010	218.864771	135.097293	137.930395	134.951173	223.296898	180.000000	213.690619	134.975489	
94.853420	45.000000	224.947113	224.906159	135.047350	134.988554	45.093685	314.485812	315.731813	22.362957	44.975086	0.000000	60.701087	44.999997	223.658867	202.290622	134.999977	223.444184	225.012066	224.704973	134.999998	316.970324	74.142582	45.097293	223.034699	135.560833	135.726294	74.655518	45.390952	315.192371	315.181065	33.627756	22.254896	49.567822	45.000010	218.864771	135.097293	137.930395	134.951173	223.296927	180.000000	213.690619	134.975489	
96.494565	45.000000	224.947113	224.906159	135.047350	134.988554	45.093685	314.485812	315.731813	22.362957	44.975086	0.000000	60.701087	44.999997	223.658867	202.290622	134.999977	223.444184	225.012066	224.704973	134.999998	316.970324	74.142582	45.097293	223.034699	135.560833	135.726294	74.655518	45.390952	315.192371	315.181065	33.627756	22.254896	49.567822	45.000010	218.864771	135.097293	137.930395	134.951173	223.296940	180.000000	213.690619	134.975489	
97.170120	45.000000	224.947113	224.906159	135.047350	134.988554	45.093685	314.485812	315.731813	22.362957	44.975086	0.000000	60.701087	44.999997	223.658867	202.290622	134.999977	223.444184	225.012066	224.704973	134.999998	316.970324	74.142582	45.097293	223.034699	135.560833	135.726294	74.655518	45.390952	315.192371	315.181065	33.627756	22.254896	49.567822	45.000010	218.864771	135.097293	137.930395	134.951173	223.296945	180.000000	213.690619	134.975489	
97.411276	45.000000	224.947113	224.906159	135.047350	134.988554	45.093685	314.485812	315.731813	22.362957	44.975086	0.000000	60.701087	44.999997	223.658867	202.290622	134.999977	223.444184	225.012066	224.704973	134.999998	316.970324	74.142582	45.097293	223.034699	135.560833	135.726294	74.655518	45.390952	315.192371	315.181065	33.627756	22.254896	49.567822	45.000010	218.864771	135.097293	137.930395	134.951173	223.296947	180.000000	213.690619	134.975489	
97.461828	45.000000	224.947113	224.906159	135.047350	134.988554	45.093685	314.485812	315.731813	22.362957	44.975086	0.000000	60.701087	44.999997	223.658867	202.290622	134.999977	223.444184	225.012066	224.704973	134.999998	316.970324	74.142582	45.097293	223.034699	135.560833	135.726294	74.655518	45.390952	315.192371	315.181065	33.627756	22.254896	49.567822	45.000010	218.864771	135.097293	137.930395	134.951173	223.296948	180.000000	213.690619	134.975489	
93.143729	45.000000	224.947113	224.906159	135.047350	134.988554	45.093685	314.485812	315.731813	22.362957	44.975086	0.000000	60.701087	44.999997	223.658867	202.290622	134.999977	223.444184	225.012066	224.704973	134.999998	316.970324	74.142582	45.097293	223.034699	135.560833	135.726294	74.655518	45.390952	315.192371	315.181065	33.627756	22.254896	49.567822	45.000010	218.864771	135.097293	137.930395	134.951173	223.296948	180.000000	213.690619	134.975489	
91.176471	45.000000	224.947113	224.906159	135.047350	134.988554	45.093685	314.485812	315.731813	22.362957	44.975086	0.000000	60.701087	44.999997	223.658867	202.290622	134.999977	223.444184	225.012066	224.704973	134.999998	316.970324	74.142582	45.097293	223.034699	135.560833	135.726294	74.655518	45.390952	315.192371	315.181065	33.627756	22.254896	49.567822	45.000010	218.864771	135.097293	137.930395	134.951173	223.296948	180.000000	213.690619	134.975489	
90.268322	45.000000	224.947113	224.906159	135.047350	134.988554	45.093685	314.485812	315.731813	22.362957	44.975086	0.000000	60.701087	44.999997	223.658867	202.290622	134.999977	223.444184	225.012066	224.704973	134.999998	316.970324	74.142582	45.097293	223.034699	135.560833	135.726294	74.655518	45.390952	315.192371	315.181065	33.627756	22.254896	49.567822	45.000010	218.864771	135.097293	137.930395	134.951173	223.296948	180.000000	213.690619	134.975489	
89.841384	45.000000	224.947113	224.906159	135.047350	134.988554	45.093685	314.485812	315.731813	22.362957	44.975086	0.000000	60.701087	44.999997	223.658867	202.290622	134.999977	223.444184	225.012066	224.704973	134.999998	316.970324	74.142582	45.097293	223.034699	135.560833	135.726294	74.655518	45.390952	315.192371	315.181065	33.627756	22.254896	49.567822	45.000010	218.864771	135.097293	137.930395	134.951173	223.296949	180.000000	213.690619	134.975489	
89.636869	45.000000	224.947113	224.906159	135.047350	134.988554	45.093685	314.485812	315.731813	22.362957	44.975086	0.000000	60.701087	44.999997	223.658867	202.290622	134.999977	223.444184	225.012066	224.704973	134.999998	316.970324	74.142582	45.097293	223.034699	135.560833	135.726294	74.655518	45.390952	315.192371	315.181065	33.627756	22.254896	49.567822	45.000010	218.864771	135.097293	137.930395	134.951173	223.296949	180.000000	213.690619	134.975489	
89.538899	45.000000	224.947113	224.906159	135.047350	134.988554	45.093685	314.485812	315.731813	22.362957	44.975086	0.000000	60.701087	44.999997	223.658867	202.290622	134.999977	223.444184	225.012066	224.704973	134.999998	316.970324	74.142582	45.097293	223.034699	135.560833	135.726294	74.655518	45.390952	315.192371	315.181065	33.627756	22.254896	49.567822	45.000010	218.864771	135.097293	137.930395	134.951173	223.296949	180.000000	213.690619	134.975489	
89.495579	45.000000	224.947113	224.906159	135.047350	134.988554	45.093685	314.485812	315.731813	22.362957	44.975086	0.000000	60.701087	44.999997	223.658867	202.290622	134.999977	223.444184	225.012066	224.704973	134.999998	316.970324	74.142582	45.097293	223.034699	135.560833	135.726294	74.655518	45.390952	315.192371	315.181065	33.627756	22.254896	49.567822	45.000010	218.864771	135.097293	137.930395	134.951173	223.296949	180.000000	213.690619	134.975489	
89.483638	45.000000	224.947113	224.906159	135.047350	134.988554	45.093685	314.485812	315.731813	22.362957	44.975086	0.000000	60.701087	44.999997	223.658867	202.290622	134.999977	223.444184	225.012066	224.704973	134.999998	316.970324	74.142582	45.097293	223.034699	135.560833	135.726294	74.655518	45.390952	315.192371	315.181065	33.627756	22.254896	49.567822	45.000010	218.864771	135.097293	137.930395	134.951173	223.296949	180.000000	213.690619	134.975489	
89.302330	45.000000	224.947113	224.906159	135.047350	134.988554	45.093685	314.485812	315.731813	22.362957	44.975086	0.000000	60.701087	44.999997	223.658867	202.290622	134.999977	223.444184	225.012066	224.704973	134.999998	316.970324	74.142582	45.097293	223.034699	135.560833	135.726294	74.655518	45.390952	315.192371	315.181065	33.627756	22.254896	49.567822	45.000010	218.864771	135.097293	137.930395	134.951173	223.296949	180.000000	213.690619	134.975489	
89.008804	45.000000	224.947113	224.906159	135.047350	134.988554	45.093685	314.485812	315.731813	22.362957	44.975086	0.000000	60.701087	44.999997	223.658867	202.290622	134.999977	223.444184	225.012066	224.704973	134.999998	316.970324	74.142582	45.097293	223.034699	135.560833	135.726294	74.655518	45.390952	315.192371	315.181065	33.627756	22.254896	49.567822	45.000010	218.864771	135.097293	137.930395	134.951173	223.296949	180.000000	213.690619	134.975489	
88.679449	45.000000	224.947113	224.906159	135.047350	134.988554	45.093685	314.485812	315.731813	22.362957	44.975086	0.000000	60.701087	44.999997	223.658867	202.290622	134.999977	223.444184	225.012066	224.704973	134.999998	316.970324	74.142582	45.097293	223.034699	135.560833	135.726294	74.655518	45.390952	315.192371	315.181065	33.627756	22.254896	49.567822	45.000010	218.864771	135.097293	137.930395	134.951173	223.296949	180.000000	213.690619	134.975489	
88.348877	45.000000	224.947113	224.906159	135.047350	134.988554	45.093685	314.485812	315.731813	22.362957	44.975086	0.000000	60.701087	44.999997	223.658867	202.290622	134.999977	223.444184	225.012066	224.704973	134.999998	316.970324	74.142582	45.097293	223.034699	135.560833	135.726294	74.655518	45.390952	315.192371	315.181065	33.627756	22.254896	49.567822	45.000010	218.864771	135.097293	137.930395	134.951173	223.296949	180.000000	213.690619	134.975489	
88.032838	45.000000	224.947113	224.906159	135.047350	134.988554	45.093685	314.485812	315.731813	22.362957	44.975086	0.000000	60.701087	44.999997	223.658867	202.290622	134.999977	223.444184	225.012066	224.704973	134.999998	316.970324	74.142582	45.097293	223.034699	135.560833	135.726294	74.655518	45.390952	315.192371	315.181065	33.627756	22.254896	49.567822	45.000010	218.864771	135.097293	137.930395	134.951173	223.296949	180.000000	213.690619	134.975489	
87.738509	45.000000	224.947113	224.906159	135.047350	134.988554	45.093685	314.485812	315.731813	22.362957	44.975086	0.000000	60.701087	44.999997	223.658867	202.290622	134.999977	223.444184	225.012066	224.704973	134.999998	316.970324	74.142582	45.097293	223.034699	135.560833	135.726294	74.655518	45.390952	315.192371	315.181065	33.627756	22.254896	49.567822	45.000010	218.864771	135.097293	137.930395	134.951173	223.296949	180.000000	213.690619	134.975489	
87.469133	45.000000	224.947113	224.906159	135.047350	134.988554	45.093685	314.485812	315.731813	22.362957	44.975086	0.000000	60.701087	44.999997	223.658867	202.290622	134.999977	223.444184	225.012066	224.704973	134.999998	316.970324	74.142582	45.097293	223.034699	135.560833	135.726294	74.655518	45.390952	315.192371	315.181065	33.627756	22.254896	49.567822	45.000010	218.864771	135.097293	137.930395	134.951173	223.296949	180.000000	213.690619	134.975489	
87.226119	45.000000	224.947113	224.906159	135.047350	134.988554	45.093685	314.485812	315.731813	22.362957	44.975086	0.000000	60.701087	44.999997	223.658867	202.290622	134.999977	223.444184	225.012066	224.704973	134.999998	316.970324	74.142582	45.097293	223.034699	135.560833	135.726294	74.655518	45.390952	315.192371	315.181065	33.627756	22.254896	49.567822	45.000010	218.864771	135.097293	137.930395	134.951173	223.296949	180.000000	213.690619	134.975489	
87.009996	45.000000	224.947113	224.906159	135.047350	134.988554	45.093685	314.485812	315.731813	22.362957	44.975086	0.000000	60.701087	44.999997	223.658867	202.290622	134.999977	223.444184	225.012066	224.704973	134.999998	316.970324	74.142582	45.097293	223.034699	135.560833	135.726294	74.655518	45.390952	315.192371	315.181065	33.627756	22.254896	49.567822	45.000010	218.864771	135.097293	137.930395	134.951173	223.296949	180.000000	213.690619	134.975489	
86.820858	45.000000	224.947113	224.906159	135.047350	134.988554	45.093685	314.485812	315.731813	22.362957	44.975086	0.000000	60.701087	44.999997	223.658867	202.290622	134.999977	223.444184	225.012066	224.704973	134.999998	316.970324	74.142582	45.097293	223.034699	135.560833	135.726294	74.655518	45.390952	315.192371	315.181065	33.627756	22.254896	49.567822	45.000010	218.864771	135.097293	137.930395	134.951173	223.296949	180.000000	213.690619	134.975489	
86.658562	45.000000	224.947113	224.906159	135.047350	134.988554	45.093685	314.485812	315.731813	22.362957	44.975086	0.000000	60.701087	44.999997	223.658867	202.290622	134.999977	223.444184	225.012066	224.704973	134.999998	316.970324	74.142582	45.097293	223.034699	135.560833	135.726294	74.655518	45.390952	315.192371	315.181065	33.627756	22.254896	49.567822	45.000010	218.864771	135.097293	137.930395	134.951173	223.296949	180.000000	213.690619	134.975489	
86.522829	45.000000	224.947113	224.906159	135.047350	134.988554	45.093685	314.485812	315.731813	22.362957	44.975086	0.000000	60.701087	44.999997	223.658867	202.290622	134.999977	223.444184	225.012066	224.704973	134.999998	316.970324	74.142582	45.097293	223.034699	135.399639	135.726294	74.655518	45.390952	315.192371	315.181065	33.627756	22.254896	49.567822	45.000010	218.864771	135.097293	137.930395	134.951173	223.296949	180.000000	213.690619	134.975489	
86.413297	45.000000	224.947113	224.906159	135.047350	134.988554	45.093685	314.485812	315.731813	22.362957	44.975086	0.000000	60.701087	44.999997	223.658867	202.290622	134.999977	223.444184	225.012066	224.704973	134.999998	316.970324	74.142582	45.097293	223.034699	135.331954	135.726294	74.655518	45.390952	315.192371	315.181065	33.627756	22.254896	49.567822	45.000010	218.864771	135.097293	137.930395	134.951173	223.296949	180.000000	213.690619	134.975489	
86.329541	45.000000	224.947113	224.906159	135.047350	134.988554	45.093685	314.485812	315.731813	22.362957	44.975086	0.000000	60.701087	44.999997	223.658867	202.290622	134.999977	223.444184	225.012066	224.704973	134.999998	316.970324	74.142582	45.097293	223.034699	135.303530	135.726294	74.655518	45.390952	315.192371	315.181065	33.627756	22.254896	49.567822	45.000010	218.864771	135.097293	137.930395	134.951173	223.296949	180.000000	213.690619	134.975489	
86.271095	45.000000	224.947113	224.906159	135.047350	134.988554	45.093685	314.485812	315.731813	22.362957	44.975086	0.000000	60.701087	44.999997	223.658867	202.290622	134.999977	223.444184	225.012066	224.704973	134.999998	316.970324	74.142582	45.097293	223.034699	135.291591	135.726294	74.655518	45.390952	315.192371	315.181065	33.627756	22.254896	49.567822	45.000010	218.864771	135.097293	137.930395	134.951173	223.296949	180.000000	213.690619	134.975489	
86.237463	45.000000	224.947113	224.906159	135.047350	134.988554	45.093685	314.485812	315.731813	22.362957	44.975086	0.000000	60.701087	44.999997	223.658867	202.290622	134.999977	223.444184	225.012066	224.704973	134.999998	316.970324	74.142582	45.097293	223.034699	135.286575	135.726294	74.655518	45.390952	315.192371	315.181065	33.627756	22.254896	49.567822	45.000010	218.864771	135.097293	137.930395	134.951173	223.296949	180.000000	213.690619	134.975489	
86.228123	45.000000	224.947113	224.906159	135.047350	134.988554	45.093685	314.485812	315.731813	22.362957	44.975086	0.000000	60.701087	44.999997	223.658867	202.290622	134.999977	223.444184	225.012066	224.704973	134.999998	316.970324	74.142582	45.097293	223.034699	135.284468	135.726294	74.655518	45.390952	315.192371	315.181065	33.627756	22.254896	49.567822	45.000010	218.864771	135.097293	137.930395	134.951173	223.296949	180.000000	213.690619	134.975489	
86.242538	45.000000	224.947113	224.906159	135.047350	134.988554	45.093685	314.485812	315.731813	22.362957	44.975086	0.000000	60.701087	44.999997	223.658867	202.290622	134.999977	223.444184	225.012066	224.704973	134.999998	316.970324	74.142582	45.097293	223.034699	135.283582	135.726294	74.655518	45.390952	315.192371	315.181065	33.627756	22.254896	49.567822	45.000010	218.864771	135.097293	137.930395	134.951173	223.296949	180.000000	213.690619	134.975489	
86.280160	45.000000	224.947113	224.906159	135.047350	134.988554	45.093685	314.485812	315.731813	22.362957	44.975086	0.000000	60.701087	44.999997	223.658867	202.290622	134.999977	223.444184	225.012066	224.704973	134.999998	316.970324	74.142582	45.097293	223.034699	135.283210	135.726294	74.655518	45.390952	315.192371	315.181065	33.627756	22.254896	49.567822	45.000010	218.864771	135.097293	137.930395	134.951173	223.296949	180.000000	213.690619	134.975489	
86.340437	45.000000	224.947113	224.906159	135.047350	134.988554	45.093685	314.485812	315.731813	22.362957	44.975086	0.000000	60.701087	44.999997	223.658867	202.290622	134.999977	223.444184	225.012066	224.704973	134.999998	316.970324	74.142582	45.097293	223.034699	135.283054	135.726294	74.655518	45.390952	315.192371	315.181065	33.627756	22.254896	49.567822	45.000010	218.864771	135.097293	137.930395	134.951173	223.296949	180.000000	213.690619	134.975489	
93.249733	45.000000	224.947113	224.906159	135.047350	134.988554	45.093685	314.485812	315.731813	22.362957	44.975086	0.000000	60.701087	44.999997	223.658867	202.290622	134.999977	223.444184	225.012066	224.704973	134.999998	316.970324	74.142582	45.097293	223.034699	135.282988	135.726294	74.655518	45.390952	315.192371	315.181065	33.627756	22.254896	49.567822	45.000010	218.864771	135.097293	137.930395	134.951173	223.296949	180.000000	213.690619	134.975489	
89.437404	45.000000	224.947113	224.906159	135.047350	134.988554	45.093685	314.485812	315.731813	22.362957	44.975086	0.000000	60.701087	44.999997	223.658867	202.290622	134.999977	223.444184	225.012066	224.704973	134.999998	316.970324	74.142582	45.097293	223.034699	135.282960	135.726294	74.655518	45.390952	315.192371	315.181065	33.627756	22.254896	49.567822	45.000010	218.864771	135.097293	137.930395	134.951173	223.296949	180.000000	213.690619	134.975489	
87.777903	45.000000	224.947113	224.906159	135.047350	134.988554	45.093685	314.485812	315.731813	22.362957	44.975086	0.000000	60.701087	44.999997	223.658867	202.290622	134.999977	223.444184	225.012066	224.704973	134.999998	316.970324	74.142582	45.097293	223.034699	135.282949	135.726294	74.655518	45.390952	315.192371	315.181065	33.627756	22.254896	49.567822	45.000010	218.864771	135.097293	137.930395	134.951173	223.296949	180.000000	213.690619	134.975489	
93.732250	45.000000	224.947113	224.906159	135.047350	134.988554	45.093685	314.485812	315.731813	22.362957	44.975086	0.000000	60.701087	44.999997	223.658867	202.290622	134.999977	223.444184	225.012066	224.704973	134.999998	316.970324	74.142582	45.097293	223.034699	135.282944	135.726294	74.655518	45.390952	315.192371	315.181065	33.627756	22.254896	49.567822	45.000010	218.864771	135.097293	137.930395	134.951173	223.296949	180.000000	213.690619	134.975489	
89.729070	45.000000	224.947113	224.906159	135.047350	134.988554	45.093685	314.485812	315.731813	22.362957	44.975086	0.000000	60.701087	44.999997	223.658867	202.290622	134.999977	223.444184	225.012066	224.704973	134.999998	316.970324	74.142582	45.097293	223.034699	135.282942	135.726294	74.655518	45.390952	315.192371	315.181065	33.627756	22.254896	49.567822	45.000010	218.864771	135.097293	137.930395	134.951173	223.296949	180.000000	213.690619	134.975489	
94.495008	45.000000	224.947113	224.906159	135.047350	134.988554	45.093685	314.485812	315.731813	22.362957	44.975086	0.000000	60.701087	44.999997	223.658867	202.290622	134.999977	223.444184	225.012066	224.704973	134.999998	316.970324	74.142582	45.097293	223.034699	135.282941	135.726294	74.655518	45.390952	315.192371	315.181065	33.627756	22.254896	49.567822	45.000010	218.864771	135.097293	137.930395	134.951173	223.296949	180.000000	213.690619	134.975489	
90.121223	45.000000	224.947113	224.906159	135.047350	134.988554	45.093685	314.485812	315.731813	22.362957	44.975086	0.000000	60.701087	44.999997	223.658867	202.290622	134.999977	223.444184	225.012066	224.704973	134.999998	316.970324	74.142582	45.097293	223.034699	135.282940	135.726294	74.655518	45.390952	315.192371	315.181065	33.627756	22.254896	49.567822	45.000010	218.864771	135.097293	137.930395	134.951173	223.296949	180.000000	213.690619	134.975489	
94.576512	45.000000	224.947113	224.906159	135.047350	134.988554	45.093685	314.485812	315.731813	22.362957	44.975086	0.000000	60.701087	44.999997	223.658867	202.290622	134.999977	223.444184	225.012066	224.704973	134.999998	316.970324	74.142582	45.097293	223.034699	135.282940	135.726294	74.655518	45.390952	315.192371	315.181065	33.627756	22.254896	49.567822	45.000010	218.864771	135.097293	137.930395	134.951173	223.296949	180.000000	213.690619	134.975489	
96.506749	45.000000	224.947113	224.906159	135.047350	134.988554	45.093685	314.485812	315.731813	22.362957	44.975086	0.000000	60.701087	44.999997	223.658867	202.290622	134.999977	223.444184	225.012066	224.704973	134.999998	316.970324	74.142582	45.097293	223.034699	135.282940	135.726294	74.655518	45.390952	315.192371	315.181065	33.627756	22.254896	49.567822	45.000010	218.864771	135.097293	137.930395	134.951173	223.296949	180.000000	213.690619	134.975489	
91.101983	45.000000	224.947113	224.906159	135.047350	134.988554	45.093685	314.485812	315.731813	22.362957	44.975086	0.000000	60.701087	44.999997	223.658867	202.290622	134.999977	223.444184	225.012066	224.704973	134.999998	316.970324	74.142582	45.097293	223.034699	135.282940	135.726294	74.655518	45.390952	315.192371	315.181065	33.627756	22.254896	49.567822	45.000010	218.864771	135.097293	137.930395	134.951173	223.296949	180.000000	213.690619	134.975489	
94.863117	45.000000	224.947113	224.906159	135.047350	134.988554	45.093685	314.485812	315.731813	22.362957	44.975086	0.000000	60.701087	44.999997	223.658867	202.290622	134.999977	223.444184	225.012066	224.704973	134.999998	316.970324	74.142582	45.097293	223.034699	135.282940	135.726294	74.655518	45.390952	315.192371	315.181065	33.627756	22.254896	49.567822	45.000010	218.864771	135.097293	137.930395	134.951173	223.296949	180.000000	213.690619	134.975489	
96.502875	45.000000	224.947113	224.906159	135.047350	134.988554	45.093685	314.485812	315.731813	22.362957	44.975086	0.000000	60.701087	44.999997	223.658867	202.290622	134.999977	223.444184	225.012066	224.704973	134.999998	316.970324	74.142582	45.097293	223.034699	135.282940	135.726294	74.655518	45.390952	315.192371	315.181065	33.627756	22.254896	49.567822	45.000010	218.864771	135.097293	137.930395	134.951173	223.296949	180.000000	213.690619	134.975489	
97.178208	45.000000	224.947113	224.906159	135.047350	134.988554	45.093685	314.485812	315.731813	22.362957	44.975086	0.000000	60.701087	44.999997	223.658867	202.290622	134.999977	223.444184	225.012066	224.704973	134.999998	316.970324	74.142582	45.097293	223.034699	135.282940	135.726294	74.655518	45.390952	315.192371	315.181065	33.627756	22.254896	49.567822	45.000010	218.864771	135.097293	137.930395	134.951173	223.296949	180.000000	213.690619	134.975489	
97.419672	45.000000	224.947113	224.906159	135.047350	134.988554	45.093685	314.485812	315.731813	22.362957	44.975086	0.000000	60.701087	44.999997	223.658867	202.290622	134.999977	223.444184	225.012066	224.704973	134.999998	316.970324	74.142582	45.097293	223.034699	135.282940	135.726294	74.655518	45.390952	315.192371	315.181065	33.627756	22.254896	49.567822	45.000010	218.864771	135.097293	137.930395	134.951173	223.296949	180.000000	213.690619	134.975489	
93.247213	45.000000	224.947113	224.906159	135.047350	134.988554	45.093685	314.485812	315.731813	22.362957	44.975086	0.000000	60.701087	44.999997	223.658867	202.290622	134.999977	223.444184	225.012066	224.704973	134.999998	316.970324	74.142582	45.097293	223.034699	135.282940	135.726294	74.655518	45.390952	315.192371	315.181065	33.627756	22.254896	49.567822	45.000010	218.864771	135.097293	137.930395	134.951173	223.296949	180.000000	213.690619	134.975489	
91.335586	45.000000	224.947113	224.906159	135.047350	134.988554	45.093685	314.485812	315.731813	22.362957	44.975086	0.000000	60.701087	44.999997	223.658867	202.290622	134.999977	223.444184	225.012066	224.704973	134.999998	316.970324	74.142582	45.097293	223.034699	135.282940	135.726294	74.655518	45.390952	315.192371	315.181065	33.627756	22.254896	49.567822	45.000010	218.864771	135.097293	137.930395	134.951173	223.296949	180.000000	213.690619	134.975489	
90.443512	45.000000	224.947113	224.906159	135.047350	134.988554	45.093685	314.485812	315.731813	22.362957	44.975086	0.000000	60.701087	44.999997	223.658867	202.290622	134.999977	223.444184	225.012066	224.704973	134.999998	316.970324	74.142582	45.097293	223.034699	135.282940	135.726294	74.655518	45.390952	315.192371	315.181065	33.627756	22.254896	49.567822	45.000010	218.864771	135.097293	137.930395	134.951173	223.296949	180.000000	213.690619	134.975489	
90.015366	45.000000	224.947113	224.906159	135.047350	134.988554	45.093685	314.485812	315.731813	22.362957	44.975086	0.000000	60.701087	44.999997	223.658867	202.290622	134.999977	223.444184	225.012066	224.704973	134.999998	316.970324	74.142582	45.097293	223.034699	135.282940	135.726294	74.655518	45.390952	315.192371	315.181065	33.627756	22.254896	49.567822	45.000010	218.864771	135.097293	137.930395	134.951173	223.296949	180.000000	213.690619	134.975489	
89.802174	45.000000	224.947113	224.906159	135.047350	134.988554	45.093685	314.485812	315.731813	22.362957	44.975086	0.000000	60.701087	44.999997	223.658867	202.290622	134.999977	223.444184	225.012066	224.704973	134.999998	316.970324	74.142582	45.097293	223.034699	135.282940	135.726294	74.655518	45.390952	315.192371	315.181065	33.627756	22.254896	49.567822	45.000010	218.864771	135.097293	137.930395	134.951173	223.296949	180.000000	213.690619	134.975489	
89.692368	45.000000	224.947113	224.906159	135.047350	134.988554	45.093685	314.485812	315.731813	22.362957	44.975086	0.000000	60.701087	44.999997	223.658867	202.290622	134.999977	223.444184	225.012066	224.704973	134.999998	316.970324	74.142582	45.097293	223.034699	135.282940	135.726294	74.655518	45.390952	315.192371	315.181065	33.627756	22.254896	49.567822	45.000010	218.864771	135.097293	137.930395	134.951173	223.296949	180.000000	213.690619	134.975489	
89.635945	45.000000	224.947113	224.906159	135.047350	134.988554	45.093685	314.485812	315.731813	22.362957	44.975086	0.000000	60.701087	44.999997	223.658867	202.290622	134.999977	223.444184	225.012066	224.704973	134.999998	316.970324	74.142582	45.097293	223.034699	135.282940	135.726294	74.655518	45.390952	315.192371	315.181065	33.627756	22.254896	49.567822	45.000010	218.864771	135.097293	137.930395	134.951173	223.296949	180.000000	213.690619	134.975489	
89.610462	45.000000	224.947113	224.906159	135.047350	134.988554	45.093685	314.485812	315.731813	22.362957	44.975086	0.000000	60.701087	44.999997	223.658867	202.290622	134.999977	223.444184	225.012066	224.704973	134.999998	316.970324	74.142582	45.097293	223.034699	135.282940	135.726294	74.655518	45.390952	315.192371	315.181065	33.627756	22.254896	49.567822	45.000010	218.864771	135.097293	137.930395	134.951173	223.296949	180.000000	213.690619	134.975489	
89.605801	45.000000	224.947113	224.906159	135.047350	134.988554	45.093685	314.485812	315.731813	22.362957	44.975086	0.000000	60.701087	44.999997	223.658867	202.290622	134.999977	223.444184	225.012066	224.704973	134.999998	316.970324	74.142582	45.097293	223.034699	135.282940	135.726294	74.655518	45.390952	315.192371	315.181065	33.627756	22.254896	49.567822	45.000010	218.864771	135.097293	137.930395	134.951173	223.296949	180.000000	213.690619	134.975489	
89.444714	45.000000	224.947113	224.906159	135.047350	134.988554	45.093685	314.485812	315.731813	22.362957	44.975086	0.000000	60.701087	44.999997	223.658867	202.290622	134.999977	223.444184	225.012066	224.704973	134.999998	316.970324	74.142582	45.097293	223.034699	135.282940	135.726294	74.655518	45.390952	315.192371	315.181065	33.627756	22.254896	49.567822	45.000010	218.864771	135.097293	137.930395	134.951173	223.296949	180.000000	213.690619	134.975489	
89.159157	45.000000	224.947113	224.906159	135.047350	134.988554	45.093685	314.485812	315.731813	22.362957	44.975086	0.000000	60.701087	44.999997	223.658867	202.290622	134.999977	223.444184	225.012066	224.704973	134.999998	316.970324	74.142582	45.097293	223.034699	135.282940	135.726294	74.655518	45.390952	315.192371	315.181065	33.627756	22.254896	49.567822	45.000010	218.864771	135.097293	137.930395	134.951173	223.296949	180.000000	213.690619	134.975489	
88.832241	45.000000	224.947113	224.906159	135.047350	134.988554	45.093685	314.485812	315.731813	22.362957	44.975086	0.000000	60.701087	44.999997	223.658867	202.290622	134.999977	223.444184	225.012066	224.704973	134.999998	316.970324	74.142582	45.097293	223.034699	135.282940	135.726294	74.655518	45.390952	315.192371	315.181065	33.627756	22.254896	49.567822	45.000010	218.864771	135.097293	137.930395	134.951173	223.296949	180.000000	213.690619	134.975489	
88.501606	45.000000	224.947113	224.906159	135.047350	134.988554	45.093685	314.485812	315.731813	22.362957	44.975086	0.000000	60.701087	44.999997	223.658867	202.290622	134.999977	223.444184	225.012066	224.704973	134.999998	316.970324	74.142582	45.097293	223.034699	135.282940	135.726294	74.655518	45.390952	315.192371	315.181065	33.627756	22.254896	49.567822	45.000010	218.864771	135.097293	137.930395	134.951173	223.296949	180.000000	213.690619	134.975489	
88.184369	45.000000	224.947113	224.906159	135.047350	134.988554	45.093685	314.485812	315.731813	22.362957	44.975086	0.000000	60.701087	44.999997	223.658867	202.290622	134.999977	223.444184	225.012066	224.704973	134.999998	316.970324	74.142582	45.097293	223.034699	135.282940	135.726294	74.655518	45.390952	315.192371	315.181065	33.627756	22.254896	49.567822	45.000010	218.864771	135.097293	137.930395	134.951173	223.296949	180.000000	213.690619	134.975489	
87.888330	45.000000	224.947113	224.906159	135.047350	134.988554	45.093685	314.485812	315.731813	22.362957	44.975086	0.000000	60.701087	44.999997	223.658867	202.290622	134.999977	223.444184	225.012066	224.704973	134.999998	316.970324	74.142582	45.097293	223.034699	135.282940	135.726294	74.655518	45.390952	315.192371	315.181065	33.627756	22.254896	49.567822	45.000010	218.864771	135.097293	137.930395	134.951173	223.296949	180.000000	213.690619	134.975489	
87.617017	45.000000	224.947113	224.906159	135.047350	134.988554	45.093685	314.485812	315.731813	22.362957	44.975086	0.000000	60.701087	44.999997	223.658867	202.290622	134.999977	223.444184	225.012066	224.704973	134.999998	316.970324	74.142582	45.097293	223.034699	135.282940	135.726294	74.655518	45.390952	315.192371	315.181065	33.627756	22.254896	49.567822	45.000010	218.864771	135.097293	137.930395	134.951173	223.296949	180.000000	213.690619	134.975489	
87.371973	45.000000	224.947113	224.906159	135.047350	134.988554	45.093685	314.485812	315.731813	22.362957	44.975086	0.000000	60.701087	44.999997	223.658867	202.290622	134.999977	223.444184	225.012066	224.704973	134.999998	316.970324	74.142582	45.097293	223.034699	135.282940	135.726294	74.655518	45.390952	315.192371	315.181065	33.627756	22.254896	49.567822	45.000010	218.864771	135.097293	137.930395	134.951173	223.296949	180.000000	213.690619	134.975489	
87.153792	45.000000	224.947113	224.906159	135.047350	134.988554	45.093685	314.485812	315.731813	22.362957	44.975086	0.000000	60.701087	44.999997	223.658867	202.290622	134.999977	223.444184	225.012066	224.704973	134.999998	316.970324	74.142582	45.097293	223.034699	135.282940	135.726294	74.655518	45.390952	315.192371	315.181065	33.627756	22.254896	49.567822	45.000010	218.864771	135.097293	137.930395	134.951173	223.296949	180.000000	213.690619	134.975489	
86.962598	45.000000	224.947113	224.906159	135.047350	134.988554	45.093685	314.485812	315.731813	22.362957	44.975086	0.000000	60.701087	44.999997	223.658867	202.290622	134.999977	223.444184	225.012066	224.704973	134.999998	316.970324	74.142582	45.097293	223.034699	135.282940	135.726294	74.655518	45.390952	315.192371	315.181065	33.627756	22.254896	49.567822	45.000010	218.864771	135.097293	137.930395	134.951173	223.296949	180.000000	213.690619	134.975489	
86.798265	45.000000	224.947113	224.906159	135.047350	134.988554	45.093685	314.485812	315.731813	22.362957	44.975086	0.000000	60.701087	44.999997	223.658867	202.290622	134.999977	223.444184	225.012066	224.704973	134.999998	316.970324	74.142582	45.097293	223.034699	135.282940	135.726294	74.655518	45.390952	315.192371	315.181065	33.627756	22.254896	49.567822	45.000010	218.864771	135.097293	137.930395	134.951173	223.296949	180.000000	213.690619	134.975489	
86.660525	45.000000	224.947113	224.906159	135.047350	134.988554	45.093685	314.485812	315.731813	22.362957	44.975086	0.000000	60.701087	44.999997	223.658867	202.290622	134.999977	223.444184	225.012066	224.704973	134.999998	316.970324	74.142582	45.097293	223.034699	135.282940	135.726294	74.655518	45.390952	315.192371	315.181065	33.627756	22.254896	49.567822	45.000010	218.864771	135.097293	137.930395	134.951173	223.296949	180.000000	213.690619	134.975489	
86.549020	45.000000	224.947113	224.906159	135.047350	134.988554	45.093685	314.485812	315.731813	22.362957	44.975086	0.000000	60.701087	44.999997	223.658867	202.290622	134.999977	223.444184	225.012066	224.704973	134.999998	316.970324	74.142582	45.097293	223.034699	135.282940	135.726294	74.655518	45.390952	315.192371	315.181065	33.627756	22.254896	49.567822	45.000010	218.864771	135.097293	137.930395	134.951173	223.296949	180.000000	213.690619	134.975489	
86.463332	45.000000	224.947113	224.906159	135.047350	134.988554	45.093685	314.485812	315.731813	22.362957	44.975086	0.000000	60.701087	44.999997	223.658867	202.290622	134.999977	223.444184	225.012066	224.704973	134.999998	316.970324	74.142582	45.097293	223.034699	135.282940	135.726294	74.655518	45.390952	315.192371	315.181065	33.627756	22.254896	49.567822	45.000010	218.864771	135.097293	137.930395	134.951173	223.296949	180.000000	213.690619	134.975489	
86.402997	45.000000	224.947113	224.906159	135.047350	134.988554	45.093685	314.485812	315.731813	22.362957	44.975086	0.000000	60.701087	44.999997	223.658867	202.290622	134.999977	223.444184	225.012066	224.704973	134.999998	316.970324	74.142582	45.097293	223.034699	135.282940	135.726294	74.655518	45.390952	315.192371	315.181065	33.627756	22.254896	49.567822	45.000010	218.864771	135.097293	137.930395	134.951173	223.296949	180.000000	213.690619	134.975489	
86.367520	45.000000	224.947113	224.906159	135.047350	134.988554	45.093685	314.485812	315.731813	22.362957	44.975086	0.000000	60.701087	44.999997	223.658867	202.290622	134.999977	223.444184	225.012066	224.704973	134.999998	316.970324	74.142582	45.097293	223.034699	135.282940	135.726294	74.655518	45.390952	315.192371	315.181065	33.627756	22.254896	49.567822	45.000010	218.864771	135.097293	137.930395	134.951173	223.296949	180.000000	213.690619	134.975489	
86.356382	45.000000	224.947113	224.906159	135.047350	134.988554	45.093685	314.485812	315.731813	22.362957	44.975086	0.000000	60.701087	44.999997	223.658867	202.290622	134.999977	223.444184	225.012066	224.704973	134.999998	316.970324	74.142582	45.097293	223.034699	135.282940	135.726294	74.655518	45.390952	315.192371	315.181065	33.627756	22.254896	49.567822	45.000010	218.864771	135.097293	137.930395	134.951173	223.296949	180.000000	213.690619	134.975489	
86.369046	45.000000	224.947113	224.906159	135.047350	134.988554	45.093685	314.485812	315.731813	22.362957	44.975086	0.000000	60.701087	44.999997	223.658867	202.290622	134.999977	223.444184	225.012066	224.704973	134.999998	316.970324	74.142582	45.097293	223.034699	135.282940	135.726294	74.655518	45.390952	315.192371	315.181065	33.627756	22.254896	49.567822	45.000010	218.864771	135.097293	137.930395	134.951173	223.296949	180.000000	213.690619	134.975489	
86.404966	45.000000	224.947113	224.906159	135.047350	134.988554	45.093685	314.485812	315.731813	22.362957	44.975086	0.000000	60.701087	44.999997	223.658867	202.290622	134.999977	223.444184	225.012066	224.704973	134.999998	316.970324	74.142582	45.097293	223.034699	135.282940	135.726294	74.655518	45.390952	315.192371	315.181065	33.627756	22.254896	49.567822	45.000010	218.864771	135.097293	137.930395	134.951173	223.296949	180.000000	213.690619	134.975489	
86.463589	45.000000	224.947113	224.906159	135.047350	134.988554	45.093685	314.485812	315.731813	22.362957	44.975086	0.000000	60.701087	44.999997	223.658867	202.290622	134.999977	223.444184	225.012066	224.704973	134.999998	316.970324	74.142582	45.097293	223.034699	135.282940	135.726294	74.655518	45.390952	315.192371	315.181065	33.627756	22.254896	49.567822	45.000010	218.864771	135.097293	137.930395	134.951173	223.296949	180.000000	213.690619	134.975489	
93.349173	45.000000	224.947113	224.906159	135.047350	134.988554	45.093685	314.485812	315.731813	22.362957	44.975086	0.000000	60.701087	44.999997	223.658867	202.290622	134.999977	223.444184	225.012066	224.704973	134.999998	316.970324	74.142582	45.097293	223.034699	135.282940	135.726294	74.655518	45.390952	315.192371	315.181065	33.627756	22.254896	49.567822	45.000010	218.864771	135.097293	137.930395	134.951173	223.296949	180.000000	213.690619	134.975489	
89.548045	45.000000	224.947113	224.906159	135.047350	134.988554	45.093685	314.485812	315.731813	22.362957	44.975086	0.000000	60.701087	44.999997	223.658867	202.290622	134.999977	223.444184	225.012066	224.704973	134.999998	316.970324	74.142582	45.097293	223.034699	135.282940	135.726294	74.655518	45.390952	315.192371	315.181065	33.627756	22.254896	49.567822	45.000010	218.864771	135.097293	137.930395	134.951173	223.296949	180.000000	213.690619	134.975489	
87.892599	45.000000	224.947113	224.906159	135.047350	134.988554	45.093685	314.485812	315.731813	22.362957	44.975086	0.000000	60.701087	44.999997	223.658867	202.290622	134.999977	223.444184	225.012066	224.704973	134.999998	316.970324	74.142582	45.097293	223.034699	135.282940	135.726294	74.655518	45.390952	315.192371	315.181065	33.627756	22.254896	49.567822	45.000010	218.864771	135.097293	137.930395	134.951173	223.296949	180.000000	213.690619	134.975489	
93.826575	45.000000	224.947113	224.906159	135.047350	134.988554	45.093685	314.485812	315.731813	22.362957	44.975086	0.000000	60.701087	44.999997	223.658867	202.290622	134.999977	223.444184	225.012066	224.704973	134.999998	316.970324	74.142582	45.097293	223.034699	135.282940	135.726294	74.655518	45.390952	315.192371	315.181065	33.627756	22.254896	49.567822	45.000010	218.864771	135.097293	137.930395	134.951173	223.296949	180.000000	213.690619	134.975489	
89.835425	45.000000	224.947113	224.906159	135.047350	134.988554	45.093685	314.485812	315.731813	22.362957	44.975086	0.000000	60.701087	44.999997	223.658867	202.290622	134.999977	223.444184	225.012066	224.704973	134.999998	316.970324	74.142582	45.097293	223.034699	135.282940	135.726294	74.655518	45.390952	315.192371	315.181065	33.627756	22.254896	49.567822	45.000010	218.864771	135.097293	137.930395	134.951173	223.296949	180.000000	213.690619	134.975489	
94.584809	45.000000	224.947113	224.906159	135.047350	134.988554	45.093685	314.485812	315.731813	22.362957	44.975086	0.000000	60.701087	44.999997	223.658867	202.290622	134.999977	223.444184	225.012066	224.704973	134.999998	316.970324	74.142582	45.097293	223.034699	135.282940	135.726294	74.655518	45.390952	315.192371	315.181065	33.627756	22.254896	49.567822	45.000010	218.864771	135.097293	137.930395	134.951173	223.296949	192.894060	213.690619	134.975489	
90.224448	45.000000	224.947113	224.906159	135.047350	134.988554	45.093685	314.485812	315.731813	22.362957	44.975086	0.000000	60.701087	44.999997	223.658867	202.290622	134.999977	223.444184	225.012066	224.704973	134.999998	316.970324	74.142582	45.097293	223.034699	135.282940	135.726294	74.655518	45.390952	315.192371	315.181065	33.627756	22.254896	49.567822	45.000010	218.864771	135.097293	137.930395	134.951173	223.296949	198.292116	213.690619	134.975489	
94.664238	45.000000	224.947113	224.906159	135.047350	134.988554	45.093685	314.485812	315.731813	22.362957	44.975086	0.000000	60.701087	44.999997	223.658867	202.290622	134.999977	223.444184	225.012066	224.704973	134.999998	316.970324	74.142582	45.097293	223.034699	135.282940	135.726294	74.655518	45.390952	315.192371	315.181065	33.627756	22.254896	49.567822	45.000010	218.864771	135.097293	137.930395	134.951173	223.296949	200.560806	213.690619	134.975489	
96.587147	45.000000	224.947113	224.906159	135.047350	134.988554	45.093685	314.485812	315.731813	22.362957	44.975086	0.000000	60.701087	44.999997	223.658867	202.290622	134.999977	223.444184	225.012066	224.704973	134.999998	316.970324	74.142582	45.097293	223.034699	135.202014	135.726294	74.655518	45.390952	315.192371	315.181065	33.627756	22.254896	49.567822	45.000010	218.864771	135.097293	137.930395	134.951173	223.296949	201.515081	213.690619	134.975489	
91.199722	45.000000	224.947113	224.906159	135.047350	134.988554	45.093685	314.485812	315.731813	22.362957	44.975086	0.000000	60.701087	44.999997	223.658867	202.290622	134.999977	223.444184	225.012066	224.704973	134.999998	316.970324	74.142582	45.097293	223.034699	135.168037	135.726294	74.655518	45.390952	315.192371	315.181065	33.627756	22.254896	49.567822	45.000010	218.864771	135.097293	137.930395	134.951173	223.296949	201.916599	213.690619	134.975489	
94.947577	45.000000	224.947113	224.906159	135.047350	134.988554	45.093685	314.485812	315.731813	22.362957	44.975086	0.000000	60.701087	44.999997	223.658867	202.290622	134.999977	223.444184	225.012066	224.704973	134.999998	316.970324	74.142582	45.097293	223.034699	135.153770	135.726294	74.655518	45.390952	315.192371	315.181065	33.627756	22.254896	49.567822	45.000010	218.864771	135.097293	137.930395	134.951173	223.296949	202.085576	213.690619	134.975489	
96.581066	45.000000	224.947113	224.906159	135.047350	134.988554	45.093685	314.485812	315.731813	22.362957	44.975086	0.000000	60.701087	44.999997	223.658867	202.290622	134.999977	223.444184	225.012066	224.704973	134.999998	316.970324	74.142582	45.097293	223.034699	135.147777	135.726294	74.655518	45.390952	315.192371	315.181065	33.627756	22.254896	49.567822	45.000010	218.864771	135.097293	137.930395	134.951173	223.296949	202.156704	213.690619	134.975489	
97.253395	45.000000	224.947113	224.906159	135.047350	134.988554	45.093685	314.485812	315.731813	22.362957	44.975086	0.000000	60.701087	44.999997	223.658867	202.290622	134.999977	223.444184	225.012066	224.704973	134.999998	316.970324	74.142582	45.097293	223.034699	135.145260	135.726294	74.655518	45.390952	315.192371	315.181065	33.627756	22.254896	49.567822	45.000010	218.864771	135.097293	137.930395	134.951173	223.296949	202.186650	213.690619	134.975489	
97.493374	45.000000	224.947113	224.906159	135.047350	134.988554	45.093685	314.485812	315.731813	22.362957	44.975086	0.000000	60.701087	44.999997	223.658867	202.290622	134.999977	223.444184	225.012066	224.704973	134.999998	316.970324	74.142582	45.097293	223.034699	135.144203	135.726294	74.655518	45.390952	315.192371	315.181065	33.627756	22.254896	49.567822	45.000010	218.864771	135.097293	137.930395	134.951173	223.296949	202.199260	213.690619	134.975489	
93.303472	45.000000	224.947113	224.906159	135.047350	134.988554	45.093685	314.485812	315.731813	22.362957	44.975086	0.000000	60.701087	44.999997	223.658867	202.290622	134.999977	223.444184	225.012066	224.704973	134.999998	316.970324	74.142582	45.097293	223.034699	135.143759	135.726294	74.655518	45.390952	315.192371	315.181065	33.627756	22.254896	49.567822	45.000010	218.864771	135.097293	137.930395	134.951173	223.296949	202.204572	213.690619	134.975489	
91.384298	45.000000	224.947113	224.906159	135.047350	134.988554	45.093685	314.485812	315.731813	22.362957	44.975086	0.000000	60.701087	44.999997	223.658867	202.290622	134.999977	223.444184	225.012066	224.704973	134.999998	316.970324	74.142582	45.097293	223.034699	135.143572	135.726294	74.655518	45.390952	315.192371	315.181065	33.627756	22.254896	49.567822	45.000010	218.864771	135.097293	137.930395	134.951173	223.296949	202.206809	213.690619	134.975489	
90.489022	45.000000	224.947113	224.906159	135.047350	134.988554	45.093685	314.485812	315.731813	22.362957	44.975086	0.000000	60.701087	44.999997	223.658867	202.290622	134.999977	223.444184	225.012066	224.704973	134.999998	316.970324	74.142582	45.097293	223.034699	135.143493	135.726294	74.655518	45.390952	315.192371	315.181065	33.627756	22.254896	49.567822	45.000010	218.864771	135.097293	137.930395	134.951173	223.296949	202.207752	213.690619	134.975489	
90.059586	45.000000	224.947113	224.906159	135.047350	134.988554	45.093685	314.485812	315.731813	22.362957	44.975086	0.000000	60.701087	44.999997	223.658867	202.290622	134.999977	223.444184	225.012066	224.704973	134.999998	316.970324	74.142582	45.097293	223.034699	135.143460	135.726294	74.655518	45.390952	315.192371	315.181065	33.627756	22.254896	49.567822	45.000010	218.864771	135.097293	137.930395	134.951173	223.296949	202.208150	213.690619	134.975489	
89.845942	45.000000	224.947113	224.906159	135.047350	134.988554	45.093685	314.485812	315.731813	22.362957	44.975086	0.000000	60.701087	44.999997	223.658867	202.290622	134.999977	223.444184	225.012066	224.704973	134.999998	316.970324	74.142582	45.097293	223.034699	135.143447	135.726294	74.655518	45.390952	315.192371	315.181065	33.627756	22.254896	49.567822	45.000010	218.864771	135.097293	137.930395	134.951173	223.296949	202.208317	213.690619	134.975489	
89.736053	45.000000	224.947113	224.906159	135.047350	134.988554	45.093685	314.485812	315.731813	22.362957	44.975086	0.000000	60.701087	44.999997	223.658867	202.290622	134.999977	223.444184	225.012066	224.704973	134.999998	316.970324	74.142582	45.097293	223.034699	135.143441	135.726294	74.655518	45.390952	315.192371	315.181065	33.627756	22.254896	49.567822	45.000010	218.864771	135.097293	137.930395	134.951173	223.296949	202.208388	213.690619	134.975489	
89.679706	45.000000	224.947113	224.906159	135.047350	134.988554	45.093685	314.485812	315.731813	22.362957	44.975086	0.000000	60.701087	44.999997	223.658867	202.290622	134.999977	223.444184	225.012066	224.704973	134.999998	316.970324	74.142582	45.097293	223.034699	135.143438	135.726294	74.655518	45.390952	315.192371	315.181065	33.627756	22.254896	49.567822	45.000010	218.864771	135.097293	137.930395	134.951173	223.296949	202.208417	213.690619	134.975489	
89.654367	45.000000	224.947113	224.906159	135.047350	134.988554	45.093685	314.485812	315.731813	22.362957	44.975086	0.000000	60.701087	44.999997	223.658867	202.290622	134.999977	223.444184	225.012066	224.704973	134.999998	316.970324	74.142582	45.097293	223.034699	135.143437	135.726294	74.655518	45.390952	315.192371	315.181065	33.627756	22.254896	49.567822	45.000010	218.864771	135.097293	137.930395	134.951173	223.296949	202.208430	213.690619	134.975489	
89.649878	45.000000	224.947113	224.906159	135.047350	134.988554	45.093685	314.485812	315.731813	22.362957	44.975086	0.000000	60.701087	44.999997	223.658867	202.290622	134.999977	223.444184	225.012066	224.704973	134.999998	316.970324	74.142582	45.097293	223.034699	135.143437	135.726294	74.655518	45.390952	315.192371	315.181065	33.627756	22.254896	49.567822	45.000010	218.864771	135.097293	137.930395	134.951173	223.296949	202.208435	213.690619	134.975489	
89.483732	45.000000	224.947113	224.906159	135.047350	134.988554	45.093685	314.485812	315.731813	22.362957	44.975086	0.000000	60.701087	44.999997	223.658867	202.290622	134.999977	223.444184	225.012066	224.704973	134.999998	316.970324	74.142582	45.097293	223.034699	135.143437	135.726294	74.655518	45.390952	315.192371	315.181065	33.627756	22.254896	49.567822	45.000010	218.864771	135.097293	137.930395	134.951173	223.296949	202.208438	213.690619	134.975489	
89.196191	45.000000	224.947113	224.906159	135.047350	134.988554	45.093685	314.485812	315.731813	22.362957	44.975086	0.000000	60.701087	44.999997	223.658867	202.290622	134.999977	223.444184	225.012066	224.704973	134.999998	316.970324	74.142582	45.097293	223.034699	135.143436	135.726294	74.655518	45.390952	315.192371	315.181065	33.627756	22.254896	49.567822	45.000010	218.864771	135.097293	137.930395	134.951173	223.296949	202.208439	213.690619	134.975489	
88.868686	45.000000	224.947113	224.906159	135.047350	134.988554	45.093685	314.485812	315.731813	22.362957	44.975086	0.000000	60.701087	44.999997	223.658867	202.290622	134.999977	223.444184	225.012066	224.704973	134.999998	316.970324	74.142582	45.097293	223.034699	135.143436	135.726294	74.655518	45.390952	315.192371	315.181065	33.627756	22.254896	49.567822	45.000010	218.864771	135.097293	137.930395	134.951173	223.296949	202.208439	213.690619	134.975489	
88.538097	45.000000	224.947113	224.906159	135.047350	134.988554	45.093685	314.485812	315.731813	22.362957	44.975086	0.000000	60.701087	44.999997	223.658867	202.290622	134.999977	223.444184	225.012066	224.704973	134.999998	316.970324	74.142582	45.097293	223.034699	135.143436	135.726294	74.655518	45.390952	315.192371	315.181065	33.627756	22.254896	49.567822	45.000010	218.864771	135.097293	137.930395	134.951173	223.296949	202.208439	213.690619	134.975489	
88.221196	45.000000	224.947113	224.906159	135.047350	134.988554	45.093685	314.485812	315.731813	22.362957	44.975086	0.000000	60.701087	44.999997	223.658867	202.290622	134.999977	223.444184	225.012066	224.704973	134.999998	316.970324	74.142582	45.097293	223.034699	135.143436	135.726294	74.655518	45.390952	315.192371	315.181065	33.627756	22.254896	49.567822	45.000010	218.864771	135.097293	137.930395	134.951173	223.296949	202.208439	213.690619	134.975489	
87.925627	45.000000	224.947113	224.906159	135.047350	134.988554	45.093685	314.485812	315.731813	22.362957	44.975086	0.000000	60.701087	44.999997	223.658867	202.290622	134.999977	223.444184	225.012066	224.704973	134.999998	316.970324	74.142582	45.097293	223.034699	135.143436	135.726294	74.655518	45.390952	315.192371	315.181065	33.627756	22.254896	49.567822	45.000010	218.864771	135.097293	137.930395	134.951173	223.296949	202.208439	213.690619	134.975489	
87.654845	45.000000	224.947113	224.906159	135.047350	134.988554	45.093685	314.485812	315.731813	22.362957	44.975086	0.000000	60.701087	44.999997	223.658867	202.290622	134.999977	223.444184	225.012066	224.704973	134.999998	316.970324	74.142582	45.097293	223.034699	135.143436	135.726294	74.655518	45.390952	315.192371	315.181065	33.627756	22.254896	49.567822	45.000010	218.864771	135.097293	137.930395	134.951173	223.296949	202.208439	213.690619	134.975489	
87.410359	45.000000	224.947113	224.906159	135.047350	134.988554	45.093685	314.485812	315.731813	22.362957	44.975086	0.000000	60.701087	44.999997	223.658867	202.290622	134.999977	223.444184	225.012066	224.704973	134.999998	316.970324	74.142582	45.097293	223.034699	135.143436	135.726294	74.655518	45.390952	315.192371	315.181065	33.627756	22.254896	49.567822	45.000010	218.864771	135.097293	137.930395	134.951173	223.296949	202.208439	213.690619	134.975489	
87.192747	45.000000	224.947113	224.906159	135.047350	134.988554	45.093685	314.485812	315.731813	22.362957	44.975086	0.000000	60.701087	44.999997	223.658867	202.290622	134.999977	223.444184	225.012066	224.704973	134.999998	316.970324	74.142582	45.097293	223.034699	135.143436	135.726294	74.655518	45.390952	315.192371	315.181065	33.627756	22.254896	49.567822	45.000010	218.864771	135.097293	137.930395	134.951173	223.296949	202.208439	213.690619	134.975489	
87.002124	45.000000	224.947113	224.906159	135.047350	134.988554	45.093685	314.485812	315.731813	22.362957	44.975086	0.000000	60.701087	44.999997	223.658867	202.290622	134.999977	223.444184	225.012066	224.704973	134.999998	316.970324	74.142582	45.097293	223.034699	135.143436	135.726294	74.655518	45.390952	315.192371	315.181065	33.627756	22.254896	49.567822	45.000010	218.864771	135.097293	137.930395	134.951173	223.296949	202.208439	213.690619	134.975489	
86.838361	45.000000	224.947113	224.906159	135.047350	134.988554	45.093685	314.485812	315.731813	22.362957	44.975086	0.000000	60.701087	44.999997	223.658867	202.290622	134.999977	223.444184	225.012066	224.704973	134.999998	316.970324	74.142582	45.097293	223.034699	135.143436	135.726294	74.655518	45.390952	315.192371	315.181065	33.627756	22.254896	49.567822	45.000010	218.864771	135.097293	137.930395	134.951173	223.296949	202.208439	213.690619	134.975489	
86.701186	45.000000	224.947113	224.906159	135.047350	134.988554	45.093685	314.485812	315.731813	22.362957	44.975086	0.000000	60.701087	44.999997	223.658867	202.290622	134.999977	223.444184	225.012066	224.704973	134.999998	316.970324	74.142582	45.097293	223.034699	135.143436	135.726294	74.655518	45.390952	315.192371	315.181065	33.627756	22.254896	49.567822	45.000010	218.864771	135.097293	137.930395	134.951173	223.296949	202.208439	213.690619	134.975489	
86.590240	45.000000	224.947113	224.906159	135.047350	134.988554	45.093685	314.485812	315.731813	22.362957	44.975086	0.000000	60.701087	44.999997	223.658867	202.290622	134.999977	223.444184	225.012066	224.704973	134.999998	316.970324	74.142582	45.097293	223.034699	135.143436	135.726294	74.655518	45.390952	315.192371	315.181065	33.627756	22.254896	49.567822	45.000010	218.864771	135.097293	137.930395	134.951173	223.296949	202.208439	213.690619	134.975489	
86.505103	45.000000	224.947113	224.906159	135.047350	134.988554	45.093685	314.485812	315.731813	22.362957	44.975086	0.000000	60.701087	44.999997	223.658867	202.290622	134.999977	223.444184	225.012066	224.704973	134.999998	316.970324	74.142582	45.097293	223.034699	135.143436	135.726294	74.655518	45.390952	315.192371	315.181065	33.627756	22.254896	49.567822	45.000010	218.864771	135.097293	137.930395	134.951173	223.296949	202.208439	213.690619	134.975489	
86.445311	45.000000	224.947113	224.906159	135.047350	134.988554	45.093685	314.485812	315.731813	22.362957	44.975086	0.000000	60.701087	44.999997	223.658867	202.290622	134.999977	223.444184	225.012066	224.704973	134.999998	316.970324	74.142582	45.097293	223.034699	135.143436	135.726294	74.655518	45.390952	315.192371	315.181065	33.627756	22.254896	49.567822	45.000010	218.864771	135.097293	137.930395	134.951173	223.296949	202.208439	213.690619	134.975489	
86.410369	45.000000	224.947113	224.906159	135.047350	134.988554	45.093685	314.485812	315.731813	22.362957	44.975086	0.000000	60.701087	44.999997	223.658867	202.290622	134.999977	223.444184	225.012066	224.704973	134.999998	316.970324	74.142582	45.097293	223.034699	135.143436	135.726294	74.655518	45.390952	315.192371	315.181065	33.627756	22.254896	49.567822	45.000010	218.864771	135.097293	137.930395	134.951173	223.296949	202.208439	213.690619	134.975489	
86.399755	45.000000	224.947113	224.906159	135.047350	134.988554	45.093685	314.485812	315.731813	22.362957	44.975086	0.000000	60.701087	44.999997	223.658867	202.290622	134.999977	223.444184	225.012066	224.704973	134.999998	316.970324	74.142582	45.097293	223.034699	135.143436	135.726294	74.655518	45.390952	315.192371	315.181065	33.627756	22.254896	49.567822	45.000010	218.864771	135.097293	137.930395	134.951173	223.296949	202.208439	213.690619	134.975489	
86.412935	45.000000	224.947113	224.906159	135.047350	134.988554	45.093685	314.485812	315.731813	22.362957	44.975086	0.000000	60.701087	44.999997	223.658867	202.290622	134.999977	223.444184	225.012066	224.704973	134.999998	316.970324	74.142582	45.097293	223.034699	135.143436	135.726294	74.655518	45.390952	315.192371	315.181065	33.627756	22.254896	49.567822	45.000010	218.864771	135.097293	137.930395	134.951173	223.296949	202.208439	213.690619	134.975489	
86.449362	45.000000	224.947113	224.906159	135.047350	134.988554	45.093685	314.485812	315.731813	22.362957	44.975086	0.000000	60.701087	44.999997	223.658867	202.290622	134.999977	223.444184	225.012066	224.704973	134.999998	316.970324	74.142582	45.097293	223.034699	135.143436	135.726294	74.655518	45.390952	315.192371	315.181065	33.627756	22.254896	49.567822	45.000010	218.864771	135.097293	137.930395	134.951173	223.296949	202.208439	213.690619	134.975489	
86.508481	45.000000	224.947113	224.906159	135.047350	134.988554	45.093685	314.485812	315.731813	22.362957	44.975086	0.000000	60.701087	44.999997	223.658867	202.290622	134.999977	223.444184	225.012066	224.704973	134.999998	316.970324	74.142582	45.097293	223.034699	135.143436	135.726294	74.655518	45.390952	315.192371	315.181065	33.627756	22.254896	49.567822	45.000010	218.864771	135.097293	137.930395	134.951173	223.296949	202.208439	213.690619	134.975489	
93.383393	45.000000	224.947113	224.906159	135.047350	134.988554	45.093685	314.485812	315.731813	22.362957	44.975086	0.000000	60.701087	44.999997	223.658867	202.290622	134.999977	223.444184	225.012066	224.704973	134.999998	316.970324	74.142582	45.097293	223.034699	135.143436	135.726294	74.655518	45.390952	315.192371	315.181065	33.627756	22.254896	49.567822	45.000010	218.864771	135.097293	137.930395	134.951173	223.296949	202.208439	213.690619	134.975489	
89.589070	45.000000	224.947113	224.906159	135.047350	134.988554	45.093685	314.485812	315.731813	22.362957	44.975086	0.000000	60.701087	44.999997	223.658867	202.290622	134.999977	223.444184	225.012066	224.704973	134.999998	316.970324	74.142582	45.097293	223.034699	135.143436	135.726294	74.655518	45.390952	315.192371	315.181065	33.627756	22.254896	49.567822	45.000010	218.864771	135.097293	137.930395	134.951173	223.296949	202.208439	213.690619	134.975489	
87.936926	45.000000	224.947113	224.906159	135.047350	134.988554	45.093685	314.485812	315.731813	22.362957	44.975086	0.000000	60.701087	44.999997	223.658867	202.290622	134.999977	223.444184	225.012066	224.704973	134.999998	316.970324	74.142582	45.097293	223.034699	135.143436	135.726294	74.655518	45.390952	315.192371	315.181065	33.627756	22.254896	49.567822	45.000010	218.864771	135.097293	137.930395	134.951173	223.296949	202.208439	213.690619	134.975489	
93.860997	45.000000	224.947113	224.906159	135.047350	134.988554	45.093685	314.485812	315.731813	22.362957	44.975086	0.000000	60.701087	44.999997	223.658867	202.290622	134.999977	223.444184	225.012066	224.704973	134.999998	316.970324	74.142582	45.097293	223.034699	135.143436	135.726294	74.655518	45.390952	315.192371	315.181065	33.627756	22.254896	49.567822	45.000010	218.864771	135.097293	137.930395	134.951173	223.296949	202.208439	213.690619	134.975489	
89.877492	45.000000	224.947113	224.906159	135.047350	134.988554	45.093685	314.485812	315.731813	22.362957	44.975086	0.000000	60.701087	44.999997	223.658867	202.290622	134.999977	223.444184	225.012066	224.704973	134.999998	316.970324	74.142582	45.097293	223.034699	135.143436	135.726294	74.655518	45.390952	315.192371	315.181065	33.627756	22.254896	49.567822	45.000010	218.864771	135.097293	137.930395	134.951173	223.296949	202.208439	213.690619	134.975489	
94.618571	45.000000	224.947113	224.906159	135.047350	134.988554	45.093685	314.485812	315.731813	22.362957	44.975086	0.000000	60.701087	44.999997	223.658867	202.290622	134.999977	223.444184	225.012066	224.704973	134.999998	316.970324	74.142582	45.097293	223.034699	135.143436	135.726294	74.655518	45.390952	315.192371	315.181065	33.627756	22.254896	49.567822	45.000010	218.864771	135.097293	137.930395	134.951173	223.296949	202.208439	213.690619	134.975489	
90.266903	45.000000	224.947113	224.906159	135.047350	134.988554	45.093685	314.485812	315.731813	22.362957	44.975086	0.000000	60.701087	44.999997	223.658867	202.290622	134.999977	223.444184	225.012066	224.704973	134.999998	316.970324	74.142582	45.097293	223.034699	135.143436	135.726294	74.655518	45.390952	315.192371	315.181065	33.627756	22.254896	49.567822	45.000010	218.864771	135.097293	137.930395	134.951173	223.296949	202.208439	213.690619	134.975489	
94.698538	45.000000	224.947113	224.906159	135.047350	134.988554	45.093685	314.485812	315.731813	22.362957	44.975086	0.000000	60.701087	44.999997	223.658867	202.290622	134.999977	223.444184	225.012066	224.704973	134.999998	316.970324	74.142582	45.097293	223.034699	135.143436	135.726294	74.655518	45.390952	315.192371	315.181065	33.627756	22.254896	49.567822	45.000010	218.864771	135.097293	137.930395	134.951173	223.296949	202.208439	213.690619	134.975489	
96.618001	45.000000	224.947113	224.906159	135.047350	134.988554	45.093685	314.485812	315.731813	22.362957	44.975086	0.000000	60.701087	44.999997	223.658867	202.290622	134.999977	223.444184	225.012066	224.704973	134.999998	316.970324	74.142582	45.097293	223.034699	135.143436	135.726294	74.655518	45.390952	315.192371	315.181065	33.627756	22.254896	49.567822	45.000010	218.864771	135.097293	137.930395	134.951173	223.296949	202.208439	213.690619	134.975489	
91.242000	45.000000	224.947113	224.906159	135.047350	134.988554	45.093685	314.485812	315.731813	22.362957	44.975086	0.000000	60.701087	44.999997	223.658867	202.290622	134.999977	223.444184	225.012066	224.704973	134.999998	316.970324	74.142582	45.097293	223.034699	135.143436	135.726294	74.655518	45.390952	315.192371	315.181065	33.627756	22.254896	49.567822	45.000010	218.864771	135.097293	137.930395	134.951173	223.296949	202.208439	213.690619	134.975489	
94.982444	45.000000	224.947113	224.906159	135.047350	134.988554	45.093685	314.485812	315.731813	22.362957	44.975086	0.000000	60.701087	44.999997	223.658867	202.290622	134.999977	223.444184	225.012066	224.704973	134.999998	316.970324	74.142582	45.097293	223.034699	135.143436	135.726294	74.655518	45.390952	315.192371	315.181065	33.627756	22.254896	49.567822	45.000010	218.864771	135.097293	137.930395	134.951173	223.296949	202.208439	213.690619	134.975489	
96.612819	45.000000	224.947113	224.906159	135.047350	134.988554	45.093685	314.485812	315.731813	22.362957	44.975086	0.000000	60.701087	44.999997	223.658867	202.290622	134.999977	223.444184	225.012066	224.704973	134.999998	316.970324	74.142582	45.097293	223.034699	135.143436	135.726294	74.655518	45.390952	315.192371	315.181065	33.627756	22.254896	49.567822	45.000010	218.864771	135.097293	137.930395	134.951173	223.296949	202.208439	213.690619	134.975489	
97.284002	45.000000	224.947113	224.906159	135.047350	134.988554	45.093685	314.485812	315.731813	22.362957	44.975086	0.000000	60.701087	44.999997	223.658867	202.290622	134.999977	223.444184	225.012066	224.704973	134.999998	316.970324	74.142582	45.097293	223.034699	135.143436	135.726294	74.655518	45.390952	315.192371	315.181065	33.627756	22.254896	49.567822	45.000010	218.864771	135.097293	137.930395	134.951173	223.296949	202.208439	213.690619	134.975489	
97.523743	45.000000	224.947113	224.906159	135.047350	134.988554	45.093685	314.485812	315.731813	22.362957	44.975086	0.000000	60.701087	44.999997	223.658867	202.290622	134.999977	223.444184	225.012066	224.704973	134.999998	316.970324	74.142582	45.097293	223.034699	135.143436	135.726294	74.655518	45.390952	315.192371	315.181065	33.627756	22.254896	49.567822	45.000010	218.864771	135.097293	137.930395	134.951173	223.296949	208.725337	213.690619	134.975489	
79.182291	45.000000	224.947113	224.906159	135.047350	134.988554	45.093685	314.485812	315.731813	22.362957	44.975086	0.000000	60.701087	44.999997	223.658867	202.290622	134.999977	223.444184	225.012066	224.704973	134.999998	316.970324	74.142582	45.097293	223.034699	135.143436	135.726294	74.655518	45.390952	315.192371	315.181065	33.627756	22.254896	49.567822	45.000010	218.864771	135.097293	137.930395	134.951173	223.296949	211.459412	213.690619	134.975489	
71.500097	45.000000	224.947113	224.906159	135.047350	134.988554	45.093685	314.485812	315.731813	22.362957	44.975086	0.000000	60.701087	44.999997	223.658867	202.290622	134.999977	223.444184	225.012066	224.704973	134.999998	316.970324	74.142582	45.097293	223.034699	135.143436	135.726294	74.655518	45.390952	315.192371	315.181065	33.627756	22.254896	49.567822	45.000010	218.864771	135.097293	137.930395	134.951173	223.296949	212.607713	213.690619	134.975489	
68.336789	45.000000	224.947113	224.906159	135.047350	134.988554	45.093685	314.485812	315.731813	22.362957	44.975086	0.000000	60.701087	44.999997	223.658867	202.290622	134.999977	223.444184	225.012066	224.704973	134.999998	316.970324	74.142582	45.097293	223.034699	135.143436	135.726294	74.655518	45.390952	315.192371	315.181065	33.627756	22.254896	49.567822	45.000010	218.864771	135.097293	137.930395	134.951173	223.296949	213.090155	213.690619	134.975489	
67.108430	45.000000	224.947113	224.906159	135.047350	134.988554	45.093685	314.485812	315.731813	22.362957	44.975086	0.000000	60.701087	44.999997	223.658867	202.290622	134.999977	223.444184	225.012066	224.704973	134.999998	316.970324	74.142582	45.097293	223.034699	135.143436	135.726294	74.655518	45.390952	315.192371	315.181065	33.627756	22.254896	49.567822	45.000010	218.864771	135.097293	137.930395	134.951173	223.296949	213.292885	213.690619	134.975489	
66.710279	45.000000	224.947113	224.906159	135.047350	134.988554	45.093685	314.485812	315.731813	22.362957	44.975086	0.000000	60.701087	44.999997	223.658867	202.290622	134.999977	223.444184	225.012066	224.704973	134.999998	316.970324	74.142582	45.097293	223.034699	135.143436	135.726294	74.655518	45.390952	315.192371	315.181065	33.627756	22.254896	49.567822	45.000010	218.864771	135.097293	137.930395	134.951173	223.296949	213.378091	213.690619	134.975489	
66.669928	45.000000	224.947113	224.906159	135.047350	134.988554	45.093685	314.485812	315.731813	22.362957	44.975086	0.000000	60.701087	44.999997	223.658867	202.290622	134.999977	223.444184	225.012066	224.704973	134.999998	316.970324	74.142582	45.097293	223.034699	135.143436	135.726294	74.655518	45.390952	315.192371	315.181065	33.627756	22.254896	49.567822	45.000010	218.864771	135.097293	137.930395	134.951173	223.296949	213.413909	213.690619	134.975489	
72.929523	45.000000	224.947113	224.906159	135.047350	134.988554	45.093685	314.485812	315.731813	22.362957	44.975086	0.000000	60.701087	44.999997	223.658867	202.290622	134.999977	223.444184	225.012066	224.704973	134.999998	316.970324	74.142582	45.097293	223.034699	135.143436	135.726294	74.655518	45.390952	315.192371	315.181065	33.627756	22.254896	49.567822	45.000010	218.864771	135.097293	137.930395	134.951173	223.296949	213.428968	213.690619	134.975489	
69.466143	45.000000	224.947113	224.906159	135.047350	134.988554	45.093685	314.485812	315.731813	22.362957	44.975086	0.000000	60.701087	44.999997	223.658867	202.290622	134.999977	223.444184	225.012066	224.704973	134.999998	316.970324	74.142582	45.097293	223.034699	135.143436	135.726294	74.655518	45.390952	315.192371	315.181065	33.627756	22.254896	49.567822	45.000010	218.864771	135.097293	137.930395	134.951173	223.296949	213.435301	213.690619	134.975489	
68.138874	45.000000	224.947113	224.906159	135.047350	134.988554	45.093685	314.485812	315.731813	22.362957	44.975086	0.000000	60.701087	44.999997	223.658867	202.290622	134.999977	223.444184	225.012066	224.704973	134.999998	316.970324	74.142582	45.097293	223.034699	135.143436	135.726294	74.655518	45.390952	315.192371	315.181065	33.627756	22.254896	49.567822	45.000010	218.864771	135.097293	137.930395	134.951173	223.296949	213.437964	213.690619	134.975489	
73.670427	45.000000	224.947113	224.906159	135.047350	134.988554	45.093685	314.485812	315.731813	22.362957	44.975086	0.000000	60.701087	44.999997	223.658867	202.290622	134.999977	223.444184	225.012066	224.704973	134.999998	316.970324	74.142582	45.097293	223.034699	135.143436	135.726294	74.655518	45.390952	315.192371	315.181065	33.627756	22.254896	49.567822	45.000010	218.864771	135.097293	137.930395	134.951173	223.296949	213.439085	213.690619	134.975489	
70.100860	45.000000	224.947113	224.906159	135.047350	134.988554	45.093685	314.485812	315.731813	22.362957	44.975086	0.000000	60.701087	44.999997	223.658867	202.290622	134.999977	223.444184	225.012066	224.704973	134.999998	316.970324	74.142582	45.097293	223.034699	135.143436	135.726294	74.655518	45.390952	315.192371	315.181065	33.627756	22.254896	49.567822	45.000010	218.864771	135.097293	137.930395	134.951173	223.296949	213.439556	213.690619	134.975489	
74.558589	45.000000	224.947113	224.906159	135.047350	134.988554	45.093685	314.485812	315.731813	22.362957	44.975086	0.000000	60.701087	44.999997	223.658867	202.290622	134.999977	223.444184	225.012066	224.704973	134.999998	316.970324	74.142582	45.097293	223.034699	135.143436	135.726294	74.655518	45.390952	315.192371	315.181065	33.627756	22.254896	49.567822	45.000010	218.864771	135.097293	137.930395	134.951173	223.296949	213.439754	213.690619	134.975489	
70.675233	45.000000	224.947113	224.906159	135.047350	134.988554	45.093685	314.485812	315.731813	22.362957	44.975086	0.000000	60.701087	44.999997	223.658867	202.290622	134.999977	223.444184	225.012066	224.704973	134.999998	316.970324	74.142582	45.097293	223.034699	135.102282	135.726294	74.655518	45.390952	315.192371	315.181065	33.627756	22.254896	49.567822	45.000010	218.864771	135.097293	137.930395	134.951173	223.296949	213.439838	213.690619	134.975489	
74.861804	45.000000	224.947113	224.906159	135.047350	134.988554	45.093685	314.485812	315.731813	22.362957	44.975086	0.000000	60.701087	44.999997	223.658867	202.290622	134.999977	223.444184	225.012066	224.704973	134.999998	316.970324	74.142582	45.097293	223.034699	135.085002	135.726294	74.655518	45.390952	315.192371	315.181065	33.627756	22.254896	49.567822	45.000010	218.864771	135.097293	137.930395	134.951173	223.296949	213.439873	213.690619	134.975489	
76.629912	45.000000	224.947113	224.906159	135.047350	134.988554	45.093685	314.485812	315.731813	22.362957	44.975086	0.000000	60.701087	44.999997	223.658867	202.290622	134.999977	223.444184	225.012066	224.704973	134.999998	316.970324	74.142582	45.097293	223.034699	135.077745	135.726294	74.655518	45.390952	315.192371	315.181065	33.627756	22.254896	49.567822	45.000010	218.864771	135.097293	137.930395	134.951173	223.296949	213.439888	213.690619	134.975489	
71.806973	45.000000	224.947113	224.906159	135.047350	134.988554	45.093685	314.485812	315.731813	22.362957	44.975086	0.000000	60.701087	44.999997	223.658867	202.290622	134.999977	223.444184	225.012066	224.704973	134.999998	316.970324	74.142582	45.097293	223.034699	135.074697	135.726294	74.655518	45.390952	315.192371	315.181065	33.627756	22.254896	49.567822	45.000010	218.864771	135.097293	137.930395	134.951173	223.296949	213.439894	213.690619	134.975489	
75.218785	45.000000	224.947113	224.906159	135.047350	134.988554	45.093685	314.485812	315.731813	22.362957	44.975086	0.000000	60.701087	44.999997	223.658867	202.290622	134.999977	223.444184	225.012066	224.704973	134.999998	316.970324	74.142582	45.097293	223.034699	135.073417	135.726294	74.655518	45.390952	315.192371	315.181065	33.627756	22.254896	49.567822	45.000010	218.864771	135.097293	137.930395	134.951173	223.296949	213.439897	213.690619	134.975489	
76.543259	45.000000	224.947113	224.906159	135.047350	134.988554	45.093685	314.485812	315.731813	22.362957	44.975086	0.000000	60.701087	44.999997	223.658867	202.290622	134.999977	223.444184	225.012066	224.704973	134.999998	316.970324	74.142582	45.097293	223.034699	135.072879	135.726294	74.655518	45.390952	315.192371	315.181065	33.627756	22.254896	49.567822	45.000010	218.864771	135.097293	137.930395	134.951173	223.296949	213.439898	213.690619	134.975489	
76.966657	45.000000	224.947113	224.906159	135.047350	134.988554	45.093685	314.485812	315.731813	22.362957	44.975086	0.000000	60.701087	44.999997	223.658867	202.290622	134.999977	223.444184	225.012066	224.704973	134.999998	316.970324	74.142582	45.097293	223.034699	135.072653	135.726294	74.655518	45.390952	315.192371	315.181065	33.627756	22.254896	49.567822	45.000010	218.864771	135.097293	137.930395	134.951173	223.296949	213.439898	213.690619	134.975489	
77.005244	45.000000	224.947113	224.906159	135.047350	134.988554	45.093685	314.485812	315.731813	22.362957	44.975086	0.000000	60.701087	44.999997	223.658867	202.290622	134.999977	223.444184	225.012066	224.704973	134.999998	316.970324	74.142582	45.097293	223.034699	135.072558	135.726294	74.655518	45.390952	315.192371	315.181065	33.627756	22.254896	49.567822	45.000010	218.864771	135.097293	137.930395	134.951173	223.296949	213.439899	213.690619	134.975489	
76.883941	45.000000	224.947113	224.906159	135.047350	134.988554	45.093685	314.485812	315.731813	22.362957	44.975086	0.000000	60.701087	44.999997	223.658867	202.290622	134.999977	223.444184	225.012066	224.704973	134.999998	316.970324	74.142582	45.097293	223.034699	135.072518	135.726294	74.655518	45.390952	315.192371	315.181065	33.627756	22.254896	49.567822	45.000010	218.864771	135.097293	137.930395	134.951173	223.296949	213.439899	213.690619	134.975489	
76.700871	45.000000	224.947113	224.906159	135.047350	134.988554	45.093685	314.485812	315.731813	22.362957	44.975086	0.000000	60.701087	44.999997	223.658867	202.290622	134.999977	223.444184	225.012066	224.704973	134.999998	316.970324	74.142582	45.097293	223.034699	135.072501	135.726294	74.655518	45.390952	315.192371	315.181065	33.627756	22.254896	49.567822	45.000010	218.864771	135.097293	137.930395	134.951173	223.296949	213.439899	213.690619	134.975489	
76.498911	45.000000	224.947113	224.906159	135.047350	134.988554	45.093685	314.485812	315.731813	22.362957	44.975086	0.000000	60.701087	44.999997	223.658867	202.290622	134.999977	223.444184	225.012066	224.704973	134.999998	316.970324	74.142582	45.097293	223.034699	135.072494	135.726294	74.655518	45.390952	315.192371	315.181065	33.627756	22.254896	49.567822	45.000010	218.864771	135.097293	137.930395	134.951173	223.296949	213.439899	213.690619	134.975489	
76.296819	45.000000	224.947113	224.906159	135.047350	134.988554	45.093685	314.485812	315.731813	22.362957	44.975086	0.000000	60.701087	44.999997	223.658867	202.290622	134.999977	223.444184	225.012066	224.704973	134.999998	316.970324	74.142582	45.097293	223.034699	135.072491	135.726294	74.655518	45.390952	315.192371	315.181065	33.627756	22.254896	49.567822	45.000010	218.864771	135.097293	137.930395	134.951173	223.296949	213.439899	213.690619	134.975489	
76.102808	45.000000	224.947113	224.906159	135.047350	134.988554	45.093685	314.485812	315.731813	22.362957	44.975086	0.000000	60.701087	44.999997	223.658867	202.290622	134.999977	223.444184	225.012066	224.704973	134.999998	316.970324	74.142582	45.097293	223.034699	135.072490	135.726294	74.655518	45.390952	315.192371	315.181065	33.627756	22.254896	49.567822	45.000010	218.864771	135.097293	137.930395	134.951173	223.296949	213.439899	213.690619	134.975489	
75.920457	45.000000	224.947113	224.906159	135.047350	134.988554	45.093685	314.485812	315.731813	22.362957	44.975086	0.000000	60.701087	44.999997	223.658867	202.290622	134.999977	223.444184	225.012066	224.704973	134.999998	316.970324	74.142582	45.097293	223.034699	135.072490	135.726294	74.655518	45.390952	315.192371	315.181065	33.627756	22.254896	49.567822	45.000010	218.864771	135.097293	137.930395	134.951173	223.296949	213.439899	213.690619	134.975489	
75.751305	45.000000	224.947113	224.906159	135.047350	134.988554	45.093685	314.485812	315.731813	22.362957	44.975086	0.000000	60.701087	44.999997	223.658867	202.290622	134.999977	223.444184	225.012066	224.704973	134.999998	316.970324	74.142582	45.097293	223.034699	135.072489	135.726294	74.655518	45.390952	315.192371	315.181065	33.627756	22.254896	49.567822	45.000010	218.864771	135.097293	137.930395	134.951173	223.296949	213.439899	213.690619	134.975489	
75.595982	45.000000	224.947113	224.906159	135.047350	134.988554	45.093685	314.485812	315.731813	22.362957	44.975086	0.000000	60.701087	44.999997	223.658867	202.290622	134.999977	223.444184	225.012066	224.704973	134.999998	316.970324	74.142582	45.097293	223.034699	135.072489	135.726294	74.655518	45.390952	315.192371	315.181065	33.627756	22.254896	49.567822	45.000010	218.864771	135.097293	137.930395	134.951173	223.296949	213.439899	213.690619	134.975489	
75.454703	45.000000	224.947113	224.906159	135.047350	134.988554	45.093685	314.485812	315.731813	22.362957	44.975086	0.000000	60.701087	44.999997	223.658867	202.290622	134.999977	223.444184	225.012066	224.704973	134.999998	316.970324	74.142582	45.097293	223.034699	135.072489	135.726294	74.655518	45.390952	315.192371	315.181065	33.627756	22.254896	49.567822	45.000010	218.864771	135.097293	137.930395	134.951173	223.296949	213.439899	213.690619	134.975489	
75.327493	45.000000	224.947113	224.906159	135.047350	134.988554	45.093685	314.485812	315.731813	22.362957	44.975086	0.000000	60.701087	44.999997	223.658867	202.290622	134.999977	223.444184	225.012066	224.704973	134.999998	316.970324	74.142582	45.097293	223.034699	135.072489	135.726294	74.655518	45.390952	315.192371	315.181065	33.627756	22.254896	49.567822	45.000010	218.864771	135.097293	137.930395	134.951173	223.296949	213.439899	213.690619	134.975489	
75.214279	45.000000	224.947113	224.906159	135.047350	134.988554	45.093685	314.485812	315.731813	22.362957	44.975086	0.000000	60.701087	44.999997	223.658867	202.290622	134.999977	223.444184	225.012066	224.704973	134.999998	316.970324	74.142582	45.097293	223.034699	135.072489	135.726294	74.655518	45.390952	315.192371	315.181065	33.627756	22.254896	49.567822	45.000010	218.864771	135.097293	137.930395	134.951173	223.296949	213.439899	213.690619	134.975489	
75.114937	45.000000	224.947113	224.906159	135.047350	134.988554	45.093685	314.485812	315.731813	22.362957	44.975086	0.000000	60.701087	44.999997	223.658867	202.290622	134.999977	223.444184	225.012066	224.704973	134.999998	316.970324	74.142582	45.097293	223.034699	135.072489	135.726294	74.655518	45.390952	315.192371	315.181065	33.627756	22.254896	49.567822	45.000010	218.864771	135.097293	137.930395	134.951173	223.296949	213.439899	213.690619	134.975489	
75.029310	45.000000	224.947113	224.906159	135.047350	134.988554	45.093685	314.485812	315.731813	22.362957	44.975086	0.000000	60.701087	44.999997	223.658867	202.290622	134.999977	223.444184	225.012066	224.704973	134.999998	316.970324	74.142582	45.097293	223.034699	135.072489	135.726294	74.655518	45.390952	315.192371	315.181065	33.627756	22.254896	49.567822	45.000010	218.864771	135.097293	137.930395	134.951173	223.296949	213.439899	213.690619	134.975489	
74.957220	45.000000	224.947113	224.906159	135.047350	134.988554	45.093685	314.485812	315.731813	22.362957	44.975086	0.000000	60.701087	44.999997	223.658867	202.290622	134.999977	223.444184	225.012066	224.704973	134.999998	316.970324	74.142582	45.097293	223.034699	135.072489	135.726294	74.655518	45.390952	315.192371	315.181065	33.627756	22.254896	49.567822	45.000010	218.864771	135.097293	137.930395	134.951173	223.296949	213.439899	213.690619	134.975489	
74.898470	45.000000	224.947113	224.906159	135.047350	134.988554	45.093685	314.485812	315.731813	22.362957	44.975086	0.000000	60.701087	44.999997	223.658867	202.290622	134.999977	223.444184	225.012066	224.704973	134.999998	316.970324	74.142582	45.097293	223.034699	135.072489	135.726294	74.655518	45.390952	315.192371	315.181065	33.627756	22.254896	49.567822	45.000010	218.864771	135.097293	137.930395	134.951173	223.296949	213.439899	213.690619	134.975489	
74.852851	45.000000	224.947113	224.906159	135.047350	134.988554	45.093685	314.485812	315.731813	22.362957	44.975086	0.000000	60.701087	44.999997	223.658867	202.290622	134.999977	223.444184	225.012066	224.704973	134.999998	316.970324	74.142582	45.097293	223.034699	135.072489	135.726294	74.655518	45.390952	315.192371	315.181065	33.627756	22.254896	49.567822	45.000010	218.864771	135.097293	137.930395	134.951173	223.296949	213.439899	213.690619	134.975489	
74.820141	45.000000	224.947113	224.906159	135.047350	134.988554	45.093685	314.485812	315.731813	22.362957	44.975086	0.000000	60.701087	44.999997	223.658867	202.290622	134.999977	223.444184	225.012066	224.704973	134.999998	316.970324	74.142582	45.097293	223.034699	135.072489	135.726294	74.655518	45.390952	315.192371	315.181065	33.627756	22.254896	49.567822	45.000010	218.864771	135.097293	137.930395	134.951173	223.296949	213.439899	213.690619	134.975489	
74.800108	45.000000	224.947113	224.906159	135.047350	134.988554	45.093685	314.485812	315.731813	22.362957	44.975086	0.000000	60.701087	44.999997	223.658867	202.290622	134.999977	223.444184	225.012066	224.704973	134.999998	316.970324	74.142582	45.097293	223.034699	135.072489	135.726294	74.655518	45.390952	315.192371	315.181065	33.627756	22.254896	49.567822	45.000010	218.864771	135.097293	137.930395	134.951173	223.296949	213.439899	213.690619	134.975489	
74.792510	45.000000	224.947113	224.906159	135.047350	134.988554	45.093685	314.485812	315.731813	22.362957	44.975086	0.000000	60.701087	44.999997	223.658867	202.290622	134.999977	223.444184	225.012066	224.704973	134.999998	316.970324	74.142582	45.097293	223.034699	135.072489	135.726294	74.655518	45.390952	315.192371	315.181065	33.627756	22.254896	49.567822	45.000010	218.864771	135.097293	137.930395	134.951173	223.296949	213.439899	213.690619	134.975489	
74.797100	45.000000	224.947113	224.906159	135.047350	134.988554	45.093685	314.485812	315.731813	22.362957	44.975086	0.000000	60.701087	44.999997	223.658867	202.290622	134.999977	223.444184	225.012066	224.704973	134.999998	316.970324	74.142582	45.097293	223.034699	135.072489	135.726294	74.655518	45.390952	315.192371	315.181065	33.627756	22.254896	49.567822	45.000010	218.864771	135.097293	137.930395	134.951173	223.296949	213.439899	213.690619	134.975489	
74.813622	45.000000	224.947113	224.906159	135.047350	134.988554	45.093685	314.485812	315.731813	22.362957	44.975086	0.000000	60.701087	44.999997	223.658867	202.290622	134.999977	223.444184	225.012066	224.704973	134.999998	316.970324	74.142582	45.097293	223.034699	135.072489	135.726294	74.655518	45.390952	315.192371	315.181065	33.627756	22.254896	49.567822	45.000010	218.864771	135.097293	137.930395	134.951173	223.296949	213.439899	213.690619	134.975489	
74.841815	45.000000	224.947113	224.906159	135.047350	134.988554	45.093685	314.485812	315.731813	22.362957	44.975086	0.000000	60.701087	44.999997	223.658867	202.290622	134.999977	223.444184	225.012066	224.704973	134.999998	316.970324	74.142582	45.097293	223.034699	135.072489	135.726294	74.655518	45.390952	315.192371	315.181065	33.627756	22.254896	49.567822	45.000010	218.864771	135.097293	137.930395	134.951173	223.296949	213.439899	213.690619	134.975489	
74.881414	45.000000	224.947113	224.906159	135.047350	134.988554	45.093685	314.485812	315.731813	22.362957	44.975086	0.000000	60.701087	44.999997	223.658867	202.290622	134.999977	223.444184	225.012066	224.704973	134.999998	316.970324	74.142582	45.097293	223.034699	135.072489	135.726294	74.655518	45.390952	315.192371	315.181065	33.627756	22.254896	49.567822	45.000010	218.864771	135.097293	137.930395	134.951173	223.296949	213.439899	213.690619	134.975489	
65.235628	45.000000	224.947113	224.906159	135.047350	134.988554	45.093685	314.485812	315.731813	22.362957	44.975086	0.000000	60.701087	44.999997	223.658867	202.290622	134.999977	223.444184	225.012066	224.704973	134.999998	316.970324	74.142582	45.097293	223.034699	135.072489	135.726294	74.655518	45.390952	315.192371	315.181065	33.627756	22.254896	49.567822	45.000010	218.864771	135.097293	137.930395	134.951173	223.296949	213.439899	213.690619	134.975489	
63.532014	45.000000	224.947113	224.906159	135.047350	134.988554	45.093685	314.485812	315.731813	22.362957	44.975086	0.000000	60.701087	44.999997	223.658867	202.290622	134.999977	223.444184	225.012066	224.704973	134.999998	316.970324	74.142582	45.097293	223.034699	135.072489	135.726294	74.655518	45.390952	315.192371	315.181065	33.627756	22.254896	49.567822	45.000010	218.864771	135.097293	137.930395	134.951173	223.296949	213.439899	213.690619	134.975489	
62.816037	45.000000	224.947113	224.906159	135.047350	134.988554	45.093685	314.485812	315.731813	22.362957	44.975086	0.000000	60.701087	44.999997	223.658867	202.290622	134.999977	223.444184	225.012066	224.704973	134.999998	316.970324	74.142582	45.097293	223.034699	135.072489	135.726294	74.655518	45.390952	315.192371	315.181065	33.627756	22.254896	49.567822	45.000010	218.864771	135.097293	137.930395	134.951173	223.296949	213.439899	213.690619	134.975489	
62.515062	45.000000	224.947113	224.906159	135.047350	134.988554	45.093685	314.485812	315.731813	22.362957	44.975086	0.000000	60.701087	44.999997	223.658867	202.290622	134.999977	223.444184	225.012066	224.704973	134.999998	316.970324	74.142582	45.097293	223.034699	135.072489	135.726294	74.655518	45.390952	315.192371	315.181065	33.627756	22.254896	49.567822	45.000010	218.864771	135.097293	137.930395	134.951173	223.296949	213.439899	213.690619	134.975489	
62.388517	45.000000	224.947113	224.906159	135.047350	134.988554	45.093685	314.485812	315.731813	22.362957	44.975086	0.000000	60.701087	44.999997	223.658867	202.290622	134.999977	223.444184	225.012066	224.704973	134.999998	316.970324	74.142582	45.097293	223.034699	135.072489	135.726294	74.655518	45.390952	315.192371	315.181065	33.627756	22.254896	49.567822	45.000010	218.864771	135.097293	137.930395	134.951173	223.296949	213.439899	213.690619	134.975489	
62.335302	45.000000	224.947113	224.906159	135.047350	134.988554	45.093685	314.485812	315.731813	22.362957	44.975086	0.000000	60.701087	44.999997	223.658867	202.290622	134.999977	223.444184	225.012066	224.704973	134.999998	316.970324	74.142582	45.097293	223.034699	135.072489	135.726294	74.655518	45.390952	315.192371	315.181065	33.627756	22.254896	49.567822	45.000010	218.864771	135.097293	137.930395	134.951173	223.296949	213.439899	213.690619	134.975489	
62.312919	45.000000	224.947113	224.906159	135.047350	134.988554	45.093685	314.485812	315.731813	22.362957	44.975086	0.000000	60.701087	44.999997	223.658867	202.290622	134.999977	223.444184	225.012066	224.704973	134.999998	316.970324	74.142582	45.097293	223.034699	135.072489	135.726294	74.655518	45.390952	315.192371	315.181065	33.627756	22.254896	49.567822	45.000010	218.864771	135.097293	137.930395	134.951173	223.296949	213.439899	213.690619	134.975489	
62.303503	45.000000	224.947113	224.906159	135.047350	134.988554	45.093685	314.485812	315.731813	22.362957	44.975086	0.000000	60.701087	44.999997	223.658867	202.290622	134.999977	223.444184	225.012066	224.704973	134.999998	316.970324	74.142582	45.097293	223.034699	135.072489	135.726294	74.655518	45.390952	315.192371	315.181065	33.627756	22.254896	49.567822	45.000010	218.864771	135.097293	137.930395	134.951173	223.296949	213.439899	213.690619	134.975489	
62.299541	45.000000	224.947113	224.906159	135.047350	134.988554	45.093685	314.485812	315.731813	22.362957	44.975086	0.000000	60.701087	44.999997	223.658867	202.290622	134.999977	223.444184	225.012066	224.704973	134.999998	316.970324	74.142582	45.097293	223.034699	135.072489	135.726294	74.655518	45.390952	315.192371	315.181065	33.627756	22.254896	49.567822	45.000010	218.864771	135.097293	137.930395	134.951173	223.296949	213.439899	213.690619	134.975489	
62.297874	45.000000	224.947113	224.906159	135.047350	134.988554	45.093685	314.485812	315.731813	22.362957	44.975086	0.000000	60.701087	44.999997	223.658867	202.290622	134.999977	223.444184	225.012066	224.704973	134.999998	316.970324	74.142582	45.097293	223.034699	135.072489	135.726294	74.655518	45.390952	315.192371	315.181065	33.627756	22.254896	49.567822	45.000010	218.864771	135.097293	137.930395	134.951173	223.296949	213.439899	213.690619	134.975489	
62.297172	45.000000	224.947113	224.906159	135.047350	134.988554	45.093685	314.485812	315.731813	22.362957	44.975086	0.000000	60.701087	44.999997	223.658867	202.290622	134.999977	223.444184	225.012066	224.704973	134.999998	316.970324	74.142582	45.097293	223.034699	135.072489	135.726294	74.655518	45.390952	315.192371	315.181065	33.627756	22.254896	49.567822	45.000010	218.864771	135.097293	137.930395	134.951173	223.296949	213.439899	213.690619	134.975489	
62.296877	45.000000	224.947113	224.906159	135.047350	134.988554	45.093685	314.485812	315.731813	22.362957	44.975086	0.000000	60.701087	44.999997	223.658867	202.290622	134.999977	223.444184	225.012066	224.704973	134.999998	316.970324	74.142582	45.097293	223.034699	135.072489	135.726294	74.655518	45.390952	315.192371	315.181065	33.627756	22.254896	49.567822	45.000010	218.864771	135.097293	137.930395	134.951173	223.296949	213.439899	213.690619	134.975489	
62.296752	45.000000	224.947113	224.906159	135.047350	134.988554	45.093685	314.485812	315.731813	22.362957	44.975086	0.000000	60.701087	44.999997	223.658867	202.290622	134.999977	223.444184	225.012066	224.704973	134.999998	316.970324	74.142582	45.097293	223.034699	135.072489	135.726294	74.655518	45.390952	315.192371	315.181065	33.627756	22.254896	49.567822	45.000010	218.864771	135.097293	137.930395	134.951173	223.296949	213.439899	213.690619	134.975489	
62.296700	45.000000	224.947113	224.906159	135.047350	134.988554	45.093685	314.485812	315.731813	22.362957	44.975086	0.000000	60.701087	44.999997	223.658867	202.290622	134.999977	223.444184	225.012066	224.704973	134.999998	316.970324	74.142582	45.097293	223.034699	135.072489	135.726294	74.655518	45.390952	315.192371	315.181065	33.627756	22.254896	49.567822	45.000010	218.864771	135.097293	137.930395	134.951173	223.296949	213.439899	213.690619	134.975489	
62.296678	45.000000	224.947113	224.906159	135.047350	134.988554	45.093685	314.485812	315.731813	22.362957	44.975086	0.000000	60.701087	44.999997	223.658867	202.290622	134.999977	223.444184	225.012066	224.704973	134.999998	316.970324	74.142582	45.097293	223.034699	135.072489	135.726294	74.655518	45.390952	315.192371	315.181065	33.627756	22.254896	49.567822	45.000010	218.864771	135.097293	137.930395	134.951173	223.296949	213.439899	213.690619	134.975489	
62.296668	45.000000	224.947113	224.906159	135.047350	134.988554	45.093685	314.485812	315.731813	22.362957	44.975086	0.000000	60.701087	44.999997	223.658867	202.290622	134.999977	223.444184	225.012066	224.704973	134.999998	316.970324	74.142582	45.097293	223.034699	135.072489	135.726294	74.655518	45.390952	315.192371	315.181065	33.627756	22.254896	49.567822	45.000010	218.864771	135.097293	137.930395	134.951173	223.296949	213.439899	213.690619	134.975489	
62.296664	45.000000	224.947113	224.906159	135.047350	134.988554	45.093685	314.485812	315.731813	22.362957	44.975086	0.000000	60.701087	44.999997	223.658867	202.290622	134.999977	223.444184	225.012066	224.704973	134.999998	316.970324	74.142582	45.097293	223.034699	135.072489	135.726294	74.655518	45.390952	315.192371	315.181065	33.627756	22.254896	49.567822	45.000010	218.864771	135.097293	137.930395	134.951173	223.296949	213.439899	213.690619	134.975489	
62.296663	45.000000	224.947113	224.906159	135.047350	134.988554	45.093685	314.485812	315.731813	22.362957	44.975086	0.000000	60.701087	44.999997	223.658867	202.290622	134.999977	223.444184	225.012066	224.704973	134.999998	316.970324	74.142582	45.097293	223.034699	135.072489	135.726294	74.655518	45.390952	315.192371	315.181065	33.627756	22.254896	49.567822	45.000010	218.864771	135.097293	137.930395	134.951173	223.296949	213.439899	213.690619	134.975489	
62.296662	45.000000	224.947113	224.906159	135.047350	134.988554	45.093685	314.485812	315.731813	22.362957	44.975086	0.000000	60.701087	44.999997	223.658867	202.290622	134.999977	223.444184	225.012066	224.704973	134.999998	316.970324	74.142582	45.097293	223.034699	135.072489	135.726294	74.655518	45.390952	315.192371	315.181065	33.627756	22.254896	49.567822	45.000010	218.864771	135.097293	137.930395	134.951173	223.296949	213.439899	213.690619	134.975489	
62.296662	45.000000	224.947113	224.906159	135.047350	134.988554	45.093685	314.485812	315.731813	22.362957	44.975086	0.000000	60.701087	44.999997	223.658867	202.290622	134.999977	223.444184	225.012066	224.704973	134.999998	316.970324	74.142582	45.097293	223.034699	135.072489	135.726294	74.655518	45.390952	315.192371	315.181065	33.627756	22.254896	49.567822	45.000010	218.864771	135.097293	137.930395	134.951173	223.296949	213.439899	213.690619	134.975489	
62.296662	45.000000	224.947113	224.906159	135.047350	134.988554	45.093685	314.485812	315.731813	22.362957	44.975086	0.000000	60.701087	44.999997	223.658867	202.290622	134.999977	223.444184	225.012066	224.704973	134.999998	316.970324	74.142582	45.097293	223.034699	135.072489	135.726294	74.655518	45.390952	315.192371	315.181065	33.627756	22.254896	49.567822	45.000010	218.864771	135.097293	137.930395	134.951173	223.296949	213.439899	213.690619	134.975489	
62.296662	45.000000	224.947113	224.906159	135.047350	134.988554	45.093685	314.485812	315.731813	22.362957	44.975086	0.000000	60.701087	44.999997	223.658867	202.290622	134.999977	223.444184	225.012066	224.704973	134.999998	316.970324	74.142582	45.097293	223.034699	135.072489	135.726294	74.655518	45.390952	315.192371	315.181065	33.627756	22.254896	49.567822	45.000010	218.864771	135.097293	137.930395	134.951173	223.296949	213.439899	213.690619	134.975489	
62.296662	45.000000	224.947113	224.906159	135.047350	134.988554	45.093685	314.485812	315.731813	22.362957	44.975086	0.000000	60.701087	44.999997	223.658867	202.290622	134.999977	223.444184	225.012066	224.704973	134.999998	316.970324	74.142582	45.097293	223.034699	135.072489	135.726294	74.655518	45.390952	315.192371	315.181065	33.627756	22.254896	49.567822	45.000010	218.864771	135.097293	137.930395	134.951173	223.296949	213.439899	213.690619	134.975489	
62.296662	45.000000	224.947113	224.906159	135.047350	134.988554	45.093685	314.485812	315.731813	22.362957	44.975086	0.000000	60.701087	44.999997	223.658867	202.290622	134.999977	223.444184	225.012066	224.704973	134.999998	316.970324	74.142582	45.097293	223.034699	135.072489	135.726294	74.655518	45.390952	315.192371	315.181065	33.627756	22.254896	49.567822	45.000010	218.864771	135.097293	137.930395	134.951173	223.296949	213.439899	213.690619	134.975489	
62.296662	45.000000	224.947113	224.906159	135.047350	134.988554	45.093685	314.485812	315.731813	22.362957	44.975086	0.000000	60.701087	44.999997	223.658867	202.290622	134.999977	223.444184	225.012066	224.704973	134.999998	316.970324	74.142582	45.097293	223.034699	135.072489	135.726294	74.655518	45.390952	315.192371	315.181065	33.627756	22.254896	49.567822	45.000010	218.864771	135.097293	137.930395	134.951173	223.296949	213.439899	213.690619	134.975489	
62.296662	45.000000	224.947113	224.906159	135.047350	134.988554	45.093685	314.485812	315.731813	22.362957	44.975086	0.000000	60.701087	44.999997	223.658867	202.290622	134.999977	223.444184	225.012066	224.704973	134.999998	316.970324	74.142582	45.097293	223.034699	135.072489	135.726294	74.655518	45.390952	315.192371	315.181065	33.627756	22.254896	49.567822	45.000010	218.864771	135.097293	137.930395	134.951173	223.296949	213.439899	213.690619	134.975489	
62.296662	45.000000	224.947113	224.906159	135.047350	134.988554	45.093685	314.485812	315.731813	22.362957	44.975086	0.000000	60.701087	44.999997	223.658867	202.290622	134.999977	223.444184	225.012066	224.704973	134.999998	316.970324	74.142582	45.097293	223.034699	135.072489	135.726294	74.655518	45.390952	315.192371	315.181065	33.627756	22.254896	49.567822	45.000010	218.864771	135.097293	137.930395	134.951173	223.296949	213.439899	213.690619	134.975489	
62.296662	45.000000	224.947113	224.906159	135.047350	134.988554	45.093685	314.485812	315.731813	22.362957	44.975086	0.000000	60.701087	44.999997	223.658867	202.290622	134.999977	223.444184	225.012066	224.704973	134.999998	316.970324	74.142582	45.097293	223.034699	135.072489	135.726294	74.655518	45.390952	315.192371	315.181065	33.627756	22.254896	49.567822	45.000010	218.864771	135.097293	137.930395	134.951173	223.296949	213.439899	213.690619	134.975489	
62.296662	45.000000	224.947113	224.906159	135.047350	134.988554	45.093685	314.485812	315.731813	22.362957	44.975086	0.000000	60.701087	44.999997	223.658867	202.290622	134.999977	223.444184	225.012066	224.704973	134.999998	316.970324	74.142582	45.097293	223.034699	135.072489	135.726294	74.655518	45.390952	315.192371	315.181065	33.627756	22.254896	49.567822	45.000010	218.864771	135.097293	137.930395	134.951173	223.296949	213.439899	213.690619	134.975489	
62.296662	45.000000	224.947113	224.906159	135.047350	134.988554	45.093685	314.485812	315.731813	22.362957	44.975086	0.000000	60.701087	44.999997	223.658867	202.290622	134.999977	223.444184	225.012066	224.704973	134.999998	316.970324	74.142582	45.097293	223.034699	135.051792	135.726294	74.655518	45.390952	315.192371	315.181065	33.627756	22.254896	49.567822	45.000010	218.864771	135.097293	137.930395	134.951173	223.296949	213.439899	213.690619	134.975489	
62.296662	45.000000	224.947113	224.906159	135.047350	134.988554	45.093685	314.485812	315.731813	22.362957	44.975086	0.000000	60.701087	44.999997	223.658867	202.290622	134.999977	223.444184	225.012066	224.704973	134.999998	316.970324	74.142582	45.097293	223.034699	135.043103	135.726294	74.655518	45.390952	315.192371	315.181065	33.627756	22.254896	49.567822	45.000010	218.864771	135.097293	137.930395	134.951173	223.296949	213.439899	213.690619	134.975489	
62.296662	45.000000	224.947113	224.906159	135.047350	134.988554	45.093685	314.485812	315.731813	22.362957	44.975086	0.000000	60.701087	44.999997	223.658867	202.290622	134.999977	223.444184	225.012066	224.704973	134.999998	316.970324	74.142582	45.097293	223.034699	135.039454	135.726294	74.655518	45.390952	315.192371	315.181065	33.627756	22.254896	49.567822	45.000010	218.864771	135.097293	137.930395	134.951173	223.296949	213.439899	213.690619	134.975489	
62.296662	45.000000	224.947113	224.906159	135.047350	134.988554	45.093685	314.485812	315.731813	22.362957	44.975086	0.000000	60.701087	44.999997	223.658867	202.290622	134.999977	223.444184	225.012066	224.704973	134.999998	316.970324	74.142582	45.097293	223.034699	135.037922	135.726294	74.655518	45.390952	315.192371	315.181065	33.627756	22.254896	49.567822	45.000010	218.864771	135.097293	137.930395	134.951173	223.296949	213.439899	213.690619	134.975489	
62.296662	45.000000	224.947113	224.906159	135.047350	134.988554	45.093685	314.485812	315.731813	22.362957	44.975086	0.000000	60.701087	44.999997	223.658867	202.290622	134.999977	223.444184	225.012066	224.704973	134.999998	316.970324	74.142582	45.097293	223.034699	135.037278	135.726294	74.655518	45.390952	315.192371	315.181065	33.627756	22.254896	49.567822	45.000010	218.864771	135.097293	137.930395	134.951173	223.296949	213.439899	213.690619	134.975489	
62.296662	45.000000	224.947113	224.906159	135.047350	134.988554	45.093685	314.485812	315.731813	22.362957	44.975086	0.000000	60.701087	44.999997	223.658867	202.290622	134.999977	223.444184	225.012066	224.704973	134.999998	316.970324	74.142582	45.097293	223.034699	135.037008	135.726294	74.655518	45.390952	315.192371	315.181065	33.627756	22.254896	49.567822	45.000010	218.864771	135.097293	137.930395	134.951173	223.296949	213.439899	213.690619	134.975489	
62.296662	45.000000	224.947113	224.906159	135.047350	134.988554	45.093685	314.485812	315.731813	22.362957	44.975086	0.000000	60.701087	44.999997	223.658867	202.290622	134.999977	223.444184	225.012066	224.704973	134.999998	316.970324	74.142582	45.097293	223.034699	135.036894	135.726294	74.655518	45.390952	315.192371	315.181065	33.627756	22.254896	49.567822	45.000010	218.864771	135.097293	137.930395	134.951173	223.296949	213.439899	213.690619	134.975489	
62.296662	45.000000	224.947113	224.906159	135.047350	134.988554	45.093685	314.485812	315.731813	22.362957	44.975086	0.000000	60.701087	44.999997	223.658867	202.290622	134.999977	223.444184	225.012066	224.704973	134.999998	316.970324	74.142582	45.097293	223.034699	135.036846	135.726294	74.655518	45.390952	315.192371	315.181065	33.627756	22.254896	49.567822	45.000010	218.864771	135.097293	137.930395	134.951173	223.296949	213.439899	213.690619	134.975489	
62.296662	45.000000	224.947113	224.906159	135.047350	134.988554	45.093685	314.485812	315.731813	22.362957	44.975086	0.000000	60.701087	44.999997	223.658867	202.290622	134.999977	223.444184	225.012066	224.704973	134.999998	316.970324	74.142582	45.097293	223.034699	135.036826	135.726294	74.655518	45.390952	315.192371	315.181065	33.627756	22.254896	49.567822	45.000010	218.864771	135.097293	137.930395	134.951173	223.296949	213.439899	213.690619	134.975489	
62.296662	45.000000	224.947113	224.906159	135.047350	134.988554	45.093685	314.485812	315.731813	22.362957	44.975086	0.000000	60.701087	44.999997	223.658867	202.290622	134.999977	223.444184	225.012066	224.704973	134.999998	316.970324	74.142582	45.097293	223.034699	135.036818	135.726294	74.655518	45.390952	315.192371	315.181065	33.627756	22.254896	49.567822	45.000010	218.864771	135.097293	137.930395	134.951173	223.296949	213.439899	213.690619	134.975489	
62.296662	45.000000	224.947113	224.906159	135.047350	134.988554	45.093685	314.485812	315.731813	22.362957	44.975086	0.000000	60.701087	44.999997	223.658867	202.290622	134.999977	223.444184	225.012066	224.704973	134.999998	316.970324	74.142582	45.097293	223.034699	135.036814	135.726294	74.655518	45.390952	315.192371	315.181065	33.627756	22.254896	49.567822	45.000010	218.864771	135.097293	137.930395	134.951173	223.296949	213.439899	213.690619	134.975489	
62.296662	45.000000	224.947113	224.906159	135.047350	134.988554	45.093685	314.485812	315.731813	22.362957	44.975086	0.000000	60.701087	44.999997	223.658867	202.290622	134.999977	223.444184	225.012066	224.704973	134.999998	316.970324	74.142582	45.097293	223.034699	135.036813	135.726294	74.655518	45.390952	315.192371	315.181065	33.627756	22.254896	49.567822	45.000010	218.864771	135.097293	137.930395	134.951173	223.296949	213.439899	213.690619	134.975489	
62.296662	45.000000	224.947113	224.906159	135.047350	134.988554	45.093685	314.485812	315.731813	22.362957	44.975086	0.000000	60.701087	44.999997	223.658867	202.290622	134.999977	223.444184	225.012066	224.704973	134.999998	316.970324	74.142582	45.097293	223.034699	135.036812	135.726294	74.655518	45.390952	315.192371	315.181065	33.627756	22.254896	49.567822	45.000010	218.864771	135.097293	137.930395	134.951173	223.296949	213.439899	213.690619	134.975489	
62.296662	45.000000	224.947113	224.906159	135.047350	134.988554	45.093685	314.485812	315.731813	22.362957	44.975086	0.000000	60.701087	44.999997	223.658867	202.290622	134.999977	223.444184	225.012066	224.704973	134.999998	316.970324	74.142582	45.097293	223.034699	135.036812	135.726294	74.655518	45.390952	315.192371	315.181065	33.627756	22.254896	49.567822	45.000010	218.864771	135.097293	137.930395	134.951173	223.296949	213.439899	213.690619	134.975489	
62.296662	45.000000	224.947113	224.906159	135.047350	134.988554	45.093685	314.485812	315.731813	22.362957	44.975086	0.000000	60.701087	44.999997	223.658867	202.290622	134.999977	223.444184	225.012066	224.704973	134.999998	316.970324	74.142582	45.097293	223.034699	135.036812	135.726294	74.655518	45.390952	315.192371	315.181065	33.627756	22.254896	49.567822	45.000010	218.864771	135.097293	137.930395	134.951173	223.296949	213.439899	213.690619	134.975489	
62.296662	45.000000	224.947113	224.906159	135.047350	134.988554	45.093685	314.485812	315.731813	22.362957	44.975086	0.000000	60.701087	44.999997	223.658867	202.290622	134.999977	223.444184	225.012066	224.704973	134.999998	316.970324	74.142582	45.097293	223.034699	135.036812	135.726294	74.655518	45.390952	315.192371	315.181065	33.627756	22.254896	49.567822	45.000010	218.864771	135.097293	137.930395	134.951173	223.296949	213.439899	213.690619	134.975489	
62.296662	45.000000	224.947113	224.906159	135.047350	134.988554	45.093685	314.485812	315.731813	22.362957	44.975086	0.000000	60.701087	44.999997	223.658867	202.290622	134.999977	223.444184	225.012066	224.704973	134.999998	316.970324	74.142582	45.097293	223.034699	135.036812	135.726294	74.655518	45.390952	315.192371	315.181065	33.627756	22.254896	49.567822	45.000010	218.864771	135.097293	137.930395	134.951173	223.296949	213.439899	213.690619	134.975489	
62.296662	45.000000	224.947113	224.906159	135.047350	134.988554	45.093685	314.485812	315.731813	22.362957	44.975086	0.000000	60.701087	44.999997	223.658867	202.290622	134.999977	223.444184	225.012066	224.704973	134.999998	316.970324	74.142582	45.097293	223.034699	135.036812	135.726294	74.655518	45.390952	315.192371	315.181065	33.627756	22.254896	49.567822	45.000010	218.864771	135.097293	137.930395	134.951173	223.296949	213.439899	213.690619	134.975489	
62.296662	45.000000	224.947113	224.906159	135.047350	134.988554	45.093685	314.485812	315.731813	22.362957	44.975086	0.000000	60.701087	44.999997	223.658867	202.290622	134.999977	223.444184	225.012066	224.704973	134.999998	316.970324	74.142582	45.097293	223.034699	135.036812	135.726294	74.655518	45.390952	315.192371	315.181065	33.627756	22.254896	49.567822	45.000010	218.864771	135.097293	137.930395	134.951173	223.296949	213.439899	213.690619	134.975489	
62.296662	45.000000	224.947113	224.906159	135.047350	134.988554	45.093685	314.485812	315.731813	22.362957	44.975086	0.000000	60.701087	44.999997	223.658867	202.290622	134.999977	223.444184	225.012066	224.704973	134.999998	316.970324	74.142582	45.097293	223.034699	135.036812	135.726294	74.655518	45.390952	315.192371	315.181065	33.627756	22.254896	49.567822	45.000010	218.864771	135.097293	137.930395	134.951173	223.296949	213.439899	213.690619	134.975489	
62.296662	45.000000	224.947113	224.906159	135.047350	134.988554	45.093685	314.485812	315.731813	22.362957	44.975086	0.000000	60.701087	44.999997	223.658867	202.290622	134.999977	223.444184	225.012066	224.704973	134.999998	316.970324	74.142582	45.097293	223.034699	135.036812	135.726294	74.655518	45.390952	315.192371	315.181065	33.627756	22.254896	49.567822	45.000010	218.864771	135.097293	137.930395	134.951173	223.296949	213.439899	213.690619	134.975489	
0.000000	0.000000	0.000000	0.000000	0.000000	0.000000	0.000000	0.000000	0.000000	0.000000	0.000000	0.000000	0.000000	0.000000	0.000000	0.000000	0.000000	0.000000	0.000000	0.000000	0.000000	0.000000	0.000000	0.000000	0.000000	0.000000	0.000000	0.000000	0.000000	0.000000	0.000000	0.000000	0.000000	0.000000	0.000000	0.000000	0.000000	0.000000	0.000000	0.000000	0.000000	0.000000	0.000000	
