7.023570	 8.976430	-1000.000000	 -1000.000000	-1000.000000	 -1000.000000	-1000.000000	 -1000.000000	-1000.000000	 -1000.000000	-1000.000000	 -1000.000000	-1000.000000	 -1000.000000	-1000.000000	 -1000.000000	-1000.000000	 -1000.000000	-1000.000000	 -1000.000000	-1000.000000	 -1000.000000	-1000.000000	 -1000.000000	-1000.000000	 -1000.000000	-1000.000000	 -1000.000000	-1000.000000	 -1000.000000	-1000.000000	 -1000.000000	-1000.000000	 -1000.000000	-1000.000000	 -1000.000000	-1000.000000	 -1000.000000	-1000.000000	 -1000.000000	
7.061283	 8.938717	17.973333	 17.000000	17.963333	 17.000000	-1000.000000	 -1000.000000	-1000.000000	 -1000.000000	-1000.000000	 -1000.000000	-1000.000000	 -1000.000000	-1000.000000	 -1000.000000	-1000.000000	 -1000.000000	-1000.000000	 -1000.000000	-1000.000000	 -1000.000000	-1000.000000	 -1000.000000	-1000.000000	 -1000.000000	-1000.000000	 -1000.000000	-1000.000000	 -1000.000000	4.025876	 13.005490	4.035164	 13.008078	-1000.000000	 -1000.000000	-1000.000000	 -1000.000000	-1000.000000	 -1000.000000	
7.098995	 8.901005	17.933333	 17.000000	17.896667	 17.000000	17.980000	 17.000000	17.980000	 17.000000	4.000000	 21.980000	-1000.000000	 -1000.000000	-1000.000000	 -1000.000000	-1000.000000	 -1000.000000	-1000.000000	 -1000.000000	-1000.000000	 -1000.000000	-1000.000000	 -1000.000000	-1000.000000	 -1000.000000	-1000.000000	 -1000.000000	-1000.000000	 -1000.000000	4.062381	 13.021810	4.096675	 13.033723	4.019296	 13.002981	4.019296	 13.002981	4.019296	 13.002981	
7.136707	 8.863293	17.893333	 17.000000	17.830000	 17.000000	17.913333	 17.000000	17.906667	 17.000000	4.000000	 21.900000	4.000000	 21.993333	4.000000	 21.993333	4.000000	 21.993333	4.000000	 21.993333	-1000.000000	 -1000.000000	-1000.000000	 -1000.000000	-1000.000000	 -1000.000000	-1000.000000	 -1000.000000	-1000.000000	 -1000.000000	4.098199	 13.039615	4.156701	 13.062724	4.081506	 13.026819	4.087809	 13.029001	4.093652	 13.031052	
7.174420	 8.825580	17.853333	 17.000000	17.763333	 17.000000	17.846667	 17.000000	17.833333	 17.000000	4.000000	 21.820000	4.000000	 21.916667	4.000000	 21.940000	4.000000	 21.953333	4.000000	 21.930000	4.000000	 22.000000	4.000000	 22.000000	4.000000	 22.000000	4.000000	 22.000000	4.000000	 22.000000	4.133920	 13.057617	4.216288	 13.092622	4.141758	 13.055343	4.154198	 13.060138	4.166190	 13.064778	
7.212132	 8.787868	17.813333	 17.000000	17.696667	 17.000000	17.780000	 17.000000	17.760000	 17.000000	4.000000	 21.740000	4.000000	 21.830000	4.000000	 21.886667	4.000000	 21.913333	4.000000	 21.863333	4.000000	 21.946667	4.000000	 21.943333	4.000000	 21.940000	4.000000	 21.938333	4.000000	 21.953333	4.169627	 13.075644	4.275752	 13.122762	4.201409	 13.085112	4.219860	 13.092791	4.237875	 13.100290	
7.249844	 8.750156	17.773333	 17.000000	17.630000	 17.000000	17.713333	 17.000000	17.686667	 17.000000	4.000000	 21.660000	4.000000	 21.743333	4.000000	 21.833333	4.000000	 21.873333	4.000000	 21.796667	4.000000	 21.880000	4.000000	 21.870000	4.000000	 21.860000	4.000000	 21.851667	4.000000	 21.900000	4.205333	 13.093675	4.335183	 13.152969	4.260891	 13.115217	4.285294	 13.125901	4.309266	 13.136392	
7.287557	 8.712443	17.733333	 17.000000	17.563333	 17.000000	17.646667	 17.000000	17.613333	 17.000000	4.000000	 21.580000	4.000000	 21.656667	4.000000	 21.780000	4.000000	 21.833333	4.000000	 21.730000	4.000000	 21.813333	4.000000	 21.796667	4.000000	 21.780000	4.000000	 21.765000	4.000000	 21.846667	4.241038	 13.111707	4.394604	 13.183193	4.320326	 13.145414	4.350657	 13.159148	4.380558	 13.172690	
7.325269	 8.674731	17.693333	 17.000000	17.496667	 17.000000	17.580000	 17.000000	17.540000	 17.000000	4.000000	 21.500000	4.000000	 21.570000	4.000000	 21.726667	4.000000	 21.793333	4.000000	 21.663333	4.000000	 21.746667	4.000000	 21.723333	4.000000	 21.700000	4.000000	 21.678333	4.000000	 21.793333	4.276743	 13.129738	4.454023	 13.213423	4.379749	 13.175636	4.415999	 13.192438	4.451815	 13.209053	
7.362981	 8.637019	17.653333	 17.000000	17.430000	 17.000000	17.513333	 17.000000	17.466667	 17.000000	4.005227	 21.420369	4.000000	 21.483333	4.000000	 21.673333	4.000000	 21.753333	4.000000	 21.596667	4.000000	 21.680000	4.000000	 21.650000	4.000000	 21.620000	4.000000	 21.591667	4.000000	 21.740000	4.312448	 13.147770	4.513442	 13.243653	4.439169	 13.205865	4.481334	 13.225741	4.523062	 13.245439	
7.400694	 8.599306	17.613333	 17.000000	17.363333	 17.000000	17.446667	 17.000000	17.393333	 17.000000	4.026986	 21.343441	4.009919	 21.397512	4.000000	 21.620000	4.000000	 21.713333	4.000000	 21.530000	4.000000	 21.613333	4.000000	 21.576667	4.000000	 21.540000	4.000000	 21.505000	4.000000	 21.686667	4.348154	 13.165801	4.572860	 13.273885	4.498587	 13.236096	4.546668	 13.259048	4.594305	 13.281832	
7.438406	 8.561594	17.573333	 17.000000	17.296667	 17.000000	17.380000	 17.000000	17.320000	 17.000000	4.054853	 21.268458	4.035165	 21.314641	4.000000	 21.566667	4.000000	 21.673333	4.001797	 21.463430	4.000000	 21.546667	4.000000	 21.503333	4.000000	 21.460000	4.005351	 21.418691	4.000000	 21.633333	4.383859	 13.183833	4.632278	 13.304116	4.558005	 13.266327	4.612000	 13.292356	4.665546	 13.318228	
7.476119	 8.523881	17.533333	 17.000000	17.230000	 17.000000	17.313333	 17.000000	17.246667	 17.000000	4.084699	 21.194234	4.065746	 21.233554	4.000000	 21.513333	4.000000	 21.633333	4.018701	 21.399021	4.000000	 21.480000	4.005071	 21.430379	4.014862	 21.381556	4.028128	 21.335133	4.000000	 21.580000	4.419564	 13.201864	4.691696	 13.334347	4.617423	 13.296558	4.677333	 13.325664	4.741731	 13.340281	
7.513831	 8.486169	17.493333	 17.000000	17.163333	 17.000000	17.246667	 17.000000	17.173333	 17.000000	4.115193	 21.120274	4.098205	 21.153196	4.001686	 21.460107	4.000000	 21.593333	4.041787	 21.336485	4.013564	 21.414876	4.025663	 21.360044	4.040519	 21.305801	4.057846	 21.253729	4.000000	 21.526667	4.455269	 13.219896	4.757308	 13.343818	4.676842	 13.326789	4.747348	 13.344990	4.821647	 13.339470	
7.551543	 8.448457	17.453333	 17.000000	17.096667	 17.000000	17.180000	 17.000000	17.100000	 17.000000	4.145902	 21.046403	4.131332	 21.073110	4.016486	 21.408927	4.000000	 21.553333	4.066505	 21.274570	4.035776	 21.352030	4.051518	 21.291424	4.069645	 21.231293	4.090000	 21.173248	4.000000	 21.473333	4.490975	 13.237927	4.823764	 13.338894	4.740644	 13.343538	4.820586	 13.342972	4.901170	 13.330824	
7.589256	 8.410744	17.413333	 17.000000	17.030000	 17.000000	17.113333	 17.000000	17.026667	 17.000000	4.176682	 20.972561	4.164699	 20.993124	4.035594	 21.359137	4.000000	 21.513333	4.091661	 21.212832	4.060261	 21.290023	4.078927	 21.223406	4.099903	 21.157236	4.123018	 21.093118	4.012104	 21.421520	4.526680	 13.255959	4.889838	 13.330036	4.807196	 13.340700	4.893399	 13.334307	4.980375	 13.319585	
7.626968	 8.373032	17.373333	 17.000000	16.963333	 17.000000	17.046667	 17.000000	16.953333	 17.000000	4.207485	 20.898729	4.198152	 20.913174	4.055562	 21.309683	4.001515	 21.473449	4.116934	 21.151142	4.085354	 21.228259	4.106802	 21.155577	4.130534	 21.083333	4.156346	 21.013116	4.030681	 21.371532	4.562385	 13.273990	4.955762	 13.320114	4.873340	 13.332406	4.965952	 13.323640	5.059455	 13.307487	
7.664680	 8.335320	17.333333	 17.000000	16.896667	 17.000000	16.980000	 17.000000	16.880000	 17.000000	4.238297	 20.824901	4.231636	 20.833237	4.075704	 21.260299	4.013632	 21.435364	4.142240	 21.089464	4.110611	 21.166562	4.134816	 21.087806	4.161287	 21.009480	4.189785	 20.933160	4.050542	 21.322035	4.598090	 13.292022	5.021642	 13.309904	4.939287	 13.322637	5.038414	 13.312367	5.138491	 13.295102	
7.702393	 8.297607	17.293333	 17.000000	16.830000	 17.000000	16.913333	 17.000000	16.806667	 17.000000	4.269110	 20.751073	4.265131	 20.753304	4.095882	 21.210930	4.028274	 21.398141	4.167555	 21.027791	4.135912	 21.104883	4.162873	 21.020052	4.192082	 20.935645	4.223263	 20.853221	4.070663	 21.272643	4.633796	 13.310053	5.087510	 13.299615	5.005174	 13.312468	5.110847	 13.300910	5.217511	 13.282621	
7.740105	 8.259895	17.253333	 17.000000	16.763333	 17.000000	16.846667	 17.000000	16.733333	 17.000000	4.299925	 20.677246	4.298630	 20.673374	4.116067	 21.161564	4.043246	 21.361049	4.192871	 20.966118	4.161226	 21.043209	4.190942	 20.952303	4.222890	 20.861815	4.256757	 20.773287	4.090836	 21.223272	4.669501	 13.328085	5.153374	 13.289304	5.071043	 13.302190	5.183271	 13.289398	5.296527	 13.270108	
7.777817	 8.222183	17.213333	 17.000000	16.696667	 17.000000	16.780000	 17.000000	16.660000	 17.000000	4.330740	 20.603419	4.332131	 20.593444	4.136254	 21.112199	4.058262	 21.323974	4.218189	 20.904446	4.186542	 20.981536	4.219016	 20.884556	4.253703	 20.787987	4.290255	 20.693356	4.111021	 21.173906	4.708140	 13.335533	5.219238	 13.278988	5.136908	 13.291883	5.255692	 13.277869	5.375540	 13.257585	
7.815530	 8.184470	17.173333	 17.000000	16.630000	 17.000000	16.713333	 17.000000	16.586667	 17.000000	4.361555	 20.529592	4.365632	 20.513514	4.156441	 21.062834	4.073283	 21.286902	4.243506	 20.842774	4.211859	 20.919864	4.247090	 20.816810	4.284518	 20.714159	4.323755	 20.613426	4.131207	 21.124540	4.747924	 13.331497	5.285101	 13.268670	5.202772	 13.281567	5.328113	 13.266335	5.454553	 13.245058	
7.853242	 8.146758	17.133333	 17.000000	16.563333	 17.000000	16.646667	 17.000000	16.513333	 17.000000	4.392370	 20.455765	4.399133	 20.433584	4.176628	 21.013468	4.088306	 21.249830	4.268824	 20.781102	4.237177	 20.858192	4.275165	 20.749063	4.315332	 20.640332	4.357256	 20.533496	4.151394	 21.075175	4.787531	 13.325906	5.350965	 13.258351	5.268636	 13.271249	5.400533	 13.254799	5.533566	 13.232529	
7.890955	 8.109045	17.093333	 17.000000	16.496667	 17.000000	16.580000	 17.000000	16.440000	 17.000000	4.423185	 20.381938	4.432634	 20.353654	4.196815	 20.964103	4.103328	 21.212758	4.294141	 20.719429	4.262494	 20.796520	4.303240	 20.681317	4.346147	 20.566505	4.390758	 20.453566	4.171581	 21.025810	4.827108	 13.320108	5.416828	 13.248032	5.334499	 13.260931	5.472953	 13.243262	5.608783	 13.206946	
7.928667	 8.071333	17.053333	 17.000000	16.430000	 17.000000	16.513333	 17.000000	16.366667	 17.000000	4.450243	 20.306703	4.460081	 20.271478	4.217002	 20.914738	4.118351	 21.175686	4.319459	 20.657757	4.287812	 20.734847	4.331315	 20.613570	4.376963	 20.492678	4.424259	 20.373637	4.191768	 20.976444	4.866682	 13.314282	5.482691	 13.237714	5.400362	 13.250612	5.545373	 13.231725	5.675226	 13.162505	
7.967303	 8.034645	17.013333	 17.000000	16.363333	 17.000000	16.446667	 17.000000	16.293333	 17.000000	4.471548	 20.229597	4.482707	 20.187821	4.237189	 20.865373	4.133373	 21.138615	4.344777	 20.596085	4.313130	 20.673175	4.359390	 20.545824	4.407778	 20.418851	4.453866	 20.292235	4.211955	 20.927079	4.906255	 13.308453	5.548554	 13.227395	5.466225	 13.240293	5.611623	 13.201013	5.737514	 13.112315	
8.012581	 8.006533	16.973333	 17.000000	16.296667	 17.000000	16.380000	 17.000000	16.220000	 17.000000	4.490915	 20.151977	4.503580	 20.103706	4.257376	 20.816007	4.148396	 21.101543	4.370094	 20.534413	4.338447	 20.611503	4.387465	 20.478078	4.437860	 20.344735	4.477287	 20.208799	4.232142	 20.877714	4.945828	 13.302623	5.608399	 13.198699	5.532089	 13.229975	5.670813	 13.157768	5.798281	 13.060283	
8.059734	 7.981615	16.933333	 17.000000	16.230000	 17.000000	16.313333	 17.000000	16.146667	 17.000000	4.509636	 20.074199	4.523820	 20.019436	4.277563	 20.766642	4.163419	 21.064471	4.395412	 20.472740	4.363765	 20.549831	4.415540	 20.410331	4.461285	 20.268258	4.498447	 20.124756	4.252329	 20.828349	4.985401	 13.296793	5.661809	 13.158840	5.594278	 13.207551	5.727301	 13.111009	5.858521	 13.007642	
8.107237	 7.957369	16.893333	 17.000000	16.163333	 17.000000	16.246667	 17.000000	16.073333	 17.000000	4.528143	 19.996369	4.543832	 19.935111	4.297750	 20.717277	4.178441	 21.027399	4.420730	 20.411068	4.389083	 20.488159	4.442900	 20.342306	4.481361	 20.190820	4.518791	 20.040511	4.272516	 20.778983	5.024973	 13.290963	5.713032	 13.116173	5.648769	 13.169219	5.782915	 13.063209	5.917427	 12.953591	
8.154811	 7.933263	16.853333	 17.000000	16.096667	 17.000000	16.180000	 17.000000	16.000000	 17.000000	4.546578	 19.918522	4.563760	 19.850767	4.317937	 20.667912	4.193464	 20.990327	4.445356	 20.349130	4.414400	 20.426486	4.463931	 20.272068	4.500319	 20.113099	4.538840	 19.956195	4.292703	 20.729618	5.064546	 13.285133	5.763625	 13.072759	5.700318	 13.126949	5.838257	 13.015094	5.965103	 12.889440	
8.202400	 7.909184	16.813333	 17.000000	16.030000	 17.000000	16.113333	 17.000000	15.926667	 17.000000	4.564990	 19.840670	4.583659	 19.766416	4.338124	 20.618546	4.208486	 20.953255	4.464046	 20.285150	4.439718	 20.364814	4.482005	 20.200998	4.518904	 20.035287	4.558782	 19.871854	4.312890	 20.680253	5.104119	 13.279304	5.814043	 13.029141	5.751002	 13.083642	5.893515	 12.966883	6.006596	 12.821051	
8.249992	 7.885112	16.773333	 17.000000	15.963333	 17.000000	16.046667	 17.000000	15.853333	 17.000000	4.583393	 19.762815	4.603547	 19.682062	4.358311	 20.569181	4.223509	 20.916183	4.480187	 20.220468	4.459745	 20.301252	4.499178	 20.129704	4.537365	 19.957447	4.578686	 19.787504	4.333077	 20.630888	5.143692	 13.273474	5.864412	 12.985468	5.801445	 13.040054	5.939521	 12.909931	6.045937	 12.751393	
8.297584	 7.861040	16.733333	 17.000000	15.896667	 17.000000	15.980000	 17.000000	15.780000	 17.000000	4.601794	 19.684960	4.623432	 19.597707	4.378498	 20.519816	4.238531	 20.879111	4.495632	 20.155615	4.476253	 20.236664	4.516078	 20.058345	4.555786	 19.879596	4.598576	 19.703151	4.353264	 20.581522	5.183265	 13.267644	5.911680	 12.938688	5.851821	 12.996388	5.978311	 12.847710	6.084551	 12.681329	
8.345176	 7.836969	16.693333	 17.000000	15.830000	 17.000000	15.913333	 17.000000	15.706667	 17.000000	4.620194	 19.607105	4.643314	 19.513352	4.398685	 20.470451	4.253554	 20.842040	4.510888	 20.090717	4.491798	 20.171835	4.532896	 19.986966	4.574192	 19.801742	4.618461	 19.618796	4.373451	 20.532157	5.222838	 13.261814	5.948982	 12.883472	5.901071	 12.951542	6.014776	 12.784086	6.122921	 12.611132	
8.392768	 7.812898	16.653333	 17.000000	15.763333	 17.000000	15.846667	 17.000000	15.633333	 17.000000	4.638594	 19.529249	4.663197	 19.428997	4.418872	 20.421085	4.268576	 20.804968	4.526093	 20.025808	4.507082	 20.106944	4.549688	 19.915581	4.592594	 19.723888	4.638344	 19.534441	4.393638	 20.482792	5.262411	 13.255984	5.982765	 12.826001	5.940164	 12.897615	6.050524	 12.720057	6.161210	 12.540889	
8.440361	 7.788827	16.613333	 17.000000	15.696667	 17.000000	15.780000	 17.000000	15.560000	 17.000000	4.656993	 19.451394	4.679383	 19.343865	4.439059	 20.371720	4.283599	 20.767896	4.541283	 19.960895	4.522294	 20.042036	4.566473	 19.844194	4.610994	 19.646032	4.658226	 19.450086	4.413826	 20.433427	5.301984	 13.250154	6.015564	 12.767961	5.974462	 12.840453	6.086054	 12.655905	6.199472	 12.470632	
8.487953	 7.764756	16.573333	 17.000000	15.630000	 17.000000	15.713333	 17.000000	15.486667	 17.000000	4.673077	 19.373045	4.692668	 19.258224	4.454552	 20.320708	4.298622	 20.730824	4.556470	 19.895981	4.537486	 19.977123	4.583255	 19.772807	4.629394	 19.568177	4.675727	 19.365221	4.434013	 20.384061	5.341556	 13.244324	6.048093	 12.709770	6.007403	 12.782494	6.121518	 12.591717	6.237724	 12.400370	
8.535545	 7.740685	16.533333	 17.000000	15.563333	 17.000000	15.646667	 17.000000	15.413333	 17.000000	4.685655	 19.294041	4.704909	 19.172426	4.467418	 20.268951	4.313644	 20.693752	4.571656	 19.831067	4.552674	 19.912210	4.600037	 19.701420	4.647793	 19.490322	4.689488	 19.279656	4.451090	 20.333584	5.381129	 13.238494	6.080549	 12.651537	6.039972	 12.724324	6.156961	 12.527518	6.275973	 12.330107	
8.583138	 7.716614	16.493333	 17.000000	15.496667	 17.000000	15.580000	 17.000000	15.340000	 17.000000	4.697066	 19.214859	4.716773	 19.086576	4.479741	 20.217061	4.328667	 20.656680	4.586842	 19.766153	4.567860	 19.847296	4.616819	 19.630033	4.665739	 19.412365	4.701900	 19.193883	4.464286	 20.281911	5.420702	 13.232664	6.112984	 12.593292	6.072438	 12.666096	6.192398	 12.463315	6.311772	 12.258623	
8.630730	 7.692543	16.453333	 17.000000	15.430000	 17.000000	15.513333	 17.000000	15.266667	 17.000000	4.708089	 19.135623	4.728502	 19.000706	4.491953	 20.165144	4.343689	 20.619608	4.602027	 19.701239	4.583045	 19.782381	4.633600	 19.558645	4.679601	 19.333580	4.713825	 19.108041	4.476677	 20.230037	5.460275	 13.226834	6.145414	 12.535045	6.104876	 12.607854	6.227833	 12.399111	6.339574	 12.183625	
8.678322	 7.668472	16.413333	 17.000000	15.363333	 17.000000	15.446667	 17.000000	15.193333	 17.000000	4.718984	 19.056368	4.740182	 18.914830	4.504142	 20.113223	4.358712	 20.582537	4.617213	 19.636325	4.598231	 19.717467	4.650382	 19.487258	4.691438	 19.254462	4.725576	 19.022174	4.488903	 20.178124	5.499848	 13.221004	6.177842	 12.476797	6.137307	 12.549607	6.263268	 12.334907	6.364230	 12.107521	
8.728287	 7.649903	16.373333	 17.000000	15.296667	 17.000000	15.380000	 17.000000	15.120000	 17.000000	4.729836	 18.977107	4.751844	 18.828952	4.516327	 20.061300	4.373734	 20.545465	4.632398	 19.571410	4.613416	 19.652553	4.666721	 19.415772	4.702603	 19.175245	4.737264	 18.936300	4.501095	 20.126203	5.538880	 13.213092	6.210271	 12.418549	6.169735	 12.491359	6.297828	 12.270251	6.387833	 12.031083	
8.779330	 7.634446	16.333333	 17.000000	15.230000	 17.000000	15.313333	 17.000000	15.046667	 17.000000	4.740674	 18.897845	4.763500	 18.743072	4.528510	 20.009377	4.388757	 20.508393	4.647584	 19.506496	4.628602	 19.587639	4.679190	 19.343512	4.713545	 19.095996	4.748929	 18.850421	4.513281	 20.074280	5.572177	 13.191055	6.242698	 12.360300	6.202164	 12.433111	6.324588	 12.201999	6.411085	 11.954536	
8.830565	 7.619633	16.293333	 17.000000	15.163333	 17.000000	15.246667	 17.000000	14.973333	 17.000000	4.751507	 18.818582	4.775153	 18.657193	4.540694	 19.957454	4.403779	 20.471321	4.662769	 19.441582	4.643787	 19.522725	4.689876	 19.270962	4.724413	 19.016738	4.760586	 18.764542	4.525465	 20.022357	5.603262	 13.165882	6.275126	 12.302052	6.234591	 12.374862	6.347646	 12.132388	6.434220	 11.877954	
8.881838	 7.604953	16.253333	 17.000000	15.096667	 17.000000	15.180000	 17.000000	14.900000	 17.000000	4.762338	 18.739318	4.786806	 18.571313	4.552877	 19.905531	4.418802	 20.434249	4.674706	 19.376002	4.658973	 19.457811	4.700021	 19.198333	4.735256	 18.937476	4.772240	 18.678663	4.537648	 19.970434	5.634020	 13.140310	6.303256	 12.241698	6.267019	 12.316614	6.369570	 12.062409	6.457316	 11.801361	
8.933119	 7.590299	16.213333	 17.000000	15.030000	 17.000000	15.113333	 17.000000	14.826667	 17.000000	4.773169	 18.660055	4.798458	 18.485433	4.565061	 19.853607	4.433825	 20.397177	4.684513	 19.310061	4.672033	 19.392452	4.710004	 19.125683	4.746091	 18.858213	4.783893	 18.592783	4.549832	 19.918511	5.664733	 13.114684	6.325289	 12.178783	6.297102	 12.257187	6.391150	 11.992322	6.480399	 11.724763	
8.984401	 7.575652	16.173333	 17.000000	14.963333	 17.000000	15.046667	 17.000000	14.753333	 17.000000	4.784000	 18.580791	4.798561	 18.399136	4.577244	 19.801684	4.447340	 20.359568	4.693741	 19.244036	4.682146	 19.326558	4.719937	 19.053025	4.756923	 18.778950	4.795545	 18.506903	4.562015	 19.866588	5.695441	 13.089051	6.345621	 12.115293	6.320028	 12.194598	6.412625	 11.922204	6.503477	 11.648164	
9.035684	 7.561005	16.133333	 17.000000	14.896667	 17.000000	14.980000	 17.000000	14.680000	 17.000000	4.794830	 18.501528	4.780565	 18.314408	4.589428	 19.749761	4.457177	 20.320798	4.702812	 19.177989	4.691457	 19.260545	4.729855	 18.980366	4.767754	 18.699687	4.800984	 18.420667	4.574199	 19.814665	5.726147	 13.063417	6.365490	 12.051656	6.340606	 12.131187	6.434069	 11.852076	6.526554	 11.571565	
9.086967	 7.546359	16.093333	 17.000000	14.830000	 17.000000	14.913333	 17.000000	14.606667	 17.000000	4.799581	 18.421937	4.756186	 18.231248	4.601611	 19.697838	4.466382	 20.281872	4.711840	 19.111937	4.700550	 19.194502	4.739769	 18.907706	4.778584	 18.620423	4.785931	 18.335400	4.586382	 19.762742	5.756854	 13.037783	6.385233	 11.987980	6.360541	 12.067571	6.455503	 11.781945	6.549630	 11.494966	
9.138250	 7.531712	16.053333	 17.000000	14.763333	 17.000000	14.846667	 17.000000	14.533333	 17.000000	4.784858	 18.343378	4.729552	 18.148776	4.613795	 19.645915	4.475503	 20.242926	4.720857	 19.045883	4.709585	 19.128450	4.749681	 18.835045	4.789415	 18.541160	4.762586	 18.251947	4.598565	 19.710819	5.787561	 13.012149	6.404941	 11.924293	6.380302	 12.003901	6.476934	 11.711813	6.572707	 11.418366	
9.189533	 7.517066	16.013333	 17.000000	14.696667	 17.000000	14.780000	 17.000000	14.460000	 17.000000	4.762826	 18.266480	4.702113	 18.066568	4.625978	 19.593992	4.484613	 20.203977	4.729871	 18.979828	4.718603	 19.062396	4.759593	 18.762385	4.800246	 18.461896	4.736319	 18.169359	4.610749	 19.658896	5.818267	 12.986515	6.424640	 11.860603	6.400015	 11.940215	6.498364	 11.641681	6.592893	 11.340982	
9.240815	 7.502420	15.973333	 17.000000	14.630000	 17.000000	14.713333	 17.000000	14.386667	 17.000000	4.738416	 18.190296	4.674386	 17.984456	4.638162	 19.542069	4.493721	 20.165027	4.738884	 18.913773	4.727618	 18.996342	4.769504	 18.689724	4.793705	 18.382383	4.709012	 18.087107	4.622932	 19.606973	5.848974	 12.960881	6.444336	 11.796912	6.419715	 11.876526	6.519794	 11.571548	6.608687	 11.262559	
9.292098	 7.487774	15.933333	 17.000000	14.563333	 17.000000	14.646667	 17.000000	14.313333	 17.000000	4.713226	 18.114365	4.646555	 17.902380	4.650345	 19.490146	4.502829	 20.126078	4.747896	 18.847719	4.736631	 18.930287	4.779416	 18.617064	4.774323	 18.304792	4.681332	 18.004979	4.635116	 19.555050	5.875144	 12.930909	6.464031	 11.733221	6.439412	 11.812835	6.541224	 11.501416	6.623013	 11.183853	
9.343381	 7.473127	15.893333	 17.000000	14.496667	 17.000000	14.580000	 17.000000	14.240000	 17.000000	4.687777	 18.038521	4.618686	 17.820316	4.662529	 19.438223	4.511937	 20.087129	4.756909	 18.781664	4.745643	 18.864233	4.789328	 18.544404	4.750778	 18.228337	4.653518	 17.922897	4.647299	 19.503127	5.896134	 12.896863	6.483727	 11.669531	6.459108	 11.749144	6.562653	 11.431284	6.636851	 11.105059	
9.394664	 7.458481	15.853333	 17.000000	14.430000	 17.000000	14.513333	 17.000000	14.166667	 17.000000	4.662242	 17.962706	4.590804	 17.738257	4.671805	 19.385710	4.521045	 20.048180	4.765921	 18.715610	4.754656	 18.798178	4.799239	 18.471743	4.725873	 18.152313	4.625655	 17.840831	4.659483	 19.451203	5.916369	 12.862359	6.503422	 11.605840	6.478803	 11.685453	6.581273	 11.360381	6.650528	 11.026237	
9.445947	 7.443835	15.813333	 17.000000	14.363333	 17.000000	14.446667	 17.000000	14.093333	 17.000000	4.636679	 17.886900	4.562917	 17.656199	4.679475	 19.332931	4.530153	 20.009231	4.774934	 18.649555	4.763668	 18.732123	4.798242	 18.398798	4.700518	 18.076437	4.597776	 17.758771	4.669737	 19.398882	5.936501	 12.827794	6.523118	 11.542149	6.498498	 11.621762	6.595793	 11.288503	6.664150	 10.947405	
9.497230	 7.429188	15.773333	 17.000000	14.296667	 17.000000	14.380000	 17.000000	14.020000	 17.000000	4.611107	 17.811097	4.535028	 17.574142	4.686817	 19.280106	4.539261	 19.970281	4.783946	 18.583500	4.772681	 18.666069	4.781466	 18.327445	4.675015	 18.000611	4.569889	 17.676714	4.677609	 19.346133	5.956619	 12.793222	6.542813	 11.478458	6.518194	 11.558071	6.609065	 11.216380	6.677755	 10.868570	
9.548512	 7.414542	15.733333	 17.000000	14.230000	 17.000000	14.313333	 17.000000	13.946667	 17.000000	4.585531	 17.735295	4.507139	 17.492086	4.694091	 19.227271	4.548369	 19.931332	4.792959	 18.517446	4.781693	 18.600014	4.760025	 18.257320	4.649463	 17.924802	4.542001	 17.594657	4.684992	 19.293313	5.976736	 12.758649	6.562508	 11.414767	6.537889	 11.494380	6.621960	 11.144190	6.691354	 10.789735	
9.600124	 7.401175	15.693333	 17.000000	14.163333	 17.000000	14.246667	 17.000000	13.873333	 17.000000	4.559955	 17.659494	4.479249	 17.410029	4.701352	 19.174434	4.557478	 19.892383	4.799876	 18.451239	4.790706	 18.533959	4.737195	 18.187631	4.623894	 17.848998	4.514111	 17.512600	4.692275	 19.240480	5.996853	 12.724075	6.578031	 11.349947	6.557584	 11.430689	6.634740	 11.071979	6.704950	 10.710898	
9.652537	 7.391317	15.653333	 17.000000	14.096667	 17.000000	14.180000	 17.000000	13.800000	 17.000000	4.534378	 17.583693	4.465001	 17.325089	4.708609	 19.121597	4.566586	 19.853434	4.788957	 18.385578	4.799718	 18.467905	4.713949	 18.118079	4.598319	 17.773196	4.486222	 17.430543	4.699537	 19.187643	6.016969	 12.689502	6.590803	 11.284516	6.574551	 11.366246	6.647486	 10.999761	6.718546	 10.632062	
9.705107	 7.382329	15.613333	 17.000000	14.030000	 17.000000	14.113333	 17.000000	13.726667	 17.000000	4.508800	 17.507892	4.472734	 17.238841	4.715866	 19.068759	4.575694	 19.814484	4.770620	 18.321490	4.792778	 18.401800	4.690577	 18.048570	4.572743	 17.697395	4.465631	 17.346747	4.706795	 19.134806	6.037086	 12.654928	6.602825	 11.218943	6.587719	 11.300895	6.660221	 10.927542	6.732142	 10.553226	
9.757708	 7.373520	15.573333	 17.000000	13.963333	 17.000000	14.046667	 17.000000	13.653333	 17.000000	4.483223	 17.432091	4.488433	 17.153618	4.723123	 19.015922	4.584802	 19.775535	4.750315	 18.257992	4.775493	 18.337429	4.667167	 17.979074	4.547166	 17.621593	4.469722	 17.260297	4.714052	 19.081969	6.057202	 12.620355	6.614644	 11.153332	6.599849	 11.235342	6.672953	 10.855323	6.745737	 10.474390	
9.810315	 7.364748	15.533333	 17.000000	13.896667	 17.000000	13.980000	 17.000000	13.580000	 17.000000	4.464766	 17.354646	4.506970	 17.068958	4.730380	 18.963085	4.593910	 19.736586	4.729481	 18.194664	4.755469	 18.273842	4.643746	 17.909581	4.521589	 17.545792	4.484125	 17.174852	4.721309	 19.029131	6.077319	 12.585781	6.626408	 11.087712	6.611697	 11.169736	6.685684	 10.783103	-1000.000000	 -1000.000000	
9.862923	 7.355982	15.493333	 17.000000	13.830000	 17.000000	13.913333	 17.000000	13.506667	 17.000000	4.469675	 17.274904	4.526524	 16.984526	4.737637	 18.910247	4.603018	 19.697637	4.708504	 18.131384	4.734710	 18.210489	4.620321	 17.840090	4.496012	 17.469991	4.502199	 17.090093	4.728566	 18.976294	6.097435	 12.551208	6.638156	 11.022088	6.623469	 11.104117	6.698415	 10.710883	-1000.000000	 -1000.000000	
9.915531	 7.347219	15.453333	 17.000000	13.763333	 17.000000	13.846667	 17.000000	13.433333	 17.000000	4.483628	 17.196142	4.546443	 16.900180	4.744894	 18.857410	4.612126	 19.658687	4.687488	 18.068116	4.713754	 18.147202	4.596895	 17.770599	4.470435	 17.394190	4.521586	 17.005623	4.735823	 18.923457	6.117552	 12.516634	6.649901	 10.956464	6.635220	 11.038494	6.711145	 10.638663	-1000.000000	 -1000.000000	
9.968140	 7.338455	15.413333	 17.000000	13.696667	 17.000000	13.780000	 17.000000	13.360000	 17.000000	4.500550	 17.117954	4.566494	 16.815864	4.752151	 18.804573	4.621234	 19.619738	4.666462	 18.004852	4.692743	 18.083933	4.573469	 17.701108	4.465392	 17.314668	4.541445	 16.921262	4.743080	 18.870619	6.137668	 12.482061	6.661644	 10.890840	6.646965	 10.972870	6.723876	 10.566443	-1000.000000	 -1000.000000	
10.020748	 7.329692	15.373333	 17.000000	13.630000	 17.000000	13.713333	 17.000000	13.286667	 17.000000	4.518452	 17.039983	4.586593	 16.731561	4.759408	 18.751735	4.630342	 19.580789	4.645433	 17.941589	4.671719	 18.020668	4.550042	 17.631617	4.476052	 17.235418	4.561475	 16.836942	4.750337	 18.817782	6.157785	 12.447487	6.673388	 10.825216	6.658709	 10.907246	6.736606	 10.494223	-1000.000000	 -1000.000000	
10.073357	 7.320929	15.333333	 17.000000	13.563333	 17.000000	13.646667	 17.000000	13.213333	 17.000000	4.536678	 16.962087	4.606710	 16.647261	4.766665	 18.698898	4.639450	 19.541840	4.624403	 17.878326	4.650690	 17.957405	4.526616	 17.562126	4.491892	 17.157006	4.581566	 16.752636	4.757594	 18.764945	6.177901	 12.412914	6.685131	 10.759592	6.670452	 10.841622	-1000.000000	 -1000.000000	-1000.000000	 -1000.000000	
10.125965	 7.312166	15.293333	 17.000000	13.496667	 17.000000	13.580000	 17.000000	13.140000	 17.000000	4.555013	 16.884216	4.626833	 16.562963	4.773922	 18.646061	4.648558	 19.502890	4.603373	 17.815064	4.629660	 17.894142	4.503190	 17.492635	4.509436	 17.078953	4.601680	 16.668336	4.764851	 18.712107	6.198017	 12.378340	6.696874	 10.693967	6.682195	 10.775998	-1000.000000	 -1000.000000	-1000.000000	 -1000.000000	
10.178574	 7.303403	15.253333	 17.000000	13.430000	 17.000000	13.513333	 17.000000	13.066667	 17.000000	4.573383	 16.806354	4.646958	 16.478665	4.781179	 18.593223	4.657666	 19.463941	4.582343	 17.751801	4.608630	 17.830879	4.479763	 17.423144	4.527543	 17.001030	4.621802	 16.584037	4.772108	 18.659270	6.218134	 12.343767	6.708617	 10.628343	6.693938	 10.710373	-1000.000000	 -1000.000000	-1000.000000	 -1000.000000	
10.231182	 7.294639	15.213333	 17.000000	13.363333	 17.000000	13.446667	 17.000000	12.993333	 17.000000	4.591765	 16.728494	4.670698	 16.395412	4.788436	 18.540386	4.665836	 19.424797	4.561313	 17.688538	4.587600	 17.767616	4.463293	 17.352095	4.545838	 16.923150	4.641927	 16.499739	4.779365	 18.606433	6.238250	 12.309193	6.720360	 10.562719	6.705681	 10.644749	-1000.000000	 -1000.000000	-1000.000000	 -1000.000000	
10.283791	 7.285876	15.173333	 17.000000	13.296667	 17.000000	13.380000	 17.000000	12.920000	 17.000000	4.610152	 16.650636	4.706057	 16.316317	4.795693	 18.487549	4.671732	 19.385235	4.540282	 17.625275	4.566570	 17.704354	4.468899	 17.279071	4.564195	 16.845284	4.663361	 16.415798	4.786622	 18.553595	6.257625	 12.274228	6.732103	 10.497095	6.717424	 10.579125	-1000.000000	 -1000.000000	-1000.000000	 -1000.000000	
10.336399	 7.277113	15.133333	 17.000000	13.230000	 17.000000	13.313333	 17.000000	12.846667	 17.000000	4.628540	 16.572778	4.745975	 16.239395	4.797671	 18.434548	4.677244	 19.345617	4.519252	 17.562012	4.545540	 17.641091	4.482340	 17.206988	4.582573	 16.767424	4.696596	 16.335809	4.793878	 18.500758	6.271605	 12.236763	-1000.000000	 -1000.000000	6.729167	 10.513501	-1000.000000	 -1000.000000	-1000.000000	 -1000.000000	
10.389008	 7.268350	15.093333	 17.000000	13.163333	 17.000000	13.246667	 17.000000	12.773333	 17.000000	4.646928	 16.494920	4.787486	 16.163317	4.785286	 18.382709	4.682704	 19.305991	4.498222	 17.498750	4.524510	 17.577828	4.498123	 17.135374	4.600958	 16.689565	4.735779	 16.258513	4.799164	 18.447798	6.284202	 12.198798	-1000.000000	 -1000.000000	6.740911	 10.447876	-1000.000000	 -1000.000000	-1000.000000	 -1000.000000	
10.441616	 7.259587	15.053333	 17.000000	13.096667	 17.000000	13.180000	 17.000000	12.700000	 17.000000	4.666607	 16.417413	4.829562	 16.087550	4.769443	 18.331785	4.688158	 19.266365	4.477192	 17.435487	4.503480	 17.514565	4.514610	 17.063919	4.619346	 16.611707	4.777032	 16.182295	4.788928	 18.395536	6.296612	 12.160772	-1000.000000	 -1000.000000	-1000.000000	 -1000.000000	-1000.000000	 -1000.000000	-1000.000000	 -1000.000000	
10.494224	 7.250823	15.013333	 17.000000	13.030000	 17.000000	13.113333	 17.000000	12.626667	 17.000000	4.697646	 16.343729	4.871840	 16.011895	4.752903	 18.281081	4.693611	 19.226738	4.462855	 17.370793	4.482450	 17.451303	4.531310	 16.992512	4.637734	 16.533849	4.819016	 16.106476	4.773513	 18.344482	6.308998	 12.122738	-1000.000000	 -1000.000000	-1000.000000	 -1000.000000	-1000.000000	 -1000.000000	-1000.000000	 -1000.000000	
10.546878	 7.242350	14.973333	 17.000000	12.963333	 17.000000	13.046667	 17.000000	12.553333	 17.000000	4.734054	 16.272499	4.914191	 15.936280	4.736222	 18.230424	4.699063	 19.187111	4.468956	 17.304485	4.463855	 17.387430	4.548075	 16.921121	4.656122	 16.455991	4.861261	 16.030803	4.757060	 18.293750	6.321379	 12.084702	-1000.000000	 -1000.000000	-1000.000000	 -1000.000000	-1000.000000	 -1000.000000	-1000.000000	 -1000.000000	
10.599849	 7.236158	14.933333	 17.000000	12.896667	 17.000000	12.980000	 17.000000	12.480000	 17.000000	4.772185	 16.202171	4.956567	 15.860680	4.719512	 18.179776	4.704515	 19.147485	4.481611	 17.239037	4.466470	 17.320966	4.564860	 16.849734	4.681028	 16.380110	4.903600	 15.955182	4.740397	 18.243086	6.333761	 12.046667	-1000.000000	 -1000.000000	-1000.000000	 -1000.000000	-1000.000000	 -1000.000000	-1000.000000	 -1000.000000	
10.652906	 7.230742	14.893333	 17.000000	12.830000	 17.000000	12.913333	 17.000000	12.406667	 17.000000	4.810879	 16.132152	4.998952	 15.785085	4.702796	 18.129129	4.709968	 19.107858	4.496023	 17.173947	4.478190	 17.255348	4.581650	 16.778349	4.715500	 16.307935	4.945972	 15.879580	4.723691	 18.192437	6.346142	 12.008631	-1000.000000	 -1000.000000	-1000.000000	 -1000.000000	-1000.000000	 -1000.000000	-1000.000000	 -1000.000000	
10.705980	 7.225484	14.853333	 17.000000	12.763333	 17.000000	12.846667	 17.000000	12.333333	 17.000000	4.849758	 16.062234	5.041341	 15.709493	4.686079	 18.078484	4.715420	 19.068231	4.510909	 17.108963	4.492350	 17.190204	4.598442	 16.706964	4.753005	 16.237273	4.988356	 15.803984	4.706976	 18.141791	6.358524	 11.970596	-1000.000000	 -1000.000000	-1000.000000	 -1000.000000	-1000.000000	 -1000.000000	-1000.000000	 -1000.000000	
10.759057	 7.220259	14.813333	 17.000000	12.696667	 17.000000	12.780000	 17.000000	12.260000	 17.000000	4.888699	 15.992351	5.083732	 15.633900	4.669362	 18.027838	4.720873	 19.028605	4.525924	 17.044010	4.507169	 17.125205	4.615235	 16.635579	4.791494	 16.167141	5.030744	 15.728391	4.690259	 18.091145	6.370905	 11.932560	-1000.000000	 -1000.000000	-1000.000000	 -1000.000000	-1000.000000	 -1000.000000	-1000.000000	 -1000.000000	
10.812134	 7.215040	14.773333	 17.000000	12.630000	 17.000000	12.713333	 17.000000	12.186667	 17.000000	4.927660	 15.922480	5.126122	 15.558308	4.652645	 17.977193	4.726325	 18.988978	4.540974	 16.979064	4.522165	 17.060247	4.632028	 16.564195	4.830306	 16.097186	5.073134	 15.652798	4.673541	 18.040500	6.383287	 11.894525	-1000.000000	 -1000.000000	-1000.000000	 -1000.000000	-1000.000000	 -1000.000000	-1000.000000	 -1000.000000	
10.865212	 7.209823	14.733333	 17.000000	12.563333	 17.000000	12.646667	 17.000000	12.113333	 17.000000	4.966627	 15.852612	5.168513	 15.482716	4.635927	 17.926547	4.731778	 18.949351	4.556033	 16.914120	4.537210	 16.995300	4.648821	 16.492810	4.869224	 16.027291	5.115525	 15.577206	4.656824	 17.989854	6.395668	 11.856489	-1000.000000	 -1000.000000	-1000.000000	 -1000.000000	-1000.000000	 -1000.000000	-1000.000000	 -1000.000000	
10.918289	 7.204606	14.693333	 17.000000	12.496667	 17.000000	12.580000	 17.000000	12.040000	 17.000000	5.005597	 15.782745	5.210904	 15.407125	4.619210	 17.875902	4.737230	 18.909725	4.571095	 16.849178	4.552268	 16.930356	4.666878	 16.421770	4.908178	 15.957415	5.157915	 15.501614	4.640106	 17.939209	6.408050	 11.818454	-1000.000000	 -1000.000000	-1000.000000	 -1000.000000	-1000.000000	 -1000.000000	-1000.000000	 -1000.000000	
10.971367	 7.199389	14.653333	 17.000000	12.430000	 17.000000	12.513333	 17.000000	11.966667	 17.000000	5.044567	 15.712879	5.253295	 15.331533	4.602492	 17.825256	4.742683	 18.870098	4.586158	 16.784235	4.567330	 16.865413	4.695756	 16.354408	4.947143	 15.887546	5.200306	 15.426023	4.623389	 17.888563	6.420431	 11.780418	-1000.000000	 -1000.000000	-1000.000000	 -1000.000000	-1000.000000	 -1000.000000	-1000.000000	 -1000.000000	
11.024444	 7.194172	14.613333	 17.000000	12.363333	 17.000000	12.446667	 17.000000	11.893333	 17.000000	5.083538	 15.643013	5.296275	 15.256284	4.585775	 17.774610	4.748135	 18.830472	4.601221	 16.719292	4.582392	 16.800470	4.729384	 16.289244	4.986112	 15.817678	5.242697	 15.350431	4.606672	 17.837917	6.432813	 11.742383	-1000.000000	 -1000.000000	-1000.000000	 -1000.000000	-1000.000000	 -1000.000000	-1000.000000	 -1000.000000	
11.077522	 7.188955	14.573333	 17.000000	12.296667	 17.000000	12.380000	 17.000000	11.820000	 17.000000	5.122509	 15.573147	5.344559	 15.184328	4.569057	 17.723965	4.753588	 18.790845	4.616284	 16.654349	4.597455	 16.735528	4.764404	 16.224813	5.025082	 15.747812	5.285088	 15.274839	4.589954	 17.787272	6.445194	 11.704347	-1000.000000	 -1000.000000	-1000.000000	 -1000.000000	-1000.000000	 -1000.000000	-1000.000000	 -1000.000000	
11.130599	 7.183739	14.533333	 17.000000	12.230000	 17.000000	12.313333	 17.000000	11.746667	 17.000000	5.161480	 15.503280	5.395524	 15.114232	4.552340	 17.673319	4.759040	 18.751218	4.631347	 16.589407	4.612518	 16.670585	4.799838	 16.160609	5.064053	 15.677946	5.332123	 15.202070	4.573237	 17.736626	6.457576	 11.666312	-1000.000000	 -1000.000000	-1000.000000	 -1000.000000	-1000.000000	 -1000.000000	-1000.000000	 -1000.000000	
11.183677	 7.178522	14.493333	 17.000000	12.163333	 17.000000	12.246667	 17.000000	11.673333	 17.000000	5.200451	 15.433414	5.447426	 15.044826	4.535623	 17.622674	4.764492	 18.711592	4.646410	 16.524464	4.627581	 16.605642	4.835396	 16.096473	5.103023	 15.608080	5.382656	 15.131663	4.556519	 17.685981	6.469957	 11.628276	-1000.000000	 -1000.000000	-1000.000000	 -1000.000000	-1000.000000	 -1000.000000	-1000.000000	 -1000.000000	
11.236755	 7.173305	14.453333	 17.000000	12.096667	 17.000000	12.180000	 17.000000	11.600000	 17.000000	5.239421	 15.363548	5.499660	 14.975668	4.518905	 17.572028	4.769945	 18.671965	4.661473	 16.459521	4.642644	 16.540700	4.870992	 16.032358	5.141994	 15.538213	5.434406	 15.062144	4.539802	 17.635335	6.482339	 11.590241	-1000.000000	 -1000.000000	-1000.000000	 -1000.000000	-1000.000000	 -1000.000000	-1000.000000	 -1000.000000	
11.289832	 7.168088	14.413333	 17.000000	12.030000	 17.000000	12.113333	 17.000000	11.526667	 17.000000	5.278392	 15.293682	5.552012	 14.906601	4.502188	 17.521383	4.775397	 18.632338	4.682623	 16.396446	4.657708	 16.475757	4.906600	 15.968250	5.180965	 15.468347	5.486586	 14.992946	4.523085	 17.584690	6.494720	 11.552205	-1000.000000	 -1000.000000	-1000.000000	 -1000.000000	-1000.000000	 -1000.000000	-1000.000000	 -1000.000000	
11.342910	 7.162871	14.373333	 17.000000	11.963333	 17.000000	12.046667	 17.000000	11.453427	 16.998152	5.320306	 15.225582	5.604407	 14.837565	4.485470	 17.470737	4.780850	 18.592712	4.711944	 16.336585	4.676122	 16.411793	4.942210	 15.904143	5.219936	 15.398481	5.538919	 14.923863	4.506367	 17.534044	6.507102	 11.514170	-1000.000000	 -1000.000000	-1000.000000	 -1000.000000	-1000.000000	 -1000.000000	-1000.000000	 -1000.000000	
11.395987	 7.157654	14.333333	 17.000000	11.896667	 17.000000	11.980000	 17.000000	11.382393	 16.980273	5.366541	 15.160300	5.656817	 14.768541	4.468753	 17.420092	4.786302	 18.553085	4.743384	 16.277798	4.704302	 16.351397	4.977822	 15.840037	5.258907	 15.328615	5.591306	 14.854822	4.489650	 17.483398	6.519483	 11.476134	-1000.000000	 -1000.000000	-1000.000000	 -1000.000000	-1000.000000	 -1000.000000	-1000.000000	 -1000.000000	
11.449065	 7.152437	14.293333	 17.000000	11.830000	 17.000000	11.913333	 17.000000	11.313471	 16.955247	5.414153	 15.096011	5.709232	 14.699521	4.463157	 17.367591	4.791755	 18.513458	4.775387	 16.219315	4.735441	 16.292451	5.013434	 15.775931	5.298461	 15.259088	5.643714	 14.785796	4.472932	 17.432753	6.531864	 11.438099	-1000.000000	 -1000.000000	-1000.000000	 -1000.000000	-1000.000000	 -1000.000000	-1000.000000	 -1000.000000	
11.502143	 7.147221	14.253333	 17.000000	11.763333	 17.000000	11.846667	 17.000000	11.245340	 16.928119	5.462212	 15.032055	5.761649	 14.630502	4.471485	 17.314935	4.797207	 18.473832	4.807541	 16.160916	4.767364	 16.233924	5.049046	 15.711825	5.343144	 15.192743	5.696128	 14.716776	4.462379	 17.380902	6.543763	 11.399919	-1000.000000	 -1000.000000	-1000.000000	 -1000.000000	-1000.000000	 -1000.000000	-1000.000000	 -1000.000000	
11.555261	 7.142469	14.213333	 17.000000	11.696667	 17.000000	11.780000	 17.000000	11.177462	 16.900364	5.510419	 14.968211	5.814067	 14.561484	4.482652	 17.262785	4.790663	 18.434502	4.839736	 16.102538	4.799497	 16.175512	5.084658	 15.647719	5.390256	 15.128088	5.748545	 14.647757	4.468956	 17.328027	6.552211	 11.360826	-1000.000000	 -1000.000000	-1000.000000	 -1000.000000	-1000.000000	 -1000.000000	-1000.000000	 -1000.000000	
11.608481	 7.138985	14.173333	 17.000000	11.630000	 17.000000	11.713333	 17.000000	11.109662	 16.872420	5.558674	 14.904403	5.866485	 14.492467	4.494396	 17.210761	4.779054	 18.396226	4.871943	 16.044167	4.831686	 16.117132	5.120270	 15.583614	5.438153	 15.064011	5.800963	 14.578739	4.479770	 17.275803	6.559796	 11.321551	-1000.000000	 -1000.000000	-1000.000000	 -1000.000000	-1000.000000	 -1000.000000	-1000.000000	 -1000.000000	
11.661719	 7.135812	14.133333	 17.000000	11.563333	 17.000000	11.646667	 17.000000	11.041885	 16.844419	5.606945	 14.840607	5.918903	 14.423449	4.506257	 17.158763	4.766785	 18.358154	4.904152	 15.985798	4.863891	 16.058760	5.155882	 15.519508	5.486306	 15.000126	5.853381	 14.509721	4.491441	 17.223763	6.567265	 11.282255	-1000.000000	 -1000.000000	-1000.000000	 -1000.000000	-1000.000000	 -1000.000000	-1000.000000	 -1000.000000	
11.714962	 7.132704	14.093333	 17.000000	11.496667	 17.000000	11.580000	 17.000000	10.974115	 16.816401	5.655222	 14.776816	5.971322	 14.354431	4.518142	 17.106771	4.754430	 18.320110	4.936362	 15.927429	4.896100	 16.000390	5.191494	 15.455402	5.534543	 14.936305	5.905799	 14.440703	4.503288	 17.171762	6.574719	 11.242955	-1000.000000	 -1000.000000	-1000.000000	 -1000.000000	-1000.000000	 -1000.000000	-1000.000000	 -1000.000000	
11.768206	 7.129609	14.053333	 17.000000	11.430875	 16.991104	11.513333	 17.000000	10.906347	 16.788378	5.703500	 14.713025	6.023740	 14.285414	4.530032	 17.054780	4.742062	 18.282070	4.968573	 15.869060	4.928310	 15.942021	5.227106	 15.391296	5.582809	 14.872505	5.958217	 14.371686	4.515170	 17.119769	6.582171	 11.203656	-1000.000000	 -1000.000000	-1000.000000	 -1000.000000	-1000.000000	 -1000.000000	-1000.000000	 -1000.000000	
11.821449	 7.126516	14.013333	 17.000000	11.367622	 16.970111	11.447052	 16.995115	10.838580	 16.760353	5.751779	 14.649236	6.076158	 14.216396	4.541923	 17.002789	4.729693	 18.244031	5.000783	 15.810691	4.960520	 15.883652	5.262718	 15.327190	5.631083	 14.808711	6.010635	 14.302668	4.527059	 17.067778	6.589622	 11.164356	-1000.000000	 -1000.000000	-1000.000000	 -1000.000000	-1000.000000	 -1000.000000	-1000.000000	 -1000.000000	
11.874693	 7.123424	13.973333	 17.000000	11.305490	 16.945949	11.383279	 16.975825	10.770813	 16.732328	5.800058	 14.585446	6.127505	 14.146615	4.553814	 16.950798	4.717324	 18.205991	5.032994	 15.752322	4.992731	 15.825283	5.299887	 15.264003	5.679361	 14.744921	6.063054	 14.233650	4.538950	 17.015787	6.597074	 11.125056	-1000.000000	 -1000.000000	-1000.000000	 -1000.000000	-1000.000000	 -1000.000000	-1000.000000	 -1000.000000	
11.927936	 7.120332	13.933333	 17.000000	11.243691	 16.920943	11.320975	 16.952113	10.703046	 16.704303	5.848337	 14.521656	6.168623	 14.070375	4.565706	 16.898808	4.704954	 18.167952	5.065204	 15.693953	5.024941	 15.766914	5.341757	 15.203805	5.727639	 14.681130	6.115472	 14.164633	4.550841	 16.963796	6.604526	 11.085756	-1000.000000	 -1000.000000	-1000.000000	 -1000.000000	-1000.000000	 -1000.000000	-1000.000000	 -1000.000000	
11.981180	 7.117240	13.893333	 17.000000	11.181984	 16.895709	11.259127	 16.927228	10.635279	 16.676278	5.896616	 14.457866	6.204030	 13.991277	4.577597	 16.846817	4.692585	 18.129913	5.097415	 15.635584	5.057151	 15.708545	5.385206	 15.144731	5.775918	 14.617341	6.159104	 14.089839	4.562733	 16.911805	6.611977	 11.046456	-1000.000000	 -1000.000000	-1000.000000	 -1000.000000	-1000.000000	 -1000.000000	-1000.000000	 -1000.000000	
12.034424	 7.114148	13.853333	 17.000000	11.120302	 16.870415	11.197407	 16.902027	10.567512	 16.648252	5.944895	 14.394077	6.237326	 13.911263	4.589488	 16.794826	4.680216	 18.091873	5.129625	 15.577215	5.089362	 15.650176	5.429124	 15.086002	5.824197	 14.553551	6.195462	 14.011178	4.574624	 16.859815	6.619429	 11.007157	-1000.000000	 -1000.000000	-1000.000000	 -1000.000000	-1000.000000	 -1000.000000	-1000.000000	 -1000.000000	
12.087667	 7.111056	13.813333	 17.000000	11.058628	 16.845103	11.135722	 16.876741	10.499745	 16.620227	5.993174	 14.330287	6.269854	 13.830932	4.601380	 16.742835	4.667846	 18.053834	5.161836	 15.518846	5.121572	 15.591807	5.473181	 15.027378	5.872477	 14.489761	6.229105	 13.931309	4.586515	 16.807824	6.626880	 10.967857	-1000.000000	 -1000.000000	-1000.000000	 -1000.000000	-1000.000000	 -1000.000000	-1000.000000	 -1000.000000	
12.140911	 7.107964	13.773333	 17.000000	10.996955	 16.819787	11.074046	 16.851432	10.431978	 16.592201	6.041454	 14.266497	6.302105	 13.750490	4.613271	 16.690845	4.655477	 18.015794	5.194046	 15.460477	5.153783	 15.533438	5.517279	 14.968786	5.920756	 14.425971	6.261759	 13.851030	4.598407	 16.755833	6.634332	 10.928557	-1000.000000	 -1000.000000	-1000.000000	 -1000.000000	-1000.000000	 -1000.000000	-1000.000000	 -1000.000000	
12.194155	 7.104871	13.733333	 17.000000	10.935282	 16.794470	11.012373	 16.826116	10.364211	 16.564176	6.089733	 14.202708	6.334254	 13.670007	4.625162	 16.638854	4.643108	 17.977755	5.226256	 15.402108	5.185993	 15.475069	5.561391	 14.910203	5.969035	 14.362182	6.294056	 13.770606	4.610298	 16.703842	6.641783	 10.889257	-1000.000000	 -1000.000000	-1000.000000	 -1000.000000	-1000.000000	 -1000.000000	-1000.000000	 -1000.000000	
12.247398	 7.101779	13.693333	 17.000000	10.873610	 16.769153	10.950700	 16.800799	10.299554	 16.529657	6.135085	 14.136915	6.366367	 13.589509	4.637053	 16.586863	4.630738	 17.939715	5.258467	 15.343739	5.218204	 15.416701	5.605506	 14.851623	6.017314	 14.298392	6.326222	 13.690129	4.622189	 16.651852	6.649235	 10.849957	-1000.000000	 -1000.000000	-1000.000000	 -1000.000000	-1000.000000	 -1000.000000	-1000.000000	 -1000.000000	
12.300642	 7.098687	13.653333	 17.000000	10.811938	 16.743835	10.889028	 16.775482	10.237377	 16.490781	6.170705	 14.065310	6.398466	 13.509006	4.648945	 16.534872	4.618369	 17.901676	5.290677	 15.285370	5.250414	 15.358332	5.649623	 14.793044	6.065593	 14.234602	6.358341	 13.609634	4.634081	 16.599861	6.656686	 10.810658	-1000.000000	 -1000.000000	-1000.000000	 -1000.000000	-1000.000000	 -1000.000000	-1000.000000	 -1000.000000	
12.353885	 7.095595	13.613333	 17.000000	10.750265	 16.718517	10.827356	 16.750164	10.176008	 16.450637	6.202401	 13.991859	6.430561	 13.428501	4.660836	 16.482881	4.606000	 17.863636	5.327112	 15.229563	5.282625	 15.299963	5.693739	 14.734465	6.113872	 14.170813	6.390442	 13.529132	4.645972	 16.547870	6.664138	 10.771358	-1000.000000	 -1000.000000	-1000.000000	 -1000.000000	-1000.000000	 -1000.000000	-1000.000000	 -1000.000000	
12.407129	 7.092503	13.573333	 17.000000	10.688593	 16.693200	10.765684	 16.724847	10.114887	 16.410115	6.232768	 13.917847	6.461932	 13.347722	4.673890	 16.431213	4.593631	 17.825597	5.366200	 15.175560	5.317611	 15.243256	5.737856	 14.675886	6.153676	 14.101502	6.422538	 13.448627	4.657863	 16.495879	6.671589	 10.732058	-1000.000000	 -1000.000000	-1000.000000	 -1000.000000	-1000.000000	 -1000.000000	-1000.000000	 -1000.000000	
12.460373	 7.089411	13.533333	 17.000000	10.626921	 16.667882	10.704011	 16.699529	10.053841	 16.369480	6.262692	 13.843655	6.486597	 13.264656	4.695891	 16.382660	4.581261	 17.787557	5.405987	 15.122067	5.356326	 15.188986	5.781973	 14.617307	6.186819	 14.028699	6.454631	 13.368122	4.669755	 16.443888	6.679041	 10.692758	-1000.000000	 -1000.000000	-1000.000000	 -1000.000000	-1000.000000	 -1000.000000	-1000.000000	 -1000.000000	
12.513616	 7.086319	13.493333	 17.000000	10.565249	 16.642564	10.642339	 16.674212	9.992819	 16.328810	6.292468	 13.769402	6.507673	 13.180593	4.720791	 16.335498	4.568892	 17.749518	5.445960	 15.068714	5.396013	 15.135420	5.826090	 14.558728	6.217674	 13.954890	6.480913	 13.285564	4.689932	 16.394588	6.686492	 10.653458	-1000.000000	 -1000.000000	-1000.000000	 -1000.000000	-1000.000000	 -1000.000000	-1000.000000	 -1000.000000	
12.566885	 7.083723	13.453333	 17.000000	10.503577	 16.617247	10.580667	 16.648894	9.931802	 16.288131	6.322195	 13.695130	6.527450	 13.096213	4.746269	 16.288643	4.556523	 17.711479	5.485983	 15.015398	5.435959	 15.082046	5.870207	 14.500149	6.247760	 13.880763	6.502579	 13.201652	4.714475	 16.347240	6.693944	 10.614159	-1000.000000	 -1000.000000	-1000.000000	 -1000.000000	-1000.000000	 -1000.000000	-1000.000000	 -1000.000000	
12.620182	 7.081737	13.413333	 17.000000	10.441904	 16.591929	10.518995	 16.623576	9.870788	 16.247448	6.351904	 13.620852	6.546757	 13.011724	4.771863	 16.241852	4.544153	 17.673439	5.526020	 14.962092	5.475976	 15.028725	5.914324	 14.441570	6.277590	 13.806533	6.522569	 13.117323	4.739881	 16.300347	6.701395	 10.574859	-1000.000000	 -1000.000000	-1000.000000	 -1000.000000	-1000.000000	 -1000.000000	-1000.000000	 -1000.000000	
12.673482	 7.079875	13.373333	 17.000000	10.380232	 16.566612	10.457322	 16.598259	9.809775	 16.206765	6.381609	 13.546571	6.565895	 12.927197	4.797481	 16.195075	4.531784	 17.635400	5.566061	 14.908789	5.516011	 14.975418	5.958441	 14.382992	6.307335	 13.732268	6.541953	 13.032852	4.765461	 16.253548	6.708847	 10.535559	-1000.000000	 -1000.000000	-1000.000000	 -1000.000000	-1000.000000	 -1000.000000	-1000.000000	 -1000.000000	
12.726784	 7.078039	13.333333	 17.000000	10.320490	 16.537185	10.395650	 16.572941	9.748762	 16.166081	6.411311	 13.472289	6.584972	 12.842656	4.823104	 16.148300	4.519415	 17.597360	5.606102	 14.855487	5.556051	 14.922115	6.002558	 14.324413	6.337051	 13.657991	6.561119	 12.948331	4.791076	 16.206769	6.716298	 10.496259	-1000.000000	 -1000.000000	-1000.000000	 -1000.000000	-1000.000000	 -1000.000000	-1000.000000	 -1000.000000	
12.780086	 7.076208	13.293333	 17.000000	10.263715	 16.502253	10.335015	 16.545360	9.687749	 16.125398	6.441013	 13.398007	6.604027	 12.758110	4.848728	 16.101525	4.507045	 17.559321	5.646144	 14.802185	5.596092	 14.868813	6.046674	 14.265834	6.366757	 13.583711	6.580206	 12.863792	4.816698	 16.159993	6.723750	 10.456959	-1000.000000	 -1000.000000	-1000.000000	 -1000.000000	-1000.000000	 -1000.000000	-1000.000000	 -1000.000000	
12.833388	 7.074378	13.253333	 17.000000	10.207837	 16.465893	10.277779	 16.511196	9.626735	 16.084714	6.468741	 13.323000	6.623074	 12.673563	4.874352	 16.054751	4.494676	 17.521281	5.686186	 14.748883	5.636134	 14.815511	6.090791	 14.207255	6.396460	 13.509430	6.599265	 12.779247	4.842322	 16.113219	-1000.000000	 -1000.000000	-1000.000000	 -1000.000000	-1000.000000	 -1000.000000	-1000.000000	 -1000.000000	-1000.000000	 -1000.000000	
12.886690	 7.072548	13.213333	 17.000000	10.152208	 16.429153	10.221770	 16.475039	9.565722	 16.044030	6.490096	 13.245912	6.642118	 12.589014	4.899977	 16.007976	4.482307	 17.483242	5.726228	 14.695582	5.676176	 14.762209	6.132070	 14.146754	6.426162	 13.435148	6.618313	 12.694700	4.867946	 16.066444	-1000.000000	 -1000.000000	-1000.000000	 -1000.000000	-1000.000000	 -1000.000000	-1000.000000	 -1000.000000	-1000.000000	 -1000.000000	
12.939992	 7.070718	13.173333	 17.000000	10.096646	 16.392310	10.166105	 16.438353	9.504709	 16.003346	6.508979	 13.168173	6.661161	 12.504465	4.925601	 15.961202	4.469937	 17.445202	5.766270	 14.642280	5.716218	 14.708907	6.164211	 14.080863	6.455863	 13.360866	6.637357	 12.610151	4.893570	 16.019670	-1000.000000	 -1000.000000	-1000.000000	 -1000.000000	-1000.000000	 -1000.000000	-1000.000000	 -1000.000000	-1000.000000	 -1000.000000	
12.993294	 7.068888	13.133333	 17.000000	10.041103	 16.355440	10.110534	 16.401525	9.443696	 15.962662	6.527037	 13.090238	6.679762	 12.419822	4.951225	 15.914428	4.459634	 17.406726	5.806312	 14.588978	5.756260	 14.655605	6.192969	 14.013406	6.479915	 13.284594	6.656400	 12.525603	4.919195	 15.972895	-1000.000000	 -1000.000000	-1000.000000	 -1000.000000	-1000.000000	 -1000.000000	-1000.000000	 -1000.000000	-1000.000000	 -1000.000000	
13.046596	 7.067058	13.093333	 17.000000	9.985565	 16.318563	10.054988	 16.364659	9.382683	 15.921979	6.544822	 13.012240	6.694299	 12.334389	4.976849	 15.867653	4.464216	 17.367057	5.846354	 14.535676	5.796302	 14.602303	6.220686	 13.945512	6.499703	 13.207083	6.675443	 12.441054	4.944819	 15.926121	-1000.000000	 -1000.000000	-1000.000000	 -1000.000000	-1000.000000	 -1000.000000	-1000.000000	 -1000.000000	-1000.000000	 -1000.000000	
13.099898	 7.065229	13.053333	 17.000000	9.930028	 16.281683	9.999449	 16.327782	9.321670	 15.881295	6.562515	 12.934221	6.706690	 12.248613	5.002474	 15.820879	4.472495	 17.327924	5.886396	 14.482374	5.836344	 14.549001	6.248086	 13.877490	6.518063	 13.129218	6.690954	 12.355796	4.970443	 15.879347	-1000.000000	 -1000.000000	-1000.000000	 -1000.000000	-1000.000000	 -1000.000000	-1000.000000	 -1000.000000	-1000.000000	 -1000.000000	
13.153200	 7.063399	13.013333	 17.000000	9.874491	 16.244803	9.943912	 16.290903	9.260656	 15.840611	6.580178	 12.856195	6.718309	 12.162729	5.028098	 15.774104	4.481262	 17.288897	5.926438	 14.429072	5.876386	 14.495700	6.275390	 13.809429	6.535948	 13.051243	6.703696	 12.270072	4.996068	 15.832572	-1000.000000	 -1000.000000	-1000.000000	 -1000.000000	-1000.000000	 -1000.000000	-1000.000000	 -1000.000000	-1000.000000	 -1000.000000	
13.206502	 7.061569	12.973333	 17.000000	9.818955	 16.207923	9.888376	 16.254023	9.202797	 15.795890	6.597831	 12.778167	6.729649	 12.076807	5.053722	 15.727330	4.490093	 17.249884	5.966480	 14.375770	5.916427	 14.442398	6.302664	 13.741357	6.553675	 12.973232	6.715441	 12.184205	5.021692	 15.785798	-1000.000000	 -1000.000000	-1000.000000	 -1000.000000	-1000.000000	 -1000.000000	-1000.000000	 -1000.000000	-1000.000000	 -1000.000000	
13.259803	 7.059739	12.933333	 17.000000	9.763419	 16.171043	9.832839	 16.217143	9.155856	 15.739611	6.615481	 12.700139	6.740890	 11.990873	5.079346	 15.680556	4.498933	 17.210873	6.006522	 14.322469	5.956469	 14.389096	6.329930	 13.673281	6.571349	 12.895209	6.726828	 12.098290	5.047316	 15.739024	-1000.000000	 -1000.000000	-1000.000000	 -1000.000000	-1000.000000	 -1000.000000	-1000.000000	 -1000.000000	-1000.000000	 -1000.000000	
13.313105	 7.057909	12.893333	 17.000000	9.707882	 16.134162	9.777303	 16.180263	9.113351	 15.679859	6.633129	 12.622109	6.752094	 11.904933	5.104971	 15.633781	4.507774	 17.171862	6.046564	 14.269167	5.996511	 14.335794	6.357193	 13.605203	6.589006	 12.817181	6.738085	 12.012357	5.072940	 15.692249	-1000.000000	 -1000.000000	-1000.000000	 -1000.000000	-1000.000000	 -1000.000000	-1000.000000	 -1000.000000	-1000.000000	 -1000.000000	
13.366407	 7.056080	12.853333	 17.000000	9.652346	 16.097282	9.721766	 16.143382	9.072249	 15.619127	6.650777	 12.544080	6.763286	 11.818992	5.130595	 15.587007	4.516615	 17.132852	6.086606	 14.215865	6.036553	 14.282492	6.384455	 13.537126	6.606656	 12.739153	6.749295	 11.926418	5.098565	 15.645475	-1000.000000	 -1000.000000	-1000.000000	 -1000.000000	-1000.000000	 -1000.000000	-1000.000000	 -1000.000000	-1000.000000	 -1000.000000	
13.419709	 7.054250	12.813333	 17.000000	9.596810	 16.060402	9.666230	 16.106502	9.031579	 15.558104	6.668425	 12.466051	6.774472	 11.733051	5.156219	 15.540233	4.525457	 17.093841	6.125647	 14.161867	6.076595	 14.229190	6.411717	 13.469048	6.624305	 12.661124	6.760489	 11.840478	5.124189	 15.598701	-1000.000000	 -1000.000000	-1000.000000	 -1000.000000	-1000.000000	 -1000.000000	-1000.000000	 -1000.000000	-1000.000000	 -1000.000000	
13.473011	 7.052420	12.773333	 17.000000	9.541273	 16.023521	9.610694	 16.069622	8.991041	 15.496994	6.684865	 12.387770	6.785657	 11.647109	5.181843	 15.493458	4.534298	 17.054830	6.155871	 14.102484	6.116637	 14.175889	6.438979	 13.400971	6.641953	 12.583095	6.771676	 11.754536	5.149813	 15.551926	-1000.000000	 -1000.000000	-1000.000000	 -1000.000000	-1000.000000	 -1000.000000	-1000.000000	 -1000.000000	-1000.000000	 -1000.000000	
13.526313	 7.050590	12.733333	 17.000000	9.485737	 15.986641	9.555157	 16.032741	8.950543	 15.435858	6.697438	 12.308767	6.796841	 11.561167	5.207468	 15.446684	4.543139	 17.015820	6.182153	 14.041219	6.148886	 14.117616	6.464324	 13.332191	6.659601	 12.505066	6.782861	 11.668594	5.175437	 15.505152	-1000.000000	 -1000.000000	-1000.000000	 -1000.000000	-1000.000000	 -1000.000000	-1000.000000	 -1000.000000	-1000.000000	 -1000.000000	
13.579628	 7.049203	12.693333	 17.000000	9.430201	 15.949761	9.499621	 15.995861	8.910057	 15.374713	6.708531	 12.229540	6.808025	 11.475225	5.233092	 15.399909	4.551981	 16.976809	6.207341	 13.979494	6.175741	 14.056603	6.483673	 13.261464	6.677249	 12.427036	6.794045	 11.582652	5.201062	 15.458377	-1000.000000	 -1000.000000	-1000.000000	 -1000.000000	-1000.000000	 -1000.000000	-1000.000000	 -1000.000000	-1000.000000	 -1000.000000	
13.632949	 7.048058	12.653333	 17.000000	9.374664	 15.912880	9.444085	 15.958981	8.869576	 15.313565	6.719133	 12.150246	6.817855	 11.389122	5.258716	 15.353135	4.560822	 16.937798	6.232230	 13.917648	6.201087	 13.994943	6.500884	 13.190180	6.691450	 12.348316	6.805229	 11.496710	5.226686	 15.411603	-1000.000000	 -1000.000000	-1000.000000	 -1000.000000	-1000.000000	 -1000.000000	-1000.000000	 -1000.000000	-1000.000000	 -1000.000000	
13.686271	 7.046963	12.613333	 17.000000	9.319128	 15.876000	9.388548	 15.922100	8.829095	 15.252417	6.729572	 12.070930	6.825565	 11.302800	5.284340	 15.306361	4.569663	 16.898788	6.257038	 13.855769	6.226020	 13.933114	6.517447	 13.118741	6.703084	 12.269167	6.815683	 11.410680	5.252310	 15.364829	-1000.000000	 -1000.000000	-1000.000000	 -1000.000000	-1000.000000	 -1000.000000	-1000.000000	 -1000.000000	-1000.000000	 -1000.000000	
13.739594	 7.045879	12.573333	 17.000000	9.263592	 15.839120	9.333012	 15.885220	8.791296	 15.189665	6.739956	 11.991606	6.832514	 11.216413	5.312490	 15.261104	4.578504	 16.859777	6.281825	 13.793881	6.250840	 13.871240	6.533813	 13.047258	6.713865	 12.189897	6.823740	 11.324390	5.277934	 15.318054	-1000.000000	 -1000.000000	-1000.000000	 -1000.000000	-1000.000000	 -1000.000000	-1000.000000	 -1000.000000	-1000.000000	 -1000.000000	
13.792916	 7.044796	12.533333	 17.000000	9.209152	 15.800770	9.277476	 15.848340	8.762061	 15.122430	6.750322	 11.912281	6.839189	 11.130003	5.343662	 15.217830	4.587346	 16.820766	6.306605	 13.731991	6.275629	 13.809354	6.550120	 12.975760	6.724363	 12.110589	6.830813	 11.238012	5.304972	 15.272116	-1000.000000	 -1000.000000	-1000.000000	 -1000.000000	-1000.000000	 -1000.000000	-1000.000000	 -1000.000000	-1000.000000	 -1000.000000	
13.846238	 7.043713	12.493333	 17.000000	9.165118	 15.750822	9.221939	 15.811460	8.735963	 15.053900	6.760682	 11.832955	6.845766	 11.043587	5.375428	 15.174989	4.596187	 16.781756	6.331383	 13.670100	6.300410	 13.747464	6.566409	 12.904259	6.734767	 12.031268	6.837533	 11.151607	5.335775	 15.228581	-1000.000000	 -1000.000000	-1000.000000	 -1000.000000	-1000.000000	 -1000.000000	-1000.000000	 -1000.000000	-1000.000000	 -1000.000000	
13.899561	 7.042631	12.453333	 17.000000	9.126229	 15.696680	9.175394	 15.763943	8.710826	 14.985009	6.771040	 11.753628	6.852307	 10.957167	5.407314	 15.132238	4.605028	 16.742745	6.356161	 13.608209	6.325189	 13.685573	6.582692	 12.832756	6.745140	 11.951944	6.844126	 11.065191	5.367468	 15.185686	-1000.000000	 -1000.000000	-1000.000000	 -1000.000000	-1000.000000	 -1000.000000	-1000.000000	 -1000.000000	-1000.000000	 -1000.000000	
13.952883	 7.041549	12.413333	 17.000000	9.088822	 15.641498	9.135736	 15.710369	8.685982	 14.916013	6.781398	 11.674301	6.858835	 10.870747	5.439225	 15.089504	4.613870	 16.703734	6.380939	 13.546318	6.349967	 13.623682	6.598974	 12.761253	6.755503	 11.872618	6.850673	 10.978772	5.399339	 15.142923	-1000.000000	 -1000.000000	-1000.000000	 -1000.000000	-1000.000000	 -1000.000000	-1000.000000	 -1000.000000	-1000.000000	 -1000.000000	
14.006205	 7.040467	12.373333	 17.000000	9.051824	 15.586040	9.098114	 15.655333	8.661226	 14.846984	6.791755	 11.594975	6.865359	 10.784326	5.471140	 15.046774	4.622711	 16.664724	6.405717	 13.484427	6.374744	 13.561791	6.615255	 12.689750	6.765861	 11.793291	6.857204	 10.892352	5.431247	 15.100187	-1000.000000	 -1000.000000	-1000.000000	 -1000.000000	-1000.000000	 -1000.000000	-1000.000000	 -1000.000000	-1000.000000	 -1000.000000	
14.059528	 7.039384	12.333333	 17.000000	9.014938	 15.530507	9.061057	 15.599915	8.636498	 14.777946	6.802112	 11.515648	6.871881	 10.697905	5.503057	 15.004045	4.631552	 16.625713	6.430494	 13.422536	6.399522	 13.499900	6.631536	 12.618247	6.776219	 11.713965	6.863728	 10.805931	5.463161	 15.057456	-1000.000000	 -1000.000000	-1000.000000	 -1000.000000	-1000.000000	 -1000.000000	-1000.000000	 -1000.000000	-1000.000000	 -1000.000000	
14.112850	 7.038302	12.293333	 17.000000	8.978083	 15.474954	9.024155	 15.544393	8.611777	 14.708905	6.812211	 11.436289	6.878402	 10.611484	5.534974	 14.961316	4.640393	 16.586702	6.454596	 13.360391	6.424300	 13.438009	6.647816	 12.546744	6.786576	 11.634638	6.870251	 10.719510	5.495078	 15.014727	-1000.000000	 -1000.000000	-1000.000000	 -1000.000000	-1000.000000	 -1000.000000	-1000.000000	 -1000.000000	-1000.000000	 -1000.000000	
14.166173	 7.037220	12.253333	 17.000000	8.941236	 15.419395	8.987296	 15.488843	8.587060	 14.639862	6.819988	 11.356670	6.884924	 10.525063	5.566891	 14.918587	4.649235	 16.547692	6.472896	 13.296298	6.449078	 13.376118	6.664097	 12.475240	6.796934	 11.555311	6.876772	 10.633089	5.526995	 14.971998	-1000.000000	 -1000.000000	-1000.000000	 -1000.000000	-1000.000000	 -1000.000000	-1000.000000	 -1000.000000	-1000.000000	 -1000.000000	
14.219495	 7.036138	12.213333	 17.000000	8.904392	 15.363835	8.950448	 15.433285	8.562343	 14.570820	6.826620	 11.276945	-1000.000000	 -1000.000000	5.598807	 14.875858	4.658076	 16.508681	6.488707	 13.231534	6.468684	 13.312423	6.679203	 12.403491	6.807291	 11.475984	6.883293	 10.546668	5.558911	 14.929269	-1000.000000	 -1000.000000	-1000.000000	 -1000.000000	-1000.000000	 -1000.000000	-1000.000000	 -1000.000000	-1000.000000	 -1000.000000	
14.272817	 7.035055	12.173333	 17.000000	8.867548	 15.308275	8.913603	 15.377725	8.537626	 14.501778	6.832872	 11.197190	-1000.000000	 -1000.000000	5.630724	 14.833129	4.666917	 16.469670	6.503839	 13.166608	6.484854	 13.247749	6.690663	 12.331061	6.816330	 11.396502	6.889814	 10.460247	5.590828	 14.886540	-1000.000000	 -1000.000000	-1000.000000	 -1000.000000	-1000.000000	 -1000.000000	-1000.000000	 -1000.000000	-1000.000000	 -1000.000000	
14.326140	 7.033973	12.133333	 17.000000	8.830704	 15.252714	8.876759	 15.322165	8.512909	 14.432735	6.838999	 11.117425	-1000.000000	 -1000.000000	5.662641	 14.790400	4.678471	 16.431492	6.518787	 13.101638	6.500083	 13.182846	6.700841	 12.258438	6.823380	 11.316814	-1000.000000	 -1000.000000	5.622745	 14.843812	-1000.000000	 -1000.000000	-1000.000000	 -1000.000000	-1000.000000	 -1000.000000	-1000.000000	 -1000.000000	-1000.000000	 -1000.000000	
14.379462	 7.032891	12.093333	 17.000000	8.796458	 15.195607	8.839915	 15.266604	8.488831	 14.363477	6.845084	 11.037657	-1000.000000	 -1000.000000	5.694558	 14.747671	4.696413	 16.395749	6.533684	 13.036657	6.515057	 13.117882	6.710631	 12.185761	6.829771	 11.237070	-1000.000000	 -1000.000000	5.654662	 14.801083	-1000.000000	 -1000.000000	-1000.000000	 -1000.000000	-1000.000000	 -1000.000000	-1000.000000	 -1000.000000	-1000.000000	 -1000.000000	
14.432784	 7.031809	12.053333	 17.000000	8.770210	 15.134341	8.804017	 15.210461	8.470383	 14.292514	6.851156	 10.957887	-1000.000000	 -1000.000000	5.726475	 14.704943	4.715378	 16.360531	6.548568	 12.971674	6.529962	 13.052903	6.720304	 12.113069	6.835944	 11.157308	-1000.000000	 -1000.000000	5.686579	 14.758354	-1000.000000	 -1000.000000	-1000.000000	 -1000.000000	-1000.000000	 -1000.000000	-1000.000000	 -1000.000000	-1000.000000	 -1000.000000	
14.486107	 7.030726	12.013333	 17.000000	8.746619	 15.071989	8.776386	 15.149821	8.454554	 14.220910	6.857222	 10.878118	-1000.000000	 -1000.000000	5.758392	 14.662214	4.734478	 16.325385	6.563449	 12.906689	6.544848	 12.987920	6.729941	 12.040371	6.842045	 11.077541	-1000.000000	 -1000.000000	5.718496	 14.715625	-1000.000000	 -1000.000000	-1000.000000	 -1000.000000	-1000.000000	 -1000.000000	-1000.000000	 -1000.000000	-1000.000000	 -1000.000000	
14.539430	 7.029680	11.973333	 17.000000	8.723757	 15.009365	8.752410	 15.087617	8.439520	 14.149135	6.863287	 10.798348	-1000.000000	 -1000.000000	5.790308	 14.619485	4.753596	 16.290250	6.578328	 12.841704	6.559729	 12.922935	6.739568	 11.967673	6.848121	 10.997772	-1000.000000	 -1000.000000	5.750412	 14.672896	-1000.000000	 -1000.000000	-1000.000000	 -1000.000000	-1000.000000	 -1000.000000	-1000.000000	 -1000.000000	-1000.000000	 -1000.000000	
14.592758	 7.028919	11.933333	 17.000000	8.701094	 14.946669	8.729443	 15.025032	8.424727	 14.077309	6.869352	 10.718578	-1000.000000	 -1000.000000	5.822225	 14.576756	4.772717	 16.255116	6.593207	 12.776719	6.574608	 12.857950	6.749192	 11.894973	6.854189	 10.918003	-1000.000000	 -1000.000000	5.782329	 14.630167	-1000.000000	 -1000.000000	-1000.000000	 -1000.000000	-1000.000000	 -1000.000000	-1000.000000	 -1000.000000	-1000.000000	 -1000.000000	
14.646087	 7.028254	11.893333	 17.000000	8.678485	 14.883953	8.706752	 14.962346	8.410007	 14.005468	6.875416	 10.638808	-1000.000000	 -1000.000000	5.854142	 14.534027	4.791837	 16.219982	6.608086	 12.711734	6.589487	 12.792965	6.758814	 11.822274	6.860255	 10.838233	-1000.000000	 -1000.000000	5.814246	 14.587438	-1000.000000	 -1000.000000	-1000.000000	 -1000.000000	-1000.000000	 -1000.000000	-1000.000000	 -1000.000000	-1000.000000	 -1000.000000	
14.699416	 7.027609	11.853333	 17.000000	8.655890	 14.821232	8.684135	 14.899633	8.395309	 13.933623	6.881480	 10.559039	-1000.000000	 -1000.000000	5.886059	 14.491298	4.810958	 16.184848	6.622965	 12.646748	6.604366	 12.727980	6.768436	 11.749575	6.866319	 10.758463	-1000.000000	 -1000.000000	5.846163	 14.544709	-1000.000000	 -1000.000000	-1000.000000	 -1000.000000	-1000.000000	 -1000.000000	-1000.000000	 -1000.000000	-1000.000000	 -1000.000000	
14.752746	 7.026968	11.813333	 17.000000	8.633300	 14.758509	8.661538	 14.836912	8.380618	 13.861776	6.887544	 10.479269	-1000.000000	 -1000.000000	5.917976	 14.448569	4.830079	 16.149714	6.637843	 12.581763	6.619245	 12.662995	6.778058	 11.676875	6.872384	 10.678693	-1000.000000	 -1000.000000	5.878080	 14.501980	-1000.000000	 -1000.000000	-1000.000000	 -1000.000000	-1000.000000	 -1000.000000	-1000.000000	 -1000.000000	-1000.000000	 -1000.000000	
14.806075	 7.026328	11.773333	 17.000000	8.610711	 14.695786	8.638947	 14.774190	8.365928	 13.789929	-1000.000000	 -1000.000000	-1000.000000	 -1000.000000	5.949893	 14.405840	4.849199	 16.114580	6.652722	 12.516778	6.634124	 12.598010	6.787680	 11.604176	6.878448	 10.598923	-1000.000000	 -1000.000000	5.909997	 14.459251	-1000.000000	 -1000.000000	-1000.000000	 -1000.000000	-1000.000000	 -1000.000000	-1000.000000	 -1000.000000	-1000.000000	 -1000.000000	
14.859405	 7.025688	11.733333	 17.000000	8.588122	 14.633063	8.616358	 14.711467	8.351240	 13.718082	-1000.000000	 -1000.000000	-1000.000000	 -1000.000000	5.981809	 14.363111	4.868320	 16.079446	6.667601	 12.451793	6.649002	 12.533024	6.797303	 11.531477	6.884512	 10.519154	-1000.000000	 -1000.000000	5.941913	 14.416522	-1000.000000	 -1000.000000	-1000.000000	 -1000.000000	-1000.000000	 -1000.000000	-1000.000000	 -1000.000000	-1000.000000	 -1000.000000	
14.912734	 7.025048	11.693333	 17.000000	8.565533	 14.570340	8.593769	 14.648744	8.336552	 13.646234	-1000.000000	 -1000.000000	-1000.000000	 -1000.000000	6.013726	 14.320382	4.887441	 16.044312	6.680390	 12.386381	6.663881	 12.468039	6.806925	 11.458777	-1000.000000	 -1000.000000	-1000.000000	 -1000.000000	5.973830	 14.373793	-1000.000000	 -1000.000000	-1000.000000	 -1000.000000	-1000.000000	 -1000.000000	-1000.000000	 -1000.000000	-1000.000000	 -1000.000000	
14.966064	 7.024408	11.653333	 17.000000	8.542945	 14.507617	8.571180	 14.586021	8.321863	 13.574387	-1000.000000	 -1000.000000	-1000.000000	 -1000.000000	6.045643	 14.277653	4.906561	 16.009178	6.690280	 12.320453	6.677615	 12.402815	6.814565	 11.385846	-1000.000000	 -1000.000000	-1000.000000	 -1000.000000	6.005747	 14.331064	-1000.000000	 -1000.000000	-1000.000000	 -1000.000000	-1000.000000	 -1000.000000	-1000.000000	 -1000.000000	-1000.000000	 -1000.000000	
15.019393	 7.023768	11.613333	 17.000000	8.520356	 14.444894	8.548592	 14.523298	8.307175	 13.502540	-1000.000000	 -1000.000000	-1000.000000	 -1000.000000	6.077560	 14.234924	4.925682	 15.974044	6.699382	 12.254410	6.687923	 12.336952	6.820820	 11.312780	-1000.000000	 -1000.000000	-1000.000000	 -1000.000000	6.037664	 14.288336	-1000.000000	 -1000.000000	-1000.000000	 -1000.000000	-1000.000000	 -1000.000000	-1000.000000	 -1000.000000	-1000.000000	 -1000.000000	
15.072723	 7.023128	11.573333	 17.000000	8.497767	 14.382171	8.526003	 14.460575	8.292874	 13.430618	-1000.000000	 -1000.000000	-1000.000000	 -1000.000000	6.109477	 14.192195	4.944803	 15.938910	6.708271	 12.188339	6.697138	 12.270925	6.826658	 11.239680	-1000.000000	 -1000.000000	-1000.000000	 -1000.000000	6.069581	 14.245607	-1000.000000	 -1000.000000	-1000.000000	 -1000.000000	-1000.000000	 -1000.000000	-1000.000000	 -1000.000000	-1000.000000	 -1000.000000	
15.126052	 7.022488	11.533333	 17.000000	8.479951	 14.317949	8.503414	 14.397851	8.281963	 13.358104	-1000.000000	 -1000.000000	-1000.000000	 -1000.000000	6.136810	 14.146542	4.963923	 15.903776	6.717101	 12.122260	6.706057	 12.204858	6.832369	 11.166569	-1000.000000	 -1000.000000	-1000.000000	 -1000.000000	6.101498	 14.202878	-1000.000000	 -1000.000000	-1000.000000	 -1000.000000	-1000.000000	 -1000.000000	-1000.000000	 -1000.000000	-1000.000000	 -1000.000000	
15.179382	 7.021848	11.493333	 17.000000	8.465294	 14.252915	8.483945	 14.334130	8.272610	 13.285370	-1000.000000	 -1000.000000	-1000.000000	 -1000.000000	6.158251	 14.097715	4.983044	 15.868642	6.725915	 12.056178	6.714896	 12.138780	6.838041	 11.093456	-1000.000000	 -1000.000000	-1000.000000	 -1000.000000	6.130882	 14.158486	-1000.000000	 -1000.000000	-1000.000000	 -1000.000000	-1000.000000	 -1000.000000	-1000.000000	 -1000.000000	-1000.000000	 -1000.000000	
15.232711	 7.021208	11.454192	 16.993110	8.451501	 14.187690	8.468833	 14.269201	8.263729	 13.212577	-1000.000000	 -1000.000000	-1000.000000	 -1000.000000	6.178430	 14.048347	5.002165	 15.833508	6.734725	 11.990096	6.723712	 12.072699	6.843703	 11.020341	-1000.000000	 -1000.000000	-1000.000000	 -1000.000000	6.153088	 14.110008	-1000.000000	 -1000.000000	-1000.000000	 -1000.000000	-1000.000000	 -1000.000000	-1000.000000	 -1000.000000	-1000.000000	 -1000.000000	
15.286041	 7.020568	11.416718	 16.979136	8.437943	 14.122417	8.454915	 14.204004	8.254991	 13.139766	-1000.000000	 -1000.000000	-1000.000000	 -1000.000000	6.198350	 13.998873	5.021286	 15.798374	6.743534	 11.924014	6.732523	 12.006617	6.849360	 10.947226	-1000.000000	 -1000.000000	-1000.000000	 -1000.000000	6.173426	 14.060705	-1000.000000	 -1000.000000	-1000.000000	 -1000.000000	-1000.000000	 -1000.000000	-1000.000000	 -1000.000000	-1000.000000	 -1000.000000	
15.339370	 7.019928	11.379590	 16.964252	8.424447	 14.057131	8.441323	 14.138737	8.246295	 13.066950	-1000.000000	 -1000.000000	-1000.000000	 -1000.000000	6.218215	 13.949377	5.040406	 15.763240	6.752343	 11.857932	6.741332	 11.940535	6.855017	 10.874111	-1000.000000	 -1000.000000	-1000.000000	 -1000.000000	6.193378	 14.011244	-1000.000000	 -1000.000000	-1000.000000	 -1000.000000	-1000.000000	 -1000.000000	-1000.000000	 -1000.000000	-1000.000000	 -1000.000000	
15.392700	 7.019288	11.342511	 16.949248	8.410970	 13.991841	8.427819	 14.073453	8.237613	 12.994132	-1000.000000	 -1000.000000	-1000.000000	 -1000.000000	6.238070	 13.899877	5.059527	 15.728106	6.761152	 11.791850	6.750141	 11.874453	6.860673	 10.800997	-1000.000000	 -1000.000000	-1000.000000	 -1000.000000	6.213251	 13.961752	-1000.000000	 -1000.000000	-1000.000000	 -1000.000000	-1000.000000	 -1000.000000	-1000.000000	 -1000.000000	-1000.000000	 -1000.000000	
15.446029	 7.018648	11.305438	 16.934228	8.397497	 13.926550	8.414338	 14.008163	8.228935	 12.921314	-1000.000000	 -1000.000000	-1000.000000	 -1000.000000	6.257923	 13.850377	5.078648	 15.692972	6.769960	 11.725768	6.758950	 11.808370	6.866330	 10.727882	-1000.000000	 -1000.000000	-1000.000000	 -1000.000000	6.233107	 13.912252	-1000.000000	 -1000.000000	-1000.000000	 -1000.000000	-1000.000000	 -1000.000000	-1000.000000	 -1000.000000	-1000.000000	 -1000.000000	
15.499359	 7.018008	11.268366	 16.919206	8.384025	 13.861258	8.400865	 13.942872	8.220258	 12.848496	-1000.000000	 -1000.000000	-1000.000000	 -1000.000000	6.277775	 13.800876	5.097768	 15.657838	6.778769	 11.659686	6.767758	 11.742288	6.871986	 10.654767	-1000.000000	 -1000.000000	-1000.000000	 -1000.000000	6.252959	 13.862752	-1000.000000	 -1000.000000	-1000.000000	 -1000.000000	-1000.000000	 -1000.000000	-1000.000000	 -1000.000000	-1000.000000	 -1000.000000	
-1000.000000	 -1000.000000	11.231294	 16.904183	8.370553	 13.795967	8.387393	 13.877581	8.211581	 12.775678	-1000.000000	 -1000.000000	-1000.000000	 -1000.000000	6.297627	 13.751375	5.116889	 15.622703	6.787577	 11.593603	6.776567	 11.676206	6.877642	 10.581652	-1000.000000	 -1000.000000	-1000.000000	 -1000.000000	6.272812	 13.813251	-1000.000000	 -1000.000000	-1000.000000	 -1000.000000	-1000.000000	 -1000.000000	-1000.000000	 -1000.000000	-1000.000000	 -1000.000000	
-1000.000000	 -1000.000000	11.194222	 16.889160	8.357082	 13.730675	8.373921	 13.812290	8.202904	 12.702860	-1000.000000	 -1000.000000	-1000.000000	 -1000.000000	6.317478	 13.701874	5.136010	 15.587569	6.796386	 11.527521	6.785375	 11.610124	6.883298	 10.508537	-1000.000000	 -1000.000000	-1000.000000	 -1000.000000	6.292664	 13.763750	-1000.000000	 -1000.000000	-1000.000000	 -1000.000000	-1000.000000	 -1000.000000	-1000.000000	 -1000.000000	-1000.000000	 -1000.000000	
-1000.000000	 -1000.000000	11.157150	 16.874138	8.343611	 13.665384	8.360450	 13.746998	8.194227	 12.630042	-1000.000000	 -1000.000000	-1000.000000	 -1000.000000	6.337330	 13.652373	5.155130	 15.552435	6.805194	 11.461439	6.794184	 11.544042	-1000.000000	 -1000.000000	-1000.000000	 -1000.000000	-1000.000000	 -1000.000000	6.312515	 13.714249	-1000.000000	 -1000.000000	-1000.000000	 -1000.000000	-1000.000000	 -1000.000000	-1000.000000	 -1000.000000	-1000.000000	 -1000.000000	
-1000.000000	 -1000.000000	11.120079	 16.859115	8.330140	 13.600093	8.346979	 13.681707	8.185551	 12.557223	-1000.000000	 -1000.000000	-1000.000000	 -1000.000000	6.357182	 13.602872	5.174251	 15.517301	6.812097	 11.395134	6.802992	 11.477960	-1000.000000	 -1000.000000	-1000.000000	 -1000.000000	-1000.000000	 -1000.000000	6.332367	 13.664748	-1000.000000	 -1000.000000	-1000.000000	 -1000.000000	-1000.000000	 -1000.000000	-1000.000000	 -1000.000000	-1000.000000	 -1000.000000	
-1000.000000	 -1000.000000	11.083007	 16.844093	8.316668	 13.534801	8.333507	 13.616415	8.176874	 12.484405	-1000.000000	 -1000.000000	-1000.000000	 -1000.000000	6.377034	 13.553371	5.193372	 15.482167	6.817756	 11.328708	6.810553	 11.411729	-1000.000000	 -1000.000000	-1000.000000	 -1000.000000	-1000.000000	 -1000.000000	6.352219	 13.615247	-1000.000000	 -1000.000000	-1000.000000	 -1000.000000	-1000.000000	 -1000.000000	-1000.000000	 -1000.000000	-1000.000000	 -1000.000000	
-1000.000000	 -1000.000000	11.045935	 16.829070	8.303197	 13.469510	8.320036	 13.551124	8.169359	 12.411462	-1000.000000	 -1000.000000	-1000.000000	 -1000.000000	6.396886	 13.503870	5.212493	 15.447033	6.823078	 11.262254	6.816391	 11.345318	-1000.000000	 -1000.000000	-1000.000000	 -1000.000000	-1000.000000	 -1000.000000	6.372071	 13.565746	-1000.000000	 -1000.000000	-1000.000000	 -1000.000000	-1000.000000	 -1000.000000	-1000.000000	 -1000.000000	-1000.000000	 -1000.000000	
-1000.000000	 -1000.000000	11.008863	 16.814048	8.290768	 13.404022	8.306565	 13.485833	8.163526	 12.338362	-1000.000000	 -1000.000000	-1000.000000	 -1000.000000	6.416738	 13.454369	5.231613	 15.411899	6.828309	 11.195793	6.821761	 11.278868	-1000.000000	 -1000.000000	-1000.000000	 -1000.000000	-1000.000000	 -1000.000000	6.391923	 13.516245	-1000.000000	 -1000.000000	-1000.000000	 -1000.000000	-1000.000000	 -1000.000000	-1000.000000	 -1000.000000	-1000.000000	 -1000.000000	
-1000.000000	 -1000.000000	10.971791	 16.799025	8.281453	 13.338011	8.293476	 13.420467	8.158200	 12.265222	-1000.000000	 -1000.000000	-1000.000000	 -1000.000000	6.436590	 13.404868	5.250734	 15.376765	6.833514	 11.129330	6.827005	 11.212408	-1000.000000	 -1000.000000	-1000.000000	 -1000.000000	-1000.000000	 -1000.000000	6.411775	 13.466744	-1000.000000	 -1000.000000	-1000.000000	 -1000.000000	-1000.000000	 -1000.000000	-1000.000000	 -1000.000000	-1000.000000	 -1000.000000	
-1000.000000	 -1000.000000	10.934719	 16.784003	8.273130	 13.271866	8.283637	 13.354534	8.153028	 12.192071	-1000.000000	 -1000.000000	-1000.000000	 -1000.000000	6.455806	 13.355130	5.269855	 15.341631	6.838713	 11.062866	6.832214	 11.145945	-1000.000000	 -1000.000000	-1000.000000	 -1000.000000	-1000.000000	 -1000.000000	6.431627	 13.417243	-1000.000000	 -1000.000000	-1000.000000	 -1000.000000	-1000.000000	 -1000.000000	-1000.000000	 -1000.000000	-1000.000000	 -1000.000000	
-1000.000000	 -1000.000000	10.897647	 16.768980	8.265076	 13.205688	8.275171	 13.288407	8.147902	 12.118917	-1000.000000	 -1000.000000	-1000.000000	 -1000.000000	6.469956	 13.303718	5.288975	 15.306497	6.843911	 10.996402	6.837414	 11.079482	-1000.000000	 -1000.000000	-1000.000000	 -1000.000000	-1000.000000	 -1000.000000	6.451479	 13.367742	-1000.000000	 -1000.000000	-1000.000000	 -1000.000000	-1000.000000	 -1000.000000	-1000.000000	 -1000.000000	-1000.000000	 -1000.000000	
-1000.000000	 -1000.000000	10.860576	 16.753957	8.257096	 13.139500	8.267079	 13.222233	8.142790	 12.045762	-1000.000000	 -1000.000000	-1000.000000	 -1000.000000	6.482355	 13.251846	5.311308	 15.273328	6.849107	 10.929938	6.842611	 11.013018	-1000.000000	 -1000.000000	-1000.000000	 -1000.000000	-1000.000000	 -1000.000000	6.466693	 13.316646	-1000.000000	 -1000.000000	-1000.000000	 -1000.000000	-1000.000000	 -1000.000000	-1000.000000	 -1000.000000	-1000.000000	 -1000.000000	
-1000.000000	 -1000.000000	10.823504	 16.738935	8.249135	 13.073311	8.259088	 13.156047	8.137682	 11.972607	-1000.000000	 -1000.000000	-1000.000000	 -1000.000000	6.494393	 13.199889	5.334966	 15.241074	6.854304	 10.863474	6.847808	 10.946554	-1000.000000	 -1000.000000	-1000.000000	 -1000.000000	-1000.000000	 -1000.000000	6.479311	 13.264828	-1000.000000	 -1000.000000	-1000.000000	 -1000.000000	-1000.000000	 -1000.000000	-1000.000000	 -1000.000000	-1000.000000	 -1000.000000	
-1000.000000	 -1000.000000	10.786432	 16.723912	8.241179	 13.007120	8.251124	 13.089858	8.132575	 11.899452	-1000.000000	 -1000.000000	-1000.000000	 -1000.000000	6.506358	 13.147915	5.358795	 15.208946	6.859500	 10.797011	6.853005	 10.880090	-1000.000000	 -1000.000000	-1000.000000	 -1000.000000	-1000.000000	 -1000.000000	6.491395	 13.212881	-1000.000000	 -1000.000000	-1000.000000	 -1000.000000	-1000.000000	 -1000.000000	-1000.000000	 -1000.000000	-1000.000000	 -1000.000000	
-1000.000000	 -1000.000000	10.749360	 16.708890	8.233225	 12.940930	8.243168	 13.023668	8.127469	 11.826297	-1000.000000	 -1000.000000	-1000.000000	 -1000.000000	6.518307	 13.095938	5.382647	 15.176836	6.864697	 10.730547	6.858201	 10.813627	-1000.000000	 -1000.000000	-1000.000000	 -1000.000000	-1000.000000	 -1000.000000	6.503369	 13.160909	-1000.000000	 -1000.000000	-1000.000000	 -1000.000000	-1000.000000	 -1000.000000	-1000.000000	 -1000.000000	-1000.000000	 -1000.000000	
-1000.000000	 -1000.000000	10.712288	 16.693867	8.225271	 12.874739	8.235213	 12.957477	8.122363	 11.753141	-1000.000000	 -1000.000000	-1000.000000	 -1000.000000	6.530254	 13.043960	5.406502	 15.144728	6.869893	 10.664083	6.863398	 10.747163	-1000.000000	 -1000.000000	-1000.000000	 -1000.000000	-1000.000000	 -1000.000000	6.515321	 13.108932	-1000.000000	 -1000.000000	-1000.000000	 -1000.000000	-1000.000000	 -1000.000000	-1000.000000	 -1000.000000	-1000.000000	 -1000.000000	
-1000.000000	 -1000.000000	10.675216	 16.678845	8.217318	 12.808549	8.227260	 12.891287	8.117257	 11.679986	-1000.000000	 -1000.000000	-1000.000000	 -1000.000000	6.542200	 12.991982	5.430358	 15.112620	6.875090	 10.597619	6.868594	 10.680699	-1000.000000	 -1000.000000	-1000.000000	 -1000.000000	-1000.000000	 -1000.000000	6.527267	 13.056954	-1000.000000	 -1000.000000	-1000.000000	 -1000.000000	-1000.000000	 -1000.000000	-1000.000000	 -1000.000000	-1000.000000	 -1000.000000	
-1000.000000	 -1000.000000	10.638144	 16.663822	8.209364	 12.742358	8.219306	 12.825096	8.112151	 11.606830	-1000.000000	 -1000.000000	-1000.000000	 -1000.000000	6.554146	 12.940003	5.454213	 15.080512	6.880286	 10.531155	6.873791	 10.614235	-1000.000000	 -1000.000000	-1000.000000	 -1000.000000	-1000.000000	 -1000.000000	6.539213	 13.004976	-1000.000000	 -1000.000000	-1000.000000	 -1000.000000	-1000.000000	 -1000.000000	-1000.000000	 -1000.000000	-1000.000000	 -1000.000000	
-1000.000000	 -1000.000000	10.601073	 16.648800	8.201411	 12.676168	8.211353	 12.758906	8.107045	 11.533675	-1000.000000	 -1000.000000	-1000.000000	 -1000.000000	6.566091	 12.888025	5.478069	 15.048404	6.885483	 10.464691	6.878987	 10.547771	-1000.000000	 -1000.000000	-1000.000000	 -1000.000000	-1000.000000	 -1000.000000	6.551159	 12.952998	-1000.000000	 -1000.000000	-1000.000000	 -1000.000000	-1000.000000	 -1000.000000	-1000.000000	 -1000.000000	-1000.000000	 -1000.000000	
-1000.000000	 -1000.000000	10.564001	 16.633777	8.193457	 12.609977	8.203399	 12.692715	8.101939	 11.460520	-1000.000000	 -1000.000000	-1000.000000	 -1000.000000	6.578037	 12.836047	5.501924	 15.016297	-1000.000000	 -1000.000000	6.884184	 10.481307	-1000.000000	 -1000.000000	-1000.000000	 -1000.000000	-1000.000000	 -1000.000000	6.563105	 12.901020	-1000.000000	 -1000.000000	-1000.000000	 -1000.000000	-1000.000000	 -1000.000000	-1000.000000	 -1000.000000	-1000.000000	 -1000.000000	
-1000.000000	 -1000.000000	10.526929	 16.618754	8.185504	 12.543787	8.195445	 12.626525	8.083919	 11.389567	-1000.000000	 -1000.000000	-1000.000000	 -1000.000000	6.589983	 12.784068	5.525780	 14.984189	-1000.000000	 -1000.000000	-1000.000000	 -1000.000000	-1000.000000	 -1000.000000	-1000.000000	 -1000.000000	-1000.000000	 -1000.000000	6.575051	 12.849041	-1000.000000	 -1000.000000	-1000.000000	 -1000.000000	-1000.000000	 -1000.000000	-1000.000000	 -1000.000000	-1000.000000	 -1000.000000	
-1000.000000	 -1000.000000	10.489857	 16.603732	8.177550	 12.477596	8.187492	 12.560334	8.057130	 11.321314	-1000.000000	 -1000.000000	-1000.000000	 -1000.000000	6.601929	 12.732090	5.549636	 14.952081	-1000.000000	 -1000.000000	-1000.000000	 -1000.000000	-1000.000000	 -1000.000000	-1000.000000	 -1000.000000	-1000.000000	 -1000.000000	6.586996	 12.797063	-1000.000000	 -1000.000000	-1000.000000	 -1000.000000	-1000.000000	 -1000.000000	-1000.000000	 -1000.000000	-1000.000000	 -1000.000000	
-1000.000000	 -1000.000000	10.452785	 16.588709	8.170725	 12.411284	8.179538	 12.494144	8.027781	 11.254111	-1000.000000	 -1000.000000	-1000.000000	 -1000.000000	6.613874	 12.680112	5.573491	 14.919973	-1000.000000	 -1000.000000	-1000.000000	 -1000.000000	-1000.000000	 -1000.000000	-1000.000000	 -1000.000000	-1000.000000	 -1000.000000	6.598942	 12.745085	-1000.000000	 -1000.000000	-1000.000000	 -1000.000000	-1000.000000	 -1000.000000	-1000.000000	 -1000.000000	-1000.000000	 -1000.000000	
-1000.000000	 -1000.000000	10.415713	 16.573687	8.165459	 12.344826	8.172204	 12.427885	7.997670	 11.187245	-1000.000000	 -1000.000000	-1000.000000	 -1000.000000	6.625820	 12.628133	5.597347	 14.887865	-1000.000000	 -1000.000000	-1000.000000	 -1000.000000	-1000.000000	 -1000.000000	-1000.000000	 -1000.000000	-1000.000000	 -1000.000000	6.610888	 12.693106	-1000.000000	 -1000.000000	-1000.000000	 -1000.000000	-1000.000000	 -1000.000000	-1000.000000	 -1000.000000	-1000.000000	 -1000.000000	
-1000.000000	 -1000.000000	10.378641	 16.558664	8.160616	 12.278336	8.166714	 12.361446	7.967331	 11.120482	-1000.000000	 -1000.000000	-1000.000000	 -1000.000000	6.637766	 12.576155	5.621202	 14.855758	-1000.000000	 -1000.000000	-1000.000000	 -1000.000000	-1000.000000	 -1000.000000	-1000.000000	 -1000.000000	-1000.000000	 -1000.000000	6.622834	 12.641128	-1000.000000	 -1000.000000	-1000.000000	 -1000.000000	-1000.000000	 -1000.000000	-1000.000000	 -1000.000000	-1000.000000	 -1000.000000	
-1000.000000	 -1000.000000	10.343878	 16.538928	8.155887	 12.211837	8.161810	 12.294960	7.936924	 11.053750	-1000.000000	 -1000.000000	-1000.000000	 -1000.000000	6.649711	 12.524177	5.645058	 14.823650	-1000.000000	 -1000.000000	-1000.000000	 -1000.000000	-1000.000000	 -1000.000000	-1000.000000	 -1000.000000	-1000.000000	 -1000.000000	6.634779	 12.589150	-1000.000000	 -1000.000000	-1000.000000	 -1000.000000	-1000.000000	 -1000.000000	-1000.000000	 -1000.000000	-1000.000000	 -1000.000000	
-1000.000000	 -1000.000000	10.310257	 16.517258	8.151189	 12.145336	8.157064	 12.228462	7.906495	 10.987027	-1000.000000	 -1000.000000	-1000.000000	 -1000.000000	6.661657	 12.472199	5.668913	 14.791542	-1000.000000	 -1000.000000	-1000.000000	 -1000.000000	-1000.000000	 -1000.000000	-1000.000000	 -1000.000000	-1000.000000	 -1000.000000	6.646725	 12.537171	-1000.000000	 -1000.000000	-1000.000000	 -1000.000000	-1000.000000	 -1000.000000	-1000.000000	 -1000.000000	-1000.000000	 -1000.000000	
-1000.000000	 -1000.000000	10.276798	 16.495337	8.146499	 12.078835	8.152362	 12.161961	7.876060	 10.920308	-1000.000000	 -1000.000000	-1000.000000	 -1000.000000	6.672552	 12.420002	5.692769	 14.759434	-1000.000000	 -1000.000000	-1000.000000	 -1000.000000	-1000.000000	 -1000.000000	-1000.000000	 -1000.000000	-1000.000000	 -1000.000000	6.658671	 12.485193	-1000.000000	 -1000.000000	-1000.000000	 -1000.000000	-1000.000000	 -1000.000000	-1000.000000	 -1000.000000	-1000.000000	 -1000.000000	
-1000.000000	 -1000.000000	10.243361	 16.473384	8.141812	 12.012333	8.147671	 12.095460	7.845624	 10.853589	-1000.000000	 -1000.000000	-1000.000000	 -1000.000000	6.680573	 12.367277	5.716625	 14.727326	-1000.000000	 -1000.000000	-1000.000000	 -1000.000000	-1000.000000	 -1000.000000	-1000.000000	 -1000.000000	-1000.000000	 -1000.000000	6.670224	 12.433131	-1000.000000	 -1000.000000	-1000.000000	 -1000.000000	-1000.000000	 -1000.000000	-1000.000000	 -1000.000000	-1000.000000	 -1000.000000	
-1000.000000	 -1000.000000	10.209926	 16.451426	8.137125	 11.945831	8.142983	 12.028958	7.815186	 10.786871	-1000.000000	 -1000.000000	-1000.000000	 -1000.000000	6.687883	 12.314447	5.740480	 14.695218	-1000.000000	 -1000.000000	-1000.000000	 -1000.000000	-1000.000000	 -1000.000000	-1000.000000	 -1000.000000	-1000.000000	 -1000.000000	6.678680	 12.380475	-1000.000000	 -1000.000000	-1000.000000	 -1000.000000	-1000.000000	 -1000.000000	-1000.000000	 -1000.000000	-1000.000000	 -1000.000000	
-1000.000000	 -1000.000000	10.176492	 16.429468	8.132438	 11.879329	8.138297	 11.962457	7.784749	 10.720152	-1000.000000	 -1000.000000	-1000.000000	 -1000.000000	6.695047	 12.261597	5.764336	 14.663111	-1000.000000	 -1000.000000	-1000.000000	 -1000.000000	-1000.000000	 -1000.000000	-1000.000000	 -1000.000000	-1000.000000	 -1000.000000	6.686078	 12.327658	-1000.000000	 -1000.000000	-1000.000000	 -1000.000000	-1000.000000	 -1000.000000	-1000.000000	 -1000.000000	-1000.000000	 -1000.000000	
-1000.000000	 -1000.000000	10.143058	 16.407509	8.127752	 11.812828	8.133610	 11.895955	7.754312	 10.653434	-1000.000000	 -1000.000000	-1000.000000	 -1000.000000	6.702181	 12.208743	5.788191	 14.631003	-1000.000000	 -1000.000000	-1000.000000	 -1000.000000	-1000.000000	 -1000.000000	-1000.000000	 -1000.000000	-1000.000000	 -1000.000000	6.693261	 12.274810	-1000.000000	 -1000.000000	-1000.000000	 -1000.000000	-1000.000000	 -1000.000000	-1000.000000	 -1000.000000	-1000.000000	 -1000.000000	
-1000.000000	 -1000.000000	10.109625	 16.385551	8.123065	 11.746326	8.128924	 11.829453	7.723874	 10.586716	-1000.000000	 -1000.000000	-1000.000000	 -1000.000000	6.709310	 12.155888	5.812047	 14.598895	-1000.000000	 -1000.000000	-1000.000000	 -1000.000000	-1000.000000	 -1000.000000	-1000.000000	 -1000.000000	-1000.000000	 -1000.000000	6.700399	 12.221957	-1000.000000	 -1000.000000	-1000.000000	 -1000.000000	-1000.000000	 -1000.000000	-1000.000000	 -1000.000000	-1000.000000	 -1000.000000	
-1000.000000	 -1000.000000	10.076191	 16.363592	8.118379	 11.679824	8.124237	 11.762951	7.693437	 10.519997	-1000.000000	 -1000.000000	-1000.000000	 -1000.000000	6.716437	 12.103033	5.835903	 14.566787	-1000.000000	 -1000.000000	-1000.000000	 -1000.000000	-1000.000000	 -1000.000000	-1000.000000	 -1000.000000	-1000.000000	 -1000.000000	6.707528	 12.169102	-1000.000000	 -1000.000000	-1000.000000	 -1000.000000	-1000.000000	 -1000.000000	-1000.000000	 -1000.000000	-1000.000000	 -1000.000000	
-1000.000000	 -1000.000000	10.042757	 16.341633	8.113693	 11.613323	8.119551	 11.696450	7.662999	 10.453279	-1000.000000	 -1000.000000	-1000.000000	 -1000.000000	6.723563	 12.050178	5.859758	 14.534679	-1000.000000	 -1000.000000	-1000.000000	 -1000.000000	-1000.000000	 -1000.000000	-1000.000000	 -1000.000000	-1000.000000	 -1000.000000	6.714655	 12.116247	-1000.000000	 -1000.000000	-1000.000000	 -1000.000000	-1000.000000	 -1000.000000	-1000.000000	 -1000.000000	-1000.000000	 -1000.000000	
-1000.000000	 -1000.000000	10.009323	 16.319675	8.109006	 11.546821	8.114864	 11.629948	7.632562	 10.386561	-1000.000000	 -1000.000000	-1000.000000	 -1000.000000	6.730690	 11.997323	5.883614	 14.502572	-1000.000000	 -1000.000000	-1000.000000	 -1000.000000	-1000.000000	 -1000.000000	-1000.000000	 -1000.000000	-1000.000000	 -1000.000000	6.721782	 12.063392	-1000.000000	 -1000.000000	-1000.000000	 -1000.000000	-1000.000000	 -1000.000000	-1000.000000	 -1000.000000	-1000.000000	 -1000.000000	
-1000.000000	 -1000.000000	9.975889	 16.297716	8.104320	 11.480319	8.110178	 11.563446	-1000.000000	 -1000.000000	-1000.000000	 -1000.000000	-1000.000000	 -1000.000000	6.737817	 11.944468	5.907469	 14.470464	-1000.000000	 -1000.000000	-1000.000000	 -1000.000000	-1000.000000	 -1000.000000	-1000.000000	 -1000.000000	-1000.000000	 -1000.000000	6.728908	 12.010537	-1000.000000	 -1000.000000	-1000.000000	 -1000.000000	-1000.000000	 -1000.000000	-1000.000000	 -1000.000000	-1000.000000	 -1000.000000	
-1000.000000	 -1000.000000	9.942455	 16.275758	8.091552	 11.415123	8.105491	 11.496944	-1000.000000	 -1000.000000	-1000.000000	 -1000.000000	-1000.000000	 -1000.000000	6.744944	 11.891613	5.931325	 14.438356	-1000.000000	 -1000.000000	-1000.000000	 -1000.000000	-1000.000000	 -1000.000000	-1000.000000	 -1000.000000	-1000.000000	 -1000.000000	6.736035	 11.957682	-1000.000000	 -1000.000000	-1000.000000	 -1000.000000	-1000.000000	 -1000.000000	-1000.000000	 -1000.000000	-1000.000000	 -1000.000000	
-1000.000000	 -1000.000000	9.909022	 16.253799	8.067851	 11.352830	8.096362	 11.431080	-1000.000000	 -1000.000000	-1000.000000	 -1000.000000	-1000.000000	 -1000.000000	6.752070	 11.838758	5.955180	 14.406248	-1000.000000	 -1000.000000	-1000.000000	 -1000.000000	-1000.000000	 -1000.000000	-1000.000000	 -1000.000000	-1000.000000	 -1000.000000	6.743162	 11.904827	-1000.000000	 -1000.000000	-1000.000000	 -1000.000000	-1000.000000	 -1000.000000	-1000.000000	 -1000.000000	-1000.000000	 -1000.000000	
-1000.000000	 -1000.000000	9.875588	 16.231841	8.041301	 11.291679	8.074195	 11.368242	-1000.000000	 -1000.000000	-1000.000000	 -1000.000000	-1000.000000	 -1000.000000	6.759197	 11.785903	5.979036	 14.374140	-1000.000000	 -1000.000000	-1000.000000	 -1000.000000	-1000.000000	 -1000.000000	-1000.000000	 -1000.000000	-1000.000000	 -1000.000000	6.750289	 11.851972	-1000.000000	 -1000.000000	-1000.000000	 -1000.000000	-1000.000000	 -1000.000000	-1000.000000	 -1000.000000	-1000.000000	 -1000.000000	
-1000.000000	 -1000.000000	9.842154	 16.209882	8.013992	 11.230863	8.048050	 11.306918	-1000.000000	 -1000.000000	-1000.000000	 -1000.000000	-1000.000000	 -1000.000000	6.766324	 11.733048	6.002892	 14.342033	-1000.000000	 -1000.000000	-1000.000000	 -1000.000000	-1000.000000	 -1000.000000	-1000.000000	 -1000.000000	-1000.000000	 -1000.000000	6.757415	 11.799117	-1000.000000	 -1000.000000	-1000.000000	 -1000.000000	-1000.000000	 -1000.000000	-1000.000000	 -1000.000000	-1000.000000	 -1000.000000	
-1000.000000	 -1000.000000	9.808720	 16.187924	7.986479	 11.170138	8.020849	 11.246053	-1000.000000	 -1000.000000	-1000.000000	 -1000.000000	-1000.000000	 -1000.000000	6.773451	 11.680193	6.026747	 14.309925	-1000.000000	 -1000.000000	-1000.000000	 -1000.000000	-1000.000000	 -1000.000000	-1000.000000	 -1000.000000	-1000.000000	 -1000.000000	6.764542	 11.746262	-1000.000000	 -1000.000000	-1000.000000	 -1000.000000	-1000.000000	 -1000.000000	-1000.000000	 -1000.000000	-1000.000000	 -1000.000000	
-1000.000000	 -1000.000000	9.775286	 16.165965	7.958910	 11.109439	7.993365	 11.185316	-1000.000000	 -1000.000000	-1000.000000	 -1000.000000	-1000.000000	 -1000.000000	6.780577	 11.627338	6.050603	 14.277817	-1000.000000	 -1000.000000	-1000.000000	 -1000.000000	-1000.000000	 -1000.000000	-1000.000000	 -1000.000000	-1000.000000	 -1000.000000	6.771669	 11.693407	-1000.000000	 -1000.000000	-1000.000000	 -1000.000000	-1000.000000	 -1000.000000	-1000.000000	 -1000.000000	-1000.000000	 -1000.000000	
-1000.000000	 -1000.000000	9.741852	 16.144007	7.931327	 11.048746	7.965805	 11.124613	-1000.000000	 -1000.000000	-1000.000000	 -1000.000000	-1000.000000	 -1000.000000	6.787704	 11.574483	6.074458	 14.245709	-1000.000000	 -1000.000000	-1000.000000	 -1000.000000	-1000.000000	 -1000.000000	-1000.000000	 -1000.000000	-1000.000000	 -1000.000000	6.778796	 11.640552	-1000.000000	 -1000.000000	-1000.000000	 -1000.000000	-1000.000000	 -1000.000000	-1000.000000	 -1000.000000	-1000.000000	 -1000.000000	
-1000.000000	 -1000.000000	9.708418	 16.122048	7.903740	 10.988055	7.938223	 11.063919	-1000.000000	 -1000.000000	-1000.000000	 -1000.000000	-1000.000000	 -1000.000000	6.794831	 11.521628	6.098314	 14.213601	-1000.000000	 -1000.000000	-1000.000000	 -1000.000000	-1000.000000	 -1000.000000	-1000.000000	 -1000.000000	-1000.000000	 -1000.000000	6.785922	 11.587697	-1000.000000	 -1000.000000	-1000.000000	 -1000.000000	-1000.000000	 -1000.000000	-1000.000000	 -1000.000000	-1000.000000	 -1000.000000	
-1000.000000	 -1000.000000	9.674985	 16.100089	7.876151	 10.927365	7.910637	 11.003228	-1000.000000	 -1000.000000	-1000.000000	 -1000.000000	-1000.000000	 -1000.000000	6.801957	 11.468773	6.121325	 14.180930	-1000.000000	 -1000.000000	-1000.000000	 -1000.000000	-1000.000000	 -1000.000000	-1000.000000	 -1000.000000	-1000.000000	 -1000.000000	6.793049	 11.534842	-1000.000000	 -1000.000000	-1000.000000	 -1000.000000	-1000.000000	 -1000.000000	-1000.000000	 -1000.000000	-1000.000000	 -1000.000000	
-1000.000000	 -1000.000000	9.641551	 16.078131	7.848562	 10.866675	7.883048	 10.942537	-1000.000000	 -1000.000000	-1000.000000	 -1000.000000	-1000.000000	 -1000.000000	6.807372	 11.415718	6.138118	 14.144643	-1000.000000	 -1000.000000	-1000.000000	 -1000.000000	-1000.000000	 -1000.000000	-1000.000000	 -1000.000000	-1000.000000	 -1000.000000	6.800176	 11.481987	-1000.000000	 -1000.000000	-1000.000000	 -1000.000000	-1000.000000	 -1000.000000	-1000.000000	 -1000.000000	-1000.000000	 -1000.000000	
-1000.000000	 -1000.000000	9.608117	 16.056172	7.820974	 10.805984	7.855460	 10.881847	-1000.000000	 -1000.000000	-1000.000000	 -1000.000000	-1000.000000	 -1000.000000	6.811847	 11.362572	6.153283	 14.107629	-1000.000000	 -1000.000000	-1000.000000	 -1000.000000	-1000.000000	 -1000.000000	-1000.000000	 -1000.000000	-1000.000000	 -1000.000000	6.806166	 11.428996	-1000.000000	 -1000.000000	-1000.000000	 -1000.000000	-1000.000000	 -1000.000000	-1000.000000	 -1000.000000	-1000.000000	 -1000.000000	
-1000.000000	 -1000.000000	9.574683	 16.034214	7.793385	 10.745294	7.827871	 10.821157	-1000.000000	 -1000.000000	-1000.000000	 -1000.000000	-1000.000000	 -1000.000000	6.816129	 11.309411	6.168227	 14.070526	-1000.000000	 -1000.000000	-1000.000000	 -1000.000000	-1000.000000	 -1000.000000	-1000.000000	 -1000.000000	-1000.000000	 -1000.000000	6.810758	 11.375861	-1000.000000	 -1000.000000	-1000.000000	 -1000.000000	-1000.000000	 -1000.000000	-1000.000000	 -1000.000000	-1000.000000	 -1000.000000	
-1000.000000	 -1000.000000	9.541249	 16.012255	7.765796	 10.684604	7.800282	 10.760467	-1000.000000	 -1000.000000	-1000.000000	 -1000.000000	-1000.000000	 -1000.000000	6.820371	 11.256247	6.183142	 14.033411	-1000.000000	 -1000.000000	-1000.000000	 -1000.000000	-1000.000000	 -1000.000000	-1000.000000	 -1000.000000	-1000.000000	 -1000.000000	6.815064	 11.322702	-1000.000000	 -1000.000000	-1000.000000	 -1000.000000	-1000.000000	 -1000.000000	-1000.000000	 -1000.000000	-1000.000000	 -1000.000000	
-1000.000000	 -1000.000000	9.507815	 15.990297	7.738207	 10.623914	7.772693	 10.699776	-1000.000000	 -1000.000000	-1000.000000	 -1000.000000	-1000.000000	 -1000.000000	6.824606	 11.203082	6.198053	 13.996294	-1000.000000	 -1000.000000	-1000.000000	 -1000.000000	-1000.000000	 -1000.000000	-1000.000000	 -1000.000000	-1000.000000	 -1000.000000	6.819312	 11.269538	-1000.000000	 -1000.000000	-1000.000000	 -1000.000000	-1000.000000	 -1000.000000	-1000.000000	 -1000.000000	-1000.000000	 -1000.000000	
-1000.000000	 -1000.000000	9.474381	 15.968338	7.710618	 10.563224	7.745104	 10.639086	-1000.000000	 -1000.000000	-1000.000000	 -1000.000000	-1000.000000	 -1000.000000	6.828839	 11.149917	6.212964	 13.959177	-1000.000000	 -1000.000000	-1000.000000	 -1000.000000	-1000.000000	 -1000.000000	-1000.000000	 -1000.000000	-1000.000000	 -1000.000000	6.823548	 11.216373	-1000.000000	 -1000.000000	-1000.000000	 -1000.000000	-1000.000000	 -1000.000000	-1000.000000	 -1000.000000	-1000.000000	 -1000.000000	
-1000.000000	 -1000.000000	9.440948	 15.946380	7.683029	 10.502533	7.717515	 10.578396	-1000.000000	 -1000.000000	-1000.000000	 -1000.000000	-1000.000000	 -1000.000000	6.833072	 11.096752	6.227875	 13.922060	-1000.000000	 -1000.000000	-1000.000000	 -1000.000000	-1000.000000	 -1000.000000	-1000.000000	 -1000.000000	-1000.000000	 -1000.000000	6.827781	 11.163208	-1000.000000	 -1000.000000	-1000.000000	 -1000.000000	-1000.000000	 -1000.000000	-1000.000000	 -1000.000000	-1000.000000	 -1000.000000	
-1000.000000	 -1000.000000	9.407514	 15.924421	7.655440	 10.441843	7.689926	 10.517706	-1000.000000	 -1000.000000	-1000.000000	 -1000.000000	-1000.000000	 -1000.000000	6.837305	 11.043587	6.242785	 13.884943	-1000.000000	 -1000.000000	-1000.000000	 -1000.000000	-1000.000000	 -1000.000000	-1000.000000	 -1000.000000	-1000.000000	 -1000.000000	6.832014	 11.110043	-1000.000000	 -1000.000000	-1000.000000	 -1000.000000	-1000.000000	 -1000.000000	-1000.000000	 -1000.000000	-1000.000000	 -1000.000000	
-1000.000000	 -1000.000000	9.374080	 15.902463	7.627852	 10.381153	7.662338	 10.457016	-1000.000000	 -1000.000000	-1000.000000	 -1000.000000	-1000.000000	 -1000.000000	6.841537	 10.990422	6.257696	 13.847826	-1000.000000	 -1000.000000	-1000.000000	 -1000.000000	-1000.000000	 -1000.000000	-1000.000000	 -1000.000000	-1000.000000	 -1000.000000	6.836246	 11.056878	-1000.000000	 -1000.000000	-1000.000000	 -1000.000000	-1000.000000	 -1000.000000	-1000.000000	 -1000.000000	-1000.000000	 -1000.000000	
-1000.000000	 -1000.000000	9.340646	 15.880504	-1000.000000	 -1000.000000	7.634749	 10.396326	-1000.000000	 -1000.000000	-1000.000000	 -1000.000000	-1000.000000	 -1000.000000	6.845770	 10.937256	6.272606	 13.810709	-1000.000000	 -1000.000000	-1000.000000	 -1000.000000	-1000.000000	 -1000.000000	-1000.000000	 -1000.000000	-1000.000000	 -1000.000000	6.840479	 11.003713	-1000.000000	 -1000.000000	-1000.000000	 -1000.000000	-1000.000000	 -1000.000000	-1000.000000	 -1000.000000	-1000.000000	 -1000.000000	
-1000.000000	 -1000.000000	9.307212	 15.858545	-1000.000000	 -1000.000000	7.607160	 10.335635	-1000.000000	 -1000.000000	-1000.000000	 -1000.000000	-1000.000000	 -1000.000000	6.850002	 10.884091	6.287517	 13.773592	-1000.000000	 -1000.000000	-1000.000000	 -1000.000000	-1000.000000	 -1000.000000	-1000.000000	 -1000.000000	-1000.000000	 -1000.000000	6.844712	 10.950548	-1000.000000	 -1000.000000	-1000.000000	 -1000.000000	-1000.000000	 -1000.000000	-1000.000000	 -1000.000000	-1000.000000	 -1000.000000	
-1000.000000	 -1000.000000	9.273778	 15.836587	-1000.000000	 -1000.000000	-1000.000000	 -1000.000000	-1000.000000	 -1000.000000	-1000.000000	 -1000.000000	-1000.000000	 -1000.000000	6.854235	 10.830926	6.302428	 13.736475	-1000.000000	 -1000.000000	-1000.000000	 -1000.000000	-1000.000000	 -1000.000000	-1000.000000	 -1000.000000	-1000.000000	 -1000.000000	6.848944	 10.897383	-1000.000000	 -1000.000000	-1000.000000	 -1000.000000	-1000.000000	 -1000.000000	-1000.000000	 -1000.000000	-1000.000000	 -1000.000000	
-1000.000000	 -1000.000000	9.240345	 15.814628	-1000.000000	 -1000.000000	-1000.000000	 -1000.000000	-1000.000000	 -1000.000000	-1000.000000	 -1000.000000	-1000.000000	 -1000.000000	6.858468	 10.777761	6.317338	 13.699358	-1000.000000	 -1000.000000	-1000.000000	 -1000.000000	-1000.000000	 -1000.000000	-1000.000000	 -1000.000000	-1000.000000	 -1000.000000	6.853177	 10.844218	-1000.000000	 -1000.000000	-1000.000000	 -1000.000000	-1000.000000	 -1000.000000	-1000.000000	 -1000.000000	-1000.000000	 -1000.000000	
-1000.000000	 -1000.000000	9.213818	 15.784821	-1000.000000	 -1000.000000	-1000.000000	 -1000.000000	-1000.000000	 -1000.000000	-1000.000000	 -1000.000000	-1000.000000	 -1000.000000	6.862700	 10.724596	6.332249	 13.662241	-1000.000000	 -1000.000000	-1000.000000	 -1000.000000	-1000.000000	 -1000.000000	-1000.000000	 -1000.000000	-1000.000000	 -1000.000000	6.857409	 10.791052	-1000.000000	 -1000.000000	-1000.000000	 -1000.000000	-1000.000000	 -1000.000000	-1000.000000	 -1000.000000	-1000.000000	 -1000.000000	
-1000.000000	 -1000.000000	9.190763	 15.752135	-1000.000000	 -1000.000000	-1000.000000	 -1000.000000	-1000.000000	 -1000.000000	-1000.000000	 -1000.000000	-1000.000000	 -1000.000000	6.866933	 10.671431	6.347159	 13.625124	-1000.000000	 -1000.000000	-1000.000000	 -1000.000000	-1000.000000	 -1000.000000	-1000.000000	 -1000.000000	-1000.000000	 -1000.000000	6.861642	 10.737887	-1000.000000	 -1000.000000	-1000.000000	 -1000.000000	-1000.000000	 -1000.000000	-1000.000000	 -1000.000000	-1000.000000	 -1000.000000	
-1000.000000	 -1000.000000	9.168204	 15.719104	-1000.000000	 -1000.000000	-1000.000000	 -1000.000000	-1000.000000	 -1000.000000	-1000.000000	 -1000.000000	-1000.000000	 -1000.000000	6.871165	 10.618266	6.362070	 13.588006	-1000.000000	 -1000.000000	-1000.000000	 -1000.000000	-1000.000000	 -1000.000000	-1000.000000	 -1000.000000	-1000.000000	 -1000.000000	6.865875	 10.684722	-1000.000000	 -1000.000000	-1000.000000	 -1000.000000	-1000.000000	 -1000.000000	-1000.000000	 -1000.000000	-1000.000000	 -1000.000000	
-1000.000000	 -1000.000000	9.145712	 15.686026	-1000.000000	 -1000.000000	-1000.000000	 -1000.000000	-1000.000000	 -1000.000000	-1000.000000	 -1000.000000	-1000.000000	 -1000.000000	6.875398	 10.565101	6.376980	 13.550889	-1000.000000	 -1000.000000	-1000.000000	 -1000.000000	-1000.000000	 -1000.000000	-1000.000000	 -1000.000000	-1000.000000	 -1000.000000	6.870107	 10.631557	-1000.000000	 -1000.000000	-1000.000000	 -1000.000000	-1000.000000	 -1000.000000	-1000.000000	 -1000.000000	-1000.000000	 -1000.000000	
-1000.000000	 -1000.000000	9.123229	 15.652943	-1000.000000	 -1000.000000	-1000.000000	 -1000.000000	-1000.000000	 -1000.000000	-1000.000000	 -1000.000000	-1000.000000	 -1000.000000	6.879631	 10.511936	6.391891	 13.513772	-1000.000000	 -1000.000000	-1000.000000	 -1000.000000	-1000.000000	 -1000.000000	-1000.000000	 -1000.000000	-1000.000000	 -1000.000000	6.874340	 10.578392	-1000.000000	 -1000.000000	-1000.000000	 -1000.000000	-1000.000000	 -1000.000000	-1000.000000	 -1000.000000	-1000.000000	 -1000.000000	
-1000.000000	 -1000.000000	9.100747	 15.619859	-1000.000000	 -1000.000000	-1000.000000	 -1000.000000	-1000.000000	 -1000.000000	-1000.000000	 -1000.000000	-1000.000000	 -1000.000000	-1000.000000	 -1000.000000	6.406802	 13.476655	-1000.000000	 -1000.000000	-1000.000000	 -1000.000000	-1000.000000	 -1000.000000	-1000.000000	 -1000.000000	-1000.000000	 -1000.000000	6.878573	 10.525227	-1000.000000	 -1000.000000	-1000.000000	 -1000.000000	-1000.000000	 -1000.000000	-1000.000000	 -1000.000000	-1000.000000	 -1000.000000	
-1000.000000	 -1000.000000	9.078265	 15.586775	-1000.000000	 -1000.000000	-1000.000000	 -1000.000000	-1000.000000	 -1000.000000	-1000.000000	 -1000.000000	-1000.000000	 -1000.000000	-1000.000000	 -1000.000000	6.421712	 13.439538	-1000.000000	 -1000.000000	-1000.000000	 -1000.000000	-1000.000000	 -1000.000000	-1000.000000	 -1000.000000	-1000.000000	 -1000.000000	6.882805	 10.472062	-1000.000000	 -1000.000000	-1000.000000	 -1000.000000	-1000.000000	 -1000.000000	-1000.000000	 -1000.000000	-1000.000000	 -1000.000000	
-1000.000000	 -1000.000000	9.055783	 15.553691	-1000.000000	 -1000.000000	-1000.000000	 -1000.000000	-1000.000000	 -1000.000000	-1000.000000	 -1000.000000	-1000.000000	 -1000.000000	-1000.000000	 -1000.000000	6.436623	 13.402421	-1000.000000	 -1000.000000	-1000.000000	 -1000.000000	-1000.000000	 -1000.000000	-1000.000000	 -1000.000000	-1000.000000	 -1000.000000	-1000.000000	 -1000.000000	-1000.000000	 -1000.000000	-1000.000000	 -1000.000000	-1000.000000	 -1000.000000	-1000.000000	 -1000.000000	-1000.000000	 -1000.000000	
-1000.000000	 -1000.000000	9.033301	 15.520606	-1000.000000	 -1000.000000	-1000.000000	 -1000.000000	-1000.000000	 -1000.000000	-1000.000000	 -1000.000000	-1000.000000	 -1000.000000	-1000.000000	 -1000.000000	6.450959	 13.365094	-1000.000000	 -1000.000000	-1000.000000	 -1000.000000	-1000.000000	 -1000.000000	-1000.000000	 -1000.000000	-1000.000000	 -1000.000000	-1000.000000	 -1000.000000	-1000.000000	 -1000.000000	-1000.000000	 -1000.000000	-1000.000000	 -1000.000000	-1000.000000	 -1000.000000	-1000.000000	 -1000.000000	
-1000.000000	 -1000.000000	9.010820	 15.487522	-1000.000000	 -1000.000000	-1000.000000	 -1000.000000	-1000.000000	 -1000.000000	-1000.000000	 -1000.000000	-1000.000000	 -1000.000000	-1000.000000	 -1000.000000	6.461179	 13.326427	-1000.000000	 -1000.000000	-1000.000000	 -1000.000000	-1000.000000	 -1000.000000	-1000.000000	 -1000.000000	-1000.000000	 -1000.000000	-1000.000000	 -1000.000000	-1000.000000	 -1000.000000	-1000.000000	 -1000.000000	-1000.000000	 -1000.000000	-1000.000000	 -1000.000000	-1000.000000	 -1000.000000	
-1000.000000	 -1000.000000	8.988338	 15.454438	-1000.000000	 -1000.000000	-1000.000000	 -1000.000000	-1000.000000	 -1000.000000	-1000.000000	 -1000.000000	-1000.000000	 -1000.000000	-1000.000000	 -1000.000000	6.470362	 13.287495	-1000.000000	 -1000.000000	-1000.000000	 -1000.000000	-1000.000000	 -1000.000000	-1000.000000	 -1000.000000	-1000.000000	 -1000.000000	-1000.000000	 -1000.000000	-1000.000000	 -1000.000000	-1000.000000	 -1000.000000	-1000.000000	 -1000.000000	-1000.000000	 -1000.000000	-1000.000000	 -1000.000000	
-1000.000000	 -1000.000000	8.965856	 15.421354	-1000.000000	 -1000.000000	-1000.000000	 -1000.000000	-1000.000000	 -1000.000000	-1000.000000	 -1000.000000	-1000.000000	 -1000.000000	-1000.000000	 -1000.000000	6.479405	 13.248531	-1000.000000	 -1000.000000	-1000.000000	 -1000.000000	-1000.000000	 -1000.000000	-1000.000000	 -1000.000000	-1000.000000	 -1000.000000	-1000.000000	 -1000.000000	-1000.000000	 -1000.000000	-1000.000000	 -1000.000000	-1000.000000	 -1000.000000	-1000.000000	 -1000.000000	-1000.000000	 -1000.000000	
-1000.000000	 -1000.000000	8.943374	 15.388269	-1000.000000	 -1000.000000	-1000.000000	 -1000.000000	-1000.000000	 -1000.000000	-1000.000000	 -1000.000000	-1000.000000	 -1000.000000	-1000.000000	 -1000.000000	6.488431	 13.209563	-1000.000000	 -1000.000000	-1000.000000	 -1000.000000	-1000.000000	 -1000.000000	-1000.000000	 -1000.000000	-1000.000000	 -1000.000000	-1000.000000	 -1000.000000	-1000.000000	 -1000.000000	-1000.000000	 -1000.000000	-1000.000000	 -1000.000000	-1000.000000	 -1000.000000	-1000.000000	 -1000.000000	
-1000.000000	 -1000.000000	8.920892	 15.355185	-1000.000000	 -1000.000000	-1000.000000	 -1000.000000	-1000.000000	 -1000.000000	-1000.000000	 -1000.000000	-1000.000000	 -1000.000000	-1000.000000	 -1000.000000	6.497453	 13.170594	-1000.000000	 -1000.000000	-1000.000000	 -1000.000000	-1000.000000	 -1000.000000	-1000.000000	 -1000.000000	-1000.000000	 -1000.000000	-1000.000000	 -1000.000000	-1000.000000	 -1000.000000	-1000.000000	 -1000.000000	-1000.000000	 -1000.000000	-1000.000000	 -1000.000000	-1000.000000	 -1000.000000	
-1000.000000	 -1000.000000	8.898411	 15.322101	-1000.000000	 -1000.000000	-1000.000000	 -1000.000000	-1000.000000	 -1000.000000	-1000.000000	 -1000.000000	-1000.000000	 -1000.000000	-1000.000000	 -1000.000000	6.506476	 13.131624	-1000.000000	 -1000.000000	-1000.000000	 -1000.000000	-1000.000000	 -1000.000000	-1000.000000	 -1000.000000	-1000.000000	 -1000.000000	-1000.000000	 -1000.000000	-1000.000000	 -1000.000000	-1000.000000	 -1000.000000	-1000.000000	 -1000.000000	-1000.000000	 -1000.000000	-1000.000000	 -1000.000000	
-1000.000000	 -1000.000000	8.875929	 15.289017	-1000.000000	 -1000.000000	-1000.000000	 -1000.000000	-1000.000000	 -1000.000000	-1000.000000	 -1000.000000	-1000.000000	 -1000.000000	-1000.000000	 -1000.000000	6.515498	 13.092655	-1000.000000	 -1000.000000	-1000.000000	 -1000.000000	-1000.000000	 -1000.000000	-1000.000000	 -1000.000000	-1000.000000	 -1000.000000	-1000.000000	 -1000.000000	-1000.000000	 -1000.000000	-1000.000000	 -1000.000000	-1000.000000	 -1000.000000	-1000.000000	 -1000.000000	-1000.000000	 -1000.000000	
-1000.000000	 -1000.000000	8.853447	 15.255932	-1000.000000	 -1000.000000	-1000.000000	 -1000.000000	-1000.000000	 -1000.000000	-1000.000000	 -1000.000000	-1000.000000	 -1000.000000	-1000.000000	 -1000.000000	6.524520	 13.053686	-1000.000000	 -1000.000000	-1000.000000	 -1000.000000	-1000.000000	 -1000.000000	-1000.000000	 -1000.000000	-1000.000000	 -1000.000000	-1000.000000	 -1000.000000	-1000.000000	 -1000.000000	-1000.000000	 -1000.000000	-1000.000000	 -1000.000000	-1000.000000	 -1000.000000	-1000.000000	 -1000.000000	
-1000.000000	 -1000.000000	8.831773	 15.222353	-1000.000000	 -1000.000000	-1000.000000	 -1000.000000	-1000.000000	 -1000.000000	-1000.000000	 -1000.000000	-1000.000000	 -1000.000000	-1000.000000	 -1000.000000	6.533543	 13.014717	-1000.000000	 -1000.000000	-1000.000000	 -1000.000000	-1000.000000	 -1000.000000	-1000.000000	 -1000.000000	-1000.000000	 -1000.000000	-1000.000000	 -1000.000000	-1000.000000	 -1000.000000	-1000.000000	 -1000.000000	-1000.000000	 -1000.000000	-1000.000000	 -1000.000000	-1000.000000	 -1000.000000	
-1000.000000	 -1000.000000	8.816011	 15.185604	-1000.000000	 -1000.000000	-1000.000000	 -1000.000000	-1000.000000	 -1000.000000	-1000.000000	 -1000.000000	-1000.000000	 -1000.000000	-1000.000000	 -1000.000000	6.542565	 12.975748	-1000.000000	 -1000.000000	-1000.000000	 -1000.000000	-1000.000000	 -1000.000000	-1000.000000	 -1000.000000	-1000.000000	 -1000.000000	-1000.000000	 -1000.000000	-1000.000000	 -1000.000000	-1000.000000	 -1000.000000	-1000.000000	 -1000.000000	-1000.000000	 -1000.000000	-1000.000000	 -1000.000000	
-1000.000000	 -1000.000000	8.801786	 15.148219	-1000.000000	 -1000.000000	-1000.000000	 -1000.000000	-1000.000000	 -1000.000000	-1000.000000	 -1000.000000	-1000.000000	 -1000.000000	-1000.000000	 -1000.000000	6.551587	 12.936779	-1000.000000	 -1000.000000	-1000.000000	 -1000.000000	-1000.000000	 -1000.000000	-1000.000000	 -1000.000000	-1000.000000	 -1000.000000	-1000.000000	 -1000.000000	-1000.000000	 -1000.000000	-1000.000000	 -1000.000000	-1000.000000	 -1000.000000	-1000.000000	 -1000.000000	-1000.000000	 -1000.000000	
-1000.000000	 -1000.000000	8.787768	 15.110756	-1000.000000	 -1000.000000	-1000.000000	 -1000.000000	-1000.000000	 -1000.000000	-1000.000000	 -1000.000000	-1000.000000	 -1000.000000	-1000.000000	 -1000.000000	6.560610	 12.897809	-1000.000000	 -1000.000000	-1000.000000	 -1000.000000	-1000.000000	 -1000.000000	-1000.000000	 -1000.000000	-1000.000000	 -1000.000000	-1000.000000	 -1000.000000	-1000.000000	 -1000.000000	-1000.000000	 -1000.000000	-1000.000000	 -1000.000000	-1000.000000	 -1000.000000	-1000.000000	 -1000.000000	
-1000.000000	 -1000.000000	8.773777	 15.073283	-1000.000000	 -1000.000000	-1000.000000	 -1000.000000	-1000.000000	 -1000.000000	-1000.000000	 -1000.000000	-1000.000000	 -1000.000000	-1000.000000	 -1000.000000	6.569632	 12.858840	-1000.000000	 -1000.000000	-1000.000000	 -1000.000000	-1000.000000	 -1000.000000	-1000.000000	 -1000.000000	-1000.000000	 -1000.000000	-1000.000000	 -1000.000000	-1000.000000	 -1000.000000	-1000.000000	 -1000.000000	-1000.000000	 -1000.000000	-1000.000000	 -1000.000000	-1000.000000	 -1000.000000	
-1000.000000	 -1000.000000	8.759790	 15.035808	-1000.000000	 -1000.000000	-1000.000000	 -1000.000000	-1000.000000	 -1000.000000	-1000.000000	 -1000.000000	-1000.000000	 -1000.000000	-1000.000000	 -1000.000000	6.578654	 12.819871	-1000.000000	 -1000.000000	-1000.000000	 -1000.000000	-1000.000000	 -1000.000000	-1000.000000	 -1000.000000	-1000.000000	 -1000.000000	-1000.000000	 -1000.000000	-1000.000000	 -1000.000000	-1000.000000	 -1000.000000	-1000.000000	 -1000.000000	-1000.000000	 -1000.000000	-1000.000000	 -1000.000000	
-1000.000000	 -1000.000000	8.745804	 14.998333	-1000.000000	 -1000.000000	-1000.000000	 -1000.000000	-1000.000000	 -1000.000000	-1000.000000	 -1000.000000	-1000.000000	 -1000.000000	-1000.000000	 -1000.000000	6.587677	 12.780902	-1000.000000	 -1000.000000	-1000.000000	 -1000.000000	-1000.000000	 -1000.000000	-1000.000000	 -1000.000000	-1000.000000	 -1000.000000	-1000.000000	 -1000.000000	-1000.000000	 -1000.000000	-1000.000000	 -1000.000000	-1000.000000	 -1000.000000	-1000.000000	 -1000.000000	-1000.000000	 -1000.000000	
-1000.000000	 -1000.000000	8.731818	 14.960858	-1000.000000	 -1000.000000	-1000.000000	 -1000.000000	-1000.000000	 -1000.000000	-1000.000000	 -1000.000000	-1000.000000	 -1000.000000	-1000.000000	 -1000.000000	6.596699	 12.741933	-1000.000000	 -1000.000000	-1000.000000	 -1000.000000	-1000.000000	 -1000.000000	-1000.000000	 -1000.000000	-1000.000000	 -1000.000000	-1000.000000	 -1000.000000	-1000.000000	 -1000.000000	-1000.000000	 -1000.000000	-1000.000000	 -1000.000000	-1000.000000	 -1000.000000	-1000.000000	 -1000.000000	
-1000.000000	 -1000.000000	8.717832	 14.923382	-1000.000000	 -1000.000000	-1000.000000	 -1000.000000	-1000.000000	 -1000.000000	-1000.000000	 -1000.000000	-1000.000000	 -1000.000000	-1000.000000	 -1000.000000	6.605721	 12.702963	-1000.000000	 -1000.000000	-1000.000000	 -1000.000000	-1000.000000	 -1000.000000	-1000.000000	 -1000.000000	-1000.000000	 -1000.000000	-1000.000000	 -1000.000000	-1000.000000	 -1000.000000	-1000.000000	 -1000.000000	-1000.000000	 -1000.000000	-1000.000000	 -1000.000000	-1000.000000	 -1000.000000	
-1000.000000	 -1000.000000	8.703846	 14.885907	-1000.000000	 -1000.000000	-1000.000000	 -1000.000000	-1000.000000	 -1000.000000	-1000.000000	 -1000.000000	-1000.000000	 -1000.000000	-1000.000000	 -1000.000000	6.614744	 12.663994	-1000.000000	 -1000.000000	-1000.000000	 -1000.000000	-1000.000000	 -1000.000000	-1000.000000	 -1000.000000	-1000.000000	 -1000.000000	-1000.000000	 -1000.000000	-1000.000000	 -1000.000000	-1000.000000	 -1000.000000	-1000.000000	 -1000.000000	-1000.000000	 -1000.000000	-1000.000000	 -1000.000000	
-1000.000000	 -1000.000000	8.689859	 14.848432	-1000.000000	 -1000.000000	-1000.000000	 -1000.000000	-1000.000000	 -1000.000000	-1000.000000	 -1000.000000	-1000.000000	 -1000.000000	-1000.000000	 -1000.000000	6.623766	 12.625025	-1000.000000	 -1000.000000	-1000.000000	 -1000.000000	-1000.000000	 -1000.000000	-1000.000000	 -1000.000000	-1000.000000	 -1000.000000	-1000.000000	 -1000.000000	-1000.000000	 -1000.000000	-1000.000000	 -1000.000000	-1000.000000	 -1000.000000	-1000.000000	 -1000.000000	-1000.000000	 -1000.000000	
-1000.000000	 -1000.000000	8.675873	 14.810957	-1000.000000	 -1000.000000	-1000.000000	 -1000.000000	-1000.000000	 -1000.000000	-1000.000000	 -1000.000000	-1000.000000	 -1000.000000	-1000.000000	 -1000.000000	6.632788	 12.586056	-1000.000000	 -1000.000000	-1000.000000	 -1000.000000	-1000.000000	 -1000.000000	-1000.000000	 -1000.000000	-1000.000000	 -1000.000000	-1000.000000	 -1000.000000	-1000.000000	 -1000.000000	-1000.000000	 -1000.000000	-1000.000000	 -1000.000000	-1000.000000	 -1000.000000	-1000.000000	 -1000.000000	
-1000.000000	 -1000.000000	8.661887	 14.773482	-1000.000000	 -1000.000000	-1000.000000	 -1000.000000	-1000.000000	 -1000.000000	-1000.000000	 -1000.000000	-1000.000000	 -1000.000000	-1000.000000	 -1000.000000	6.641811	 12.547087	-1000.000000	 -1000.000000	-1000.000000	 -1000.000000	-1000.000000	 -1000.000000	-1000.000000	 -1000.000000	-1000.000000	 -1000.000000	-1000.000000	 -1000.000000	-1000.000000	 -1000.000000	-1000.000000	 -1000.000000	-1000.000000	 -1000.000000	-1000.000000	 -1000.000000	-1000.000000	 -1000.000000	
-1000.000000	 -1000.000000	8.647901	 14.736007	-1000.000000	 -1000.000000	-1000.000000	 -1000.000000	-1000.000000	 -1000.000000	-1000.000000	 -1000.000000	-1000.000000	 -1000.000000	-1000.000000	 -1000.000000	6.650833	 12.508117	-1000.000000	 -1000.000000	-1000.000000	 -1000.000000	-1000.000000	 -1000.000000	-1000.000000	 -1000.000000	-1000.000000	 -1000.000000	-1000.000000	 -1000.000000	-1000.000000	 -1000.000000	-1000.000000	 -1000.000000	-1000.000000	 -1000.000000	-1000.000000	 -1000.000000	-1000.000000	 -1000.000000	
-1000.000000	 -1000.000000	8.633914	 14.698532	-1000.000000	 -1000.000000	-1000.000000	 -1000.000000	-1000.000000	 -1000.000000	-1000.000000	 -1000.000000	-1000.000000	 -1000.000000	-1000.000000	 -1000.000000	6.659856	 12.469148	-1000.000000	 -1000.000000	-1000.000000	 -1000.000000	-1000.000000	 -1000.000000	-1000.000000	 -1000.000000	-1000.000000	 -1000.000000	-1000.000000	 -1000.000000	-1000.000000	 -1000.000000	-1000.000000	 -1000.000000	-1000.000000	 -1000.000000	-1000.000000	 -1000.000000	-1000.000000	 -1000.000000	
-1000.000000	 -1000.000000	8.619928	 14.661056	-1000.000000	 -1000.000000	-1000.000000	 -1000.000000	-1000.000000	 -1000.000000	-1000.000000	 -1000.000000	-1000.000000	 -1000.000000	-1000.000000	 -1000.000000	6.667950	 12.429989	-1000.000000	 -1000.000000	-1000.000000	 -1000.000000	-1000.000000	 -1000.000000	-1000.000000	 -1000.000000	-1000.000000	 -1000.000000	-1000.000000	 -1000.000000	-1000.000000	 -1000.000000	-1000.000000	 -1000.000000	-1000.000000	 -1000.000000	-1000.000000	 -1000.000000	-1000.000000	 -1000.000000	
-1000.000000	 -1000.000000	8.605942	 14.623581	-1000.000000	 -1000.000000	-1000.000000	 -1000.000000	-1000.000000	 -1000.000000	-1000.000000	 -1000.000000	-1000.000000	 -1000.000000	-1000.000000	 -1000.000000	6.673796	 12.390419	-1000.000000	 -1000.000000	-1000.000000	 -1000.000000	-1000.000000	 -1000.000000	-1000.000000	 -1000.000000	-1000.000000	 -1000.000000	-1000.000000	 -1000.000000	-1000.000000	 -1000.000000	-1000.000000	 -1000.000000	-1000.000000	 -1000.000000	-1000.000000	 -1000.000000	-1000.000000	 -1000.000000	
-1000.000000	 -1000.000000	8.591956	 14.586106	-1000.000000	 -1000.000000	-1000.000000	 -1000.000000	-1000.000000	 -1000.000000	-1000.000000	 -1000.000000	-1000.000000	 -1000.000000	-1000.000000	 -1000.000000	6.679262	 12.350794	-1000.000000	 -1000.000000	-1000.000000	 -1000.000000	-1000.000000	 -1000.000000	-1000.000000	 -1000.000000	-1000.000000	 -1000.000000	-1000.000000	 -1000.000000	-1000.000000	 -1000.000000	-1000.000000	 -1000.000000	-1000.000000	 -1000.000000	-1000.000000	 -1000.000000	-1000.000000	 -1000.000000	
-1000.000000	 -1000.000000	8.577970	 14.548631	-1000.000000	 -1000.000000	-1000.000000	 -1000.000000	-1000.000000	 -1000.000000	-1000.000000	 -1000.000000	-1000.000000	 -1000.000000	-1000.000000	 -1000.000000	6.684677	 12.311162	-1000.000000	 -1000.000000	-1000.000000	 -1000.000000	-1000.000000	 -1000.000000	-1000.000000	 -1000.000000	-1000.000000	 -1000.000000	-1000.000000	 -1000.000000	-1000.000000	 -1000.000000	-1000.000000	 -1000.000000	-1000.000000	 -1000.000000	-1000.000000	 -1000.000000	-1000.000000	 -1000.000000	
-1000.000000	 -1000.000000	8.563983	 14.511156	-1000.000000	 -1000.000000	-1000.000000	 -1000.000000	-1000.000000	 -1000.000000	-1000.000000	 -1000.000000	-1000.000000	 -1000.000000	-1000.000000	 -1000.000000	6.690085	 12.271530	-1000.000000	 -1000.000000	-1000.000000	 -1000.000000	-1000.000000	 -1000.000000	-1000.000000	 -1000.000000	-1000.000000	 -1000.000000	-1000.000000	 -1000.000000	-1000.000000	 -1000.000000	-1000.000000	 -1000.000000	-1000.000000	 -1000.000000	-1000.000000	 -1000.000000	-1000.000000	 -1000.000000	
-1000.000000	 -1000.000000	8.549997	 14.473681	-1000.000000	 -1000.000000	-1000.000000	 -1000.000000	-1000.000000	 -1000.000000	-1000.000000	 -1000.000000	-1000.000000	 -1000.000000	-1000.000000	 -1000.000000	6.695493	 12.231897	-1000.000000	 -1000.000000	-1000.000000	 -1000.000000	-1000.000000	 -1000.000000	-1000.000000	 -1000.000000	-1000.000000	 -1000.000000	-1000.000000	 -1000.000000	-1000.000000	 -1000.000000	-1000.000000	 -1000.000000	-1000.000000	 -1000.000000	-1000.000000	 -1000.000000	-1000.000000	 -1000.000000	
-1000.000000	 -1000.000000	8.536011	 14.436206	-1000.000000	 -1000.000000	-1000.000000	 -1000.000000	-1000.000000	 -1000.000000	-1000.000000	 -1000.000000	-1000.000000	 -1000.000000	-1000.000000	 -1000.000000	6.700900	 12.192264	-1000.000000	 -1000.000000	-1000.000000	 -1000.000000	-1000.000000	 -1000.000000	-1000.000000	 -1000.000000	-1000.000000	 -1000.000000	-1000.000000	 -1000.000000	-1000.000000	 -1000.000000	-1000.000000	 -1000.000000	-1000.000000	 -1000.000000	-1000.000000	 -1000.000000	-1000.000000	 -1000.000000	
-1000.000000	 -1000.000000	8.522025	 14.398731	-1000.000000	 -1000.000000	-1000.000000	 -1000.000000	-1000.000000	 -1000.000000	-1000.000000	 -1000.000000	-1000.000000	 -1000.000000	-1000.000000	 -1000.000000	6.706307	 12.152631	-1000.000000	 -1000.000000	-1000.000000	 -1000.000000	-1000.000000	 -1000.000000	-1000.000000	 -1000.000000	-1000.000000	 -1000.000000	-1000.000000	 -1000.000000	-1000.000000	 -1000.000000	-1000.000000	 -1000.000000	-1000.000000	 -1000.000000	-1000.000000	 -1000.000000	-1000.000000	 -1000.000000	
-1000.000000	 -1000.000000	8.510526	 14.360457	-1000.000000	 -1000.000000	-1000.000000	 -1000.000000	-1000.000000	 -1000.000000	-1000.000000	 -1000.000000	-1000.000000	 -1000.000000	-1000.000000	 -1000.000000	6.711715	 12.112998	-1000.000000	 -1000.000000	-1000.000000	 -1000.000000	-1000.000000	 -1000.000000	-1000.000000	 -1000.000000	-1000.000000	 -1000.000000	-1000.000000	 -1000.000000	-1000.000000	 -1000.000000	-1000.000000	 -1000.000000	-1000.000000	 -1000.000000	-1000.000000	 -1000.000000	-1000.000000	 -1000.000000	
-1000.000000	 -1000.000000	8.501667	 14.321451	-1000.000000	 -1000.000000	-1000.000000	 -1000.000000	-1000.000000	 -1000.000000	-1000.000000	 -1000.000000	-1000.000000	 -1000.000000	-1000.000000	 -1000.000000	6.717122	 12.073365	-1000.000000	 -1000.000000	-1000.000000	 -1000.000000	-1000.000000	 -1000.000000	-1000.000000	 -1000.000000	-1000.000000	 -1000.000000	-1000.000000	 -1000.000000	-1000.000000	 -1000.000000	-1000.000000	 -1000.000000	-1000.000000	 -1000.000000	-1000.000000	 -1000.000000	-1000.000000	 -1000.000000	
-1000.000000	 -1000.000000	8.493164	 14.282365	-1000.000000	 -1000.000000	-1000.000000	 -1000.000000	-1000.000000	 -1000.000000	-1000.000000	 -1000.000000	-1000.000000	 -1000.000000	-1000.000000	 -1000.000000	6.722529	 12.033733	-1000.000000	 -1000.000000	-1000.000000	 -1000.000000	-1000.000000	 -1000.000000	-1000.000000	 -1000.000000	-1000.000000	 -1000.000000	-1000.000000	 -1000.000000	-1000.000000	 -1000.000000	-1000.000000	 -1000.000000	-1000.000000	 -1000.000000	-1000.000000	 -1000.000000	-1000.000000	 -1000.000000	
-1000.000000	 -1000.000000	8.484709	 14.243269	-1000.000000	 -1000.000000	-1000.000000	 -1000.000000	-1000.000000	 -1000.000000	-1000.000000	 -1000.000000	-1000.000000	 -1000.000000	-1000.000000	 -1000.000000	6.727937	 11.994100	-1000.000000	 -1000.000000	-1000.000000	 -1000.000000	-1000.000000	 -1000.000000	-1000.000000	 -1000.000000	-1000.000000	 -1000.000000	-1000.000000	 -1000.000000	-1000.000000	 -1000.000000	-1000.000000	 -1000.000000	-1000.000000	 -1000.000000	-1000.000000	 -1000.000000	-1000.000000	 -1000.000000	
-1000.000000	 -1000.000000	8.476260	 14.204171	-1000.000000	 -1000.000000	-1000.000000	 -1000.000000	-1000.000000	 -1000.000000	-1000.000000	 -1000.000000	-1000.000000	 -1000.000000	-1000.000000	 -1000.000000	6.733344	 11.954467	-1000.000000	 -1000.000000	-1000.000000	 -1000.000000	-1000.000000	 -1000.000000	-1000.000000	 -1000.000000	-1000.000000	 -1000.000000	-1000.000000	 -1000.000000	-1000.000000	 -1000.000000	-1000.000000	 -1000.000000	-1000.000000	 -1000.000000	-1000.000000	 -1000.000000	-1000.000000	 -1000.000000	
-1000.000000	 -1000.000000	8.467812	 14.165074	-1000.000000	 -1000.000000	-1000.000000	 -1000.000000	-1000.000000	 -1000.000000	-1000.000000	 -1000.000000	-1000.000000	 -1000.000000	-1000.000000	 -1000.000000	6.738751	 11.914834	-1000.000000	 -1000.000000	-1000.000000	 -1000.000000	-1000.000000	 -1000.000000	-1000.000000	 -1000.000000	-1000.000000	 -1000.000000	-1000.000000	 -1000.000000	-1000.000000	 -1000.000000	-1000.000000	 -1000.000000	-1000.000000	 -1000.000000	-1000.000000	 -1000.000000	-1000.000000	 -1000.000000	
-1000.000000	 -1000.000000	8.459364	 14.125976	-1000.000000	 -1000.000000	-1000.000000	 -1000.000000	-1000.000000	 -1000.000000	-1000.000000	 -1000.000000	-1000.000000	 -1000.000000	-1000.000000	 -1000.000000	6.744158	 11.875201	-1000.000000	 -1000.000000	-1000.000000	 -1000.000000	-1000.000000	 -1000.000000	-1000.000000	 -1000.000000	-1000.000000	 -1000.000000	-1000.000000	 -1000.000000	-1000.000000	 -1000.000000	-1000.000000	 -1000.000000	-1000.000000	 -1000.000000	-1000.000000	 -1000.000000	-1000.000000	 -1000.000000	
-1000.000000	 -1000.000000	8.450916	 14.086878	-1000.000000	 -1000.000000	-1000.000000	 -1000.000000	-1000.000000	 -1000.000000	-1000.000000	 -1000.000000	-1000.000000	 -1000.000000	-1000.000000	 -1000.000000	6.749566	 11.835568	-1000.000000	 -1000.000000	-1000.000000	 -1000.000000	-1000.000000	 -1000.000000	-1000.000000	 -1000.000000	-1000.000000	 -1000.000000	-1000.000000	 -1000.000000	-1000.000000	 -1000.000000	-1000.000000	 -1000.000000	-1000.000000	 -1000.000000	-1000.000000	 -1000.000000	-1000.000000	 -1000.000000	
-1000.000000	 -1000.000000	8.442468	 14.047780	-1000.000000	 -1000.000000	-1000.000000	 -1000.000000	-1000.000000	 -1000.000000	-1000.000000	 -1000.000000	-1000.000000	 -1000.000000	-1000.000000	 -1000.000000	6.754973	 11.795936	-1000.000000	 -1000.000000	-1000.000000	 -1000.000000	-1000.000000	 -1000.000000	-1000.000000	 -1000.000000	-1000.000000	 -1000.000000	-1000.000000	 -1000.000000	-1000.000000	 -1000.000000	-1000.000000	 -1000.000000	-1000.000000	 -1000.000000	-1000.000000	 -1000.000000	-1000.000000	 -1000.000000	
-1000.000000	 -1000.000000	8.434020	 14.008683	-1000.000000	 -1000.000000	-1000.000000	 -1000.000000	-1000.000000	 -1000.000000	-1000.000000	 -1000.000000	-1000.000000	 -1000.000000	-1000.000000	 -1000.000000	6.760380	 11.756303	-1000.000000	 -1000.000000	-1000.000000	 -1000.000000	-1000.000000	 -1000.000000	-1000.000000	 -1000.000000	-1000.000000	 -1000.000000	-1000.000000	 -1000.000000	-1000.000000	 -1000.000000	-1000.000000	 -1000.000000	-1000.000000	 -1000.000000	-1000.000000	 -1000.000000	-1000.000000	 -1000.000000	
-1000.000000	 -1000.000000	8.425572	 13.969585	-1000.000000	 -1000.000000	-1000.000000	 -1000.000000	-1000.000000	 -1000.000000	-1000.000000	 -1000.000000	-1000.000000	 -1000.000000	-1000.000000	 -1000.000000	6.765787	 11.716670	-1000.000000	 -1000.000000	-1000.000000	 -1000.000000	-1000.000000	 -1000.000000	-1000.000000	 -1000.000000	-1000.000000	 -1000.000000	-1000.000000	 -1000.000000	-1000.000000	 -1000.000000	-1000.000000	 -1000.000000	-1000.000000	 -1000.000000	-1000.000000	 -1000.000000	-1000.000000	 -1000.000000	
-1000.000000	 -1000.000000	8.417124	 13.930487	-1000.000000	 -1000.000000	-1000.000000	 -1000.000000	-1000.000000	 -1000.000000	-1000.000000	 -1000.000000	-1000.000000	 -1000.000000	-1000.000000	 -1000.000000	6.771195	 11.677037	-1000.000000	 -1000.000000	-1000.000000	 -1000.000000	-1000.000000	 -1000.000000	-1000.000000	 -1000.000000	-1000.000000	 -1000.000000	-1000.000000	 -1000.000000	-1000.000000	 -1000.000000	-1000.000000	 -1000.000000	-1000.000000	 -1000.000000	-1000.000000	 -1000.000000	-1000.000000	 -1000.000000	
-1000.000000	 -1000.000000	8.408676	 13.891390	-1000.000000	 -1000.000000	-1000.000000	 -1000.000000	-1000.000000	 -1000.000000	-1000.000000	 -1000.000000	-1000.000000	 -1000.000000	-1000.000000	 -1000.000000	6.776602	 11.637404	-1000.000000	 -1000.000000	-1000.000000	 -1000.000000	-1000.000000	 -1000.000000	-1000.000000	 -1000.000000	-1000.000000	 -1000.000000	-1000.000000	 -1000.000000	-1000.000000	 -1000.000000	-1000.000000	 -1000.000000	-1000.000000	 -1000.000000	-1000.000000	 -1000.000000	-1000.000000	 -1000.000000	
-1000.000000	 -1000.000000	8.400228	 13.852292	-1000.000000	 -1000.000000	-1000.000000	 -1000.000000	-1000.000000	 -1000.000000	-1000.000000	 -1000.000000	-1000.000000	 -1000.000000	-1000.000000	 -1000.000000	6.782009	 11.597771	-1000.000000	 -1000.000000	-1000.000000	 -1000.000000	-1000.000000	 -1000.000000	-1000.000000	 -1000.000000	-1000.000000	 -1000.000000	-1000.000000	 -1000.000000	-1000.000000	 -1000.000000	-1000.000000	 -1000.000000	-1000.000000	 -1000.000000	-1000.000000	 -1000.000000	-1000.000000	 -1000.000000	
-1000.000000	 -1000.000000	8.391780	 13.813194	-1000.000000	 -1000.000000	-1000.000000	 -1000.000000	-1000.000000	 -1000.000000	-1000.000000	 -1000.000000	-1000.000000	 -1000.000000	-1000.000000	 -1000.000000	6.787417	 11.558139	-1000.000000	 -1000.000000	-1000.000000	 -1000.000000	-1000.000000	 -1000.000000	-1000.000000	 -1000.000000	-1000.000000	 -1000.000000	-1000.000000	 -1000.000000	-1000.000000	 -1000.000000	-1000.000000	 -1000.000000	-1000.000000	 -1000.000000	-1000.000000	 -1000.000000	-1000.000000	 -1000.000000	
-1000.000000	 -1000.000000	8.383333	 13.774096	-1000.000000	 -1000.000000	-1000.000000	 -1000.000000	-1000.000000	 -1000.000000	-1000.000000	 -1000.000000	-1000.000000	 -1000.000000	-1000.000000	 -1000.000000	6.792824	 11.518506	-1000.000000	 -1000.000000	-1000.000000	 -1000.000000	-1000.000000	 -1000.000000	-1000.000000	 -1000.000000	-1000.000000	 -1000.000000	-1000.000000	 -1000.000000	-1000.000000	 -1000.000000	-1000.000000	 -1000.000000	-1000.000000	 -1000.000000	-1000.000000	 -1000.000000	-1000.000000	 -1000.000000	
-1000.000000	 -1000.000000	8.374885	 13.734999	-1000.000000	 -1000.000000	-1000.000000	 -1000.000000	-1000.000000	 -1000.000000	-1000.000000	 -1000.000000	-1000.000000	 -1000.000000	-1000.000000	 -1000.000000	6.798231	 11.478873	-1000.000000	 -1000.000000	-1000.000000	 -1000.000000	-1000.000000	 -1000.000000	-1000.000000	 -1000.000000	-1000.000000	 -1000.000000	-1000.000000	 -1000.000000	-1000.000000	 -1000.000000	-1000.000000	 -1000.000000	-1000.000000	 -1000.000000	-1000.000000	 -1000.000000	-1000.000000	 -1000.000000	
-1000.000000	 -1000.000000	8.366437	 13.695901	-1000.000000	 -1000.000000	-1000.000000	 -1000.000000	-1000.000000	 -1000.000000	-1000.000000	 -1000.000000	-1000.000000	 -1000.000000	-1000.000000	 -1000.000000	6.802651	 11.439123	-1000.000000	 -1000.000000	-1000.000000	 -1000.000000	-1000.000000	 -1000.000000	-1000.000000	 -1000.000000	-1000.000000	 -1000.000000	-1000.000000	 -1000.000000	-1000.000000	 -1000.000000	-1000.000000	 -1000.000000	-1000.000000	 -1000.000000	-1000.000000	 -1000.000000	-1000.000000	 -1000.000000	
-1000.000000	 -1000.000000	8.357989	 13.656803	-1000.000000	 -1000.000000	-1000.000000	 -1000.000000	-1000.000000	 -1000.000000	-1000.000000	 -1000.000000	-1000.000000	 -1000.000000	-1000.000000	 -1000.000000	6.806033	 11.399267	-1000.000000	 -1000.000000	-1000.000000	 -1000.000000	-1000.000000	 -1000.000000	-1000.000000	 -1000.000000	-1000.000000	 -1000.000000	-1000.000000	 -1000.000000	-1000.000000	 -1000.000000	-1000.000000	 -1000.000000	-1000.000000	 -1000.000000	-1000.000000	 -1000.000000	-1000.000000	 -1000.000000	
-1000.000000	 -1000.000000	8.349541	 13.617705	-1000.000000	 -1000.000000	-1000.000000	 -1000.000000	-1000.000000	 -1000.000000	-1000.000000	 -1000.000000	-1000.000000	 -1000.000000	-1000.000000	 -1000.000000	6.809277	 11.359398	-1000.000000	 -1000.000000	-1000.000000	 -1000.000000	-1000.000000	 -1000.000000	-1000.000000	 -1000.000000	-1000.000000	 -1000.000000	-1000.000000	 -1000.000000	-1000.000000	 -1000.000000	-1000.000000	 -1000.000000	-1000.000000	 -1000.000000	-1000.000000	 -1000.000000	-1000.000000	 -1000.000000	
-1000.000000	 -1000.000000	8.341093	 13.578608	-1000.000000	 -1000.000000	-1000.000000	 -1000.000000	-1000.000000	 -1000.000000	-1000.000000	 -1000.000000	-1000.000000	 -1000.000000	-1000.000000	 -1000.000000	6.812503	 11.319529	-1000.000000	 -1000.000000	-1000.000000	 -1000.000000	-1000.000000	 -1000.000000	-1000.000000	 -1000.000000	-1000.000000	 -1000.000000	-1000.000000	 -1000.000000	-1000.000000	 -1000.000000	-1000.000000	 -1000.000000	-1000.000000	 -1000.000000	-1000.000000	 -1000.000000	-1000.000000	 -1000.000000	
-1000.000000	 -1000.000000	8.332645	 13.539510	-1000.000000	 -1000.000000	-1000.000000	 -1000.000000	-1000.000000	 -1000.000000	-1000.000000	 -1000.000000	-1000.000000	 -1000.000000	-1000.000000	 -1000.000000	6.815726	 11.279659	-1000.000000	 -1000.000000	-1000.000000	 -1000.000000	-1000.000000	 -1000.000000	-1000.000000	 -1000.000000	-1000.000000	 -1000.000000	-1000.000000	 -1000.000000	-1000.000000	 -1000.000000	-1000.000000	 -1000.000000	-1000.000000	 -1000.000000	-1000.000000	 -1000.000000	-1000.000000	 -1000.000000	
-1000.000000	 -1000.000000	8.324197	 13.500412	-1000.000000	 -1000.000000	-1000.000000	 -1000.000000	-1000.000000	 -1000.000000	-1000.000000	 -1000.000000	-1000.000000	 -1000.000000	-1000.000000	 -1000.000000	6.818949	 11.239789	-1000.000000	 -1000.000000	-1000.000000	 -1000.000000	-1000.000000	 -1000.000000	-1000.000000	 -1000.000000	-1000.000000	 -1000.000000	-1000.000000	 -1000.000000	-1000.000000	 -1000.000000	-1000.000000	 -1000.000000	-1000.000000	 -1000.000000	-1000.000000	 -1000.000000	-1000.000000	 -1000.000000	
-1000.000000	 -1000.000000	8.315749	 13.461314	-1000.000000	 -1000.000000	-1000.000000	 -1000.000000	-1000.000000	 -1000.000000	-1000.000000	 -1000.000000	-1000.000000	 -1000.000000	-1000.000000	 -1000.000000	6.822172	 11.199919	-1000.000000	 -1000.000000	-1000.000000	 -1000.000000	-1000.000000	 -1000.000000	-1000.000000	 -1000.000000	-1000.000000	 -1000.000000	-1000.000000	 -1000.000000	-1000.000000	 -1000.000000	-1000.000000	 -1000.000000	-1000.000000	 -1000.000000	-1000.000000	 -1000.000000	-1000.000000	 -1000.000000	
-1000.000000	 -1000.000000	8.308833	 13.421930	-1000.000000	 -1000.000000	-1000.000000	 -1000.000000	-1000.000000	 -1000.000000	-1000.000000	 -1000.000000	-1000.000000	 -1000.000000	-1000.000000	 -1000.000000	6.825395	 11.160049	-1000.000000	 -1000.000000	-1000.000000	 -1000.000000	-1000.000000	 -1000.000000	-1000.000000	 -1000.000000	-1000.000000	 -1000.000000	-1000.000000	 -1000.000000	-1000.000000	 -1000.000000	-1000.000000	 -1000.000000	-1000.000000	 -1000.000000	-1000.000000	 -1000.000000	-1000.000000	 -1000.000000	
-1000.000000	 -1000.000000	8.303529	 13.382283	-1000.000000	 -1000.000000	-1000.000000	 -1000.000000	-1000.000000	 -1000.000000	-1000.000000	 -1000.000000	-1000.000000	 -1000.000000	-1000.000000	 -1000.000000	6.828618	 11.120179	-1000.000000	 -1000.000000	-1000.000000	 -1000.000000	-1000.000000	 -1000.000000	-1000.000000	 -1000.000000	-1000.000000	 -1000.000000	-1000.000000	 -1000.000000	-1000.000000	 -1000.000000	-1000.000000	 -1000.000000	-1000.000000	 -1000.000000	-1000.000000	 -1000.000000	-1000.000000	 -1000.000000	
-1000.000000	 -1000.000000	8.298441	 13.342608	-1000.000000	 -1000.000000	-1000.000000	 -1000.000000	-1000.000000	 -1000.000000	-1000.000000	 -1000.000000	-1000.000000	 -1000.000000	-1000.000000	 -1000.000000	6.831840	 11.080309	-1000.000000	 -1000.000000	-1000.000000	 -1000.000000	-1000.000000	 -1000.000000	-1000.000000	 -1000.000000	-1000.000000	 -1000.000000	-1000.000000	 -1000.000000	-1000.000000	 -1000.000000	-1000.000000	 -1000.000000	-1000.000000	 -1000.000000	-1000.000000	 -1000.000000	-1000.000000	 -1000.000000	
-1000.000000	 -1000.000000	8.293382	 13.302930	-1000.000000	 -1000.000000	-1000.000000	 -1000.000000	-1000.000000	 -1000.000000	-1000.000000	 -1000.000000	-1000.000000	 -1000.000000	-1000.000000	 -1000.000000	6.835063	 11.040439	-1000.000000	 -1000.000000	-1000.000000	 -1000.000000	-1000.000000	 -1000.000000	-1000.000000	 -1000.000000	-1000.000000	 -1000.000000	-1000.000000	 -1000.000000	-1000.000000	 -1000.000000	-1000.000000	 -1000.000000	-1000.000000	 -1000.000000	-1000.000000	 -1000.000000	-1000.000000	 -1000.000000	
-1000.000000	 -1000.000000	8.288326	 13.263250	-1000.000000	 -1000.000000	-1000.000000	 -1000.000000	-1000.000000	 -1000.000000	-1000.000000	 -1000.000000	-1000.000000	 -1000.000000	-1000.000000	 -1000.000000	6.838286	 11.000569	-1000.000000	 -1000.000000	-1000.000000	 -1000.000000	-1000.000000	 -1000.000000	-1000.000000	 -1000.000000	-1000.000000	 -1000.000000	-1000.000000	 -1000.000000	-1000.000000	 -1000.000000	-1000.000000	 -1000.000000	-1000.000000	 -1000.000000	-1000.000000	 -1000.000000	-1000.000000	 -1000.000000	
-1000.000000	 -1000.000000	8.283271	 13.223571	-1000.000000	 -1000.000000	-1000.000000	 -1000.000000	-1000.000000	 -1000.000000	-1000.000000	 -1000.000000	-1000.000000	 -1000.000000	-1000.000000	 -1000.000000	6.841509	 10.960699	-1000.000000	 -1000.000000	-1000.000000	 -1000.000000	-1000.000000	 -1000.000000	-1000.000000	 -1000.000000	-1000.000000	 -1000.000000	-1000.000000	 -1000.000000	-1000.000000	 -1000.000000	-1000.000000	 -1000.000000	-1000.000000	 -1000.000000	-1000.000000	 -1000.000000	-1000.000000	 -1000.000000	
-1000.000000	 -1000.000000	8.278216	 13.183892	-1000.000000	 -1000.000000	-1000.000000	 -1000.000000	-1000.000000	 -1000.000000	-1000.000000	 -1000.000000	-1000.000000	 -1000.000000	-1000.000000	 -1000.000000	6.844732	 10.920829	-1000.000000	 -1000.000000	-1000.000000	 -1000.000000	-1000.000000	 -1000.000000	-1000.000000	 -1000.000000	-1000.000000	 -1000.000000	-1000.000000	 -1000.000000	-1000.000000	 -1000.000000	-1000.000000	 -1000.000000	-1000.000000	 -1000.000000	-1000.000000	 -1000.000000	-1000.000000	 -1000.000000	
-1000.000000	 -1000.000000	8.273161	 13.144213	-1000.000000	 -1000.000000	-1000.000000	 -1000.000000	-1000.000000	 -1000.000000	-1000.000000	 -1000.000000	-1000.000000	 -1000.000000	-1000.000000	 -1000.000000	6.847955	 10.880959	-1000.000000	 -1000.000000	-1000.000000	 -1000.000000	-1000.000000	 -1000.000000	-1000.000000	 -1000.000000	-1000.000000	 -1000.000000	-1000.000000	 -1000.000000	-1000.000000	 -1000.000000	-1000.000000	 -1000.000000	-1000.000000	 -1000.000000	-1000.000000	 -1000.000000	-1000.000000	 -1000.000000	
-1000.000000	 -1000.000000	8.268106	 13.104533	-1000.000000	 -1000.000000	-1000.000000	 -1000.000000	-1000.000000	 -1000.000000	-1000.000000	 -1000.000000	-1000.000000	 -1000.000000	-1000.000000	 -1000.000000	6.851178	 10.841089	-1000.000000	 -1000.000000	-1000.000000	 -1000.000000	-1000.000000	 -1000.000000	-1000.000000	 -1000.000000	-1000.000000	 -1000.000000	-1000.000000	 -1000.000000	-1000.000000	 -1000.000000	-1000.000000	 -1000.000000	-1000.000000	 -1000.000000	-1000.000000	 -1000.000000	-1000.000000	 -1000.000000	
-1000.000000	 -1000.000000	8.263051	 13.064854	-1000.000000	 -1000.000000	-1000.000000	 -1000.000000	-1000.000000	 -1000.000000	-1000.000000	 -1000.000000	-1000.000000	 -1000.000000	-1000.000000	 -1000.000000	6.854400	 10.801219	-1000.000000	 -1000.000000	-1000.000000	 -1000.000000	-1000.000000	 -1000.000000	-1000.000000	 -1000.000000	-1000.000000	 -1000.000000	-1000.000000	 -1000.000000	-1000.000000	 -1000.000000	-1000.000000	 -1000.000000	-1000.000000	 -1000.000000	-1000.000000	 -1000.000000	-1000.000000	 -1000.000000	
-1000.000000	 -1000.000000	8.257996	 13.025175	-1000.000000	 -1000.000000	-1000.000000	 -1000.000000	-1000.000000	 -1000.000000	-1000.000000	 -1000.000000	-1000.000000	 -1000.000000	-1000.000000	 -1000.000000	6.857623	 10.761349	-1000.000000	 -1000.000000	-1000.000000	 -1000.000000	-1000.000000	 -1000.000000	-1000.000000	 -1000.000000	-1000.000000	 -1000.000000	-1000.000000	 -1000.000000	-1000.000000	 -1000.000000	-1000.000000	 -1000.000000	-1000.000000	 -1000.000000	-1000.000000	 -1000.000000	-1000.000000	 -1000.000000	
-1000.000000	 -1000.000000	8.252941	 12.985495	-1000.000000	 -1000.000000	-1000.000000	 -1000.000000	-1000.000000	 -1000.000000	-1000.000000	 -1000.000000	-1000.000000	 -1000.000000	-1000.000000	 -1000.000000	6.860846	 10.721479	-1000.000000	 -1000.000000	-1000.000000	 -1000.000000	-1000.000000	 -1000.000000	-1000.000000	 -1000.000000	-1000.000000	 -1000.000000	-1000.000000	 -1000.000000	-1000.000000	 -1000.000000	-1000.000000	 -1000.000000	-1000.000000	 -1000.000000	-1000.000000	 -1000.000000	-1000.000000	 -1000.000000	
-1000.000000	 -1000.000000	8.247887	 12.945816	-1000.000000	 -1000.000000	-1000.000000	 -1000.000000	-1000.000000	 -1000.000000	-1000.000000	 -1000.000000	-1000.000000	 -1000.000000	-1000.000000	 -1000.000000	6.864069	 10.681609	-1000.000000	 -1000.000000	-1000.000000	 -1000.000000	-1000.000000	 -1000.000000	-1000.000000	 -1000.000000	-1000.000000	 -1000.000000	-1000.000000	 -1000.000000	-1000.000000	 -1000.000000	-1000.000000	 -1000.000000	-1000.000000	 -1000.000000	-1000.000000	 -1000.000000	-1000.000000	 -1000.000000	
-1000.000000	 -1000.000000	8.242832	 12.906137	-1000.000000	 -1000.000000	-1000.000000	 -1000.000000	-1000.000000	 -1000.000000	-1000.000000	 -1000.000000	-1000.000000	 -1000.000000	-1000.000000	 -1000.000000	6.867292	 10.641739	-1000.000000	 -1000.000000	-1000.000000	 -1000.000000	-1000.000000	 -1000.000000	-1000.000000	 -1000.000000	-1000.000000	 -1000.000000	-1000.000000	 -1000.000000	-1000.000000	 -1000.000000	-1000.000000	 -1000.000000	-1000.000000	 -1000.000000	-1000.000000	 -1000.000000	-1000.000000	 -1000.000000	
-1000.000000	 -1000.000000	8.237777	 12.866457	-1000.000000	 -1000.000000	-1000.000000	 -1000.000000	-1000.000000	 -1000.000000	-1000.000000	 -1000.000000	-1000.000000	 -1000.000000	-1000.000000	 -1000.000000	6.870515	 10.601869	-1000.000000	 -1000.000000	-1000.000000	 -1000.000000	-1000.000000	 -1000.000000	-1000.000000	 -1000.000000	-1000.000000	 -1000.000000	-1000.000000	 -1000.000000	-1000.000000	 -1000.000000	-1000.000000	 -1000.000000	-1000.000000	 -1000.000000	-1000.000000	 -1000.000000	-1000.000000	 -1000.000000	
-1000.000000	 -1000.000000	8.232722	 12.826778	-1000.000000	 -1000.000000	-1000.000000	 -1000.000000	-1000.000000	 -1000.000000	-1000.000000	 -1000.000000	-1000.000000	 -1000.000000	-1000.000000	 -1000.000000	6.873737	 10.561999	-1000.000000	 -1000.000000	-1000.000000	 -1000.000000	-1000.000000	 -1000.000000	-1000.000000	 -1000.000000	-1000.000000	 -1000.000000	-1000.000000	 -1000.000000	-1000.000000	 -1000.000000	-1000.000000	 -1000.000000	-1000.000000	 -1000.000000	-1000.000000	 -1000.000000	-1000.000000	 -1000.000000	
-1000.000000	 -1000.000000	8.227667	 12.787099	-1000.000000	 -1000.000000	-1000.000000	 -1000.000000	-1000.000000	 -1000.000000	-1000.000000	 -1000.000000	-1000.000000	 -1000.000000	-1000.000000	 -1000.000000	6.876960	 10.522130	-1000.000000	 -1000.000000	-1000.000000	 -1000.000000	-1000.000000	 -1000.000000	-1000.000000	 -1000.000000	-1000.000000	 -1000.000000	-1000.000000	 -1000.000000	-1000.000000	 -1000.000000	-1000.000000	 -1000.000000	-1000.000000	 -1000.000000	-1000.000000	 -1000.000000	-1000.000000	 -1000.000000	
-1000.000000	 -1000.000000	8.222612	 12.747419	-1000.000000	 -1000.000000	-1000.000000	 -1000.000000	-1000.000000	 -1000.000000	-1000.000000	 -1000.000000	-1000.000000	 -1000.000000	-1000.000000	 -1000.000000	6.880183	 10.482260	-1000.000000	 -1000.000000	-1000.000000	 -1000.000000	-1000.000000	 -1000.000000	-1000.000000	 -1000.000000	-1000.000000	 -1000.000000	-1000.000000	 -1000.000000	-1000.000000	 -1000.000000	-1000.000000	 -1000.000000	-1000.000000	 -1000.000000	-1000.000000	 -1000.000000	-1000.000000	 -1000.000000	
-1000.000000	 -1000.000000	8.217557	 12.707740	-1000.000000	 -1000.000000	-1000.000000	 -1000.000000	-1000.000000	 -1000.000000	-1000.000000	 -1000.000000	-1000.000000	 -1000.000000	-1000.000000	 -1000.000000	-1000.000000	 -1000.000000	-1000.000000	 -1000.000000	-1000.000000	 -1000.000000	-1000.000000	 -1000.000000	-1000.000000	 -1000.000000	-1000.000000	 -1000.000000	-1000.000000	 -1000.000000	-1000.000000	 -1000.000000	-1000.000000	 -1000.000000	-1000.000000	 -1000.000000	-1000.000000	 -1000.000000	-1000.000000	 -1000.000000	
-1000.000000	 -1000.000000	8.212502	 12.668061	-1000.000000	 -1000.000000	-1000.000000	 -1000.000000	-1000.000000	 -1000.000000	-1000.000000	 -1000.000000	-1000.000000	 -1000.000000	-1000.000000	 -1000.000000	-1000.000000	 -1000.000000	-1000.000000	 -1000.000000	-1000.000000	 -1000.000000	-1000.000000	 -1000.000000	-1000.000000	 -1000.000000	-1000.000000	 -1000.000000	-1000.000000	 -1000.000000	-1000.000000	 -1000.000000	-1000.000000	 -1000.000000	-1000.000000	 -1000.000000	-1000.000000	 -1000.000000	-1000.000000	 -1000.000000	
-1000.000000	 -1000.000000	8.207447	 12.628381	-1000.000000	 -1000.000000	-1000.000000	 -1000.000000	-1000.000000	 -1000.000000	-1000.000000	 -1000.000000	-1000.000000	 -1000.000000	-1000.000000	 -1000.000000	-1000.000000	 -1000.000000	-1000.000000	 -1000.000000	-1000.000000	 -1000.000000	-1000.000000	 -1000.000000	-1000.000000	 -1000.000000	-1000.000000	 -1000.000000	-1000.000000	 -1000.000000	-1000.000000	 -1000.000000	-1000.000000	 -1000.000000	-1000.000000	 -1000.000000	-1000.000000	 -1000.000000	-1000.000000	 -1000.000000	
-1000.000000	 -1000.000000	8.202392	 12.588702	-1000.000000	 -1000.000000	-1000.000000	 -1000.000000	-1000.000000	 -1000.000000	-1000.000000	 -1000.000000	-1000.000000	 -1000.000000	-1000.000000	 -1000.000000	-1000.000000	 -1000.000000	-1000.000000	 -1000.000000	-1000.000000	 -1000.000000	-1000.000000	 -1000.000000	-1000.000000	 -1000.000000	-1000.000000	 -1000.000000	-1000.000000	 -1000.000000	-1000.000000	 -1000.000000	-1000.000000	 -1000.000000	-1000.000000	 -1000.000000	-1000.000000	 -1000.000000	-1000.000000	 -1000.000000	
-1000.000000	 -1000.000000	8.197337	 12.549023	-1000.000000	 -1000.000000	-1000.000000	 -1000.000000	-1000.000000	 -1000.000000	-1000.000000	 -1000.000000	-1000.000000	 -1000.000000	-1000.000000	 -1000.000000	-1000.000000	 -1000.000000	-1000.000000	 -1000.000000	-1000.000000	 -1000.000000	-1000.000000	 -1000.000000	-1000.000000	 -1000.000000	-1000.000000	 -1000.000000	-1000.000000	 -1000.000000	-1000.000000	 -1000.000000	-1000.000000	 -1000.000000	-1000.000000	 -1000.000000	-1000.000000	 -1000.000000	-1000.000000	 -1000.000000	
-1000.000000	 -1000.000000	8.192282	 12.509344	-1000.000000	 -1000.000000	-1000.000000	 -1000.000000	-1000.000000	 -1000.000000	-1000.000000	 -1000.000000	-1000.000000	 -1000.000000	-1000.000000	 -1000.000000	-1000.000000	 -1000.000000	-1000.000000	 -1000.000000	-1000.000000	 -1000.000000	-1000.000000	 -1000.000000	-1000.000000	 -1000.000000	-1000.000000	 -1000.000000	-1000.000000	 -1000.000000	-1000.000000	 -1000.000000	-1000.000000	 -1000.000000	-1000.000000	 -1000.000000	-1000.000000	 -1000.000000	-1000.000000	 -1000.000000	
-1000.000000	 -1000.000000	8.187227	 12.469664	-1000.000000	 -1000.000000	-1000.000000	 -1000.000000	-1000.000000	 -1000.000000	-1000.000000	 -1000.000000	-1000.000000	 -1000.000000	-1000.000000	 -1000.000000	-1000.000000	 -1000.000000	-1000.000000	 -1000.000000	-1000.000000	 -1000.000000	-1000.000000	 -1000.000000	-1000.000000	 -1000.000000	-1000.000000	 -1000.000000	-1000.000000	 -1000.000000	-1000.000000	 -1000.000000	-1000.000000	 -1000.000000	-1000.000000	 -1000.000000	-1000.000000	 -1000.000000	-1000.000000	 -1000.000000	
-1000.000000	 -1000.000000	8.183539	 12.429836	-1000.000000	 -1000.000000	-1000.000000	 -1000.000000	-1000.000000	 -1000.000000	-1000.000000	 -1000.000000	-1000.000000	 -1000.000000	-1000.000000	 -1000.000000	-1000.000000	 -1000.000000	-1000.000000	 -1000.000000	-1000.000000	 -1000.000000	-1000.000000	 -1000.000000	-1000.000000	 -1000.000000	-1000.000000	 -1000.000000	-1000.000000	 -1000.000000	-1000.000000	 -1000.000000	-1000.000000	 -1000.000000	-1000.000000	 -1000.000000	-1000.000000	 -1000.000000	-1000.000000	 -1000.000000	
-1000.000000	 -1000.000000	8.180438	 12.389957	-1000.000000	 -1000.000000	-1000.000000	 -1000.000000	-1000.000000	 -1000.000000	-1000.000000	 -1000.000000	-1000.000000	 -1000.000000	-1000.000000	 -1000.000000	-1000.000000	 -1000.000000	-1000.000000	 -1000.000000	-1000.000000	 -1000.000000	-1000.000000	 -1000.000000	-1000.000000	 -1000.000000	-1000.000000	 -1000.000000	-1000.000000	 -1000.000000	-1000.000000	 -1000.000000	-1000.000000	 -1000.000000	-1000.000000	 -1000.000000	-1000.000000	 -1000.000000	-1000.000000	 -1000.000000	
-1000.000000	 -1000.000000	8.177415	 12.350071	-1000.000000	 -1000.000000	-1000.000000	 -1000.000000	-1000.000000	 -1000.000000	-1000.000000	 -1000.000000	-1000.000000	 -1000.000000	-1000.000000	 -1000.000000	-1000.000000	 -1000.000000	-1000.000000	 -1000.000000	-1000.000000	 -1000.000000	-1000.000000	 -1000.000000	-1000.000000	 -1000.000000	-1000.000000	 -1000.000000	-1000.000000	 -1000.000000	-1000.000000	 -1000.000000	-1000.000000	 -1000.000000	-1000.000000	 -1000.000000	-1000.000000	 -1000.000000	-1000.000000	 -1000.000000	
-1000.000000	 -1000.000000	8.174402	 12.310185	-1000.000000	 -1000.000000	-1000.000000	 -1000.000000	-1000.000000	 -1000.000000	-1000.000000	 -1000.000000	-1000.000000	 -1000.000000	-1000.000000	 -1000.000000	-1000.000000	 -1000.000000	-1000.000000	 -1000.000000	-1000.000000	 -1000.000000	-1000.000000	 -1000.000000	-1000.000000	 -1000.000000	-1000.000000	 -1000.000000	-1000.000000	 -1000.000000	-1000.000000	 -1000.000000	-1000.000000	 -1000.000000	-1000.000000	 -1000.000000	-1000.000000	 -1000.000000	-1000.000000	 -1000.000000	
-1000.000000	 -1000.000000	8.171391	 12.270298	-1000.000000	 -1000.000000	-1000.000000	 -1000.000000	-1000.000000	 -1000.000000	-1000.000000	 -1000.000000	-1000.000000	 -1000.000000	-1000.000000	 -1000.000000	-1000.000000	 -1000.000000	-1000.000000	 -1000.000000	-1000.000000	 -1000.000000	-1000.000000	 -1000.000000	-1000.000000	 -1000.000000	-1000.000000	 -1000.000000	-1000.000000	 -1000.000000	-1000.000000	 -1000.000000	-1000.000000	 -1000.000000	-1000.000000	 -1000.000000	-1000.000000	 -1000.000000	-1000.000000	 -1000.000000	
-1000.000000	 -1000.000000	8.168380	 12.230412	-1000.000000	 -1000.000000	-1000.000000	 -1000.000000	-1000.000000	 -1000.000000	-1000.000000	 -1000.000000	-1000.000000	 -1000.000000	-1000.000000	 -1000.000000	-1000.000000	 -1000.000000	-1000.000000	 -1000.000000	-1000.000000	 -1000.000000	-1000.000000	 -1000.000000	-1000.000000	 -1000.000000	-1000.000000	 -1000.000000	-1000.000000	 -1000.000000	-1000.000000	 -1000.000000	-1000.000000	 -1000.000000	-1000.000000	 -1000.000000	-1000.000000	 -1000.000000	-1000.000000	 -1000.000000	
-1000.000000	 -1000.000000	8.165369	 12.190525	-1000.000000	 -1000.000000	-1000.000000	 -1000.000000	-1000.000000	 -1000.000000	-1000.000000	 -1000.000000	-1000.000000	 -1000.000000	-1000.000000	 -1000.000000	-1000.000000	 -1000.000000	-1000.000000	 -1000.000000	-1000.000000	 -1000.000000	-1000.000000	 -1000.000000	-1000.000000	 -1000.000000	-1000.000000	 -1000.000000	-1000.000000	 -1000.000000	-1000.000000	 -1000.000000	-1000.000000	 -1000.000000	-1000.000000	 -1000.000000	-1000.000000	 -1000.000000	-1000.000000	 -1000.000000	
-1000.000000	 -1000.000000	8.162357	 12.150639	-1000.000000	 -1000.000000	-1000.000000	 -1000.000000	-1000.000000	 -1000.000000	-1000.000000	 -1000.000000	-1000.000000	 -1000.000000	-1000.000000	 -1000.000000	-1000.000000	 -1000.000000	-1000.000000	 -1000.000000	-1000.000000	 -1000.000000	-1000.000000	 -1000.000000	-1000.000000	 -1000.000000	-1000.000000	 -1000.000000	-1000.000000	 -1000.000000	-1000.000000	 -1000.000000	-1000.000000	 -1000.000000	-1000.000000	 -1000.000000	-1000.000000	 -1000.000000	-1000.000000	 -1000.000000	
-1000.000000	 -1000.000000	8.159346	 12.110752	-1000.000000	 -1000.000000	-1000.000000	 -1000.000000	-1000.000000	 -1000.000000	-1000.000000	 -1000.000000	-1000.000000	 -1000.000000	-1000.000000	 -1000.000000	-1000.000000	 -1000.000000	-1000.000000	 -1000.000000	-1000.000000	 -1000.000000	-1000.000000	 -1000.000000	-1000.000000	 -1000.000000	-1000.000000	 -1000.000000	-1000.000000	 -1000.000000	-1000.000000	 -1000.000000	-1000.000000	 -1000.000000	-1000.000000	 -1000.000000	-1000.000000	 -1000.000000	-1000.000000	 -1000.000000	
-1000.000000	 -1000.000000	8.156335	 12.070866	-1000.000000	 -1000.000000	-1000.000000	 -1000.000000	-1000.000000	 -1000.000000	-1000.000000	 -1000.000000	-1000.000000	 -1000.000000	-1000.000000	 -1000.000000	-1000.000000	 -1000.000000	-1000.000000	 -1000.000000	-1000.000000	 -1000.000000	-1000.000000	 -1000.000000	-1000.000000	 -1000.000000	-1000.000000	 -1000.000000	-1000.000000	 -1000.000000	-1000.000000	 -1000.000000	-1000.000000	 -1000.000000	-1000.000000	 -1000.000000	-1000.000000	 -1000.000000	-1000.000000	 -1000.000000	
-1000.000000	 -1000.000000	8.153324	 12.030979	-1000.000000	 -1000.000000	-1000.000000	 -1000.000000	-1000.000000	 -1000.000000	-1000.000000	 -1000.000000	-1000.000000	 -1000.000000	-1000.000000	 -1000.000000	-1000.000000	 -1000.000000	-1000.000000	 -1000.000000	-1000.000000	 -1000.000000	-1000.000000	 -1000.000000	-1000.000000	 -1000.000000	-1000.000000	 -1000.000000	-1000.000000	 -1000.000000	-1000.000000	 -1000.000000	-1000.000000	 -1000.000000	-1000.000000	 -1000.000000	-1000.000000	 -1000.000000	-1000.000000	 -1000.000000	
-1000.000000	 -1000.000000	8.150313	 11.991093	-1000.000000	 -1000.000000	-1000.000000	 -1000.000000	-1000.000000	 -1000.000000	-1000.000000	 -1000.000000	-1000.000000	 -1000.000000	-1000.000000	 -1000.000000	-1000.000000	 -1000.000000	-1000.000000	 -1000.000000	-1000.000000	 -1000.000000	-1000.000000	 -1000.000000	-1000.000000	 -1000.000000	-1000.000000	 -1000.000000	-1000.000000	 -1000.000000	-1000.000000	 -1000.000000	-1000.000000	 -1000.000000	-1000.000000	 -1000.000000	-1000.000000	 -1000.000000	-1000.000000	 -1000.000000	
-1000.000000	 -1000.000000	8.147302	 11.951206	-1000.000000	 -1000.000000	-1000.000000	 -1000.000000	-1000.000000	 -1000.000000	-1000.000000	 -1000.000000	-1000.000000	 -1000.000000	-1000.000000	 -1000.000000	-1000.000000	 -1000.000000	-1000.000000	 -1000.000000	-1000.000000	 -1000.000000	-1000.000000	 -1000.000000	-1000.000000	 -1000.000000	-1000.000000	 -1000.000000	-1000.000000	 -1000.000000	-1000.000000	 -1000.000000	-1000.000000	 -1000.000000	-1000.000000	 -1000.000000	-1000.000000	 -1000.000000	-1000.000000	 -1000.000000	
-1000.000000	 -1000.000000	8.144291	 11.911320	-1000.000000	 -1000.000000	-1000.000000	 -1000.000000	-1000.000000	 -1000.000000	-1000.000000	 -1000.000000	-1000.000000	 -1000.000000	-1000.000000	 -1000.000000	-1000.000000	 -1000.000000	-1000.000000	 -1000.000000	-1000.000000	 -1000.000000	-1000.000000	 -1000.000000	-1000.000000	 -1000.000000	-1000.000000	 -1000.000000	-1000.000000	 -1000.000000	-1000.000000	 -1000.000000	-1000.000000	 -1000.000000	-1000.000000	 -1000.000000	-1000.000000	 -1000.000000	-1000.000000	 -1000.000000	
-1000.000000	 -1000.000000	8.141279	 11.871433	-1000.000000	 -1000.000000	-1000.000000	 -1000.000000	-1000.000000	 -1000.000000	-1000.000000	 -1000.000000	-1000.000000	 -1000.000000	-1000.000000	 -1000.000000	-1000.000000	 -1000.000000	-1000.000000	 -1000.000000	-1000.000000	 -1000.000000	-1000.000000	 -1000.000000	-1000.000000	 -1000.000000	-1000.000000	 -1000.000000	-1000.000000	 -1000.000000	-1000.000000	 -1000.000000	-1000.000000	 -1000.000000	-1000.000000	 -1000.000000	-1000.000000	 -1000.000000	-1000.000000	 -1000.000000	
-1000.000000	 -1000.000000	8.138268	 11.831547	-1000.000000	 -1000.000000	-1000.000000	 -1000.000000	-1000.000000	 -1000.000000	-1000.000000	 -1000.000000	-1000.000000	 -1000.000000	-1000.000000	 -1000.000000	-1000.000000	 -1000.000000	-1000.000000	 -1000.000000	-1000.000000	 -1000.000000	-1000.000000	 -1000.000000	-1000.000000	 -1000.000000	-1000.000000	 -1000.000000	-1000.000000	 -1000.000000	-1000.000000	 -1000.000000	-1000.000000	 -1000.000000	-1000.000000	 -1000.000000	-1000.000000	 -1000.000000	-1000.000000	 -1000.000000	
-1000.000000	 -1000.000000	8.135257	 11.791660	-1000.000000	 -1000.000000	-1000.000000	 -1000.000000	-1000.000000	 -1000.000000	-1000.000000	 -1000.000000	-1000.000000	 -1000.000000	-1000.000000	 -1000.000000	-1000.000000	 -1000.000000	-1000.000000	 -1000.000000	-1000.000000	 -1000.000000	-1000.000000	 -1000.000000	-1000.000000	 -1000.000000	-1000.000000	 -1000.000000	-1000.000000	 -1000.000000	-1000.000000	 -1000.000000	-1000.000000	 -1000.000000	-1000.000000	 -1000.000000	-1000.000000	 -1000.000000	-1000.000000	 -1000.000000	
-1000.000000	 -1000.000000	8.132246	 11.751774	-1000.000000	 -1000.000000	-1000.000000	 -1000.000000	-1000.000000	 -1000.000000	-1000.000000	 -1000.000000	-1000.000000	 -1000.000000	-1000.000000	 -1000.000000	-1000.000000	 -1000.000000	-1000.000000	 -1000.000000	-1000.000000	 -1000.000000	-1000.000000	 -1000.000000	-1000.000000	 -1000.000000	-1000.000000	 -1000.000000	-1000.000000	 -1000.000000	-1000.000000	 -1000.000000	-1000.000000	 -1000.000000	-1000.000000	 -1000.000000	-1000.000000	 -1000.000000	-1000.000000	 -1000.000000	
-1000.000000	 -1000.000000	8.129235	 11.711887	-1000.000000	 -1000.000000	-1000.000000	 -1000.000000	-1000.000000	 -1000.000000	-1000.000000	 -1000.000000	-1000.000000	 -1000.000000	-1000.000000	 -1000.000000	-1000.000000	 -1000.000000	-1000.000000	 -1000.000000	-1000.000000	 -1000.000000	-1000.000000	 -1000.000000	-1000.000000	 -1000.000000	-1000.000000	 -1000.000000	-1000.000000	 -1000.000000	-1000.000000	 -1000.000000	-1000.000000	 -1000.000000	-1000.000000	 -1000.000000	-1000.000000	 -1000.000000	-1000.000000	 -1000.000000	
-1000.000000	 -1000.000000	8.126224	 11.672001	-1000.000000	 -1000.000000	-1000.000000	 -1000.000000	-1000.000000	 -1000.000000	-1000.000000	 -1000.000000	-1000.000000	 -1000.000000	-1000.000000	 -1000.000000	-1000.000000	 -1000.000000	-1000.000000	 -1000.000000	-1000.000000	 -1000.000000	-1000.000000	 -1000.000000	-1000.000000	 -1000.000000	-1000.000000	 -1000.000000	-1000.000000	 -1000.000000	-1000.000000	 -1000.000000	-1000.000000	 -1000.000000	-1000.000000	 -1000.000000	-1000.000000	 -1000.000000	-1000.000000	 -1000.000000	
-1000.000000	 -1000.000000	8.123213	 11.632114	-1000.000000	 -1000.000000	-1000.000000	 -1000.000000	-1000.000000	 -1000.000000	-1000.000000	 -1000.000000	-1000.000000	 -1000.000000	-1000.000000	 -1000.000000	-1000.000000	 -1000.000000	-1000.000000	 -1000.000000	-1000.000000	 -1000.000000	-1000.000000	 -1000.000000	-1000.000000	 -1000.000000	-1000.000000	 -1000.000000	-1000.000000	 -1000.000000	-1000.000000	 -1000.000000	-1000.000000	 -1000.000000	-1000.000000	 -1000.000000	-1000.000000	 -1000.000000	-1000.000000	 -1000.000000	
-1000.000000	 -1000.000000	8.120201	 11.592228	-1000.000000	 -1000.000000	-1000.000000	 -1000.000000	-1000.000000	 -1000.000000	-1000.000000	 -1000.000000	-1000.000000	 -1000.000000	-1000.000000	 -1000.000000	-1000.000000	 -1000.000000	-1000.000000	 -1000.000000	-1000.000000	 -1000.000000	-1000.000000	 -1000.000000	-1000.000000	 -1000.000000	-1000.000000	 -1000.000000	-1000.000000	 -1000.000000	-1000.000000	 -1000.000000	-1000.000000	 -1000.000000	-1000.000000	 -1000.000000	-1000.000000	 -1000.000000	-1000.000000	 -1000.000000	
-1000.000000	 -1000.000000	8.117190	 11.552341	-1000.000000	 -1000.000000	-1000.000000	 -1000.000000	-1000.000000	 -1000.000000	-1000.000000	 -1000.000000	-1000.000000	 -1000.000000	-1000.000000	 -1000.000000	-1000.000000	 -1000.000000	-1000.000000	 -1000.000000	-1000.000000	 -1000.000000	-1000.000000	 -1000.000000	-1000.000000	 -1000.000000	-1000.000000	 -1000.000000	-1000.000000	 -1000.000000	-1000.000000	 -1000.000000	-1000.000000	 -1000.000000	-1000.000000	 -1000.000000	-1000.000000	 -1000.000000	-1000.000000	 -1000.000000	
-1000.000000	 -1000.000000	8.114179	 11.512455	-1000.000000	 -1000.000000	-1000.000000	 -1000.000000	-1000.000000	 -1000.000000	-1000.000000	 -1000.000000	-1000.000000	 -1000.000000	-1000.000000	 -1000.000000	-1000.000000	 -1000.000000	-1000.000000	 -1000.000000	-1000.000000	 -1000.000000	-1000.000000	 -1000.000000	-1000.000000	 -1000.000000	-1000.000000	 -1000.000000	-1000.000000	 -1000.000000	-1000.000000	 -1000.000000	-1000.000000	 -1000.000000	-1000.000000	 -1000.000000	-1000.000000	 -1000.000000	-1000.000000	 -1000.000000	
-1000.000000	 -1000.000000	8.109809	 11.472765	-1000.000000	 -1000.000000	-1000.000000	 -1000.000000	-1000.000000	 -1000.000000	-1000.000000	 -1000.000000	-1000.000000	 -1000.000000	-1000.000000	 -1000.000000	-1000.000000	 -1000.000000	-1000.000000	 -1000.000000	-1000.000000	 -1000.000000	-1000.000000	 -1000.000000	-1000.000000	 -1000.000000	-1000.000000	 -1000.000000	-1000.000000	 -1000.000000	-1000.000000	 -1000.000000	-1000.000000	 -1000.000000	-1000.000000	 -1000.000000	-1000.000000	 -1000.000000	-1000.000000	 -1000.000000	
-1000.000000	 -1000.000000	8.095968	 11.435266	-1000.000000	 -1000.000000	-1000.000000	 -1000.000000	-1000.000000	 -1000.000000	-1000.000000	 -1000.000000	-1000.000000	 -1000.000000	-1000.000000	 -1000.000000	-1000.000000	 -1000.000000	-1000.000000	 -1000.000000	-1000.000000	 -1000.000000	-1000.000000	 -1000.000000	-1000.000000	 -1000.000000	-1000.000000	 -1000.000000	-1000.000000	 -1000.000000	-1000.000000	 -1000.000000	-1000.000000	 -1000.000000	-1000.000000	 -1000.000000	-1000.000000	 -1000.000000	-1000.000000	 -1000.000000	
-1000.000000	 -1000.000000	8.079884	 11.398643	-1000.000000	 -1000.000000	-1000.000000	 -1000.000000	-1000.000000	 -1000.000000	-1000.000000	 -1000.000000	-1000.000000	 -1000.000000	-1000.000000	 -1000.000000	-1000.000000	 -1000.000000	-1000.000000	 -1000.000000	-1000.000000	 -1000.000000	-1000.000000	 -1000.000000	-1000.000000	 -1000.000000	-1000.000000	 -1000.000000	-1000.000000	 -1000.000000	-1000.000000	 -1000.000000	-1000.000000	 -1000.000000	-1000.000000	 -1000.000000	-1000.000000	 -1000.000000	-1000.000000	 -1000.000000	
-1000.000000	 -1000.000000	8.063507	 11.362149	-1000.000000	 -1000.000000	-1000.000000	 -1000.000000	-1000.000000	 -1000.000000	-1000.000000	 -1000.000000	-1000.000000	 -1000.000000	-1000.000000	 -1000.000000	-1000.000000	 -1000.000000	-1000.000000	 -1000.000000	-1000.000000	 -1000.000000	-1000.000000	 -1000.000000	-1000.000000	 -1000.000000	-1000.000000	 -1000.000000	-1000.000000	 -1000.000000	-1000.000000	 -1000.000000	-1000.000000	 -1000.000000	-1000.000000	 -1000.000000	-1000.000000	 -1000.000000	-1000.000000	 -1000.000000	
-1000.000000	 -1000.000000	8.047092	 11.325673	-1000.000000	 -1000.000000	-1000.000000	 -1000.000000	-1000.000000	 -1000.000000	-1000.000000	 -1000.000000	-1000.000000	 -1000.000000	-1000.000000	 -1000.000000	-1000.000000	 -1000.000000	-1000.000000	 -1000.000000	-1000.000000	 -1000.000000	-1000.000000	 -1000.000000	-1000.000000	 -1000.000000	-1000.000000	 -1000.000000	-1000.000000	 -1000.000000	-1000.000000	 -1000.000000	-1000.000000	 -1000.000000	-1000.000000	 -1000.000000	-1000.000000	 -1000.000000	-1000.000000	 -1000.000000	
-1000.000000	 -1000.000000	8.030671	 11.289199	-1000.000000	 -1000.000000	-1000.000000	 -1000.000000	-1000.000000	 -1000.000000	-1000.000000	 -1000.000000	-1000.000000	 -1000.000000	-1000.000000	 -1000.000000	-1000.000000	 -1000.000000	-1000.000000	 -1000.000000	-1000.000000	 -1000.000000	-1000.000000	 -1000.000000	-1000.000000	 -1000.000000	-1000.000000	 -1000.000000	-1000.000000	 -1000.000000	-1000.000000	 -1000.000000	-1000.000000	 -1000.000000	-1000.000000	 -1000.000000	-1000.000000	 -1000.000000	-1000.000000	 -1000.000000	
-1000.000000	 -1000.000000	8.014249	 11.252725	-1000.000000	 -1000.000000	-1000.000000	 -1000.000000	-1000.000000	 -1000.000000	-1000.000000	 -1000.000000	-1000.000000	 -1000.000000	-1000.000000	 -1000.000000	-1000.000000	 -1000.000000	-1000.000000	 -1000.000000	-1000.000000	 -1000.000000	-1000.000000	 -1000.000000	-1000.000000	 -1000.000000	-1000.000000	 -1000.000000	-1000.000000	 -1000.000000	-1000.000000	 -1000.000000	-1000.000000	 -1000.000000	-1000.000000	 -1000.000000	-1000.000000	 -1000.000000	-1000.000000	 -1000.000000	
-1000.000000	 -1000.000000	7.997828	 11.216251	-1000.000000	 -1000.000000	-1000.000000	 -1000.000000	-1000.000000	 -1000.000000	-1000.000000	 -1000.000000	-1000.000000	 -1000.000000	-1000.000000	 -1000.000000	-1000.000000	 -1000.000000	-1000.000000	 -1000.000000	-1000.000000	 -1000.000000	-1000.000000	 -1000.000000	-1000.000000	 -1000.000000	-1000.000000	 -1000.000000	-1000.000000	 -1000.000000	-1000.000000	 -1000.000000	-1000.000000	 -1000.000000	-1000.000000	 -1000.000000	-1000.000000	 -1000.000000	-1000.000000	 -1000.000000	
-1000.000000	 -1000.000000	7.981406	 11.179778	-1000.000000	 -1000.000000	-1000.000000	 -1000.000000	-1000.000000	 -1000.000000	-1000.000000	 -1000.000000	-1000.000000	 -1000.000000	-1000.000000	 -1000.000000	-1000.000000	 -1000.000000	-1000.000000	 -1000.000000	-1000.000000	 -1000.000000	-1000.000000	 -1000.000000	-1000.000000	 -1000.000000	-1000.000000	 -1000.000000	-1000.000000	 -1000.000000	-1000.000000	 -1000.000000	-1000.000000	 -1000.000000	-1000.000000	 -1000.000000	-1000.000000	 -1000.000000	-1000.000000	 -1000.000000	
-1000.000000	 -1000.000000	7.964985	 11.143304	-1000.000000	 -1000.000000	-1000.000000	 -1000.000000	-1000.000000	 -1000.000000	-1000.000000	 -1000.000000	-1000.000000	 -1000.000000	-1000.000000	 -1000.000000	-1000.000000	 -1000.000000	-1000.000000	 -1000.000000	-1000.000000	 -1000.000000	-1000.000000	 -1000.000000	-1000.000000	 -1000.000000	-1000.000000	 -1000.000000	-1000.000000	 -1000.000000	-1000.000000	 -1000.000000	-1000.000000	 -1000.000000	-1000.000000	 -1000.000000	-1000.000000	 -1000.000000	-1000.000000	 -1000.000000	
-1000.000000	 -1000.000000	7.948563	 11.106830	-1000.000000	 -1000.000000	-1000.000000	 -1000.000000	-1000.000000	 -1000.000000	-1000.000000	 -1000.000000	-1000.000000	 -1000.000000	-1000.000000	 -1000.000000	-1000.000000	 -1000.000000	-1000.000000	 -1000.000000	-1000.000000	 -1000.000000	-1000.000000	 -1000.000000	-1000.000000	 -1000.000000	-1000.000000	 -1000.000000	-1000.000000	 -1000.000000	-1000.000000	 -1000.000000	-1000.000000	 -1000.000000	-1000.000000	 -1000.000000	-1000.000000	 -1000.000000	-1000.000000	 -1000.000000	
-1000.000000	 -1000.000000	7.932141	 11.070356	-1000.000000	 -1000.000000	-1000.000000	 -1000.000000	-1000.000000	 -1000.000000	-1000.000000	 -1000.000000	-1000.000000	 -1000.000000	-1000.000000	 -1000.000000	-1000.000000	 -1000.000000	-1000.000000	 -1000.000000	-1000.000000	 -1000.000000	-1000.000000	 -1000.000000	-1000.000000	 -1000.000000	-1000.000000	 -1000.000000	-1000.000000	 -1000.000000	-1000.000000	 -1000.000000	-1000.000000	 -1000.000000	-1000.000000	 -1000.000000	-1000.000000	 -1000.000000	-1000.000000	 -1000.000000	
-1000.000000	 -1000.000000	7.915720	 11.033883	-1000.000000	 -1000.000000	-1000.000000	 -1000.000000	-1000.000000	 -1000.000000	-1000.000000	 -1000.000000	-1000.000000	 -1000.000000	-1000.000000	 -1000.000000	-1000.000000	 -1000.000000	-1000.000000	 -1000.000000	-1000.000000	 -1000.000000	-1000.000000	 -1000.000000	-1000.000000	 -1000.000000	-1000.000000	 -1000.000000	-1000.000000	 -1000.000000	-1000.000000	 -1000.000000	-1000.000000	 -1000.000000	-1000.000000	 -1000.000000	-1000.000000	 -1000.000000	-1000.000000	 -1000.000000	
-1000.000000	 -1000.000000	7.899298	 10.997409	-1000.000000	 -1000.000000	-1000.000000	 -1000.000000	-1000.000000	 -1000.000000	-1000.000000	 -1000.000000	-1000.000000	 -1000.000000	-1000.000000	 -1000.000000	-1000.000000	 -1000.000000	-1000.000000	 -1000.000000	-1000.000000	 -1000.000000	-1000.000000	 -1000.000000	-1000.000000	 -1000.000000	-1000.000000	 -1000.000000	-1000.000000	 -1000.000000	-1000.000000	 -1000.000000	-1000.000000	 -1000.000000	-1000.000000	 -1000.000000	-1000.000000	 -1000.000000	-1000.000000	 -1000.000000	
-1000.000000	 -1000.000000	7.882876	 10.960935	-1000.000000	 -1000.000000	-1000.000000	 -1000.000000	-1000.000000	 -1000.000000	-1000.000000	 -1000.000000	-1000.000000	 -1000.000000	-1000.000000	 -1000.000000	-1000.000000	 -1000.000000	-1000.000000	 -1000.000000	-1000.000000	 -1000.000000	-1000.000000	 -1000.000000	-1000.000000	 -1000.000000	-1000.000000	 -1000.000000	-1000.000000	 -1000.000000	-1000.000000	 -1000.000000	-1000.000000	 -1000.000000	-1000.000000	 -1000.000000	-1000.000000	 -1000.000000	-1000.000000	 -1000.000000	
-1000.000000	 -1000.000000	7.866455	 10.924462	-1000.000000	 -1000.000000	-1000.000000	 -1000.000000	-1000.000000	 -1000.000000	-1000.000000	 -1000.000000	-1000.000000	 -1000.000000	-1000.000000	 -1000.000000	-1000.000000	 -1000.000000	-1000.000000	 -1000.000000	-1000.000000	 -1000.000000	-1000.000000	 -1000.000000	-1000.000000	 -1000.000000	-1000.000000	 -1000.000000	-1000.000000	 -1000.000000	-1000.000000	 -1000.000000	-1000.000000	 -1000.000000	-1000.000000	 -1000.000000	-1000.000000	 -1000.000000	-1000.000000	 -1000.000000	
-1000.000000	 -1000.000000	7.850033	 10.887988	-1000.000000	 -1000.000000	-1000.000000	 -1000.000000	-1000.000000	 -1000.000000	-1000.000000	 -1000.000000	-1000.000000	 -1000.000000	-1000.000000	 -1000.000000	-1000.000000	 -1000.000000	-1000.000000	 -1000.000000	-1000.000000	 -1000.000000	-1000.000000	 -1000.000000	-1000.000000	 -1000.000000	-1000.000000	 -1000.000000	-1000.000000	 -1000.000000	-1000.000000	 -1000.000000	-1000.000000	 -1000.000000	-1000.000000	 -1000.000000	-1000.000000	 -1000.000000	-1000.000000	 -1000.000000	
-1000.000000	 -1000.000000	7.833612	 10.851514	-1000.000000	 -1000.000000	-1000.000000	 -1000.000000	-1000.000000	 -1000.000000	-1000.000000	 -1000.000000	-1000.000000	 -1000.000000	-1000.000000	 -1000.000000	-1000.000000	 -1000.000000	-1000.000000	 -1000.000000	-1000.000000	 -1000.000000	-1000.000000	 -1000.000000	-1000.000000	 -1000.000000	-1000.000000	 -1000.000000	-1000.000000	 -1000.000000	-1000.000000	 -1000.000000	-1000.000000	 -1000.000000	-1000.000000	 -1000.000000	-1000.000000	 -1000.000000	-1000.000000	 -1000.000000	
-1000.000000	 -1000.000000	7.817190	 10.815041	-1000.000000	 -1000.000000	-1000.000000	 -1000.000000	-1000.000000	 -1000.000000	-1000.000000	 -1000.000000	-1000.000000	 -1000.000000	-1000.000000	 -1000.000000	-1000.000000	 -1000.000000	-1000.000000	 -1000.000000	-1000.000000	 -1000.000000	-1000.000000	 -1000.000000	-1000.000000	 -1000.000000	-1000.000000	 -1000.000000	-1000.000000	 -1000.000000	-1000.000000	 -1000.000000	-1000.000000	 -1000.000000	-1000.000000	 -1000.000000	-1000.000000	 -1000.000000	-1000.000000	 -1000.000000	
-1000.000000	 -1000.000000	7.800768	 10.778567	-1000.000000	 -1000.000000	-1000.000000	 -1000.000000	-1000.000000	 -1000.000000	-1000.000000	 -1000.000000	-1000.000000	 -1000.000000	-1000.000000	 -1000.000000	-1000.000000	 -1000.000000	-1000.000000	 -1000.000000	-1000.000000	 -1000.000000	-1000.000000	 -1000.000000	-1000.000000	 -1000.000000	-1000.000000	 -1000.000000	-1000.000000	 -1000.000000	-1000.000000	 -1000.000000	-1000.000000	 -1000.000000	-1000.000000	 -1000.000000	-1000.000000	 -1000.000000	-1000.000000	 -1000.000000	
-1000.000000	 -1000.000000	7.784347	 10.742093	-1000.000000	 -1000.000000	-1000.000000	 -1000.000000	-1000.000000	 -1000.000000	-1000.000000	 -1000.000000	-1000.000000	 -1000.000000	-1000.000000	 -1000.000000	-1000.000000	 -1000.000000	-1000.000000	 -1000.000000	-1000.000000	 -1000.000000	-1000.000000	 -1000.000000	-1000.000000	 -1000.000000	-1000.000000	 -1000.000000	-1000.000000	 -1000.000000	-1000.000000	 -1000.000000	-1000.000000	 -1000.000000	-1000.000000	 -1000.000000	-1000.000000	 -1000.000000	-1000.000000	 -1000.000000	
-1000.000000	 -1000.000000	7.767925	 10.705620	-1000.000000	 -1000.000000	-1000.000000	 -1000.000000	-1000.000000	 -1000.000000	-1000.000000	 -1000.000000	-1000.000000	 -1000.000000	-1000.000000	 -1000.000000	-1000.000000	 -1000.000000	-1000.000000	 -1000.000000	-1000.000000	 -1000.000000	-1000.000000	 -1000.000000	-1000.000000	 -1000.000000	-1000.000000	 -1000.000000	-1000.000000	 -1000.000000	-1000.000000	 -1000.000000	-1000.000000	 -1000.000000	-1000.000000	 -1000.000000	-1000.000000	 -1000.000000	-1000.000000	 -1000.000000	
-1000.000000	 -1000.000000	7.751503	 10.669146	-1000.000000	 -1000.000000	-1000.000000	 -1000.000000	-1000.000000	 -1000.000000	-1000.000000	 -1000.000000	-1000.000000	 -1000.000000	-1000.000000	 -1000.000000	-1000.000000	 -1000.000000	-1000.000000	 -1000.000000	-1000.000000	 -1000.000000	-1000.000000	 -1000.000000	-1000.000000	 -1000.000000	-1000.000000	 -1000.000000	-1000.000000	 -1000.000000	-1000.000000	 -1000.000000	-1000.000000	 -1000.000000	-1000.000000	 -1000.000000	-1000.000000	 -1000.000000	-1000.000000	 -1000.000000	
-1000.000000	 -1000.000000	7.735082	 10.632672	-1000.000000	 -1000.000000	-1000.000000	 -1000.000000	-1000.000000	 -1000.000000	-1000.000000	 -1000.000000	-1000.000000	 -1000.000000	-1000.000000	 -1000.000000	-1000.000000	 -1000.000000	-1000.000000	 -1000.000000	-1000.000000	 -1000.000000	-1000.000000	 -1000.000000	-1000.000000	 -1000.000000	-1000.000000	 -1000.000000	-1000.000000	 -1000.000000	-1000.000000	 -1000.000000	-1000.000000	 -1000.000000	-1000.000000	 -1000.000000	-1000.000000	 -1000.000000	-1000.000000	 -1000.000000	
-1000.000000	 -1000.000000	7.718660	 10.596198	-1000.000000	 -1000.000000	-1000.000000	 -1000.000000	-1000.000000	 -1000.000000	-1000.000000	 -1000.000000	-1000.000000	 -1000.000000	-1000.000000	 -1000.000000	-1000.000000	 -1000.000000	-1000.000000	 -1000.000000	-1000.000000	 -1000.000000	-1000.000000	 -1000.000000	-1000.000000	 -1000.000000	-1000.000000	 -1000.000000	-1000.000000	 -1000.000000	-1000.000000	 -1000.000000	-1000.000000	 -1000.000000	-1000.000000	 -1000.000000	-1000.000000	 -1000.000000	-1000.000000	 -1000.000000	
-1000.000000	 -1000.000000	7.702238	 10.559725	-1000.000000	 -1000.000000	-1000.000000	 -1000.000000	-1000.000000	 -1000.000000	-1000.000000	 -1000.000000	-1000.000000	 -1000.000000	-1000.000000	 -1000.000000	-1000.000000	 -1000.000000	-1000.000000	 -1000.000000	-1000.000000	 -1000.000000	-1000.000000	 -1000.000000	-1000.000000	 -1000.000000	-1000.000000	 -1000.000000	-1000.000000	 -1000.000000	-1000.000000	 -1000.000000	-1000.000000	 -1000.000000	-1000.000000	 -1000.000000	-1000.000000	 -1000.000000	-1000.000000	 -1000.000000	
-1000.000000	 -1000.000000	7.685817	 10.523251	-1000.000000	 -1000.000000	-1000.000000	 -1000.000000	-1000.000000	 -1000.000000	-1000.000000	 -1000.000000	-1000.000000	 -1000.000000	-1000.000000	 -1000.000000	-1000.000000	 -1000.000000	-1000.000000	 -1000.000000	-1000.000000	 -1000.000000	-1000.000000	 -1000.000000	-1000.000000	 -1000.000000	-1000.000000	 -1000.000000	-1000.000000	 -1000.000000	-1000.000000	 -1000.000000	-1000.000000	 -1000.000000	-1000.000000	 -1000.000000	-1000.000000	 -1000.000000	-1000.000000	 -1000.000000	
-1000.000000	 -1000.000000	7.669395	 10.486777	-1000.000000	 -1000.000000	-1000.000000	 -1000.000000	-1000.000000	 -1000.000000	-1000.000000	 -1000.000000	-1000.000000	 -1000.000000	-1000.000000	 -1000.000000	-1000.000000	 -1000.000000	-1000.000000	 -1000.000000	-1000.000000	 -1000.000000	-1000.000000	 -1000.000000	-1000.000000	 -1000.000000	-1000.000000	 -1000.000000	-1000.000000	 -1000.000000	-1000.000000	 -1000.000000	-1000.000000	 -1000.000000	-1000.000000	 -1000.000000	-1000.000000	 -1000.000000	-1000.000000	 -1000.000000	
-1000.000000	 -1000.000000	7.652974	 10.450304	-1000.000000	 -1000.000000	-1000.000000	 -1000.000000	-1000.000000	 -1000.000000	-1000.000000	 -1000.000000	-1000.000000	 -1000.000000	-1000.000000	 -1000.000000	-1000.000000	 -1000.000000	-1000.000000	 -1000.000000	-1000.000000	 -1000.000000	-1000.000000	 -1000.000000	-1000.000000	 -1000.000000	-1000.000000	 -1000.000000	-1000.000000	 -1000.000000	-1000.000000	 -1000.000000	-1000.000000	 -1000.000000	-1000.000000	 -1000.000000	-1000.000000	 -1000.000000	-1000.000000	 -1000.000000	
-1000.000000	 -1000.000000	7.636552	 10.413830	-1000.000000	 -1000.000000	-1000.000000	 -1000.000000	-1000.000000	 -1000.000000	-1000.000000	 -1000.000000	-1000.000000	 -1000.000000	-1000.000000	 -1000.000000	-1000.000000	 -1000.000000	-1000.000000	 -1000.000000	-1000.000000	 -1000.000000	-1000.000000	 -1000.000000	-1000.000000	 -1000.000000	-1000.000000	 -1000.000000	-1000.000000	 -1000.000000	-1000.000000	 -1000.000000	-1000.000000	 -1000.000000	-1000.000000	 -1000.000000	-1000.000000	 -1000.000000	-1000.000000	 -1000.000000	
-1000.000000	 -1000.000000	7.620130	 10.377356	-1000.000000	 -1000.000000	-1000.000000	 -1000.000000	-1000.000000	 -1000.000000	-1000.000000	 -1000.000000	-1000.000000	 -1000.000000	-1000.000000	 -1000.000000	-1000.000000	 -1000.000000	-1000.000000	 -1000.000000	-1000.000000	 -1000.000000	-1000.000000	 -1000.000000	-1000.000000	 -1000.000000	-1000.000000	 -1000.000000	-1000.000000	 -1000.000000	-1000.000000	 -1000.000000	-1000.000000	 -1000.000000	-1000.000000	 -1000.000000	-1000.000000	 -1000.000000	-1000.000000	 -1000.000000	
-1000.000000	 -1000.000000	-1000.000000	 -1000.000000	-1000.000000	 -1000.000000	-1000.000000	 -1000.000000	-1000.000000	 -1000.000000	-1000.000000	 -1000.000000	-1000.000000	 -1000.000000	-1000.000000	 -1000.000000	-1000.000000	 -1000.000000	-1000.000000	 -1000.000000	-1000.000000	 -1000.000000	-1000.000000	 -1000.000000	-1000.000000	 -1000.000000	-1000.000000	 -1000.000000	-1000.000000	 -1000.000000	-1000.000000	 -1000.000000	-1000.000000	 -1000.000000	-1000.000000	 -1000.000000	-1000.000000	 -1000.000000	-1000.000000	 -1000.000000	
0.000000	 0.000000	0.000000	 0.000000	0.000000	 0.000000	0.000000	 0.000000	0.000000	 0.000000	0.000000	 0.000000	0.000000	 0.000000	0.000000	 0.000000	0.000000	 0.000000	0.000000	 0.000000	0.000000	 0.000000	0.000000	 0.000000	0.000000	 0.000000	0.000000	 0.000000	0.000000	 0.000000	0.000000	 0.000000	0.000000	 0.000000	0.000000	 0.000000	0.000000	 0.000000	0.000000	 0.000000	
